"X","site_no","Date","Flow","AGWR","delta_AGWR","Month","Season","GroupID","calc_AGWR","R_squared","proj_30","proj_60","proj_120","proj_240","proj_360","proj_540"
18,1632000,1928-07-20,26,0.866666666666667,1.01111111111111,7,"Summer",1,0.944664179699939,0.644520176285086,4.71299287773858,0.854319302523639,0.0280715950255568,3.03082479722641e-05,3.2723110115829e-08,1.16090100374012e-12
37,1632000,1928-09-19,15,0.882352941176471,0.986159169550173,9,"Fall",2,0.947539006357124,0.959730205152446,2.97854505493376,0.591448709618025,0.0233207717405885,3.62572263051087e-05,5.63697665738867e-08,3.45560206692397e-12
64,1632000,1930-01-31,30,0.967741935483871,0.998959417273673,1,"Winter",3,0.94009479658775,0.981262094256738,4.70187112216622,0.736919734982019,0.018101689860199,1.09223725264944e-05,6.59044666707197e-09,9.76813487231546e-14
80,1632000,1930-04-05,56,0.982456140350877,0.982456140350877,4,"Spring",4,0.961558422674047,0.876102636406162,17.276601595419,5.33001719083635,0.507305058118053,0.00459568610700288,4.16324072786683e-05,3.58965963675699e-08
95,1632000,1930-06-30,14,0.933333333333333,0.995555555555556,6,"Summer",5,0.87596365789813,0.968940870705012,0.263457574881883,0.00495784955447451,1.75573372891451e-06,2.20185780489146e-13,2.76134001022971e-20,1.22635388320648e-30
111,1632000,1931-03-28,83,0.965116279069767,0.987560843699297,3,"Spring",6,0.988621829752553,0.0355441638401445,58.8821919799324,41.7724401489351,21.0233344095948,5.32506734575484,1.3488032718484,0.171942750606833
128,1632000,1938-01-05,58,0.966666666666667,0.998888888888889,1,"Winter",7,0.983267257625563,0.911966006983228,34.9603137144499,21.0728195691854,7.65627111371453,1.01066357528792,0.133412316157937,0.00639852526582592
146,1632000,1938-05-10,35,0.972222222222222,1.02623456790123,5,"Spring",8,0.925561675987348,0.998805413711171,3.4373911858014,0.337590233263576,0.00325620473128445,3.02939121486836e-07,2.81837657336169e-11,2.5290913036772e-17
163,1632000,1938-12-30,30,0.857142857142857,0.979591836734694,12,"Winter",9,0.888182592876809,0.932846081624506,0.855438861106027,0.0243925215030126,1.9833170175831e-05,1.31118213074491e-11,8.66829944352419e-18,4.65950981446968e-27
193,1632000,1939-04-14,36,0.947368421052632,1.02216066481994,4,"Spring",10,0.931332180822566,0.942557619093234,4.26030595826578,0.504172412723192,0.00706082838197567,1.38486937332537e-06,2.71620138236239e-10,7.46090823553836e-16
212,1632000,1939-05-11,74,0.925,0.9828125,5,"Spring",11,0.955112358947235,0.92719800954887,18.6580246741304,4.70434979378996,0.299066310572049,0.00120865754215105,4.88471286319182e-06,1.25499703511261e-09
231,1632000,1939-06-16,19,0.863636363636364,0.981404958677686,6,"Summer",12,0.927346733323879,0.954283446554154,1.97705155611252,0.205722781869838,0.00222746647264552,2.6113720456631e-07,3.06144404174648e-11,3.8860885106234e-17
255,1632000,1941-02-15,58,0.983050847457627,0.999712726228095,2,"Winter",13,0.95203045555163,0.95990240962687,13.2725156319121,3.03723571033365,0.159048288967688,0.000436144107302574,1.19599955189335e-06,1.71744377665539e-10
277,1632000,1941-05-13,28,0.933333333333333,1.02666666666667,5,"Spring",14,0.939598857698121,0.995654867843052,4.31948962220604,0.666356807012346,0.0158582640804175,8.98159070158069e-06,5.0868727574246e-09,6.85641814976798e-14
291,1632000,1941-08-10,3.4,0.85,0.9775,8,"Summer",15,0.891804466401329,0.997576903457568,0.1095388581817,0.00352904748580902,3.66299298738087e-06,3.94632871341219e-12,4.25158070680254e-18,4.75429562455939e-27
318,1632000,1942-05-12,32,0.941176470588235,0.996539792387543,5,"Spring",16,0.938113064380917,0.923636308792987,4.70766446238114,0.692565771573947,0.0149889796236193,7.02092219241481e-06,3.28863936503506e-09,3.33387557521796e-14
338,1632000,1942-11-22,77,0.987179487179487,1.01249178172255,11,"Fall",17,0.963705441858808,0.975735978397394,25.3992016594573,8.37817460958155,0.911607919332946,0.0107925843972798,0.000127774096189993,1.64595843507434e-07
352,1632000,1942-12-20,82,0.987951807228916,1.01175787487299,12,"Winter",18,0.966141827579679,0.969002597987891,29.1769835565059,10.3816630421539,1.31437716488809,0.021068138189991,0.000337700972483305,6.85317056263902e-07
370,1632000,1943-04-18,87,0.988636363636364,0.999870867768595,4,"Spring",19,0.963058499878712,0.881866538213246,28.1254391299106,9.092417543107,0.950253526186206,0.0103791007359692,0.000113365253712604,1.29407760110382e-07
393,1632000,1945-04-02,89,0.978021978021978,1.01026446081391,4,"Spring",20,0.96512179446674,0.797547978117916,30.6798828485218,10.5759012539216,1.25673805991797,0.0177459612499595,0.000250584549580378,4.20471371651947e-07
413,1632000,1947-02-28,20,0.952380952380952,0.997732426303855,2,"Winter",21,0.951547018367198,0.983965047010794,4.50751912665711,1.01588643385898,0.0516012623249362,0.000133134513676344,3.43495448235792e-07,4.50159564363844e-11
428,1632000,1950-04-16,62,0.939393939393939,0.982093663911846,4,"Spring",22,0.925038804614483,0.982126994865326,5.98673771916875,0.578081105130932,0.00538996393724839,4.6857598781997e-07,4.07356076808094e-11,3.3019116935432e-17
444,1632000,1950-12-27,95,0.95,0.9975,12,"Winter",23,0.917049094754492,0.942463850385034,7.07133154983888,0.526355051449965,0.00291631200196732,8.95250072928277e-08,2.74824056046616e-12,4.67434017286269e-19
462,1632000,1952-07-29,8.9,0.89,0.979,7,"Summer",24,0.886157765229531,0.965001184437166,0.236985312503224,0.00631034138676972,4.47420319298638e-06,2.24926901259882e-12,1.13075130315225e-18,4.03046952811223e-28
477,1632000,1954-05-14,56,0.903225806451613,0.990634755463059,5,"Spring",25,0.96091104946148,0.677010645855264,16.9310404464795,5.1189309035772,0.467918814207102,0.00390978601230323,3.26689720478651e-05,2.49522199762081e-08
493,1632000,1955-01-18,72,0.923076923076923,0.982248520710059,1,"Winter",26,0.904723566877868,0.941071538931529,3.57116235291179,0.177127785428534,0.000435753505150233,2.63723773959325e-09,1.5960910957531e-14,2.3764039410108e-22
528,1632000,1956-05-20,28,0.933333333333333,0.995555555555556,5,"Spring",27,0.958601868193075,0.953448303339115,7.87600825358065,2.21541092894538,0.175287342288951,0.00109734472738299,6.86966574420565e-06,3.4027057395064e-09
557,1632000,1956-12-01,16,0.941176470588235,0.996539792387543,12,"Winter",28,0.9242042533411,0.921619801080706,1.50369193057009,0.141318088878851,0.00124817514027318,9.7371323799748e-08,7.59602910889597e-12,5.23383394031528e-18
573,1632000,1957-03-31,91,0.957894736842105,1.01839335180055,3,"Spring",29,0.958543918359518,0.914542150068374,25.5506454017919,7.17401626866057,0.565566037615456,0.00351499937257195,2.18457611798498e-05,1.07036050609438e-08
588,1632000,1957-07-16,5.3,0.815384615384615,0.978461538461538,7,"Summer",30,0.890989778592914,0.992048486067105,0.166133618800559,0.00520761873505084,5.11684771502878e-06,4.94002462996136e-12,4.76931202641579e-18,4.52424036342877e-27
606,1632000,1958-09-16,11,0.916666666666667,0.993055555555555,9,"Fall",31,0.905467546204731,0.983249542841355,0.559215696662187,0.0284292904903068,7.34749597983862e-05,4.90779065215861e-10,3.27817928060227e-15,5.65916959303836e-23
621,1632000,1959-11-11,29,0.935483870967742,1.02601456815817,11,"Fall",32,0.876173170880002,0.914497183909783,0.549663015346852,0.0104182562220757,3.74276078306269e-06,4.83043388939037e-13,6.23419259530595e-20,2.89048901691849e-30
637,1632000,1960-04-25,151,0.955696202531646,1.0222320141003,4,"Spring",33,0.919480486956995,0.9871955962179,12.1689319352138,0.980681486383227,0.00636911375983322,2.68646424408588e-07,1.13313883326539e-11,3.1041036273454e-18
655,1632000,1962-12-04,36,0.9,0.99,12,"Winter",34,0.961762335598798,0.20324174062375,11.1772627310199,3.47031117106243,0.33452943400002,0.00310860950589926,2.88867049593211e-05,2.58759175198579e-08
669,1632000,1963-02-05,42,0.933333333333333,0.974814814814815,2,"Winter",35,0.968945592732174,0.939975688542827,16.3016303244399,6.32721788654041,0.953183004375164,0.0216323295197539,0.000490942115316014,1.67849784914677e-06
699,1632000,1963-05-26,18,0.947368421052632,0.997229916897507,5,"Spring",36,0.960437342843351,0.941070112663475,5.36220769667561,1.59740396568262,0.141761079421031,0.00111645575770089,8.79277629652796e-06,6.14543718015594e-09
721,1632000,1964-04-12,66,0.942857142857143,0.996734693877551,4,"Spring",37,0.961547148583787,0.918799055596113,20.3545481252954,6.27738832401467,0.597054608643571,0.00540112432882618,4.88600935209483e-05,4.20396869212546e-08
753,1632000,1966-04-11,24,0.96,0.9984,4,"Spring",38,0.965929723428963,0.889769567580978,8.48354076467238,2.99876932941075,0.374692395458941,0.00584976630061499,9.13276228355175e-05,1.78154833430774e-07
784,1632000,1966-07-02,4.4,0.897959183673469,1.02623906705539,7,"Summer",39,0.902265168147592,0.994690222694231,0.201130730260972,0.00919399333075265,1.92112530377101e-05,8.38800552906646e-11,3.6623658341047e-16,3.34130597671637e-24
803,1632000,1966-11-25,33,0.970588235294118,1.02768166089965,11,"Fall",40,0.940073512549655,0.976636083725443,5.16854647724249,0.809511293558053,0.019857834375698,1.19495026088682e-05,7.19064374784474e-09,1.0614381406175e-13
831,1632000,1967-04-21,50,0.961538461538462,1.01701183431953,4,"Spring",41,0.933207614210647,0.930432762685861,6.28518713737108,0.790071547035498,0.0124842609887013,3.11713544868019e-06,7.7830264956912e-10,3.07070263177648e-15
848,1632000,1967-11-19,27,0.931034482758621,0.995243757431629,11,"Fall",42,0.929541483322545,0.964966247161165,3.01597021079041,0.336891715273154,0.00420355658591437,6.54440295221632e-07,1.01888030113579e-10,1.97926008518841e-16
872,1632000,1968-04-23,49,0.942307692307692,0.996671597633136,4,"Spring",43,0.956466895142208,0.975208683868113,12.8912303810705,3.3915065456701,0.234741156108635,0.001124559395331,5.38735454230257e-06,1.78634482491569e-09
886,1632000,1968-06-14,34,0.894736842105263,1.01246537396122,6,"Summer",44,0.863887515907668,0.958889766415228,0.421885751501283,0.00523492903881771,8.06014177689911e-07,1.91076133716807e-14,4.52970802335057e-22,1.65335401788617e-33
905,1632000,1969-02-25,44,0.977777777777778,0.977777777777778,2,"Winter",45,0.936032399882627,0.930279333033005,6.055906026449,0.833499950026847,0.0157891401521536,5.66583969873517e-06,2.03315311552193e-09,1.382066025938e-14
920,1632000,1969-05-07,37,0.948717948717949,1.02169625246548,5,"Spring",46,0.927612314226811,0.993905449924044,3.88326371172174,0.407560460939862,0.00448933863031115,5.44707063178488e-07,6.60912016467709e-11,8.83312975648584e-17
936,1632000,1969-10-22,17,0.944444444444444,0.996913580246914,10,"Fall",47,0.947999648120171,0.998456497494712,3.42526522544815,0.690143639097904,0.0280175436816058,4.61754561147463e-05,7.61013446301749e-08,5.09171439127808e-12
950,1632000,1969-12-06,35,0.972222222222222,0.999228395061728,12,"Winter",48,0.934950091790373,0.933921620678194,4.65286982090776,0.618548502008977,0.0109314928382157,3.41421530491318e-06,1.06635629010814e-09,5.88598946461406e-15
977,1632000,1970-12-15,36,0.923076923076923,0.970414201183432,12,"Winter",49,0.920292107282402,0.919196500737483,2.97902002542342,0.246515564218716,0.00168805342783533,7.91534548674053e-08,3.71153502260923e-12,1.19173335295066e-18
1005,1632000,1971-05-12,31,0.939393939393939,0.996326905417815,5,"Spring",50,0.936417379256581,0.951465481035096,4.31962109045821,0.601907302101012,0.0116868516233071,4.40588712468371e-06,1.66099835791024e-09,1.21583028710448e-14
1032,1632000,1971-07-22,7.1,0.865853658536585,0.992563950029744,7,"Summer",51,0.931836141557134,0.979036043694259,0.8539744343861,0.102714413321839,0.00148595080338727,3.10992928181307e-07,6.50873509125033e-11,1.9706782323158e-16
1055,1632000,1971-11-23,25,0.961538461538462,0.998520710059172,11,"Fall",52,0.933917845942549,0.92009077155799,3.21514257951116,0.413485672263426,0.00683881604668549,1.87077619681612e-06,5.11755770981733e-10,2.31538981676244e-15
1077,1632000,1972-01-01,38,0.95,0.9975,1,"Winter",53,0.921426193525189,0.978050072631515,3.2628733147752,0.280166901796635,0.00206561823321909,1.12283649615977e-07,6.10355668260911e-12,2.44614769113162e-18
1093,1632000,1972-03-21,94,0.94949494949495,1.0262218141006,3,"Spring",54,0.940543487711801,0.78452312234746,14.9449434343805,2.37607802400884,0.0600611359167848,3.83759579533457e-05,2.45202513465182e-08,3.96025772374194e-13
1116,1632000,1973-01-19,76,0.974358974358974,1.01183431952663,1,"Winter",55,0.941651127467117,0.924241166269752,12.5174110602686,2.06165236383862,0.0559264535437024,4.11548448154724e-05,3.02847962719842e-08,6.04547164547703e-13
1132,1632000,1973-10-27,18,0.947368421052632,0.997229916897507,10,"Fall",56,0.909278086731853,0.936622540769743,1.03794478543991,0.0598516320901052,0.000199012103547184,2.20032318657083e-09,2.43272747690613e-14,8.94342641481525e-22
1146,1632000,1974-05-08,47,0.94,1.0152,5,"Spring",57,0.969919947470283,0.605648440796132,18.8007248240723,7.5205798704359,1.20338556569374,0.0308114216961711,0.000788894045269684,3.23205757018224e-06
1169,1632000,1974-07-23,8.4,0.943820224719101,1.0180532761015,7,"Summer",58,0.8924703069843,0.970676043322781,0.27675314174687,0.00911813112699563,9.89765657727222e-06,1.16623340144786e-11,1.37416401148511e-17,1.75759258881108e-26
1196,1632000,1974-10-15,6.1,0.968253968253968,0.99899218946838,10,"Fall",59,0.943203281124138,0.943318086550833,1.05557457516281,0.182661915365598,0.00546973365984082,4.90458791960584e-06,4.39783436582241e-09,1.18084633350463e-13
1210,1632000,1975-06-10,53,0.815384615384615,0.991005917159763,6,"Summer",60,0.926896804195022,0.64947309659131,5.43522357072933,0.557389721958711,0.00586194909707941,6.48348060693398e-07,7.17091194146198e-11,8.34110617309589e-17
1233,1632000,1975-12-16,36,0.972972972972973,0.99926953981008,12,"Winter",61,0.969348965897226,0.87529914715803,14.1483905918051,5.56047100939661,0.858856606842782,0.020489851975486,0.000488829020621578,1.80129241874149e-06
1248,1632000,1976-04-19,51,0.927272727272727,1.01157024793388,4,"Spring",62,0.912349041877,0.989139955158464,3.25387440065972,0.207601933632719,0.000845069859765565,1.40028052526312e-08,2.32026444532658e-13,1.56502449635141e-20
1269,1632000,1976-08-23,2.8,0.933333333333333,0.995555555555555,8,"Summer",63,0.952879595865723,0.89972798264682,0.658110552620178,0.154681964096442,0.00854518214883316,2.60786206988346e-05,7.95880585935259e-08,1.34181564369271e-11
1295,1632000,1976-11-28,42,0.976744186046512,0.999459167117361,11,"Fall",64,0.934748047632261,0.902365341744245,5.54735925658924,0.732695112420626,0.012781955422978,3.88996153416656e-06,1.18384083159085e-09,6.28514537547573e-15
1318,1632000,1977-01-04,25,0.925925925925926,1.02880658436214,1,"Winter",65,0.905553678242789,0.989656661442837,1.27457670717641,0.0649818312990665,0.000168905535959213,1.14116320310677e-09,7.70995129750724e-15,1.35396503031254e-22
1339,1632000,1977-05-02,39,0.906976744186046,1.0124391563007,5,"Spring",66,0.925706429235031,0.984344891865678,3.84824760132217,0.379718194899534,0.00369707455225027,3.50470775510167e-07,3.32235021909244e-11,3.06644947079709e-17
1355,1632000,1978-10-13,4.8,0.979591836734694,0.999583506872136,10,"Fall",67,0.964278019358335,0.923819835813159,1.61179295190969,0.541224274963695,0.0610257741270787,0.000775863564126923,9.86409887871664e-06,1.4140524117206e-08
1378,1632000,1979-07-13,14,0.933333333333333,0.995555555555556,7,"Summer",68,0.939459899286696,0.96101722060611,2.15018311292876,0.330234815651715,0.00778964524775159,4.33418379184421e-06,2.41155386978723e-09,3.16505625700423e-14
1393,1632000,1981-03-15,28,0.933333333333333,0.995555555555556,3,"Spring",69,0.910834804311929,0.974185128303854,1.69959932410867,0.103165637946809,0.000380112459034714,5.16019576833632e-09,7.00519536643871e-14,3.50389724773514e-21
1412,1632000,1981-10-10,5.1,0.980769230769231,1.01849112426035,10,"Fall",70,0.931765389216329,0.975868044419912,0.612022526529449,0.0734454064665667,0.00105769171196847,2.19355246581724e-07,4.54922012326057e-11,1.3586898757877e-16
1428,1632000,1981-11-23,13,0.928571428571429,0.994897959183674,11,"Fall",71,0.949704938173652,0.977761874472385,2.76442135067795,0.587848108006471,0.0265819536989837,5.43538663426855e-05,1.11140919883232e-07,1.02763598661949e-11
1444,1632000,1982-05-18,33,0.942857142857143,1.02367346938776,5,"Spring",72,0.890910869328628,0.996154509932442,1.0316720476877,0.0322529458781856,3.15228035703385e-05,3.01117316646711e-11,2.87638243160051e-17,2.68542465151717e-26
1462,1632000,1982-08-30,10,0.909090909090909,0.991735537190083,8,"Summer",73,0.886668315869113,0.954018412609366,0.270916646417298,0.00733958293059951,5.38694775951477e-06,2.90192061637412e-12,1.56324947626662e-18,6.1807679354658e-28
1481,1632000,1983-01-09,34,0.971428571428571,0.999183673469388,1,"Winter",74,0.931180989806912,0.966941467502045,4.00407269318036,0.471547003890371,0.00653989931994075,1.25794950338122e-06,2.41966561814195e-10,6.45496024272892e-16
1503,1632000,1983-06-15,25,0.925925925925926,0.994513031550069,6,"Summer",75,0.889675006927821,0.977435112654204,0.749690003853491,0.0224814040751139,2.02165411675419e-05,1.63483414711566e-11,1.32202767349068e-17,9.61370551782803e-27
1518,1632000,1983-12-03,146,0.874251497005988,0.999892430707447,12,"Winter",76,1.03960253442948,0.182043666348911,468.136758312853,1501.04126358676,15432.3621574667,1631217.82026856,172421535.343136,187374649766.603
1532,1632000,1984-09-22,3.7,0.948717948717949,1.02169625246548,9,"Fall",77,0.932040443913431,0.989465365378949,0.447965394135065,0.0542359444169147,0.000795010180214774,1.70821942336521e-07,3.67041035571878e-11,1.15603523249504e-16
1561,1632000,1985-04-24,42,0.933333333333333,0.995555555555556,4,"Spring",78,0.93212040948313,0.992392756821825,5.09811712696322,0.618828529529421,0.00911782735617966,1.97939942135948e-06,4.29710052211372e-10,1.374480632537e-15
1582,1632000,1986-01-06,43,0.914893617021277,0.973291081937528,1,"Winter",79,0.925530347648834,0.974331032540076,4.2187944287386,0.413912242603625,0.00398426382737586,3.69171122003156e-07,3.42063987792776e-11,3.05089178749571e-17
1597,1632000,1986-04-04,69,0.945205479452055,1.00994558078439,4,"Spring",80,0.91932037771221,0.971843800142139,5.53166276098814,0.443468013062362,0.00285020113926781,1.1773400774324e-07,4.86326960870068e-12,1.29112406059309e-18
1616,1632000,1986-05-09,47,0.903846153846154,0.990754437869823,5,"Spring",81,0.911818511410826,0.985464389011673,2.94679553610519,0.184757530459777,0.00072628393748075,1.12231565498413e-08,1.73429751701737e-13,1.05350469282899e-20
1637,1632000,1986-08-16,1.3,0.928571428571429,0.994897959183674,8,"Summer",82,0.925329994652804,0.932893014071316,0.126719238663119,0.0123521272672004,0.000117365421557781,1.05958785980274e-08,9.5660750648658e-13,8.20595253386736e-19
1653,1632000,1987-01-17,44,0.977777777777778,0.977777777777778,1,"Winter",83,0.959486031063946,0.632888037000556,12.7236691051221,3.67935807946903,0.307674451748956,0.00215144473315956,1.50441949714328e-05,8.79684807426668e-09
1670,1632000,1987-10-12,12,0.923076923076923,0.994082840236686,10,"Fall",84,0.88543033636892,0.961208231330219,0.311754817505443,0.00809925551982099,5.4664949979459e-06,2.4902139635473e-12,1.13439518129553e-18,3.48783504080054e-28
1686,1632000,1988-03-29,61,0.968253968253968,1.01436130007559,3,"Spring",85,0.960640198940033,0.627900629828031,18.2874233983545,5.48245663197843,0.492743126582366,0.00398025883269123,3.21515603578255e-05,2.33420053617204e-08
1702,1632000,1989-04-16,45,0.978260869565217,0.99952741020794,4,"Spring",86,0.925471774371237,0.982380881580313,4.40664282562943,0.431522244281585,0.00413803216244035,3.80518003942016e-07,3.49910164155481e-11,3.08552152265373e-17
1716,1632000,1989-06-04,31,0.911764705882353,1.01903114186851,6,"Summer",87,0.866878090732565,0.994482948835128,0.426680208780016,0.00587277421175994,1.11256377233267e-06,3.99289725002287e-14,1.43301704097489e-21,9.7430781362014e-33
1734,1632000,1989-11-14,60,0.967741935483871,1.01456815816857,11,"Fall",88,0.961644128311289,0.692553130910843,18.5602053200696,5.74135369205231,0.549385703620712,0.00503041085571374,4.6060596791126e-05,4.03569852244913e-08
1749,1632000,1990-01-28,107,0.963963963963964,0.972648323999675,1,"Winter",89,0.97409448351465,0.679318793613558,48.6873675388391,22.153829512729,4.58684263625293,0.196627339904185,0.00842895949650012,7.48116204020011e-05
1769,1632000,1990-03-19,65,0.928571428571429,0.981632653061224,3,"Spring",90,0.957858661441756,0.860311183792933,17.86307730543,4.90906970491953,0.370753313350134,0.00211473875938619,1.20622523371136e-05,5.19620092524414e-09
1784,1632000,1990-05-09,56,0.918032786885246,0.993281375974201,5,"Spring",91,0.952471171044308,0.993109795507014,12.9940104795691,3.01507693469915,0.162333730752765,0.000470575716787701,1.36411270906793e-06,2.1290279808827e-10
1799,1632000,1990-10-08,5.7,0.934426229508197,1.01101854340231,10,"Fall",92,0.932178096961565,0.991172112048736,0.693173072636239,0.084296299759292,0.00124664318475586,2.72652496508462e-07,5.96316450138500e-11,1.92875807483358e-16
1813,1632000,1990-11-27,40,0.930232558139535,0.973499188750676,11,"Fall",93,0.949906946343422,0.99403705651307,8.56035740359018,1.83199297193003,0.0839049562300255,0.000176001041999062,3.69183993134255e-07,3.54678039034996e-11
1828,1632000,1991-02-09,89,0.978021978021978,0.999516966549933,2,"Winter",94,0.949581142314623,0.787443963365966,18.8517837208382,3.99314325232876,0.179159472287851,0.000360652994499564,7.26004496332304e-07,6.5571325413806e-11
1842,1632000,1991-07-28,20,0.909090909090909,0.991735537190083,7,"Summer",95,0.915091034459308,0.8944899890095,1.39623656654416,0.0974738274877517,0.000475057352255599,1.1283974396605e-08,2.68026749988557e-13,3.10278878179495e-20
1856,1632000,1991-12-26,26,0.928571428571429,0.994897959183674,12,"Winter",96,0.92787254554474,0.977082339553702,2.75183943706824,0.291254626438618,0.0032626637469961,4.09422104844718e-07,5.13771791806038e-11,7.22218668191358e-17
1873,1632000,1992-06-03,56,0.903225806451613,1.01977107180021,6,"Summer",97,0.902907877461327,0.972926722832715,2.61511799323876,0.122122180688591,0.000266318339573874,1.26652603559617e-09,6.02319840762595e-15,6.24664377740865e-23
1895,1632000,1992-08-27,6.1,0.938461538461538,1.01065088757396,8,"Summer",98,0.940929129830128,0.941492051298881,0.981832155698029,0.158031865895515,0.00409410994072424,2.74782560766182e-06,1.84424592388605e-09,3.20673691205454e-14
1916,1632000,1993-02-15,59,0.967213114754098,0.998925020155872,2,"Winter",99,0.931740730521851,0.924488522260553,7.0746414933015,0.848314445063445,0.0121972440288695,2.52157223558971e-06,5.2129206599847e-10,1.54951457906228e-15
1930,1632000,1993-05-12,111,0.925,1.00979166666667,5,"Spring",100,0.916085368286384,0.90960922541354,8.00573809440709,0.57740398591208,0.00300356182835277,8.12737266372779e-08,2.1991951619433e-12,3.09552394466878e-19
1944,1632000,1993-06-03,21,0.954545454545455,0.997933884297521,6,"Summer",101,0.930049874703733,0.981991898230292,2.3845501041028,0.270765676141746,0.0034911453036427,5.80385501483165e-07,9.64861960859648e-11,2.06817902843195e-16
1963,1632000,1994-05-07,330,0.970588235294118,1.02768166089965,5,"Spring",102,0.999010941464117,0.000227572275062866,320.347458694249,310.977255429889,293.05107089305,260.239182277466,231.101124408312,193.395390142869
1986,1632000,1994-06-06,19,0.95,0.9975,6,"Summer",103,0.913117109626482,0.980114179592334,1.24322007922932,0.0813471665999456,0.00034828218493891,6.38423580767481e-09,1.1702713664538e-13,9.18444818017282e-21
2012,1632000,1994-09-15,10,0.909090909090909,0.991735537190083,9,"Fall",104,0.898137329009405,0.926220671879388,0.398366139001763,0.0158695580703172,2.51842873347171e-05,6.34248328557591e-11,1.59730921479584e-16,6.3838620784835e-25
2034,1632000,1994-10-12,4.3,0.977272727272727,1.02169421487603,10,"Fall",105,0.977797322722341,0.971226155218496,2.19247055561469,1.11789003191567,0.290622819408469,0.0196422379444018,0.00132755408625443,2.33262060683976e-05
2057,1632000,1995-04-06,59,0.951612903225806,1.0283558792924,4,"Spring",106,0.942680851012004,0.951217396888777,10.0413606979938,1.70896482486805,0.0495010300446829,4.15313894149931e-05,3.48448568682881e-08,8.46802285599007e-13
2088,1632000,1995-09-10,3.2,0.941176470588235,0.996539792387543,9,"Fall",107,0.908315533844623,0.974935376438297,0.178752540385349,0.00998514709194248,3.11572382649148e-05,3.03366717592709e-10,2.95377159427536e-15,8.97408906271385e-23
2107,1632000,1995-12-10,101,0.90990990990991,0.991883775667559,12,"Winter",108,0.945915026632257,0.90389234868504,19.0495672012934,3.59293079759004,0.127813383329416,0.000161745158001111,2.04685107735376e-07,9.21443438691871e-12
2123,1632000,1996-11-06,53.6,0.927335640138408,1.00113743848852,11,"Fall",109,0.898794634259806,0.983739769478557,2.18262397362283,0.0888777501909162,0.000147374150727591,4.05207841467889e-10,1.11412614747184e-15,5.07947883885725e-24
2151,1632000,1997-05-31,34.3,0.958100558659218,1.02768328079648,5,"Spring",110,0.964217591798553,0.871330747567754,11.4959705603483,3.85298364794152,0.432812915198388,0.00546142914176463,6.89147833235155e-05,9.76835720915979e-08
2168,1632000,1997-08-17,8.31,0.90424374319913,0.981975251047586,8,"Summer",111,0.927121532617786,0.983248328098418,0.85842243086301,0.0886749783163368,0.000946239684645342,1.07746033790339e-07,1.22687813520526e-11,1.49073905088398e-17
2186,1632000,1997-10-21,8.81,0.943254817987152,0.999809710714433,10,"Fall",112,0.966738093732948,0.940583296208331,3.19330844627605,1.15745957242429,0.152067271486563,0.00262479626076821,4.53059711218108e-05,1.02741336651549e-07
2222,1632000,1998-08-08,2.81,0.972318339100346,1.01942026556195,8,"Summer",113,0.936425330978848,0.964682631496236,0.391652510527941,0.0545877896807257,0.00106043657730503,4.0018709412328e-07,1.51022431449729e-10,1.10715653340767e-15
2243,1632000,1999-01-06,7.15,0.768817204301075,1.02508960573477,1,"Winter",114,0.998357644407675,0.0450818900411495,6.80597691765797,6.47850654597107,5.87007651275384,4.8192724846971,3.95657317775962,2.94324071666264
2287,1632000,1999-05-07,31,0.977917981072555,1.01493695827404,5,"Spring",115,0.963433082958725,0.795765931202269,10.1393088701079,3.31630917301446,0.354771178419996,0.00406008351733911,4.64645359332257e-05,5.68854972927091e-08
2306,1632000,1999-06-15,7.66,0.934146341463415,0.977436049970256,6,"Summer",116,0.91570599396622,0.991248720944623,0.545645375489086,0.0388679994507345,0.000197222112441553,5.07788010912644e-09,1.30740240449982e-13,1.70804588819872e-20
2325,1632000,1999-07-09,1.05,0.84,0.98112,7,"Summer",117,0.900634822309539,0.958601109812498,0.0454622930238605,0.0019684000828451,3.69009417728057e-06,1.29683762259047e-11,4.55757424761856e-17,3.0026587600618e-25
2344,1632000,1999-11-24,28.7,0.953488372093023,0.975662520281233,11,"Fall",118,0.924370046326003,0.951711872086383,2.71180099645678,0.256232217574354,0.00228762889627426,1.82343065054668e-07,1.45342600924835e-11,1.03430456897799e-17
2362,1632000,2000-01-08,46.1,0.933198380566802,1.00687193692734,1,"Winter",119,0.923941323537982,0.99271958157491,4.29568740071339,0.40028048253032,0.00347558491745566,2.62032332287316e-07,1.97552195658032e-11,1.29321975054912e-17
2376,1632000,2000-03-10,63.4,0.953383458646617,1.0049951947538,3,"Spring",120,0.926427831196246,0.993737061948412,6.40378967801643,0.646822117354414,0.00659903551260011,6.86865452627089e-07,7.14928945467557e-11,7.59188624738559e-17
2395,1632000,2000-04-16,123,0.976190476190476,1.02267573696145,4,"Spring",121,0.972340414500844,0.598567686496894,53.0218928408199,22.8562692717349,4.24722800830936,0.146658095565589,0.00506414935879253,3.24943013135861e-05
2421,1632000,2000-05-16,57,0.846953937592868,1.02439896760861,5,"Spring",122,0.937691611875869,0.954416290240717,8.27324312228935,1.20081669755277,0.0252975568617815,1.12274804065802e-05,4.98294428070175e-09,4.65898828627846e-14
2438,1632000,2000-07-17,22.4,0.949152542372881,1.01350186727952,7,"Summer",123,0.934286740625124,0.952846449907748,2.9151008237431,0.379366643419095,0.00642495759549422,1.84286071892406e-06,5.28584909530761e-10,2.56772276447655e-15
2464,1632000,2000-10-24,14.8,0.993288590604027,1.0199540561236,10,"Fall",124,0.923046365505682,0.884478305069165,1.33957555402637,0.121247477361152,0.000993307484219123,6.6666199878765e-08,4.47432670838009e-12,2.46014486367645e-18
2478,1632000,2001-04-09,278,0.926666666666667,1.00388888888889,4,"Spring",125,0.997219726729848,0.00195642637116707,255.723492016915,235.232030105487,199.043553912046,142.512001273157,102.036313699738,61.817258735404
2506,1632000,2001-05-14,28.1,0.93046357615894,0.982840664883119,5,"Spring",126,0.930217927050812,0.967126813157611,3.20809682732079,0.366259261689172,0.00477387355064403,8.1102735507255e-07,1.3778441420746e-10,3.05103353590364e-16
2525,1632000,2001-09-22,8.79,0.937100213219616,1.0190215538209,9,"Fall",127,0.942229887676701,0.98453996453698,1.47467105285996,0.247400991370093,0.0069632821991928,5.51618873556261e-06,4.36982694308658e-09,9.74320677792001e-14
2549,1632000,2002-01-09,8.69,0.998850574712644,1.01033161580129,1,"Winter",128,0.958249119410176,0.954116150684544,2.41753428181389,0.672551438865983,0.0520512586790224,0.000311776010364845,1.86747223997861e-06,8.65707826644991e-10
2563,1632000,2003-04-30,143,0.905063291139241,1.01390001602307,4,"Spring",129,0.940333627389539,0.767152220203236,22.5836978575847,3.56659726519352,0.0889553570075939,5.53360527297097e-05,3.44226456361004e-08,5.34070205404032e-13
2577,1632000,2003-07-30,35,0.972222222222222,0.999228395061728,7,"Summer",130,0.964616918462837,0.896408620664045,11.8772059530773,4.03051489290902,0.464144294341754,0.00615514074200014,8.16249558934239e-05,1.24652334734573e-07
2611,1632000,2004-02-03,48,0.97165991902834,0.98542837941943,2,"Winter",131,0.959711738016216,0.911692178916401,13.9786565694046,4.07089248927828,0.345253451234631,0.00248333219977967,1.78620627611671e-05,1.08962434468898e-08
2634,1632000,2004-06-23,124,0.855172413793103,0.996718192627824,6,"Summer",132,0.980102917400335,0.43627543116177,67.8534826292119,37.1297992331674,11.1179192830268,0.996839751483053,0.0893772894766214,0.00239955068085898
2652,1632000,2004-10-22,40.1,0.987684729064039,0.997415613094227,10,"Fall",133,0.937754962529502,0.927450705343685,5.83210729340089,0.848216346178052,0.0179419194494675,8.02774248207429e-06,3.59184810410087e-09,3.39941946938096e-14
2670,1632000,2005-01-13,78.3,0.975093399750934,0.995736722037068,1,"Winter",134,0.952783873210676,0.924262408160138,18.3482095956944,4.29957593061982,0.236096464663669,0.000711897070583438,2.14656936869952e-06,3.5541562006117e-10
2691,1632000,2005-02-07,62.6,0.987381703470032,1.02164416005732,2,"Winter",135,0.929363903972303,0.921833174570271,6.95261776746639,0.772186802244238,0.00952511913035434,1.44932738733933e-06,2.20527412512657e-10,4.13910750202876e-16
2714,1632000,2005-05-19,50.7,0.953007518796993,1.02645358697496,5,"Spring",136,0.936636440239375,0.900148459141849,7.11441942224721,0.998322755732707,0.0196577578819279,7.62184309555227e-06,2.95519420486017e-09,2.2561868310613e-14
2758,1632000,2006-04-05,29.5,0.970394736842105,1.00231561634349,4,"Spring",137,0.957213034345053,0.912511759486293,7.94474804359453,2.13962784665082,0.155186688886902,0.000816369776531532,4.29456686533115e-06,1.63858149333681e-09
2783,1632000,2006-12-20,43,0.924731182795699,0.994334605156665,12,"Winter",138,0.903838629641716,0.953680257392026,2.07107307973026,0.09975217910659,0.000231406912477052,1.24532928237586e-09,6.70180940120603e-15,8.3666939078149e-23
2803,1632000,2007-04-11,86.3,0.900835073068894,1.0249584860596,4,"Spring",139,0.90238029134166,0.990259918530833,3.96003330556615,0.181713369422864,0.000382615858945657,1.69634873136412e-09,7.52085662714088e-15,7.02094493032749e-23
2838,1632000,2007-05-27,35,0.966850828729282,0.990888556515369,5,"Spring",140,0.932842629163587,0.968200097804788,4.34830074362102,0.540220553056432,0.00833823559841708,1.98646208270599e-06,4.73245395797853e-10,1.74018561354037e-15
2853,1632000,2008-03-01,58.7,0.908668730650155,0.993065207181129,3,"Spring",141,0.928841478958857,0.996586801175544,6.41041491789402,0.700058252462661,0.00834891919661116,1.18746936544365e-06,1.68894135954688e-10,2.86485605653172e-16
2874,1632000,2008-06-12,44.2,0.824626865671642,0.976936678547561,6,"Summer",142,0.930699617633705,0.585581793519105,5.12517069210951,0.594284493738875,0.00799036333706948,1.44447751715801e-06,2.6112896367241e-10,6.34704289069512e-16
2898,1632000,2008-09-25,11.5,0.982905982905983,0.99970779457959,9,"Fall",143,0.980733388207104,0.984580379098332,6.41544316883628,3.57894878717983,1.11381516706574,0.107876889250929,0.0104482535150918,0.000314931884845813
2936,1632000,2008-11-08,6.22,0.998394863563403,1.00159998351064,11,"Fall",144,0.98325161941637,0.922210012905624,3.74740382434367,2.25772273676939,0.819503529923707,0.107972031440099,0.0142256368003528,0.000680318658641395
2954,1632000,2009-03-07,36.8,0.989247311827957,0.989247311827957,3,"Spring",145,0.984479279834592,0.950393420189388,23.0168146349322,14.3960259765986,5.63167293257882,0.86184076140057,0.131891448048172,0.00789588919836871
2991,1632000,2010-05-10,52.7,0.970534069981584,1.00091911452981,5,"Spring",146,0.961577454018256,0.856917516935704,16.2681726630744,5.021886941093,0.47854551136851,0.00434546122297815,3.94592213108559e-05,3.41442406224138e-08
3016,1632000,2010-07-08,10.2,0.927272727272727,1.01157024793388,7,"Summer",147,0.929992327523805,0.987195456802581,1.1560620381063,0.131027395681421,0.00168315474696624,2.77746068846568e-07,4.58323151206191e-11,9.71533112192819e-17
3042,1632000,2010-08-07,1.23,0.814569536423841,0.992588044384018,8,"Summer",148,0.911916519256951,0.946409926684624,0.0773673284450894,0.00486642561847995,1.92537384554455e-05,3.01387353260733e-10,4.71775062883017e-15,2.92179617411148e-22
3061,1632000,2010-11-03,8.03,0.973333333333333,0.986311111111111,11,"Fall",149,0.964975371418833,0.883725452493375,2.75551272817791,0.945560447714877,0.111343033659123,0.00154386938286633,2.1407110916784e-05,3.49525862676653e-08
3083,1632000,2010-12-13,50.6,0.951127819548872,0.983308835999774,12,"Winter",150,1.06153710273927,0.257245853130549,303.532963702266,1820.79565323876,65519.6998192323,84838558.5850258,109853693509.629,5118547485556888
3098,1632000,2011-08-10,3.61,0.928020565552699,1.00674724592092,8,"Summer",151,0.956475835502197,0.816665766142633,0.95000802787266,0.250004225213989,0.0173136046052208,8.30362616138289e-05,3.9824293669737e-07,1.32272183196734e-10
3115,1632000,2012-04-17,42.9,0.934640522875817,0.993691884887579,4,"Spring",152,0.915680512938435,0.977427253869465,3.05334900135662,0.217317951610385,0.00110086461753225,2.82494849914784e-08,7.24915116331628e-13,9.42327982900404e-20
3137,1632000,2012-10-26,14.1,0.972413793103448,1.01935790725327,10,"Fall",153,0.958648745260413,0.857298280795093,3.97195535025912,1.11889569535121,0.0887891898635078,0.000559114910398442,3.52080566914081e-06,1.75935518780783e-09
3159,1632000,2012-12-08,27,0.978260869565217,1.0101606805293,12,"Winter",154,0.948387673873776,0.957619427539659,5.50732606091622,1.12335704967581,0.0467381874465315,8.09058579921155e-05,1.40051598383628e-07,1.00867259734245e-11
3173,1632000,2013-08-12,11.8,0.975206611570248,1.00744484666348,8,"Summer",155,0.939104565416341,0.935457255309504,1.79184551087135,0.272094096172017,0.00627416925183616,3.33603388141409e-06,1.77380010185186e-09,2.17478340099396e-14
3193,1632000,2013-09-20,7.88,0.953995157384988,1.01174304826786,9,"Fall",156,0.920292078115465,0.94417194705569,0.65207376335463,0.0539594153369886,0.000369494733947924,1.73256800019349e-08,8.12404507967232e-13,2.60852725131754e-19
3211,1632000,2014-09-28,1.92,0.974619289340101,0.999355819526399,9,"Fall",157,0.965325133564061,0.981332239271408,0.666054309170371,0.231056428523135,0.0278057672718056,0.000402687861236362,5.83179424620803e-06,1.01637196038495e-08
3243,1632000,2014-11-22,8.89,0.968409586056645,0.99478239613444,11,"Fall",158,0.968177459264386,0.864466941936292,3.36938611108054,1.27702618285067,0.183441605364021,0.00378524438453646,7.81070086158057e-05,2.31517661678588e-07
3268,1632000,2015-01-02,53,0.948121645796064,1.01426966759579,1,"Winter",159,0.945339531594148,0.584881809411849,9.81545528947905,1.81779551961816,0.0623468028517706,7.33419589780669e-05,8.6276163342796e-08,3.48095413614042e-12
3284,1632000,2015-10-26,18.8,0.94,0.9917,10,"Fall",160,0.906877329574663,0.952467640755938,1.00141527378931,0.0533421569456659,0.000151350303596599,1.21845289355227e-09,9.80921358283457e-15,2.24064142843929e-22
3299,1632000,2016-01-18,258,0.898954703832753,0.977260862703202,1,"Winter",161,1.03730848972334,0.200190959645944,774.208038367149,2323.24839795468,20920.4772038721,1696381.26526253,137554672.825583,100439182541.163
3316,1632000,2016-04-21,41.5,0.971896955503513,1.00148632417224,4,"Spring",162,0.953932001012009,0.98985120544983,10.0825559004452,2.44958875868921,0.144590002089073,0.000503765510942606,1.75516762119505e-06,3.60955654431717e-10
3333,1632000,2016-09-08,4.98,0.937853107344633,1.02616319278198,9,"Fall",163,0.893167668486193,0.989098961316608,0.167965140023238,0.00566511812510564,6.4444906368274e-06,8.33965051569399e-12,1.07921284463459e-17,1.58871496719808e-26
3351,1632000,2016-10-31,11.9,0.967479674796748,1.02253949368762,10,"Fall",164,0.927236095040183,0.945211361582037,1.23383430407041,0.12792832688243,0.00137526527890235,1.58937360281878e-07,1.83681540433664e-11,2.2820480717977e-17
3371,1632000,2017-01-01,14.2,0.965986394557823,1.00541441066222,1,"Winter",165,0.965143952976527,0.983891003367228,4.89836523343018,1.68971703944208,0.201066455871895,0.00284702251245666,4.03127272089548e-05,6.79233500186011e-08
3413,1632000,2017-03-13,24.3,0.983805668016194,0.991771705813896,3,"Spring",166,0.967208204163769,0.842262307221004,8.93728123396138,3.28703686645754,0.444634212405391,0.00813578530211367,0.000148866193008422,3.68460541899792e-07
3451,1632000,2017-12-21,7.49,0.973992197659298,0.991724175249974,12,"Winter",167,0.964690637536421,0.929884343070338,2.54755592913036,0.866494153811384,0.100241938396436,0.00134158160393523,1.79549720287674e-05,2.77994491561329e-08
3468,1632000,2018-03-19,33.7,0.949295774647887,0.997429081531442,3,"Spring",168,0.910021672863452,0.966268137375327,1.9915075897749,0.117688500894096,0.000410996535391679,5.01240807430159e-09,6.11300401337457e-14,2.60355688466535e-21
3483,1632000,2018-12-13,81.1,0.939745075318656,0.99310255931705,12,"Winter",169,0.886179615651265,0.958826243399952,2.16109337873843,0.0575872329423808,4.08913612572136e-05,2.06177980945494e-11,1.03956822467634e-17,3.72193742722998e-27
3505,1632000,2019-04-04,101,0.893805309734513,0.988722687759417,4,"Spring",170,0.957559231419008,0.499579877489532,27.4973472481925,7.48617926423444,0.554879999764887,0.00304843380335724,1.67476727533677e-05,6.81979016891098e-09
3521,1632000,2019-09-12,3.96,0.885906040268456,0.98103689023017,9,"Fall",171,0.947477125312241,0.853614019341632,0.784796752479079,0.155531803712553,0.00610862170860607,9.42304524718519e-06,1.45358128177103e-08,8.80666324291099e-13
3543,1632000,2019-11-29,10.7,0.990740740740741,0.990740740740741,11,"Fall",172,0.958839331262924,0.922000952587077,3.03220799037732,0.859278999711033,0.0690056447985415,0.000445026076080606,2.8700290964586e-06,1.48640637960855e-09
3573,1632000,2020-03-12,47.3,0.993697478991597,0.993697478991597,3,"Spring",173,0.944571631870547,0.92098709532856,8.54885776655952,1.54509448441575,0.0504718174581814,5.38563289118812e-05,5.74677970783984e-08,2.00311671066885e-12
3589,1632000,2020-05-21,81.8,0.958968347010551,0.987074101612267,5,"Spring",174,0.884258202642586,0.911705691946221,2.0423314173545,0.0509916579255896,3.17866647677304e-05,1.23519811376048e-11,4.79985676819525e-18,1.16269489316211e-27
3604,1632000,2021-01-24,53.8,0.911864406779661,0.978322321172077,1,"Winter",175,0.925754074220143,0.990746892103269,5.31681117818427,0.525436451755859,0.00513166291512615,4.89478889860243e-07,4.66884882310953e-11,4.34934221107829e-17
3619,1632000,2021-05-23,33.3,0.917355371900826,1.0058056143706,5,"Spring",176,0.892298504459949,0.987934980908902,1.09081018937689,0.0357317378152687,3.83410536726458e-05,4.41452371390002e-11,5.0828075271414e-17,6.27962022943285e-26
3634,1632000,2021-10-28,19.5,0.946601941747573,0.992553492317843,10,"Fall",177,0.949736923853125,0.971330363609892,4.15082377957242,0.883555797387892,0.0400344024152694,8.21924808588579e-05,1.6874496688271e-07,1.56974437851454e-11
3675,1632000,2021-12-26,18.7,0.99468085106383,1.02642598460842,12,"Winter",178,0.957541467745652,0.890920295992948,5.08826042264324,1.38451305500736,0.102506759330792,0.000561905652861006,3.08016724729596e-06,1.2500881676437e-09
3690,1632000,2022-09-30,13.6,0.957746478873239,1.01170402697877,9,"Fall",179,0.908721772601849,0.960928140962004,0.769957793442999,0.0435908090943832,0.000139717546875218,1.43536712535505e-09,1.47460274720545e-14,4.85560224797404e-22
3710,1632000,2022-10-27,15.7,0.987421383647799,0.999841778410664,10,"Fall",180,0.93677615995966,0.910657944824246,2.21296501114762,0.31192446755182,0.00619725308646411,2.44623858711394e-06,9.65602524472578e-10,7.5726478711935e-15
3737,1632000,2022-12-14,21.7,0.96875,1.00334821428571,12,"Winter",181,0.9250680668454,0.881628182900577,2.0973476205686,0.20271276688962,0.00189366202120026,1.65251421683698e-07,1.44207530503118e-11,1.17557960452049e-17
3753,1632000,2023-01-22,48.9,0.960707269155206,1.01733048737653,1,"Winter",182,0.959614618654989,0.970208200459545,14.1975863654601,4.12211571788752,0.347481349522604,0.00246918789910123,1.75459456728953e-05,1.05101942058054e-08
3769,1632000,2023-02-15,244,0.934865900383142,1.02441244256544,2,"Winter",183,1.02119833676427,0.0569775461823002,457.81792234025,859.00512301616,3024.13853019675,37481.2043025434,464542.434793023,20269506.478078
3792,1632000,2023-04-27,38.6,0.965,1.0204875,4,"Spring",184,0.951006270445437,0.985104511173993,8.55241405376272,1.89491673955954,0.0930235608772785,0.00022418090358261,5.40261811708295e-07,6.39164658749578e-11
3806,1632000,2023-06-16,10.6,0.963636363636364,1.01619834710744,6,"Summer",185,0.936226020888044,0.988584624208089,1.46800349458908,0.203305118879789,0.0038993369210118,1.43441777580809e-06,5.27667754090955e-10,3.72295597060859e-15
3822,1632000,2023-08-01,3.08,0.922155688622755,1.00222309871275,8,"Summer",186,0.894210726605934,0.99906722232488,0.10758382283793,0.00375788277156594,4.58496198858185e-06,6.82528455738327e-12,1.01602825509276e-17,1.84536942233032e-26
3838,1632000,2023-09-04,0.59,0.921875,1.00830078125,9,"Fall",187,0.897657597350516,0.993210806137489,0.0231298778189232,0.000906764826980195,1.39359737533631e-06,3.29171804160043e-12,7.77513495444329e-18,2.82251265641319e-26
3859,1632000,2024-06-25,4.73,0.8491921005386,0.987929050536827,6,"Summer",188,0.894524289574147,0.992630960736201,0.166964934980889,0.0058937187131443,7.34374635722352e-06,1.14018204142143e-11,1.77023418884996e-17,3.42464465895786e-26
3900,1632000,2024-11-13,11.4,0.934426229508197,0.988040849234077,11,"Fall",189,0.934763546300687,0.779316815364069,1.50646094573438,0.199072331668678,0.00347629765228106,1.0600566111627e-06,3.2325195690087e-10,1.72131089796224e-15
3914,1632000,2025-03-04,81.6,0.930444697833523,1.02062462863837,3,"Spring",190,0.902982610104839,0.972971882751195,3.82007383922481,0.178835344817767,0.000391937261716782,1.88253452355453e-09,9.04210081187831e-15,9.5182901127106e-23
3928,1632000,2025-04-03,86.2,0.933911159263272,0.995632265130076,4,"Spring",191,0.915874044131528,0.876622205046545,6.17418736216123,0.442234217901061,0.00226880630490212,5.97155690158192e-08,1.5717292283516e-12,2.12233023611955e-19
16,1633000,1950-04-18,198,0.98019801980198,0.999607881580237,4,"Spring",1,0.959802376373756,0.958944287898092,57.8255558685914,16.8878530884424,1.4404019289738,0.0104785743282396,7.62290842186449e-05,4.7298618763173e-08
30,1633000,1950-10-27,94,0.959183673469388,1.01790920449813,10,"Fall",2,0.975293458396302,0.918693195792956,44.3799891608616,20.9530152970021,4.67051968123834,0.23206121375356,0.0115302815541283,0.000127701483268336
46,1633000,1953-06-06,208,0.932735426008969,0.999658147157594,6,"Summer",3,0.92067636974669,0.910688395884411,17.4290306356068,1.46043802354289,0.0102542270221628,5.05524864529109e-07,2.49219554145654e-11,8.62663661973508e-18
69,1633000,1955-01-29,120,0.909090909090909,0.977961432506887,1,"Winter",4,0.952513756354852,0.985419761563923,27.8816802483524,6.47823411226137,0.349729310110557,0.00101925491958672,2.97052766544878e-06,4.67368866933433e-10
83,1633000,1955-05-12,170,0.977011494252874,0.977011494252874,5,"Spring",5,0.930636018124002,0.979929072928546,19.67182390439,2.27635679838428,0.0304811780797079,5.46530715956981e-06,9.79935298771471e-10,2.3527275724492e-15
105,1633000,1955-09-30,110,0.948275862068966,0.972800237812128,9,"Fall",6,0.964577227288099,0.971334334500768,37.2823104498046,12.6360970225055,1.45155407238339,0.0191546293186618,0.000252763456295434,3.8315551882988e-07
120,1633000,1957-04-25,206,0.949308755760369,0.979931618849413,4,"Spring",7,0.911387316583569,0.941985297923643,12.7337591693222,0.7871292358364,0.0030076331743126,4.39119286952703e-08,6.41121230543419e-13,3.57665151780717e-20
135,1633000,1959-06-30,88,0.936170212765957,1.02580353100951,6,"Summer",8,0.949920705320681,0.987135121810081,18.8409715414707,4.03388873439216,0.184912026380181,0.000388550653409374,8.16451007650806e-07,7.86418747237123e-11
169,1633000,1960-02-04,142,0.959459459459459,0.985390796201607,2,"Winter",9,0.972196686381561,0.619128014080155,60.9414017343117,26.1539045446674,4.81708959810968,0.163410930959271,0.00554341616719242,3.46355472479647e-05
187,1633000,1964-03-31,282,0.930693069306931,0.995196549357906,3,"Spring",10,0.939403211084665,0.977749206632922,43.2324969196228,6.62783258831629,0.155773634109033,8.60476066792021e-05,4.75317319106526e-08,6.17093403873697e-13
203,1633000,1964-06-05,88,0.936170212765957,0.98596650067904,6,"Summer",11,0.964243076810037,0.905186000245053,29.5174307219776,9.90089450484939,1.1139512726836,0.0141009936126524,0.00017849795205588,2.54219301152911e-07
220,1633000,1966-03-27,108,0.923076923076923,0.994082840236686,3,"Spring",12,0.944982524515003,0.92101274390781,19.775937088015,3.62118229360302,0.121416307439852,0.000136499256595636,1.53455886149324e-07,5.78446835350167e-12
235,1633000,1966-06-15,71,0.946666666666667,1.00977777777778,6,"Summer",13,0.927007443550749,0.982966400443056,7.30726723931593,0.752058514179997,0.00796608463029049,8.93781751224653e-07,1.00280860158659e-10,1.19178496243272e-16
251,1633000,1967-11-19,86,0.977272727272727,0.977272727272727,11,"Fall",14,0.95707473162897,0.93684217222756,23.0607782504548,6.18371504089125,0.44463176403424,0.00229880704172326,1.18851468620435e-05,4.41832444051997e-09
276,1633000,1968-01-10,160,0.96969696969697,0.999081726354454,1,"Winter",15,0.962448211975311,0.9068391375503,50.750588555247,16.0976389918998,1.61958738195958,0.0163941455487668,0.000165948445429947,1.69005092569109e-07
291,1633000,1968-02-28,150,0.967741935483871,0.998959417273673,2,"Winter",16,0.950386459053316,0.982175201305065,32.5910578271853,7.08118033529957,0.334287432940222,0.00074498725214509,1.66026584061848e-06,1.74671005095988e-10
311,1633000,1968-04-23,182,0.957894736842105,1.00831024930748,4,"Spring",17,0.967916368867291,0.988934964859681,68.4236790726209,25.7241750430385,3.63589660244443,0.0726359566135548,0.00145108147179409,4.09733997889633e-06
326,1633000,1968-06-15,96,0.914285714285714,1.01006802721088,6,"Summer",18,0.898999471865784,0.956243114817821,3.93599312342433,0.161375436121288,0.000271271160243082,7.66542108121124e-10,2.16604965672079e-15,1.02888538061634e-23
343,1633000,1969-05-30,49,0.924528301886792,0.994304022783909,5,"Spring",19,0.962038717685933,0.963087758759156,15.3452017649437,4.80561667769042,0.471305135773395,0.00453323532666078,4.36027977780533e-05,4.11314002938148e-08
360,1633000,1970-05-14,214,0.963963963963964,0.994359224088954,5,"Spring",20,0.926426374393726,0.943435976144099,21.6142956413848,2.18307371996816,0.0222701442374562,2.31756693624815e-06,2.41180139954233e-10,2.56038590417269e-16
380,1633000,1971-05-01,166,0.943181818181818,0.996771694214876,5,"Spring",21,0.93042352249983,0.94021506688705,19.0778105718803,2.19254732660571,0.0289594203578666,5.05209655098566e-06,8.81360166918806e-10,2.03084175444454e-15
399,1633000,1971-11-27,140,0.958904109589041,1.02458247325952,11,"Fall",22,0.971603110584368,0.902298110213971,58.9922460299132,24.8577506546701,4.41362691149822,0.13914358938501,0.00438662779051526,2.45545602475361e-05
413,1633000,1974-05-31,120,0.909090909090909,1.01239669421488,5,"Spring",23,0.923315608949401,0.98452409733563,10.9568715765503,1.00044195620847,0.0083407008978519,5.79727428895229e-07,4.02944423891317e-11,2.33494740400018e-17
428,1633000,1974-07-17,55,0.932203389830508,1.01120367710428,7,"Summer",24,0.921143032334524,0.932299938101422,4.67923472091397,0.398095228607398,0.00288145110981775,1.50959281786726e-07,7.90875981893916e-12,2.99903293557985e-18
442,1633000,1975-10-16,87,0.966666666666667,1.02037037037037,10,"Fall",25,0.925134125401857,0.972659143399781,8.42675339132824,0.816208881819104,0.00765743607770566,6.73980773381015e-07,5.93214332157212e-11,4.89844037811673e-17
465,1633000,1975-12-10,120,0.96,0.9984,12,"Winter",26,0.943093610545112,0.977317701592596,20.6930888106035,3.56836603769605,0.106110301491522,9.38283006885135e-05,8.29679106207943e-08,2.18159739863792e-12
480,1633000,1976-03-09,230,0.958333333333333,0.998263888888889,3,"Spring",27,0.970358724692661,0.905904576875697,93.2604028968053,37.8152293411933,6.21735465272628,0.168067386425118,0.0045431936824424,2.01919359351717e-05
505,1633000,1976-11-27,199,0.980295566502463,0.999611735300541,11,"Fall",28,0.957376331967489,0.92256744665585,53.8683507167259,14.5819055725637,1.06850236244806,0.00573717235455827,3.08049357518454e-05,1.21200363628715e-08
527,1633000,1977-05-03,136,0.971428571428571,1.02,5,"Spring",29,0.946651850816191,0.980600198934843,26.257148370027,5.06939588621774,0.188961578317657,0.000262547632943382,3.64789816945193e-07,1.88927251117228e-11
559,1633000,1978-05-03,354,0.89620253164557,1.01191475725044,5,"Spring",30,0.981840401818665,0.282274034412344,204.282060804399,117.88463380365,39.2564601328268,4.35330413039609,0.482755113110068,0.017827428054553
581,1633000,1978-06-12,136,0.951048951048951,0.997603794806592,6,"Summer",31,0.939602078249416,0.953222640310742,20.9825356306607,3.23725589332313,0.077057542050407,4.36607704915459e-05,2.47381739566578e-08,3.33642989956174e-13
596,1633000,1978-09-19,105,0.921052631578947,0.977608494921514,9,"Fall",32,0.955637246050072,0.962155726898659,26.9141916952573,6.89879728199101,0.453270513695301,0.00195670627224383,8.44683102067406e-06,2.39577517111311e-09
614,1633000,1979-11-01,330,0.948275862068966,0.997324613555291,11,"Fall",33,0.936305498995944,0.928351704919235,45.8185309975427,6.36162964476601,0.122637368900502,4.55755280328419e-05,1.69371601339357e-08,1.21339980411468e-13
629,1633000,1980-07-02,109,0.973214285714286,0.990593112244898,7,"Summer",34,0.970293025828069,0.96497117428549,44.1076370668279,17.8484738313671,2.92264236797243,0.0783654900097938,0.00210123212192242,9.22566749485252e-06
655,1633000,1981-03-25,79,0.963414634146341,0.98691255205235,3,"Spring",35,0.951837886888182,0.903530871203931,17.9687023337793,4.08701599442993,0.211439237199064,0.000565905709206607,1.51461609469924e-06,2.09720220428468e-10
669,1633000,1981-07-22,44,0.956521739130435,0.977315689981096,7,"Summer",36,0.907755686114383,0.964595334628226,2.4128038431653,0.132309599672573,0.000397859776489014,3.59755458517927e-09,3.25300514356011e-14,8.84506007031048e-22
694,1633000,1981-11-27,53,0.963636363636364,0.998677685950413,11,"Fall",37,0.975050736424272,0.871197506196587,24.83660949908,11.6388145549017,2.55588687251682,0.123255805756675,0.00594392256405603,6.29465278901163e-05
713,1633000,1982-04-25,224,0.986784140969163,1.00417240777038,4,"Spring",38,0.97490237657551,0.941366488988982,104.491723181124,48.743393809646,10.6067787503671,0.502248908300178,0.0237823350355063,0.000245051705982121
728,1633000,1982-05-18,131,0.929078014184397,0.994970071927971,5,"Spring",39,0.936203648743575,0.996018344813747,18.129305936108,2.50894453225192,0.0480519287474567,1.762586149886e-05,6.46531786912793e-09,4.54202138957096e-14
743,1633000,1982-09-08,84,0.96551724137931,0.987713040031708,9,"Fall",40,0.963876518732464,0.988007727114413,27.8561632505009,9.23768846474472,1.01589152585331,0.0122861380035781,0.000148587898610705,1.97622103728656e-07
762,1633000,1983-01-09,128,0.977099236641221,0.977099236641221,1,"Winter",41,0.952963516030564,0.944944930642007,30.1646432011672,7.1086382769822,0.394787016820128,0.00121763116132606,3.75550760755583e-06,6.43276941571763e-10
776,1633000,1983-05-14,323,0.987767584097859,1.02401593580787,5,"Spring",42,0.939250120158329,0.976282582332415,49.276550819242,7.51758037350259,0.174965989696815,9.47773917974801e-05,5.13400004852289e-08,6.47265622596097e-13
798,1633000,1983-06-15,201,0.966346153846154,1.00351331360947,6,"Summer",43,0.943320380043536,0.961412231033959,34.9118269455849,6.06385900835059,0.182937244145048,0.000166497688036741,1.5153546371126e-07,4.16076698497695e-12
814,1633000,1984-05-26,255,0.9375,1.00988051470588,5,"Spring",44,0.936052136318447,0.974109905075385,35.1189355487814,4.83662601599789,0.0917370636024612,3.30027013270667e-05,1.18728271007614e-08,8.10141957261682e-14
836,1633000,1985-03-22,166,0.982248520710059,1.0229333706803,3,"Spring",45,0.945071195337096,0.92039930721738,30.4820299497235,5.59731415575806,0.188734492519576,0.000214582582329047,2.43970691442245e-07,9.35303245904551e-12
866,1633000,1985-05-01,98,0.942307692307692,0.987610946745562,5,"Spring",46,0.959304678677818,0.954701057298227,28.1788297783983,8.10251477224433,0.669905567698343,0.00457932111870652,3.13031909561235e-05,1.76917126913887e-08
881,1633000,1985-06-30,69,0.971830985915493,1.01289426701051,6,"Summer",47,0.929418168418585,0.978038147353432,7.67686365354092,0.854119355870401,0.0105727517981517,1.62004464616407e-06,2.48236665881409e-10,4.70841081845024e-16
909,1633000,1986-01-13,141,0.992957746478873,0.985965086292402,1,"Winter",48,0.955312956211958,0.951112604164721,35.7757829301467,9.07735208698565,0.584385254688672,0.00242202926168471,1.00382850138513e-05,2.67842646266161e-09
926,1633000,1986-04-05,238,0.987551867219917,1.02852912312116,4,"Spring",49,0.932077367209336,0.955499138010959,28.8493367252746,3.49699256087512,0.0513821721462854,1.10929731700441e-05,2.39487839091316e-09,7.59690541900094e-15
953,1633000,1986-05-17,133,0.977941176470588,1.02827638408304,5,"Spring",50,0.948988192018183,0.904716558878041,27.6487754143099,5.74778031511992,0.248398334969023,0.000463922803123179,8.66448510150071e-07,6.99339918286938e-11
967,1633000,1987-01-14,95,0.969387755102041,1.01884631403582,1,"Winter",51,0.950711644140093,0.844228735101061,20.8539341725982,4.57775337342167,0.220587641556563,0.000512199027447231,1.18931342602263e-06,1.33070773029304e-10
986,1633000,1987-03-30,222,0.982300884955752,1.01707259769755,3,"Spring",52,0.955296835095728,0.935507079007729,56.299319085012,14.277537519982,0.918234583939158,0.00379799437451315,1.57092332625421e-05,4.17884242822323e-09
1002,1633000,1987-07-29,53,0.963636363636364,1.01619834710744,7,"Summer",53,0.963230444381279,0.9755337302635,17.2258987378353,5.59870919483314,0.591425370722814,0.00659969753084185,7.36458218648411e-05,8.68128941518806e-08
1030,1633000,1987-10-25,76,0.987012987012987,1.01264968797436,10,"Fall",54,0.966658746348139,0.918219578887874,27.4795196171395,9.93584208406255,1.29895997262406,0.0222012764536776,0.000379454861243265,8.47878036393776e-07
1070,1633000,1988-04-03,162,0.98780487804878,0.993828078524688,4,"Spring",55,0.992530330893869,0.221782171179776,129.368527196611,103.309974253212,65.8824122234521,26.7931619776597,10.8962848282833,2.82592195447996
1092,1633000,1988-05-03,108,0.964285714285714,0.998724489795918,5,"Spring",56,0.945795905209321,0.954799858391975,20.2930178837557,3.8130238410225,0.134621766779685,0.000167805741582258,2.09169494514618e-07,9.20525116202766e-12
1109,1633000,1988-07-09,53,0.963636363636364,0.998677685950413,7,"Summer",57,0.959624093197478,0.97495906316175,15.3925355884364,4.47038022342039,0.377062251734871,0.0026825649374221,1.90847919948941e-05,1.1452313066186e-08
1123,1633000,1989-02-02,47,0.959183673469388,1.01790920449813,2,"Winter",58,0.945917277812253,0.973592847819414,8.86528301414056,1.67219665788956,0.0594945034607872,7.53105519584174e-05,9.53311466834863e-08,4.29341922296582e-12
1138,1633000,1989-04-16,94,0.979166666666667,0.989366319444444,4,"Spring",59,0.939551663140597,0.98126038396389,14.4793085564533,2.23032315184023,0.0529185251237715,2.97911734178217e-05,1.67713293508259e-08,2.24020263936017e-13
1160,1633000,1989-09-15,108,0.915254237288136,1.01608733122666,9,"Fall",60,0.934547990768895,0.86998200349993,14.1733332596401,1.86003125637798,0.032034409950954,9.5018835269054e-06,2.81840029821393e-09,1.43976673908012e-14
1178,1633000,1989-12-09,174,0.983050847457627,1.00526668581825,12,"Winter",61,0.957654265921721,0.932332706370281,47.5129150132366,12.9740062819255,0.967384132203698,0.00537834516804312,2.99018722590767e-05,1.23957539934364e-08
1195,1633000,1990-03-16,183,0.978609625668449,1.01000886499471,3,"Spring",62,0.956204621387851,0.974956905161388,47.7503148721052,12.459522242542,0.848304341597813,0.00393235112553934,1.82285821447108e-05,5.75312472808869e-09
1210,1633000,1990-05-09,184,0.938775510204082,1.00104123281966,5,"Spring",63,0.971801983731095,0.977314884655266,78.010176498229,33.073845854809,5.94499608493295,0.192081404618849,0.00620610433938847,3.60428975799783e-05
1224,1633000,1990-06-18,128,0.934306569343066,0.98204486120731,6,"Summer",64,0.927265636341259,0.982488088517747,13.2841856026202,1.37866864941298,0.0148494316005798,1.72270014734609e-06,1.9985248442441e-10,2.49723459304021e-16
1243,1633000,1990-12-02,143,0.972789115646258,0.986024341709473,12,"Winter",65,0.967864332577376,0.997350968277711,53.6748213579687,20.1467583762927,2.83840470680224,0.0563394495076719,0.00111828082979876,3.12721903787672e-06
1265,1633000,1991-02-12,305,0.950155763239875,0.976795644452208,2,"Winter",66,0.952041836468511,0.889357335746465,69.8201603312131,15.9831304546764,0.837575275840013,0.00230010604163434,6.31643263043661e-06,9.08987441230122e-10
1283,1633000,1991-05-05,309,0.927927927927928,1.00873846819793,5,"Spring",67,0.97207861784497,0.392369249385728,132.129621235728,56.499148245621,10.3305946682222,0.34537600711683,0.0115467298953171,7.05844882681087e-05
1308,1633000,1992-04-16,152,0.962025316455696,0.99855792340971,4,"Spring",68,0.949493868857852,0.978254890372324,32.1076507017329,6.78224495779267,0.30262399123358,0.000602508421514091,1.19956252151604e-06,1.06564496836062e-10
1323,1633000,1992-08-31,61,0.717647058823529,1.01314878892734,8,"Summer",69,0.982320326993216,0.147573343338351,35.7210126985802,20.9178811182316,7.17307787666343,0.843492561060301,0.0991875053913413,0.00399963660156789
1345,1633000,1993-02-15,200,0.970873786407767,1.01800358186445,2,"Winter",70,0.944498768618501,0.878498629295181,36.063832493119,6.50300007045873,0.211445049581932,0.000223545044963528,2.36337465580541e-07,8.12426092531801e-12
1363,1633000,1993-06-07,158,0.913294797687861,0.971365565170905,6,"Summer",71,0.962372659223573,0.934366605828627,49.9983158908958,15.8217189362393,1.58434677276805,0.0158870550403832,0.00015930762267101,1.59965486678562e-07
1381,1633000,1994-06-05,165,0.976331360946746,0.993662686880711,6,"Summer",72,0.954191669655576,0.991500298895301,40.4159290285841,9.89968072268815,0.593961687340384,0.00213812415774689,7.69675049987017e-06,1.66233726530266e-09
1402,1633000,1994-07-11,87,0.935483870967742,0.995837669094693,7,"Summer",73,0.968766751476081,0.9895400636545,33.5811843361419,12.9620223151487,1.93119566090131,0.0428680078239546,0.000951569088518444,3.14702984919016e-06
1431,1633000,1994-09-20,73,0.960526315789474,0.973164819944598,9,"Fall",74,0.94798299212563,0.920550672696758,14.7007411463726,2.96043548291304,0.120057236280693,0.000197448492922714,3.24727676275192e-07,2.16579589931618e-11
1447,1633000,1994-12-31,58,0.983050847457627,0.999712726228095,12,"Winter",75,0.977346907007925,0.958026588012507,29.1669005274177,14.667380799591,3.70917344000363,0.237206338069455,0.0151696456718576,0.0002453291524096
1473,1633000,1995-04-09,121,0.991803278688525,1.02432141897339,4,"Spring",76,0.950949540386049,0.970759761650918,26.7614447866227,5.91880105014426,0.289522362571808,0.000692753706026127,1.6575842119757e-06,1.94008481813826e-10
1493,1633000,1995-06-09,76,0.904761904761905,0.98015873015873,6,"Summer",77,0.919217386847661,0.967819572210146,6.07240184163217,0.485185054292866,0.00309742811722594,1.2623764396555e-07,5.1448951035691e-12,1.33862210012022e-18
1509,1633000,1996-03-18,410,0.955710955710956,1.02031612521123,3,"Spring",78,0.970322997663915,0.816237173318932,166.063275060306,67.2610032286704,11.0342501349444,0.296962624489074,0.00799209726668784,3.52857386235941e-05
1535,1633000,1996-05-03,271,0.947552447552448,1.01050173602621,5,"Spring",79,0.956975120289205,0.906304407085277,72.4417113147108,19.3645813217856,1.38371590320313,0.0070652018478865,3.60746574031759e-05,1.31619027497409e-08
1551,1633000,1996-11-07,242,0.975806451612903,1.01121878251821,11,"Fall",80,0.948047213192941,0.96646492772046,48.8331055622405,9.8540173506319,0.401246520440308,0.000665284174237415,1.10307008271391e-06,7.44726788061991e-11
1571,1633000,1997-01-15,305,0.971337579617834,1.01464562456895,1,"Winter",81,0.955206684029588,0.99000181824958,77.1294833206204,19.5047776960848,1.24733230483176,0.00510110779894066,2.0861562452616e-05,5.45594933627409e-09
1586,1633000,1997-04-11,330,0.967741935483871,1.01314918172358,4,"Spring",82,0.96231588998997,0.98288553151453,104.242219742546,32.9286072025858,3.28573688576419,0.0327153541893072,0.00032573953330499,3.23629971348911e-07
1600,1633000,1997-12-08,124,0.961240310077519,1.00594916170903,12,"Winter",83,0.95563226764717,0.991338843710358,31.7794117068538,8.1446049067235,0.534956363601811,0.00230788960450059,9.95661476143592e-06,2.82134836092119e-09
1625,1633000,1998-08-06,55,0.964912280701754,0.998768851954448,8,"Summer",84,0.974947337507686,0.981139294733372,25.6919706640434,12.0014064836739,2.61879559247946,0.124692551912543,0.00593716918842878,6.16861680544525e-05
1641,1633000,1999-04-08,160,0.935672514619883,1.00133374371602,4,"Spring",85,0.916694573985694,0.933673873789862,11.7722588892805,0.866162995976519,0.00468898959749387,1.37416396533786e-07,4.02715033670008e-12,6.38905714212881e-19
1660,1633000,1999-10-31,108,0.955752212389381,0.981126164930692,10,"Fall",86,0.93934461039847,0.959288421112171,16.5261691065099,2.52883579015705,0.0592130597553634,3.24646893110393e-05,1.77993850751285e-08,2.28504954193055e-13
1680,1633000,1999-11-25,96,0.96969696969697,0.989286807468626,11,"Fall",87,0.957571267333843,0.935965668028911,26.1459496556493,7.12094461870573,0.528206794402855,0.00290627518388896,1.59907739430683e-05,6.52632367900151e-09
1707,1633000,2000-01-18,100,0.961538461538462,0.970784023668639,1,"Winter",88,0.961305071791043,0.931579398144708,30.6081449199007,9.36858535437642,0.877703915422363,0.00770364163147747,6.7615164229585e-05,5.55988950706301e-08
1721,1633000,2000-03-10,140,0.958904109589041,1.01144680052543,3,"Spring",89,0.940530673799071,0.995744205304024,22.2493307612767,3.53594799517639,0.0893066301756568,5.69691013809395e-05,3.63408462033362e-08,5.85502206042402e-13
1742,1633000,2000-05-12,122,0.931297709923664,1.02371656663365,5,"Spring",90,0.94112929430507,0.974629304380726,19.7623499239478,3.20123339767673,0.0839991415278764,5.78348834214771e-05,3.98203324407286e-08,7.19411551243152e-13
1760,1633000,2000-10-19,59,0.983333333333333,0.983333333333333,10,"Fall",91,0.938965064798562,0.941285316488012,8.91938759802499,1.34839788345427,0.0308165568153213,1.60959351517276e-05,8.40714067964307e-09,1.00356721744717e-13
1784,1633000,2001-01-18,50,0.980392156862745,0.999615532487505,1,"Winter",92,0.967454392021781,0.872634189866915,18.5304096764434,6.86752165553657,0.943257073785275,0.0177946781449192,0.000335699120718546,8.69841859457837e-07
1813,1633000,2001-05-15,96,0.95049504950495,0.997549259876483,5,"Spring",93,0.943640709844849,0.964794218460557,16.8450107257285,2.95577485781153,0.0910063021882372,8.62723649789245e-05,8.17846762267281e-08,2.38710922737179e-12
1828,1633000,2002-03-01,20.9,0.967592592592592,1.01686814128944,3,"Spring",94,0.975460279145248,0.983529691893011,9.91822538668802,4.70675573306903,1.05997844644872,0.0537585792792266,0.00272645623673133,3.11404334675537e-05
1843,1633000,2003-10-14,245,0.987903225806452,1.02375455254943,10,"Fall",95,0.947443501064273,0.961677064600637,48.5026779523894,9.60208068797225,0.376326340972774,0.000578046999632477,8.8789515217135e-07,5.34514492618013e-11
1879,1633000,2004-01-31,165,0.970588235294118,0.999134948096886,1,"Winter",96,0.958218663362536,0.953705062759987,45.858802174307,12.745634768862,0.984552761583174,0.00587481297176397,3.50549293038477e-05,1.61577792815493e-08
1903,1633000,2004-10-27,180,0.9375,1.015625,10,"Fall",97,0.952035591961931,0.849825774784144,41.1972332362394,9.42895570178394,0.493917809034466,0.00135530445600782,3.71893893047794e-06,5.34554903375365e-10
1922,1633000,2005-01-13,244,0.983870967741935,0.999739854318418,1,"Winter",98,0.960778787878755,0.944896392780404,73.4669499569131,22.1204620326704,2.00538869073283,0.0164819008234391,0.000135461547184856,1.00932059321045e-07
1946,1633000,2005-02-24,244,0.983870967741935,0.999739854318418,2,"Winter",99,0.999346204900931,0.00968843563190416,239.259313578853,234.610734156656,225.582772875103,208.555686139427,192.813811386072,171.400583504118
1969,1633000,2005-05-19,156,0.957055214723926,1.00989875418721,5,"Spring",100,0.962391324390447,0.886606298572864,49.3941570902775,15.639633042686,1.5679366776274,0.0157591373400594,0.00015839313745671,1.59603438270601e-07
2010,1633000,2006-04-02,122,0.991869918699187,0.999933901778042,4,"Spring",101,0.969130965457746,0.925578019307396,47.6248848762407,18.5912267170097,2.83306320363323,0.0657889107850867,0.00152773887174048,5.40622078713534e-06
2037,1633000,2006-08-26,54.5,0.973214285714286,1.00623405612245,8,"Summer",102,0.96477440226656,0.980398133276696,18.5853038237724,6.33786271966845,0.737036767951617,0.00996739811582689,0.000134795209030754,2.11989052452356e-07
2051,1633000,2006-10-26,168,0.943820224719101,0.991541472036359,10,"Fall",103,0.959180529861405,0.848956588072586,48.1193684177195,13.7825810530965,1.130711550507,0.00761017030029728,5.12196872611396e-05,2.82813894787628e-08
2069,1633000,2006-12-21,194,0.974874371859296,1.00916643519103,12,"Winter",104,0.963424523003083,0.974720347369649,63.4355382775577,20.7426160647602,2.21781505778376,0.0253541424254247,0.000289849478599489,3.54289205344334e-07
2090,1633000,2007-02-03,192,0.994818652849741,1.01028215522564,2,"Winter",105,0.95881303025635,0.960662101720743,54.3649574481417,15.3934822830117,1.2341630041531,0.00793311625427195,5.09935343159797e-05,2.62798000158367e-08
2110,1633000,2007-04-11,267,0.960431654676259,1.00534392629781,4,"Spring",106,0.9408096239434,0.954607078059318,42.8118309154315,6.86461747689699,0.176490535970485,0.00011666258159981,7.71155114391419e-08,1.31056022803278e-12
2137,1633000,2007-05-17,173,0.982954545454545,1.02763429752066,5,"Spring",107,0.958324035331403,0.968624139077062,48.241135593407,13.4520645279854,1.04600023159008,0.00632437274269651,3.82387014654481e-05,1.79775974729439e-08
2155,1633000,2008-03-04,138,0.978723404255319,1.02731250943112,3,"Spring",108,0.939520706774415,0.981308259031735,21.2358561371809,3.26783757883365,0.0773823365336042,4.33914928072462e-05,2.43314137616362e-08,3.23081040522519e-13
2172,1633000,2008-06-13,139,0.920529801324503,1.02416560677163,6,"Summer",109,0.966472687854926,0.402814730012694,49.9691965549052,17.9634575851996,2.32148063608105,0.0387717434798509,0.000647538501550902,1.39762607261889e-06
2186,1633000,2008-11-29,35.1,0.951219512195122,0.989886972040452,11,"Fall",110,0.957417688049863,0.859547069015368,9.51372333014016,2.57865902001291,0.189443941353104,0.00102247882949852,5.51858744758714e-06,2.18820665706546e-09
2200,1633000,2009-01-03,111,0.956896551724138,0.981643876337693,1,"Winter",111,0.907539135244603,0.949956678878507,6.04343473599542,0.329036967641766,0.00097536329797197,8.57057263991673e-09,7.53101080682659e-14,1.9616359716206e-21
2218,1633000,2009-01-27,125,0.9765625,1.0223388671875,1,"Winter",112,0.921897171410771,0.938553923672656,10.8989456513676,0.950296130491725,0.00722450188502036,4.17547419893302e-07,2.41325769768364e-11,1.06035318136469e-17
2244,1633000,2009-03-14,77.6,0.994871794871795,1.01400394477318,3,"Spring",113,0.972226017386648,0.990048966324666,33.333344285688,14.3184515627346,2.64198524683476,0.0899495624290276,0.0030624409393909,1.92384784944121e-05
2258,1633000,2010-01-15,195,0.960591133004926,0.9842510131282,1,"Winter",114,0.92374230562088,0.953337999939923,18.0534259630913,1.67141635387087,0.0143263211691641,1.05253065765148e-06,7.73276525225982e-11,4.86950631874358e-17
2279,1633000,2010-04-24,228,0.962025316455696,1.01073545906105,4,"Spring",115,0.945955004980634,0.974968445347618,43.0575414222417,8.13136786547394,0.28999624282308,0.000368850091453958,4.69145353888584e-07,2.12810820454644e-11
2294,1633000,2010-07-06,44.4,0.965217391304348,1.00508506616257,7,"Summer",116,0.939912177338694,0.982662685200538,6.9183297581117,1.07800195139581,0.0261731578201165,1.54286979792055e-05,9.09499430560042e-09,1.30170376855079e-13
2309,1633000,2010-10-22,52.8,0.985074626865672,0.988750278458454,10,"Fall",117,0.966437712799418,0.721623518639692,18.960508839682,6.80872908067538,0.878007418447626,0.014600322478202,0.000242787716810397,5.20622706113982e-07
2327,1633000,2011-02-24,108,0.972972972972973,0.972972972972973,2,"Winter",118,0.934594162895965,0.889564765687347,14.1943556783403,1.86555308447438,0.0322248917684432,9.61521897673961e-06,2.86897584125292e-09,1.47869450524882e-14
2349,1633000,2011-08-02,55.5,0.931208053691275,0.970268794198459,8,"Summer",119,0.964871748190172,0.992158930954501,18.9836925462612,6.49334383226976,0.759702957190555,0.0103990735705239,0.000142346071055299,2.27966869399805e-07
2365,1633000,2012-01-10,242,0.949019607843137,1.00112264513649,1,"Winter",120,0.936712916605007,0.978488476450275,34.0416523743349,4.78857064617792,0.0947537555100697,3.71003065424052e-05,1.45264189068913e-08,1.12546025574295e-13
2380,1633000,2012-02-22,235,0.979166666666667,1.00772569444444,2,"Winter",121,0.970655486495706,0.95978440163094,96.1659380978659,39.3527134052875,6.58994064833488,0.184797096802452,0.00518213574430961,2.43348820936947e-05
2398,1633000,2012-04-16,154,0.974683544303797,1.02403460983817,4,"Spring",122,0.942287606272648,0.966217859398787,25.8836244390929,4.35040268898705,0.122896126989258,9.80744027854534e-05,7.8266001682576e-08,1.76440939429706e-12
2417,1633000,2012-11-26,105,0.972222222222222,1.0082304526749,11,"Fall",123,0.982406253944435,0.441399102828242,61.6485482727243,36.1956524203278,12.477383372697,1.48271519837385,0.176194342501286,0.00721760797292403
2447,1633000,2013-05-06,203,0.957547169811321,0.998197757208971,5,"Spring",124,0.970926127853181,0.570667730504437,83.768682366696,34.5674489923764,5.88624891547066,0.170679439876254,0.00494907225549132,2.4436425165787e-05
2464,1633000,2013-06-01,250,0.905797101449275,1.02066267590842,6,"Summer",125,0.966870571560985,0.502292409020585,90.9892878089171,33.1162019838958,4.38673133535275,0.0769736472342628,0.00135065084127571,3.13938541151471e-06
2478,1633000,2014-01-30,215,0.955555555555556,1.01076543209877,1,"Winter",126,0.94789213151947,0.978546546051515,43.1723814530483,8.66909079222098,0.349549465878002,0.000568301530677194,9.23951146538904e-07,6.0569541078077e-11
2494,1633000,2015-01-23,132,0.977777777777778,1.01399176954733,1,"Winter",127,0.935352324931913,0.954346451251712,17.7758686858333,2.39379929951507,0.0434111748966578,1.42767432265774e-05,4.6952287663911e-09,2.80025879786098e-14
2508,1633000,2015-04-06,250,0.925925925925926,0.984224965706447,4,"Spring",128,0.943192800860505,0.980897089365596,43.2468346733072,7.48115483704146,0.223870710783155,0.000200472380586221,1.79519577336914e-07,4.81058310040212e-12
2526,1633000,2015-07-31,83.1,0.895474137931034,0.974600085463734,7,"Summer",129,0.969916765684623,0.555857509409429,33.2380103032904,13.2944082902724,2.12685068337502,0.0544343421103827,0.0013931855320883,5.70443875508323e-06
2542,1633000,2015-10-27,98.7,0.977227722772277,0.99657876678757,10,"Fall",130,0.94077508696105,0.954792721556988,15.8085267139018,2.53201131574616,0.0649552310341096,4.27475383859631e-05,2.81324846200578e-08,4.74956197355714e-13
2556,1633000,2016-01-14,579,0.84402332361516,1.01012120800007,1,"Winter",131,0.982410878020848,0.0546510478174958,339.995715198971,199.649544652263,68.8427300170222,8.18535660828429,0.973233670254169,0.0399012412880525
2576,1633000,2016-04-21,142,0.965986394557823,0.998843074644824,4,"Spring",132,0.966976991568658,0.992578128156394,51.8528414549194,18.9346279362606,2.52478968369451,0.044891288358382,0.00079817649109154,1.892362033365e-06
2602,1633000,2016-09-16,51.4,0.957169459962756,1.01064261415062,9,"Fall",133,0.959792217876288,0.967778365730278,15.0065150383221,4.38123528395694,0.373447910766327,0.00271329459252402,1.97135057757134e-05,1.22085542442327e-08
2622,1633000,2016-10-31,68.4,0.979942693409742,0.991174128291229,10,"Fall",134,0.960729598761339,0.806892724190532,20.5632250918489,6.18196237102404,0.558723081239139,0.00456391054838243,3.72801485978368e-05,2.7522533011269e-08
2650,1633000,2017-03-12,70.8,0.965893587994543,0.988294939967131,3,"Spring",135,0.978514080966272,0.9578735587839,36.9016381357178,19.2334872471676,5.22495807467454,0.385595859916761,0.0284565282744796,0.00057050078070785
2671,1633000,2017-12-02,34.4,0.971751412429379,0.98822177535191,12,"Winter",136,0.959247996065972,0.986531560290483,9.87382579380595,2.83408243623336,0.233489048121117,0.00158480045327051,1.07567892237223e-05,6.01512652544686e-09
2689,1633000,2018-03-17,94.3,0.944889779559118,1.00359034702672,3,"Spring",137,0.911485390481102,0.924889012940021,5.84794197372987,0.362655623839995,0.00139468824499232,2.06273096576858e-08,3.05075994754941e-13,1.73522664457925e-20
2703,1633000,2018-12-14,342,0.994186046511628,1.02597687939427,12,"Winter",138,0.945844534516023,0.948714572222902,64.3604194239292,12.1118818374973,0.428940589606717,0.000537982542140814,6.74744294807021e-07,2.9970623548479e-11
2718,1633000,2019-01-18,468,0.97907949790795,1.01185203340278,1,"Winter",139,0.949088757820458,0.976773412717595,97.6002041967029,20.3542732035002,0.885248798381896,0.00167449879281323,3.16741035091848e-06,2.60575494685069e-10
2733,1633000,2019-05-30,239,0.952191235059761,1.02806304661831,5,"Spring",140,0.923564771702915,0.898517025304217,21.9997967310861,2.02506718079124,0.0171585652163924,1.23186761625602e-06,8.84396687510075e-11,5.37986912040165e-17
2748,1633000,2019-11-21,61.3,0.956318252730109,0.986156575748209,11,"Fall",141,0.9603534706288,0.95239607175773,18.2135155556633,5.41161743713521,0.477742304827175,0.00372329053542548,2.90175106351611e-05,1.99645713993223e-08
2773,1633000,2020-03-12,124,0.976377952755906,0.991753983507967,3,"Spring",142,0.959468938751046,0.953671022616369,35.8384548239491,10.3580229368407,0.865230960968688,0.00603729528886129,4.21262484228483e-05,2.45537785242862e-08
2787,1633000,2020-05-19,216,0.964285714285714,1.00733418367347,5,"Spring",143,0.892490075416863,0.954169409520403,7.12123985032752,0.234778041693948,0.000255188559544653,3.01487041307755e-10,3.56185387929192e-16,4.57390640065958e-25
2807,1633000,2021-01-24,210,0.954545454545455,1.00227272727273,1,"Winter",144,0.932444404589015,0.944891633549082,25.757737339071,3.15933825156463,0.0475305627990452,1.07578780952094e-05,2.43489523994678e-09,8.29107366170134e-15
2830,1633000,2021-03-25,270,0.996309963099631,1.00366280415572,3,"Spring",145,0.938257252761721,0.828373291058776,39.9044813427891,5.89765789347037,0.128823587512642,6.14648766652867e-05,2.9326392289053e-08,3.05637105041334e-13
2846,1633000,2021-05-24,145,0.993150684931507,1.02716269468943,5,"Spring",146,0.93335153443267,0.955159867652305,18.3115613375077,2.31250536977452,0.036880559208524,9.3805217071272e-06,2.38592335328655e-09,9.67833679418805e-15
2861,1633000,2021-10-28,99.8,0.988118811881188,1.00768552102735,10,"Fall",147,0.972302502652339,0.960675627361179,42.9707218573155,18.5018330354587,3.43003833338667,0.117887404494008,0.00405168653745399,2.58159723314099e-05
2903,1633000,2021-12-29,70.7,0.991584852734923,1.00688279576449,12,"Winter",148,0.970534349904217,0.929065951459308,28.8235016464361,11.7509794506662,1.953119067185,0.0539557862885661,0.00149055268720166,6.84402032870045e-06
2925,1633000,2022-09-03,57.5,0.977891156462585,1.02944664260262,9,"Fall",149,0.971344580745035,0.971901671592359,24.0362930742319,10.0477110391368,1.75576516740856,0.0536123708362642,0.00163705623054788,8.73497111631602e-06
2943,1633000,2022-12-18,456,0.876923076923077,1.00340236686391,12,"Winter",150,1.03869525932391,0.15460472515998,1424.32575355182,4448.91195664686,43405.3017499899,4131623.28949052,393277095.60882,365229256787.822
2973,1633000,2023-04-27,92.1,0.95440414507772,1.00880023624795,4,"Spring",151,0.958385286391604,0.988427954910891,25.7314202561573,7.18899010205191,0.561146348397397,0.00341894923257039,2.08309541499778e-05,9.90681217998171e-09
2992,1633000,2023-06-19,40.6,0.980676328502415,0.978307545100236,6,"Summer",152,0.96607410775084,0.914451189690651,14.4158186092637,5.11861640825601,0.645325958986888,0.0102572806241957,0.000163036686093762,3.26711929146573e-07
3006,1633000,2024-05-02,144,0.929032258064516,0.982976066597295,5,"Spring",153,0.930619049573511,0.987679685762519,16.654079681306,1.92609979188395,0.0257629195020513,4.60922236992484e-06,8.24632117246028e-10,1.97337272854962e-15
3034,1633000,2024-06-23,50.2,0.969111969111969,1.02897988998375,6,"Summer",154,0.93345376063304,0.979817901890595,6.3604524189239,0.80588356520707,0.0129372175432442,3.33409557293277e-06,8.59241429023875e-10,3.55484733561085e-15
3058,1633000,2024-11-01,105,0.981308411214953,1.0271639444493,11,"Fall",155,0.951538884484683,0.955832242008244,23.6584076052718,5.33066905159221,0.270628881310505,0.000697523727613097,1.79781015325205e-06,2.35245374923901e-10
3072,1633000,2025-03-04,266,0.956834532374101,1.01878784741991,3,"Spring",156,0.925592459012543,0.973452182571787,26.1502513070922,2.57081068956419,0.024846118802923,2.32078804349235e-06,2.16776599417346e-10,1.95694121733247e-16
3090,1633000,2025-04-29,107,0.891666666666667,0.995694444444444,4,"Spring",157,0.961267347804113,0.859130888944581,32.7121804254355,10.0008107307126,0.934730983846127,0.00816562628188738,7.13333073662466e-05,5.8243390969791e-08
24,1634000,1925-05-26,307,0.977707006369427,1.01818532191975,5,"Spring",1,0.931685308248783,0.869280562111621,36.7464839173885,4.3983846263547,0.0630155938806298,1.29347396486269e-05,2.65501726595946e-09,7.8078567508674e-15
44,1634000,1926-06-07,169,0.880208333333333,0.990234375,6,"Summer",2,0.935914518444191,0.947380431959983,23.1724650199335,3.17729665739671,0.0597349943733981,2.11140210224255e-05,7.46299365073607e-09,4.95936709167648e-14
58,1634000,1927-12-27,300,0.835654596100279,0.979973774256873,12,"Winter",3,0.943650168950269,0.937792356819649,52.6564910031018,9.24235348253246,0.284736992986933,0.000270250517250802,2.56501065450522e-07,7.50020497965107e-12
76,1634000,1935-01-13,236,0.967213114754098,1.0227089492072,1,"Winter",4,0.97352065731256,0.900290016398274,105.50356693553,47.1652654072875,9.42611127516896,0.37648971937232,0.0150374321557654,0.000120034066669953
93,1634000,1935-09-27,192,0.96969696969697,1.02846648301194,9,"Fall",5,0.941839567692273,0.883385558528624,31.8133335380942,5.27129266044805,0.14472149120882,0.000109084948008879,8.22236267931332e-08,1.7015484875522e-12
112,1634000,1937-03-17,427,0.970454545454545,0.996921487603306,3,"Spring",6,0.939702217828907,0.925245604096148,66.0899511092758,10.2292310014671,0.245051913071139,0.000140633349179919,8.07083636022029e-08,1.1095934267767e-12
142,1634000,1939-04-15,287,0.947194719471947,0.981581326449477,4,"Spring",7,0.962858092467006,0.918323192346129,92.204144344885,29.6223144054787,3.05742686667955,0.0325709374393516,0.000346979997212586,3.8151859531365e-07
162,1634000,1939-05-19,287,0.928802588996764,0.976895926938344,5,"Spring",8,0.964971285824647,0.974871906015349,98.4721930754261,33.786664840014,3.97748683279246,0.0551233501917679,0.000763945643091165,1.24638650813846e-06
178,1634000,1940-05-20,306,0.947368421052632,1.00896203356689,5,"Spring",9,0.958575288813847,0.968243013960562,86.0019501288525,24.1710308038093,1.90927689581273,0.0119128701466807,7.43299599146232e-05,3.66340669398072e-08
194,1634000,1940-09-24,192,0.974619289340102,0.974619289340102,9,"Fall",10,0.955079079319465,0.95173566948845,48.3594320391624,12.1803888914081,0.772718091385098,0.00310986067059285,1.25158625096567e-05,3.19551279719685e-09
210,1634000,1941-02-19,317,0.966463414634146,0.981196088637716,2,"Winter",11,0.965550363289138,0.954974713683478,110.740686097088,38.6861184771413,4.72118537169532,0.0703141681826809,0.00104721205756151,1.9033660557551e-06
242,1634000,1941-05-12,228,0.942148760330578,1.01611911754662,5,"Spring",12,0.961204203787793,0.966819431853218,69.5672269603081,21.226311697136,1.97612415905252,0.0171274854911887,0.000148447534486664,1.19782137820303e-07
267,1634000,1942-11-23,430,0.988505747126437,1.01123001717532,11,"Fall",13,0.962808769986947,0.975500753648452,137.933444186548,44.2456628492176,4.55274111852706,0.0482033760286676,0.000510366260691946,5.56017814905757e-07
289,1634000,1942-12-20,350,0.958904109589041,0.982548320510415,12,"Winter",14,0.975917037707709,0.921982854383788,168.44380599053,81.0666165045008,18.7765608899651,1.00731211101305,0.054039591964674,0.000671481527259715
310,1634000,1943-01-25,568,0.991273996509599,1.01030368928727,1,"Winter",15,0.970936584573939,0.686259276875657,234.462990418491,96.7832638661644,16.4911974728655,0.478802102269446,0.013901443695332,6.87726389875581e-05
329,1634000,1943-03-05,440,0.946236559139785,0.986934905769453,3,"Spring",16,0.951105614547414,0.972494453822362,97.7946368902296,21.7358886465724,1.07374739830953,0.00262030335312839,6.39441797318943e-06,7.70859435696221e-10
345,1634000,1943-04-06,622,0.96583850931677,1.01083098645886,4,"Spring",17,0.933507907329047,0.969122064279886,78.9460517871249,10.0200628501212,0.16141745903598,4.18900258547143e-05,1.08710314026037e-08,4.5447597817909e-14
359,1634000,1944-02-14,130,0.928571428571429,0.994897959183674,2,"Winter",18,0.93611663376255,0.91208174732301,17.9408171392903,2.4759455355804,0.0471562022704656,1.71054416351774e-05,6.20482819749285e-09,4.28669876066708e-14
377,1634000,1944-11-13,205,0.936073059360731,0.970267509017744,11,"Fall",19,0.956585093316458,0.897522421472673,54.1330039224675,14.2945468959506,0.996751565661131,0.00484640821291666,2.35642193856471e-05,7.9891882682844e-09
414,1634000,1945-04-16,301,0.97411003236246,1.00248216922739,4,"Spring",20,0.980168380454826,0.882296218311382,165.039213984849,90.4915021685603,27.2050231386131,2.45884811950989,0.222235946796019,0.00603862712820281
430,1634000,1946-01-26,484,0.956521739130435,1.00189035916824,1,"Winter",21,0.933652365779423,0.983416219621527,61.7165188884991,7.86968740436873,0.127958636038181,3.38293647453549e-05,8.94371770837551e-09,3.84462905563648e-14
454,1634000,1948-11-03,349,0.985875706214689,0.985875706214689,11,"Fall",22,0.954848072920404,0.838342855974335,87.2677351898857,21.8213684961949,1.36439003738317,0.00533398330690671,2.08528185773973e-05,5.0972323854568e-09
474,1634000,1949-03-17,484,0.966067864271457,0.987278935143685,3,"Spring",23,0.961521538051011,0.986566922668915,149.147462040791,45.9606723826639,4.36442852451769,0.0393558602182307,0.000354888096990448,3.03888642489447e-07
488,1634000,1949-06-11,272,0.981949458483754,1.01385395352474,6,"Summer",24,0.937299137590506,0.962375682560242,38.9866058111234,5.58807144364678,0.114803464923899,4.84552777887241e-05,2.04515947941014e-08,1.7733984201245e-13
503,1634000,1949-11-20,254,0.947761194029851,0.979588995321898,11,"Fall",25,0.951620827974473,0.918380902458453,57.3788554125942,12.9619411356669,0.661464244112178,0.00172257852849959,4.48592167038522e-06,5.96157031501518e-10
528,1634000,1950-04-19,328,0.964705882352941,1.00442906574394,4,"Spring",26,0.9352574323215,0.936899442175334,44.0361039284191,5.91212941827599,0.106564860544038,3.4622163118202e-05,1.12484938549516e-08,6.58725750955892e-14
543,1634000,1950-10-12,266,0.880794701986755,0.988706635673874,10,"Fall",27,0.96911129960915,0.479204345010211,103.774669223546,40.4856465129938,6.16198335930483,0.142744507219359,0.00330672660946564,1.16588742191834e-05
557,1634000,1954-12-13,247,0.961089494163424,0.979787733349483,12,"Winter",28,0.958585598192127,0.958081172789622,69.4422763780728,19.5231973626261,1.54313860429171,0.00964079656702575,6.02311148125523e-05,2.97428701932089e-08
575,1634000,1955-01-21,312,0.96594427244582,0.9808969701617,1,"Winter",29,0.941752612514351,0.952267254691855,51.5536719399599,8.51852913619554,0.232581213603245,0.000173378272183199,1.29245285117956e-07,2.63053912985545e-12
589,1634000,1955-09-19,312,0.981132075471698,1.01198528539219,9,"Fall",30,0.951415563586537,0.945006808533313,70.0264545455379,15.7170010776227,0.791743983570491,0.00200916197282074,5.09853174358794e-06,6.51764038562104e-10
606,1634000,1955-10-28,163,0.981927710843373,0.981927710843373,10,"Fall",31,0.985305927842505,0.969416606602231,104.549141986071,67.0584238651763,27.5879276765745,4.66928683121415,0.790281885893973,0.0550274311572072
620,1634000,1956-03-07,286,0.962962962962963,0.995385958348921,3,"Spring",32,0.962024416264914,0.99210719290049,89.5259362360961,28.0241023040194,2.7459801047068,0.0263650585155439,0.000253139601899,2.38153584520401e-07
637,1634000,1956-04-30,328,0.950724637681159,0.981037597143457,4,"Spring",33,0.952373046619786,0.942914451743719,75.8729059859679,17.5509081181571,0.939129194426807,0.00268891354824617,7.69889394648706e-06,1.1795207461546e-09
657,1634000,1956-12-11,115,0.974576271186441,0.974576271186441,12,"Winter",34,0.988800726382688,0.853894466379873,82.0278151017154,58.5092386987932,29.7680957661944,7.70556109169845,1.99460765660818,0.262686226889513
677,1634000,1957-03-31,323,0.936231884057971,0.979651333753413,3,"Spring",35,0.966213616273012,0.983536532220572,115.18531802944,41.0763389769141,5.22373258125805,0.0844810590727457,0.00136627387237612,2.80999394290293e-06
694,1634000,1957-04-26,378,0.984375,1.0125732421875,4,"Spring",36,0.914181740407784,0.908157929634876,25.6134498441432,1.7355788701546,0.00796887305430457,1.67997189829686e-07,3.54166211437216e-12,3.42818925012487e-19
708,1634000,1958-02-25,280,0.96551724137931,0.998810939357907,2,"Winter",37,0.941116270151954,0.950611950020546,45.3373863748097,7.34099501178137,0.192465027724996,0.000132295667489942,9.09367475405304e-08,1.6388156777019e-12
726,1634000,1958-09-20,189,0.979274611398964,0.979274611398964,9,"Fall",38,0.955307574195819,0.95311154138444,47.9466685370372,12.1634022423308,0.78279552438485,0.00324216313755001,1.34283110761889e-05,3.57932544722221e-09
742,1634000,1958-10-20,129,0.969924812030075,0.991802815308949,10,"Fall",39,0.987408624223045,0.939215619076291,88.2058102544127,60.3121314933136,28.1980868625329,6.1638147496663,1.34734716058645,0.137696978961264
761,1634000,1959-03-31,152,0.980645161290323,1.00595213319459,3,"Spring",40,0.965326769468282,0.937492264260201,52.7319802992748,18.2938272781783,2.20173760844619,0.0318924243187259,0.000461965460835938,8.05364469312001e-07
782,1634000,1959-11-22,139,0.97887323943662,0.999553659988098,11,"Fall",41,0.964607545824693,0.919890273205372,47.1557274328009,15.997572875659,1.84116789864764,0.0243877642518746,0.000323035745757827,4.92457179204805e-07
797,1634000,1960-04-26,524,0.977611940298508,1.01956170639341,4,"Spring",42,0.942527782040832,0.963580904667213,88.7474939240004,15.0307589270811,0.431152125809212,0.000354756022117944,2.91896589846893e-07,6.88934428302925e-12
811,1634000,1960-10-08,152,0.980645161290323,0.980645161290323,10,"Fall",43,0.959307101839384,0.948517711473371,43.7092521644239,12.5690705577184,1.03935220187436,0.0071069276285598,4.85960584164827e-05,2.74776618217903e-08
829,1634000,1961-06-05,262,0.949275362318841,1.00086641461878,6,"Summer",44,0.938379139348526,0.970646263512047,38.873319700993,5.76769078082293,0.126970446348053,6.1532420785587e-05,2.98198432519931e-08,3.18132024144346e-13
857,1634000,1962-02-16,257,0.980916030534351,0.973428121904318,2,"Winter",45,0.974796189856215,0.988369362490453,119.494471713163,55.5600341245441,12.011351719535,0.561371868211583,0.0262367118853766,0.000265092565166666
875,1634000,1962-08-02,145,0.973154362416107,0.992748074411063,8,"Summer",46,0.968545053680363,0.983321190551653,55.5856679198852,21.3087343317225,3.13146316427536,0.0676280106842308,0.00146051465055786,4.63526828270417e-06
901,1634000,1963-04-24,330,0.970588235294118,0.999134948096886,4,"Spring",47,0.960664128144816,0.949141032938497,99.0059201533834,29.7035521982368,2.67363943391932,0.0216616600685104,0.000175501419888863,1.27986446664757e-07
932,1634000,1964-04-13,367,0.943444730077121,0.987100270286345,4,"Spring",48,0.9657017181537,0.921191942390808,128.811959563811,45.2112286830215,5.56963269490046,0.0845253633681312,0.00128276628709396,2.3982158789178e-06
950,1634000,1964-11-10,118,0.983333333333333,1.00791666666667,11,"Fall",49,0.975237618074082,0.824843854509123,55.6154377178799,26.2125162080625,5.82284750811815,0.287335195786422,0.0141788900744035,0.000155425527378777
965,1634000,1965-07-04,118,0.983333333333333,0.983333333333333,7,"Summer",50,0.979241185708759,0.973382433701742,62.8886308813605,33.5167787638306,9.52012253138617,0.768074008581412,0.0619674463971864,0.00142005248449481
988,1634000,1966-04-11,139,0.97887323943662,0.985766712953779,4,"Spring",51,0.980549415174747,0.986678597519105,77.1079842822562,42.7743974105947,13.1629429772625,1.24649689081054,0.118040053921397,0.00343982777341678
1004,1634000,1966-06-16,131,0.956204379562044,0.991102349619053,6,"Summer",52,0.934813189040735,0.971148154635573,17.3386878912025,2.29488624266054,0.0402023119599437,1.23376021902644e-05,3.78626055031064e-09,2.03554213668856e-14
1023,1634000,1966-11-27,142,0.979310344827586,0.986064209274673,11,"Fall",53,0.970311918924568,0.944846582136224,57.4949006413015,23.2793211250221,3.81638585944999,0.102569021325421,0.00275664058171804,1.21457977702299e-05
1037,1634000,1967-03-04,346,0.980169971671388,0.971839915254917,3,"Spring",54,0.946709487357974,0.870630862680648,66.92339742313,12.9443385047809,0.484265604989464,0.000677783746172866,9.48633976567712e-07,4.9671807496957e-11
1077,1634000,1967-05-03,263,0.996212121212121,1.00753271349862,5,"Spring",55,0.960377077000283,0.951229639611125,78.2004607276783,23.252137102742,2.05574859256545,0.01606882994614,0.000125602564813501,8.68000324387027e-08
1094,1634000,1967-06-18,167,0.982352941176471,0.982352941176471,6,"Summer",56,0.95253792174108,0.96595517431458,38.8315482219986,9.02927627136168,0.48819059871003,0.00142712611178957,4.17191347873812e-06,6.59393564079765e-10
1114,1634000,1967-09-18,212,0.995305164319249,1.00932354691529,9,"Fall",57,0.949286996074256,0.855074628591453,44.4899390982861,9.33657868381699,0.411187271316537,0.000797523453267639,1.54684666301916e-06,1.32130466003016e-10
1133,1634000,1967-11-21,153,0.968354430379747,0.97448325588848,11,"Fall",58,0.967383477334914,0.872105532784399,56.5784955400263,20.9223931867502,2.86108847490831,0.0535021389624389,0.00100048596842076,2.55841379304144e-06
1157,1634000,1968-03-03,301,0.96474358974359,0.998756985535832,3,"Spring",59,0.949203635126249,0.869984463600457,63.0011211410687,13.1865158306698,0.577688371270783,0.00110871712392522,2.12788368611424e-06,1.78911632975011e-10
1184,1634000,1968-04-23,338,0.974063400576369,1.00213439194745,4,"Spring",60,0.963477657369727,0.946592542790688,110.70472067798,36.2589798236378,3.88968525991413,0.0447622823112226,0.000515121863035733,6.35926062179403e-07
1200,1634000,1968-05-13,252,0.99604743083004,1.01179521629771,5,"Spring",61,0.977331606635425,0.991785421408863,126.665651029272,63.6674093280529,16.0854722640708,1.02675562681822,0.0655390839569962,0.00105693986828685
1215,1634000,1968-06-16,231,0.939024390243902,1.02681935355939,6,"Summer",62,0.922201436939011,0.933022550596857,20.3416331337425,1.79126423613753,0.01389016261327,8.35223452047977e-07,5.02224656595804e-11,2.34175284094352e-17
1234,1634000,1968-12-10,178,0.978021978021978,0.999516966549933,12,"Winter",63,0.953461234614197,0.767818375986826,42.6099686051046,10.2000529467865,0.584500450096901,0.00191933020316561,6.30252453727459e-06,1.18593754009821e-09
1250,1634000,1969-04-13,232,0.978902953586498,0.995424522423401,4,"Spring",64,0.938876541432057,0.892134546791845,34.9737841286456,5.27226541498753,0.119813718129628,6.18764097070941e-05,3.19553565151686e-08,3.75034748146023e-13
1265,1634000,1969-05-08,157,0.96319018404908,1.01637246414995,5,"Spring",65,0.945458481844116,0.989041662667099,29.185929019165,5.42559524020214,0.187497348474548,0.00022391882601902,2.67415198421019e-07,1.10364475489047e-11
1287,1634000,1969-10-30,151,0.967948717948718,0.986563116370809,10,"Fall",66,0.976769420493465,0.956435944310136,74.5999593654815,36.855324088288,8.99546300432279,0.535883143457881,0.0319239535868581,0.00046418011570723
1305,1634000,1970-05-16,339,0.952247191011236,0.997719669233683,5,"Spring",67,0.937503793293089,0.978412354815661,48.9092166556588,7.05637602911555,0.146880361841524,6.36396480669524e-05,2.75734942051362e-08,2.4867828187594e-13
1327,1634000,1970-09-17,106,0.981481481481482,0.999657064471879,9,"Fall",68,0.972238827791678,0.885278229669536,45.5506630970511,19.5741783828401,3.61460810720043,0.123258412911689,0.00420312130746461,2.64670144258807e-05
1342,1634000,1970-12-09,204,0.962264150943396,0.994037023851905,12,"Winter",69,0.941452151461024,0.978704615970132,33.3870259687858,5.46418383843324,0.146359338334289,0.000105005176066916,7.53357259354381e-08,1.44772602823844e-12
1366,1634000,1971-04-05,403,0.954976303317536,0.970817142472092,4,"Spring",70,0.968440058476565,0.988455665965145,153.988186379285,58.8396068098797,8.59081719489142,0.183131861230873,0.00390385196623984,1.21503136290038e-05
1392,1634000,1971-11-28,251,0.992094861660079,0.984252214532331,11,"Fall",71,0.96249194434967,0.910061530151032,79.7235853222359,25.3221117794097,2.55461890425864,0.0260003097450025,0.000264625031040493,2.71712439834041e-07
1413,1634000,1972-01-01,250,0.9765625,1.00326538085938,1,"Winter",72,0.953915936927194,0.935307971048183,60.7076113133557,14.7416562854939,0.869265720158569,0.00302249156897118,1.05093932414997e-05,2.15474786905001e-09
1430,1634000,1972-03-21,481,0.950592885375494,1.02949585214579,3,"Spring",73,0.954756013779604,0.765567575625405,119.927050715452,29.9012421898266,1.8588030862675,0.00718326177446482,2.7759395334392e-05,6.66871971812724e-09
1452,1634000,1972-09-21,160,0.98159509202454,0.999661259362415,9,"Fall",74,0.987455408927309,0.964512677730191,109.55817129972,75.0187056158668,35.1737887017505,7.7324713227212,1.69987695279838,0.175212964310172
1475,1634000,1973-01-19,611,0.98389694041868,1.01875319273625,1,"Winter",75,0.964528197021192,0.925550608276031,206.7707296117,69.9740337547542,8.01369132555071,0.105105153291664,0.00137852742259261,2.07063003651e-06
1493,1634000,1973-05-23,485,0.952848722986248,1.02024077412083,5,"Spring",76,0.959353716561394,0.973141195914795,139.670474779479,40.2223536600516,3.33574790506034,0.022942709455906,0.000157796072173086,9.00064045915318e-08
1525,1634000,1973-12-04,198,0.970588235294118,0.999134948096886,12,"Winter",77,0.965228458957864,0.8585494893693,68.4807861547547,23.6849397594608,2.8332139970166,0.0405409169337918,0.000580106531862153,9.92953790882218e-07
1540,1634000,1974-02-13,501,0.990118577075099,1.01946991829274,2,"Winter",78,0.947919686413727,0.949199600272305,100.689459547109,20.2362620037701,0.817377844082294,0.0013335459880172,2.17567054824371e-06,1.43374143422192e-10
1563,1634000,1974-05-02,309,0.965625,1.016923828125,5,"Spring",79,0.95667752311822,0.972517806365097,81.8324573709549,21.6716863410005,1.5199417115298,0.00747644921180625,3.67759450199301e-05,1.26872215124997e-08
1581,1634000,1974-10-04,117,0.966942148760331,0.982924663615873,10,"Fall",80,0.968048909525692,0.945803500822837,44.1677081141874,16.6733883765817,2.37608444407119,0.0482545067124538,0.00097997250218624,2.83614155783618e-06
1595,1634000,1975-04-15,534,0.979816513761468,1.0139752546082,4,"Spring",81,0.939546005172593,0.956583118306436,82.2399365944121,12.6655565000991,0.300405096361802,0.000168994797603265,9.50690982371764e-08,1.26849404641564e-12
1614,1634000,1975-11-11,327,0.984939759036145,0.973073014951372,11,"Fall",82,0.957298780358842,0.906860603784459,88.3024840097051,23.8450418418478,1.73879516953967,0.00924589798658867,4.91642897771773e-05,1.90634183356769e-08
1644,1634000,1975-12-25,215,0.981735159817352,1.00414920456204,12,"Winter",83,0.982634159914368,0.962438232741044,127.114235875727,75.1536230803256,26.270079358603,3.20984683491768,0.392199679452317,0.0167510340572698
1660,1634000,1976-03-08,347,0.961218836565097,1.01979726981837,3,"Spring",84,0.965636093985289,0.967997311294808,121.544187353998,42.5734567133825,5.22334068163184,0.0786261898455049,0.00118354863418367,2.18582015149035e-06
1686,1634000,1976-05-01,246,0.991935483870968,1.0199336628512,5,"Spring",85,0.96592793684149,0.906000545893776,86.9514679261014,30.733974693105,3.83974471722122,0.0599334938757247,0.000935485026398066,1.8242640810477e-06
1710,1634000,1976-11-28,292,0.989830508474576,0.999896581442114,11,"Fall",86,0.962116018637903,0.934894089618659,91.6655639658952,28.7759438944713,2.83580461307452,0.0275403691901875,0.000267462691764758,2.55978441673914e-07
1735,1634000,1977-01-07,265,0.946428571428571,1.0140306122449,1,"Winter",87,0.963408748117586,0.943922891588849,86.6090830389203,28.306163263557,3.02354293850242,0.0344974033998787,0.000393601435646689,4.79691556140943e-07
1788,1634000,1977-06-04,119,0.944444444444444,0.989417989417989,6,"Summer",88,0.96864359246,0.971323623579908,45.7580238686121,17.5949306584914,2.60152592333715,0.0568734212587834,0.0012433418466689,4.0189476154683e-06
1803,1634000,1978-01-05,354,0.944,0.971690666666667,1,"Winter",89,0.92695542194652,0.953612323910184,36.3721299443136,3.73709558385886,0.0394516480307835,4.39670206877069e-06,4.89991928003838e-10,5.76476698332365e-16
1820,1634000,1978-04-18,478,0.975510204081633,1.01532694710537,4,"Spring",90,0.937660866413196,0.968091882392014,69.3109139315646,10.0502150419012,0.211311343908904,9.34152386288437e-05,4.12964427117823e-08,3.83844229636878e-13
1851,1634000,1978-06-20,207,0.962790697674419,0.998615467820444,6,"Summer",91,0.94990977704129,0.911958981223867,44.303810106519,9.48225888866905,0.434363447496344,0.000911457026671059,1.91257785676139e-06,1.83841481978914e-10
1866,1634000,1979-07-23,280,0.933333333333333,1.02666666666667,7,"Summer",92,1.00064024910349,0.00597832932155895,285.428320240205,290.961878554089,302.352909899015,326.490293301436,352.554607976686,395.60391187701
1880,1634000,1979-10-31,593,0.941269841269841,0.977127739984883,10,"Fall",93,0.951611799804451,0.955505999535043,133.92117478212,30.244318811169,1.54252752167223,0.00401246400525508,1.04373291025719e-05,1.38470327589607e-09
1913,1634000,1980-07-07,218,0.964601769911504,0.977406218184666,7,"Summer",94,0.973757944354836,0.950924423454014,98.1718351724992,44.2096753263135,8.96557519476172,0.36872265400425,0.0151642691765469,0.000126474793934603
1931,1634000,1980-12-19,149,0.993333333333333,1.00657777777778,12,"Winter",95,0.977229896136425,0.944573408759136,74.660107557339,37.4102796004928,9.39281221333591,0.592113565603975,0.0373262518838047,0.000590783611605525
1959,1634000,1981-03-29,147,0.993243243243243,1.00666544923302,3,"Spring",96,0.96797250912261,0.910626076918377,55.361523650093,20.8496483051687,2.95719615271582,0.0594898577254236,0.00119675631558663,3.4146793223654e-06
1973,1634000,1981-07-23,109,0.964601769911504,1.00728326415538,7,"Summer",97,0.944709150733615,0.951993219888353,19.7865538068193,3.59181386743264,0.118358962002582,0.000128521503544299,1.39556621601048e-07,4.9935847178378e-12
1987,1634000,1981-10-03,91,0.968085106382979,0.978383884110457,10,"Fall",98,0.957942123482693,0.850122620357665,25.0737630944515,6.9087208320514,0.524510148738692,0.00302319666076797,1.74252453868761e-05,7.62513711977909e-09
2011,1634000,1982-04-25,346,0.971910112359551,0.988290619871228,4,"Spring",99,0.968281887666425,0.954570283412531,131.561962733238,50.024711093127,7.23257722529141,0.151185472022555,0.0031602907564892,9.5510806421025e-06
2025,1634000,1983-05-14,488,0.960629921259842,1.01168702337405,5,"Spring",100,0.933746867188597,0.989262370900132,62.415801785293,7.98305801742006,0.130592654322735,3.49476257439701e-05,9.35226067250534e-09,4.09416172511287e-14
2042,1634000,1984-05-27,429,0.918629550321199,0.989444676256024,5,"Spring",101,0.94038501846111,0.965466934858541,67.8622635374463,10.7349342946989,0.268621944782055,0.00016819988162819,1.05319765303207e-07,1.65019846147135e-12
2058,1634000,1985-04-12,320,0.972644376899696,0.981513474561395,4,"Spring",102,0.954359191692364,0.973776985009625,78.7962951692073,19.4026754137277,1.17644941628272,0.00432510384084988,1.59008309029063e-05,3.54449803155531e-09
2090,1634000,1986-01-17,195,0.975,0.975,1,"Winter",103,0.963651332647912,0.918515240740319,64.2143959108907,21.1460956010288,2.29311466239923,0.0269660248969761,0.000317108651681429,4.04384807371811e-07
2105,1634000,1986-03-08,600,0.967741935483871,0.998959417273673,3,"Spring",104,0.942877397036693,0.955148029733841,102.756190401058,17.5980577762307,0.516152729159254,0.000444022733030911,3.81972575771093e-07,9.63768327126525e-12
2123,1634000,1987-03-30,346,0.93010752688172,0.992614753150653,3,"Spring",105,0.964386345258072,0.964361936650395,116.575604472281,39.2770854279702,4.4586399991794,0.0574551174632442,0.000740380592136333,1.08303998184158e-06
2137,1634000,1988-01-16,312,0.96,1.01907692307692,1,"Winter",106,0.946973846464132,0.977117450977371,60.8547017903306,11.8695343909938,0.45155720083008,0.000653538159043261,9.45864941452624e-07,5.20794508173418e-11
2158,1634000,1988-03-02,280,0.985915492957746,0.999801626661377,3,"Spring",107,0.964758899488106,0.979696781626463,95.4381109641967,32.5301179443369,3.77931633383025,0.0510115426827003,0.000688531273123601,1.07970842550951e-06
2175,1634000,1988-06-16,244,0.917293233082707,0.979365707501837,6,"Summer",108,0.937961155661572,0.984777811852997,35.7219713712925,5.22975097807967,0.112091374150513,5.14937547497965e-05,2.36557611888287e-08,2.32921982362645e-13
2197,1634000,1989-04-18,217,0.977477477477477,0.999492735979222,4,"Spring",109,0.941875531815207,0.89109486796399,35.9969065116569,5.9713238636358,0.164316629882149,0.000124423755095978,9.42160926942534e-08,1.96316935929046e-12
2211,1634000,1989-12-07,303,0.99344262295082,0.983671056167697,12,"Winter",110,0.957951493913961,0.973445463217897,83.5118682915719,23.0172678070919,1.74849708680987,0.0100899077973023,5.82249979860174e-05,2.55236575470533e-08
2228,1634000,1990-01-24,340,0.979827089337176,0.99959305367539,1,"Winter",111,0.960460859555058,0.981969577722296,101.360572817163,30.2175462406574,2.68558853178314,0.0212128993001326,0.000167556232606784,1.17625483587909e-07
2243,1634000,1990-03-15,314,0.969135802469136,1.00203856119494,3,"Spring",112,0.959013234543376,0.975422281814131,89.4679867036453,25.4921039643428,2.06957759404097,0.0136406096106892,8.99054140743384e-05,4.81076280322249e-08
2261,1634000,1990-06-18,192,0.964824120603015,1.01330774475392,6,"Summer",113,0.889709083209352,0.927522664543859,5.764238745333,0.173054418297907,0.000155978290064724,1.26714723809975e-10,1.02941385134914e-16,7.53762273987815e-26
2280,1634000,1990-10-10,128,0.992248062015504,0.992248062015504,10,"Fall",114,0.974248957902577,0.818505631904766,58.5205591981904,26.7551238192883,5.59247383269881,0.244341902886101,0.0106755913915809,9.74951314997408e-05
2298,1634000,1990-12-02,219,0.969026548672566,1.00761610149581,12,"Winter",115,0.968402809838014,0.996865633262333,83.5844215750711,31.901166803832,4.64696092897677,0.0986038624449164,0.00209227532524076,6.46704961092993e-06
2316,1634000,1991-02-05,573,0.959798994974874,0.99838387919497,2,"Winter",116,0.916822763672067,0.917445494374736,42.3366271465301,3.12808027599357,0.0170765902496684,5.08917861352651e-07,1.51668094049856e-11,2.46753904148988e-18
2331,1634000,1991-04-12,596,0.93125,0.979267578125,4,"Spring",117,0.940528512330572,0.975599693812034,94.7120494555393,15.0509602551485,0.380086249332316,0.000242391874046153,1.54580232004754e-07,2.48947518902021e-12
2351,1634000,1991-05-08,435,0.960264900662252,0.98358259140681,5,"Spring",118,0.971253393433426,0.63532707299327,181.328359461913,75.5861470003419,13.1339439502466,0.396552836064874,0.0119731097061779,6.28153543860261e-05
2373,1634000,1992-04-20,256,0.996108949416342,0.972853487562264,4,"Spring",119,0.959421864279913,0.951550476077321,73.8802415868172,21.321445691119,1.77579705609116,0.0123181843141486,8.54476384431775e-05,4.93662472423346e-08
2390,1634000,1993-02-11,366,0.958115183246073,0.985704887475672,2,"Winter",120,0.939079724789481,0.986070453895368,55.5334948728858,8.42614495299681,0.193988849095392,0.000102818780255068,5.44964394728761e-08,6.64984695385809e-13
2413,1634000,1993-06-08,295,0.983333333333333,0.986611111111111,6,"Summer",121,0.963408702557381,0.913941954469237,96.4137481082808,31.5105451670747,3.36581171771611,0.038402333963102,0.000438152629290359,5.33982624153426e-07
2438,1634000,1994-09-17,177,0.972527472527473,0.999245260234271,9,"Fall",122,0.955400781117402,0.913923163364001,45.0340522027327,11.4579991966014,0.741727376210841,0.00310824576621818,1.30252597559066e-05,3.53340123310511e-09
2459,1634000,1995-02-16,295,0.983333333333333,1.01611111111111,2,"Winter",123,0.975852711890939,0.939174662813487,141.693594241484,68.0578801663401,15.7012713652065,0.835694652487638,0.0444795542954588,0.000546172251896446
2484,1634000,1995-04-09,230,0.978723404255319,1.00371208691716,4,"Spring",124,0.963983410412732,0.951918146568337,76.5269908267491,25.4625231521623,2.81886993597566,0.0345479465910759,0.000423418121718594,5.74500278994754e-07
2508,1634000,1995-09-06,117,0.959016393442623,0.99832034399355,9,"Fall",125,0.948383261605374,0.98213192120172,23.861748932965,4.86652189863127,0.202419105896219,0.000350200807109615,6.05874651788569e-07,4.359947339871e-11
2522,1634000,1995-11-10,183,0.978609625668449,1.02047527810346,11,"Fall",126,0.941222890555058,0.939361080136648,29.7320948880535,4.83058724826349,0.127511328760032,8.8847753891524e-05,6.19076238035656e-08,1.13865106684193e-12
2542,1634000,1996-02-20,764,0.94320987654321,0.971156835848194,2,"Winter",127,0.966922161815686,0.602979037691468,278.508714861129,101.527623368583,13.4919611346503,0.238263108977637,0.00420763953684193,9.87440899572371e-06
2566,1634000,1996-04-29,398,0.956730769230769,0.984328772189349,4,"Spring",128,0.948065532353402,0.967121383205638,80.3588669722859,16.2249937212802,0.661433219235133,0.00109923091333606,1.82680362233831e-06,1.23764548003173e-10
2580,1634000,1996-11-07,407,0.973684210526316,1.0272601359859,11,"Fall",129,0.957821510154892,0.975715718290431,111.720272698908,30.6668779654016,2.31070615269001,0.0131188278232911,7.4480973384176e-05,3.18618369643137e-08
2598,1634000,1997-05-19,295,0.97682119205298,1.00916626463752,5,"Spring",130,0.980979991449537,0.98126446064806,165.816024120386,93.2032334070928,29.4469244662272,2.93939444243962,0.293410597027009,0.00925342873553621
2618,1634000,1997-12-08,190,0.964467005076142,1.00852894947048,12,"Winter",131,0.963816810518015,0.993316874282106,62.8910007906959,20.8172525287122,2.2808315939167,0.0273799618937294,0.000328679379618175,4.32296667237336e-07
2638,1634000,1998-06-09,346,0.985754985754986,1.00541391709483,6,"Summer",132,0.958166437359582,0.977911976586627,96.0074044222998,26.6399471211186,2.05111786883236,0.0121592037914549,7.20808097324486e-05,3.28996619627346e-08
2666,1634000,1998-07-30,163,0.981927710843373,0.976012483669618,7,"Summer",133,0.974320038244613,0.99321424007944,74.6855596559841,34.2204467553838,7.18428819716598,0.316650287729684,0.0139564842010158,0.000129142812469307
2680,1634000,1998-09-04,120,0.983606557377049,0.999731255038968,9,"Fall",134,0.965851667904222,0.968801668086496,42.3149926385627,14.9213216833468,1.85538200648262,0.0286870199164956,0.00044354483810562,8.5273810689274e-07
2696,1634000,1999-02-15,181,0.983695652173913,1.01042651228733,2,"Winter",135,0.965624815284839,0.95981134631746,63.3769179941586,22.1913465991066,2.72075062918056,0.0408977015811404,0.000614764902259263,1.13298539152962e-06
2725,1634000,1999-05-03,191,0.979487179487179,1.00460223537147,5,"Spring",136,0.981220922343759,0.956780485816282,108.152700269094,61.240872123018,19.6358346512453,2.01867016990075,0.207530228646976,0.00684077589686825
2744,1634000,1999-11-01,199,0.975490196078431,0.994617454825067,11,"Fall",137,0.950317937722334,0.935586989749096,43.144047198042,9.35381310867776,0.43966743553805,0.000971394240565855,2.14618298817096e-06,2.22881275228342e-10
2759,1634000,1999-11-21,195,0.979899497487437,1.01929244211005,11,"Fall",138,0.961091625943146,0.952817272170897,59.2895846958266,18.0269479661723,1.66651719474402,0.014242459283987,0.000121719504062595,9.61663107882533e-08
2777,1634000,2000-01-19,150,0.882352941176471,0.975778546712803,1,"Winter",139,0.97030060418235,0.916595880836766,60.7128070947246,24.5736329688083,4.02575624857133,0.108044755819408,0.00289974567243563,1.27495317242823e-05
2810,1634000,2001-05-16,183,0.968253968253968,0.99899218946838,5,"Spring",140,0.939128370615252,0.938390374378521,27.8099307162747,4.22618713903824,0.0975992225911051,5.20525041004813e-05,2.77611143941382e-08,3.41924167883312e-13
2832,1634000,2002-01-06,92,0.989247311827957,0.999884379697075,1,"Winter",141,0.977437698828156,0.97770105424787,46.3938471544924,23.3955331934174,5.94946710222062,0.384740856526146,0.0248804681389401,0.000409160695052705
2848,1634000,2002-02-28,89.8,0.992265193370166,1.00542230090657,2,"Winter",142,0.993216426309755,0.941862919043494,73.2138326661741,59.6911502635917,39.6774322916557,17.5311651810571,7.74600912544792,2.27498657460168
2869,1634000,2004-01-17,460,0.964360587002096,1.00277327285753,1,"Winter",143,0.950862573900486,0.950954902796813,101.458969454871,22.3780923540099,1.08865003783608,0.00257643240191411,6.0974635474476e-06,7.0201259359443e-10
2890,1634000,2004-09-06,110,0.990990990990991,1.01777453128804,9,"Fall",144,0.965717226027591,0.9056718898887,38.6270935902944,13.564112356667,1.67259221840259,0.0254324066278264,0.000386709503826845,7.25071651543441e-07
2908,1634000,2005-01-13,496,0.984126984126984,1.00560594608214,1,"Winter",145,0.971388903932974,0.955986253847665,207.623173319636,86.9100445550719,15.2285400092028,0.467557320185263,0.0143552728972518,7.72282762105144e-05
2927,1634000,2005-02-06,410,0.995145631067961,0.990314827033651,2,"Winter",146,0.954059146119288,0.920385715335041,100.00986357631,24.3950556403709,1.45150912121169,0.00513872860722126,1.81924669385685e-05,3.83217614549895e-09
2944,1634000,2006-03-10,289,0.92332268370607,1.00002041462095,3,"Spring",147,0.951930864219185,0.965522911307935,65.9265098634495,15.0391166186004,0.782612555944157,0.00211931630699463,5.73911263623252e-06,8.0875727651472e-10
2960,1634000,2006-04-07,211,0.990610328638498,1.00921333950495,4,"Spring",148,0.990909630186674,0.9842376501224,160.436777181694,121.99032925331,70.5291015702894,23.5751382384464,7.88025269835545,1.52289159193805
2974,1634000,2006-09-29,176,0.994350282485876,1.01120367710428,9,"Fall",149,0.961034518338407,0.894500256049763,53.4173420605023,16.2125706409586,1.49345140220495,0.012672710742886,0.000107534531981255,8.40553943510523e-08
2988,1634000,2006-12-11,400,0.963855421686747,1.02888663086079,12,"Winter",150,0.932384755260828,0.987025894896241,48.9682871961997,5.99473287732374,0.0898420556761655,2.01789874202981e-05,4.53230427825765e-09,1.52562779505788e-14
3004,1634000,2007-01-27,363,0.955263157894737,1.01056786703601,1,"Winter",151,0.949809166867611,0.95728543708824,77.4457032688666,16.5229668176566,0.752089345612617,0.00155823246221492,3.22845739068748e-06,3.04466332503377e-10
3023,1634000,2007-04-11,463,0.964583333333333,1.00879340277778,4,"Spring",152,0.942184142143828,0.958898369005644,77.5630185319811,12.9935676971759,0.364649679268019,0.000287190904082654,2.26185898622964e-07,4.99928381720712e-12
3039,1634000,2007-05-17,267,0.970909090909091,1.01327603305785,5,"Spring",153,0.951602063903428,0.991860088268236,60.2798995907063,13.6092370586728,0.693675405689712,0.00180219314029508,4.68216126488916e-06,6.20031738514039e-10
3056,1634000,2007-12-08,130,0.99236641221374,0.999941728337509,12,"Winter",154,0.993896967045131,0.669916692612816,108.189300260483,90.0378822373297,62.3601556752558,29.9137616603241,14.349437184387,4.76738938352751
3072,1634000,2008-03-03,244,0.956862745098039,0.979377162629758,3,"Spring",155,0.947396481821973,0.983279868179148,48.2328423246041,9.53445524061526,0.372564904652851,0.000568871344995853,8.68612698393931e-07,5.18256011010385e-11
3090,1634000,2009-01-31,174,0.972067039106145,0.977497581224057,1,"Winter",156,0.943185228926647,0.945200281461359,30.0925485584982,5.20437631462971,0.155663981748728,0.000139260202378554,1.24585043686088e-07,3.33368252950788e-12
3107,1634000,2009-03-05,148,0.980132450331126,0.999605280470155,3,"Spring",157,0.975370389339087,0.978661684772851,70.0404172791366,33.1463517069971,7.42351778029696,0.372355515097197,0.018676944506187,0.000209810821821906
3124,1634000,2009-07-10,157,0.94578313253012,1.02554797503266,7,"Summer",158,0.944549259077094,0.945519056495418,28.3555452698153,5.12125444298437,0.167052529106925,0.000177748710070191,1.89129755176553e-07,6.56432332991697e-12
3145,1634000,2010-04-24,434,0.981900452488688,1.00855838332548,4,"Spring",159,0.949879544318663,0.9615447257704,92.7995320928027,19.8427492088551,0.907222802224701,0.00189643597436968,3.96426257812763e-06,3.78877447166127e-10
3159,1634000,2010-09-10,75.8,0.997368421052632,1.0131163434903,9,"Fall",160,0.973811121686831,0.962029524523823,34.1909456222645,15.422437500589,3.13788362083873,0.129898596542585,0.00537739681346854,4.52922113703138e-05
3175,1634000,2011-02-21,171,0.988439306358382,1.02272043837081,2,"Winter",161,0.936483786634476,0.950730955951312,23.8783324900865,3.33435533629895,0.0650171082380425,2.47206103136687e-05,9.39919647060974e-09,6.96847965428484e-14
3189,1634000,2011-06-07,473,0.946,1.00276,6,"Summer",162,0.907594927612694,0.952948016642671,25.8001922120752,1.40729369594086,0.00418705189563398,3.70642781749093e-08,3.28097370385961e-13,8.64118999432552e-21
3205,1634000,2011-07-29,162,0.941860465116279,1.00757166035695,7,"Summer",163,0.97571349294621,0.977538059214134,77.4790592046978,37.0555840447226,8.47602659812039,0.443475474642248,0.0232031476461837,0.00027769166728465
3226,1634000,2012-02-28,338,0.957507082152975,0.981919444020897,2,"Winter",164,0.9761397298138,0.98582647710038,163.785850479579,79.366286441772,18.6361166377438,1.02752912229465,0.0566542975495904,0.000733484496317713
3240,1634000,2012-03-19,490,0.96646942800789,1.00840695742835,3,"Spring",165,0.926689955756829,0.916530186690169,49.9148481201547,5.08467767930227,0.0527631573518259,5.68153219129293e-06,6.11786891854394e-10,6.83600247549763e-16
3260,1634000,2012-04-18,292,0.973333333333333,0.999288888888889,4,"Spring",166,0.95442582547441,0.959717482860094,72.0523780029535,17.7792643009606,1.08254191466922,0.00401334588019076,1.48788189499025e-05,3.35862304108214e-09
3275,1634000,2012-05-13,329,0.937321937321937,1.00675319193838,5,"Spring",167,0.983490321839441,0.829934044608406,199.663469908328,121.17173621834,44.6279320916931,6.05365447653729,0.821161340077446,0.0410246413681972
3297,1634000,2012-12-08,182,0.983783783783784,0.999737034331629,12,"Winter",168,0.967201138226628,0.963780072473628,66.922993083134,24.6081703472813,3.32726399912536,0.0608279435158006,0.00111203640989535,2.74879793881552e-06
3318,1634000,2013-02-25,469,0.981171548117155,1.0037508096847,2,"Winter",169,0.952733412651972,0.933710498471976,109.727309999817,25.6718178247248,1.40520731434085,0.00421025073833054,1.26146591315801e-05,2.0688397792918e-09
3332,1634000,2013-11-01,138,0.985714285714286,1.01387755102041,11,"Fall",170,0.978125672688688,0.889563211278001,71.0753199796449,36.6065297841226,9.71042045533227,0.683277285647358,0.04807905602329,0.000897417129944109
3348,1634000,2014-01-31,483,0.983706720977597,0.991720625018147,1,"Winter",171,0.969893927979517,0.962269881132228,193.052017202547,77.1616591013921,12.3269599074109,0.314604431798996,0.00802922612314701,3.27368559939732e-05
3362,1634000,2014-08-30,124,0.946564885496183,0.997144688537964,8,"Summer",172,0.976217988052928,0.89149718450703,60.2318024559951,29.2570163475647,6.90300810936827,0.384286459338743,0.0213930043962561,0.000280993858580516
3376,1634000,2014-12-23,282,0.979166666666667,1.009765625,12,"Winter",173,0.921086343848022,0.916121392477802,23.9474575225177,2.0336195808255,0.0146652787216911,7.62660992854205e-07,3.96618298949241e-11,1.48742325513008e-17
3392,1634000,2015-01-23,277,0.975352112676056,1.0062611585003,1,"Winter",174,0.947451222225352,0.967468783144236,54.8511301364354,10.8615396290404,0.425895462502578,0.000654826516174312,1.00681459193144e-06,6.06993956828365e-11
3406,1634000,2015-04-07,454,0.97008547008547,1.0219062751114,4,"Spring",175,0.951108285636642,0.97725642068261,100.914786343562,22.4312645435391,1.10828552648069,0.00270549957754754,6.60455071298584e-06,7.96593929387777e-10
3421,1634000,2015-08-24,133,0.977941176470588,1.00670415224913,8,"Summer",176,0.975195950023907,0.917675624605854,62.6048977847496,29.4689716288642,6.52947585611132,0.320556804176997,0.0157373527322249,0.000171187361458754
3436,1634000,2015-10-26,195,0.984848484848485,1.02961432506887,10,"Fall",177,0.950239045389105,0.922874009984103,42.1716662269317,9.12025349926015,0.426559096875728,0.000933090580140701,2.04111935983624e-06,2.08826349811495e-10
3459,1634000,2016-04-26,299,0.993355481727575,1.00655621902628,4,"Spring",178,0.978267769386856,0.912095762536775,154.669095269983,80.0084582997824,21.4092086940068,1.53295724716901,0.109763885028868,0.00210306943300878
3477,1634000,2016-10-30,119,0.959677419354839,0.975156087408949,10,"Fall",179,0.960505494519088,0.907135422118734,35.5256938018814,10.6056715975213,0.94521235323084,0.00750778481260658,5.96340415989464e-05,4.22151061075244e-08
3499,1634000,2017-03-06,161,0.975757575757576,1.02306703397612,3,"Spring",180,0.978557109882113,0.961789718001843,84.0255140336384,43.852714339237,11.9444754963896,0.886152142135722,0.0657429971913868,0.00132849924273545
3517,1634000,2017-04-21,256,0.962406015037594,0.998586692294646,4,"Spring",181,0.9282777646818,0.96511469993362,27.4522786851625,2.94385783206183,0.0338527302163742,4.4765911839946e-06,5.91972006409252e-10,9.00185000852171e-16
3531,1634000,2019-01-18,774,0.991037131882202,1.02656727233381,1,"Winter",182,0.955345383146635,0.972510378660025,196.586293863454,49.9304534043518,3.22099506093559,0.0134041462307125,5.57812516862833e-05,1.49748300597237e-08
3546,1634000,2019-02-10,712,0.934383202099738,0.980979739737257,2,"Winter",183,0.938816376581665,0.91933353232507,107.1271858766,16.1183061149433,0.364887348335702,0.000186998282268904,9.58332968545388e-08,1.1118204213376e-12
3571,1634000,2019-11-30,145,0.993150684931507,1.00675548883468,11,"Fall",184,0.980015713179969,0.898528670884169,79.1332812038433,43.1867323730106,12.8627162279865,1.14103081904626,0.101219004363994,0.00267429363386317
3603,1634000,2020-03-12,261,0.984905660377358,0.999772160911356,3,"Spring",185,0.958608374232281,0.893513813384884,73.430598014196,20.6592058418484,1.63525971653588,0.0102454955575671,6.41917477442021e-05,3.18345376574671e-08
3625,1634000,2020-09-28,117,0.991525423728814,1.01673369721344,9,"Fall",186,0.961735456996701,0.96117880938973,36.2956597851226,11.2596146943365,1.08358053901639,0.0100354426028638,9.2941968417771e-05,8.28370965414e-08
3642,1634000,2020-10-24,126,0.969230769230769,0.984142011834319,10,"Fall",187,1.00564506096657,0.124645219270114,149.180581211676,176.625760402012,247.592533631659,486.524307223367,956.030046816042,2633.43158525249
3661,1634000,2021-01-25,383,0.969620253164557,1.00153180580035,1,"Winter",188,0.949964434924878,0.953833834877722,82.1143697784816,17.6051428828126,0.809245576825706,0.00170986528358217,3.61279612978251e-06,3.50885801955403e-10
3687,1634000,2021-10-26,178,0.994413407821229,1.01107955432103,10,"Fall",189,0.978507573904016,0.969566241539972,92.7567981890813,48.3360876982582,13.125715584122,0.967889941546417,0.0713721802779254,0.00142916852990837
3730,1634000,2021-12-31,176,0.98876404494382,0.972099482388587,12,"Winter",190,0.981294183228612,0.892894370846768,99.8824997753448,56.6847372805214,18.2565877304644,1.89376702022808,0.196441612192353,0.00656287149624221
3747,1634000,2022-08-29,138,0.951724137931034,1.00423305588585,8,"Summer",191,0.968241590188727,0.981615327949566,52.4072163818506,19.9022922383631,2.87029881406674,0.0597001107393689,0.00124171852938307,3.72473345398894e-06
3761,1634000,2022-09-30,120,0.983606557377049,1.00779360386993,9,"Fall",192,0.955390285244774,0.961299630535929,30.5214999800572,7.76301634193862,0.50220352271005,0.00210173648518653,8.79582888890764e-06,2.38135715281238e-09
3786,1634000,2022-12-13,147,0.954545454545455,0.979338842975207,12,"Winter",193,0.963178101511005,0.795639952764633,47.6996658167231,15.4779463879392,1.6297062883532,0.0180676366414827,0.000200305721430646,2.33819842846788e-07
3811,1634000,2023-01-24,254,0.9921875,0.996063232421875,1,"Winter",194,0.974391140090105,0.962643563911027,116.636239149146,53.559103475814,11.2936124611533,0.502148355994954,0.0223270430339066,0.000209329268529814
3826,1634000,2023-03-23,295,0.954692556634304,0.991767995726899,3,"Spring",195,0.951935397550849,0.988167524455615,67.304841293552,15.355734445933,0.79931722160682,0.00216578990087202,5.86831581745469e-06,8.27673803380802e-10
3852,1634000,2023-04-24,224,0.978165938864629,0.986708872828512,4,"Spring",196,0.969768053383631,0.976977484223625,89.1834391689335,35.5075259910664,5.62850179467078,0.141428716306304,0.0035537133194108,1.41546643664033e-05
3868,1634000,2023-05-28,156,0.934131736526946,0.9732869590161,5,"Spring",197,0.935164788311382,0.994034289219775,20.8818503225694,2.79520303137302,0.0500843588884417,1.60797628542707e-05,5.16246547201491e-09,2.96977427405639e-14
3884,1634000,2023-06-18,101,0.952830188679245,1.01575293698825,6,"Summer",198,0.976685491098888,0.968352680869326,49.7695209215104,24.5248040866996,5.9551090642673,0.351122019478402,0.0207026724837591,0.000296400499078388
3900,1634000,2023-11-04,68.5,0.989884393063584,0.992745330615791,11,"Fall",199,0.992837517757255,0.46697732510702,55.2123172191438,44.5021893825893,28.9116037933407,12.2026399109944,5.1503341655398,1.41223778234969
3927,1634000,2024-05-03,257,0.951851851851852,1.00473251028807,5,"Spring",200,0.93935502109451,0.845956320922014,39.3392392513891,6.021695505362,0.141092672215163,7.74596970926673e-05,4.25252749096558e-08,5.47021168764049e-13
3953,1634000,2024-06-22,117,0.966942148760331,1.02288095075473,6,"Summer",201,0.953467873569416,0.96541674484473,28.0135271115008,6.70733077971614,0.384515266568611,0.00126369222413957,4.1530679694505e-06,7.82457265293815e-10
3986,1634000,2024-11-11,187,0.989417989417989,0.999888021052042,11,"Fall",202,0.969754658625686,0.912780857370007,74.421401496502,29.6178877042971,4.69101215007674,0.117676978567741,0.00295200072858607,1.17288082775525e-05
4000,1634000,2025-03-04,420,0.94170403587444,0.992378692513423,3,"Spring",203,0.922960081121545,0.978291629410002,37.9085195539467,3.42156155898086,0.0278740083378466,1.849905573377e-06,1.22772103277475e-10,6.63781125059943e-17
4014,1634000,2025-04-25,238,0.959677419354839,0.986765088449532,4,"Spring",204,0.965295732890617,0.989453771575718,82.487577358382,28.5890773884666,3.43418212572998,0.049552970053291,0.000715016487537162,1.23932612840566e-06
