"GroupID","site_no","Date","Flow","AGWR","delta_AGWR","Year","Month","Day","Season","calc_AGWR","R_squared","mk_pval","mk_pval_orig","trim_start","trim_end","win_len","is_short","met_alpha","kept","AGWRC"
1,1632000,"1984-10-06",82.003888,0.908765127202136,1.00878266159722,1984,10,6,"Fall",0.917083809046106,0.994329607603782,0.661415934562683,0.661415934562683,1,14,14,FALSE,TRUE,TRUE,0.91641719500916
1,1632000,"1984-10-07",74.714694,0.911111604854638,1.00258205072165,1984,10,7,"Fall",0.917083809046106,0.994329607603782,0.661415934562683,0.661415934562683,1,14,14,FALSE,TRUE,TRUE,0.91641719500916
1,1632000,"1984-10-08",68.596777,0.918116281116001,1.00768805514499,1984,10,8,"Fall",0.917083809046106,0.994329607603782,0.661415934562683,0.661415934562683,1,14,14,FALSE,TRUE,TRUE,0.91641719500916
1,1632000,"1984-10-09",64.061929,0.933891238067934,1.01718187257583,1984,10,9,"Fall",0.917083809046106,0.994329607603782,0.661415934562683,0.661415934562683,1,14,14,FALSE,TRUE,TRUE,0.91641719500916
1,1632000,"1984-10-10",60.263419,0.94070565686525,1.00729680129713,1984,10,10,"Fall",0.917083809046106,0.994329607603782,0.661415934562683,0.661415934562683,1,14,14,FALSE,TRUE,TRUE,0.91641719500916
1,1632000,"1984-10-11",55.545163,0.921706134861017,0.979802904483911,1984,10,11,"Fall",0.917083809046106,0.994329607603782,0.661415934562683,0.661415934562683,1,14,14,FALSE,TRUE,TRUE,0.91641719500916
1,1632000,"1984-10-12",50.215724,0.904052149419383,0.98084640562331,1984,10,12,"Fall",0.917083809046106,0.994329607603782,0.661415934562683,0.661415934562683,1,14,14,FALSE,TRUE,TRUE,0.91641719500916
1,1632000,"1984-10-13",45.073593,0.897599186262853,0.992862178182227,1984,10,13,"Fall",0.917083809046106,0.994329607603782,0.661415934562683,0.661415934562683,1,14,14,FALSE,TRUE,TRUE,0.91641719500916
1,1632000,"1984-10-14",40.257978,0.893161057739506,0.995055556431792,1984,10,14,"Fall",0.917083809046106,0.994329607603782,0.661415934562683,0.661415934562683,1,14,14,FALSE,TRUE,TRUE,0.91641719500916
1,1632000,"1984-10-15",35.746715,0.887941142995309,0.994155684801789,1984,10,15,"Fall",0.917083809046106,0.994329607603782,0.661415934562683,0.661415934562683,1,14,14,FALSE,TRUE,TRUE,0.91641719500916
1,1632000,"1984-10-16",33.156938,0.927552028207347,1.04460980947275,1984,10,16,"Fall",0.917083809046106,0.994329607603782,0.661415934562683,0.661415934562683,1,14,14,FALSE,TRUE,TRUE,0.91641719500916
1,1632000,"1984-10-17",31.609071,0.953316949834149,1.0277773330695,1984,10,17,"Fall",0.917083809046106,0.994329607603782,0.661415934562683,0.661415934562683,1,14,14,FALSE,TRUE,TRUE,0.91641719500916
1,1632000,"1984-10-18",29.622651,0.93715664721687,0.983048342295717,1984,10,18,"Fall",0.917083809046106,0.994329607603782,0.661415934562683,0.661415934562683,1,14,14,FALSE,TRUE,TRUE,0.91641719500916
1,1632000,"1984-10-19",27.361728,0.92367587222359,0.985615238356026,1984,10,19,"Fall",0.917083809046106,0.994329607603782,0.661415934562683,0.661415934562683,1,14,14,FALSE,TRUE,TRUE,0.91641719500916
2,1632000,"1985-01-14",117.304059,0.959635534691072,1.00294999348298,1985,1,14,"Winter",0.963006547888452,0.997748743261478,0.650463104248047,0.143341541290283,8,24,17,FALSE,TRUE,TRUE,0.963599845615653
2,1632000,"1985-01-15",112.693424,0.960695008857281,1.00110403807269,1985,1,15,"Winter",0.963006547888452,0.997748743261478,0.650463104248047,0.143341541290283,8,24,17,FALSE,TRUE,TRUE,0.963599845615653
2,1632000,"1985-01-16",108.267903,0.960729554192976,1.00003595869176,1985,1,16,"Winter",0.963006547888452,0.997748743261478,0.650463104248047,0.143341541290283,8,24,17,FALSE,TRUE,TRUE,0.963599845615653
2,1632000,"1985-01-17",104.084928,0.961364588358195,1.00066099160003,1985,1,17,"Winter",0.963006547888452,0.997748743261478,0.650463104248047,0.143341541290283,8,24,17,FALSE,TRUE,TRUE,0.963599845615653
2,1632000,"1985-01-18",100.114389,0.961852891899968,1.00050792753102,1985,1,18,"Winter",0.963006547888452,0.997748743261478,0.650463104248047,0.143341541290283,8,24,17,FALSE,TRUE,TRUE,0.963599845615653
2,1632000,"1985-01-19",98.196811,0.980846129920445,1.01974651028283,1985,1,19,"Winter",0.963006547888452,0.997748743261478,0.650463104248047,0.143341541290283,8,24,17,FALSE,TRUE,TRUE,0.963599845615653
2,1632000,"1985-01-20",96.174532,0.979405858709607,0.998531603309731,1985,1,20,"Winter",0.963006547888452,0.997748743261478,0.650463104248047,0.143341541290283,8,24,17,FALSE,TRUE,TRUE,0.963599845615653
2,1632000,"1985-01-21",91.56185,0.952038425307856,0.972057106705683,1985,1,21,"Winter",0.963006547888452,0.997748743261478,0.650463104248047,0.143341541290283,8,24,17,FALSE,TRUE,TRUE,0.963599845615653
2,1632000,"1985-01-22",87.112768,0.95140899839835,0.999338863965179,1985,1,22,"Winter",0.963006547888452,0.997748743261478,0.650463104248047,0.143341541290283,8,24,17,FALSE,TRUE,TRUE,0.963599845615653
2,1632000,"1985-01-23",83.562219,0.959241921918955,1.00823297186992,1985,1,23,"Winter",0.963006547888452,0.997748743261478,0.650463104248047,0.143341541290283,8,24,17,FALSE,TRUE,TRUE,0.963599845615653
2,1632000,"1985-01-24",80.340954,0.961450700585153,1.00230262941572,1985,1,24,"Winter",0.963006547888452,0.997748743261478,0.650463104248047,0.143341541290283,8,24,17,FALSE,TRUE,TRUE,0.963599845615653
2,1632000,"1985-01-25",78.048645,0.971467739852828,1.01041867176505,1985,1,25,"Winter",0.963006547888452,0.997748743261478,0.650463104248047,0.143341541290283,8,24,17,FALSE,TRUE,TRUE,0.963599845615653
2,1632000,"1985-01-26",75.930986,0.972867446962084,1.00144081687105,1985,1,26,"Winter",0.963006547888452,0.997748743261478,0.650463104248047,0.143341541290283,8,24,17,FALSE,TRUE,TRUE,0.963599845615653
2,1632000,"1985-01-27",72.781163,0.958517290951549,0.985249628759452,1985,1,27,"Winter",0.963006547888452,0.997748743261478,0.650463104248047,0.143341541290283,8,24,17,FALSE,TRUE,TRUE,0.963599845615653
2,1632000,"1985-01-28",69.572104,0.955908110454349,0.99727789939542,1985,1,28,"Winter",0.963006547888452,0.997748743261478,0.650463104248047,0.143341541290283,8,24,17,FALSE,TRUE,TRUE,0.963599845615653
2,1632000,"1985-01-29",66.89857,0.961571752954316,1.00592488173081,1985,1,29,"Winter",0.963006547888452,0.997748743261478,0.650463104248047,0.143341541290283,8,24,17,FALSE,TRUE,TRUE,0.963599845615653
2,1632000,"1985-01-30",64.461949,0.963577382894731,1.00208578292182,1985,1,30,"Winter",0.963006547888452,0.997748743261478,0.650463104248047,0.143341541290283,8,24,17,FALSE,TRUE,TRUE,0.963599845615653
3,1632000,"1985-03-02",237.271823,0.919475844589834,1.04332029232777,1985,3,2,"Spring",0.958526217753416,0.986210630621849,0.607708096504211,0.113050937652588,3,23,21,FALSE,TRUE,TRUE,0.960650836201369
3,1632000,"1985-03-03",223.100589,0.940274265098895,1.0226198661242,1985,3,3,"Spring",0.958526217753416,0.986210630621849,0.607708096504211,0.113050937652588,3,23,21,FALSE,TRUE,TRUE,0.960650836201369
3,1632000,"1985-03-04",211.968617,0.950103350018498,1.01045342330896,1985,3,4,"Spring",0.958526217753416,0.986210630621849,0.607708096504211,0.113050937652588,3,23,21,FALSE,TRUE,TRUE,0.960650836201369
3,1632000,"1985-03-05",202.259735,0.954196606377821,1.00430822221524,1985,3,5,"Spring",0.958526217753416,0.986210630621849,0.607708096504211,0.113050937652588,3,23,21,FALSE,TRUE,TRUE,0.960650836201369
3,1632000,"1985-03-06",193.192208,0.955168897061988,1.00101896263062,1985,3,6,"Spring",0.958526217753416,0.986210630621849,0.607708096504211,0.113050937652588,3,23,21,FALSE,TRUE,TRUE,0.960650836201369
3,1632000,"1985-03-07",184.814341,0.956634550188484,1.00153444394076,1985,3,7,"Spring",0.958526217753416,0.986210630621849,0.607708096504211,0.113050937652588,3,23,21,FALSE,TRUE,TRUE,0.960650836201369
3,1632000,"1985-03-08",176.915666,0.957261568787024,1.00065544214185,1985,3,8,"Spring",0.958526217753416,0.986210630621849,0.607708096504211,0.113050937652588,3,23,21,FALSE,TRUE,TRUE,0.960650836201369
3,1632000,"1985-03-09",169.057731,0.955583724281376,0.998247245517467,1985,3,9,"Spring",0.958526217753416,0.986210630621849,0.607708096504211,0.113050937652588,3,23,21,FALSE,TRUE,TRUE,0.960650836201369
3,1632000,"1985-03-10",161.263129,0.953893844700897,0.998231573500532,1985,3,10,"Spring",0.958526217753416,0.986210630621849,0.607708096504211,0.113050937652588,3,23,21,FALSE,TRUE,TRUE,0.960650836201369
3,1632000,"1985-03-11",154.232152,0.956400591731046,1.0026279098498,1985,3,11,"Spring",0.958526217753416,0.986210630621849,0.607708096504211,0.113050937652588,3,23,21,FALSE,TRUE,TRUE,0.960650836201369
3,1632000,"1985-03-12",157.452261,1.02087832503303,1.06741707801046,1985,3,12,"Spring",0.958526217753416,0.986210630621849,0.607708096504211,0.113050937652588,3,23,21,FALSE,TRUE,TRUE,0.960650836201369
3,1632000,"1985-03-13",158.717719,1.00803709004852,0.987421385419171,1985,3,13,"Spring",0.958526217753416,0.986210630621849,0.607708096504211,0.113050937652588,3,23,21,FALSE,TRUE,TRUE,0.960650836201369
3,1632000,"1985-03-14",149.526834,0.942092886302128,0.934581570065822,1985,3,14,"Spring",0.958526217753416,0.986210630621849,0.607708096504211,0.113050937652588,3,23,21,FALSE,TRUE,TRUE,0.960650836201369
3,1632000,"1985-03-15",141.774063,0.948151306406982,1.00643080973537,1985,3,15,"Spring",0.958526217753416,0.986210630621849,0.607708096504211,0.113050937652588,3,23,21,FALSE,TRUE,TRUE,0.960650836201369
3,1632000,"1985-03-16",134.636174,0.949653068770414,1.0015838847168,1985,3,16,"Spring",0.958526217753416,0.986210630621849,0.607708096504211,0.113050937652588,3,23,21,FALSE,TRUE,TRUE,0.960650836201369
3,1632000,"1985-03-17",127.902568,0.949986650690178,1.00035126714243,1985,3,17,"Spring",0.958526217753416,0.986210630621849,0.607708096504211,0.113050937652588,3,23,21,FALSE,TRUE,TRUE,0.960650836201369
3,1632000,"1985-03-18",121.510495,0.950023888496125,1.00003919824128,1985,3,18,"Spring",0.958526217753416,0.986210630621849,0.607708096504211,0.113050937652588,3,23,21,FALSE,TRUE,TRUE,0.960650836201369
3,1632000,"1985-03-19",115.779534,0.952835670696593,1.00295969631345,1985,3,19,"Spring",0.958526217753416,0.986210630621849,0.607708096504211,0.113050937652588,3,23,21,FALSE,TRUE,TRUE,0.960650836201369
3,1632000,"1985-03-20",110.347399,0.953082079255907,1.00025860551498,1985,3,20,"Spring",0.958526217753416,0.986210630621849,0.607708096504211,0.113050937652588,3,23,21,FALSE,TRUE,TRUE,0.960650836201369
3,1632000,"1985-03-21",104.792897,0.949663498638513,0.996413130944543,1985,3,21,"Spring",0.958526217753416,0.986210630621849,0.607708096504211,0.113050937652588,3,23,21,FALSE,TRUE,TRUE,0.960650836201369
3,1632000,"1985-03-22",100.22907,0.956449080704392,1.00714524889669,1985,3,22,"Spring",0.958526217753416,0.986210630621849,0.607708096504211,0.113050937652588,3,23,21,FALSE,TRUE,TRUE,0.960650836201369
4,1632000,"1985-04-03",133.74871,0.919214240528763,0.925123200821211,1985,4,3,"Spring",0.944934996956811,0.995732519370211,0.495366275310516,0.00948087126016617,4,21,18,FALSE,TRUE,TRUE,0.945152005864794
4,1632000,"1985-04-04",126.072731,0.9426089492751,1.02545076840071,1985,4,4,"Spring",0.944934996956811,0.995732519370211,0.495366275310516,0.00948087126016617,4,21,18,FALSE,TRUE,TRUE,0.945152005864794
4,1632000,"1985-04-05",119.540448,0.948186392503863,1.00591702766354,1985,4,5,"Spring",0.944934996956811,0.995732519370211,0.495366275310516,0.00948087126016617,4,21,18,FALSE,TRUE,TRUE,0.945152005864794
4,1632000,"1985-04-06",113.027535,0.945517077198841,0.997184820066892,1985,4,6,"Spring",0.944934996956811,0.995732519370211,0.495366275310516,0.00948087126016617,4,21,18,FALSE,TRUE,TRUE,0.945152005864794
4,1632000,"1985-04-07",106.95545,0.946277825133495,1.00080458402392,1985,4,7,"Spring",0.944934996956811,0.995732519370211,0.495366275310516,0.00948087126016617,4,21,18,FALSE,TRUE,TRUE,0.945152005864794
4,1632000,"1985-04-08",101.589974,0.949834477812959,1.00375857130432,1985,4,8,"Spring",0.944934996956811,0.995732519370211,0.495366275310516,0.00948087126016617,4,21,18,FALSE,TRUE,TRUE,0.945152005864794
4,1632000,"1985-04-09",96.708538,0.951949628415103,1.00222686231291,1985,4,9,"Spring",0.944934996956811,0.995732519370211,0.495366275310516,0.00948087126016617,4,21,18,FALSE,TRUE,TRUE,0.945152005864794
4,1632000,"1985-04-10",92.390706,0.955352111723579,1.00357422620579,1985,4,10,"Spring",0.944934996956811,0.995732519370211,0.495366275310516,0.00948087126016617,4,21,18,FALSE,TRUE,TRUE,0.945152005864794
4,1632000,"1985-04-11",88.350586,0.956271359155974,1.0009622079871,1985,4,11,"Spring",0.944934996956811,0.995732519370211,0.495366275310516,0.00948087126016617,4,21,18,FALSE,TRUE,TRUE,0.945152005864794
4,1632000,"1985-04-12",83.89707,0.949592682950626,0.99301591944441,1985,4,12,"Spring",0.944934996956811,0.995732519370211,0.495366275310516,0.00948087126016617,4,21,18,FALSE,TRUE,TRUE,0.945152005864794
4,1632000,"1985-04-13",78.878581,0.940182785882749,0.990090596487498,1985,4,13,"Spring",0.944934996956811,0.995732519370211,0.495366275310516,0.00948087126016617,4,21,18,FALSE,TRUE,TRUE,0.945152005864794
4,1632000,"1985-04-14",73.605572,0.933150306038087,0.992520092953989,1985,4,14,"Spring",0.944934996956811,0.995732519370211,0.495366275310516,0.00948087126016617,4,21,18,FALSE,TRUE,TRUE,0.945152005864794
4,1632000,"1985-04-15",68.630983,0.932415592123922,0.999212652121089,1985,4,15,"Spring",0.944934996956811,0.995732519370211,0.495366275310516,0.00948087126016617,4,21,18,FALSE,TRUE,TRUE,0.945152005864794
4,1632000,"1985-04-16",64.937586,0.946184699117598,1.01476713507365,1985,4,16,"Spring",0.944934996956811,0.995732519370211,0.495366275310516,0.00948087126016617,4,21,18,FALSE,TRUE,TRUE,0.945152005864794
4,1632000,"1985-04-17",62.089424,0.956140008037872,1.0105215281219,1985,4,17,"Spring",0.944934996956811,0.995732519370211,0.495366275310516,0.00948087126016617,4,21,18,FALSE,TRUE,TRUE,0.945152005864794
4,1632000,"1985-04-18",58.683529,0.945145327809773,0.988500972519013,1985,4,18,"Spring",0.944934996956811,0.995732519370211,0.495366275310516,0.00948087126016617,4,21,18,FALSE,TRUE,TRUE,0.945152005864794
4,1632000,"1985-04-19",54.297569,0.925260800181257,0.978961407263584,1985,4,19,"Spring",0.944934996956811,0.995732519370211,0.495366275310516,0.00948087126016617,4,21,18,FALSE,TRUE,TRUE,0.945152005864794
4,1632000,"1985-04-20",49.033475,0.90305101872977,0.97599619323856,1985,4,20,"Spring",0.944934996956811,0.995732519370211,0.495366275310516,0.00948087126016617,4,21,18,FALSE,TRUE,TRUE,0.945152005864794
5,1632000,"1985-08-30",74.953569,0.902873244330934,0.975409289865918,1985,8,30,"Summer",0.913174371419162,0.971573202355289,0.38107442855835,0,2,15,14,FALSE,TRUE,TRUE,0.843279760886671
5,1632000,"1985-08-31",66.639611,0.889078557419994,0.984721347102093,1985,8,31,"Summer",0.913174371419162,0.971573202355289,0.38107442855835,0,2,15,14,FALSE,TRUE,TRUE,0.843279760886671
5,1632000,"1985-09-01",58.883946,0.883617793027033,0.993857950630586,1985,9,1,"Fall",0.913174371419162,0.971573202355289,0.38107442855835,0,2,15,14,FALSE,TRUE,TRUE,0.843279760886671
5,1632000,"1985-09-02",51.386225,0.872669521842167,0.987609720773775,1985,9,2,"Fall",0.913174371419162,0.971573202355289,0.38107442855835,0,2,15,14,FALSE,TRUE,TRUE,0.843279760886671
5,1632000,"1985-09-03",43.540148,0.847311667669692,0.970942202588964,1985,9,3,"Fall",0.913174371419162,0.971573202355289,0.38107442855835,0,2,15,14,FALSE,TRUE,TRUE,0.843279760886671
5,1632000,"1985-09-04",35.313617,0.811058726764089,0.957214160634296,1985,9,4,"Fall",0.913174371419162,0.971573202355289,0.38107442855835,0,2,15,14,FALSE,TRUE,TRUE,0.843279760886671
5,1632000,"1985-09-05",27.090584,0.767142714381254,0.945853474065869,1985,9,5,"Fall",0.913174371419162,0.971573202355289,0.38107442855835,0,2,15,14,FALSE,TRUE,TRUE,0.843279760886671
5,1632000,"1985-09-06",20.235787,0.746967544147442,0.973700890518026,1985,9,6,"Fall",0.913174371419162,0.971573202355289,0.38107442855835,0,2,15,14,FALSE,TRUE,TRUE,0.843279760886671
5,1632000,"1985-09-07",16.123503,0.796781612694382,1.06668839755788,1985,9,7,"Fall",0.913174371419162,0.971573202355289,0.38107442855835,0,2,15,14,FALSE,TRUE,TRUE,0.843279760886671
5,1632000,"1985-09-08",14.081033,0.873323433499532,1.09606373890371,1985,9,8,"Fall",0.913174371419162,0.971573202355289,0.38107442855835,0,2,15,14,FALSE,TRUE,TRUE,0.843279760886671
5,1632000,"1985-09-09",12.850537,0.912613229441334,1.04498882594317,1985,9,9,"Fall",0.913174371419162,0.971573202355289,0.38107442855835,0,2,15,14,FALSE,TRUE,TRUE,0.843279760886671
5,1632000,"1985-09-10",11.950206,0.929938258611294,1.01898397767098,1985,9,10,"Fall",0.913174371419162,0.971573202355289,0.38107442855835,0,2,15,14,FALSE,TRUE,TRUE,0.843279760886671
5,1632000,"1985-09-11",11.172588,0.934928485751626,1.00536619188868,1985,9,11,"Fall",0.913174371419162,0.971573202355289,0.38107442855835,0,2,15,14,FALSE,TRUE,TRUE,0.843279760886671
5,1632000,"1985-09-12",10.484785,0.938438345708264,1.00375414805531,1985,9,12,"Fall",0.913174371419162,0.971573202355289,0.38107442855835,0,2,15,14,FALSE,TRUE,TRUE,0.843279760886671
6,1632000,"1985-12-07",295.044902,0.959218958795978,1.0027647880398,1985,12,7,"Winter",0.96528706972584,0.822866725889487,0.387514352798462,9.5367431640625e-07,2,26,25,FALSE,TRUE,TRUE,0.965026076523054
6,1632000,"1985-12-08",281.066989,0.952624455107514,0.993125132037902,1985,12,8,"Winter",0.96528706972584,0.822866725889487,0.387514352798462,9.5367431640625e-07,2,26,25,FALSE,TRUE,TRUE,0.965026076523054
6,1632000,"1985-12-09",269.273228,0.958039323500918,1.00568415849958,1985,12,9,"Winter",0.96528706972584,0.822866725889487,0.387514352798462,9.5367431640625e-07,2,26,25,FALSE,TRUE,TRUE,0.965026076523054
6,1632000,"1985-12-10",260.29028,0.966640025572836,1.00897739984251,1985,12,10,"Winter",0.96528706972584,0.822866725889487,0.387514352798462,9.5367431640625e-07,2,26,25,FALSE,TRUE,TRUE,0.965026076523054
6,1632000,"1985-12-11",250.379201,0.961922976916387,0.995120160006148,1985,12,11,"Winter",0.96528706972584,0.822866725889487,0.387514352798462,9.5367431640625e-07,2,26,25,FALSE,TRUE,TRUE,0.965026076523054
6,1632000,"1985-12-12",246.805452,0.985726653868506,1.02474592823266,1985,12,12,"Winter",0.96528706972584,0.822866725889487,0.387514352798462,9.5367431640625e-07,2,26,25,FALSE,TRUE,TRUE,0.965026076523054
6,1632000,"1985-12-13",324.760209,1.31585508491927,1.33490869883164,1985,12,13,"Winter",0.96528706972584,0.822866725889487,0.387514352798462,9.5367431640625e-07,2,26,25,FALSE,TRUE,TRUE,0.965026076523054
6,1632000,"1985-12-14",376.36631,1.15890524630128,0.880724070289531,1985,12,14,"Winter",0.96528706972584,0.822866725889487,0.387514352798462,9.5367431640625e-07,2,26,25,FALSE,TRUE,TRUE,0.965026076523054
6,1632000,"1985-12-15",313.290036,0.832407225822099,0.718270305945011,1985,12,15,"Winter",0.96528706972584,0.822866725889487,0.387514352798462,9.5367431640625e-07,2,26,25,FALSE,TRUE,TRUE,0.965026076523054
6,1632000,"1985-12-16",265.973916,0.848970236640402,1.01989772590206,1985,12,16,"Winter",0.96528706972584,0.822866725889487,0.387514352798462,9.5367431640625e-07,2,26,25,FALSE,TRUE,TRUE,0.965026076523054
6,1632000,"1985-12-17",241.43026,0.907721567704406,1.06920305156574,1985,12,17,"Winter",0.96528706972584,0.822866725889487,0.387514352798462,9.5367431640625e-07,2,26,25,FALSE,TRUE,TRUE,0.965026076523054
6,1632000,"1985-12-18",225.656119,0.934663778268722,1.02968113959488,1985,12,18,"Winter",0.96528706972584,0.822866725889487,0.387514352798462,9.5367431640625e-07,2,26,25,FALSE,TRUE,TRUE,0.965026076523054
6,1632000,"1985-12-19",214.053234,0.948581562727311,1.01489068559431,1985,12,19,"Winter",0.96528706972584,0.822866725889487,0.387514352798462,9.5367431640625e-07,2,26,25,FALSE,TRUE,TRUE,0.965026076523054
6,1632000,"1985-12-20",205.240093,0.95882734011858,1.01080115595101,1985,12,20,"Winter",0.96528706972584,0.822866725889487,0.387514352798462,9.5367431640625e-07,2,26,25,FALSE,TRUE,TRUE,0.965026076523054
6,1632000,"1985-12-21",197.845345,0.96397025604544,1.00536375602955,1985,12,21,"Winter",0.96528706972584,0.822866725889487,0.387514352798462,9.5367431640625e-07,2,26,25,FALSE,TRUE,TRUE,0.965026076523054
6,1632000,"1985-12-22",190.255002,0.961634967959443,0.997577427237665,1985,12,22,"Winter",0.96528706972584,0.822866725889487,0.387514352798462,9.5367431640625e-07,2,26,25,FALSE,TRUE,TRUE,0.965026076523054
6,1632000,"1985-12-23",182.971782,0.961718641174018,1.00008701141011,1985,12,23,"Winter",0.96528706972584,0.822866725889487,0.387514352798462,9.5367431640625e-07,2,26,25,FALSE,TRUE,TRUE,0.965026076523054
6,1632000,"1985-12-24",176.155625,0.962747496223215,1.0010698087831,1985,12,24,"Winter",0.96528706972584,0.822866725889487,0.387514352798462,9.5367431640625e-07,2,26,25,FALSE,TRUE,TRUE,0.965026076523054
6,1632000,"1985-12-25",169.437801,0.961864266327005,0.999082594450076,1985,12,25,"Winter",0.96528706972584,0.822866725889487,0.387514352798462,9.5367431640625e-07,2,26,25,FALSE,TRUE,TRUE,0.965026076523054
6,1632000,"1985-12-26",162.92872,0.961584245300728,0.999708876775986,1985,12,26,"Winter",0.96528706972584,0.822866725889487,0.387514352798462,9.5367431640625e-07,2,26,25,FALSE,TRUE,TRUE,0.965026076523054
6,1632000,"1985-12-27",156.686616,0.961688129631166,1.00010803455958,1985,12,27,"Winter",0.96528706972584,0.822866725889487,0.387514352798462,9.5367431640625e-07,2,26,25,FALSE,TRUE,TRUE,0.965026076523054
6,1632000,"1985-12-28",150.729954,0.961983594055028,1.00030723517818,1985,12,28,"Winter",0.96528706972584,0.822866725889487,0.387514352798462,9.5367431640625e-07,2,26,25,FALSE,TRUE,TRUE,0.965026076523054
6,1632000,"1985-12-29",144.995064,0.961952552576245,0.999967731800236,1985,12,29,"Winter",0.96528706972584,0.822866725889487,0.387514352798462,9.5367431640625e-07,2,26,25,FALSE,TRUE,TRUE,0.965026076523054
6,1632000,"1985-12-30",139.495195,0.962068577727584,1.00012061421432,1985,12,30,"Winter",0.96528706972584,0.822866725889487,0.387514352798462,9.5367431640625e-07,2,26,25,FALSE,TRUE,TRUE,0.965026076523054
6,1632000,"1985-12-31",134.114131,0.961424735812585,0.999330773366988,1985,12,31,"Winter",0.96528706972584,0.822866725889487,0.387514352798462,9.5367431640625e-07,2,26,25,FALSE,TRUE,TRUE,0.965026076523054
7,1632000,"1986-03-19",300.330475,0.791037421905525,1.01907077776446,1986,3,19,"Spring",0.944747092294343,0.98892368887126,0.820216774940491,0.820216774940491,1,18,18,FALSE,TRUE,TRUE,0.944915636372853
7,1632000,"1986-03-20",260.070349,0.865947250274885,1.09469821059655,1986,3,20,"Spring",0.944747092294343,0.98892368887126,0.820216774940491,0.820216774940491,1,18,18,FALSE,TRUE,TRUE,0.944915636372853
7,1632000,"1986-03-21",235.570468,0.905795177750156,1.04601657602426,1986,3,21,"Spring",0.944747092294343,0.98892368887126,0.820216774940491,0.820216774940491,1,18,18,FALSE,TRUE,TRUE,0.944915636372853
7,1632000,"1986-03-22",219.394908,0.931334516854634,1.02819549025191,1986,3,22,"Spring",0.944747092294343,0.98892368887126,0.820216774940491,0.820216774940491,1,18,18,FALSE,TRUE,TRUE,0.944915636372853
7,1632000,"1986-03-23",207.470673,0.945649445063693,1.01537034003357,1986,3,23,"Spring",0.944747092294343,0.98892368887126,0.820216774940491,0.820216774940491,1,18,18,FALSE,TRUE,TRUE,0.944915636372853
7,1632000,"1986-03-24",197.528168,0.952077540135034,1.00679754543811,1986,3,24,"Spring",0.944747092294343,0.98892368887126,0.820216774940491,0.820216774940491,1,18,18,FALSE,TRUE,TRUE,0.944915636372853
7,1632000,"1986-03-25",188.498263,0.954285481957186,1.00231907773167,1986,3,25,"Spring",0.944747092294343,0.98892368887126,0.820216774940491,0.820216774940491,1,18,18,FALSE,TRUE,TRUE,0.944915636372853
7,1632000,"1986-03-26",179.901719,0.954394571795073,1.00011431572622,1986,3,26,"Spring",0.944747092294343,0.98892368887126,0.820216774940491,0.820216774940491,1,18,18,FALSE,TRUE,TRUE,0.944915636372853
7,1632000,"1986-03-27",171.426308,0.952888660280117,0.998422129002553,1986,3,27,"Spring",0.944747092294343,0.98892368887126,0.820216774940491,0.820216774940491,1,18,18,FALSE,TRUE,TRUE,0.944915636372853
7,1632000,"1986-03-28",163.135733,0.951637673956088,0.998687164223719,1986,3,28,"Spring",0.944747092294343,0.98892368887126,0.820216774940491,0.820216774940491,1,18,18,FALSE,TRUE,TRUE,0.944915636372853
7,1632000,"1986-03-29",155.186206,0.951270473649081,0.999614138535015,1986,3,29,"Spring",0.944747092294343,0.98892368887126,0.820216774940491,0.820216774940491,1,18,18,FALSE,TRUE,TRUE,0.944915636372853
7,1632000,"1986-03-30",147.344377,0.94946826008492,0.998105466726779,1986,3,30,"Spring",0.944747092294343,0.98892368887126,0.820216774940491,0.820216774940491,1,18,18,FALSE,TRUE,TRUE,0.944915636372853
7,1632000,"1986-03-31",139.387408,0.945997470945226,0.996344491663804,1986,3,31,"Spring",0.944747092294343,0.98892368887126,0.820216774940491,0.820216774940491,1,18,18,FALSE,TRUE,TRUE,0.944915636372853
7,1632000,"1986-04-01",131.413771,0.94279514115077,0.996614864317495,1986,4,1,"Spring",0.944747092294343,0.98892368887126,0.820216774940491,0.820216774940491,1,18,18,FALSE,TRUE,TRUE,0.944915636372853
7,1632000,"1986-04-02",123.603258,0.94056549065927,0.997635063658921,1986,4,2,"Spring",0.944747092294343,0.98892368887126,0.820216774940491,0.820216774940491,1,18,18,FALSE,TRUE,TRUE,0.944915636372853
7,1632000,"1986-04-03",116.177062,0.939919091776691,0.999312755051085,1986,4,3,"Spring",0.944747092294343,0.98892368887126,0.820216774940491,0.820216774940491,1,18,18,FALSE,TRUE,TRUE,0.944915636372853
7,1632000,"1986-04-04",109.33439,0.941101350970642,1.0012578308115,1986,4,4,"Spring",0.944747092294343,0.98892368887126,0.820216774940491,0.820216774940491,1,18,18,FALSE,TRUE,TRUE,0.944915636372853
7,1632000,"1986-04-05",103.385951,0.945594071545101,1.00477389663698,1986,4,5,"Spring",0.944747092294343,0.98892368887126,0.820216774940491,0.820216774940491,1,18,18,FALSE,TRUE,TRUE,0.944915636372853
8,1632000,"1986-04-24",126.310833,0.951086990160008,1.00748468646145,1986,4,24,"Spring",0.922194204767257,0.99481421077168,0.536186754703522,3.83501401302055e-06,3,10,8,FALSE,TRUE,TRUE,0.947830893749277
8,1632000,"1986-04-25",120.225697,0.95182411630521,1.0007750354624,1986,4,25,"Spring",0.922194204767257,0.99481421077168,0.536186754703522,3.83501401302055e-06,3,10,8,FALSE,TRUE,TRUE,0.947830893749277
8,1632000,"1986-04-26",113.863314,0.947079674655577,0.995015421895329,1986,4,26,"Spring",0.922194204767257,0.99481421077168,0.536186754703522,3.83501401302055e-06,3,10,8,FALSE,TRUE,TRUE,0.947830893749277
8,1632000,"1986-04-27",107.217122,0.94163008464693,0.994245901211396,1986,4,27,"Spring",0.922194204767257,0.99481421077168,0.536186754703522,3.83501401302055e-06,3,10,8,FALSE,TRUE,TRUE,0.947830893749277
8,1632000,"1986-04-28",100.491668,0.937272574803864,0.995372376144184,1986,4,28,"Spring",0.922194204767257,0.99481421077168,0.536186754703522,3.83501401302055e-06,3,10,8,FALSE,TRUE,TRUE,0.947830893749277
8,1632000,"1986-04-29",97.331474,0.968552676426865,1.03337353771345,1986,4,29,"Spring",0.922194204767257,0.99481421077168,0.536186754703522,3.83501401302055e-06,3,10,8,FALSE,TRUE,TRUE,0.947830893749277
8,1632000,"1986-04-30",93.073925,0.956257222612287,0.987305332880873,1986,4,30,"Spring",0.922194204767257,0.99481421077168,0.536186754703522,3.83501401302055e-06,3,10,8,FALSE,TRUE,TRUE,0.947830893749277
8,1632000,"1986-05-01",86.066768,0.92471407002552,0.96701394578689,1986,5,1,"Spring",0.922194204767257,0.99481421077168,0.536186754703522,3.83501401302055e-06,3,10,8,FALSE,TRUE,TRUE,0.947830893749277
9,1632000,"1986-08-01",4.754472,0.94183041247641,1.00708794517196,1986,8,1,"Summer",0.95991903363008,0.932726446455874,0.344417572021484,0.000802755355834961,6,21,16,FALSE,TRUE,TRUE,0.966766099283086
9,1632000,"1986-08-02",4.495618,0.945555678948157,1.00395534739843,1986,8,2,"Summer",0.95991903363008,0.932726446455874,0.344417572021484,0.000802755355834961,6,21,16,FALSE,TRUE,TRUE,0.966766099283086
9,1632000,"1986-08-03",4.276598,0.951281447845435,1.00605545397776,1986,8,3,"Summer",0.95991903363008,0.932726446455874,0.344417572021484,0.000802755355834961,6,21,16,FALSE,TRUE,TRUE,0.966766099283086
9,1632000,"1986-08-04",4.08172,0.954431536468941,1.00331141601746,1986,8,4,"Summer",0.95991903363008,0.932726446455874,0.344417572021484,0.000802755355834961,6,21,16,FALSE,TRUE,TRUE,0.966766099283086
9,1632000,"1986-08-05",3.94541,0.966604764658036,1.01275442787037,1986,8,5,"Summer",0.95991903363008,0.932726446455874,0.344417572021484,0.000802755355834961,6,21,16,FALSE,TRUE,TRUE,0.966766099283086
9,1632000,"1986-08-06",3.832157,0.971294998491918,1.00485227675817,1986,8,6,"Summer",0.95991903363008,0.932726446455874,0.344417572021484,0.000802755355834961,6,21,16,FALSE,TRUE,TRUE,0.966766099283086
9,1632000,"1986-08-07",3.968498,1.0355781352382,1.06618291749272,1986,8,7,"Summer",0.95991903363008,0.932726446455874,0.344417572021484,0.000802755355834961,6,21,16,FALSE,TRUE,TRUE,0.966766099283086
9,1632000,"1986-08-08",4.078978,1.02783924799761,0.992526988570678,1986,8,8,"Summer",0.95991903363008,0.932726446455874,0.344417572021484,0.000802755355834961,6,21,16,FALSE,TRUE,TRUE,0.966766099283086
9,1632000,"1986-08-09",3.864886,0.94751332319027,0.921849720212744,1986,8,9,"Summer",0.95991903363008,0.932726446455874,0.344417572021484,0.000802755355834961,6,21,16,FALSE,TRUE,TRUE,0.966766099283086
9,1632000,"1986-08-10",3.650252,0.944465632362766,0.996783484988641,1986,8,10,"Summer",0.95991903363008,0.932726446455874,0.344417572021484,0.000802755355834961,6,21,16,FALSE,TRUE,TRUE,0.966766099283086
9,1632000,"1986-08-11",3.452268,0.945761552901005,1.00137212037562,1986,8,11,"Summer",0.95991903363008,0.932726446455874,0.344417572021484,0.000802755355834961,6,21,16,FALSE,TRUE,TRUE,0.966766099283086
9,1632000,"1986-08-12",3.278505,0.949667001519001,1.00412942205783,1986,8,12,"Summer",0.95991903363008,0.932726446455874,0.344417572021484,0.000802755355834961,6,21,16,FALSE,TRUE,TRUE,0.966766099283086
9,1632000,"1986-08-13",3.122802,0.952507926631193,1.00299149607983,1986,8,13,"Summer",0.95991903363008,0.932726446455874,0.344417572021484,0.000802755355834961,6,21,16,FALSE,TRUE,TRUE,0.966766099283086
9,1632000,"1986-08-14",2.975907,0.952960514307343,1.00047515371106,1986,8,14,"Summer",0.95991903363008,0.932726446455874,0.344417572021484,0.000802755355834961,6,21,16,FALSE,TRUE,TRUE,0.966766099283086
9,1632000,"1986-08-15",2.835226,0.952726681310942,0.999754624674484,1986,8,15,"Summer",0.95991903363008,0.932726446455874,0.344417572021484,0.000802755355834961,6,21,16,FALSE,TRUE,TRUE,0.966766099283086
9,1632000,"1986-08-16",2.703381,0.953497534235366,1.00080910185423,1986,8,16,"Summer",0.95991903363008,0.932726446455874,0.344417572021484,0.000802755355834961,6,21,16,FALSE,TRUE,TRUE,0.966766099283086
10,1632000,"1986-09-27",4.282717,0.97125304684729,1.01613731844062,1986,9,27,"Fall",0.961522249473131,0.998434970096512,0.474274396896362,0,13,22,10,FALSE,TRUE,TRUE,0.96734408254165
10,1632000,"1986-09-28",4.178442,0.975652138583988,1.00452929517285,1986,9,28,"Fall",0.961522249473131,0.998434970096512,0.474274396896362,0,13,22,10,FALSE,TRUE,TRUE,0.96734408254165
10,1632000,"1986-09-29",4.023472,0.962912013616558,0.986941939177298,1986,9,29,"Fall",0.961522249473131,0.998434970096512,0.474274396896362,0,13,22,10,FALSE,TRUE,TRUE,0.96734408254165
10,1632000,"1986-09-30",3.873562,0.962741135019704,0.999822539760188,1986,9,30,"Fall",0.961522249473131,0.998434970096512,0.474274396896362,0,13,22,10,FALSE,TRUE,TRUE,0.96734408254165
10,1632000,"1986-10-01",3.737842,0.964962481560899,1.00230731445909,1986,10,1,"Fall",0.961522249473131,0.998434970096512,0.474274396896362,0,13,22,10,FALSE,TRUE,TRUE,0.96734408254165
10,1632000,"1986-10-02",3.615375,0.967235907777803,1.00235597368846,1986,10,2,"Fall",0.961522249473131,0.998434970096512,0.474274396896362,0,13,22,10,FALSE,TRUE,TRUE,0.96734408254165
10,1632000,"1986-10-03",3.503958,0.969182449953324,1.00201247923063,1986,10,3,"Fall",0.961522249473131,0.998434970096512,0.474274396896362,0,13,22,10,FALSE,TRUE,TRUE,0.96734408254165
10,1632000,"1986-10-04",3.397839,0.969714534249554,1.00054900323077,1986,10,4,"Fall",0.961522249473131,0.998434970096512,0.474274396896362,0,13,22,10,FALSE,TRUE,TRUE,0.96734408254165
10,1632000,"1986-10-05",3.294564,0.969605681728887,0.999887747871335,1986,10,5,"Fall",0.961522249473131,0.998434970096512,0.474274396896362,0,13,22,10,FALSE,TRUE,TRUE,0.96734408254165
10,1632000,"1986-10-06",3.195594,0.969959606187647,1.00036501896124,1986,10,6,"Fall",0.961522249473131,0.998434970096512,0.474274396896362,0,13,22,10,FALSE,TRUE,TRUE,0.96734408254165
11,1632000,"1987-03-13",187.133074,0.949090328625636,1.02733894347157,1987,3,13,"Spring",0.967500441061429,0.963637549829125,0.692180752754211,0.692180752754211,1,15,15,FALSE,TRUE,TRUE,0.966261842482804
11,1632000,"1987-03-14",179.09643,0.957053855696295,1.00839069457403,1987,3,14,"Spring",0.967500441061429,0.963637549829125,0.692180752754211,0.692180752754211,1,15,15,FALSE,TRUE,TRUE,0.966261842482804
11,1632000,"1987-03-15",172.100317,0.960936613867736,1.00405699026061,1987,3,15,"Spring",0.967500441061429,0.963637549829125,0.692180752754211,0.692180752754211,1,15,15,FALSE,TRUE,TRUE,0.966261842482804
11,1632000,"1987-03-16",175.476112,1.01961527473537,1.06106402859545,1987,3,16,"Spring",0.967500441061429,0.963637549829125,0.692180752754211,0.692180752754211,1,15,15,FALSE,TRUE,TRUE,0.966261842482804
11,1632000,"1987-03-17",176.184973,1.00403964386902,0.98472401183829,1987,3,17,"Spring",0.967500441061429,0.963637549829125,0.692180752754211,0.692180752754211,1,15,15,FALSE,TRUE,TRUE,0.966261842482804
11,1632000,"1987-03-18",168.336083,0.955450854483486,0.951606702302812,1987,3,18,"Spring",0.967500441061429,0.963637549829125,0.692180752754211,0.692180752754211,1,15,15,FALSE,TRUE,TRUE,0.966261842482804
11,1632000,"1987-03-19",162.424906,0.96488467062644,1.00987368015705,1987,3,19,"Spring",0.967500441061429,0.963637549829125,0.692180752754211,0.692180752754211,1,15,15,FALSE,TRUE,TRUE,0.966261842482804
11,1632000,"1987-03-20",155.811539,0.959283541158399,0.994195026992807,1987,3,20,"Spring",0.967500441061429,0.963637549829125,0.692180752754211,0.692180752754211,1,15,15,FALSE,TRUE,TRUE,0.966261842482804
11,1632000,"1987-03-21",149.803185,0.96143832453898,1.00224624241752,1987,3,21,"Spring",0.967500441061429,0.963637549829125,0.692180752754211,0.692180752754211,1,15,15,FALSE,TRUE,TRUE,0.966261842482804
11,1632000,"1987-03-22",143.355191,0.956956896477201,0.995338829389885,1987,3,22,"Spring",0.967500441061429,0.963637549829125,0.692180752754211,0.692180752754211,1,15,15,FALSE,TRUE,TRUE,0.966261842482804
11,1632000,"1987-03-23",137.523336,0.959318843222078,1.00246818509127,1987,3,23,"Spring",0.967500441061429,0.963637549829125,0.692180752754211,0.692180752754211,1,15,15,FALSE,TRUE,TRUE,0.966261842482804
11,1632000,"1987-03-24",131.731747,0.95788650007734,0.998506916490948,1987,3,24,"Spring",0.967500441061429,0.963637549829125,0.692180752754211,0.692180752754211,1,15,15,FALSE,TRUE,TRUE,0.966261842482804
11,1632000,"1987-03-25",125.833318,0.955223937021043,0.997220377303489,1987,3,25,"Spring",0.967500441061429,0.963637549829125,0.692180752754211,0.692180752754211,1,15,15,FALSE,TRUE,TRUE,0.966261842482804
11,1632000,"1987-03-26",120.46449,0.957333812019484,1.00220877525852,1987,3,26,"Spring",0.967500441061429,0.963637549829125,0.692180752754211,0.692180752754211,1,15,15,FALSE,TRUE,TRUE,0.966261842482804
11,1632000,"1987-03-27",115.590323,0.959538557794085,1.00230300627317,1987,3,27,"Spring",0.967500441061429,0.963637549829125,0.692180752754211,0.692180752754211,1,15,15,FALSE,TRUE,TRUE,0.966261842482804
12,1632000,"1987-07-09",10.564905,0.917871842218801,1.01286331935141,1987,7,9,"Summer",0.954844896038012,0.996485300595844,0.402267217636108,0.402267217636108,1,26,26,FALSE,TRUE,TRUE,0.954844896038012
12,1632000,"1987-07-10",9.806559,0.928220272685841,1.01127437403682,1987,7,10,"Summer",0.954844896038012,0.996485300595844,0.402267217636108,0.402267217636108,1,26,26,FALSE,TRUE,TRUE,0.954844896038012
12,1632000,"1987-07-11",9.27011,0.945296918113683,1.01839719076425,1987,7,11,"Summer",0.954844896038012,0.996485300595844,0.402267217636108,0.402267217636108,1,26,26,FALSE,TRUE,TRUE,0.954844896038012
12,1632000,"1987-07-12",8.866607,0.956472684790148,1.01182249350687,1987,7,12,"Summer",0.954844896038012,0.996485300595844,0.402267217636108,0.402267217636108,1,26,26,FALSE,TRUE,TRUE,0.954844896038012
12,1632000,"1987-07-13",8.504361,0.959144913042836,1.00279383645261,1987,7,13,"Summer",0.954844896038012,0.996485300595844,0.402267217636108,0.402267217636108,1,26,26,FALSE,TRUE,TRUE,0.954844896038012
12,1632000,"1987-07-14",8.211098,0.965516162825167,1.00664263522195,1987,7,14,"Summer",0.954844896038012,0.996485300595844,0.402267217636108,0.402267217636108,1,26,26,FALSE,TRUE,TRUE,0.954844896038012
12,1632000,"1987-07-15",7.948512,0.968020598463202,1.00259388266552,1987,7,15,"Summer",0.954844896038012,0.996485300595844,0.402267217636108,0.402267217636108,1,26,26,FALSE,TRUE,TRUE,0.954844896038012
12,1632000,"1987-07-16",7.681153,0.966363641396025,0.998288303916458,1987,7,16,"Summer",0.954844896038012,0.996485300595844,0.402267217636108,0.402267217636108,1,26,26,FALSE,TRUE,TRUE,0.954844896038012
12,1632000,"1987-07-17",7.409095,0.964581098697031,0.998155412080262,1987,7,17,"Summer",0.954844896038012,0.996485300595844,0.402267217636108,0.402267217636108,1,26,26,FALSE,TRUE,TRUE,0.954844896038012
12,1632000,"1987-07-18",7.126248,0.961824352366922,0.997142027421195,1987,7,18,"Summer",0.954844896038012,0.996485300595844,0.402267217636108,0.402267217636108,1,26,26,FALSE,TRUE,TRUE,0.954844896038012
12,1632000,"1987-07-19",6.83348,0.958916950406441,0.996977200719314,1987,7,19,"Summer",0.954844896038012,0.996485300595844,0.402267217636108,0.402267217636108,1,26,26,FALSE,TRUE,TRUE,0.954844896038012
12,1632000,"1987-07-20",6.533297,0.956071723338621,0.997032874362463,1987,7,20,"Summer",0.954844896038012,0.996485300595844,0.402267217636108,0.402267217636108,1,26,26,FALSE,TRUE,TRUE,0.954844896038012
12,1632000,"1987-07-21",6.22999,0.953575201004944,0.997388770870705,1987,7,21,"Summer",0.954844896038012,0.996485300595844,0.402267217636108,0.402267217636108,1,26,26,FALSE,TRUE,TRUE,0.954844896038012
12,1632000,"1987-07-22",5.926224,0.951241334255753,0.997552508971782,1987,7,22,"Summer",0.954844896038012,0.996485300595844,0.402267217636108,0.402267217636108,1,26,26,FALSE,TRUE,TRUE,0.954844896038012
12,1632000,"1987-07-23",5.62904,0.949852722408063,0.998540210777555,1987,7,23,"Summer",0.954844896038012,0.996485300595844,0.402267217636108,0.402267217636108,1,26,26,FALSE,TRUE,TRUE,0.954844896038012
12,1632000,"1987-07-24",5.344699,0.949486768614187,0.999614725751432,1987,7,24,"Summer",0.954844896038012,0.996485300595844,0.402267217636108,0.402267217636108,1,26,26,FALSE,TRUE,TRUE,0.954844896038012
12,1632000,"1987-07-25",5.069159,0.948446114552007,0.99890398255502,1987,7,25,"Summer",0.954844896038012,0.996485300595844,0.402267217636108,0.402267217636108,1,26,26,FALSE,TRUE,TRUE,0.954844896038012
12,1632000,"1987-07-26",4.802484,0.947392654284468,0.998889277681277,1987,7,26,"Summer",0.954844896038012,0.996485300595844,0.402267217636108,0.402267217636108,1,26,26,FALSE,TRUE,TRUE,0.954844896038012
12,1632000,"1987-07-27",4.553781,0.948213674423486,1.00086661020149,1987,7,27,"Summer",0.954844896038012,0.996485300595844,0.402267217636108,0.402267217636108,1,26,26,FALSE,TRUE,TRUE,0.954844896038012
12,1632000,"1987-07-28",4.322745,0.949265017355907,1.00110876162281,1987,7,28,"Summer",0.954844896038012,0.996485300595844,0.402267217636108,0.402267217636108,1,26,26,FALSE,TRUE,TRUE,0.954844896038012
12,1632000,"1987-07-29",4.104954,0.949617430590979,1.00037124852241,1987,7,29,"Summer",0.954844896038012,0.996485300595844,0.402267217636108,0.402267217636108,1,26,26,FALSE,TRUE,TRUE,0.954844896038012
12,1632000,"1987-07-30",3.919071,0.954717397564017,1.00537054903243,1987,7,30,"Summer",0.954844896038012,0.996485300595844,0.402267217636108,0.402267217636108,1,26,26,FALSE,TRUE,TRUE,0.954844896038012
12,1632000,"1987-07-31",3.75312,0.957655526016242,1.00307748498113,1987,7,31,"Summer",0.954844896038012,0.996485300595844,0.402267217636108,0.402267217636108,1,26,26,FALSE,TRUE,TRUE,0.954844896038012
12,1632000,"1987-08-01",3.585264,0.955275610691904,0.997514852408112,1987,8,1,"Summer",0.954844896038012,0.996485300595844,0.402267217636108,0.402267217636108,1,26,26,FALSE,TRUE,TRUE,0.954844896038012
12,1632000,"1987-08-02",3.420704,0.954101009019141,0.998770405462448,1987,8,2,"Summer",0.954844896038012,0.996485300595844,0.402267217636108,0.402267217636108,1,26,26,FALSE,TRUE,TRUE,0.954844896038012
12,1632000,"1987-08-03",3.259977,0.953013473249951,0.998860146086306,1987,8,3,"Summer",0.954844896038012,0.996485300595844,0.402267217636108,0.402267217636108,1,26,26,FALSE,TRUE,TRUE,0.954844896038012
13,1632000,"1987-09-26",162.057647,0.929519718458924,1.01581521001937,1987,9,26,"Fall",0.946097820827412,0.989376050297925,0.496595203876495,0.496595203876495,1,31,31,FALSE,TRUE,TRUE,0.945098299024138
13,1632000,"1987-09-27",151.558026,0.935210579726608,1.0061223674492,1987,9,27,"Fall",0.946097820827412,0.989376050297925,0.496595203876495,0.496595203876495,1,31,31,FALSE,TRUE,TRUE,0.945098299024138
13,1632000,"1987-09-28",141.770429,0.935420134067991,1.00022407182503,1987,9,28,"Fall",0.946097820827412,0.989376050297925,0.496595203876495,0.496595203876495,1,31,31,FALSE,TRUE,TRUE,0.945098299024138
13,1632000,"1987-09-29",132.606117,0.935358085147644,0.999933667324353,1987,9,29,"Fall",0.946097820827412,0.989376050297925,0.496595203876495,0.496595203876495,1,31,31,FALSE,TRUE,TRUE,0.945098299024138
13,1632000,"1987-09-30",140.790283,1.06171786177858,1.13509240860519,1987,9,30,"Fall",0.946097820827412,0.989376050297925,0.496595203876495,0.496595203876495,1,31,31,FALSE,TRUE,TRUE,0.945098299024138
13,1632000,"1987-10-01",145.357364,1.0324388935279,0.972423023757338,1987,10,1,"Fall",0.946097820827412,0.989376050297925,0.496595203876495,0.496595203876495,1,31,31,FALSE,TRUE,TRUE,0.945098299024138
13,1632000,"1987-10-02",131.5439,0.904968942612361,0.876535113395459,1987,10,2,"Fall",0.946097820827412,0.989376050297925,0.496595203876495,0.496595203876495,1,31,31,FALSE,TRUE,TRUE,0.945098299024138
13,1632000,"1987-10-03",122.214247,0.929075745815655,1.02663826576601,1987,10,3,"Fall",0.946097820827412,0.989376050297925,0.496595203876495,0.496595203876495,1,31,31,FALSE,TRUE,TRUE,0.945098299024138
13,1632000,"1987-10-04",115.245452,0.942978865630944,1.01496446320755,1987,10,4,"Fall",0.946097820827412,0.989376050297925,0.496595203876495,0.496595203876495,1,31,31,FALSE,TRUE,TRUE,0.945098299024138
13,1632000,"1987-10-05",109.188212,0.947440528932977,1.00473145630793,1987,10,5,"Fall",0.946097820827412,0.989376050297925,0.496595203876495,0.496595203876495,1,31,31,FALSE,TRUE,TRUE,0.945098299024138
13,1632000,"1987-10-06",103.287126,0.94595491681831,0.998431973227555,1987,10,6,"Fall",0.946097820827412,0.989376050297925,0.496595203876495,0.496595203876495,1,31,31,FALSE,TRUE,TRUE,0.945098299024138
13,1632000,"1987-10-07",97.279765,0.941838240324356,0.995648126120216,1987,10,7,"Fall",0.946097820827412,0.989376050297925,0.496595203876495,0.496595203876495,1,31,31,FALSE,TRUE,TRUE,0.945098299024138
13,1632000,"1987-10-08",92.094203,0.946694340801502,1.00515598142997,1987,10,8,"Fall",0.946097820827412,0.989376050297925,0.496595203876495,0.496595203876495,1,31,31,FALSE,TRUE,TRUE,0.945098299024138
13,1632000,"1987-10-09",87.836662,0.95376971773131,1.00747377123203,1987,10,9,"Fall",0.946097820827412,0.989376050297925,0.496595203876495,0.496595203876495,1,31,31,FALSE,TRUE,TRUE,0.945098299024138
13,1632000,"1987-10-10",83.552597,0.951226914793278,0.997333944566745,1987,10,10,"Fall",0.946097820827412,0.989376050297925,0.496595203876495,0.496595203876495,1,31,31,FALSE,TRUE,TRUE,0.945098299024138
13,1632000,"1987-10-11",78.639063,0.941192324638335,0.989450897573557,1987,10,11,"Fall",0.946097820827412,0.989376050297925,0.496595203876495,0.496595203876495,1,31,31,FALSE,TRUE,TRUE,0.945098299024138
13,1632000,"1987-10-12",73.525511,0.934974403242826,0.993393569802114,1987,10,12,"Fall",0.946097820827412,0.989376050297925,0.496595203876495,0.496595203876495,1,31,31,FALSE,TRUE,TRUE,0.945098299024138
13,1632000,"1987-10-13",69.311671,0.9426887356145,1.00825084873438,1987,10,13,"Fall",0.946097820827412,0.989376050297925,0.496595203876495,0.496595203876495,1,31,31,FALSE,TRUE,TRUE,0.945098299024138
13,1632000,"1987-10-14",65.592591,0.946342658511292,1.00387606508781,1987,10,14,"Fall",0.946097820827412,0.989376050297925,0.496595203876495,0.496595203876495,1,31,31,FALSE,TRUE,TRUE,0.945098299024138
13,1632000,"1987-10-15",61.578774,0.938806853963125,0.992036917621339,1987,10,15,"Fall",0.946097820827412,0.989376050297925,0.496595203876495,0.496595203876495,1,31,31,FALSE,TRUE,TRUE,0.945098299024138
13,1632000,"1987-10-16",57.397535,0.932099346440382,0.992855284881626,1987,10,16,"Fall",0.946097820827412,0.989376050297925,0.496595203876495,0.496595203876495,1,31,31,FALSE,TRUE,TRUE,0.945098299024138
13,1632000,"1987-10-17",53.157877,0.92613519030042,0.993601372897922,1987,10,17,"Fall",0.946097820827412,0.989376050297925,0.496595203876495,0.496595203876495,1,31,31,FALSE,TRUE,TRUE,0.945098299024138
13,1632000,"1987-10-18",49.037729,0.922492239485034,0.996066502111637,1987,10,18,"Fall",0.946097820827412,0.989376050297925,0.496595203876495,0.496595203876495,1,31,31,FALSE,TRUE,TRUE,0.945098299024138
13,1632000,"1987-10-19",44.979689,0.917246575590807,0.994313595638316,1987,10,19,"Fall",0.946097820827412,0.989376050297925,0.496595203876495,0.496595203876495,1,31,31,FALSE,TRUE,TRUE,0.945098299024138
13,1632000,"1987-10-20",41.126848,0.914342649189949,0.996834083137364,1987,10,20,"Fall",0.946097820827412,0.989376050297925,0.496595203876495,0.496595203876495,1,31,31,FALSE,TRUE,TRUE,0.945098299024138
13,1632000,"1987-10-21",40.35486,0.98122909881156,1.07315249888088,1987,10,21,"Fall",0.946097820827412,0.989376050297925,0.496595203876495,0.496595203876495,1,31,31,FALSE,TRUE,TRUE,0.945098299024138
13,1632000,"1987-10-22",40.411667,1.00140768670738,1.02056460404635,1987,10,22,"Fall",0.946097820827412,0.989376050297925,0.496595203876495,0.496595203876495,1,31,31,FALSE,TRUE,TRUE,0.945098299024138
13,1632000,"1987-10-23",38.546701,0.953850802541751,0.952509966922671,1987,10,23,"Fall",0.946097820827412,0.989376050297925,0.496595203876495,0.496595203876495,1,31,31,FALSE,TRUE,TRUE,0.945098299024138
13,1632000,"1987-10-24",36.585674,0.949125944656068,0.995046544099882,1987,10,24,"Fall",0.946097820827412,0.989376050297925,0.496595203876495,0.496595203876495,1,31,31,FALSE,TRUE,TRUE,0.945098299024138
13,1632000,"1987-10-25",33.916483,0.927042727161457,0.976733100997873,1987,10,25,"Fall",0.946097820827412,0.989376050297925,0.496595203876495,0.496595203876495,1,31,31,FALSE,TRUE,TRUE,0.945098299024138
13,1632000,"1987-10-26",30.709595,0.905447507632203,0.976705259750674,1987,10,26,"Fall",0.946097820827412,0.989376050297925,0.496595203876495,0.496595203876495,1,31,31,FALSE,TRUE,TRUE,0.945098299024138
14,1632000,"1988-02-06",214.750365,0.936587507457252,0.995258690199917,1988,2,6,"Winter",0.974493322610549,0.904804785345025,0.738718748092651,0.738718748092651,1,27,27,FALSE,TRUE,TRUE,0.974950797371101
14,1632000,"1988-02-07",202.528411,0.94308762176027,1.00694021033941,1988,2,7,"Winter",0.974493322610549,0.904804785345025,0.738718748092651,0.738718748092651,1,27,27,FALSE,TRUE,TRUE,0.974950797371101
14,1632000,"1988-02-08",192.962148,0.952765822075205,1.01026224933042,1988,2,8,"Winter",0.974493322610549,0.904804785345025,0.738718748092651,0.738718748092651,1,27,27,FALSE,TRUE,TRUE,0.974950797371101
14,1632000,"1988-02-09",184.737367,0.957376194837964,1.00483893592312,1988,2,9,"Winter",0.974493322610549,0.904804785345025,0.738718748092651,0.738718748092651,1,27,27,FALSE,TRUE,TRUE,0.974950797371101
14,1632000,"1988-02-10",177.27711,0.959616957190908,1.00234052440934,1988,2,10,"Winter",0.974493322610549,0.904804785345025,0.738718748092651,0.738718748092651,1,27,27,FALSE,TRUE,TRUE,0.974950797371101
14,1632000,"1988-02-11",170.320434,0.960758182486165,1.0011892508638,1988,2,11,"Winter",0.974493322610549,0.904804785345025,0.738718748092651,0.738718748092651,1,27,27,FALSE,TRUE,TRUE,0.974950797371101
14,1632000,"1988-02-12",164.399031,0.965233748758531,1.00465836914424,1988,2,12,"Winter",0.974493322610549,0.904804785345025,0.738718748092651,0.738718748092651,1,27,27,FALSE,TRUE,TRUE,0.974950797371101
14,1632000,"1988-02-13",159.237455,0.96860336725464,1.00349098702821,1988,2,13,"Winter",0.974493322610549,0.904804785345025,0.738718748092651,0.738718748092651,1,27,27,FALSE,TRUE,TRUE,0.974950797371101
14,1632000,"1988-02-14",153.503493,0.963991122565982,0.99523825247301,1988,2,14,"Winter",0.974493322610549,0.904804785345025,0.738718748092651,0.738718748092651,1,27,27,FALSE,TRUE,TRUE,0.974950797371101
14,1632000,"1988-02-15",149.875163,0.976363208881507,1.01283423262508,1988,2,15,"Winter",0.974493322610549,0.904804785345025,0.738718748092651,0.738718748092651,1,27,27,FALSE,TRUE,TRUE,0.974950797371101
14,1632000,"1988-02-16",156.12641,1.04170969275276,1.06692845784932,1988,2,16,"Winter",0.974493322610549,0.904804785345025,0.738718748092651,0.738718748092651,1,27,27,FALSE,TRUE,TRUE,0.974950797371101
14,1632000,"1988-02-17",158.626879,1.01601566961029,0.975334756582155,1988,2,17,"Winter",0.974493322610549,0.904804785345025,0.738718748092651,0.738718748092651,1,27,27,FALSE,TRUE,TRUE,0.974950797371101
14,1632000,"1988-02-18",151.210089,0.953243800503697,0.938217617125269,1988,2,18,"Winter",0.974493322610549,0.904804785345025,0.738718748092651,0.738718748092651,1,27,27,FALSE,TRUE,TRUE,0.974950797371101
14,1632000,"1988-02-19",148.207151,0.980140624082299,1.02821610123705,1988,2,19,"Winter",0.974493322610549,0.904804785345025,0.738718748092651,0.738718748092651,1,27,27,FALSE,TRUE,TRUE,0.974950797371101
14,1632000,"1988-02-20",160.700704,1.08429790948481,1.10626769551567,1988,2,20,"Winter",0.974493322610549,0.904804785345025,0.738718748092651,0.738718748092651,1,27,27,FALSE,TRUE,TRUE,0.974950797371101
14,1632000,"1988-02-21",164.991843,1.02670267704614,0.946882464740678,1988,2,21,"Winter",0.974493322610549,0.904804785345025,0.738718748092651,0.738718748092651,1,27,27,FALSE,TRUE,TRUE,0.974950797371101
14,1632000,"1988-02-22",151.298576,0.91700640012852,0.893156724560977,1988,2,22,"Winter",0.974493322610549,0.904804785345025,0.738718748092651,0.738718748092651,1,27,27,FALSE,TRUE,TRUE,0.974950797371101
14,1632000,"1988-02-23",142.182155,0.939745493705109,1.0247970936445,1988,2,23,"Winter",0.974493322610549,0.904804785345025,0.738718748092651,0.738718748092651,1,27,27,FALSE,TRUE,TRUE,0.974950797371101
14,1632000,"1988-02-24",135.261626,0.951326317989765,1.01232336240209,1988,2,24,"Winter",0.974493322610549,0.904804785345025,0.738718748092651,0.738718748092651,1,27,27,FALSE,TRUE,TRUE,0.974950797371101
14,1632000,"1988-02-25",129.399381,0.956659954686631,1.00560652700972,1988,2,25,"Winter",0.974493322610549,0.904804785345025,0.738718748092651,0.738718748092651,1,27,27,FALSE,TRUE,TRUE,0.974950797371101
14,1632000,"1988-02-26",124.111646,0.959136319206967,1.00258855250312,1988,2,26,"Winter",0.974493322610549,0.904804785345025,0.738718748092651,0.738718748092651,1,27,27,FALSE,TRUE,TRUE,0.974950797371101
14,1632000,"1988-02-27",119.166839,0.960158396416723,1.00106562246605,1988,2,27,"Winter",0.974493322610549,0.904804785345025,0.738718748092651,0.738718748092651,1,27,27,FALSE,TRUE,TRUE,0.974950797371101
14,1632000,"1988-02-28",114.423369,0.960194714907223,1.00003782551987,1988,2,28,"Winter",0.974493322610549,0.904804785345025,0.738718748092651,0.738718748092651,1,27,27,FALSE,TRUE,TRUE,0.974950797371101
14,1632000,"1988-02-29",109.817389,0.959746159895012,0.999532849946738,1988,2,29,"Winter",0.974493322610549,0.904804785345025,0.738718748092651,0.738718748092651,1,27,27,FALSE,TRUE,TRUE,0.974950797371101
14,1632000,"1988-03-01",105.195011,0.957908505728542,0.998085270623358,1988,3,1,"Spring",0.974493322610549,0.904804785345025,0.738718748092651,0.738718748092651,1,27,27,FALSE,TRUE,TRUE,0.974950797371101
14,1632000,"1988-03-02",100.474407,0.955125210263061,0.997094403642064,1988,3,2,"Spring",0.974493322610549,0.904804785345025,0.738718748092651,0.738718748092651,1,27,27,FALSE,TRUE,TRUE,0.974950797371101
14,1632000,"1988-03-03",96.059782,0.956062194027182,1.0009810062116,1988,3,3,"Spring",0.974493322610549,0.904804785345025,0.738718748092651,0.738718748092651,1,27,27,FALSE,TRUE,TRUE,0.974950797371101
16,1632000,"1988-04-10",140.121296,0.747394815500479,1.01877714985605,1988,4,10,"Spring",0.937831189526891,0.983643961648222,0.862155675888062,0.862155675888062,1,24,24,FALSE,TRUE,TRUE,0.938576577460346
16,1632000,"1988-04-11",117.493221,0.838510807093877,1.12191145791182,1988,4,11,"Spring",0.937831189526891,0.983643961648222,0.862155675888062,0.862155675888062,1,24,24,FALSE,TRUE,TRUE,0.938576577460346
16,1632000,"1988-04-12",104.661421,0.890786890590054,1.06234395914032,1988,4,12,"Spring",0.937831189526891,0.983643961648222,0.862155675888062,0.862155675888062,1,24,24,FALSE,TRUE,TRUE,0.938576577460346
16,1632000,"1988-04-13",96.433371,0.921384117267049,1.03434853723176,1988,4,13,"Spring",0.937831189526891,0.983643961648222,0.862155675888062,0.862155675888062,1,24,24,FALSE,TRUE,TRUE,0.938576577460346
16,1632000,"1988-04-14",90.561103,0.939105436851316,1.01923336776938,1988,4,14,"Spring",0.937831189526891,0.983643961648222,0.862155675888062,0.862155675888062,1,24,24,FALSE,TRUE,TRUE,0.938576577460346
16,1632000,"1988-04-15",85.196134,0.940758572695388,1.00176033039444,1988,4,15,"Spring",0.937831189526891,0.983643961648222,0.862155675888062,0.862155675888062,1,24,24,FALSE,TRUE,TRUE,0.938576577460346
16,1632000,"1988-04-16",80.031783,0.939382801102219,0.998537593349559,1988,4,16,"Spring",0.937831189526891,0.983643961648222,0.862155675888062,0.862155675888062,1,24,24,FALSE,TRUE,TRUE,0.938576577460346
16,1632000,"1988-04-17",75.383078,0.941914264236747,1.00269481528889,1988,4,17,"Spring",0.937831189526891,0.983643961648222,0.862155675888062,0.862155675888062,1,24,24,FALSE,TRUE,TRUE,0.938576577460346
16,1632000,"1988-04-18",71.149853,0.943843829247726,1.00204855694859,1988,4,18,"Spring",0.937831189526891,0.983643961648222,0.862155675888062,0.862155675888062,1,24,24,FALSE,TRUE,TRUE,0.938576577460346
16,1632000,"1988-04-19",67.532493,0.949158573806189,1.00563095757346,1988,4,19,"Spring",0.937831189526891,0.983643961648222,0.862155675888062,0.862155675888062,1,24,24,FALSE,TRUE,TRUE,0.938576577460346
16,1632000,"1988-04-20",64.415751,0.953848260866069,1.00494088889813,1988,4,20,"Spring",0.937831189526891,0.983643961648222,0.862155675888062,0.862155675888062,1,24,24,FALSE,TRUE,TRUE,0.938576577460346
16,1632000,"1988-04-21",60.948572,0.94617498133337,0.991955450518165,1988,4,21,"Spring",0.937831189526891,0.983643961648222,0.862155675888062,0.862155675888062,1,24,24,FALSE,TRUE,TRUE,0.938576577460346
16,1632000,"1988-04-22",59.201779,0.971339886355336,1.02659645997668,1988,4,22,"Spring",0.937831189526891,0.983643961648222,0.862155675888062,0.862155675888062,1,24,24,FALSE,TRUE,TRUE,0.938576577460346
16,1632000,"1988-04-23",56.93155,0.961652689524752,0.990026975143652,1988,4,23,"Spring",0.937831189526891,0.983643961648222,0.862155675888062,0.862155675888062,1,24,24,FALSE,TRUE,TRUE,0.938576577460346
16,1632000,"1988-04-24",53.105965,0.932803779275288,0.970000697170907,1988,4,24,"Spring",0.937831189526891,0.983643961648222,0.862155675888062,0.862155675888062,1,24,24,FALSE,TRUE,TRUE,0.938576577460346
16,1632000,"1988-04-25",50.487753,0.950698344338532,1.01918363267905,1988,4,25,"Spring",0.937831189526891,0.983643961648222,0.862155675888062,0.862155675888062,1,24,24,FALSE,TRUE,TRUE,0.938576577460346
16,1632000,"1988-04-26",47.776396,0.94629673853776,0.995370134147195,1988,4,26,"Spring",0.937831189526891,0.983643961648222,0.862155675888062,0.862155675888062,1,24,24,FALSE,TRUE,TRUE,0.938576577460346
16,1632000,"1988-04-27",44.375497,0.928816334325427,0.981527565825342,1988,4,27,"Spring",0.937831189526891,0.983643961648222,0.862155675888062,0.862155675888062,1,24,24,FALSE,TRUE,TRUE,0.938576577460346
16,1632000,"1988-04-28",40.788546,0.919168206724535,0.989612448398747,1988,4,28,"Spring",0.937831189526891,0.983643961648222,0.862155675888062,0.862155675888062,1,24,24,FALSE,TRUE,TRUE,0.938576577460346
16,1632000,"1988-04-29",37.922588,0.929736205845631,1.01149735058696,1988,4,29,"Spring",0.937831189526891,0.983643961648222,0.862155675888062,0.862155675888062,1,24,24,FALSE,TRUE,TRUE,0.938576577460346
16,1632000,"1988-04-30",35.433199,0.934356036038469,1.00496896879329,1988,4,30,"Spring",0.937831189526891,0.983643961648222,0.862155675888062,0.862155675888062,1,24,24,FALSE,TRUE,TRUE,0.938576577460346
16,1632000,"1988-05-01",32.394755,0.914248668318093,0.978479972360828,1988,5,1,"Spring",0.937831189526891,0.983643961648222,0.862155675888062,0.862155675888062,1,24,24,FALSE,TRUE,TRUE,0.938576577460346
16,1632000,"1988-05-02",28.755549,0.887660641359998,0.97091816714701,1988,5,2,"Spring",0.937831189526891,0.983643961648222,0.862155675888062,0.862155675888062,1,24,24,FALSE,TRUE,TRUE,0.938576577460346
16,1632000,"1988-05-03",24.926339,0.866835788807232,0.976539623835456,1988,5,3,"Spring",0.937831189526891,0.983643961648222,0.862155675888062,0.862155675888062,1,24,24,FALSE,TRUE,TRUE,0.938576577460346
17,1632000,"1988-05-31",181.878382,0.920941464534977,1.00698510804234,1988,5,31,"Spring",0.913448528156026,0.965920948887924,0.326634168624878,0.00206005573272705,4,40,37,FALSE,TRUE,TRUE,0.905410247169174
17,1632000,"1988-06-01",167.493175,0.920907549089589,0.999963173071586,1988,6,1,"Summer",0.913448528156026,0.965920948887924,0.326634168624878,0.00206005573272705,4,40,37,FALSE,TRUE,TRUE,0.905410247169174
17,1632000,"1988-06-02",157.183625,0.93844793974441,1.01904685293563,1988,6,2,"Summer",0.913448528156026,0.965920948887924,0.326634168624878,0.00206005573272705,4,40,37,FALSE,TRUE,TRUE,0.905410247169174
17,1632000,"1988-06-03",174.725663,1.11160219774802,1.18451130922698,1988,6,3,"Summer",0.913448528156026,0.965920948887924,0.326634168624878,0.00206005573272705,4,40,37,FALSE,TRUE,TRUE,0.905410247169174
17,1632000,"1988-06-04",186.511738,1.06745474475607,0.960284845530726,1988,6,4,"Summer",0.913448528156026,0.965920948887924,0.326634168624878,0.00206005573272705,4,40,37,FALSE,TRUE,TRUE,0.905410247169174
17,1632000,"1988-06-05",169.26796,0.907545883251594,0.850196120922188,1988,6,5,"Summer",0.913448528156026,0.965920948887924,0.326634168624878,0.00206005573272705,4,40,37,FALSE,TRUE,TRUE,0.905410247169174
17,1632000,"1988-06-06",155.348958,0.91776942310878,1.01126503909704,1988,6,6,"Summer",0.913448528156026,0.965920948887924,0.326634168624878,0.00206005573272705,4,40,37,FALSE,TRUE,TRUE,0.905410247169174
17,1632000,"1988-06-07",141.969208,0.913872933734129,0.995754391815046,1988,6,7,"Summer",0.913448528156026,0.965920948887924,0.326634168624878,0.00206005573272705,4,40,37,FALSE,TRUE,TRUE,0.905410247169174
17,1632000,"1988-06-08",128.470595,0.904918727165119,0.990201912937258,1988,6,8,"Summer",0.913448528156026,0.965920948887924,0.326634168624878,0.00206005573272705,4,40,37,FALSE,TRUE,TRUE,0.905410247169174
17,1632000,"1988-06-09",121.81679,0.948207564540353,1.04783726546454,1988,6,9,"Summer",0.913448528156026,0.965920948887924,0.326634168624878,0.00206005573272705,4,40,37,FALSE,TRUE,TRUE,0.905410247169174
17,1632000,"1988-06-10",116.078858,0.952897034965377,1.00494561591828,1988,6,10,"Summer",0.913448528156026,0.965920948887924,0.326634168624878,0.00206005573272705,4,40,37,FALSE,TRUE,TRUE,0.905410247169174
17,1632000,"1988-06-11",107.320507,0.924548267006555,0.970249914819126,1988,6,11,"Summer",0.913448528156026,0.965920948887924,0.326634168624878,0.00206005573272705,4,40,37,FALSE,TRUE,TRUE,0.905410247169174
17,1632000,"1988-06-12",100.921591,0.940375645075922,1.0171190392478,1988,6,12,"Summer",0.913448528156026,0.965920948887924,0.326634168624878,0.00206005573272705,4,40,37,FALSE,TRUE,TRUE,0.905410247169174
17,1632000,"1988-06-13",92.627597,0.917817447011908,0.976011503294311,1988,6,13,"Summer",0.913448528156026,0.965920948887924,0.326634168624878,0.00206005573272705,4,40,37,FALSE,TRUE,TRUE,0.905410247169174
17,1632000,"1988-06-14",81.905187,0.884241734134591,0.963417874669273,1988,6,14,"Summer",0.913448528156026,0.965920948887924,0.326634168624878,0.00206005573272705,4,40,37,FALSE,TRUE,TRUE,0.905410247169174
17,1632000,"1988-06-15",70.036114,0.855087651530543,0.967029284551265,1988,6,15,"Summer",0.913448528156026,0.965920948887924,0.326634168624878,0.00206005573272705,4,40,37,FALSE,TRUE,TRUE,0.905410247169174
17,1632000,"1988-06-16",57.744153,0.824491104689218,0.964218233316129,1988,6,16,"Summer",0.913448528156026,0.965920948887924,0.326634168624878,0.00206005573272705,4,40,37,FALSE,TRUE,TRUE,0.905410247169174
17,1632000,"1988-06-17",47.088077,0.815460519439951,0.989047079831539,1988,6,17,"Summer",0.913448528156026,0.965920948887924,0.326634168624878,0.00206005573272705,4,40,37,FALSE,TRUE,TRUE,0.905410247169174
17,1632000,"1988-06-18",38.626142,0.820295592024283,1.00592925404611,1988,6,18,"Summer",0.913448528156026,0.965920948887924,0.326634168624878,0.00206005573272705,4,40,37,FALSE,TRUE,TRUE,0.905410247169174
17,1632000,"1988-06-19",30.819113,0.797882247727459,0.972676502818315,1988,6,19,"Summer",0.913448528156026,0.965920948887924,0.326634168624878,0.00206005573272705,4,40,37,FALSE,TRUE,TRUE,0.905410247169174
17,1632000,"1988-06-20",25.26141,0.819667003394939,1.02730322140833,1988,6,20,"Summer",0.913448528156026,0.965920948887924,0.326634168624878,0.00206005573272705,4,40,37,FALSE,TRUE,TRUE,0.905410247169174
17,1632000,"1988-06-21",22.483913,0.890049803237428,1.08586755298307,1988,6,21,"Summer",0.913448528156026,0.965920948887924,0.326634168624878,0.00206005573272705,4,40,37,FALSE,TRUE,TRUE,0.905410247169174
17,1632000,"1988-06-22",20.656705,0.91873265120711,1.03222611573572,1988,6,22,"Summer",0.913448528156026,0.965920948887924,0.326634168624878,0.00206005573272705,4,40,37,FALSE,TRUE,TRUE,0.905410247169174
17,1632000,"1988-06-23",19.442352,0.941212647418841,1.02446848512698,1988,6,23,"Summer",0.913448528156026,0.965920948887924,0.326634168624878,0.00206005573272705,4,40,37,FALSE,TRUE,TRUE,0.905410247169174
17,1632000,"1988-06-24",18.327908,0.94267956880937,1.0015585440703,1988,6,24,"Summer",0.913448528156026,0.965920948887924,0.326634168624878,0.00206005573272705,4,40,37,FALSE,TRUE,TRUE,0.905410247169174
17,1632000,"1988-06-25",17.092582,0.93259863591633,0.989306087427171,1988,6,25,"Summer",0.913448528156026,0.965920948887924,0.326634168624878,0.00206005573272705,4,40,37,FALSE,TRUE,TRUE,0.905410247169174
17,1632000,"1988-06-26",16.031289,0.9379091467866,1.00569431550267,1988,6,26,"Summer",0.913448528156026,0.965920948887924,0.326634168624878,0.00206005573272705,4,40,37,FALSE,TRUE,TRUE,0.905410247169174
17,1632000,"1988-06-27",15.039387,0.938127121281389,1.00023240470096,1988,6,27,"Summer",0.913448528156026,0.965920948887924,0.326634168624878,0.00206005573272705,4,40,37,FALSE,TRUE,TRUE,0.905410247169174
17,1632000,"1988-06-28",14.145196,0.940543387838879,1.00257562808139,1988,6,28,"Summer",0.913448528156026,0.965920948887924,0.326634168624878,0.00206005573272705,4,40,37,FALSE,TRUE,TRUE,0.905410247169174
17,1632000,"1988-06-29",13.323702,0.941924169873645,1.00146806840877,1988,6,29,"Summer",0.913448528156026,0.965920948887924,0.326634168624878,0.00206005573272705,4,40,37,FALSE,TRUE,TRUE,0.905410247169174
17,1632000,"1988-06-30",12.539232,0.941122219635354,0.999148604246562,1988,6,30,"Summer",0.913448528156026,0.965920948887924,0.326634168624878,0.00206005573272705,4,40,37,FALSE,TRUE,TRUE,0.905410247169174
17,1632000,"1988-07-01",11.81741,0.942434911484212,1.00139481548886,1988,7,1,"Summer",0.913448528156026,0.965920948887924,0.326634168624878,0.00206005573272705,4,40,37,FALSE,TRUE,TRUE,0.905410247169174
17,1632000,"1988-07-02",11.160225,0.944388406596708,1.00207281700698,1988,7,2,"Summer",0.913448528156026,0.965920948887924,0.326634168624878,0.00206005573272705,4,40,37,FALSE,TRUE,TRUE,0.905410247169174
17,1632000,"1988-07-03",10.535018,0.943978996839221,0.999566481593139,1988,7,3,"Summer",0.913448528156026,0.965920948887924,0.326634168624878,0.00206005573272705,4,40,37,FALSE,TRUE,TRUE,0.905410247169174
17,1632000,"1988-07-04",9.905926,0.940285626469741,0.996087444337377,1988,7,4,"Summer",0.913448528156026,0.965920948887924,0.326634168624878,0.00206005573272705,4,40,37,FALSE,TRUE,TRUE,0.905410247169174
17,1632000,"1988-07-05",9.276093,0.936418563998964,0.995887353414839,1988,7,5,"Summer",0.913448528156026,0.965920948887924,0.326634168624878,0.00206005573272705,4,40,37,FALSE,TRUE,TRUE,0.905410247169174
17,1632000,"1988-07-06",8.709603,0.938930107751184,1.00268207385968,1988,7,6,"Summer",0.913448528156026,0.965920948887924,0.326634168624878,0.00206005573272705,4,40,37,FALSE,TRUE,TRUE,0.905410247169174
18,1632000,"1988-09-12",9.5677,0.858864512837186,1.07389942101529,1988,9,12,"Fall",0.910726254589954,0.934174812920055,0.631221771240234,0.0102795362472534,5,16,12,FALSE,TRUE,TRUE,0.945009019870661
18,1632000,"1988-09-13",9.367888,0.979115983987792,1.14001215483146,1988,9,13,"Fall",0.910726254589954,0.934174812920055,0.631221771240234,0.0102795362472534,5,16,12,FALSE,TRUE,TRUE,0.945009019870661
18,1632000,"1988-09-14",9.136659,0.975316848365395,0.99611983086322,1988,9,14,"Fall",0.910726254589954,0.934174812920055,0.631221771240234,0.0102795362472534,5,16,12,FALSE,TRUE,TRUE,0.945009019870661
18,1632000,"1988-09-15",8.082929,0.884670096585634,0.907059175762541,1988,9,15,"Fall",0.910726254589954,0.934174812920055,0.631221771240234,0.0102795362472534,5,16,12,FALSE,TRUE,TRUE,0.945009019870661
18,1632000,"1988-09-16",7.343015,0.908459668518677,1.02689089641987,1988,9,16,"Fall",0.910726254589954,0.934174812920055,0.631221771240234,0.0102795362472534,5,16,12,FALSE,TRUE,TRUE,0.945009019870661
18,1632000,"1988-09-17",7.783278,1.05995670715639,1.16676253650836,1988,9,17,"Fall",0.910726254589954,0.934174812920055,0.631221771240234,0.0102795362472534,5,16,12,FALSE,TRUE,TRUE,0.945009019870661
18,1632000,"1988-09-18",7.985898,1.02603273325198,0.967994943873299,1988,9,18,"Fall",0.910726254589954,0.934174812920055,0.631221771240234,0.0102795362472534,5,16,12,FALSE,TRUE,TRUE,0.945009019870661
18,1632000,"1988-09-19",7.050616,0.882883302541555,0.860482588838354,1988,9,19,"Fall",0.910726254589954,0.934174812920055,0.631221771240234,0.0102795362472534,5,16,12,FALSE,TRUE,TRUE,0.945009019870661
18,1632000,"1988-09-20",6.399219,0.907611334952861,1.02800826829562,1988,9,20,"Fall",0.910726254589954,0.934174812920055,0.631221771240234,0.0102795362472534,5,16,12,FALSE,TRUE,TRUE,0.945009019870661
18,1632000,"1988-09-21",5.882433,0.919242332540893,1.01281495408895,1988,9,21,"Fall",0.910726254589954,0.934174812920055,0.631221771240234,0.0102795362472534,5,16,12,FALSE,TRUE,TRUE,0.945009019870661
18,1632000,"1988-09-22",5.450259,0.926531419907375,1.00792945136277,1988,9,22,"Fall",0.910726254589954,0.934174812920055,0.631221771240234,0.0102795362472534,5,16,12,FALSE,TRUE,TRUE,0.945009019870661
18,1632000,"1988-09-23",5.083924,0.932785763025207,1.00675027633543,1988,9,23,"Fall",0.910726254589954,0.934174812920055,0.631221771240234,0.0102795362472534,5,16,12,FALSE,TRUE,TRUE,0.945009019870661
19,1632000,"1988-10-09",6.725704,0.945788706622725,1.00967947745807,1988,10,9,"Fall",0.952077189578777,0.999000616366554,0.37269139289856,0.00255703926086426,5,16,12,FALSE,TRUE,TRUE,0.957004246192553
19,1632000,"1988-10-10",6.392937,0.950523097656394,1.00500575974371,1988,10,10,"Fall",0.952077189578777,0.999000616366554,0.37269139289856,0.00255703926086426,5,16,12,FALSE,TRUE,TRUE,0.957004246192553
19,1632000,"1988-10-11",6.091209,0.95280291359042,1.00239848557036,1988,10,11,"Fall",0.952077189578777,0.999000616366554,0.37269139289856,0.00255703926086426,5,16,12,FALSE,TRUE,TRUE,0.957004246192553
19,1632000,"1988-10-12",5.819175,0.955339900502511,1.00266265654303,1988,10,12,"Fall",0.952077189578777,0.999000616366554,0.37269139289856,0.00255703926086426,5,16,12,FALSE,TRUE,TRUE,0.957004246192553
19,1632000,"1988-10-13",5.584112,0.959605442352223,1.0044649468189,1988,10,13,"Fall",0.952077189578777,0.999000616366554,0.37269139289856,0.00255703926086426,5,16,12,FALSE,TRUE,TRUE,0.957004246192553
19,1632000,"1988-10-14",5.3741,0.962391155478257,1.00290297762297,1988,10,14,"Fall",0.952077189578777,0.999000616366554,0.37269139289856,0.00255703926086426,5,16,12,FALSE,TRUE,TRUE,0.957004246192553
19,1632000,"1988-10-15",5.167796,0.961611432611972,0.999189806699858,1988,10,15,"Fall",0.952077189578777,0.999000616366554,0.37269139289856,0.00255703926086426,5,16,12,FALSE,TRUE,TRUE,0.957004246192553
19,1632000,"1988-10-16",4.952739,0.958385160714548,0.996644931842521,1988,10,16,"Fall",0.952077189578777,0.999000616366554,0.37269139289856,0.00255703926086426,5,16,12,FALSE,TRUE,TRUE,0.957004246192553
19,1632000,"1988-10-17",4.725824,0.954183937413217,0.995616351886961,1988,10,17,"Fall",0.952077189578777,0.999000616366554,0.37269139289856,0.00255703926086426,5,16,12,FALSE,TRUE,TRUE,0.957004246192553
19,1632000,"1988-10-18",4.499024,0.95200836933411,0.99771996992005,1988,10,18,"Fall",0.952077189578777,0.999000616366554,0.37269139289856,0.00255703926086426,5,16,12,FALSE,TRUE,TRUE,0.957004246192553
19,1632000,"1988-10-19",4.292702,0.954140720298447,1.00223984476715,1988,10,19,"Fall",0.952077189578777,0.999000616366554,0.37269139289856,0.00255703926086426,5,16,12,FALSE,TRUE,TRUE,0.957004246192553
19,1632000,"1988-10-20",4.107669,0.956895913110204,1.0028876168401,1988,10,20,"Fall",0.952077189578777,0.999000616366554,0.37269139289856,0.00255703926086426,5,16,12,FALSE,TRUE,TRUE,0.957004246192553
20,1632000,"1989-01-26",69.815671,0.945143307677369,0.993948742794563,1989,1,26,"Winter",0.968180595713638,0.251135354188013,0.433826804161072,0.224207520484924,8,24,17,FALSE,TRUE,TRUE,0.984685130744282
20,1632000,"1989-01-27",65.855286,0.943273695672137,0.998021874577066,1989,1,27,"Winter",0.968180595713638,0.251135354188013,0.433826804161072,0.224207520484924,8,24,17,FALSE,TRUE,TRUE,0.984685130744282
20,1632000,"1989-01-28",62.147325,0.943695317031954,1.0004469766959,1989,1,28,"Winter",0.968180595713638,0.251135354188013,0.433826804161072,0.224207520484924,8,24,17,FALSE,TRUE,TRUE,0.984685130744282
20,1632000,"1989-01-29",58.4919,0.94118129782738,0.997335984232199,1989,1,29,"Winter",0.968180595713638,0.251135354188013,0.433826804161072,0.224207520484924,8,24,17,FALSE,TRUE,TRUE,0.984685130744282
20,1632000,"1989-01-30",54.95316,0.939500341072866,0.998213992608657,1989,1,30,"Winter",0.968180595713638,0.251135354188013,0.433826804161072,0.224207520484924,8,24,17,FALSE,TRUE,TRUE,0.984685130744282
20,1632000,"1989-01-31",51.855907,0.9436383094257,1.00440443517893,1989,1,31,"Winter",0.968180595713638,0.251135354188013,0.433826804161072,0.224207520484924,8,24,17,FALSE,TRUE,TRUE,0.984685130744282
20,1632000,"1989-02-01",48.843241,0.941903127834598,0.9981611793695,1989,2,1,"Winter",0.968180595713638,0.251135354188013,0.433826804161072,0.224207520484924,8,24,17,FALSE,TRUE,TRUE,0.984685130744282
20,1632000,"1989-02-02",45.540503,0.932380859001556,0.989890394721447,1989,2,2,"Winter",0.968180595713638,0.251135354188013,0.433826804161072,0.224207520484924,8,24,17,FALSE,TRUE,TRUE,0.984685130744282
20,1632000,"1989-02-03",59.489992,1.30630950650677,1.40104710848058,1989,2,3,"Winter",0.968180595713638,0.251135354188013,0.433826804161072,0.224207520484924,8,24,17,FALSE,TRUE,TRUE,0.984685130744282
20,1632000,"1989-02-04",74.48341,1.25203261079612,0.958450202314001,1989,2,4,"Winter",0.968180595713638,0.251135354188013,0.433826804161072,0.224207520484924,8,24,17,FALSE,TRUE,TRUE,0.984685130744282
20,1632000,"1989-02-05",67.279593,0.903282932400651,0.721453199071461,1989,2,5,"Winter",0.968180595713638,0.251135354188013,0.433826804161072,0.224207520484924,8,24,17,FALSE,TRUE,TRUE,0.984685130744282
20,1632000,"1989-02-06",59.920569,0.890620265791441,0.985981505733141,1989,2,6,"Winter",0.968180595713638,0.251135354188013,0.433826804161072,0.224207520484924,8,24,17,FALSE,TRUE,TRUE,0.984685130744282
20,1632000,"1989-02-07",56.086226,0.936009569602051,1.05096369974276,1989,2,7,"Winter",0.968180595713638,0.251135354188013,0.433826804161072,0.224207520484924,8,24,17,FALSE,TRUE,TRUE,0.984685130744282
20,1632000,"1989-02-08",53.10248,0.94680073499686,1.01152890498694,1989,2,8,"Winter",0.968180595713638,0.251135354188013,0.433826804161072,0.224207520484924,8,24,17,FALSE,TRUE,TRUE,0.984685130744282
20,1632000,"1989-02-09",49.547289,0.933050377308178,0.985477031036814,1989,2,9,"Winter",0.968180595713638,0.251135354188013,0.433826804161072,0.224207520484924,8,24,17,FALSE,TRUE,TRUE,0.984685130744282
20,1632000,"1989-02-10",46.4479,0.937445840881425,1.00471085343315,1989,2,10,"Winter",0.968180595713638,0.251135354188013,0.433826804161072,0.224207520484924,8,24,17,FALSE,TRUE,TRUE,0.984685130744282
20,1632000,"1989-02-11",44.19569,0.951511047862229,1.01500375420897,1989,2,11,"Winter",0.968180595713638,0.251135354188013,0.433826804161072,0.224207520484924,8,24,17,FALSE,TRUE,TRUE,0.984685130744282
21,1632000,"1989-04-01",168.882564,0.943597821739064,0.99399461641999,1989,4,1,"Spring",0.963600210221883,0.967705315044264,0.341717839241028,0.341717839241028,1,23,23,FALSE,TRUE,TRUE,0.965815493676998
21,1632000,"1989-04-02",158.267557,0.937145630972301,0.993162138976888,1989,4,2,"Spring",0.963600210221883,0.967705315044264,0.341717839241028,0.341717839241028,1,23,23,FALSE,TRUE,TRUE,0.965815493676998
21,1632000,"1989-04-03",150.610265,0.951618056504151,1.01544309129077,1989,4,3,"Spring",0.963600210221883,0.967705315044264,0.341717839241028,0.341717839241028,1,23,23,FALSE,TRUE,TRUE,0.965815493676998
21,1632000,"1989-04-04",143.643372,0.953742243266088,1.00223218417034,1989,4,4,"Spring",0.963600210221883,0.967705315044264,0.341717839241028,0.341717839241028,1,23,23,FALSE,TRUE,TRUE,0.965815493676998
21,1632000,"1989-04-05",136.793384,0.952312536912598,0.998500951002658,1989,4,5,"Spring",0.963600210221883,0.967705315044264,0.341717839241028,0.341717839241028,1,23,23,FALSE,TRUE,TRUE,0.965815493676998
21,1632000,"1989-04-06",130.97114,0.957437678418716,1.00538178518865,1989,4,6,"Spring",0.963600210221883,0.967705315044264,0.341717839241028,0.341717839241028,1,23,23,FALSE,TRUE,TRUE,0.965815493676998
21,1632000,"1989-04-07",128.023433,0.977493461536641,1.02094735100779,1989,4,7,"Spring",0.963600210221883,0.967705315044264,0.341717839241028,0.341717839241028,1,23,23,FALSE,TRUE,TRUE,0.965815493676998
21,1632000,"1989-04-08",126.368913,0.987076428422287,1.0098036122621,1989,4,8,"Spring",0.963600210221883,0.967705315044264,0.341717839241028,0.341717839241028,1,23,23,FALSE,TRUE,TRUE,0.965815493676998
21,1632000,"1989-04-09",124.497123,0.985187891898698,0.998086737288816,1989,4,9,"Spring",0.963600210221883,0.967705315044264,0.341717839241028,0.341717839241028,1,23,23,FALSE,TRUE,TRUE,0.965815493676998
21,1632000,"1989-04-10",120.66208,0.969195729928635,0.983767398988996,1989,4,10,"Spring",0.963600210221883,0.967705315044264,0.341717839241028,0.341717839241028,1,23,23,FALSE,TRUE,TRUE,0.965815493676998
21,1632000,"1989-04-11",114.891377,0.952174676584392,0.982437960859056,1989,4,11,"Spring",0.963600210221883,0.967705315044264,0.341717839241028,0.341717839241028,1,23,23,FALSE,TRUE,TRUE,0.965815493676998
21,1632000,"1989-04-12",109.885118,0.956426155463347,1.00446501989972,1989,4,12,"Spring",0.963600210221883,0.967705315044264,0.341717839241028,0.341717839241028,1,23,23,FALSE,TRUE,TRUE,0.965815493676998
21,1632000,"1989-04-13",105.213172,0.957483360030609,1.00110536977813,1989,4,13,"Spring",0.963600210221883,0.967705315044264,0.341717839241028,0.341717839241028,1,23,23,FALSE,TRUE,TRUE,0.965815493676998
21,1632000,"1989-04-14",100.569711,0.955866162841284,0.998310991859666,1989,4,14,"Spring",0.963600210221883,0.967705315044264,0.341717839241028,0.341717839241028,1,23,23,FALSE,TRUE,TRUE,0.965815493676998
21,1632000,"1989-04-15",95.597191,0.950556485142927,0.994445166169944,1989,4,15,"Spring",0.963600210221883,0.967705315044264,0.341717839241028,0.341717839241028,1,23,23,FALSE,TRUE,TRUE,0.965815493676998
21,1632000,"1989-04-16",90.877234,0.950626614123003,1.00007377676253,1989,4,16,"Spring",0.963600210221883,0.967705315044264,0.341717839241028,0.341717839241028,1,23,23,FALSE,TRUE,TRUE,0.965815493676998
21,1632000,"1989-04-17",86.113311,0.947578477135429,0.996793549704701,1989,4,17,"Spring",0.963600210221883,0.967705315044264,0.341717839241028,0.341717839241028,1,23,23,FALSE,TRUE,TRUE,0.965815493676998
21,1632000,"1989-04-18",80.965654,0.940222284566436,0.992236851356913,1989,4,18,"Spring",0.963600210221883,0.967705315044264,0.341717839241028,0.341717839241028,1,23,23,FALSE,TRUE,TRUE,0.965815493676998
21,1632000,"1989-04-19",87.136445,1.07621492194703,1.14463881532366,1989,4,19,"Spring",0.963600210221883,0.967705315044264,0.341717839241028,0.341717839241028,1,23,23,FALSE,TRUE,TRUE,0.965815493676998
21,1632000,"1989-04-20",92.582505,1.06250036939193,0.987256678684328,1989,4,20,"Spring",0.963600210221883,0.967705315044264,0.341717839241028,0.341717839241028,1,23,23,FALSE,TRUE,TRUE,0.965815493676998
21,1632000,"1989-04-21",85.749331,0.92619367989665,0.871711395664462,1989,4,21,"Spring",0.963600210221883,0.967705315044264,0.341717839241028,0.341717839241028,1,23,23,FALSE,TRUE,TRUE,0.965815493676998
21,1632000,"1989-04-22",79.448149,0.926516254686582,1.00034828005949,1989,4,22,"Spring",0.963600210221883,0.967705315044264,0.341717839241028,0.341717839241028,1,23,23,FALSE,TRUE,TRUE,0.965815493676998
21,1632000,"1989-04-23",73.602051,0.926416183717509,0.999891992214311,1989,4,23,"Spring",0.963600210221883,0.967705315044264,0.341717839241028,0.341717839241028,1,23,23,FALSE,TRUE,TRUE,0.965815493676998
22,1632000,"1989-05-22",281.781399,0.941352289647176,1.00592914566807,1989,5,22,"Spring",0.931036550281873,0.998794821615665,0.452370345592499,0.00016921891074162,2,7,6,FALSE,TRUE,TRUE,0.946770202625983
22,1632000,"1989-05-23",267.260498,0.948467496252299,1.00755849503249,1989,5,23,"Spring",0.931036550281873,0.998794821615665,0.452370345592499,0.00016921891074162,2,7,6,FALSE,TRUE,TRUE,0.946770202625983
22,1632000,"1989-05-24",254.123572,0.950845986974102,1.00250771980189,1989,5,24,"Spring",0.931036550281873,0.998794821615665,0.452370345592499,0.00016921891074162,2,7,6,FALSE,TRUE,TRUE,0.946770202625983
22,1632000,"1989-05-25",240.777738,0.947482896234435,0.996463054179395,1989,5,25,"Spring",0.931036550281873,0.998794821615665,0.452370345592499,0.00016921891074162,2,7,6,FALSE,TRUE,TRUE,0.946770202625983
22,1632000,"1989-05-26",227.512744,0.944907722324395,0.997282089291243,1989,5,26,"Spring",0.931036550281873,0.998794821615665,0.452370345592499,0.00016921891074162,2,7,6,FALSE,TRUE,TRUE,0.946770202625983
22,1632000,"1989-05-27",213.927955,0.94028998656884,0.995113029932494,1989,5,27,"Spring",0.931036550281873,0.998794821615665,0.452370345592499,0.00016921891074162,2,7,6,FALSE,TRUE,TRUE,0.946770202625983
23,1632000,"1989-06-24",181.195501,0.933034579434185,1.02315990048643,1989,6,24,"Summer",0.923217775886692,0.806597774027359,0.428480386734009,0.428480386734009,1,15,15,FALSE,TRUE,TRUE,0.933476498829569
23,1632000,"1989-06-25",157.269659,0.867955650841463,0.930250250068773,1989,6,25,"Summer",0.923217775886692,0.806597774027359,0.428480386734009,0.428480386734009,1,15,15,FALSE,TRUE,TRUE,0.933476498829569
23,1632000,"1989-06-26",140.460887,0.893121329906362,1.02899419923184,1989,6,26,"Summer",0.923217775886692,0.806597774027359,0.428480386734009,0.428480386734009,1,15,15,FALSE,TRUE,TRUE,0.933476498829569
23,1632000,"1989-06-27",127.147937,0.905219522072362,1.01354596711655,1989,6,27,"Summer",0.923217775886692,0.806597774027359,0.428480386734009,0.428480386734009,1,15,15,FALSE,TRUE,TRUE,0.933476498829569
23,1632000,"1989-06-28",115.88718,0.91143578680321,1.00686713507528,1989,6,28,"Summer",0.923217775886692,0.806597774027359,0.428480386734009,0.428480386734009,1,15,15,FALSE,TRUE,TRUE,0.933476498829569
23,1632000,"1989-06-29",106.520912,0.919177703694231,1.00849419893658,1989,6,29,"Summer",0.923217775886692,0.806597774027359,0.428480386734009,0.428480386734009,1,15,15,FALSE,TRUE,TRUE,0.933476498829569
23,1632000,"1989-06-30",97.013833,0.910749177588716,0.990830362756146,1989,6,30,"Summer",0.923217775886692,0.806597774027359,0.428480386734009,0.428480386734009,1,15,15,FALSE,TRUE,TRUE,0.933476498829569
23,1632000,"1989-07-01",86.865845,0.895396484334352,0.983142786584764,1989,7,1,"Summer",0.923217775886692,0.806597774027359,0.428480386734009,0.428480386734009,1,15,15,FALSE,TRUE,TRUE,0.933476498829569
23,1632000,"1989-07-02",76.557561,0.881330988031027,0.98429132060555,1989,7,2,"Summer",0.923217775886692,0.806597774027359,0.428480386734009,0.428480386734009,1,15,15,FALSE,TRUE,TRUE,0.933476498829569
23,1632000,"1989-07-03",66.22909,0.865088818594939,0.981570863096084,1989,7,3,"Summer",0.923217775886692,0.806597774027359,0.428480386734009,0.428480386734009,1,15,15,FALSE,TRUE,TRUE,0.933476498829569
23,1632000,"1989-07-04",58.001853,0.875776082685116,1.01235395009212,1989,7,4,"Summer",0.923217775886692,0.806597774027359,0.428480386734009,0.428480386734009,1,15,15,FALSE,TRUE,TRUE,0.933476498829569
23,1632000,"1989-07-05",68.930361,1.18841653214079,1.3569867408312,1989,7,5,"Summer",0.923217775886692,0.806597774027359,0.428480386734009,0.428480386734009,1,15,15,FALSE,TRUE,TRUE,0.933476498829569
23,1632000,"1989-07-06",81.52088,1.18265563704214,0.995152461327452,1989,7,6,"Summer",0.923217775886692,0.806597774027359,0.428480386734009,0.428480386734009,1,15,15,FALSE,TRUE,TRUE,0.933476498829569
23,1632000,"1989-07-07",76.825713,0.94240534449579,0.796855242539386,1989,7,7,"Summer",0.923217775886692,0.806597774027359,0.428480386734009,0.428480386734009,1,15,15,FALSE,TRUE,TRUE,0.933476498829569
23,1632000,"1989-07-08",71.150294,0.92612604844943,0.982725802499486,1989,7,8,"Summer",0.923217775886692,0.806597774027359,0.428480386734009,0.428480386734009,1,15,15,FALSE,TRUE,TRUE,0.933476498829569
24,1632000,"1989-12-05",114.493227,0.9650636003577,1.00193792044961,1989,12,5,"Winter",0.965891502404643,0.998464730571053,0.429795265197754,0.0275133848190308,4,25,22,FALSE,TRUE,TRUE,0.96596784417556
24,1632000,"1989-12-06",110.548695,0.965547900925179,1.00050183279869,1989,12,6,"Winter",0.965891502404643,0.998464730571053,0.429795265197754,0.0275133848190308,4,25,22,FALSE,TRUE,TRUE,0.96596784417556
24,1632000,"1989-12-07",106.653343,0.964763473689129,0.99918758330343,1989,12,7,"Winter",0.965891502404643,0.998464730571053,0.429795265197754,0.0275133848190308,4,25,22,FALSE,TRUE,TRUE,0.96596784417556
24,1632000,"1989-12-08",102.851274,0.964351150249458,0.999572617070489,1989,12,8,"Winter",0.965891502404643,0.998464730571053,0.429795265197754,0.0275133848190308,4,25,22,FALSE,TRUE,TRUE,0.96596784417556
24,1632000,"1989-12-09",99.241925,0.964907104602321,1.00057650613339,1989,12,9,"Winter",0.965891502404643,0.998464730571053,0.429795265197754,0.0275133848190308,4,25,22,FALSE,TRUE,TRUE,0.96596784417556
24,1632000,"1989-12-10",95.791302,0.965230188753392,1.00033483446182,1989,12,10,"Winter",0.965891502404643,0.998464730571053,0.429795265197754,0.0275133848190308,4,25,22,FALSE,TRUE,TRUE,0.96596784417556
24,1632000,"1989-12-11",92.45922,0.965215192502551,0.999984463549715,1989,12,11,"Winter",0.965891502404643,0.998464730571053,0.429795265197754,0.0275133848190308,4,25,22,FALSE,TRUE,TRUE,0.96596784417556
24,1632000,"1989-12-12",91.087924,0.985168639752747,1.02067253748717,1989,12,12,"Winter",0.965891502404643,0.998464730571053,0.429795265197754,0.0275133848190308,4,25,22,FALSE,TRUE,TRUE,0.96596784417556
24,1632000,"1989-12-13",89.097424,0.978147487475947,0.9928731467959,1989,12,13,"Winter",0.965891502404643,0.998464730571053,0.429795265197754,0.0275133848190308,4,25,22,FALSE,TRUE,TRUE,0.96596784417556
24,1632000,"1989-12-14",84.814887,0.951934222026442,0.973201111504005,1989,12,14,"Winter",0.965891502404643,0.998464730571053,0.429795265197754,0.0275133848190308,4,25,22,FALSE,TRUE,TRUE,0.96596784417556
24,1632000,"1989-12-15",81.171416,0.957042081539294,1.00536576939316,1989,12,15,"Winter",0.965891502404643,0.998464730571053,0.429795265197754,0.0275133848190308,4,25,22,FALSE,TRUE,TRUE,0.96596784417556
24,1632000,"1989-12-16",79.482983,0.979199167844996,1.02315163223551,1989,12,16,"Winter",0.965891502404643,0.998464730571053,0.429795265197754,0.0275133848190308,4,25,22,FALSE,TRUE,TRUE,0.96596784417556
24,1632000,"1989-12-17",77.172227,0.970927663849758,0.991552786943802,1989,12,17,"Winter",0.965891502404643,0.998464730571053,0.429795265197754,0.0275133848190308,4,25,22,FALSE,TRUE,TRUE,0.96596784417556
24,1632000,"1989-12-18",73.437363,0.951603521821393,0.980097238189976,1989,12,18,"Winter",0.965891502404643,0.998464730571053,0.429795265197754,0.0275133848190308,4,25,22,FALSE,TRUE,TRUE,0.96596784417556
24,1632000,"1989-12-19",70.585829,0.961170528413445,1.01005356366666,1989,12,19,"Winter",0.965891502404643,0.998464730571053,0.429795265197754,0.0275133848190308,4,25,22,FALSE,TRUE,TRUE,0.96596784417556
24,1632000,"1989-12-20",68.042187,0.963963843224112,1.00290615944631,1989,12,20,"Winter",0.965891502404643,0.998464730571053,0.429795265197754,0.0275133848190308,4,25,22,FALSE,TRUE,TRUE,0.96596784417556
24,1632000,"1989-12-21",65.750209,0.966315339041057,1.00243940250817,1989,12,21,"Winter",0.965891502404643,0.998464730571053,0.429795265197754,0.0275133848190308,4,25,22,FALSE,TRUE,TRUE,0.96596784417556
24,1632000,"1989-12-22",63.523396,0.966132229328731,0.999810507289983,1989,12,22,"Winter",0.965891502404643,0.998464730571053,0.429795265197754,0.0275133848190308,4,25,22,FALSE,TRUE,TRUE,0.96596784417556
24,1632000,"1989-12-23",61.297188,0.964954518489534,0.998781004500786,1989,12,23,"Winter",0.965891502404643,0.998464730571053,0.429795265197754,0.0275133848190308,4,25,22,FALSE,TRUE,TRUE,0.96596784417556
24,1632000,"1989-12-24",59.206874,0.965898696690621,1.00097846912263,1989,12,24,"Winter",0.965891502404643,0.998464730571053,0.429795265197754,0.0275133848190308,4,25,22,FALSE,TRUE,TRUE,0.96596784417556
24,1632000,"1989-12-25",57.212567,0.966316292935851,1.00043233958868,1989,12,25,"Winter",0.965891502404643,0.998464730571053,0.429795265197754,0.0275133848190308,4,25,22,FALSE,TRUE,TRUE,0.96596784417556
24,1632000,"1989-12-26",55.301604,0.966598894260417,1.00029245219876,1989,12,26,"Winter",0.965891502404643,0.998464730571053,0.429795265197754,0.0275133848190308,4,25,22,FALSE,TRUE,TRUE,0.96596784417556
25,1632000,"1990-03-03",156.818714,0.955027675171414,1.00779485973533,1990,3,3,"Spring",0.953366354785144,0.999729074617503,0.386476218700409,0.0477612465620041,3,10,8,FALSE,TRUE,TRUE,0.958374545882327
25,1632000,"1990-03-04",150.395448,0.959040181900739,1.00420145597205,1990,3,4,"Spring",0.953366354785144,0.999729074617503,0.386476218700409,0.0477612465620041,3,10,8,FALSE,TRUE,TRUE,0.958374545882327
25,1632000,"1990-03-05",144.410645,0.960206222464925,1.00121584119851,1990,3,5,"Spring",0.953366354785144,0.999729074617503,0.386476218700409,0.0477612465620041,3,10,8,FALSE,TRUE,TRUE,0.958374545882327
25,1632000,"1990-03-06",138.538907,0.959339991868328,0.999097870252941,1990,3,6,"Spring",0.953366354785144,0.999729074617503,0.386476218700409,0.0477612465620041,3,10,8,FALSE,TRUE,TRUE,0.958374545882327
25,1632000,"1990-03-07",132.696058,0.957825212234423,0.998421018985193,1990,3,7,"Spring",0.953366354785144,0.999729074617503,0.386476218700409,0.0477612465620041,3,10,8,FALSE,TRUE,TRUE,0.958374545882327
25,1632000,"1990-03-08",127.147778,0.958188057101139,1.00037882158674,1990,3,8,"Spring",0.953366354785144,0.999729074617503,0.386476218700409,0.0477612465620041,3,10,8,FALSE,TRUE,TRUE,0.958374545882327
25,1632000,"1990-03-09",121.801293,0.957950621834697,0.999752203897051,1990,3,9,"Spring",0.953366354785144,0.999729074617503,0.386476218700409,0.0477612465620041,3,10,8,FALSE,TRUE,TRUE,0.958374545882327
25,1632000,"1990-03-10",116.307228,0.954893212833135,0.996808385597468,1990,3,10,"Spring",0.953366354785144,0.999729074617503,0.386476218700409,0.0477612465620041,3,10,8,FALSE,TRUE,TRUE,0.958374545882327
26,1632000,"1990-04-13",163.380383,0.931975220788993,1.02594903260062,1990,4,13,"Spring",0.96786889715465,0.832067873497688,0.337579905986786,0.337579905986786,1,27,27,FALSE,TRUE,TRUE,0.968698116901602
26,1632000,"1990-04-14",154.227305,0.943976884911575,1.01287766440016,1990,4,14,"Spring",0.96786889715465,0.832067873497688,0.337579905986786,0.337579905986786,1,27,27,FALSE,TRUE,TRUE,0.968698116901602
26,1632000,"1990-04-15",164.464726,1.06637878422371,1.12966620398084,1990,4,15,"Spring",0.96786889715465,0.832067873497688,0.337579905986786,0.337579905986786,1,27,27,FALSE,TRUE,TRUE,0.968698116901602
26,1632000,"1990-04-16",172.621968,1.04959873280061,0.984264454927883,1990,4,16,"Spring",0.96786889715465,0.832067873497688,0.337579905986786,0.337579905986786,1,27,27,FALSE,TRUE,TRUE,0.968698116901602
26,1632000,"1990-04-17",158.847262,0.920203053182663,0.876718906402748,1990,4,17,"Spring",0.96786889715465,0.832067873497688,0.337579905986786,0.337579905986786,1,27,27,FALSE,TRUE,TRUE,0.968698116901602
26,1632000,"1990-04-18",146.433201,0.921849071594322,1.00178875565123,1990,4,18,"Spring",0.96786889715465,0.832067873497688,0.337579905986786,0.337579905986786,1,27,27,FALSE,TRUE,TRUE,0.968698116901602
26,1632000,"1990-04-19",137.064406,0.936020008194726,1.01537229578796,1990,4,19,"Spring",0.96786889715465,0.832067873497688,0.337579905986786,0.337579905986786,1,27,27,FALSE,TRUE,TRUE,0.968698116901602
26,1632000,"1990-04-20",129.644303,0.945864114422238,1.0105169826941,1990,4,20,"Spring",0.96786889715465,0.832067873497688,0.337579905986786,0.337579905986786,1,27,27,FALSE,TRUE,TRUE,0.968698116901602
26,1632000,"1990-04-21",142.067126,1.09582235942909,1.15854100258202,1990,4,21,"Spring",0.96786889715465,0.832067873497688,0.337579905986786,0.337579905986786,1,27,27,FALSE,TRUE,TRUE,0.968698116901602
26,1632000,"1990-04-22",153.747759,1.08221911239339,0.987586266224037,1990,4,22,"Spring",0.96786889715465,0.832067873497688,0.337579905986786,0.337579905986786,1,27,27,FALSE,TRUE,TRUE,0.968698116901602
26,1632000,"1990-04-23",140.137115,0.911474195861287,0.842227036487564,1990,4,23,"Spring",0.96786889715465,0.832067873497688,0.337579905986786,0.337579905986786,1,27,27,FALSE,TRUE,TRUE,0.968698116901602
26,1632000,"1990-04-24",125.42637,0.895026060726311,0.981954360079899,1990,4,24,"Spring",0.96786889715465,0.832067873497688,0.337579905986786,0.337579905986786,1,27,27,FALSE,TRUE,TRUE,0.968698116901602
26,1632000,"1990-04-25",114.717385,0.914619349981985,1.02189130586854,1990,4,25,"Spring",0.96786889715465,0.832067873497688,0.337579905986786,0.337579905986786,1,27,27,FALSE,TRUE,TRUE,0.968698116901602
26,1632000,"1990-04-26",105.84299,0.922641236984264,1.00877073834315,1990,4,26,"Spring",0.96786889715465,0.832067873497688,0.337579905986786,0.337579905986786,1,27,27,FALSE,TRUE,TRUE,0.968698116901602
26,1632000,"1990-04-27",97.783445,0.923853766791736,1.00131419424893,1990,4,27,"Spring",0.96786889715465,0.832067873497688,0.337579905986786,0.337579905986786,1,27,27,FALSE,TRUE,TRUE,0.968698116901602
26,1632000,"1990-04-28",89.917979,0.919562396272702,0.995354924476916,1990,4,28,"Spring",0.96786889715465,0.832067873497688,0.337579905986786,0.337579905986786,1,27,27,FALSE,TRUE,TRUE,0.968698116901602
26,1632000,"1990-04-29",93.470665,1.03951029637799,1.13044019698008,1990,4,29,"Spring",0.96786889715465,0.832067873497688,0.337579905986786,0.337579905986786,1,27,27,FALSE,TRUE,TRUE,0.968698116901602
26,1632000,"1990-04-30",96.640021,1.03390749386452,0.99461015197926,1990,4,30,"Spring",0.96786889715465,0.832067873497688,0.337579905986786,0.337579905986786,1,27,27,FALSE,TRUE,TRUE,0.968698116901602
26,1632000,"1990-05-01",88.656001,0.917383916959207,0.887297869880242,1990,5,1,"Spring",0.96786889715465,0.832067873497688,0.337579905986786,0.337579905986786,1,27,27,FALSE,TRUE,TRUE,0.968698116901602
26,1632000,"1990-05-02",81.972129,0.924608916208616,1.00787565501841,1990,5,2,"Spring",0.96786889715465,0.832067873497688,0.337579905986786,0.337579905986786,1,27,27,FALSE,TRUE,TRUE,0.968698116901602
26,1632000,"1990-05-03",75.741301,0.923988457101072,0.999328949681679,1990,5,3,"Spring",0.96786889715465,0.832067873497688,0.337579905986786,0.337579905986786,1,27,27,FALSE,TRUE,TRUE,0.968698116901602
26,1632000,"1990-05-04",71.223462,0.940351711148981,1.01770937063353,1990,5,4,"Spring",0.96786889715465,0.832067873497688,0.337579905986786,0.337579905986786,1,27,27,FALSE,TRUE,TRUE,0.968698116901602
26,1632000,"1990-05-05",90.669679,1.27303105541261,1.35378182473571,1990,5,5,"Spring",0.96786889715465,0.832067873497688,0.337579905986786,0.337579905986786,1,27,27,FALSE,TRUE,TRUE,0.968698116901602
26,1632000,"1990-05-06",105.735966,1.16616676231974,0.916055234757619,1990,5,6,"Spring",0.96786889715465,0.832067873497688,0.337579905986786,0.337579905986786,1,27,27,FALSE,TRUE,TRUE,0.968698116901602
26,1632000,"1990-05-07",93.5094,0.88436700904591,0.758353811496674,1990,5,7,"Spring",0.96786889715465,0.832067873497688,0.337579905986786,0.337579905986786,1,27,27,FALSE,TRUE,TRUE,0.968698116901602
26,1632000,"1990-05-08",84.761083,0.906444517877347,1.02496419315241,1990,5,8,"Spring",0.96786889715465,0.832067873497688,0.337579905986786,0.337579905986786,1,27,27,FALSE,TRUE,TRUE,0.968698116901602
26,1632000,"1990-05-09",76.723454,0.905173120546372,0.998597379866169,1990,5,9,"Spring",0.96786889715465,0.832067873497688,0.337579905986786,0.337579905986786,1,27,27,FALSE,TRUE,TRUE,0.968698116901602
27,1632000,"1990-06-05",180.016012,0.888836518032746,1.01343059808376,1990,6,5,"Summer",0.899771575072084,0.98567004267042,0.42748898267746,0.42748898267746,1,26,26,FALSE,TRUE,TRUE,0.899881094074916
27,1632000,"1990-06-06",165.067535,0.916960292398878,1.03164111036794,1990,6,6,"Summer",0.899771575072084,0.98567004267042,0.42748898267746,0.42748898267746,1,26,26,FALSE,TRUE,TRUE,0.899881094074916
27,1632000,"1990-06-07",152.540561,0.924110007458462,1.00779719156746,1990,6,7,"Summer",0.899771575072084,0.98567004267042,0.42748898267746,0.42748898267746,1,26,26,FALSE,TRUE,TRUE,0.899881094074916
27,1632000,"1990-06-08",141.096288,0.924975541423373,1.00093661356107,1990,6,8,"Summer",0.899771575072084,0.98567004267042,0.42748898267746,0.42748898267746,1,26,26,FALSE,TRUE,TRUE,0.899881094074916
27,1632000,"1990-06-09",131.282136,0.930443584738388,1.00591155448997,1990,6,9,"Summer",0.899771575072084,0.98567004267042,0.42748898267746,0.42748898267746,1,26,26,FALSE,TRUE,TRUE,0.899881094074916
27,1632000,"1990-06-10",122.157751,0.930497893483391,1.00005836865974,1990,6,10,"Summer",0.899771575072084,0.98567004267042,0.42748898267746,0.42748898267746,1,26,26,FALSE,TRUE,TRUE,0.899881094074916
27,1632000,"1990-06-11",113.266479,0.927214835512157,0.996471719071879,1990,6,11,"Summer",0.899771575072084,0.98567004267042,0.42748898267746,0.42748898267746,1,26,26,FALSE,TRUE,TRUE,0.899881094074916
27,1632000,"1990-06-12",104.533656,0.9229001989194,0.995346670019172,1990,6,12,"Summer",0.899771575072084,0.98567004267042,0.42748898267746,0.42748898267746,1,26,26,FALSE,TRUE,TRUE,0.899881094074916
27,1632000,"1990-06-13",95.466557,0.913261438019541,0.989556009510948,1990,6,13,"Summer",0.899771575072084,0.98567004267042,0.42748898267746,0.42748898267746,1,26,26,FALSE,TRUE,TRUE,0.899881094074916
27,1632000,"1990-06-14",85.970764,0.900532780290799,0.986062416303983,1990,6,14,"Summer",0.899771575072084,0.98567004267042,0.42748898267746,0.42748898267746,1,26,26,FALSE,TRUE,TRUE,0.899881094074916
27,1632000,"1990-06-15",81.882993,0.952451614830363,1.05765346434452,1990,6,15,"Summer",0.899771575072084,0.98567004267042,0.42748898267746,0.42748898267746,1,26,26,FALSE,TRUE,TRUE,0.899881094074916
27,1632000,"1990-06-16",78.239863,0.955508099221532,1.00320907051191,1990,6,16,"Summer",0.899771575072084,0.98567004267042,0.42748898267746,0.42748898267746,1,26,26,FALSE,TRUE,TRUE,0.899881094074916
27,1632000,"1990-06-17",68.718567,0.878306330878928,0.919203439085967,1990,6,17,"Summer",0.899771575072084,0.98567004267042,0.42748898267746,0.42748898267746,1,26,26,FALSE,TRUE,TRUE,0.899881094074916
27,1632000,"1990-06-18",58.429887,0.850278018748558,0.968088227142434,1990,6,18,"Summer",0.899771575072084,0.98567004267042,0.42748898267746,0.42748898267746,1,26,26,FALSE,TRUE,TRUE,0.899881094074916
27,1632000,"1990-06-19",48.755344,0.834424752524337,0.981355196918353,1990,6,19,"Summer",0.899771575072084,0.98567004267042,0.42748898267746,0.42748898267746,1,26,26,FALSE,TRUE,TRUE,0.899881094074916
27,1632000,"1990-06-20",39.759177,0.815483467822522,0.977300188369876,1990,6,20,"Summer",0.899771575072084,0.98567004267042,0.42748898267746,0.42748898267746,1,26,26,FALSE,TRUE,TRUE,0.899881094074916
27,1632000,"1990-06-21",38.654291,0.972210541480776,1.19218914894344,1990,6,21,"Summer",0.899771575072084,0.98567004267042,0.42748898267746,0.42748898267746,1,26,26,FALSE,TRUE,TRUE,0.899881094074916
27,1632000,"1990-06-22",39.289567,1.01643481185569,1.04548836747599,1990,6,22,"Summer",0.899771575072084,0.98567004267042,0.42748898267746,0.42748898267746,1,26,26,FALSE,TRUE,TRUE,0.899881094074916
27,1632000,"1990-06-23",34.669027,0.882397787687505,0.868130230680044,1990,6,23,"Summer",0.899771575072084,0.98567004267042,0.42748898267746,0.42748898267746,1,26,26,FALSE,TRUE,TRUE,0.899881094074916
27,1632000,"1990-06-24",29.694987,0.856527845445446,0.970682222232383,1990,6,24,"Summer",0.899771575072084,0.98567004267042,0.42748898267746,0.42748898267746,1,26,26,FALSE,TRUE,TRUE,0.899881094074916
27,1632000,"1990-06-25",24.110075,0.811924079980234,0.947924909035484,1990,6,25,"Summer",0.899771575072084,0.98567004267042,0.42748898267746,0.42748898267746,1,26,26,FALSE,TRUE,TRUE,0.899881094074916
27,1632000,"1990-06-26",20.264245,0.84048867537741,1.03518136252083,1990,6,26,"Summer",0.899771575072084,0.98567004267042,0.42748898267746,0.42748898267746,1,26,26,FALSE,TRUE,TRUE,0.899881094074916
27,1632000,"1990-06-27",18.052563,0.890857912544978,1.0599285137839,1990,6,27,"Summer",0.899771575072084,0.98567004267042,0.42748898267746,0.42748898267746,1,26,26,FALSE,TRUE,TRUE,0.899881094074916
27,1632000,"1990-06-28",16.489897,0.91343799769595,1.0253464495662,1990,6,28,"Summer",0.899771575072084,0.98567004267042,0.42748898267746,0.42748898267746,1,26,26,FALSE,TRUE,TRUE,0.899881094074916
27,1632000,"1990-06-29",15.227674,0.923454767485813,1.01096600953226,1990,6,29,"Summer",0.899771575072084,0.98567004267042,0.42748898267746,0.42748898267746,1,26,26,FALSE,TRUE,TRUE,0.899881094074916
27,1632000,"1990-06-30",14.175532,0.930905928246165,1.00806878801507,1990,6,30,"Summer",0.899771575072084,0.98567004267042,0.42748898267746,0.42748898267746,1,26,26,FALSE,TRUE,TRUE,0.899881094074916
29,1632000,"1990-08-26",126.211979,0.86194047821,1.01734079460139,1990,8,26,"Summer",0.844841936791204,0.983500655254407,0.901649475097656,0.901649475097656,1,17,17,FALSE,TRUE,TRUE,0.841358683922727
29,1632000,"1990-08-27",112.059862,0.887870255168093,1.03008302500416,1990,8,27,"Summer",0.844841936791204,0.983500655254407,0.901649475097656,0.901649475097656,1,17,17,FALSE,TRUE,TRUE,0.841358683922727
29,1632000,"1990-08-28",99.183844,0.885096967190625,0.996876471577547,1990,8,28,"Summer",0.844841936791204,0.983500655254407,0.901649475097656,0.901649475097656,1,17,17,FALSE,TRUE,TRUE,0.841358683922727
29,1632000,"1990-08-29",86.576701,0.872891163605234,0.986209642516194,1990,8,29,"Summer",0.844841936791204,0.983500655254407,0.901649475097656,0.901649475097656,1,17,17,FALSE,TRUE,TRUE,0.841358683922727
29,1632000,"1990-08-30",75.263615,0.869328747003192,0.995918830719596,1990,8,30,"Summer",0.844841936791204,0.983500655254407,0.901649475097656,0.901649475097656,1,17,17,FALSE,TRUE,TRUE,0.841358683922727
29,1632000,"1990-08-31",65.558389,0.871050227922217,1.00198024156564,1990,8,31,"Summer",0.844841936791204,0.983500655254407,0.901649475097656,0.901649475097656,1,17,17,FALSE,TRUE,TRUE,0.841358683922727
29,1632000,"1990-09-01",56.726314,0.865279255107992,0.993374695707283,1990,9,1,"Fall",0.844841936791204,0.983500655254407,0.901649475097656,0.901649475097656,1,17,17,FALSE,TRUE,TRUE,0.841358683922727
29,1632000,"1990-09-02",47.877095,0.844001515769207,0.975409396199924,1990,9,2,"Fall",0.844841936791204,0.983500655254407,0.901649475097656,0.901649475097656,1,17,17,FALSE,TRUE,TRUE,0.841358683922727
29,1632000,"1990-09-03",39.030455,0.81522187175308,0.965900956955156,1990,9,3,"Fall",0.844841936791204,0.983500655254407,0.901649475097656,0.901649475097656,1,17,17,FALSE,TRUE,TRUE,0.841358683922727
29,1632000,"1990-09-04",30.489464,0.781171113685454,0.958231299665204,1990,9,4,"Fall",0.844841936791204,0.983500655254407,0.901649475097656,0.901649475097656,1,17,17,FALSE,TRUE,TRUE,0.841358683922727
29,1632000,"1990-09-05",22.882641,0.750509782658035,0.960749532989305,1990,9,5,"Fall",0.844841936791204,0.983500655254407,0.901649475097656,0.901649475097656,1,17,17,FALSE,TRUE,TRUE,0.841358683922727
29,1632000,"1990-09-06",17.564585,0.767594308716376,1.02276389522577,1990,9,6,"Fall",0.844841936791204,0.983500655254407,0.901649475097656,0.901649475097656,1,17,17,FALSE,TRUE,TRUE,0.841358683922727
29,1632000,"1990-09-07",14.742935,0.839355726309503,1.09348873067224,1990,9,7,"Fall",0.844841936791204,0.983500655254407,0.901649475097656,0.901649475097656,1,17,17,FALSE,TRUE,TRUE,0.841358683922727
29,1632000,"1990-09-08",13.205442,0.895713234847742,1.06714377083723,1990,9,8,"Fall",0.844841936791204,0.983500655254407,0.901649475097656,0.901649475097656,1,17,17,FALSE,TRUE,TRUE,0.841358683922727
29,1632000,"1990-09-09",12.177155,0.922131572725851,1.02949419172376,1990,9,9,"Fall",0.844841936791204,0.983500655254407,0.901649475097656,0.901649475097656,1,17,17,FALSE,TRUE,TRUE,0.841358683922727
29,1632000,"1990-09-10",11.385261,0.934968882304611,1.01392134263532,1990,9,10,"Fall",0.844841936791204,0.983500655254407,0.901649475097656,0.901649475097656,1,17,17,FALSE,TRUE,TRUE,0.841358683922727
29,1632000,"1990-09-11",10.696698,0.939521544565382,1.00486931955377,1990,9,11,"Fall",0.844841936791204,0.983500655254407,0.901649475097656,0.901649475097656,1,17,17,FALSE,TRUE,TRUE,0.841358683922727
31,1632000,"1990-11-16",156.384331,0.930716912846911,1.02324157131317,1990,11,16,"Fall",0.950822187968096,0.999129866931321,0.773080050945282,0.773080050945282,1,17,17,FALSE,TRUE,TRUE,0.950822187968096
31,1632000,"1990-11-17",147.30659,0.941952362222274,1.01207182250615,1990,11,17,"Fall",0.950822187968096,0.999129866931321,0.773080050945282,0.773080050945282,1,17,17,FALSE,TRUE,TRUE,0.950822187968096
31,1632000,"1990-11-18",139.825439,0.949213738502806,1.00770885723286,1990,11,18,"Fall",0.950822187968096,0.999129866931321,0.773080050945282,0.773080050945282,1,17,17,FALSE,TRUE,TRUE,0.950822187968096
31,1632000,"1990-11-19",133.282041,0.953203093465703,1.00420279943397,1990,11,19,"Fall",0.950822187968096,0.999129866931321,0.773080050945282,0.773080050945282,1,17,17,FALSE,TRUE,TRUE,0.950822187968096
31,1632000,"1990-11-20",127.138434,0.953905215181991,1.00073659194048,1990,11,20,"Fall",0.950822187968096,0.999129866931321,0.773080050945282,0.773080050945282,1,17,17,FALSE,TRUE,TRUE,0.950822187968096
31,1632000,"1990-11-21",121.210464,0.95337389478936,0.999443005044762,1990,11,21,"Fall",0.950822187968096,0.999129866931321,0.773080050945282,0.773080050945282,1,17,17,FALSE,TRUE,TRUE,0.950822187968096
31,1632000,"1990-11-22",115.473938,0.95267301344544,0.999264841057899,1990,11,22,"Fall",0.950822187968096,0.999129866931321,0.773080050945282,0.773080050945282,1,17,17,FALSE,TRUE,TRUE,0.950822187968096
31,1632000,"1990-11-23",110.035558,0.952903831858579,1.00024228503367,1990,11,23,"Fall",0.950822187968096,0.999129866931321,0.773080050945282,0.773080050945282,1,17,17,FALSE,TRUE,TRUE,0.950822187968096
31,1632000,"1990-11-24",105.059194,0.954774946476847,1.00196359229096,1990,11,24,"Fall",0.950822187968096,0.999129866931321,0.773080050945282,0.773080050945282,1,17,17,FALSE,TRUE,TRUE,0.950822187968096
31,1632000,"1990-11-25",100.277362,0.954484402383669,0.999695693635186,1990,11,25,"Fall",0.950822187968096,0.999129866931321,0.773080050945282,0.773080050945282,1,17,17,FALSE,TRUE,TRUE,0.950822187968096
31,1632000,"1990-11-26",95.366227,0.951024489455556,0.996375097466787,1990,11,26,"Fall",0.950822187968096,0.999129866931321,0.773080050945282,0.773080050945282,1,17,17,FALSE,TRUE,TRUE,0.950822187968096
31,1632000,"1990-11-27",90.442437,0.948369667597314,0.99720846109887,1990,11,27,"Fall",0.950822187968096,0.999129866931321,0.773080050945282,0.773080050945282,1,17,17,FALSE,TRUE,TRUE,0.950822187968096
31,1632000,"1990-11-28",85.577847,0.946213413068469,0.997726356501566,1990,11,28,"Fall",0.950822187968096,0.999129866931321,0.773080050945282,0.773080050945282,1,17,17,FALSE,TRUE,TRUE,0.950822187968096
31,1632000,"1990-11-29",80.806245,0.944242556137221,0.997917111611368,1990,11,29,"Fall",0.950822187968096,0.999129866931321,0.773080050945282,0.773080050945282,1,17,17,FALSE,TRUE,TRUE,0.950822187968096
31,1632000,"1990-11-30",76.421328,0.945735419335473,1.00158101664509,1990,11,30,"Fall",0.950822187968096,0.999129866931321,0.773080050945282,0.773080050945282,1,17,17,FALSE,TRUE,TRUE,0.950822187968096
31,1632000,"1990-12-01",72.565191,0.94954108884368,1.00402403191252,1990,12,1,"Winter",0.950822187968096,0.999129866931321,0.773080050945282,0.773080050945282,1,17,17,FALSE,TRUE,TRUE,0.950822187968096
31,1632000,"1990-12-02",68.925868,0.949847537781579,1.00032273373054,1990,12,2,"Winter",0.950822187968096,0.999129866931321,0.773080050945282,0.773080050945282,1,17,17,FALSE,TRUE,TRUE,0.950822187968096
32,1632000,"1991-01-27",276.527364,0.959301054075601,1.00433594918809,1991,1,27,"Winter",0.963586263452345,0.962181310093587,0.72051477432251,0.0626981258392334,5,14,10,FALSE,TRUE,TRUE,0.967399525688297
32,1632000,"1991-01-28",265.833199,0.961326919530466,1.00211181406114,1991,1,28,"Winter",0.963586263452345,0.962181310093587,0.72051477432251,0.0626981258392334,5,14,10,FALSE,TRUE,TRUE,0.967399525688297
32,1632000,"1991-01-29",255.694103,0.961859180726332,1.0005536734539,1991,1,29,"Winter",0.963586263452345,0.962181310093587,0.72051477432251,0.0626981258392334,5,14,10,FALSE,TRUE,TRUE,0.967399525688297
32,1632000,"1991-01-30",252.303886,0.986741121675379,1.02586859017165,1991,1,30,"Winter",0.963586263452345,0.962181310093587,0.72051477432251,0.0626981258392334,5,14,10,FALSE,TRUE,TRUE,0.967399525688297
32,1632000,"1991-01-31",252.615152,1.001233694831,1.01468731041736,1991,1,31,"Winter",0.963586263452345,0.962181310093587,0.72051477432251,0.0626981258392334,5,14,10,FALSE,TRUE,TRUE,0.967399525688297
32,1632000,"1991-02-01",243.816381,0.965169266647948,0.963980009493047,1991,2,1,"Winter",0.963586263452345,0.962181310093587,0.72051477432251,0.0626981258392334,5,14,10,FALSE,TRUE,TRUE,0.967399525688297
32,1632000,"1991-02-02",230.666904,0.946068115086984,0.980209531922517,1991,2,2,"Winter",0.963586263452345,0.962181310093587,0.72051477432251,0.0626981258392334,5,14,10,FALSE,TRUE,TRUE,0.967399525688297
32,1632000,"1991-02-03",220.193925,0.954596958564979,1.0090150416677,1991,2,3,"Winter",0.963586263452345,0.962181310093587,0.72051477432251,0.0626981258392334,5,14,10,FALSE,TRUE,TRUE,0.967399525688297
32,1632000,"1991-02-04",211.064304,0.958538270299691,1.00412877047151,1991,2,4,"Winter",0.963586263452345,0.962181310093587,0.72051477432251,0.0626981258392334,5,14,10,FALSE,TRUE,TRUE,0.967399525688297
32,1632000,"1991-02-05",202.548535,0.959653201234824,1.00116315745514,1991,2,5,"Winter",0.963586263452345,0.962181310093587,0.72051477432251,0.0626981258392334,5,14,10,FALSE,TRUE,TRUE,0.967399525688297
33,1632000,"1991-04-17",241.193867,0.862796565332735,0.993185150421006,1991,4,17,"Spring",0.947491680099308,0.983072255647868,0.891843914985657,0.891843914985657,1,31,31,FALSE,TRUE,TRUE,0.950284207567216
33,1632000,"1991-04-18",214.708392,0.890190097578227,1.03174970015664,1991,4,18,"Spring",0.947491680099308,0.983072255647868,0.891843914985657,0.891843914985657,1,31,31,FALSE,TRUE,TRUE,0.950284207567216
33,1632000,"1991-04-19",197.513819,0.919916623473199,1.03339345829149,1991,4,19,"Spring",0.947491680099308,0.983072255647868,0.891843914985657,0.891843914985657,1,31,31,FALSE,TRUE,TRUE,0.950284207567216
33,1632000,"1991-04-20",187.292604,0.948250633541747,1.03080062838909,1991,4,20,"Spring",0.947491680099308,0.983072255647868,0.891843914985657,0.891843914985657,1,31,31,FALSE,TRUE,TRUE,0.950284207567216
33,1632000,"1991-04-21",178.418303,0.952617984851126,1.00460569300446,1991,4,21,"Spring",0.947491680099308,0.983072255647868,0.891843914985657,0.891843914985657,1,31,31,FALSE,TRUE,TRUE,0.950284207567216
33,1632000,"1991-04-22",168.598645,0.944962720556758,0.991963972530327,1991,4,22,"Spring",0.947491680099308,0.983072255647868,0.891843914985657,0.891843914985657,1,31,31,FALSE,TRUE,TRUE,0.950284207567216
33,1632000,"1991-04-23",160.525065,0.952113612775476,1.00756738023962,1991,4,23,"Spring",0.947491680099308,0.983072255647868,0.891843914985657,0.891843914985657,1,31,31,FALSE,TRUE,TRUE,0.950284207567216
33,1632000,"1991-04-24",152.734623,0.95146899956091,0.999322966076824,1991,4,24,"Spring",0.947491680099308,0.983072255647868,0.891843914985657,0.891843914985657,1,31,31,FALSE,TRUE,TRUE,0.950284207567216
33,1632000,"1991-04-25",144.99191,0.949306104615192,0.997726783587573,1991,4,25,"Spring",0.947491680099308,0.983072255647868,0.891843914985657,0.891843914985657,1,31,31,FALSE,TRUE,TRUE,0.950284207567216
33,1632000,"1991-04-26",137.421705,0.947788776628986,0.998401645181854,1991,4,26,"Spring",0.947491680099308,0.983072255647868,0.891843914985657,0.891843914985657,1,31,31,FALSE,TRUE,TRUE,0.950284207567216
33,1632000,"1991-04-27",130.528103,0.949836148518169,1.00216015629185,1991,4,27,"Spring",0.947491680099308,0.983072255647868,0.891843914985657,0.891843914985657,1,31,31,FALSE,TRUE,TRUE,0.950284207567216
33,1632000,"1991-04-28",124.423822,0.953233971384691,1.00357727263994,1991,4,28,"Spring",0.947491680099308,0.983072255647868,0.891843914985657,0.891843914985657,1,31,31,FALSE,TRUE,TRUE,0.950284207567216
33,1632000,"1991-04-29",118.180183,0.949819585191652,0.996418102695103,1991,4,29,"Spring",0.947491680099308,0.983072255647868,0.891843914985657,0.891843914985657,1,31,31,FALSE,TRUE,TRUE,0.950284207567216
33,1632000,"1991-04-30",111.4677,0.943201281047263,0.993032040771139,1991,4,30,"Spring",0.947491680099308,0.983072255647868,0.891843914985657,0.891843914985657,1,31,31,FALSE,TRUE,TRUE,0.950284207567216
33,1632000,"1991-05-01",104.90878,0.941158559833925,0.997834267982471,1991,5,1,"Spring",0.947491680099308,0.983072255647868,0.891843914985657,0.891843914985657,1,31,31,FALSE,TRUE,TRUE,0.950284207567216
33,1632000,"1991-05-02",98.059974,0.934716560425162,0.993155245371301,1991,5,2,"Spring",0.947491680099308,0.983072255647868,0.891843914985657,0.891843914985657,1,31,31,FALSE,TRUE,TRUE,0.950284207567216
33,1632000,"1991-05-03",91.065127,0.928667664137867,0.993528630449702,1991,5,3,"Spring",0.947491680099308,0.983072255647868,0.891843914985657,0.891843914985657,1,31,31,FALSE,TRUE,TRUE,0.950284207567216
33,1632000,"1991-05-04",84.48582,0.927751629885719,0.999013603803037,1991,5,4,"Spring",0.947491680099308,0.983072255647868,0.891843914985657,0.891843914985657,1,31,31,FALSE,TRUE,TRUE,0.950284207567216
33,1632000,"1991-05-05",78.009534,0.923344698554148,0.995249880259317,1991,5,5,"Spring",0.947491680099308,0.983072255647868,0.891843914985657,0.891843914985657,1,31,31,FALSE,TRUE,TRUE,0.950284207567216
33,1632000,"1991-05-06",74.138845,0.950381846916301,1.02928174971329,1991,5,6,"Spring",0.947491680099308,0.983072255647868,0.891843914985657,0.891843914985657,1,31,31,FALSE,TRUE,TRUE,0.950284207567216
33,1632000,"1991-05-07",70.269189,0.94780528345161,0.997288917635526,1991,5,7,"Spring",0.947491680099308,0.983072255647868,0.891843914985657,0.891843914985657,1,31,31,FALSE,TRUE,TRUE,0.950284207567216
33,1632000,"1991-05-08",65.220328,0.928149718648382,0.979262022330527,1991,5,8,"Spring",0.947491680099308,0.983072255647868,0.891843914985657,0.891843914985657,1,31,31,FALSE,TRUE,TRUE,0.950284207567216
33,1632000,"1991-05-09",71.545031,1.09697441264018,1.18189381583571,1991,5,9,"Spring",0.947491680099308,0.983072255647868,0.891843914985657,0.891843914985657,1,31,31,FALSE,TRUE,TRUE,0.950284207567216
33,1632000,"1991-05-10",76.184655,1.06484900397905,0.970714532361957,1991,5,10,"Spring",0.947491680099308,0.983072255647868,0.891843914985657,0.891843914985657,1,31,31,FALSE,TRUE,TRUE,0.950284207567216
33,1632000,"1991-05-11",69.177404,0.908022803279742,0.852724470687122,1991,5,11,"Spring",0.947491680099308,0.983072255647868,0.891843914985657,0.891843914985657,1,31,31,FALSE,TRUE,TRUE,0.950284207567216
33,1632000,"1991-05-12",62.407334,0.902134662353042,0.993515426148516,1991,5,12,"Spring",0.947491680099308,0.983072255647868,0.891843914985657,0.891843914985657,1,31,31,FALSE,TRUE,TRUE,0.950284207567216
33,1632000,"1991-05-13",56.398893,0.90372219713792,1.00175975367218,1991,5,13,"Spring",0.947491680099308,0.983072255647868,0.891843914985657,0.891843914985657,1,31,31,FALSE,TRUE,TRUE,0.950284207567216
33,1632000,"1991-05-14",56.00114,0.99294750341997,1.09873090045218,1991,5,14,"Spring",0.947491680099308,0.983072255647868,0.891843914985657,0.891843914985657,1,31,31,FALSE,TRUE,TRUE,0.950284207567216
33,1632000,"1991-05-15",56.313647,1.0055803685425,1.01272259115312,1991,5,15,"Spring",0.947491680099308,0.983072255647868,0.891843914985657,0.891843914985657,1,31,31,FALSE,TRUE,TRUE,0.950284207567216
33,1632000,"1991-05-16",52.459703,0.931562876757032,0.926393260945669,1991,5,16,"Spring",0.947491680099308,0.983072255647868,0.891843914985657,0.891843914985657,1,31,31,FALSE,TRUE,TRUE,0.950284207567216
33,1632000,"1991-05-17",49.803543,0.949367612698837,1.01911275812513,1991,5,17,"Spring",0.947491680099308,0.983072255647868,0.891843914985657,0.891843914985657,1,31,31,FALSE,TRUE,TRUE,0.950284207567216
34,1632000,"1991-09-13",4.606294,0.94978423994893,1.01071079900367,1991,9,13,"Fall",0.967387268488568,0.929639171358645,0.324423551559448,5.340576171875e-05,5,18,14,FALSE,TRUE,TRUE,0.971884871330472
34,1632000,"1991-09-14",4.403754,0.956029728019966,1.00657569141321,1991,9,14,"Fall",0.967387268488568,0.929639171358645,0.324423551559448,5.340576171875e-05,5,18,14,FALSE,TRUE,TRUE,0.971884871330472
34,1632000,"1991-09-15",4.229423,0.960413093011099,1.00458496724805,1991,9,15,"Fall",0.967387268488568,0.929639171358645,0.324423551559448,5.340576171875e-05,5,18,14,FALSE,TRUE,TRUE,0.971884871330472
34,1632000,"1991-09-16",4.074738,0.963426453206501,1.00313756675886,1991,9,16,"Fall",0.967387268488568,0.929639171358645,0.324423551559448,5.340576171875e-05,5,18,14,FALSE,TRUE,TRUE,0.971884871330472
34,1632000,"1991-09-17",3.93402,0.965465755098855,1.00211671776872,1991,9,17,"Fall",0.967387268488568,0.929639171358645,0.324423551559448,5.340576171875e-05,5,18,14,FALSE,TRUE,TRUE,0.971884871330472
34,1632000,"1991-09-18",3.803587,0.966844855898038,1.00142843057032,1991,9,18,"Fall",0.967387268488568,0.929639171358645,0.324423551559448,5.340576171875e-05,5,18,14,FALSE,TRUE,TRUE,0.971884871330472
34,1632000,"1991-09-19",3.939725,1.03579200370598,1.07131149055336,1991,9,19,"Fall",0.967387268488568,0.929639171358645,0.324423551559448,5.340576171875e-05,5,18,14,FALSE,TRUE,TRUE,0.971884871330472
34,1632000,"1991-09-20",4.023743,1.02132585396189,0.986033731007453,1991,9,20,"Fall",0.967387268488568,0.929639171358645,0.324423551559448,5.340576171875e-05,5,18,14,FALSE,TRUE,TRUE,0.971884871330472
34,1632000,"1991-09-21",3.793726,0.942835066752524,0.923148144243205,1991,9,21,"Fall",0.967387268488568,0.929639171358645,0.324423551559448,5.340576171875e-05,5,18,14,FALSE,TRUE,TRUE,0.971884871330472
34,1632000,"1991-09-22",3.588412,0.945880646098321,1.00323023554511,1991,9,22,"Fall",0.967387268488568,0.929639171358645,0.324423551559448,5.340576171875e-05,5,18,14,FALSE,TRUE,TRUE,0.971884871330472
34,1632000,"1991-09-23",3.41569,0.951866731021967,1.00632858378944,1991,9,23,"Fall",0.967387268488568,0.929639171358645,0.324423551559448,5.340576171875e-05,5,18,14,FALSE,TRUE,TRUE,0.971884871330472
34,1632000,"1991-09-24",3.272938,0.95820698014164,1.00666085798888,1991,9,24,"Fall",0.967387268488568,0.929639171358645,0.324423551559448,5.340576171875e-05,5,18,14,FALSE,TRUE,TRUE,0.971884871330472
34,1632000,"1991-09-25",3.158095,0.964911342652992,1.00699677903657,1991,9,25,"Fall",0.967387268488568,0.929639171358645,0.324423551559448,5.340576171875e-05,5,18,14,FALSE,TRUE,TRUE,0.971884871330472
34,1632000,"1991-09-26",3.057097,0.968019328107609,1.00322100623884,1991,9,26,"Fall",0.967387268488568,0.929639171358645,0.324423551559448,5.340576171875e-05,5,18,14,FALSE,TRUE,TRUE,0.971884871330472
36,1632000,"1992-01-28",107.321648,0.979005703797415,1.0289597816411,1992,1,28,"Winter",0.962398757761824,0.997406700287919,0.343419432640076,0.150050640106201,2,18,17,FALSE,TRUE,TRUE,0.962207026534043
36,1632000,"1992-01-29",102.705743,0.956989991432111,0.977512171502262,1992,1,29,"Winter",0.962398757761824,0.997406700287919,0.343419432640076,0.150050640106201,2,18,17,FALSE,TRUE,TRUE,0.962207026534043
36,1632000,"1992-01-30",96.580239,0.940358700291959,0.98262124861383,1992,1,30,"Winter",0.962398757761824,0.997406700287919,0.343419432640076,0.150050640106201,2,18,17,FALSE,TRUE,TRUE,0.962207026534043
36,1632000,"1992-01-31",93.170816,0.96469854459565,1.02588357431705,1992,1,31,"Winter",0.962398757761824,0.997406700287919,0.343419432640076,0.150050640106201,2,18,17,FALSE,TRUE,TRUE,0.962207026534043
36,1632000,"1992-02-01",91.503825,0.982108227967006,1.01804676027438,1992,2,1,"Winter",0.962398757761824,0.997406700287919,0.343419432640076,0.150050640106201,2,18,17,FALSE,TRUE,TRUE,0.962207026534043
36,1632000,"1992-02-02",89.346746,0.976426351576013,0.994214612779739,1992,2,2,"Winter",0.962398757761824,0.997406700287919,0.343419432640076,0.150050640106201,2,18,17,FALSE,TRUE,TRUE,0.962207026534043
36,1632000,"1992-02-03",85.849052,0.960852586617984,0.984050241031602,1992,2,3,"Winter",0.962398757761824,0.997406700287919,0.343419432640076,0.150050640106201,2,18,17,FALSE,TRUE,TRUE,0.962207026534043
36,1632000,"1992-02-04",82.26494,0.958251000838076,0.997292419444833,1992,2,4,"Winter",0.962398757761824,0.997406700287919,0.343419432640076,0.150050640106201,2,18,17,FALSE,TRUE,TRUE,0.962207026534043
36,1632000,"1992-02-05",78.884629,0.958909457662037,1.00068714441559,1992,2,5,"Winter",0.962398757761824,0.997406700287919,0.343419432640076,0.150050640106201,2,18,17,FALSE,TRUE,TRUE,0.962207026534043
36,1632000,"1992-02-06",75.712702,0.959790303380903,1.00091859112644,1992,2,6,"Winter",0.962398757761824,0.997406700287919,0.343419432640076,0.150050640106201,2,18,17,FALSE,TRUE,TRUE,0.962207026534043
36,1632000,"1992-02-07",72.716886,0.960431791220448,1.0006683624926,1992,2,7,"Winter",0.962398757761824,0.997406700287919,0.343419432640076,0.150050640106201,2,18,17,FALSE,TRUE,TRUE,0.962207026534043
36,1632000,"1992-02-08",69.855866,0.960655355896291,1.00023277517247,1992,2,8,"Winter",0.962398757761824,0.997406700287919,0.343419432640076,0.150050640106201,2,18,17,FALSE,TRUE,TRUE,0.962207026534043
36,1632000,"1992-02-09",67.119682,0.960831005945871,1.00018284398094,1992,2,9,"Winter",0.962398757761824,0.997406700287919,0.343419432640076,0.150050640106201,2,18,17,FALSE,TRUE,TRUE,0.962207026534043
36,1632000,"1992-02-10",64.503534,0.961022640125142,1.00019944628981,1992,2,10,"Winter",0.962398757761824,0.997406700287919,0.343419432640076,0.150050640106201,2,18,17,FALSE,TRUE,TRUE,0.962207026534043
36,1632000,"1992-02-11",62.000268,0.961191800746917,1.00017602147412,1992,2,11,"Winter",0.962398757761824,0.997406700287919,0.343419432640076,0.150050640106201,2,18,17,FALSE,TRUE,TRUE,0.962207026534043
36,1632000,"1992-02-12",59.604572,0.961359908960393,1.00017489559664,1992,2,12,"Winter",0.962398757761824,0.997406700287919,0.343419432640076,0.150050640106201,2,18,17,FALSE,TRUE,TRUE,0.962207026534043
36,1632000,"1992-02-13",57.311666,0.961531373801325,1.00017835655443,1992,2,13,"Winter",0.962398757761824,0.997406700287919,0.343419432640076,0.150050640106201,2,18,17,FALSE,TRUE,TRUE,0.962207026534043
37,1632000,"1992-04-01",153.291611,0.950229393155694,1.00399168381191,1992,4,1,"Spring",0.941515752017972,0.997675842955125,0.348082602024078,2.12753343475924e-06,2,10,9,FALSE,TRUE,TRUE,0.95306862044189
37,1632000,"1992-04-02",145.887326,0.951698041714755,1.00154557264766,1992,4,2,"Spring",0.941515752017972,0.997675842955125,0.348082602024078,2.12753343475924e-06,2,10,9,FALSE,TRUE,TRUE,0.95306862044189
37,1632000,"1992-04-03",139.278546,0.954699423306998,1.00315371206064,1992,4,3,"Spring",0.941515752017972,0.997675842955125,0.348082602024078,2.12753343475924e-06,2,10,9,FALSE,TRUE,TRUE,0.95306862044189
37,1632000,"1992-04-04",133.302955,0.957096112993598,1.0025104128358,1992,4,4,"Spring",0.941515752017972,0.997675842955125,0.348082602024078,2.12753343475924e-06,2,10,9,FALSE,TRUE,TRUE,0.95306862044189
37,1632000,"1992-04-05",127.574397,0.957026023916724,0.999926769029858,1992,4,5,"Spring",0.941515752017972,0.997675842955125,0.348082602024078,2.12753343475924e-06,2,10,9,FALSE,TRUE,TRUE,0.95306862044189
37,1632000,"1992-04-06",121.915857,0.955645175418701,0.998557146343448,1992,4,6,"Spring",0.941515752017972,0.997675842955125,0.348082602024078,2.12753343475924e-06,2,10,9,FALSE,TRUE,TRUE,0.95306862044189
37,1632000,"1992-04-07",115.981264,0.951322222178203,0.995476403427031,1992,4,7,"Spring",0.941515752017972,0.997675842955125,0.348082602024078,2.12753343475924e-06,2,10,9,FALSE,TRUE,TRUE,0.95306862044189
37,1632000,"1992-04-08",109.703612,0.945873567992844,0.994272546085507,1992,4,8,"Spring",0.941515752017972,0.997675842955125,0.348082602024078,2.12753343475924e-06,2,10,9,FALSE,TRUE,TRUE,0.95306862044189
37,1632000,"1992-04-09",103.435952,0.942867332390113,0.996821736324538,1992,4,9,"Spring",0.941515752017972,0.997675842955125,0.348082602024078,2.12753343475924e-06,2,10,9,FALSE,TRUE,TRUE,0.95306862044189
38,1632000,"1992-05-22",126.995349,0.936797034862408,1.03640520868337,1992,5,22,"Spring",0.957174681738898,0.977646182109966,0.360121607780457,0.0477612018585205,3,15,13,FALSE,TRUE,TRUE,0.961625693554554
38,1632000,"1992-05-23",119.037151,0.937334728691521,1.00057397046436,1992,5,23,"Spring",0.957174681738898,0.977646182109966,0.360121607780457,0.0477612018585205,3,15,13,FALSE,TRUE,TRUE,0.961625693554554
38,1632000,"1992-05-24",111.008698,0.932555064258888,0.994900792335621,1992,5,24,"Spring",0.957174681738898,0.977646182109966,0.360121607780457,0.0477612018585205,3,15,13,FALSE,TRUE,TRUE,0.961625693554554
38,1632000,"1992-05-25",104.338377,0.939911726556778,1.00788871625906,1992,5,25,"Spring",0.957174681738898,0.977646182109966,0.360121607780457,0.0477612018585205,3,15,13,FALSE,TRUE,TRUE,0.961625693554554
38,1632000,"1992-05-26",102.903514,0.986247984286741,1.04929852072354,1992,5,26,"Spring",0.957174681738898,0.977646182109966,0.360121607780457,0.0477612018585205,3,15,13,FALSE,TRUE,TRUE,0.961625693554554
38,1632000,"1992-05-27",101.262314,0.984051079149736,0.997772461721589,1992,5,27,"Spring",0.957174681738898,0.977646182109966,0.360121607780457,0.0477612018585205,3,15,13,FALSE,TRUE,TRUE,0.961625693554554
38,1632000,"1992-05-28",96.073758,0.948761234115191,0.964138197922574,1992,5,28,"Spring",0.957174681738898,0.977646182109966,0.360121607780457,0.0477612018585205,3,15,13,FALSE,TRUE,TRUE,0.961625693554554
38,1632000,"1992-05-29",91.528414,0.952689016286841,1.00413990583765,1992,5,29,"Spring",0.957174681738898,0.977646182109966,0.360121607780457,0.0477612018585205,3,15,13,FALSE,TRUE,TRUE,0.961625693554554
38,1632000,"1992-05-30",88.713172,0.969241879357813,1.01737488602051,1992,5,30,"Spring",0.957174681738898,0.977646182109966,0.360121607780457,0.0477612018585205,3,15,13,FALSE,TRUE,TRUE,0.961625693554554
38,1632000,"1992-05-31",87.863104,0.990417792748973,1.02184791417101,1992,5,31,"Spring",0.957174681738898,0.977646182109966,0.360121607780457,0.0477612018585205,3,15,13,FALSE,TRUE,TRUE,0.961625693554554
38,1632000,"1992-06-01",85.215258,0.969863960189706,0.979247310872497,1992,6,1,"Summer",0.957174681738898,0.977646182109966,0.360121607780457,0.0477612018585205,3,15,13,FALSE,TRUE,TRUE,0.961625693554554
38,1632000,"1992-06-02",80.421961,0.943750718914681,0.973075356599582,1992,6,2,"Summer",0.957174681738898,0.977646182109966,0.360121607780457,0.0477612018585205,3,15,13,FALSE,TRUE,TRUE,0.961625693554554
38,1632000,"1992-06-03",74.628154,0.927957402083244,0.983265372396644,1992,6,3,"Summer",0.957174681738898,0.977646182109966,0.360121607780457,0.0477612018585205,3,15,13,FALSE,TRUE,TRUE,0.961625693554554
39,1632000,"1993-01-28",195.387321,0.939167432589623,1.02819547814468,1993,1,28,"Winter",0.956895670830107,0.999664708454757,0.344417572021484,0.0488796234130859,3,18,16,FALSE,TRUE,TRUE,0.958644946305245
39,1632000,"1993-01-29",185.55853,0.949695860766728,1.01121038465748,1993,1,29,"Winter",0.956895670830107,0.999664708454757,0.344417572021484,0.0488796234130859,3,18,16,FALSE,TRUE,TRUE,0.958644946305245
39,1632000,"1993-01-30",177.225201,0.955090563608151,1.00568045314746,1993,1,30,"Winter",0.956895670830107,0.999664708454757,0.344417572021484,0.0488796234130859,3,18,16,FALSE,TRUE,TRUE,0.958644946305245
39,1632000,"1993-01-31",169.748986,0.957815169864019,1.00285272031751,1993,1,31,"Winter",0.956895670830107,0.999664708454757,0.344417572021484,0.0488796234130859,3,18,16,FALSE,TRUE,TRUE,0.958644946305245
39,1632000,"1993-02-01",162.829927,0.959239467857558,1.00148702801788,1993,2,1,"Winter",0.956895670830107,0.999664708454757,0.344417572021484,0.0488796234130859,3,18,16,FALSE,TRUE,TRUE,0.958644946305245
39,1632000,"1993-02-02",156.30119,0.959904563489732,1.00069335724234,1993,2,2,"Winter",0.956895670830107,0.999664708454757,0.344417572021484,0.0488796234130859,3,18,16,FALSE,TRUE,TRUE,0.958644946305245
39,1632000,"1993-02-03",150.099362,0.960321300176921,1.00043414387538,1993,2,3,"Winter",0.956895670830107,0.999664708454757,0.344417572021484,0.0488796234130859,3,18,16,FALSE,TRUE,TRUE,0.958644946305245
39,1632000,"1993-02-04",144.199613,0.960694376569036,1.00038849121856,1993,2,4,"Winter",0.956895670830107,0.999664708454757,0.344417572021484,0.0488796234130859,3,18,16,FALSE,TRUE,TRUE,0.958644946305245
39,1632000,"1993-02-05",138.505739,0.960513943959059,0.99981218521272,1993,2,5,"Winter",0.956895670830107,0.999664708454757,0.344417572021484,0.0488796234130859,3,18,16,FALSE,TRUE,TRUE,0.958644946305245
39,1632000,"1993-02-06",132.827062,0.959000420913967,0.998424257081731,1993,2,6,"Winter",0.956895670830107,0.999664708454757,0.344417572021484,0.0488796234130859,3,18,16,FALSE,TRUE,TRUE,0.958644946305245
39,1632000,"1993-02-07",127.223643,0.957814176451482,0.998763040728018,1993,2,7,"Winter",0.956895670830107,0.999664708454757,0.344417572021484,0.0488796234130859,3,18,16,FALSE,TRUE,TRUE,0.958644946305245
39,1632000,"1993-02-08",121.908298,0.95822046221393,1.00042418015147,1993,2,8,"Winter",0.956895670830107,0.999664708454757,0.344417572021484,0.0488796234130859,3,18,16,FALSE,TRUE,TRUE,0.958644946305245
39,1632000,"1993-02-09",116.74974,0.957684931340769,0.999441119351674,1993,2,9,"Winter",0.956895670830107,0.999664708454757,0.344417572021484,0.0488796234130859,3,18,16,FALSE,TRUE,TRUE,0.958644946305245
39,1632000,"1993-02-10",111.69512,0.956705513862386,0.998977307205814,1993,2,10,"Winter",0.956895670830107,0.999664708454757,0.344417572021484,0.0488796234130859,3,18,16,FALSE,TRUE,TRUE,0.958644946305245
39,1632000,"1993-02-11",106.718118,0.955441186687476,0.998678457313572,1993,2,11,"Winter",0.956895670830107,0.999664708454757,0.344417572021484,0.0488796234130859,3,18,16,FALSE,TRUE,TRUE,0.958644946305245
39,1632000,"1993-02-12",102.895007,0.964175614491253,1.00914177442367,1993,2,12,"Winter",0.956895670830107,0.999664708454757,0.344417572021484,0.0488796234130859,3,18,16,FALSE,TRUE,TRUE,0.958644946305245
40,1632000,"1993-05-01",280.779726,0.933680982139179,1.02116946640326,1993,5,1,"Spring",0.949434443496231,0.993745913488651,1,1,1,17,17,FALSE,TRUE,TRUE,0.9490433009409
40,1632000,"1993-05-02",264.475116,0.941930956938109,1.00883596748434,1993,5,2,"Spring",0.949434443496231,0.993745913488651,1,1,1,17,17,FALSE,TRUE,TRUE,0.9490433009409
40,1632000,"1993-05-03",249.713259,0.944184325454649,1.00239228629226,1993,5,3,"Spring",0.949434443496231,0.993745913488651,1,1,1,17,17,FALSE,TRUE,TRUE,0.9490433009409
40,1632000,"1993-05-04",236.072002,0.945372316013064,1.00125821889475,1993,5,4,"Spring",0.949434443496231,0.993745913488651,1,1,1,17,17,FALSE,TRUE,TRUE,0.9490433009409
40,1632000,"1993-05-05",233.162212,0.987674141891676,1.04474620756509,1993,5,5,"Spring",0.949434443496231,0.993745913488651,1,1,1,17,17,FALSE,TRUE,TRUE,0.9490433009409
40,1632000,"1993-05-06",228.324851,0.979253237655851,0.991474005566556,1993,5,6,"Spring",0.949434443496231,0.993745913488651,1,1,1,17,17,FALSE,TRUE,TRUE,0.9490433009409
40,1632000,"1993-05-07",213.985316,0.937196783717599,0.95705252500474,1993,5,7,"Spring",0.949434443496231,0.993745913488651,1,1,1,17,17,FALSE,TRUE,TRUE,0.9490433009409
40,1632000,"1993-05-08",202.016325,0.944066297521088,1.00732985208959,1993,5,8,"Spring",0.949434443496231,0.993745913488651,1,1,1,17,17,FALSE,TRUE,TRUE,0.9490433009409
40,1632000,"1993-05-09",189.90955,0.940070313624406,0.995767263478027,1993,5,9,"Spring",0.949434443496231,0.993745913488651,1,1,1,17,17,FALSE,TRUE,TRUE,0.9490433009409
40,1632000,"1993-05-10",177.833347,0.936410765019453,0.996107154377799,1993,5,10,"Spring",0.949434443496231,0.993745913488651,1,1,1,17,17,FALSE,TRUE,TRUE,0.9490433009409
40,1632000,"1993-05-11",166.111971,0.93408786260993,0.997519355291185,1993,5,11,"Spring",0.949434443496231,0.993745913488651,1,1,1,17,17,FALSE,TRUE,TRUE,0.9490433009409
40,1632000,"1993-05-12",155.368353,0.935323035809382,1.00132233085226,1993,5,12,"Spring",0.949434443496231,0.993745913488651,1,1,1,17,17,FALSE,TRUE,TRUE,0.9490433009409
40,1632000,"1993-05-13",151.07216,0.97234833917561,1.03958557840307,1993,5,13,"Spring",0.949434443496231,0.993745913488651,1,1,1,17,17,FALSE,TRUE,TRUE,0.9490433009409
40,1632000,"1993-05-14",145.505199,0.963150318364416,0.990540405695563,1993,5,14,"Spring",0.949434443496231,0.993745913488651,1,1,1,17,17,FALSE,TRUE,TRUE,0.9490433009409
40,1632000,"1993-05-15",135.924705,0.934157033110549,0.969897445184774,1993,5,15,"Spring",0.949434443496231,0.993745913488651,1,1,1,17,17,FALSE,TRUE,TRUE,0.9490433009409
40,1632000,"1993-05-16",128.3815,0.944504532858835,1.01107683117669,1993,5,16,"Spring",0.949434443496231,0.993745913488651,1,1,1,17,17,FALSE,TRUE,TRUE,0.9490433009409
40,1632000,"1993-05-17",121.734071,0.948221285777156,1.00393513507772,1993,5,17,"Spring",0.949434443496231,0.993745913488651,1,1,1,17,17,FALSE,TRUE,TRUE,0.9490433009409
41,1632000,"1993-06-18",19.734888,0.942394153159617,1.0090421833104,1993,6,18,"Summer",0.920139776475154,0.99929029929782,0.640428781509399,0.000111818313598633,8,18,11,FALSE,TRUE,TRUE,0.948593457197984
41,1632000,"1993-06-19",18.662246,0.945647423993488,1.00345213393246,1993,6,19,"Summer",0.920139776475154,0.99929029929782,0.640428781509399,0.000111818313598633,8,18,11,FALSE,TRUE,TRUE,0.948593457197984
41,1632000,"1993-06-20",17.691996,0.948010009084651,1.00249837839264,1993,6,20,"Summer",0.920139776475154,0.99929029929782,0.640428781509399,0.000111818313598633,8,18,11,FALSE,TRUE,TRUE,0.948593457197984
41,1632000,"1993-06-21",16.866158,0.953321377644444,1.00560265029788,1993,6,21,"Summer",0.920139776475154,0.99929029929782,0.640428781509399,0.000111818313598633,8,18,11,FALSE,TRUE,TRUE,0.948593457197984
41,1632000,"1993-06-22",16.096663,0.954376390876926,1.00110667111556,1993,6,22,"Summer",0.920139776475154,0.99929029929782,0.640428781509399,0.000111818313598633,8,18,11,FALSE,TRUE,TRUE,0.948593457197984
41,1632000,"1993-06-23",15.292012,0.950011316010033,0.995426254349311,1993,6,23,"Summer",0.920139776475154,0.99929029929782,0.640428781509399,0.000111818313598633,8,18,11,FALSE,TRUE,TRUE,0.948593457197984
41,1632000,"1993-06-24",14.480629,0.946940729578292,0.996767842256199,1993,6,24,"Summer",0.920139776475154,0.99929029929782,0.640428781509399,0.000111818313598633,8,18,11,FALSE,TRUE,TRUE,0.948593457197984
41,1632000,"1993-06-25",13.675727,0.944415259861985,0.997333022397894,1993,6,25,"Summer",0.920139776475154,0.99929029929782,0.640428781509399,0.000111818313598633,8,18,11,FALSE,TRUE,TRUE,0.948593457197984
41,1632000,"1993-06-26",12.901336,0.943374783658668,0.998898285269692,1993,6,26,"Summer",0.920139776475154,0.99929029929782,0.640428781509399,0.000111818313598633,8,18,11,FALSE,TRUE,TRUE,0.948593457197984
41,1632000,"1993-06-27",12.232518,0.948159012368952,1.00507139770233,1993,6,27,"Summer",0.920139776475154,0.99929029929782,0.640428781509399,0.000111818313598633,8,18,11,FALSE,TRUE,TRUE,0.948593457197984
41,1632000,"1993-06-28",11.632073,0.950914030946041,1.00290565036154,1993,6,28,"Summer",0.920139776475154,0.99929029929782,0.640428781509399,0.000111818313598633,8,18,11,FALSE,TRUE,TRUE,0.948593457197984
42,1632000,"1993-07-13",7.881222,0.944345684290441,1.00646577503817,1993,7,13,"Summer",0.954364506384561,0.967327224545252,0.760332345962524,0.000606775283813477,7,19,13,FALSE,TRUE,TRUE,0.967290190256286
42,1632000,"1993-07-14",7.477938,0.948829762694161,1.00474834425393,1993,7,14,"Summer",0.954364506384561,0.967327224545252,0.760332345962524,0.000606775283813477,7,19,13,FALSE,TRUE,TRUE,0.967290190256286
42,1632000,"1993-07-15",7.173046,0.959227797823411,1.01095879950027,1993,7,15,"Summer",0.954364506384561,0.967327224545252,0.760332345962524,0.000606775283813477,7,19,13,FALSE,TRUE,TRUE,0.967290190256286
42,1632000,"1993-07-16",6.920866,0.96484338731412,1.00585428143706,1993,7,16,"Summer",0.954364506384561,0.967327224545252,0.760332345962524,0.000606775283813477,7,19,13,FALSE,TRUE,TRUE,0.967290190256286
42,1632000,"1993-07-17",6.645723,0.96024442605882,0.995233463465918,1993,7,17,"Summer",0.954364506384561,0.967327224545252,0.760332345962524,0.000606775283813477,7,19,13,FALSE,TRUE,TRUE,0.967290190256286
42,1632000,"1993-07-18",6.364631,0.957703322873975,0.997353691293711,1993,7,18,"Summer",0.954364506384561,0.967327224545252,0.760332345962524,0.000606775283813477,7,19,13,FALSE,TRUE,TRUE,0.967290190256286
42,1632000,"1993-07-19",6.112365,0.960364395045054,1.00277859761736,1993,7,19,"Summer",0.954364506384561,0.967327224545252,0.760332345962524,0.000606775283813477,7,19,13,FALSE,TRUE,TRUE,0.967290190256286
42,1632000,"1993-07-20",6.196733,1.01380284063534,1.05564392627006,1993,7,20,"Summer",0.954364506384561,0.967327224545252,0.760332345962524,0.000606775283813477,7,19,13,FALSE,TRUE,TRUE,0.967290190256286
42,1632000,"1993-07-21",6.214578,1.00287974324535,0.989225619664729,1993,7,21,"Summer",0.954364506384561,0.967327224545252,0.760332345962524,0.000606775283813477,7,19,13,FALSE,TRUE,TRUE,0.967290190256286
42,1632000,"1993-07-22",5.876624,0.945619155476043,0.942903834527546,1993,7,22,"Summer",0.954364506384561,0.967327224545252,0.760332345962524,0.000606775283813477,7,19,13,FALSE,TRUE,TRUE,0.967290190256286
42,1632000,"1993-07-23",5.574391,0.948570301588123,1.00312086117861,1993,7,23,"Summer",0.954364506384561,0.967327224545252,0.760332345962524,0.000606775283813477,7,19,13,FALSE,TRUE,TRUE,0.967290190256286
42,1632000,"1993-07-24",5.300482,0.950862973192946,1.00241697594895,1993,7,24,"Summer",0.954364506384561,0.967327224545252,0.760332345962524,0.000606775283813477,7,19,13,FALSE,TRUE,TRUE,0.967290190256286
42,1632000,"1993-07-25",5.048981,0.952551296278339,1.00177556928074,1993,7,25,"Summer",0.954364506384561,0.967327224545252,0.760332345962524,0.000606775283813477,7,19,13,FALSE,TRUE,TRUE,0.967290190256286
44,1632000,"1993-09-30",30.736359,0.860219010164689,0.996491926905237,1993,9,30,"Fall",0.96117193344935,0.0682369321954016,0.94421660900116,0.94421660900116,1,19,19,FALSE,TRUE,TRUE,0.976667760719618
44,1632000,"1993-10-01",27.261409,0.886943342898878,1.03106689391702,1993,10,1,"Fall",0.96117193344935,0.0682369321954016,0.94421660900116,0.94421660900116,1,19,19,FALSE,TRUE,TRUE,0.976667760719618
44,1632000,"1993-10-02",23.6956,0.869199387309731,0.979994262619806,1993,10,2,"Fall",0.96117193344935,0.0682369321954016,0.94421660900116,0.94421660900116,1,19,19,FALSE,TRUE,TRUE,0.976667760719618
44,1632000,"1993-10-03",19.508863,0.823311627475143,0.947206865876176,1993,10,3,"Fall",0.96117193344935,0.0682369321954016,0.94421660900116,0.94421660900116,1,19,19,FALSE,TRUE,TRUE,0.976667760719618
44,1632000,"1993-10-04",15.303317,0.784428954163039,0.952772835929275,1993,10,4,"Fall",0.96117193344935,0.0682369321954016,0.94421660900116,0.94421660900116,1,19,19,FALSE,TRUE,TRUE,0.976667760719618
44,1632000,"1993-10-05",11.951905,0.781000942475412,0.99562992713434,1993,10,5,"Fall",0.96117193344935,0.0682369321954016,0.94421660900116,0.94421660900116,1,19,19,FALSE,TRUE,TRUE,0.976667760719618
44,1632000,"1993-10-06",9.854105,0.824479863251925,1.05567076607962,1993,10,6,"Fall",0.96117193344935,0.0682369321954016,0.94421660900116,0.94421660900116,1,19,19,FALSE,TRUE,TRUE,0.976667760719618
44,1632000,"1993-10-07",8.671661,0.880004931954754,1.06734557286072,1993,10,7,"Fall",0.96117193344935,0.0682369321954016,0.94421660900116,0.94421660900116,1,19,19,FALSE,TRUE,TRUE,0.976667760719618
44,1632000,"1993-10-08",7.903461,0.911412588660927,1.03569031895811,1993,10,8,"Fall",0.96117193344935,0.0682369321954016,0.94421660900116,0.94421660900116,1,19,19,FALSE,TRUE,TRUE,0.976667760719618
44,1632000,"1993-10-09",7.340019,0.928709460323775,1.01897809167664,1993,10,9,"Fall",0.96117193344935,0.0682369321954016,0.94421660900116,0.94421660900116,1,19,19,FALSE,TRUE,TRUE,0.976667760719618
44,1632000,"1993-10-10",6.898495,0.939847022194357,1.01199251471682,1993,10,10,"Fall",0.96117193344935,0.0682369321954016,0.94421660900116,0.94421660900116,1,19,19,FALSE,TRUE,TRUE,0.976667760719618
44,1632000,"1993-10-11",6.550064,0.949491736965816,1.01026200492602,1993,10,11,"Fall",0.96117193344935,0.0682369321954016,0.94421660900116,0.94421660900116,1,19,19,FALSE,TRUE,TRUE,0.976667760719618
44,1632000,"1993-10-12",16.672623,2.54541375473583,2.68081717369118,1993,10,12,"Fall",0.96117193344935,0.0682369321954016,0.94421660900116,0.94421660900116,1,19,19,FALSE,TRUE,TRUE,0.976667760719618
44,1632000,"1993-10-13",27.573383,1.65381194068864,0.649722245592356,1993,10,13,"Fall",0.96117193344935,0.0682369321954016,0.94421660900116,0.94421660900116,1,19,19,FALSE,TRUE,TRUE,0.976667760719618
44,1632000,"1993-10-14",22.830887,0.828004565127174,0.500664280354874,1993,10,14,"Fall",0.96117193344935,0.0682369321954016,0.94421660900116,0.94421660900116,1,19,19,FALSE,TRUE,TRUE,0.976667760719618
44,1632000,"1993-10-15",19.216587,0.841692528196561,1.01653126521988,1993,10,15,"Fall",0.96117193344935,0.0682369321954016,0.94421660900116,0.94421660900116,1,19,19,FALSE,TRUE,TRUE,0.976667760719618
44,1632000,"1993-10-16",15.835792,0.824068915047193,0.979061697046154,1993,10,16,"Fall",0.96117193344935,0.0682369321954016,0.94421660900116,0.94421660900116,1,19,19,FALSE,TRUE,TRUE,0.976667760719618
44,1632000,"1993-10-17",12.331693,0.778722845058839,0.944972963837912,1993,10,17,"Fall",0.96117193344935,0.0682369321954016,0.94421660900116,0.94421660900116,1,19,19,FALSE,TRUE,TRUE,0.976667760719618
44,1632000,"1993-10-18",9.653172,0.782793733188136,1.00522764698009,1993,10,18,"Fall",0.96117193344935,0.0682369321954016,0.94421660900116,0.94421660900116,1,19,19,FALSE,TRUE,TRUE,0.976667760719618
45,1632000,"1994-05-13",252.445023,0.861331602397427,1.09384384544672,1994,5,13,"Spring",0.909270259202828,0.970236594400282,0.533529877662659,0.280450105667114,2,35,34,FALSE,TRUE,TRUE,0.909129341162397
45,1632000,"1994-05-14",227.258588,0.900230019587275,1.04516079182696,1994,5,14,"Spring",0.909270259202828,0.970236594400282,0.533529877662659,0.280450105667114,2,35,34,FALSE,TRUE,TRUE,0.909129341162397
45,1632000,"1994-05-15",209.675382,0.922629080138437,1.02488148591338,1994,5,15,"Spring",0.909270259202828,0.970236594400282,0.533529877662659,0.280450105667114,2,35,34,FALSE,TRUE,TRUE,0.909129341162397
45,1632000,"1994-05-16",198.42346,0.946336465956695,1.02569546779807,1994,5,16,"Spring",0.909270259202828,0.970236594400282,0.533529877662659,0.280450105667114,2,35,34,FALSE,TRUE,TRUE,0.909129341162397
45,1632000,"1994-05-17",188.105104,0.947998306248666,1.00175607762329,1994,5,17,"Spring",0.909270259202828,0.970236594400282,0.533529877662659,0.280450105667114,2,35,34,FALSE,TRUE,TRUE,0.909129341162397
45,1632000,"1994-05-18",176.945351,0.940672779405284,0.992272637202939,1994,5,18,"Spring",0.909270259202828,0.970236594400282,0.533529877662659,0.280450105667114,2,35,34,FALSE,TRUE,TRUE,0.909129341162397
45,1632000,"1994-05-19",167.731365,0.947927504464359,1.0077122727668,1994,5,19,"Spring",0.909270259202828,0.970236594400282,0.533529877662659,0.280450105667114,2,35,34,FALSE,TRUE,TRUE,0.909129341162397
45,1632000,"1994-05-20",158.67339,0.945997130590334,0.997963584910309,1994,5,20,"Spring",0.909270259202828,0.970236594400282,0.533529877662659,0.280450105667114,2,35,34,FALSE,TRUE,TRUE,0.909129341162397
45,1632000,"1994-05-21",149.934827,0.944927356754652,0.998869157420155,1994,5,21,"Spring",0.909270259202828,0.970236594400282,0.533529877662659,0.280450105667114,2,35,34,FALSE,TRUE,TRUE,0.909129341162397
45,1632000,"1994-05-22",141.186828,0.941654656392807,0.99653655877518,1994,5,22,"Spring",0.909270259202828,0.970236594400282,0.533529877662659,0.280450105667114,2,35,34,FALSE,TRUE,TRUE,0.909129341162397
45,1632000,"1994-05-23",132.168955,0.936128085546337,0.994131000352464,1994,5,23,"Spring",0.909270259202828,0.970236594400282,0.533529877662659,0.280450105667114,2,35,34,FALSE,TRUE,TRUE,0.909129341162397
45,1632000,"1994-05-24",122.710003,0.9284328759352,0.991779747098767,1994,5,24,"Spring",0.909270259202828,0.970236594400282,0.533529877662659,0.280450105667114,2,35,34,FALSE,TRUE,TRUE,0.909129341162397
45,1632000,"1994-05-25",113.162821,0.922197198544604,0.993283652968111,1994,5,25,"Spring",0.909270259202828,0.970236594400282,0.533529877662659,0.280450105667114,2,35,34,FALSE,TRUE,TRUE,0.909129341162397
45,1632000,"1994-05-26",105.078902,0.928563825746267,1.0069037589918,1994,5,26,"Spring",0.909270259202828,0.970236594400282,0.533529877662659,0.280450105667114,2,35,34,FALSE,TRUE,TRUE,0.909129341162397
45,1632000,"1994-05-27",98.924507,0.941430726027191,1.01385677529553,1994,5,27,"Spring",0.909270259202828,0.970236594400282,0.533529877662659,0.280450105667114,2,35,34,FALSE,TRUE,TRUE,0.909129341162397
45,1632000,"1994-05-28",92.850303,0.938597581284888,0.996990596690786,1994,5,28,"Spring",0.909270259202828,0.970236594400282,0.533529877662659,0.280450105667114,2,35,34,FALSE,TRUE,TRUE,0.909129341162397
45,1632000,"1994-05-29",85.825546,0.924343197889187,0.984813104487029,1994,5,29,"Spring",0.909270259202828,0.970236594400282,0.533529877662659,0.280450105667114,2,35,34,FALSE,TRUE,TRUE,0.909129341162397
45,1632000,"1994-05-30",77.947971,0.908214099797279,0.98255074724546,1994,5,30,"Spring",0.909270259202828,0.970236594400282,0.533529877662659,0.280450105667114,2,35,34,FALSE,TRUE,TRUE,0.909129341162397
45,1632000,"1994-05-31",69.213195,0.887940944607782,0.977677999940738,1994,5,31,"Spring",0.909270259202828,0.970236594400282,0.533529877662659,0.280450105667114,2,35,34,FALSE,TRUE,TRUE,0.909129341162397
45,1632000,"1994-06-01",59.975795,0.866537009308702,0.97589486617431,1994,6,1,"Summer",0.909270259202828,0.970236594400282,0.533529877662659,0.280450105667114,2,35,34,FALSE,TRUE,TRUE,0.909129341162397
45,1632000,"1994-06-02",50.693177,0.845227262097985,0.975408151086683,1994,6,2,"Summer",0.909270259202828,0.970236594400282,0.533529877662659,0.280450105667114,2,35,34,FALSE,TRUE,TRUE,0.909129341162397
45,1632000,"1994-06-03",42.17419,0.831950027515537,0.984291521135403,1994,6,3,"Summer",0.909270259202828,0.970236594400282,0.533529877662659,0.280450105667114,2,35,34,FALSE,TRUE,TRUE,0.909129341162397
45,1632000,"1994-06-04",34.568419,0.819658160595378,0.985225234072212,1994,6,4,"Summer",0.909270259202828,0.970236594400282,0.533529877662659,0.280450105667114,2,35,34,FALSE,TRUE,TRUE,0.909129341162397
45,1632000,"1994-06-05",27.998306,0.809938863562143,0.988142255515183,1994,6,5,"Summer",0.909270259202828,0.970236594400282,0.533529877662659,0.280450105667114,2,35,34,FALSE,TRUE,TRUE,0.909129341162397
45,1632000,"1994-06-06",23.760543,0.84864216427951,1.04778545944462,1994,6,6,"Summer",0.909270259202828,0.970236594400282,0.533529877662659,0.280450105667114,2,35,34,FALSE,TRUE,TRUE,0.909129341162397
45,1632000,"1994-06-07",21.600492,0.90909084022196,1.071229875779,1994,6,7,"Summer",0.909270259202828,0.970236594400282,0.533529877662659,0.280450105667114,2,35,34,FALSE,TRUE,TRUE,0.909129341162397
45,1632000,"1994-06-08",20.222833,0.936220943485917,1.02984311585114,1994,6,8,"Summer",0.909270259202828,0.970236594400282,0.533529877662659,0.280450105667114,2,35,34,FALSE,TRUE,TRUE,0.909129341162397
45,1632000,"1994-06-09",19.189572,0.948906219024802,1.01354944644974,1994,6,9,"Summer",0.909270259202828,0.970236594400282,0.533529877662659,0.280450105667114,2,35,34,FALSE,TRUE,TRUE,0.909129341162397
45,1632000,"1994-06-10",18.318894,0.954627544585153,1.00602938988663,1994,6,10,"Summer",0.909270259202828,0.970236594400282,0.533529877662659,0.280450105667114,2,35,34,FALSE,TRUE,TRUE,0.909129341162397
45,1632000,"1994-06-11",17.569239,0.959077496709135,1.0046614537253,1994,6,11,"Summer",0.909270259202828,0.970236594400282,0.533529877662659,0.280450105667114,2,35,34,FALSE,TRUE,TRUE,0.909129341162397
45,1632000,"1994-06-12",16.9652,0.965619512603819,1.00682115461694,1994,6,12,"Summer",0.909270259202828,0.970236594400282,0.533529877662659,0.280450105667114,2,35,34,FALSE,TRUE,TRUE,0.909129341162397
45,1632000,"1994-06-13",16.356373,0.964113184636786,0.998440039842432,1994,6,13,"Summer",0.909270259202828,0.970236594400282,0.533529877662659,0.280450105667114,2,35,34,FALSE,TRUE,TRUE,0.909129341162397
45,1632000,"1994-06-14",15.586,0.952900743948551,0.988370202931662,1994,6,14,"Summer",0.909270259202828,0.970236594400282,0.533529877662659,0.280450105667114,2,35,34,FALSE,TRUE,TRUE,0.909129341162397
45,1632000,"1994-06-15",15.19646,0.975007057615809,1.02319896779139,1994,6,15,"Summer",0.909270259202828,0.970236594400282,0.533529877662659,0.280450105667114,2,35,34,FALSE,TRUE,TRUE,0.909129341162397
46,1632000,"1994-08-29",82.344521,0.913376325181211,0.991987170664894,1994,8,29,"Summer",0.905499569048063,0.98033506308695,0.455535411834717,0.182137608528137,4,23,20,FALSE,TRUE,TRUE,0.895526936566329
46,1632000,"1994-08-30",74.732331,0.907556812432001,0.99362857062443,1994,8,30,"Summer",0.905499569048063,0.98033506308695,0.455535411834717,0.182137608528137,4,23,20,FALSE,TRUE,TRUE,0.895526936566329
46,1632000,"1994-08-31",67.781399,0.906988957697573,0.999374303926046,1994,8,31,"Summer",0.905499569048063,0.98033506308695,0.455535411834717,0.182137608528137,4,23,20,FALSE,TRUE,TRUE,0.895526936566329
46,1632000,"1994-09-01",63.586734,0.938114806394008,1.03431778130513,1994,9,1,"Fall",0.905499569048063,0.98033506308695,0.455535411834717,0.182137608528137,4,23,20,FALSE,TRUE,TRUE,0.895526936566329
46,1632000,"1994-09-02",60.00771,0.94371429738788,1.00596887604343,1994,9,2,"Fall",0.905499569048063,0.98033506308695,0.455535411834717,0.182137608528137,4,23,20,FALSE,TRUE,TRUE,0.895526936566329
46,1632000,"1994-09-03",54.229608,0.903710673178497,0.957610450196516,1994,9,3,"Fall",0.905499569048063,0.98033506308695,0.455535411834717,0.182137608528137,4,23,20,FALSE,TRUE,TRUE,0.895526936566329
46,1632000,"1994-09-04",48.261694,0.889951002411819,0.984774252230216,1994,9,4,"Fall",0.905499569048063,0.98033506308695,0.455535411834717,0.182137608528137,4,23,20,FALSE,TRUE,TRUE,0.895526936566329
46,1632000,"1994-09-05",42.717587,0.885124069619272,0.994576181408341,1994,9,5,"Fall",0.905499569048063,0.98033506308695,0.455535411834717,0.182137608528137,4,23,20,FALSE,TRUE,TRUE,0.895526936566329
46,1632000,"1994-09-06",37.236115,0.871681141540134,0.984812379935708,1994,9,6,"Fall",0.905499569048063,0.98033506308695,0.455535411834717,0.182137608528137,4,23,20,FALSE,TRUE,TRUE,0.895526936566329
46,1632000,"1994-09-07",31.647775,0.849921507654598,0.975037163420686,1994,9,7,"Fall",0.905499569048063,0.98033506308695,0.455535411834717,0.182137608528137,4,23,20,FALSE,TRUE,TRUE,0.895526936566329
46,1632000,"1994-09-08",26.167591,0.826838253242132,0.972840722108367,1994,9,8,"Fall",0.905499569048063,0.98033506308695,0.455535411834717,0.182137608528137,4,23,20,FALSE,TRUE,TRUE,0.895526936566329
46,1632000,"1994-09-09",21.330605,0.815153561518139,0.985868225522736,1994,9,9,"Fall",0.905499569048063,0.98033506308695,0.455535411834717,0.182137608528137,4,23,20,FALSE,TRUE,TRUE,0.895526936566329
46,1632000,"1994-09-10",18.930784,0.88749400216262,1.08874455570035,1994,9,10,"Fall",0.905499569048063,0.98033506308695,0.455535411834717,0.182137608528137,4,23,20,FALSE,TRUE,TRUE,0.895526936566329
46,1632000,"1994-09-11",18.447188,0.974454518101311,1.09798434212151,1994,9,11,"Fall",0.905499569048063,0.98033506308695,0.455535411834717,0.182137608528137,4,23,20,FALSE,TRUE,TRUE,0.895526936566329
46,1632000,"1994-09-12",17.184523,0.931552440404467,0.955973237437047,1994,9,12,"Fall",0.905499569048063,0.98033506308695,0.455535411834717,0.182137608528137,4,23,20,FALSE,TRUE,TRUE,0.895526936566329
46,1632000,"1994-09-13",15.578283,0.906529846653294,0.97313882432608,1994,9,13,"Fall",0.905499569048063,0.98033506308695,0.455535411834717,0.182137608528137,4,23,20,FALSE,TRUE,TRUE,0.895526936566329
46,1632000,"1994-09-14",14.543003,0.933543382155787,1.02979883740422,1994,9,14,"Fall",0.905499569048063,0.98033506308695,0.455535411834717,0.182137608528137,4,23,20,FALSE,TRUE,TRUE,0.895526936566329
46,1632000,"1994-09-15",13.720964,0.943475291863723,1.01063893751247,1994,9,15,"Fall",0.905499569048063,0.98033506308695,0.455535411834717,0.182137608528137,4,23,20,FALSE,TRUE,TRUE,0.895526936566329
46,1632000,"1994-09-16",13.002449,0.947633781416524,1.00440762952529,1994,9,16,"Fall",0.905499569048063,0.98033506308695,0.455535411834717,0.182137608528137,4,23,20,FALSE,TRUE,TRUE,0.895526936566329
46,1632000,"1994-09-17",12.350265,0.94984144909932,1.00232966334262,1994,9,17,"Fall",0.905499569048063,0.98033506308695,0.455535411834717,0.182137608528137,4,23,20,FALSE,TRUE,TRUE,0.895526936566329
47,1632000,"1994-10-11",8.252178,0.962616590220087,1.00449070322906,1994,10,11,"Fall",0.950711985320121,0.999333893410973,0.303673267364502,3.57627868652344e-07,13,24,12,FALSE,TRUE,TRUE,0.968020624953902
47,1632000,"1994-10-12",7.968245,0.965592962245846,1.00309196003476,1994,10,12,"Fall",0.950711985320121,0.999333893410973,0.303673267364502,3.57627868652344e-07,13,24,12,FALSE,TRUE,TRUE,0.968020624953902
47,1632000,"1994-10-13",7.691653,0.965288215912036,0.999684394619964,1994,10,13,"Fall",0.950711985320121,0.999333893410973,0.303673267364502,3.57627868652344e-07,13,24,12,FALSE,TRUE,TRUE,0.968020624953902
47,1632000,"1994-10-14",7.434252,0.966535021795705,1.00129164104888,1994,10,14,"Fall",0.950711985320121,0.999333893410973,0.303673267364502,3.57627868652344e-07,13,24,12,FALSE,TRUE,TRUE,0.968020624953902
47,1632000,"1994-10-15",7.218906,0.971033266023266,1.00465398989806,1994,10,15,"Fall",0.950711985320121,0.999333893410973,0.303673267364502,3.57627868652344e-07,13,24,12,FALSE,TRUE,TRUE,0.968020624953902
47,1632000,"1994-10-16",7.022962,0.972856828998743,1.00187796138328,1994,10,16,"Fall",0.950711985320121,0.999333893410973,0.303673267364502,3.57627868652344e-07,13,24,12,FALSE,TRUE,TRUE,0.968020624953902
47,1632000,"1994-10-17",6.811158,0.969841215145404,0.996900249077305,1994,10,17,"Fall",0.950711985320121,0.999333893410973,0.303673267364502,3.57627868652344e-07,13,24,12,FALSE,TRUE,TRUE,0.968020624953902
47,1632000,"1994-10-18",6.58347,0.966571323114219,0.996628425375081,1994,10,18,"Fall",0.950711985320121,0.999333893410973,0.303673267364502,3.57627868652344e-07,13,24,12,FALSE,TRUE,TRUE,0.968020624953902
47,1632000,"1994-10-19",6.349587,0.964474205851929,0.997830354354469,1994,10,19,"Fall",0.950711985320121,0.999333893410973,0.303673267364502,3.57627868652344e-07,13,24,12,FALSE,TRUE,TRUE,0.968020624953902
47,1632000,"1994-10-20",6.135734,0.966320171689907,1.00191396081593,1994,10,20,"Fall",0.950711985320121,0.999333893410973,0.303673267364502,3.57627868652344e-07,13,24,12,FALSE,TRUE,TRUE,0.968020624953902
47,1632000,"1994-10-21",5.940685,0.968210975247623,1.00195670504778,1994,10,21,"Fall",0.950711985320121,0.999333893410973,0.303673267364502,3.57627868652344e-07,13,24,12,FALSE,TRUE,TRUE,0.968020624953902
47,1632000,"1994-10-22",5.749425,0.967805059517547,0.999580756941975,1994,10,22,"Fall",0.950711985320121,0.999333893410973,0.303673267364502,3.57627868652344e-07,13,24,12,FALSE,TRUE,TRUE,0.968020624953902
48,1632000,"1994-12-17",106.026145,0.980424058115785,1.02532977163885,1994,12,17,"Winter",0.95298904907319,0.997218972132572,0.350201368331909,0.017023803666234,2,12,11,FALSE,TRUE,TRUE,0.9532084998764
48,1632000,"1994-12-18",104.500089,0.985606795380517,1.00528622000024,1994,12,18,"Winter",0.95298904907319,0.997218972132572,0.350201368331909,0.017023803666234,2,12,11,FALSE,TRUE,TRUE,0.9532084998764
48,1632000,"1994-12-19",99.259843,0.949854147971108,0.96372524258459,1994,12,19,"Winter",0.95298904907319,0.997218972132572,0.350201368331909,0.017023803666234,2,12,11,FALSE,TRUE,TRUE,0.9532084998764
48,1632000,"1994-12-20",93.986092,0.946869238952957,0.996857508045286,1994,12,20,"Winter",0.95298904907319,0.997218972132572,0.350201368331909,0.017023803666234,2,12,11,FALSE,TRUE,TRUE,0.9532084998764
48,1632000,"1994-12-21",89.216376,0.949250831708164,1.00251522877419,1994,12,21,"Winter",0.95298904907319,0.997218972132572,0.350201368331909,0.017023803666234,2,12,11,FALSE,TRUE,TRUE,0.9532084998764
48,1632000,"1994-12-22",85.043078,0.95322273570045,1.00418425126385,1994,12,22,"Winter",0.95298904907319,0.997218972132572,0.350201368331909,0.017023803666234,2,12,11,FALSE,TRUE,TRUE,0.9532084998764
48,1632000,"1994-12-23",81.202887,0.954844167328939,1.00170099974304,1994,12,23,"Winter",0.95298904907319,0.997218972132572,0.350201368331909,0.017023803666234,2,12,11,FALSE,TRUE,TRUE,0.9532084998764
48,1632000,"1994-12-24",77.448974,0.953771187962812,0.998876278032751,1994,12,24,"Winter",0.95298904907319,0.997218972132572,0.350201368331909,0.017023803666234,2,12,11,FALSE,TRUE,TRUE,0.9532084998764
48,1632000,"1994-12-25",73.783108,0.952667339402069,0.998842648452087,1994,12,25,"Winter",0.95298904907319,0.997218972132572,0.350201368331909,0.017023803666234,2,12,11,FALSE,TRUE,TRUE,0.9532084998764
48,1632000,"1994-12-26",70.284678,0.952584946679123,0.999913513647905,1994,12,26,"Winter",0.95298904907319,0.997218972132572,0.350201368331909,0.017023803666234,2,12,11,FALSE,TRUE,TRUE,0.9532084998764
48,1632000,"1994-12-27",66.747574,0.94967460760082,0.996944798373679,1994,12,27,"Winter",0.95298904907319,0.997218972132572,0.350201368331909,0.017023803666234,2,12,11,FALSE,TRUE,TRUE,0.9532084998764
49,1632000,"1995-01-27",246.998583,0.943559791580122,1.02316725910368,1995,1,27,"Winter",0.969536531000858,0.963213412533559,0.626496255397797,0.626496255397797,1,20,20,FALSE,TRUE,TRUE,0.968926583073947
49,1632000,"1995-01-28",236.844631,0.958890646753224,1.01624788943945,1995,1,28,"Winter",0.969536531000858,0.963213412533559,0.626496255397797,0.626496255397797,1,20,20,FALSE,TRUE,TRUE,0.968926583073947
49,1632000,"1995-01-29",228.562596,0.965031780686639,1.00640441530451,1995,1,29,"Winter",0.969536531000858,0.963213412533559,0.626496255397797,0.626496255397797,1,20,20,FALSE,TRUE,TRUE,0.968926583073947
49,1632000,"1995-01-30",220.077787,0.962877526119803,0.997767685365446,1995,1,30,"Winter",0.969536531000858,0.963213412533559,0.626496255397797,0.626496255397797,1,20,20,FALSE,TRUE,TRUE,0.968926583073947
49,1632000,"1995-01-31",216.892776,0.985527794315743,1.02352351943161,1995,1,31,"Winter",0.969536531000858,0.963213412533559,0.626496255397797,0.626496255397797,1,20,20,FALSE,TRUE,TRUE,0.968926583073947
49,1632000,"1995-02-01",217.899632,1.00464218319563,1.01939507844439,1995,2,1,"Winter",0.969536531000858,0.963213412533559,0.626496255397797,0.626496255397797,1,20,20,FALSE,TRUE,TRUE,0.968926583073947
49,1632000,"1995-02-02",220.917112,1.01384802705862,1.00916330611732,1995,2,2,"Winter",0.969536531000858,0.963213412533559,0.626496255397797,0.626496255397797,1,20,20,FALSE,TRUE,TRUE,0.968926583073947
49,1632000,"1995-02-03",220.445316,0.99786437548577,0.984234667182591,1995,2,3,"Winter",0.969536531000858,0.963213412533559,0.626496255397797,0.626496255397797,1,20,20,FALSE,TRUE,TRUE,0.968926583073947
49,1632000,"1995-02-04",209.566488,0.950650672931513,0.952685250907696,1995,2,4,"Winter",0.969536531000858,0.963213412533559,0.626496255397797,0.626496255397797,1,20,20,FALSE,TRUE,TRUE,0.968926583073947
49,1632000,"1995-02-05",197.066755,0.940354332797713,0.989169165470584,1995,2,5,"Winter",0.969536531000858,0.963213412533559,0.626496255397797,0.626496255397797,1,20,20,FALSE,TRUE,TRUE,0.968926583073947
49,1632000,"1995-02-06",187.712634,0.952533236770454,1.01295139879508,1995,2,6,"Winter",0.969536531000858,0.963213412533559,0.626496255397797,0.626496255397797,1,20,20,FALSE,TRUE,TRUE,0.968926583073947
49,1632000,"1995-02-07",179.777786,0.95772874829512,1.00545441494754,1995,2,7,"Winter",0.969536531000858,0.963213412533559,0.626496255397797,0.626496255397797,1,20,20,FALSE,TRUE,TRUE,0.968926583073947
49,1632000,"1995-02-08",172.599913,0.960073637796385,1.00244838583517,1995,2,8,"Winter",0.969536531000858,0.963213412533559,0.626496255397797,0.626496255397797,1,20,20,FALSE,TRUE,TRUE,0.968926583073947
49,1632000,"1995-02-09",165.89381,0.961146544726242,1.0011175256643,1995,2,9,"Winter",0.969536531000858,0.963213412533559,0.626496255397797,0.626496255397797,1,20,20,FALSE,TRUE,TRUE,0.968926583073947
49,1632000,"1995-02-10",159.521914,0.961590513835326,1.00046191614746,1995,2,10,"Winter",0.969536531000858,0.963213412533559,0.626496255397797,0.626496255397797,1,20,20,FALSE,TRUE,TRUE,0.968926583073947
49,1632000,"1995-02-11",158.57905,0.994089439022152,1.03379705261151,1995,2,11,"Winter",0.969536531000858,0.963213412533559,0.626496255397797,0.626496255397797,1,20,20,FALSE,TRUE,TRUE,0.968926583073947
49,1632000,"1995-02-12",155.65688,0.981572786569222,0.987408927243768,1995,2,12,"Winter",0.969536531000858,0.963213412533559,0.626496255397797,0.626496255397797,1,20,20,FALSE,TRUE,TRUE,0.968926583073947
49,1632000,"1995-02-13",146.33728,0.940127285090129,0.957776435893305,1995,2,13,"Winter",0.969536531000858,0.963213412533559,0.626496255397797,0.626496255397797,1,20,20,FALSE,TRUE,TRUE,0.968926583073947
49,1632000,"1995-02-14",138.98105,0.949730991309938,1.01021532549062,1995,2,14,"Winter",0.969536531000858,0.963213412533559,0.626496255397797,0.626496255397797,1,20,20,FALSE,TRUE,TRUE,0.968926583073947
49,1632000,"1995-02-15",133.136319,0.957945842256912,1.008649660822,1995,2,15,"Winter",0.969536531000858,0.963213412533559,0.626496255397797,0.626496255397797,1,20,20,FALSE,TRUE,TRUE,0.968926583073947
50,1632000,"1995-02-21",170.830292,0.943562816737928,1.00826703686635,1995,2,21,"Winter",0.981485834643973,0.313074772202449,0.322299718856812,0.322299718856812,1,15,15,FALSE,TRUE,TRUE,0.984521308820582
50,1632000,"1995-02-22",160.40501,0.938972872562906,0.99513551817261,1995,2,22,"Winter",0.981485834643973,0.313074772202449,0.322299718856812,0.322299718856812,1,15,15,FALSE,TRUE,TRUE,0.984521308820582
50,1632000,"1995-02-23",151.687833,0.945655207402811,1.00711664312694,1995,2,23,"Winter",0.981485834643973,0.313074772202449,0.322299718856812,0.322299718856812,1,15,15,FALSE,TRUE,TRUE,0.984521308820582
50,1632000,"1995-02-24",144.745575,0.954233257455791,1.00907101233708,1995,2,24,"Winter",0.981485834643973,0.313074772202449,0.322299718856812,0.322299718856812,1,15,15,FALSE,TRUE,TRUE,0.984521308820582
50,1632000,"1995-02-25",138.746438,0.958553917796796,1.00452788697863,1995,2,25,"Winter",0.981485834643973,0.313074772202449,0.322299718856812,0.322299718856812,1,15,15,FALSE,TRUE,TRUE,0.984521308820582
50,1632000,"1995-02-26",133.240277,0.960314937958984,1.00183716338694,1995,2,26,"Winter",0.981485834643973,0.313074772202449,0.322299718856812,0.322299718856812,1,15,15,FALSE,TRUE,TRUE,0.984521308820582
50,1632000,"1995-02-27",127.907563,0.959976711846674,0.999647796676964,1995,2,27,"Winter",0.981485834643973,0.313074772202449,0.322299718856812,0.322299718856812,1,15,15,FALSE,TRUE,TRUE,0.984521308820582
50,1632000,"1995-02-28",157.70869,1.23298956137566,1.28439528392705,1995,2,28,"Winter",0.981485834643973,0.313074772202449,0.322299718856812,0.322299718856812,1,15,15,FALSE,TRUE,TRUE,0.984521308820582
50,1632000,"1995-03-01",182.013499,1.15411204671093,0.936027427047537,1995,3,1,"Spring",0.981485834643973,0.313074772202449,0.322299718856812,0.322299718856812,1,15,15,FALSE,TRUE,TRUE,0.984521308820582
50,1632000,"1995-03-02",161.079362,0.88498579987191,0.76681098892781,1995,3,2,"Spring",0.981485834643973,0.313074772202449,0.322299718856812,0.322299718856812,1,15,15,FALSE,TRUE,TRUE,0.984521308820582
50,1632000,"1995-03-03",144.454987,0.89679388598522,1.01334268427247,1995,3,3,"Spring",0.981485834643973,0.313074772202449,0.322299718856812,0.322299718856812,1,15,15,FALSE,TRUE,TRUE,0.984521308820582
50,1632000,"1995-03-04",133.752803,0.925913364278659,1.03247064765774,1995,3,4,"Spring",0.981485834643973,0.313074772202449,0.322299718856812,0.322299718856812,1,15,15,FALSE,TRUE,TRUE,0.984521308820582
50,1632000,"1995-03-05",126.082405,0.942652431740066,1.01807843812088,1995,3,5,"Spring",0.981485834643973,0.313074772202449,0.322299718856812,0.322299718856812,1,15,15,FALSE,TRUE,TRUE,0.984521308820582
50,1632000,"1995-03-06",123.16692,0.976876353207254,1.03630598120244,1995,3,6,"Spring",0.981485834643973,0.313074772202449,0.322299718856812,0.322299718856812,1,15,15,FALSE,TRUE,TRUE,0.984521308820582
50,1632000,"1995-03-07",121.31788,0.984987527495207,1.00830317394962,1995,3,7,"Spring",0.981485834643973,0.313074772202449,0.322299718856812,0.322299718856812,1,15,15,FALSE,TRUE,TRUE,0.984521308820582
51,1632000,"1995-03-16",114.421049,0.941668197899049,0.99934329062741,1995,3,16,"Spring",0.953467257934611,0.97900648142192,0.537603199481964,0.00457999110221863,3,22,20,FALSE,TRUE,TRUE,0.959683627327861
51,1632000,"1995-03-17",107.793923,0.942081233672312,1.00043862134687,1995,3,17,"Spring",0.953467257934611,0.97900648142192,0.537603199481964,0.00457999110221863,3,22,20,FALSE,TRUE,TRUE,0.959683627327861
51,1632000,"1995-03-18",101.659536,0.943091532163645,1.00107241122657,1995,3,18,"Spring",0.953467257934611,0.97900648142192,0.537603199481964,0.00457999110221863,3,22,20,FALSE,TRUE,TRUE,0.959683627327861
51,1632000,"1995-03-19",96.123261,0.945541016437454,1.00259729219304,1995,3,19,"Spring",0.953467257934611,0.97900648142192,0.537603199481964,0.00457999110221863,3,22,20,FALSE,TRUE,TRUE,0.959683627327861
51,1632000,"1995-03-20",90.934341,0.946018061122583,1.00050452035061,1995,3,20,"Spring",0.953467257934611,0.97900648142192,0.537603199481964,0.00457999110221863,3,22,20,FALSE,TRUE,TRUE,0.959683627327861
51,1632000,"1995-03-21",88.258152,0.970570095185492,1.02595302888168,1995,3,21,"Spring",0.953467257934611,0.97900648142192,0.537603199481964,0.00457999110221863,3,22,20,FALSE,TRUE,TRUE,0.959683627327861
51,1632000,"1995-03-22",86.360443,0.978498201503245,1.00816850463154,1995,3,22,"Spring",0.953467257934611,0.97900648142192,0.537603199481964,0.00457999110221863,3,22,20,FALSE,TRUE,TRUE,0.959683627327861
51,1632000,"1995-03-23",85.813765,0.993669810146759,1.015504993898,1995,3,23,"Spring",0.953467257934611,0.97900648142192,0.537603199481964,0.00457999110221863,3,22,20,FALSE,TRUE,TRUE,0.959683627327861
51,1632000,"1995-03-24",85.750585,0.999263754480415,1.00562958064795,1995,3,24,"Spring",0.953467257934611,0.97900648142192,0.537603199481964,0.00457999110221863,3,22,20,FALSE,TRUE,TRUE,0.959683627327861
51,1632000,"1995-03-25",82.300298,0.959763691408053,0.960470833756098,1995,3,25,"Spring",0.953467257934611,0.97900648142192,0.537603199481964,0.00457999110221863,3,22,20,FALSE,TRUE,TRUE,0.959683627327861
51,1632000,"1995-03-26",78.16756,0.949784653270636,0.989602609239388,1995,3,26,"Spring",0.953467257934611,0.97900648142192,0.537603199481964,0.00457999110221863,3,22,20,FALSE,TRUE,TRUE,0.959683627327861
51,1632000,"1995-03-27",74.23756,0.949723389088773,0.99993549676587,1995,3,27,"Spring",0.953467257934611,0.97900648142192,0.537603199481964,0.00457999110221863,3,22,20,FALSE,TRUE,TRUE,0.959683627327861
51,1632000,"1995-03-28",71.081183,0.95748274862482,1.00817012577051,1995,3,28,"Spring",0.953467257934611,0.97900648142192,0.537603199481964,0.00457999110221863,3,22,20,FALSE,TRUE,TRUE,0.959683627327861
51,1632000,"1995-03-29",67.932442,0.955702186329679,0.998140371408573,1995,3,29,"Spring",0.953467257934611,0.97900648142192,0.537603199481964,0.00457999110221863,3,22,20,FALSE,TRUE,TRUE,0.959683627327861
51,1632000,"1995-03-30",64.503839,0.949529224932029,0.993540915270523,1995,3,30,"Spring",0.953467257934611,0.97900648142192,0.537603199481964,0.00457999110221863,3,22,20,FALSE,TRUE,TRUE,0.959683627327861
51,1632000,"1995-03-31",61.519054,0.953727017705101,1.00442092003369,1995,3,31,"Spring",0.953467257934611,0.97900648142192,0.537603199481964,0.00457999110221863,3,22,20,FALSE,TRUE,TRUE,0.959683627327861
51,1632000,"1995-04-01",58.364658,0.948724894241709,0.994755183222734,1995,4,1,"Spring",0.953467257934611,0.97900648142192,0.537603199481964,0.00457999110221863,3,22,20,FALSE,TRUE,TRUE,0.959683627327861
51,1632000,"1995-04-02",55.033869,0.942931405509135,0.993893394420514,1995,4,2,"Spring",0.953467257934611,0.97900648142192,0.537603199481964,0.00457999110221863,3,22,20,FALSE,TRUE,TRUE,0.959683627327861
51,1632000,"1995-04-03",51.756517,0.940448453660418,0.997366773622969,1995,4,3,"Spring",0.953467257934611,0.97900648142192,0.537603199481964,0.00457999110221863,3,22,20,FALSE,TRUE,TRUE,0.959683627327861
51,1632000,"1995-04-04",48.414715,0.935432247111992,0.994666154717037,1995,4,4,"Spring",0.953467257934611,0.97900648142192,0.537603199481964,0.00457999110221863,3,22,20,FALSE,TRUE,TRUE,0.959683627327861
53,1632000,"1995-08-27",16.792203,0.935159980760174,1.01884263253735,1995,8,27,"Summer",0.914835377424574,0.999864924938475,0.558350920677185,2.02655792236328e-06,13,28,16,FALSE,TRUE,TRUE,0.944383422662325
53,1632000,"1995-08-28",15.807234,0.941343670035432,1.00661244001292,1995,8,28,"Summer",0.914835377424574,0.999864924938475,0.558350920677185,2.02655792236328e-06,13,28,16,FALSE,TRUE,TRUE,0.944383422662325
53,1632000,"1995-08-29",14.920618,0.94391074365066,1.00272703126068,1995,8,29,"Summer",0.914835377424574,0.999864924938475,0.558350920677185,2.02655792236328e-06,13,28,16,FALSE,TRUE,TRUE,0.944383422662325
53,1632000,"1995-08-30",14.099266,0.944951877998619,1.00110300084511,1995,8,30,"Summer",0.914835377424574,0.999864924938475,0.558350920677185,2.02655792236328e-06,13,28,16,FALSE,TRUE,TRUE,0.944383422662325
53,1632000,"1995-08-31",13.316971,0.94451519674854,0.999537879906642,1995,8,31,"Summer",0.914835377424574,0.999864924938475,0.558350920677185,2.02655792236328e-06,13,28,16,FALSE,TRUE,TRUE,0.944383422662325
53,1632000,"1995-09-01",12.563044,0.943385999714199,0.998804469172939,1995,9,1,"Fall",0.914835377424574,0.999864924938475,0.558350920677185,2.02655792236328e-06,13,28,16,FALSE,TRUE,TRUE,0.944383422662325
53,1632000,"1995-09-02",11.852271,0.943423504685648,1.0000397557007,1995,9,2,"Fall",0.914835377424574,0.999864924938475,0.558350920677185,2.02655792236328e-06,13,28,16,FALSE,TRUE,TRUE,0.944383422662325
53,1632000,"1995-09-03",11.214019,0.94614939196041,1.00288935696559,1995,9,3,"Fall",0.914835377424574,0.999864924938475,0.558350920677185,2.02655792236328e-06,13,28,16,FALSE,TRUE,TRUE,0.944383422662325
53,1632000,"1995-09-04",10.628867,0.947819599734939,1.00176526855983,1995,9,4,"Fall",0.914835377424574,0.999864924938475,0.558350920677185,2.02655792236328e-06,13,28,16,FALSE,TRUE,TRUE,0.944383422662325
53,1632000,"1995-09-05",10.064875,0.946937712175719,0.999069561803252,1995,9,5,"Fall",0.914835377424574,0.999864924938475,0.558350920677185,2.02655792236328e-06,13,28,16,FALSE,TRUE,TRUE,0.944383422662325
53,1632000,"1995-09-06",9.512115,0.945080291608192,0.9980384976291,1995,9,6,"Fall",0.914835377424574,0.999864924938475,0.558350920677185,2.02655792236328e-06,13,28,16,FALSE,TRUE,TRUE,0.944383422662325
53,1632000,"1995-09-07",8.968396,0.942839315967059,0.997628798673476,1995,9,7,"Fall",0.914835377424574,0.999864924938475,0.558350920677185,2.02655792236328e-06,13,28,16,FALSE,TRUE,TRUE,0.944383422662325
53,1632000,"1995-09-08",8.439873,0.94106828021421,0.998121593231364,1995,9,8,"Fall",0.914835377424574,0.999864924938475,0.558350920677185,2.02655792236328e-06,13,28,16,FALSE,TRUE,TRUE,0.944383422662325
53,1632000,"1995-09-09",7.936748,0.940387136157144,0.999276201237054,1995,9,9,"Fall",0.914835377424574,0.999864924938475,0.558350920677185,2.02655792236328e-06,13,28,16,FALSE,TRUE,TRUE,0.944383422662325
53,1632000,"1995-09-10",7.484499,0.943018349580962,1.00279801086452,1995,9,10,"Fall",0.914835377424574,0.999864924938475,0.558350920677185,2.02655792236328e-06,13,28,16,FALSE,TRUE,TRUE,0.944383422662325
53,1632000,"1995-09-11",7.092529,0.947629093143041,1.00488934660087,1995,9,11,"Fall",0.914835377424574,0.999864924938475,0.558350920677185,2.02655792236328e-06,13,28,16,FALSE,TRUE,TRUE,0.944383422662325
54,1632000,"1996-04-09",281.341889,0.940144750041603,1.02084851524507,1996,4,9,"Spring",0.956717683061208,0.945378611951697,0.469063282012939,0.469063282012939,1,25,25,FALSE,TRUE,TRUE,0.959934612089661
54,1632000,"1996-04-10",267.053907,0.949214878556531,1.00964758726199,1996,4,10,"Spring",0.956717683061208,0.945378611951697,0.469063282012939,0.469063282012939,1,25,25,FALSE,TRUE,TRUE,0.959934612089661
54,1632000,"1996-04-11",254.967272,0.954740841893019,1.00582161474849,1996,4,11,"Spring",0.956717683061208,0.945378611951697,0.469063282012939,0.469063282012939,1,25,25,FALSE,TRUE,TRUE,0.959934612089661
54,1632000,"1996-04-12",243.799782,0.956200300091849,1.001528643308,1996,4,12,"Spring",0.956717683061208,0.945378611951697,0.469063282012939,0.469063282012939,1,25,25,FALSE,TRUE,TRUE,0.959934612089661
54,1632000,"1996-04-13",232.650559,0.954268937779444,0.997980169727808,1996,4,13,"Spring",0.956717683061208,0.945378611951697,0.469063282012939,0.469063282012939,1,25,25,FALSE,TRUE,TRUE,0.959934612089661
54,1632000,"1996-04-14",221.436386,0.951798211669029,0.997410870235215,1996,4,14,"Spring",0.956717683061208,0.945378611951697,0.469063282012939,0.469063282012939,1,25,25,FALSE,TRUE,TRUE,0.959934612089661
54,1632000,"1996-04-15",210.526333,0.950730531702229,0.998878249660789,1996,4,15,"Spring",0.956717683061208,0.945378611951697,0.469063282012939,0.469063282012939,1,25,25,FALSE,TRUE,TRUE,0.959934612089661
54,1632000,"1996-04-16",211.512149,1.0046826256172,1.05674803965575,1996,4,16,"Spring",0.956717683061208,0.945378611951697,0.469063282012939,0.469063282012939,1,25,25,FALSE,TRUE,TRUE,0.959934612089661
54,1632000,"1996-04-17",210.72621,0.996284189803206,0.991640707622638,1996,4,17,"Spring",0.956717683061208,0.945378611951697,0.469063282012939,0.469063282012939,1,25,25,FALSE,TRUE,TRUE,0.959934612089661
54,1632000,"1996-04-18",197.916734,0.939212706383321,0.94271565884112,1996,4,18,"Spring",0.956717683061208,0.945378611951697,0.469063282012939,0.469063282012939,1,25,25,FALSE,TRUE,TRUE,0.959934612089661
54,1632000,"1996-04-19",187.33298,0.946524208508817,1.00778471380956,1996,4,19,"Spring",0.956717683061208,0.945378611951697,0.469063282012939,0.469063282012939,1,25,25,FALSE,TRUE,TRUE,0.959934612089661
54,1632000,"1996-04-20",177.883231,0.949556404857276,1.00320350638811,1996,4,20,"Spring",0.956717683061208,0.945378611951697,0.469063282012939,0.469063282012939,1,25,25,FALSE,TRUE,TRUE,0.959934612089661
54,1632000,"1996-04-21",168.473942,0.947104125852088,0.997417447775989,1996,4,21,"Spring",0.956717683061208,0.945378611951697,0.469063282012939,0.469063282012939,1,25,25,FALSE,TRUE,TRUE,0.959934612089661
54,1632000,"1996-04-22",158.962723,0.943544865828568,0.996241954895596,1996,4,22,"Spring",0.956717683061208,0.945378611951697,0.469063282012939,0.469063282012939,1,25,25,FALSE,TRUE,TRUE,0.959934612089661
54,1632000,"1996-04-23",149.515749,0.940571136290865,0.996848343258068,1996,4,23,"Spring",0.956717683061208,0.945378611951697,0.469063282012939,0.469063282012939,1,25,25,FALSE,TRUE,TRUE,0.959934612089661
54,1632000,"1996-04-24",140.683729,0.940929165930206,1.00038065131443,1996,4,24,"Spring",0.956717683061208,0.945378611951697,0.469063282012939,0.469063282012939,1,25,25,FALSE,TRUE,TRUE,0.959934612089661
54,1632000,"1996-04-25",132.963684,0.945124819658427,1.00445905375255,1996,4,25,"Spring",0.956717683061208,0.945378611951697,0.469063282012939,0.469063282012939,1,25,25,FALSE,TRUE,TRUE,0.959934612089661
54,1632000,"1996-04-26",125.597475,0.944599842766089,0.999444542264241,1996,4,26,"Spring",0.956717683061208,0.945378611951697,0.469063282012939,0.469063282012939,1,25,25,FALSE,TRUE,TRUE,0.959934612089661
54,1632000,"1996-04-27",118.548303,0.943874890796969,0.999232530076442,1996,4,27,"Spring",0.956717683061208,0.945378611951697,0.469063282012939,0.469063282012939,1,25,25,FALSE,TRUE,TRUE,0.959934612089661
54,1632000,"1996-04-28",111.920039,0.944088073534043,1.00022585910395,1996,4,28,"Spring",0.956717683061208,0.945378611951697,0.469063282012939,0.469063282012939,1,25,25,FALSE,TRUE,TRUE,0.959934612089661
54,1632000,"1996-04-29",105.440826,0.942108553053667,0.997903245962036,1996,4,29,"Spring",0.956717683061208,0.945378611951697,0.469063282012939,0.469063282012939,1,25,25,FALSE,TRUE,TRUE,0.959934612089661
54,1632000,"1996-04-30",116.406995,1.10400306424003,1.1718427358096,1996,4,30,"Spring",0.956717683061208,0.945378611951697,0.469063282012939,0.469063282012939,1,25,25,FALSE,TRUE,TRUE,0.959934612089661
54,1632000,"1996-05-01",128.84332,1.10683485988106,1.00256502516411,1996,5,1,"Spring",0.956717683061208,0.945378611951697,0.469063282012939,0.469063282012939,1,25,25,FALSE,TRUE,TRUE,0.959934612089661
54,1632000,"1996-05-02",123.409949,0.95782962593637,0.865377176536796,1996,5,2,"Spring",0.956717683061208,0.945378611951697,0.469063282012939,0.469063282012939,1,25,25,FALSE,TRUE,TRUE,0.959934612089661
54,1632000,"1996-05-03",116.322179,0.942567272270731,0.984065690544163,1996,5,3,"Spring",0.956717683061208,0.945378611951697,0.469063282012939,0.469063282012939,1,25,25,FALSE,TRUE,TRUE,0.959934612089661
55,1632000,"1996-10-27",145.259933,0.942178536234227,1.01449676336649,1996,10,27,"Fall",0.945141729445943,0.999860782779064,0.37269139289856,0.00255703926086426,5,16,12,FALSE,TRUE,TRUE,0.950970219434272
55,1632000,"1996-10-28",137.862878,0.949077114058699,1.00732194330391,1996,10,28,"Fall",0.945141729445943,0.999860782779064,0.37269139289856,0.00255703926086426,5,16,12,FALSE,TRUE,TRUE,0.950970219434272
55,1632000,"1996-10-29",131.145396,0.951274178390502,1.00231494817361,1996,10,29,"Fall",0.945141729445943,0.999860782779064,0.37269139289856,0.00255703926086426,5,16,12,FALSE,TRUE,TRUE,0.950970219434272
55,1632000,"1996-10-30",124.77556,0.95142920610038,1.00016296848311,1996,10,30,"Fall",0.945141729445943,0.999860782779064,0.37269139289856,0.00255703926086426,5,16,12,FALSE,TRUE,TRUE,0.950970219434272
55,1632000,"1996-10-31",118.562405,0.950205352714907,0.998713668470942,1996,10,31,"Fall",0.945141729445943,0.999860782779064,0.37269139289856,0.00255703926086426,5,16,12,FALSE,TRUE,TRUE,0.950970219434272
55,1632000,"1996-11-01",112.61485,0.949836079995172,0.999611375879246,1996,11,1,"Fall",0.945141729445943,0.999860782779064,0.37269139289856,0.00255703926086426,5,16,12,FALSE,TRUE,TRUE,0.950970219434272
55,1632000,"1996-11-02",107.052221,0.950604835863121,1.00080935635542,1996,11,2,"Fall",0.945141729445943,0.999860782779064,0.37269139289856,0.00255703926086426,5,16,12,FALSE,TRUE,TRUE,0.950970219434272
55,1632000,"1996-11-03",101.898835,0.951861008096226,1.00132144523751,1996,11,3,"Fall",0.945141729445943,0.999860782779064,0.37269139289856,0.00255703926086426,5,16,12,FALSE,TRUE,TRUE,0.950970219434272
55,1632000,"1996-11-04",97.182143,0.953712012507307,1.00194461627836,1996,11,4,"Fall",0.945141729445943,0.999860782779064,0.37269139289856,0.00255703926086426,5,16,12,FALSE,TRUE,TRUE,0.950970219434272
55,1632000,"1996-11-05",92.615472,0.953009155190167,0.99926302981621,1996,11,5,"Fall",0.945141729445943,0.999860782779064,0.37269139289856,0.00255703926086426,5,16,12,FALSE,TRUE,TRUE,0.950970219434272
55,1632000,"1996-11-06",87.943946,0.949559982807192,0.996380756297891,1996,11,6,"Fall",0.945141729445943,0.999860782779064,0.37269139289856,0.00255703926086426,5,16,12,FALSE,TRUE,TRUE,0.950970219434272
55,1632000,"1996-11-07",83.107634,0.945006879723136,0.995205039000701,1996,11,7,"Fall",0.945141729445943,0.999860782779064,0.37269139289856,0.00255703926086426,5,16,12,FALSE,TRUE,TRUE,0.950970219434272
56,1632000,"1997-01-02",188.161849,0.957829389548434,1.00404711804681,1997,1,2,"Winter",0.954113771842902,0.999972740193501,0.465512275695801,1.43051147460938e-06,7,15,9,FALSE,TRUE,TRUE,0.958371311182432
56,1632000,"1997-01-03",180.525718,0.959417219587378,1.00165773785631,1997,1,3,"Winter",0.954113771842902,0.999972740193501,0.465512275695801,1.43051147460938e-06,7,15,9,FALSE,TRUE,TRUE,0.958371311182432
56,1632000,"1997-01-04",173.117807,0.958964788607017,0.99952843145701,1997,1,4,"Winter",0.954113771842902,0.999972740193501,0.465512275695801,1.43051147460938e-06,7,15,9,FALSE,TRUE,TRUE,0.958371311182432
56,1632000,"1997-01-05",165.782377,0.957627524706341,0.998605513031799,1997,1,5,"Winter",0.954113771842902,0.999972740193501,0.465512275695801,1.43051147460938e-06,7,15,9,FALSE,TRUE,TRUE,0.958371311182432
56,1632000,"1997-01-06",158.758559,0.957632300084586,1.00000498667605,1997,1,6,"Winter",0.954113771842902,0.999972740193501,0.465512275695801,1.43051147460938e-06,7,15,9,FALSE,TRUE,TRUE,0.958371311182432
56,1632000,"1997-01-07",152.138145,0.958298853040106,1.00069604268304,1997,1,7,"Winter",0.954113771842902,0.999972740193501,0.465512275695801,1.43051147460938e-06,7,15,9,FALSE,TRUE,TRUE,0.958371311182432
56,1632000,"1997-01-08",145.823935,0.958496864806653,1.00020662840816,1997,1,8,"Winter",0.954113771842902,0.999972740193501,0.465512275695801,1.43051147460938e-06,7,15,9,FALSE,TRUE,TRUE,0.958371311182432
56,1632000,"1997-01-09",139.814604,0.958790503081679,1.00030635288002,1997,1,9,"Winter",0.954113771842902,0.999972740193501,0.465512275695801,1.43051147460938e-06,7,15,9,FALSE,TRUE,TRUE,0.958371311182432
56,1632000,"1997-01-10",134.078788,0.958975558805002,1.00019300954977,1997,1,10,"Winter",0.954113771842902,0.999972740193501,0.465512275695801,1.43051147460938e-06,7,15,9,FALSE,TRUE,TRUE,0.958371311182432
57,1632000,"1997-08-26",45.164549,0.874133860465282,1.03091190160594,1997,8,26,"Summer",0.837958228033955,0.975565728836368,0.502158164978027,0.198210597038269,2,14,13,FALSE,TRUE,TRUE,0.822924326551669
57,1632000,"1997-08-27",40.327394,0.892899295861451,1.02146746195849,1997,8,27,"Summer",0.837958228033955,0.975565728836368,0.502158164978027,0.198210597038269,2,14,13,FALSE,TRUE,TRUE,0.822924326551669
57,1632000,"1997-08-28",35.031064,0.868666693414407,0.972860766539563,1997,8,28,"Summer",0.837958228033955,0.975565728836368,0.502158164978027,0.198210597038269,2,14,13,FALSE,TRUE,TRUE,0.822924326551669
57,1632000,"1997-08-29",29.662452,0.846747104227265,0.974766398489409,1997,8,29,"Summer",0.837958228033955,0.975565728836368,0.502158164978027,0.198210597038269,2,14,13,FALSE,TRUE,TRUE,0.822924326551669
57,1632000,"1997-08-30",24.498248,0.825900974066473,0.975380925359271,1997,8,30,"Summer",0.837958228033955,0.975565728836368,0.502158164978027,0.198210597038269,2,14,13,FALSE,TRUE,TRUE,0.822924326551669
57,1632000,"1997-08-31",18.955866,0.773764148358691,0.936872788209612,1997,8,31,"Summer",0.837958228033955,0.975565728836368,0.502158164978027,0.198210597038269,2,14,13,FALSE,TRUE,TRUE,0.822924326551669
57,1632000,"1997-09-01",13.724116,0.724003640878238,0.935690342353022,1997,9,1,"Fall",0.837958228033955,0.975565728836368,0.502158164978027,0.198210597038269,2,14,13,FALSE,TRUE,TRUE,0.822924326551669
57,1632000,"1997-09-02",10.230545,0.74544291231581,1.02961210445235,1997,9,2,"Fall",0.837958228033955,0.975565728836368,0.502158164978027,0.198210597038269,2,14,13,FALSE,TRUE,TRUE,0.822924326551669
57,1632000,"1997-09-03",8.409821,0.82203059563298,1.10274117850184,1997,9,3,"Fall",0.837958228033955,0.975565728836368,0.502158164978027,0.198210597038269,2,14,13,FALSE,TRUE,TRUE,0.822924326551669
57,1632000,"1997-09-04",7.330146,0.871617362604983,1.06032228877542,1997,9,4,"Fall",0.837958228033955,0.975565728836368,0.502158164978027,0.198210597038269,2,14,13,FALSE,TRUE,TRUE,0.822924326551669
57,1632000,"1997-09-05",6.628508,0.904280487728348,1.03747415612023,1997,9,5,"Fall",0.837958228033955,0.975565728836368,0.502158164978027,0.198210597038269,2,14,13,FALSE,TRUE,TRUE,0.822924326551669
57,1632000,"1997-09-06",6.113149,0.922251131023754,1.01987286416027,1997,9,6,"Fall",0.837958228033955,0.975565728836368,0.502158164978027,0.198210597038269,2,14,13,FALSE,TRUE,TRUE,0.822924326551669
57,1632000,"1997-09-07",5.690579,0.930875233042741,1.00935114279493,1997,9,7,"Fall",0.837958228033955,0.975565728836368,0.502158164978027,0.198210597038269,2,14,13,FALSE,TRUE,TRUE,0.822924326551669
58,1632000,"1997-10-06",52.222676,0.890411600742301,1.01776375273931,1997,10,6,"Fall",0.910402026761662,0.929059108586767,0.495366334915161,0.495366334915161,1,18,18,FALSE,TRUE,TRUE,0.914065625196842
58,1632000,"1997-10-07",46.73968,0.89500737189339,1.00516140080302,1997,10,7,"Fall",0.910402026761662,0.929059108586767,0.495366334915161,0.495366334915161,1,18,18,FALSE,TRUE,TRUE,0.914065625196842
58,1632000,"1997-10-08",41.771893,0.893713713915029,0.998554583996751,1997,10,8,"Fall",0.910402026761662,0.929059108586767,0.495366334915161,0.495366334915161,1,18,18,FALSE,TRUE,TRUE,0.914065625196842
58,1632000,"1997-10-09",37.161785,0.889636124462925,0.995437476913898,1997,10,9,"Fall",0.910402026761662,0.929059108586767,0.495366334915161,0.495366334915161,1,18,18,FALSE,TRUE,TRUE,0.914065625196842
58,1632000,"1997-10-10",32.772715,0.881892917684121,0.991296209128784,1997,10,10,"Fall",0.910402026761662,0.929059108586767,0.495366334915161,0.495366334915161,1,18,18,FALSE,TRUE,TRUE,0.914065625196842
58,1632000,"1997-10-11",28.594205,0.872500340603456,0.989349526578204,1997,10,11,"Fall",0.910402026761662,0.929059108586767,0.495366334915161,0.495366334915161,1,18,18,FALSE,TRUE,TRUE,0.914065625196842
58,1632000,"1997-10-12",24.820368,0.868020915426745,0.994865990340344,1997,10,12,"Fall",0.910402026761662,0.929059108586767,0.495366334915161,0.495366334915161,1,18,18,FALSE,TRUE,TRUE,0.914065625196842
58,1632000,"1997-10-13",21.402503,0.862295957900382,0.993404585736799,1997,10,13,"Fall",0.910402026761662,0.929059108586767,0.495366334915161,0.495366334915161,1,18,18,FALSE,TRUE,TRUE,0.914065625196842
58,1632000,"1997-10-14",18.096708,0.845541663982012,0.980570135155027,1997,10,14,"Fall",0.910402026761662,0.929059108586767,0.495366334915161,0.495366334915161,1,18,18,FALSE,TRUE,TRUE,0.914065625196842
58,1632000,"1997-10-15",16.171677,0.893625348875608,1.05686731587791,1997,10,15,"Fall",0.910402026761662,0.929059108586767,0.495366334915161,0.495366334915161,1,18,18,FALSE,TRUE,TRUE,0.914065625196842
58,1632000,"1997-10-16",15.260353,0.943646908109777,1.05597598512297,1997,10,16,"Fall",0.910402026761662,0.929059108586767,0.495366334915161,0.495366334915161,1,18,18,FALSE,TRUE,TRUE,0.914065625196842
58,1632000,"1997-10-17",14.250971,0.933855920633029,0.989624310329844,1997,10,17,"Fall",0.910402026761662,0.929059108586767,0.495366334915161,0.495366334915161,1,18,18,FALSE,TRUE,TRUE,0.914065625196842
58,1632000,"1997-10-18",14.690264,1.03082547848845,1.10383781449893,1997,10,18,"Fall",0.910402026761662,0.929059108586767,0.495366334915161,0.495366334915161,1,18,18,FALSE,TRUE,TRUE,0.914065625196842
58,1632000,"1997-10-19",15.32642,1.04330459956336,1.01210594939233,1997,10,19,"Fall",0.910402026761662,0.929059108586767,0.495366334915161,0.495366334915161,1,18,18,FALSE,TRUE,TRUE,0.914065625196842
58,1632000,"1997-10-20",14.744333,0.962020680628614,0.922089944807334,1997,10,20,"Fall",0.910402026761662,0.929059108586767,0.495366334915161,0.495366334915161,1,18,18,FALSE,TRUE,TRUE,0.914065625196842
58,1632000,"1997-10-21",13.77024,0.933934413988073,0.970804924253615,1997,10,21,"Fall",0.910402026761662,0.929059108586767,0.495366334915161,0.495366334915161,1,18,18,FALSE,TRUE,TRUE,0.914065625196842
58,1632000,"1997-10-22",12.286742,0.892267818135341,0.955385950845512,1997,10,22,"Fall",0.910402026761662,0.929059108586767,0.495366334915161,0.495366334915161,1,18,18,FALSE,TRUE,TRUE,0.914065625196842
58,1632000,"1997-10-23",10.650956,0.866865764740564,0.971530909354253,1997,10,23,"Fall",0.910402026761662,0.929059108586767,0.495366334915161,0.495366334915161,1,18,18,FALSE,TRUE,TRUE,0.914065625196842
59,1632000,"1998-05-22",169.341845,0.924570910190888,1.0109164536069,1998,5,22,"Spring",0.908703075422923,0.955539531995015,0.371093332767487,0.000274231104413047,2,11,10,FALSE,TRUE,TRUE,0.947381893914407
59,1632000,"1998-05-23",157.87457,0.932283275879036,1.00834156212697,1998,5,23,"Spring",0.908703075422923,0.955539531995015,0.371093332767487,0.000274231104413047,2,11,10,FALSE,TRUE,TRUE,0.947381893914407
59,1632000,"1998-05-24",148.403969,0.940011865115452,1.00828995803784,1998,5,24,"Spring",0.908703075422923,0.955539531995015,0.371093332767487,0.000274231104413047,2,11,10,FALSE,TRUE,TRUE,0.947381893914407
59,1632000,"1998-05-25",147.544897,0.994211259942785,1.05765820287883,1998,5,25,"Spring",0.908703075422923,0.955539531995015,0.371093332767487,0.000274231104413047,2,11,10,FALSE,TRUE,TRUE,0.947381893914407
59,1632000,"1998-05-26",143.076974,0.969718213975235,0.975364344627359,1998,5,26,"Spring",0.908703075422923,0.955539531995015,0.371093332767487,0.000274231104413047,2,11,10,FALSE,TRUE,TRUE,0.947381893914407
59,1632000,"1998-05-27",134.937792,0.943113264332806,0.972564246748171,1998,5,27,"Spring",0.908703075422923,0.955539531995015,0.371093332767487,0.000274231104413047,2,11,10,FALSE,TRUE,TRUE,0.947381893914407
59,1632000,"1998-05-28",129.248855,0.957840298735583,1.01561534012905,1998,5,28,"Spring",0.908703075422923,0.955539531995015,0.371093332767487,0.000274231104413047,2,11,10,FALSE,TRUE,TRUE,0.947381893914407
59,1632000,"1998-05-29",119.776412,0.926711590597843,0.967501150057236,1998,5,29,"Spring",0.908703075422923,0.955539531995015,0.371093332767487,0.000274231104413047,2,11,10,FALSE,TRUE,TRUE,0.947381893914407
59,1632000,"1998-05-30",109.982825,0.918234426658231,0.990852424825998,1998,5,30,"Spring",0.908703075422923,0.955539531995015,0.371093332767487,0.000274231104413047,2,11,10,FALSE,TRUE,TRUE,0.947381893914407
59,1632000,"1998-05-31",98.671554,0.897154205668021,0.977042658848103,1998,5,31,"Spring",0.908703075422923,0.955539531995015,0.371093332767487,0.000274231104413047,2,11,10,FALSE,TRUE,TRUE,0.947381893914407
60,1632000,"1998-07-26",8.310433,0.940602517899096,1.00274161261718,1998,7,26,"Summer",0.950326238078026,0.980678718186929,0.443421363830566,0.000188469886779785,15,28,14,FALSE,TRUE,TRUE,0.959467714364553
60,1632000,"1998-07-27",7.854332,0.945117059484145,1.00479962736559,1998,7,27,"Summer",0.950326238078026,0.980678718186929,0.443421363830566,0.000188469886779785,15,28,14,FALSE,TRUE,TRUE,0.959467714364553
60,1632000,"1998-07-28",7.456773,0.949383473986075,1.00451416515988,1998,7,28,"Summer",0.950326238078026,0.980678718186929,0.443421363830566,0.000188469886779785,15,28,14,FALSE,TRUE,TRUE,0.959467714364553
60,1632000,"1998-07-29",7.091619,0.951030559734083,1.00173490037813,1998,7,29,"Summer",0.950326238078026,0.980678718186929,0.443421363830566,0.000188469886779785,15,28,14,FALSE,TRUE,TRUE,0.959467714364553
60,1632000,"1998-07-30",6.767142,0.95424500385596,1.00337995881307,1998,7,30,"Summer",0.950326238078026,0.980678718186929,0.443421363830566,0.000188469886779785,15,28,14,FALSE,TRUE,TRUE,0.959467714364553
60,1632000,"1998-07-31",6.756822,0.998474983974032,1.04635075891343,1998,7,31,"Summer",0.950326238078026,0.980678718186929,0.443421363830566,0.000188469886779785,15,28,14,FALSE,TRUE,TRUE,0.959467714364553
60,1632000,"1998-08-01",6.740265,0.997549587661182,0.999073190287485,1998,8,1,"Summer",0.950326238078026,0.980678718186929,0.443421363830566,0.000188469886779785,15,28,14,FALSE,TRUE,TRUE,0.959467714364553
60,1632000,"1998-08-02",6.411193,0.95117818067984,0.953514684828789,1998,8,2,"Summer",0.950326238078026,0.980678718186929,0.443421363830566,0.000188469886779785,15,28,14,FALSE,TRUE,TRUE,0.959467714364553
60,1632000,"1998-08-03",6.070322,0.946831892285882,0.995430626477521,1998,8,3,"Summer",0.950326238078026,0.980678718186929,0.443421363830566,0.000188469886779785,15,28,14,FALSE,TRUE,TRUE,0.959467714364553
60,1632000,"1998-08-04",5.753236,0.947764550216611,1.00098503011815,1998,8,4,"Summer",0.950326238078026,0.980678718186929,0.443421363830566,0.000188469886779785,15,28,14,FALSE,TRUE,TRUE,0.959467714364553
60,1632000,"1998-08-05",5.461426,0.949278979690734,1.00159789630639,1998,8,5,"Summer",0.950326238078026,0.980678718186929,0.443421363830566,0.000188469886779785,15,28,14,FALSE,TRUE,TRUE,0.959467714364553
60,1632000,"1998-08-06",5.189401,0.950191580001267,1.00096136154919,1998,8,6,"Summer",0.950326238078026,0.980678718186929,0.443421363830566,0.000188469886779785,15,28,14,FALSE,TRUE,TRUE,0.959467714364553
60,1632000,"1998-08-07",4.93343,0.950674268571652,1.00050799078896,1998,8,7,"Summer",0.950326238078026,0.980678718186929,0.443421363830566,0.000188469886779785,15,28,14,FALSE,TRUE,TRUE,0.959467714364553
60,1632000,"1998-08-08",4.690012,0.950659480320994,0.999984444461003,1998,8,8,"Summer",0.950326238078026,0.980678718186929,0.443421363830566,0.000188469886779785,15,28,14,FALSE,TRUE,TRUE,0.959467714364553
61,1632000,"1998-09-21",4.247893,0.989807844750974,0.982430933319486,1998,9,21,"Fall",0.992575742135086,0.00613326859488271,0.438669919967651,0.438669919967651,1,43,43,FALSE,TRUE,TRUE,0.994460798399689
61,1632000,"1998-09-22",4.046622,0.952618627634924,0.962427841612625,1998,9,22,"Fall",0.992575742135086,0.00613326859488271,0.438669919967651,0.438669919967651,1,43,43,FALSE,TRUE,TRUE,0.994460798399689
61,1632000,"1998-09-23",4.006147,0.989997830289066,1.03923837049769,1998,9,23,"Fall",0.992575742135086,0.00613326859488271,0.438669919967651,0.438669919967651,1,43,43,FALSE,TRUE,TRUE,0.994460798399689
61,1632000,"1998-09-24",3.839586,0.958423642467438,0.968106811090274,1998,9,24,"Fall",0.992575742135086,0.00613326859488271,0.438669919967651,0.438669919967651,1,43,43,FALSE,TRUE,TRUE,0.994460798399689
61,1632000,"1998-09-25",3.607387,0.9395249904547,0.980281525647589,1998,9,25,"Fall",0.992575742135086,0.00613326859488271,0.438669919967651,0.438669919967651,1,43,43,FALSE,TRUE,TRUE,0.994460798399689
61,1632000,"1998-09-26",3.397716,0.941877320065743,1.00250374352459,1998,9,26,"Fall",0.992575742135086,0.00613326859488271,0.438669919967651,0.438669919967651,1,43,43,FALSE,TRUE,TRUE,0.994460798399689
61,1632000,"1998-09-27",3.219054,0.947417029557503,1.00588156161502,1998,9,27,"Fall",0.992575742135086,0.00613326859488271,0.438669919967651,0.438669919967651,1,43,43,FALSE,TRUE,TRUE,0.994460798399689
61,1632000,"1998-09-28",3.066155,0.952501884093898,1.00536707107616,1998,9,28,"Fall",0.992575742135086,0.00613326859488271,0.438669919967651,0.438669919967651,1,43,43,FALSE,TRUE,TRUE,0.994460798399689
61,1632000,"1998-09-29",2.937656,0.958091159775028,1.00586799435725,1998,9,29,"Fall",0.992575742135086,0.00613326859488271,0.438669919967651,0.438669919967651,1,43,43,FALSE,TRUE,TRUE,0.994460798399689
61,1632000,"1998-09-30",2.827508,0.962504799745103,1.00460670148664,1998,9,30,"Fall",0.992575742135086,0.00613326859488271,0.438669919967651,0.438669919967651,1,43,43,FALSE,TRUE,TRUE,0.994460798399689
61,1632000,"1998-10-01",2.728697,0.965053679777387,1.00264817384075,1998,10,1,"Fall",0.992575742135086,0.00613326859488271,0.438669919967651,0.438669919967651,1,43,43,FALSE,TRUE,TRUE,0.994460798399689
61,1632000,"1998-10-02",2.638336,0.966884927128223,1.0018975600935,1998,10,2,"Fall",0.992575742135086,0.00613326859488271,0.438669919967651,0.438669919967651,1,43,43,FALSE,TRUE,TRUE,0.994460798399689
61,1632000,"1998-10-03",2.55495,0.968394472879876,1.00156124654475,1998,10,3,"Fall",0.992575742135086,0.00613326859488271,0.438669919967651,0.438669919967651,1,43,43,FALSE,TRUE,TRUE,0.994460798399689
61,1632000,"1998-10-04",2.735258,1.07057202684984,1.10551232667211,1998,10,4,"Fall",0.992575742135086,0.00613326859488271,0.438669919967651,0.438669919967651,1,43,43,FALSE,TRUE,TRUE,0.994460798399689
61,1632000,"1998-10-05",2.881631,1.05351341628468,0.984065891750081,1998,10,5,"Fall",0.992575742135086,0.00613326859488271,0.438669919967651,0.438669919967651,1,43,43,FALSE,TRUE,TRUE,0.994460798399689
61,1632000,"1998-10-06",2.717698,0.943111036770496,0.895205530553632,1998,10,6,"Fall",0.992575742135086,0.00613326859488271,0.438669919967651,0.438669919967651,1,43,43,FALSE,TRUE,TRUE,0.994460798399689
61,1632000,"1998-10-07",2.560313,0.942088856083347,0.998916160825931,1998,10,7,"Fall",0.992575742135086,0.00613326859488271,0.438669919967651,0.438669919967651,1,43,43,FALSE,TRUE,TRUE,0.994460798399689
61,1632000,"1998-10-08",20.925337,8.17296049350216,8.67536054664794,1998,10,8,"Fall",0.992575742135086,0.00613326859488271,0.438669919967651,0.438669919967651,1,43,43,FALSE,TRUE,TRUE,0.994460798399689
61,1632000,"1998-10-09",47.131491,2.25236472894081,0.275587375068254,1998,10,9,"Fall",0.992575742135086,0.00613326859488271,0.438669919967651,0.438669919967651,1,43,43,FALSE,TRUE,TRUE,0.994460798399689
61,1632000,"1998-10-10",39.592582,0.840045183378561,0.372961435856616,1998,10,10,"Fall",0.992575742135086,0.00613326859488271,0.438669919967651,0.438669919967651,1,43,43,FALSE,TRUE,TRUE,0.994460798399689
61,1632000,"1998-10-11",33.454069,0.844958002486425,1.00584827959861,1998,10,11,"Fall",0.992575742135086,0.00613326859488271,0.438669919967651,0.438669919967651,1,43,43,FALSE,TRUE,TRUE,0.994460798399689
61,1632000,"1998-10-12",28.420749,0.849545357247873,1.00542909203528,1998,10,12,"Fall",0.992575742135086,0.00613326859488271,0.438669919967651,0.438669919967651,1,43,43,FALSE,TRUE,TRUE,0.994460798399689
61,1632000,"1998-10-13",23.465766,0.825656142982016,0.971880001388923,1998,10,13,"Fall",0.992575742135086,0.00613326859488271,0.438669919967651,0.438669919967651,1,43,43,FALSE,TRUE,TRUE,0.994460798399689
61,1632000,"1998-10-14",18.733677,0.798340740293754,0.966916732927575,1998,10,14,"Fall",0.992575742135086,0.00613326859488271,0.438669919967651,0.438669919967651,1,43,43,FALSE,TRUE,TRUE,0.994460798399689
61,1632000,"1998-10-15",14.590555,0.778840961120446,0.97557461596394,1998,10,15,"Fall",0.992575742135086,0.00613326859488271,0.438669919967651,0.438669919967651,1,43,43,FALSE,TRUE,TRUE,0.994460798399689
61,1632000,"1998-10-16",11.053459,0.757576322490817,0.972697072070994,1998,10,16,"Fall",0.992575742135086,0.00613326859488271,0.438669919967651,0.438669919967651,1,43,43,FALSE,TRUE,TRUE,0.994460798399689
61,1632000,"1998-10-17",8.208802,0.742645537473835,0.980291378474064,1998,10,17,"Fall",0.992575742135086,0.00613326859488271,0.438669919967651,0.438669919967651,1,43,43,FALSE,TRUE,TRUE,0.994460798399689
61,1632000,"1998-10-18",6.356569,0.774360131965663,1.04270488798695,1998,10,18,"Fall",0.992575742135086,0.00613326859488271,0.438669919967651,0.438669919967651,1,43,43,FALSE,TRUE,TRUE,0.994460798399689
61,1632000,"1998-10-19",5.280902,0.83077867950462,1.07285828028845,1998,10,19,"Fall",0.992575742135086,0.00613326859488271,0.438669919967651,0.438669919967651,1,43,43,FALSE,TRUE,TRUE,0.994460798399689
61,1632000,"1998-10-20",4.579471,0.86717591047893,1.04381098344509,1998,10,20,"Fall",0.992575742135086,0.00613326859488271,0.438669919967651,0.438669919967651,1,43,43,FALSE,TRUE,TRUE,0.994460798399689
61,1632000,"1998-10-21",4.085485,0.892130335578061,1.02877665857363,1998,10,21,"Fall",0.992575742135086,0.00613326859488271,0.438669919967651,0.438669919967651,1,43,43,FALSE,TRUE,TRUE,0.994460798399689
61,1632000,"1998-10-22",3.723046,0.911286175325573,1.0214720192595,1998,10,22,"Fall",0.992575742135086,0.00613326859488271,0.438669919967651,0.438669919967651,1,43,43,FALSE,TRUE,TRUE,0.994460798399689
61,1632000,"1998-10-23",3.454709,0.927925413760668,1.01825907040579,1998,10,23,"Fall",0.992575742135086,0.00613326859488271,0.438669919967651,0.438669919967651,1,43,43,FALSE,TRUE,TRUE,0.994460798399689
61,1632000,"1998-10-24",3.243901,0.938979520416915,1.01191271032383,1998,10,24,"Fall",0.992575742135086,0.00613326859488271,0.438669919967651,0.438669919967651,1,43,43,FALSE,TRUE,TRUE,0.994460798399689
61,1632000,"1998-10-25",3.054831,0.941715237302248,1.00291350005602,1998,10,25,"Fall",0.992575742135086,0.00613326859488271,0.438669919967651,0.438669919967651,1,43,43,FALSE,TRUE,TRUE,0.994460798399689
61,1632000,"1998-10-26",2.875193,0.941195437652688,0.99944802884251,1998,10,26,"Fall",0.992575742135086,0.00613326859488271,0.438669919967651,0.438669919967651,1,43,43,FALSE,TRUE,TRUE,0.994460798399689
61,1632000,"1998-10-27",2.712166,0.943298762900438,1.00223473804016,1998,10,27,"Fall",0.992575742135086,0.00613326859488271,0.438669919967651,0.438669919967651,1,43,43,FALSE,TRUE,TRUE,0.994460798399689
61,1632000,"1998-10-28",2.575309,0.949539593078005,1.00661596349218,1998,10,28,"Fall",0.992575742135086,0.00613326859488271,0.438669919967651,0.438669919967651,1,43,43,FALSE,TRUE,TRUE,0.994460798399689
61,1632000,"1998-10-29",2.460593,0.955455442434286,1.00623022925996,1998,10,29,"Fall",0.992575742135086,0.00613326859488271,0.438669919967651,0.438669919967651,1,43,43,FALSE,TRUE,TRUE,0.994460798399689
61,1632000,"1998-10-30",2.362084,0.959965341687959,1.00472015653831,1998,10,30,"Fall",0.992575742135086,0.00613326859488271,0.438669919967651,0.438669919967651,1,43,43,FALSE,TRUE,TRUE,0.994460798399689
61,1632000,"1998-10-31",2.276336,0.963698158067198,1.00388849077892,1998,10,31,"Fall",0.992575742135086,0.00613326859488271,0.438669919967651,0.438669919967651,1,43,43,FALSE,TRUE,TRUE,0.994460798399689
61,1632000,"1998-11-01",2.200106,0.966511973627795,1.00291981004326,1998,11,1,"Fall",0.992575742135086,0.00613326859488271,0.438669919967651,0.438669919967651,1,43,43,FALSE,TRUE,TRUE,0.994460798399689
61,1632000,"1998-11-02",2.130907,0.968547424533182,1.00210597588124,1998,11,2,"Fall",0.992575742135086,0.00613326859488271,0.438669919967651,0.438669919967651,1,43,43,FALSE,TRUE,TRUE,0.994460798399689
62,1632000,"1999-06-26",4.429949,0.909490488529304,1.02592323679214,1999,6,26,"Summer",0.976681214608849,0.47285167378088,0.691342055797577,0.691342055797577,1,25,25,FALSE,TRUE,TRUE,0.980950223990034
62,1632000,"1999-06-27",4.091734,0.923652619928582,1.01557150028273,1999,6,27,"Summer",0.976681214608849,0.47285167378088,0.691342055797577,0.691342055797577,1,25,25,FALSE,TRUE,TRUE,0.980950223990034
62,1632000,"1999-06-28",3.817939,0.933085826204734,1.01021293728034,1999,6,28,"Summer",0.976681214608849,0.47285167378088,0.691342055797577,0.691342055797577,1,25,25,FALSE,TRUE,TRUE,0.980950223990034
62,1632000,"1999-06-29",3.595104,0.941634740628386,1.00916198079916,1999,6,29,"Summer",0.976681214608849,0.47285167378088,0.691342055797577,0.691342055797577,1,25,25,FALSE,TRUE,TRUE,0.980950223990034
62,1632000,"1999-06-30",3.404468,0.946973439433185,1.00566960688094,1999,6,30,"Summer",0.976681214608849,0.47285167378088,0.691342055797577,0.691342055797577,1,25,25,FALSE,TRUE,TRUE,0.980950223990034
62,1632000,"1999-07-01",3.237782,0.95103904633558,1.00429326392177,1999,7,1,"Summer",0.976681214608849,0.47285167378088,0.691342055797577,0.691342055797577,1,25,25,FALSE,TRUE,TRUE,0.980950223990034
62,1632000,"1999-07-02",3.113436,0.9615953143232,1.01109972090872,1999,7,2,"Summer",0.976681214608849,0.47285167378088,0.691342055797577,0.691342055797577,1,25,25,FALSE,TRUE,TRUE,0.980950223990034
62,1632000,"1999-07-03",3.020387,0.970113726442426,1.008858624821,1999,7,3,"Summer",0.976681214608849,0.47285167378088,0.691342055797577,0.691342055797577,1,25,25,FALSE,TRUE,TRUE,0.980950223990034
62,1632000,"1999-07-04",2.904444,0.961613197249227,0.991237595179308,1999,7,4,"Summer",0.976681214608849,0.47285167378088,0.691342055797577,0.691342055797577,1,25,25,FALSE,TRUE,TRUE,0.980950223990034
62,1632000,"1999-07-05",2.761279,0.950708293910986,0.988659781948256,1999,7,5,"Summer",0.976681214608849,0.47285167378088,0.691342055797577,0.691342055797577,1,25,25,FALSE,TRUE,TRUE,0.980950223990034
62,1632000,"1999-07-06",2.618324,0.948228701264885,0.997391847045006,1999,7,6,"Summer",0.976681214608849,0.47285167378088,0.691342055797577,0.691342055797577,1,25,25,FALSE,TRUE,TRUE,0.980950223990034
62,1632000,"1999-07-07",2.988804,1.1414950938081,1.20381833231309,1999,7,7,"Summer",0.976681214608849,0.47285167378088,0.691342055797577,0.691342055797577,1,25,25,FALSE,TRUE,TRUE,0.980950223990034
62,1632000,"1999-07-08",3.278663,1.09698160200535,0.961004219777897,1999,7,8,"Summer",0.976681214608849,0.47285167378088,0.691342055797577,0.691342055797577,1,25,25,FALSE,TRUE,TRUE,0.980950223990034
62,1632000,"1999-07-09",2.964854,0.904287509878264,0.824341546134567,1999,7,9,"Summer",0.976681214608849,0.47285167378088,0.691342055797577,0.691342055797577,1,25,25,FALSE,TRUE,TRUE,0.980950223990034
62,1632000,"1999-07-10",2.717092,0.916433659127903,1.01343173395293,1999,7,10,"Summer",0.976681214608849,0.47285167378088,0.691342055797577,0.691342055797577,1,25,25,FALSE,TRUE,TRUE,0.980950223990034
62,1632000,"1999-07-11",2.519833,0.927400691621778,1.01196707735976,1999,7,11,"Summer",0.976681214608849,0.47285167378088,0.691342055797577,0.691342055797577,1,25,25,FALSE,TRUE,TRUE,0.980950223990034
62,1632000,"1999-07-12",3.424181,1.35889203768662,1.46526959701775,1999,7,12,"Summer",0.976681214608849,0.47285167378088,0.691342055797577,0.691342055797577,1,25,25,FALSE,TRUE,TRUE,0.980950223990034
62,1632000,"1999-07-13",4.16468,1.216255799562,0.895034900368207,1999,7,13,"Summer",0.976681214608849,0.47285167378088,0.691342055797577,0.691342055797577,1,25,25,FALSE,TRUE,TRUE,0.980950223990034
62,1632000,"1999-07-14",3.53435,0.848648635669487,0.697755057756029,1999,7,14,"Summer",0.976681214608849,0.47285167378088,0.691342055797577,0.691342055797577,1,25,25,FALSE,TRUE,TRUE,0.980950223990034
62,1632000,"1999-07-15",3.071622,0.869076916547597,1.02407154153025,1999,7,15,"Summer",0.976681214608849,0.47285167378088,0.691342055797577,0.691342055797577,1,25,25,FALSE,TRUE,TRUE,0.980950223990034
62,1632000,"1999-07-16",2.72152,0.886020480384631,1.01949604633885,1999,7,16,"Summer",0.976681214608849,0.47285167378088,0.691342055797577,0.691342055797577,1,25,25,FALSE,TRUE,TRUE,0.980950223990034
62,1632000,"1999-07-17",2.46134,0.904399012316647,1.02074278455058,1999,7,17,"Summer",0.976681214608849,0.47285167378088,0.691342055797577,0.691342055797577,1,25,25,FALSE,TRUE,TRUE,0.980950223990034
62,1632000,"1999-07-18",2.260441,0.918378200492415,1.01545688129398,1999,7,18,"Summer",0.976681214608849,0.47285167378088,0.691342055797577,0.691342055797577,1,25,25,FALSE,TRUE,TRUE,0.980950223990034
62,1632000,"1999-07-19",2.101412,0.929646914031377,1.01227023195119,1999,7,19,"Summer",0.976681214608849,0.47285167378088,0.691342055797577,0.691342055797577,1,25,25,FALSE,TRUE,TRUE,0.980950223990034
62,1632000,"1999-07-20",1.977365,0.940969690855482,1.01217965299858,1999,7,20,"Summer",0.976681214608849,0.47285167378088,0.691342055797577,0.691342055797577,1,25,25,FALSE,TRUE,TRUE,0.980950223990034
63,1632000,"1999-10-14",135.021091,0.907854769692043,1.05293285704138,1999,10,14,"Fall",0.952802515508762,0.942105958138667,0.558350920677185,0.205754041671753,2,17,16,FALSE,TRUE,TRUE,0.958289634716352
63,1632000,"1999-10-15",126.052207,0.933574199900369,1.02832989489833,1999,10,15,"Fall",0.952802515508762,0.942105958138667,0.558350920677185,0.205754041671753,2,17,16,FALSE,TRUE,TRUE,0.958289634716352
63,1632000,"1999-10-16",119.186905,0.94553604285564,1.01281295365333,1999,10,16,"Fall",0.952802515508762,0.942105958138667,0.558350920677185,0.205754041671753,2,17,16,FALSE,TRUE,TRUE,0.958289634716352
63,1632000,"1999-10-17",112.752611,0.946015092849336,1.00050664382105,1999,10,17,"Fall",0.952802515508762,0.942105958138667,0.558350920677185,0.205754041671753,2,17,16,FALSE,TRUE,TRUE,0.958289634716352
63,1632000,"1999-10-18",106.465394,0.944238834522422,0.998122378447933,1999,10,18,"Fall",0.952802515508762,0.942105958138667,0.558350920677185,0.205754041671753,2,17,16,FALSE,TRUE,TRUE,0.958289634716352
63,1632000,"1999-10-19",100.533934,0.944287436723336,1.00005147235968,1999,10,19,"Fall",0.952802515508762,0.942105958138667,0.558350920677185,0.205754041671753,2,17,16,FALSE,TRUE,TRUE,0.958289634716352
63,1632000,"1999-10-20",104.971987,1.04414482576599,1.10574893317353,1999,10,20,"Fall",0.952802515508762,0.942105958138667,0.558350920677185,0.205754041671753,2,17,16,FALSE,TRUE,TRUE,0.958289634716352
63,1632000,"1999-10-21",109.424238,1.04241370604902,0.998342069343015,1999,10,21,"Fall",0.952802515508762,0.942105958138667,0.558350920677185,0.205754041671753,2,17,16,FALSE,TRUE,TRUE,0.958289634716352
63,1632000,"1999-10-22",102.675651,0.938326397118708,0.900147793216543,1999,10,22,"Fall",0.952802515508762,0.942105958138667,0.558350920677185,0.205754041671753,2,17,16,FALSE,TRUE,TRUE,0.958289634716352
63,1632000,"1999-10-23",95.890371,0.933915393436366,0.995299073226666,1999,10,23,"Fall",0.952802515508762,0.942105958138667,0.558350920677185,0.205754041671753,2,17,16,FALSE,TRUE,TRUE,0.958289634716352
63,1632000,"1999-10-24",90.078768,0.939393257744305,1.00586548240498,1999,10,24,"Fall",0.952802515508762,0.942105958138667,0.558350920677185,0.205754041671753,2,17,16,FALSE,TRUE,TRUE,0.958289634716352
63,1632000,"1999-10-25",84.850133,0.941954856665002,1.00272686534588,1999,10,25,"Fall",0.952802515508762,0.942105958138667,0.558350920677185,0.205754041671753,2,17,16,FALSE,TRUE,TRUE,0.958289634716352
63,1632000,"1999-10-26",79.954633,0.942304156435441,1.00037082432132,1999,10,26,"Fall",0.952802515508762,0.942105958138667,0.558350920677185,0.205754041671753,2,17,16,FALSE,TRUE,TRUE,0.958289634716352
63,1632000,"1999-10-27",75.125023,0.939595620431401,0.997125624475344,1999,10,27,"Fall",0.952802515508762,0.942105958138667,0.558350920677185,0.205754041671753,2,17,16,FALSE,TRUE,TRUE,0.958289634716352
63,1632000,"1999-10-28",70.415365,0.937309064118356,0.99756644639106,1999,10,28,"Fall",0.952802515508762,0.942105958138667,0.558350920677185,0.205754041671753,2,17,16,FALSE,TRUE,TRUE,0.958289634716352
63,1632000,"1999-10-29",65.90358,0.935926129190696,0.998524568916912,1999,10,29,"Fall",0.952802515508762,0.942105958138667,0.558350920677185,0.205754041671753,2,17,16,FALSE,TRUE,TRUE,0.958289634716352
64,1632000,"1999-11-11",54.870738,0.928622989434301,1.00034582192603,1999,11,11,"Fall",0.939695586313511,0.998223229261109,0.324423551559448,0.0427634716033936,3,16,14,FALSE,TRUE,TRUE,0.940479574660801
64,1632000,"1999-11-12",51.335743,0.935575953069922,1.00748739123921,1999,11,12,"Fall",0.939695586313511,0.998223229261109,0.324423551559448,0.0427634716033936,3,16,14,FALSE,TRUE,TRUE,0.940479574660801
64,1632000,"1999-11-13",48.573783,0.94619810996015,1.01135360186992,1999,11,13,"Fall",0.939695586313511,0.998223229261109,0.324423551559448,0.0427634716033936,3,16,14,FALSE,TRUE,TRUE,0.940479574660801
64,1632000,"1999-11-14",45.776725,0.942416303049734,0.996003155289989,1999,11,14,"Fall",0.939695586313511,0.998223229261109,0.324423551559448,0.0427634716033936,3,16,14,FALSE,TRUE,TRUE,0.940479574660801
64,1632000,"1999-11-15",42.768796,0.934291301966229,0.991378543582903,1999,11,15,"Fall",0.939695586313511,0.998223229261109,0.324423551559448,0.0427634716033936,3,16,14,FALSE,TRUE,TRUE,0.940479574660801
64,1632000,"1999-11-16",40.11249,0.937891494537279,1.00385339407899,1999,11,16,"Fall",0.939695586313511,0.998223229261109,0.324423551559448,0.0427634716033936,3,16,14,FALSE,TRUE,TRUE,0.940479574660801
64,1632000,"1999-11-17",37.934683,0.945707509057653,1.00833360209139,1999,11,17,"Fall",0.939695586313511,0.998223229261109,0.324423551559448,0.0427634716033936,3,16,14,FALSE,TRUE,TRUE,0.940479574660801
64,1632000,"1999-11-18",35.963411,0.948035100227409,1.00246121675831,1999,11,18,"Fall",0.939695586313511,0.998223229261109,0.324423551559448,0.0427634716033936,3,16,14,FALSE,TRUE,TRUE,0.940479574660801
64,1632000,"1999-11-19",33.974638,0.94470010088865,0.996482198456619,1999,11,19,"Fall",0.939695586313511,0.998223229261109,0.324423551559448,0.0427634716033936,3,16,14,FALSE,TRUE,TRUE,0.940479574660801
64,1632000,"1999-11-20",31.866536,0.937950714883261,0.992855525262419,1999,11,20,"Fall",0.939695586313511,0.998223229261109,0.324423551559448,0.0427634716033936,3,16,14,FALSE,TRUE,TRUE,0.940479574660801
64,1632000,"1999-11-21",29.597772,0.928804185054817,0.990248389725273,1999,11,21,"Fall",0.939695586313511,0.998223229261109,0.324423551559448,0.0427634716033936,3,16,14,FALSE,TRUE,TRUE,0.940479574660801
64,1632000,"1999-11-22",27.306636,0.922590930155148,0.993310479216561,1999,11,22,"Fall",0.939695586313511,0.998223229261109,0.324423551559448,0.0427634716033936,3,16,14,FALSE,TRUE,TRUE,0.940479574660801
64,1632000,"1999-11-23",25.854268,0.946812635580597,1.02625400340905,1999,11,23,"Fall",0.939695586313511,0.998223229261109,0.324423551559448,0.0427634716033936,3,16,14,FALSE,TRUE,TRUE,0.940479574660801
64,1632000,"1999-11-24",25.19716,0.974584157633084,1.02933159213223,1999,11,24,"Fall",0.939695586313511,0.998223229261109,0.324423551559448,0.0427634716033936,3,16,14,FALSE,TRUE,TRUE,0.940479574660801
65,1632000,"1999-12-26",135.215991,0.954904832388259,1.009010690839,1999,12,26,"Winter",0.962054873040533,0.999647429995545,0.488422393798828,0.191670656204224,2,16,15,FALSE,TRUE,TRUE,0.962187559260647
65,1632000,"1999-12-27",129.810602,0.960024040351854,1.00536096141727,1999,12,27,"Winter",0.962054873040533,0.999647429995545,0.488422393798828,0.191670656204224,2,16,15,FALSE,TRUE,TRUE,0.962187559260647
65,1632000,"1999-12-28",124.98105,0.962795396326719,1.00288675685022,1999,12,28,"Winter",0.962054873040533,0.999647429995545,0.488422393798828,0.191670656204224,2,16,15,FALSE,TRUE,TRUE,0.962187559260647
65,1632000,"1999-12-29",120.422327,0.963524686342449,1.00075747144047,1999,12,29,"Winter",0.962054873040533,0.999647429995545,0.488422393798828,0.191670656204224,2,16,15,FALSE,TRUE,TRUE,0.962187559260647
65,1632000,"1999-12-30",116.053318,0.963719277738255,1.00020195787255,1999,12,30,"Winter",0.962054873040533,0.999647429995545,0.488422393798828,0.191670656204224,2,16,15,FALSE,TRUE,TRUE,0.962187559260647
65,1632000,"1999-12-31",111.856918,0.963840758090174,1.00012605367011,1999,12,31,"Winter",0.962054873040533,0.999647429995545,0.488422393798828,0.191670656204224,2,16,15,FALSE,TRUE,TRUE,0.962187559260647
65,1632000,"2000-01-01",107.830329,0.964002324827151,1.00016762803982,2000,1,1,"Winter",0.962054873040533,0.999647429995545,0.488422393798828,0.191670656204224,2,16,15,FALSE,TRUE,TRUE,0.962187559260647
65,1632000,"2000-01-02",103.939039,0.963912843111144,0.999907176867002,2000,1,2,"Winter",0.962054873040533,0.999647429995545,0.488422393798828,0.191670656204224,2,16,15,FALSE,TRUE,TRUE,0.962187559260647
65,1632000,"2000-01-03",100.06942,0.962770302311531,0.998814684535248,2000,1,3,"Winter",0.962054873040533,0.999647429995545,0.488422393798828,0.191670656204224,2,16,15,FALSE,TRUE,TRUE,0.962187559260647
65,1632000,"2000-01-04",96.017443,0.95950833931085,0.996611899024255,2000,1,4,"Winter",0.962054873040533,0.999647429995545,0.488422393798828,0.191670656204224,2,16,15,FALSE,TRUE,TRUE,0.962187559260647
65,1632000,"2000-01-05",92.064143,0.958827272665447,0.999290192052012,2000,1,5,"Winter",0.962054873040533,0.999647429995545,0.488422393798828,0.191670656204224,2,16,15,FALSE,TRUE,TRUE,0.962187559260647
65,1632000,"2000-01-06",88.444764,0.960686333657611,1.00193889039785,2000,1,6,"Winter",0.962054873040533,0.999647429995545,0.488422393798828,0.191670656204224,2,16,15,FALSE,TRUE,TRUE,0.962187559260647
65,1632000,"2000-01-07",85.008821,0.961151538603235,1.00048424228526,2000,1,7,"Winter",0.962054873040533,0.999647429995545,0.488422393798828,0.191670656204224,2,16,15,FALSE,TRUE,TRUE,0.962187559260647
65,1632000,"2000-01-08",81.729452,0.961423191600316,1.00028263284838,2000,1,8,"Winter",0.962054873040533,0.999647429995545,0.488422393798828,0.191670656204224,2,16,15,FALSE,TRUE,TRUE,0.962187559260647
65,1632000,"2000-01-09",78.790548,0.964041065636902,1.00272291542315,2000,1,9,"Winter",0.962054873040533,0.999647429995545,0.488422393798828,0.191670656204224,2,16,15,FALSE,TRUE,TRUE,0.962187559260647
66,1632000,"2000-01-17",77.697089,0.948524051656187,1.0182114125277,2000,1,17,"Winter",0.968286798996783,0.968995490096986,0.392314434051514,0.392314434051514,1,16,16,FALSE,TRUE,TRUE,0.968572892232658
66,1632000,"2000-01-18",74.408239,0.957670872328306,1.00964321427184,2000,1,18,"Winter",0.968286798996783,0.968995490096986,0.392314434051514,0.392314434051514,1,16,16,FALSE,TRUE,TRUE,0.968572892232658
66,1632000,"2000-01-19",71.627621,0.962630240449583,1.00517857258122,2000,1,19,"Winter",0.968286798996783,0.968995490096986,0.392314434051514,0.392314434051514,1,16,16,FALSE,TRUE,TRUE,0.968572892232658
66,1632000,"2000-01-20",69.126348,0.965079490773538,1.00254433137568,2000,1,20,"Winter",0.968286798996783,0.968995490096986,0.392314434051514,0.392314434051514,1,16,16,FALSE,TRUE,TRUE,0.968572892232658
66,1632000,"2000-01-21",66.799529,0.966339622049758,1.00130572796155,2000,1,21,"Winter",0.968286798996783,0.968995490096986,0.392314434051514,0.392314434051514,1,16,16,FALSE,TRUE,TRUE,0.968572892232658
66,1632000,"2000-01-22",64.548251,0.966297995903534,0.999956923895829,2000,1,22,"Winter",0.968286798996783,0.968995490096986,0.392314434051514,0.392314434051514,1,16,16,FALSE,TRUE,TRUE,0.968572892232658
66,1632000,"2000-01-23",62.347264,0.965901678730226,0.999589860296733,2000,1,23,"Winter",0.968286798996783,0.968995490096986,0.392314434051514,0.392314434051514,1,16,16,FALSE,TRUE,TRUE,0.968572892232658
66,1632000,"2000-01-24",63.811965,1.02349262671735,1.05962402722276,2000,1,24,"Winter",0.968286798996783,0.968995490096986,0.392314434051514,0.392314434051514,1,16,16,FALSE,TRUE,TRUE,0.968572892232658
66,1632000,"2000-01-25",64.265444,1.00710648857154,0.983989979294366,2000,1,25,"Winter",0.968286798996783,0.968995490096986,0.392314434051514,0.392314434051514,1,16,16,FALSE,TRUE,TRUE,0.968572892232658
66,1632000,"2000-01-26",60.504755,0.941481941679264,0.934838522403568,2000,1,26,"Winter",0.968286798996783,0.968995490096986,0.392314434051514,0.392314434051514,1,16,16,FALSE,TRUE,TRUE,0.968572892232658
66,1632000,"2000-01-27",57.184393,0.945122296586442,1.00386662212627,2000,1,27,"Winter",0.968286798996783,0.968995490096986,0.392314434051514,0.392314434051514,1,16,16,FALSE,TRUE,TRUE,0.968572892232658
66,1632000,"2000-01-28",54.316596,0.949850005402698,1.00500221911316,2000,1,28,"Winter",0.968286798996783,0.968995490096986,0.392314434051514,0.392314434051514,1,16,16,FALSE,TRUE,TRUE,0.968572892232658
66,1632000,"2000-01-29",52.092021,0.959044285470319,1.00967971786632,2000,1,29,"Winter",0.968286798996783,0.968995490096986,0.392314434051514,0.392314434051514,1,16,16,FALSE,TRUE,TRUE,0.968572892232658
66,1632000,"2000-01-30",50.160845,0.962927604594185,1.00404915516697,2000,1,30,"Winter",0.968286798996783,0.968995490096986,0.392314434051514,0.392314434051514,1,16,16,FALSE,TRUE,TRUE,0.968572892232658
66,1632000,"2000-01-31",48.426716,0.965428632631687,1.00259731679263,2000,1,31,"Winter",0.968286798996783,0.968995490096986,0.392314434051514,0.392314434051514,1,16,16,FALSE,TRUE,TRUE,0.968572892232658
66,1632000,"2000-02-01",47.0375,0.97131302481878,1.00609510841941,2000,2,1,"Winter",0.968286798996783,0.968995490096986,0.392314434051514,0.392314434051514,1,16,16,FALSE,TRUE,TRUE,0.968572892232658
67,1632000,"2000-02-25",146.52675,0.90363695454012,1.02544450202676,2000,2,25,"Winter",0.950592765897267,0.975427445250635,0.843085289001465,0.843085289001465,1,15,15,FALSE,TRUE,TRUE,0.948804712953162
67,1632000,"2000-02-26",134.30507,0.916590793148691,1.01433522449861,2000,2,26,"Winter",0.950592765897267,0.975427445250635,0.843085289001465,0.843085289001465,1,15,15,FALSE,TRUE,TRUE,0.948804712953162
67,1632000,"2000-02-27",125.103381,0.931486659438843,1.01625138109775,2000,2,27,"Winter",0.950592765897267,0.975427445250635,0.843085289001465,0.843085289001465,1,15,15,FALSE,TRUE,TRUE,0.948804712953162
67,1632000,"2000-02-28",129.160045,1.03242649373321,1.10836422966613,2000,2,28,"Winter",0.950592765897267,0.975427445250635,0.843085289001465,0.843085289001465,1,15,15,FALSE,TRUE,TRUE,0.948804712953162
67,1632000,"2000-02-29",130.324001,1.00901173424026,0.977320652235217,2000,2,29,"Winter",0.950592765897267,0.975427445250635,0.843085289001465,0.843085289001465,1,15,15,FALSE,TRUE,TRUE,0.948804712953162
67,1632000,"2000-03-01",119.043376,0.913441692140805,0.905283517667498,2000,3,1,"Spring",0.950592765897267,0.975427445250635,0.843085289001465,0.843085289001465,1,15,15,FALSE,TRUE,TRUE,0.948804712953162
67,1632000,"2000-03-02",111.087175,0.933165529512537,1.02159288057621,2000,3,2,"Spring",0.950592765897267,0.975427445250635,0.843085289001465,0.843085289001465,1,15,15,FALSE,TRUE,TRUE,0.948804712953162
67,1632000,"2000-03-03",104.751756,0.942968943084564,1.01050554618873,2000,3,3,"Spring",0.950592765897267,0.975427445250635,0.843085289001465,0.843085289001465,1,15,15,FALSE,TRUE,TRUE,0.948804712953162
67,1632000,"2000-03-04",99.324252,0.948186987910733,1.00553363381099,2000,3,4,"Spring",0.950592765897267,0.975427445250635,0.843085289001465,0.843085289001465,1,15,15,FALSE,TRUE,TRUE,0.948804712953162
67,1632000,"2000-03-05",94.221308,0.948623383541816,1.00046024216388,2000,3,5,"Spring",0.950592765897267,0.975427445250635,0.843085289001465,0.843085289001465,1,15,15,FALSE,TRUE,TRUE,0.948804712953162
67,1632000,"2000-03-06",89.1855,0.946553405945076,0.997817914219011,2000,3,6,"Spring",0.950592765897267,0.975427445250635,0.843085289001465,0.843085289001465,1,15,15,FALSE,TRUE,TRUE,0.948804712953162
67,1632000,"2000-03-07",84.154174,0.94358582953507,0.996864861093556,2000,3,7,"Spring",0.950592765897267,0.975427445250635,0.843085289001465,0.843085289001465,1,15,15,FALSE,TRUE,TRUE,0.948804712953162
67,1632000,"2000-03-08",78.986167,0.938588821512288,0.994704235834863,2000,3,8,"Spring",0.950592765897267,0.975427445250635,0.843085289001465,0.843085289001465,1,15,15,FALSE,TRUE,TRUE,0.948804712953162
67,1632000,"2000-03-09",73.533293,0.930964190223334,0.991876494675625,2000,3,9,"Spring",0.950592765897267,0.975427445250635,0.843085289001465,0.843085289001465,1,15,15,FALSE,TRUE,TRUE,0.948804712953162
67,1632000,"2000-03-10",68.038733,0.925277928189616,0.993892072226372,2000,3,10,"Spring",0.950592765897267,0.975427445250635,0.843085289001465,0.843085289001465,1,15,15,FALSE,TRUE,TRUE,0.948804712953162
68,1632000,"2000-04-29",151.539237,0.921582265101765,1.03969223877254,2000,4,29,"Spring",0.912558739192226,0.994616371781332,0.465512216091156,0.000274231104413047,2,10,9,FALSE,TRUE,TRUE,0.942791617088994
68,1632000,"2000-04-30",142.643935,0.941300337944819,1.0213958900792,2000,4,30,"Spring",0.912558739192226,0.994616371781332,0.465512216091156,0.000274231104413047,2,10,9,FALSE,TRUE,TRUE,0.942791617088994
68,1632000,"2000-05-01",135.259528,0.948231889424531,1.00736380430378,2000,5,1,"Spring",0.912558739192226,0.994616371781332,0.465512216091156,0.000274231104413047,2,10,9,FALSE,TRUE,TRUE,0.942791617088994
68,1632000,"2000-05-02",128.704018,0.951533839449743,1.00348221786468,2000,5,2,"Spring",0.912558739192226,0.994616371781332,0.465512216091156,0.000274231104413047,2,10,9,FALSE,TRUE,TRUE,0.942791617088994
68,1632000,"2000-05-03",122.128899,0.94891286921594,0.997245531241098,2000,5,3,"Spring",0.912558739192226,0.994616371781332,0.465512216091156,0.000274231104413047,2,10,9,FALSE,TRUE,TRUE,0.942791617088994
68,1632000,"2000-05-04",115.248743,0.943664799598333,0.994469387245276,2000,5,4,"Spring",0.912558739192226,0.994616371781332,0.465512216091156,0.000274231104413047,2,10,9,FALSE,TRUE,TRUE,0.942791617088994
68,1632000,"2000-05-05",108.302365,0.939727082316204,0.995827207623083,2000,5,5,"Spring",0.912558739192226,0.994616371781332,0.465512216091156,0.000274231104413047,2,10,9,FALSE,TRUE,TRUE,0.942791617088994
68,1632000,"2000-05-06",101.055801,0.933089512865208,0.992936705160572,2000,5,6,"Spring",0.912558739192226,0.994616371781332,0.465512216091156,0.000274231104413047,2,10,9,FALSE,TRUE,TRUE,0.942791617088994
68,1632000,"2000-05-07",93.171646,0.921982163102146,0.98809615839647,2000,5,7,"Spring",0.912558739192226,0.994616371781332,0.465512216091156,0.000274231104413047,2,10,9,FALSE,TRUE,TRUE,0.942791617088994
69,1632000,"2000-07-03",117.984273,0.8924709016082,1.00819155619713,2000,7,3,"Summer",0.885405158047029,0.977651976132121,0.474274337291718,0.00200529303401709,2,11,10,FALSE,TRUE,TRUE,0.9095052273149
69,1632000,"2000-07-04",113.558423,0.962487796996469,1.0784528607735,2000,7,4,"Summer",0.885405158047029,0.977651976132121,0.474274337291718,0.00200529303401709,2,11,10,FALSE,TRUE,TRUE,0.9095052273149
69,1632000,"2000-07-05",109.926517,0.968017290976293,1.0057450016479,2000,7,5,"Summer",0.885405158047029,0.977651976132121,0.474274337291718,0.00200529303401709,2,11,10,FALSE,TRUE,TRUE,0.9095052273149
69,1632000,"2000-07-06",100.076266,0.910392403317936,0.940471220715242,2000,7,6,"Summer",0.885405158047029,0.977651976132121,0.474274337291718,0.00200529303401709,2,11,10,FALSE,TRUE,TRUE,0.9095052273149
69,1632000,"2000-07-07",91.754254,0.916843300288602,1.00708584226665,2000,7,7,"Summer",0.885405158047029,0.977651976132121,0.474274337291718,0.00200529303401709,2,11,10,FALSE,TRUE,TRUE,0.9095052273149
69,1632000,"2000-07-08",82.899543,0.903495362732719,0.985441418886214,2000,7,8,"Summer",0.885405158047029,0.977651976132121,0.474274337291718,0.00200529303401709,2,11,10,FALSE,TRUE,TRUE,0.9095052273149
69,1632000,"2000-07-09",73.403517,0.885451407132606,0.980028723616758,2000,7,9,"Summer",0.885405158047029,0.977651976132121,0.474274337291718,0.00200529303401709,2,11,10,FALSE,TRUE,TRUE,0.9095052273149
69,1632000,"2000-07-10",63.720876,0.868090230608433,0.980392852296215,2000,7,10,"Summer",0.885405158047029,0.977651976132121,0.474274337291718,0.00200529303401709,2,11,10,FALSE,TRUE,TRUE,0.9095052273149
69,1632000,"2000-07-11",57.886734,0.908442219155932,1.04648363398724,2000,7,11,"Summer",0.885405158047029,0.977651976132121,0.474274337291718,0.00200529303401709,2,11,10,FALSE,TRUE,TRUE,0.9095052273149
69,1632000,"2000-07-12",53.153374,0.918230660586241,1.01077497415235,2000,7,12,"Summer",0.885405158047029,0.977651976132121,0.474274337291718,0.00200529303401709,2,11,10,FALSE,TRUE,TRUE,0.9095052273149
70,1632000,"2000-08-07",90.937365,0.962992116970568,1.00489268369286,2000,8,7,"Summer",0.876980231452584,0.998312348716838,0.386476218700409,0.000688335741870105,4,11,8,FALSE,TRUE,TRUE,0.874976218808338
70,1632000,"2000-08-08",81.067484,0.891465064992811,0.92572415628617,2000,8,8,"Summer",0.876980231452584,0.998312348716838,0.386476218700409,0.000688335741870105,4,11,8,FALSE,TRUE,TRUE,0.874976218808338
70,1632000,"2000-08-09",68.055551,0.839492576333071,0.941699915453042,2000,8,9,"Summer",0.876980231452584,0.998312348716838,0.386476218700409,0.000688335741870105,4,11,8,FALSE,TRUE,TRUE,0.874976218808338
70,1632000,"2000-08-10",59.997456,0.881595330849647,1.05015262279088,2000,8,10,"Summer",0.876980231452584,0.998312348716838,0.386476218700409,0.000688335741870105,4,11,8,FALSE,TRUE,TRUE,0.874976218808338
70,1632000,"2000-08-11",53.966291,0.899476321129349,1.02028253741143,2000,8,11,"Summer",0.876980231452584,0.998312348716838,0.386476218700409,0.000688335741870105,4,11,8,FALSE,TRUE,TRUE,0.874976218808338
70,1632000,"2000-08-12",46.623397,0.863935544504995,0.96048725709674,2000,8,12,"Summer",0.876980231452584,0.998312348716838,0.386476218700409,0.000688335741870105,4,11,8,FALSE,TRUE,TRUE,0.874976218808338
70,1632000,"2000-08-13",40.634899,0.871555948615241,1.00882057019035,2000,8,13,"Summer",0.876980231452584,0.998312348716838,0.386476218700409,0.000688335741870105,4,11,8,FALSE,TRUE,TRUE,0.874976218808338
70,1632000,"2000-08-14",35.802674,0.881081899576027,1.01092982151739,2000,8,14,"Summer",0.876980231452584,0.998312348716838,0.386476218700409,0.000688335741870105,4,11,8,FALSE,TRUE,TRUE,0.874976218808338
71,1632000,"2000-10-04",127.629045,0.920061207055806,1.02353144556943,2000,10,4,"Fall",0.912302348979576,0.980090583462755,0.672844171524048,0.672844171524048,1,36,36,FALSE,TRUE,TRUE,0.910621615010728
71,1632000,"2000-10-05",118.554963,0.92890268825564,1.00960966632658,2000,10,5,"Fall",0.912302348979576,0.980090583462755,0.672844171524048,0.672844171524048,1,36,36,FALSE,TRUE,TRUE,0.910621615010728
71,1632000,"2000-10-06",110.5258,0.932274762719128,1.00363016977572,2000,10,6,"Fall",0.912302348979576,0.980090583462755,0.672844171524048,0.672844171524048,1,36,36,FALSE,TRUE,TRUE,0.910621615010728
71,1632000,"2000-10-07",103.326679,0.93486479174998,1.00277818207081,2000,10,7,"Fall",0.912302348979576,0.980090583462755,0.672844171524048,0.672844171524048,1,36,36,FALSE,TRUE,TRUE,0.910621615010728
71,1632000,"2000-10-08",97.097601,0.939714717822296,1.0051878369098,2000,10,8,"Fall",0.912302348979576,0.980090583462755,0.672844171524048,0.672844171524048,1,36,36,FALSE,TRUE,TRUE,0.910621615010728
71,1632000,"2000-10-09",91.698859,0.9443988116658,1.00498459133891,2000,10,9,"Fall",0.912302348979576,0.980090583462755,0.672844171524048,0.672844171524048,1,36,36,FALSE,TRUE,TRUE,0.910621615010728
71,1632000,"2000-10-10",86.741715,0.945941050367922,1.00163303752935,2000,10,10,"Fall",0.912302348979576,0.980090583462755,0.672844171524048,0.672844171524048,1,36,36,FALSE,TRUE,TRUE,0.910621615010728
71,1632000,"2000-10-11",81.936972,0.944608623428762,0.998591427088779,2000,10,11,"Fall",0.912302348979576,0.980090583462755,0.672844171524048,0.672844171524048,1,36,36,FALSE,TRUE,TRUE,0.910621615010728
71,1632000,"2000-10-12",77.119784,0.941208615812652,0.996400617640173,2000,10,12,"Fall",0.912302348979576,0.980090583462755,0.672844171524048,0.672844171524048,1,36,36,FALSE,TRUE,TRUE,0.910621615010728
71,1632000,"2000-10-13",72.2557,0.936928194715898,0.995452207911359,2000,10,13,"Fall",0.912302348979576,0.980090583462755,0.672844171524048,0.672844171524048,1,36,36,FALSE,TRUE,TRUE,0.910621615010728
71,1632000,"2000-10-14",67.347877,0.932077012609386,0.994822247709192,2000,10,14,"Fall",0.912302348979576,0.980090583462755,0.672844171524048,0.672844171524048,1,36,36,FALSE,TRUE,TRUE,0.910621615010728
71,1632000,"2000-10-15",62.411401,0.926701832041417,0.994233115402212,2000,10,15,"Fall",0.912302348979576,0.980090583462755,0.672844171524048,0.672844171524048,1,36,36,FALSE,TRUE,TRUE,0.910621615010728
71,1632000,"2000-10-16",57.452472,0.920544501156127,0.993355650466638,2000,10,16,"Fall",0.912302348979576,0.980090583462755,0.672844171524048,0.672844171524048,1,36,36,FALSE,TRUE,TRUE,0.910621615010728
71,1632000,"2000-10-17",52.550785,0.914682748550837,0.993632298495153,2000,10,17,"Fall",0.912302348979576,0.980090583462755,0.672844171524048,0.672844171524048,1,36,36,FALSE,TRUE,TRUE,0.910621615010728
71,1632000,"2000-10-18",48.194472,0.917102798749819,1.00264578095828,2000,10,18,"Fall",0.912302348979576,0.980090583462755,0.672844171524048,0.672844171524048,1,36,36,FALSE,TRUE,TRUE,0.910621615010728
71,1632000,"2000-10-19",44.650773,0.926470840888142,1.01021482231991,2000,10,19,"Fall",0.912302348979576,0.980090583462755,0.672844171524048,0.672844171524048,1,36,36,FALSE,TRUE,TRUE,0.910621615010728
71,1632000,"2000-10-20",41.177388,0.922209969354842,0.995400965313474,2000,10,20,"Fall",0.912302348979576,0.980090583462755,0.672844171524048,0.672844171524048,1,36,36,FALSE,TRUE,TRUE,0.910621615010728
71,1632000,"2000-10-21",37.376347,0.907691060928877,0.984256396147916,2000,10,21,"Fall",0.912302348979576,0.980090583462755,0.672844171524048,0.672844171524048,1,36,36,FALSE,TRUE,TRUE,0.910621615010728
71,1632000,"2000-10-22",33.455334,0.895093734013118,0.986121569928355,2000,10,22,"Fall",0.912302348979576,0.980090583462755,0.672844171524048,0.672844171524048,1,36,36,FALSE,TRUE,TRUE,0.910621615010728
71,1632000,"2000-10-23",29.607105,0.884974126995713,0.988694360564861,2000,10,23,"Fall",0.912302348979576,0.980090583462755,0.672844171524048,0.672844171524048,1,36,36,FALSE,TRUE,TRUE,0.910621615010728
71,1632000,"2000-10-24",26.087052,0.881107828678285,0.995631173613456,2000,10,24,"Fall",0.912302348979576,0.980090583462755,0.672844171524048,0.672844171524048,1,36,36,FALSE,TRUE,TRUE,0.910621615010728
71,1632000,"2000-10-25",22.865738,0.876516748615367,0.994789423140406,2000,10,25,"Fall",0.912302348979576,0.980090583462755,0.672844171524048,0.672844171524048,1,36,36,FALSE,TRUE,TRUE,0.910621615010728
71,1632000,"2000-10-26",19.676385,0.860518256616078,0.981747648262783,2000,10,26,"Fall",0.912302348979576,0.980090583462755,0.672844171524048,0.672844171524048,1,36,36,FALSE,TRUE,TRUE,0.910621615010728
71,1632000,"2000-10-27",16.45352,0.836206447474981,0.971747480132843,2000,10,27,"Fall",0.912302348979576,0.980090583462755,0.672844171524048,0.672844171524048,1,36,36,FALSE,TRUE,TRUE,0.910621615010728
71,1632000,"2000-10-28",13.557752,0.824003131244864,0.985406335640002,2000,10,28,"Fall",0.912302348979576,0.980090583462755,0.672844171524048,0.672844171524048,1,36,36,FALSE,TRUE,TRUE,0.910621615010728
71,1632000,"2000-10-29",11.57817,0.853988920877148,1.03639038311297,2000,10,29,"Fall",0.912302348979576,0.980090583462755,0.672844171524048,0.672844171524048,1,36,36,FALSE,TRUE,TRUE,0.910621615010728
71,1632000,"2000-10-30",10.472356,0.904491469722763,1.05913724125805,2000,10,30,"Fall",0.912302348979576,0.980090583462755,0.672844171524048,0.672844171524048,1,36,36,FALSE,TRUE,TRUE,0.910621615010728
71,1632000,"2000-10-31",9.76541,0.932494082515911,1.030959510101,2000,10,31,"Fall",0.912302348979576,0.980090583462755,0.672844171524048,0.672844171524048,1,36,36,FALSE,TRUE,TRUE,0.910621615010728
71,1632000,"2000-11-01",9.252255,0.947451771098193,1.01604051850058,2000,11,1,"Fall",0.912302348979576,0.980090583462755,0.672844171524048,0.672844171524048,1,36,36,FALSE,TRUE,TRUE,0.910621615010728
71,1632000,"2000-11-02",8.835961,0.955006211999129,1.00797343055487,2000,11,2,"Fall",0.912302348979576,0.980090583462755,0.672844171524048,0.672844171524048,1,36,36,FALSE,TRUE,TRUE,0.910621615010728
71,1632000,"2000-11-03",8.466194,0.95815203349132,1.0032940324918,2000,11,3,"Fall",0.912302348979576,0.980090583462755,0.672844171524048,0.672844171524048,1,36,36,FALSE,TRUE,TRUE,0.910621615010728
71,1632000,"2000-11-04",8.118636,0.958947550693972,1.0008302619781,2000,11,4,"Fall",0.912302348979576,0.980090583462755,0.672844171524048,0.672844171524048,1,36,36,FALSE,TRUE,TRUE,0.910621615010728
71,1632000,"2000-11-05",7.791223,0.959671427564926,1.00075486596783,2000,11,5,"Fall",0.912302348979576,0.980090583462755,0.672844171524048,0.672844171524048,1,36,36,FALSE,TRUE,TRUE,0.910621615010728
71,1632000,"2000-11-06",7.491204,0.961492695049288,1.00189780317726,2000,11,6,"Fall",0.912302348979576,0.980090583462755,0.672844171524048,0.672844171524048,1,36,36,FALSE,TRUE,TRUE,0.910621615010728
71,1632000,"2000-11-07",7.21583,0.963240354954958,1.00181765281699,2000,11,7,"Fall",0.912302348979576,0.980090583462755,0.672844171524048,0.672844171524048,1,36,36,FALSE,TRUE,TRUE,0.910621615010728
71,1632000,"2000-11-08",6.951118,0.963315100272595,1.00007759778466,2000,11,8,"Fall",0.912302348979576,0.980090583462755,0.672844171524048,0.672844171524048,1,36,36,FALSE,TRUE,TRUE,0.910621615010728
72,1632000,"2000-12-26",120.364087,0.960888449955785,1.01448021415119,2000,12,26,"Winter",0.960873521459256,0.995468271700232,0.42771053314209,0.000858426094055176,6,18,13,FALSE,TRUE,TRUE,0.971929344188163
72,1632000,"2000-12-27",116.449784,0.967479477495642,1.00685930561467,2000,12,27,"Winter",0.960873521459256,0.995468271700232,0.42771053314209,0.000858426094055176,6,18,13,FALSE,TRUE,TRUE,0.971929344188163
72,1632000,"2000-12-28",112.996615,0.970346282480009,1.00296316878141,2000,12,28,"Winter",0.960873521459256,0.995468271700232,0.42771053314209,0.000858426094055176,6,18,13,FALSE,TRUE,TRUE,0.971929344188163
72,1632000,"2000-12-29",109.768545,0.971432153078214,1.00111905473109,2000,12,29,"Winter",0.960873521459256,0.995468271700232,0.42771053314209,0.000858426094055176,6,18,13,FALSE,TRUE,TRUE,0.971929344188163
72,1632000,"2000-12-30",106.618621,0.971303946863831,0.999868023501202,2000,12,30,"Winter",0.960873521459256,0.995468271700232,0.42771053314209,0.000858426094055176,6,18,13,FALSE,TRUE,TRUE,0.971929344188163
72,1632000,"2000-12-31",103.518889,0.970926917165811,0.999611831395067,2000,12,31,"Winter",0.960873521459256,0.995468271700232,0.42771053314209,0.000858426094055176,6,18,13,FALSE,TRUE,TRUE,0.971929344188163
72,1632000,"2001-01-01",100.50613,0.970896528845088,0.999968701742443,2001,1,1,"Winter",0.960873521459256,0.995468271700232,0.42771053314209,0.000858426094055176,6,18,13,FALSE,TRUE,TRUE,0.971929344188163
72,1632000,"2001-01-02",97.549833,0.97058590356628,0.999680063457248,2001,1,2,"Winter",0.960873521459256,0.995468271700232,0.42771053314209,0.000858426094055176,6,18,13,FALSE,TRUE,TRUE,0.971929344188163
72,1632000,"2001-01-03",94.63314,0.970100481873711,0.999499867357659,2001,1,3,"Winter",0.960873521459256,0.995468271700232,0.42771053314209,0.000858426094055176,6,18,13,FALSE,TRUE,TRUE,0.971929344188163
72,1632000,"2001-01-04",91.758443,0.969622724132371,0.999507517262112,2001,1,4,"Winter",0.960873521459256,0.995468271700232,0.42771053314209,0.000858426094055176,6,18,13,FALSE,TRUE,TRUE,0.971929344188163
72,1632000,"2001-01-05",88.931309,0.96918938565686,0.999553085478789,2001,1,5,"Winter",0.960873521459256,0.995468271700232,0.42771053314209,0.000858426094055176,6,18,13,FALSE,TRUE,TRUE,0.971929344188163
72,1632000,"2001-01-06",87.876149,0.988135112235894,1.01954801286458,2001,1,6,"Winter",0.960873521459256,0.995468271700232,0.42771053314209,0.000858426094055176,6,18,13,FALSE,TRUE,TRUE,0.971929344188163
72,1632000,"2001-01-07",86.521545,0.984585077800804,0.996407339045914,2001,1,7,"Winter",0.960873521459256,0.995468271700232,0.42771053314209,0.000858426094055176,6,18,13,FALSE,TRUE,TRUE,0.971929344188163
73,1632000,"2001-04-25",127.310504,0.936143101572543,0.997485420386312,2001,4,25,"Spring",0.905482543985148,0.980604453394984,0.413045823574066,0.0190013032406569,8,31,24,FALSE,TRUE,TRUE,0.890608822877614
73,1632000,"2001-04-26",119.609518,0.939510207264595,1.00359678524191,2001,4,26,"Spring",0.905482543985148,0.980604453394984,0.413045823574066,0.0190013032406569,8,31,24,FALSE,TRUE,TRUE,0.890608822877614
73,1632000,"2001-04-27",112.527857,0.940793499393585,1.00136591611147,2001,4,27,"Spring",0.905482543985148,0.980604453394984,0.413045823574066,0.0190013032406569,8,31,24,FALSE,TRUE,TRUE,0.890608822877614
73,1632000,"2001-04-28",105.487819,0.937437376062356,0.996432667388335,2001,4,28,"Spring",0.905482543985148,0.980604453394984,0.413045823574066,0.0190013032406569,8,31,24,FALSE,TRUE,TRUE,0.890608822877614
73,1632000,"2001-04-29",98.587452,0.934586125057719,0.99695846242379,2001,4,29,"Spring",0.905482543985148,0.980604453394984,0.413045823574066,0.0190013032406569,8,31,24,FALSE,TRUE,TRUE,0.890608822877614
73,1632000,"2001-04-30",91.974468,0.932922660380755,0.998220105528679,2001,4,30,"Spring",0.905482543985148,0.980604453394984,0.413045823574066,0.0190013032406569,8,31,24,FALSE,TRUE,TRUE,0.890608822877614
73,1632000,"2001-05-01",85.19973,0.926341101532656,0.992945225657384,2001,5,1,"Spring",0.905482543985148,0.980604453394984,0.413045823574066,0.0190013032406569,8,31,24,FALSE,TRUE,TRUE,0.890608822877614
73,1632000,"2001-05-02",77.728846,0.912313290194699,0.984856753829936,2001,5,2,"Spring",0.905482543985148,0.980604453394984,0.413045823574066,0.0190013032406569,8,31,24,FALSE,TRUE,TRUE,0.890608822877614
73,1632000,"2001-05-03",69.575405,0.89510405184711,0.981136701029625,2001,5,3,"Spring",0.905482543985148,0.980604453394984,0.413045823574066,0.0190013032406569,8,31,24,FALSE,TRUE,TRUE,0.890608822877614
73,1632000,"2001-05-04",61.015265,0.876966005444021,0.979736382194161,2001,5,4,"Spring",0.905482543985148,0.980604453394984,0.413045823574066,0.0190013032406569,8,31,24,FALSE,TRUE,TRUE,0.890608822877614
73,1632000,"2001-05-05",52.815361,0.865608975065502,0.987049634412261,2001,5,5,"Spring",0.905482543985148,0.980604453394984,0.413045823574066,0.0190013032406569,8,31,24,FALSE,TRUE,TRUE,0.890608822877614
73,1632000,"2001-05-06",45.622202,0.863805550813143,0.997916583232952,2001,5,6,"Spring",0.905482543985148,0.980604453394984,0.413045823574066,0.0190013032406569,8,31,24,FALSE,TRUE,TRUE,0.890608822877614
73,1632000,"2001-05-07",39.962566,0.875945575796626,1.01405411781859,2001,5,7,"Spring",0.905482543985148,0.980604453394984,0.413045823574066,0.0190013032406569,8,31,24,FALSE,TRUE,TRUE,0.890608822877614
73,1632000,"2001-05-08",35.0307,0.876587854743862,1.00073324070009,2001,5,8,"Spring",0.905482543985148,0.980604453394984,0.413045823574066,0.0190013032406569,8,31,24,FALSE,TRUE,TRUE,0.890608822877614
73,1632000,"2001-05-09",30.031584,0.857293288458409,0.977989010250329,2001,5,9,"Spring",0.905482543985148,0.980604453394984,0.413045823574066,0.0190013032406569,8,31,24,FALSE,TRUE,TRUE,0.890608822877614
73,1632000,"2001-05-10",25.072909,0.834884666756172,0.973861195457937,2001,5,10,"Spring",0.905482543985148,0.980604453394984,0.413045823574066,0.0190013032406569,8,31,24,FALSE,TRUE,TRUE,0.890608822877614
73,1632000,"2001-05-11",20.557729,0.819917983988216,0.98207335292657,2001,5,11,"Spring",0.905482543985148,0.980604453394984,0.413045823574066,0.0190013032406569,8,31,24,FALSE,TRUE,TRUE,0.890608822877614
73,1632000,"2001-05-12",17.569053,0.854620323091135,1.04232415897761,2001,5,12,"Spring",0.905482543985148,0.980604453394984,0.413045823574066,0.0190013032406569,8,31,24,FALSE,TRUE,TRUE,0.890608822877614
73,1632000,"2001-05-13",15.924674,0.906404801670301,1.06059354918201,2001,5,13,"Spring",0.905482543985148,0.980604453394984,0.413045823574066,0.0190013032406569,8,31,24,FALSE,TRUE,TRUE,0.890608822877614
73,1632000,"2001-05-14",14.864935,0.933453017625353,1.02984120991549,2001,5,14,"Spring",0.905482543985148,0.980604453394984,0.413045823574066,0.0190013032406569,8,31,24,FALSE,TRUE,TRUE,0.890608822877614
73,1632000,"2001-05-15",14.086701,0.947646323377802,1.01520516349988,2001,5,15,"Spring",0.905482543985148,0.980604453394984,0.413045823574066,0.0190013032406569,8,31,24,FALSE,TRUE,TRUE,0.890608822877614
73,1632000,"2001-05-16",13.466618,0.955980963889274,1.00879509613013,2001,5,16,"Spring",0.905482543985148,0.980604453394984,0.413045823574066,0.0190013032406569,8,31,24,FALSE,TRUE,TRUE,0.890608822877614
73,1632000,"2001-05-17",12.989323,0.964557173894737,1.00897110960303,2001,5,17,"Spring",0.905482543985148,0.980604453394984,0.413045823574066,0.0190013032406569,8,31,24,FALSE,TRUE,TRUE,0.890608822877614
73,1632000,"2001-05-18",12.874296,0.991144496137327,1.02756427816014,2001,5,18,"Spring",0.905482543985148,0.980604453394984,0.413045823574066,0.0190013032406569,8,31,24,FALSE,TRUE,TRUE,0.890608822877614
75,1632000,"2001-11-12",2.675537,0.972980924310004,1.00049529141031,2001,11,12,"Fall",0.971348257251408,0.999988029322169,0.465512275695801,0,16,24,9,FALSE,TRUE,TRUE,0.974284150799378
75,1632000,"2001-11-13",2.605373,0.973775731750299,1.00081687874905,2001,11,13,"Fall",0.971348257251408,0.999988029322169,0.465512275695801,0,16,24,9,FALSE,TRUE,TRUE,0.974284150799378
75,1632000,"2001-11-14",2.538827,0.974458167794016,1.00070081438823,2001,11,14,"Fall",0.971348257251408,0.999988029322169,0.465512275695801,0,16,24,9,FALSE,TRUE,TRUE,0.974284150799378
75,1632000,"2001-11-15",2.474533,0.974675706536916,1.00022324071991,2001,11,15,"Fall",0.971348257251408,0.999988029322169,0.465512275695801,0,16,24,9,FALSE,TRUE,TRUE,0.974284150799378
75,1632000,"2001-11-16",2.411347,0.974465485002625,0.99978431643173,2001,11,16,"Fall",0.971348257251408,0.999988029322169,0.465512275695801,0,16,24,9,FALSE,TRUE,TRUE,0.974284150799378
75,1632000,"2001-11-17",2.348975,0.974133959152291,0.999659786975079,2001,11,17,"Fall",0.971348257251408,0.999988029322169,0.465512275695801,0,16,24,9,FALSE,TRUE,TRUE,0.974284150799378
75,1632000,"2001-11-18",2.288026,0.974052937983589,0.999916827487697,2001,11,18,"Fall",0.971348257251408,0.999988029322169,0.465512275695801,0,16,24,9,FALSE,TRUE,TRUE,0.974284150799378
75,1632000,"2001-11-19",2.228919,0.974166814537947,1.00011691002605,2001,11,19,"Fall",0.971348257251408,0.999988029322169,0.465512275695801,0,16,24,9,FALSE,TRUE,TRUE,0.974284150799378
75,1632000,"2001-11-20",2.171536,0.974255233142165,1.00009076330963,2001,11,20,"Fall",0.971348257251408,0.999988029322169,0.465512275695801,0,16,24,9,FALSE,TRUE,TRUE,0.974284150799378
76,1632000,"2001-12-18",43.268389,1.05688988155504,1.15268774746458,2001,12,18,"Winter",0.966072946097124,0.979888315517363,0.392314434051514,0.0102659463882446,3,18,16,FALSE,TRUE,TRUE,0.962859858917621
76,1632000,"2001-12-19",45.461096,1.05067688099042,0.994121430554821,2001,12,19,"Winter",0.966072946097124,0.979888315517363,0.392314434051514,0.0102659463882446,3,18,16,FALSE,TRUE,TRUE,0.962859858917621
76,1632000,"2001-12-20",42.352323,0.931616848832681,0.886682543118772,2001,12,20,"Winter",0.966072946097124,0.979888315517363,0.392314434051514,0.0102659463882446,3,18,16,FALSE,TRUE,TRUE,0.962859858917621
76,1632000,"2001-12-21",39.947341,0.943214873951542,1.01244935096804,2001,12,21,"Winter",0.966072946097124,0.979888315517363,0.392314434051514,0.0102659463882446,3,18,16,FALSE,TRUE,TRUE,0.962859858917621
76,1632000,"2001-12-22",37.921812,0.949295023165622,1.00644619734272,2001,12,22,"Winter",0.966072946097124,0.979888315517363,0.392314434051514,0.0102659463882446,3,18,16,FALSE,TRUE,TRUE,0.962859858917621
76,1632000,"2001-12-23",36.128533,0.952711146819672,1.00359859008073,2001,12,23,"Winter",0.966072946097124,0.979888315517363,0.392314434051514,0.0102659463882446,3,18,16,FALSE,TRUE,TRUE,0.962859858917621
76,1632000,"2001-12-24",36.176589,1.00133013980944,1.05103224954601,2001,12,24,"Winter",0.966072946097124,0.979888315517363,0.392314434051514,0.0102659463882446,3,18,16,FALSE,TRUE,TRUE,0.962859858917621
76,1632000,"2001-12-25",36.196225,1.00054278196322,0.999213688058594,2001,12,25,"Winter",0.966072946097124,0.979888315517363,0.392314434051514,0.0102659463882446,3,18,16,FALSE,TRUE,TRUE,0.962859858917621
76,1632000,"2001-12-26",34.47724,0.952509274102479,0.951992549717373,2001,12,26,"Winter",0.966072946097124,0.979888315517363,0.392314434051514,0.0102659463882446,3,18,16,FALSE,TRUE,TRUE,0.962859858917621
76,1632000,"2001-12-27",32.866162,0.953271259532376,1.00079997691426,2001,12,27,"Winter",0.966072946097124,0.979888315517363,0.392314434051514,0.0102659463882446,3,18,16,FALSE,TRUE,TRUE,0.962859858917621
76,1632000,"2001-12-28",31.373389,0.954580245785924,1.00137315191291,2001,12,28,"Winter",0.966072946097124,0.979888315517363,0.392314434051514,0.0102659463882446,3,18,16,FALSE,TRUE,TRUE,0.962859858917621
76,1632000,"2001-12-29",29.993316,0.956011350893587,1.0014991983272,2001,12,29,"Winter",0.966072946097124,0.979888315517363,0.392314434051514,0.0102659463882446,3,18,16,FALSE,TRUE,TRUE,0.962859858917621
76,1632000,"2001-12-30",28.69468,0.956702486647358,1.00072293676547,2001,12,30,"Winter",0.966072946097124,0.979888315517363,0.392314434051514,0.0102659463882446,3,18,16,FALSE,TRUE,TRUE,0.962859858917621
76,1632000,"2001-12-31",27.443919,0.956411397513407,0.999695737036315,2001,12,31,"Winter",0.966072946097124,0.979888315517363,0.392314434051514,0.0102659463882446,3,18,16,FALSE,TRUE,TRUE,0.962859858917621
76,1632000,"2002-01-01",26.247516,0.956405533772345,0.999993869018001,2002,1,1,"Winter",0.966072946097124,0.979888315517363,0.392314434051514,0.0102659463882446,3,18,16,FALSE,TRUE,TRUE,0.962859858917621
76,1632000,"2002-01-02",25.111972,0.956737087044732,1.00034666599123,2002,1,2,"Winter",0.966072946097124,0.979888315517363,0.392314434051514,0.0102659463882446,3,18,16,FALSE,TRUE,TRUE,0.962859858917621
77,1632000,"2002-02-21",16.191982,0.905816110062598,0.965531066721545,2002,2,21,"Winter",0.92458263801177,0.999932317472993,0.462432742118835,2.61768718701205e-07,11,15,5,FALSE,TRUE,TRUE,0.879122250627138
77,1632000,"2002-02-22",14.263859,0.880921125035836,0.972516513285415,2002,2,22,"Winter",0.92458263801177,0.999932317472993,0.462432742118835,2.61768718701205e-07,11,15,5,FALSE,TRUE,TRUE,0.879122250627138
77,1632000,"2002-02-23",12.485095,0.875295738691752,0.993614199745914,2002,2,23,"Winter",0.92458263801177,0.999932317472993,0.462432742118835,2.61768718701205e-07,11,15,5,FALSE,TRUE,TRUE,0.879122250627138
77,1632000,"2002-02-24",11.017001,0.882412268388827,1.00813042881679,2002,2,24,"Winter",0.92458263801177,0.999932317472993,0.462432742118835,2.61768718701205e-07,11,15,5,FALSE,TRUE,TRUE,0.879122250627138
77,1632000,"2002-02-25",9.674604,0.878152230357427,0.995172281501504,2002,2,25,"Winter",0.92458263801177,0.999932317472993,0.462432742118835,2.61768718701205e-07,11,15,5,FALSE,TRUE,TRUE,0.879122250627138
79,1632000,"2002-11-28",203.997899,0.960362046473886,1.00442815835348,2002,11,28,"Fall",0.963309001895091,0.999549460491986,0.360121607780457,0.013277530670166,3,15,13,FALSE,TRUE,TRUE,0.963460768858968
79,1632000,"2002-11-29",195.849792,0.96005788765501,0.999683287339402,2002,11,29,"Fall",0.963309001895091,0.999549460491986,0.360121607780457,0.013277530670166,3,15,13,FALSE,TRUE,TRUE,0.963460768858968
79,1632000,"2002-11-30",188.392552,0.961923676691982,1.00194341305974,2002,11,30,"Fall",0.963309001895091,0.999549460491986,0.360121607780457,0.013277530670166,3,15,13,FALSE,TRUE,TRUE,0.963460768858968
79,1632000,"2002-12-01",182.488886,0.968662954361381,1.00700604198929,2002,12,1,"Winter",0.963309001895091,0.999549460491986,0.360121607780457,0.013277530670166,3,15,13,FALSE,TRUE,TRUE,0.963460768858968
79,1632000,"2002-12-02",176.14398,0.965231274413062,0.996457302374508,2002,12,2,"Winter",0.963309001895091,0.999549460491986,0.360121607780457,0.013277530670166,3,15,13,FALSE,TRUE,TRUE,0.963460768858968
79,1632000,"2002-12-03",168.851048,0.958596757039327,0.993126499783412,2002,12,3,"Winter",0.963309001895091,0.999549460491986,0.360121607780457,0.013277530670166,3,15,13,FALSE,TRUE,TRUE,0.963460768858968
79,1632000,"2002-12-04",162.298996,0.961196260979085,1.00271178044435,2002,12,4,"Winter",0.963309001895091,0.999549460491986,0.360121607780457,0.013277530670166,3,15,13,FALSE,TRUE,TRUE,0.963460768858968
79,1632000,"2002-12-05",156.095001,0.961774286022077,1.00060136006189,2002,12,5,"Winter",0.963309001895091,0.999549460491986,0.360121607780457,0.013277530670166,3,15,13,FALSE,TRUE,TRUE,0.963460768858968
79,1632000,"2002-12-06",150.977756,0.967217111584502,1.00565915063599,2002,12,6,"Winter",0.963309001895091,0.999549460491986,0.360121607780457,0.013277530670166,3,15,13,FALSE,TRUE,TRUE,0.963460768858968
79,1632000,"2002-12-07",146.093291,0.967647783823201,1.00044526945764,2002,12,7,"Winter",0.963309001895091,0.999549460491986,0.360121607780457,0.013277530670166,3,15,13,FALSE,TRUE,TRUE,0.963460768858968
79,1632000,"2002-12-08",140.213112,0.959750519960564,0.991838699995328,2002,12,8,"Winter",0.963309001895091,0.999549460491986,0.360121607780457,0.013277530670166,3,15,13,FALSE,TRUE,TRUE,0.963460768858968
79,1632000,"2002-12-09",134.72459,0.960855857760293,1.00115169283761,2002,12,9,"Winter",0.963309001895091,0.999549460491986,0.360121607780457,0.013277530670166,3,15,13,FALSE,TRUE,TRUE,0.963460768858968
79,1632000,"2002-12-10",130.761186,0.970581435801735,1.01012178669974,2002,12,10,"Winter",0.963309001895091,0.999549460491986,0.360121607780457,0.013277530670166,3,15,13,FALSE,TRUE,TRUE,0.963460768858968
80,1632000,"2003-01-09",331.78839,1.00005785648665,1.09469208375088,2003,1,9,"Winter",0.963665834516435,0.995816538681704,0.397587299346924,0.0425783395767212,2,23,22,FALSE,TRUE,TRUE,0.960310235936246
80,1632000,"2003-01-10",342.319599,1.03174073993367,1.03168105049275,2003,1,10,"Winter",0.963665834516435,0.995816538681704,0.397587299346924,0.0425783395767212,2,23,22,FALSE,TRUE,TRUE,0.960310235936246
80,1632000,"2003-01-11",324.686419,0.948489131059072,0.919309565230557,2003,1,11,"Winter",0.963665834516435,0.995816538681704,0.397587299346924,0.0425783395767212,2,23,22,FALSE,TRUE,TRUE,0.960310235936246
80,1632000,"2003-01-12",300.387971,0.925163337367677,0.975407421205397,2003,1,12,"Winter",0.963665834516435,0.995816538681704,0.397587299346924,0.0425783395767212,2,23,22,FALSE,TRUE,TRUE,0.960310235936246
80,1632000,"2003-01-13",284.521419,0.947179802349675,1.02379738160036,2003,1,13,"Winter",0.963665834516435,0.995816538681704,0.397587299346924,0.0425783395767212,2,23,22,FALSE,TRUE,TRUE,0.960310235936246
80,1632000,"2003-01-14",271.806656,0.955311754578308,1.0085854366916,2003,1,14,"Winter",0.963665834516435,0.995816538681704,0.397587299346924,0.0425783395767212,2,23,22,FALSE,TRUE,TRUE,0.960310235936246
80,1632000,"2003-01-15",261.179954,0.960903451900751,1.00585326967416,2003,1,15,"Winter",0.963665834516435,0.995816538681704,0.397587299346924,0.0425783395767212,2,23,22,FALSE,TRUE,TRUE,0.960310235936246
80,1632000,"2003-01-16",251.460205,0.962785241167475,1.00195835415411,2003,1,16,"Winter",0.963665834516435,0.995816538681704,0.397587299346924,0.0425783395767212,2,23,22,FALSE,TRUE,TRUE,0.960310235936246
80,1632000,"2003-01-17",242.222537,0.963263896965327,1.00049715739023,2003,1,17,"Winter",0.963665834516435,0.995816538681704,0.397587299346924,0.0425783395767212,2,23,22,FALSE,TRUE,TRUE,0.960310235936246
80,1632000,"2003-01-18",233.274414,0.963058255805487,0.999786516280234,2003,1,18,"Winter",0.963665834516435,0.995816538681704,0.397587299346924,0.0425783395767212,2,23,22,FALSE,TRUE,TRUE,0.960310235936246
80,1632000,"2003-01-19",224.248936,0.961309610234408,0.998184278510113,2003,1,19,"Winter",0.963665834516435,0.995816538681704,0.397587299346924,0.0425783395767212,2,23,22,FALSE,TRUE,TRUE,0.960310235936246
80,1632000,"2003-01-20",215.602846,0.961444231779989,1.00014003973761,2003,1,20,"Winter",0.963665834516435,0.995816538681704,0.397587299346924,0.0425783395767212,2,23,22,FALSE,TRUE,TRUE,0.960310235936246
80,1632000,"2003-01-21",207.31591,0.96156388399437,1.00012445049897,2003,1,21,"Winter",0.963665834516435,0.995816538681704,0.397587299346924,0.0425783395767212,2,23,22,FALSE,TRUE,TRUE,0.960310235936246
80,1632000,"2003-01-22",199.557413,0.962576451561291,1.00105304242784,2003,1,22,"Winter",0.963665834516435,0.995816538681704,0.397587299346924,0.0425783395767212,2,23,22,FALSE,TRUE,TRUE,0.960310235936246
80,1632000,"2003-01-23",191.934052,0.961798657913049,0.999191966885352,2003,1,23,"Winter",0.963665834516435,0.995816538681704,0.397587299346924,0.0425783395767212,2,23,22,FALSE,TRUE,TRUE,0.960310235936246
80,1632000,"2003-01-24",184.367771,0.960578746078887,0.998731634917428,2003,1,24,"Winter",0.963665834516435,0.995816538681704,0.397587299346924,0.0425783395767212,2,23,22,FALSE,TRUE,TRUE,0.960310235936246
80,1632000,"2003-01-25",177.236824,0.961322160802172,1.00077392376869,2003,1,25,"Winter",0.963665834516435,0.995816538681704,0.397587299346924,0.0425783395767212,2,23,22,FALSE,TRUE,TRUE,0.960310235936246
80,1632000,"2003-01-26",170.422115,0.961550264520651,1.00023728124429,2003,1,26,"Winter",0.963665834516435,0.995816538681704,0.397587299346924,0.0425783395767212,2,23,22,FALSE,TRUE,TRUE,0.960310235936246
80,1632000,"2003-01-27",163.871304,0.961561262163658,1.00001143740833,2003,1,27,"Winter",0.963665834516435,0.995816538681704,0.397587299346924,0.0425783395767212,2,23,22,FALSE,TRUE,TRUE,0.960310235936246
80,1632000,"2003-01-28",157.551467,0.961434144687102,0.999867800959171,2003,1,28,"Winter",0.963665834516435,0.995816538681704,0.397587299346924,0.0425783395767212,2,23,22,FALSE,TRUE,TRUE,0.960310235936246
80,1632000,"2003-01-29",151.650921,0.96254845408707,1.00115900751614,2003,1,29,"Winter",0.963665834516435,0.995816538681704,0.397587299346924,0.0425783395767212,2,23,22,FALSE,TRUE,TRUE,0.960310235936246
80,1632000,"2003-01-30",146.843609,0.968300146360469,1.00597548336292,2003,1,30,"Winter",0.963665834516435,0.995816538681704,0.397587299346924,0.0425783395767212,2,23,22,FALSE,TRUE,TRUE,0.960310235936246
81,1632000,"2003-08-18",167.219342,0.894036029098704,1.05257617551816,2003,8,18,"Summer",0.909450316140861,0.996162969742205,0.443421363830566,0.0150836706161499,4,17,14,FALSE,TRUE,TRUE,0.917295398225136
81,1632000,"2003-08-19",152.561196,0.912341803139017,1.02047543213529,2003,8,19,"Summer",0.909450316140861,0.996162969742205,0.443421363830566,0.0150836706161499,4,17,14,FALSE,TRUE,TRUE,0.917295398225136
81,1632000,"2003-08-20",140.390529,0.920224360328166,1.00863991670888,2003,8,20,"Summer",0.909450316140861,0.996162969742205,0.443421363830566,0.0150836706161499,4,17,14,FALSE,TRUE,TRUE,0.917295398225136
81,1632000,"2003-08-21",129.567842,0.922910134486352,1.00291860797646,2003,8,21,"Summer",0.909450316140861,0.996162969742205,0.443421363830566,0.0150836706161499,4,17,14,FALSE,TRUE,TRUE,0.917295398225136
81,1632000,"2003-08-22",119.276993,0.920575593132129,0.997470456475677,2003,8,22,"Summer",0.909450316140861,0.996162969742205,0.443421363830566,0.0150836706161499,4,17,14,FALSE,TRUE,TRUE,0.917295398225136
81,1632000,"2003-08-23",109.404814,0.917233166667775,0.996369199347354,2003,8,23,"Summer",0.909450316140861,0.996162969742205,0.443421363830566,0.0150836706161499,4,17,14,FALSE,TRUE,TRUE,0.917295398225136
81,1632000,"2003-08-24",100.180225,0.915683883891983,0.998310917188679,2003,8,24,"Summer",0.909450316140861,0.996162969742205,0.443421363830566,0.0150836706161499,4,17,14,FALSE,TRUE,TRUE,0.917295398225136
81,1632000,"2003-08-25",91.638379,0.914735208470534,0.99896397060368,2003,8,25,"Summer",0.909450316140861,0.996162969742205,0.443421363830566,0.0150836706161499,4,17,14,FALSE,TRUE,TRUE,0.917295398225136
81,1632000,"2003-08-26",83.174211,0.907635118687553,0.992238092819394,2003,8,26,"Summer",0.909450316140861,0.996162969742205,0.443421363830566,0.0150836706161499,4,17,14,FALSE,TRUE,TRUE,0.917295398225136
81,1632000,"2003-08-27",74.395137,0.894449566825467,0.985472629264111,2003,8,27,"Summer",0.909450316140861,0.996162969742205,0.443421363830566,0.0150836706161499,4,17,14,FALSE,TRUE,TRUE,0.917295398225136
81,1632000,"2003-08-28",67.034345,0.901058156529774,1.00738844307093,2003,8,28,"Summer",0.909450316140861,0.996162969742205,0.443421363830566,0.0150836706161499,4,17,14,FALSE,TRUE,TRUE,0.917295398225136
81,1632000,"2003-08-29",63.295059,0.944218355531034,1.04789945986115,2003,8,29,"Summer",0.909450316140861,0.996162969742205,0.443421363830566,0.0150836706161499,4,17,14,FALSE,TRUE,TRUE,0.917295398225136
81,1632000,"2003-08-30",60.323246,0.953048262424402,1.00935155183295,2003,8,30,"Summer",0.909450316140861,0.996162969742205,0.443421363830566,0.0150836706161499,4,17,14,FALSE,TRUE,TRUE,0.917295398225136
81,1632000,"2003-08-31",56.885193,0.943006167141602,0.989463182843171,2003,8,31,"Summer",0.909450316140861,0.996162969742205,0.443421363830566,0.0150836706161499,4,17,14,FALSE,TRUE,TRUE,0.917295398225136
82,1632000,"2004-01-02",214.636812,0.952711013321352,1.00520929891835,2004,1,2,"Winter",0.965328497374789,0.995994789248431,0.344577550888062,0.0994827747344971,3,35,33,FALSE,TRUE,TRUE,0.965777074460423
82,1632000,"2004-01-03",205.958755,0.95956864566177,1.00719801938314,2004,1,3,"Winter",0.965328497374789,0.995994789248431,0.344577550888062,0.0994827747344971,3,35,33,FALSE,TRUE,TRUE,0.965777074460423
82,1632000,"2004-01-04",197.836072,0.960561603705557,1.00103479625796,2004,1,4,"Winter",0.965328497374789,0.995994789248431,0.344577550888062,0.0994827747344971,3,35,33,FALSE,TRUE,TRUE,0.965777074460423
82,1632000,"2004-01-05",191.156606,0.966237370503393,1.00590880041003,2004,1,5,"Winter",0.965328497374789,0.995994789248431,0.344577550888062,0.0994827747344971,3,35,33,FALSE,TRUE,TRUE,0.965777074460423
82,1632000,"2004-01-06",185.477743,0.970292091291891,1.00419640236683,2004,1,6,"Winter",0.965328497374789,0.995994789248431,0.344577550888062,0.0994827747344971,3,35,33,FALSE,TRUE,TRUE,0.965777074460423
82,1632000,"2004-01-07",178.127925,0.960373585093711,0.989777814034356,2004,1,7,"Winter",0.965328497374789,0.995994789248431,0.344577550888062,0.0994827747344971,3,35,33,FALSE,TRUE,TRUE,0.965777074460423
82,1632000,"2004-01-08",170.140451,0.955158777041837,0.994570021361671,2004,1,8,"Winter",0.965328497374789,0.995994789248431,0.344577550888062,0.0994827747344971,3,35,33,FALSE,TRUE,TRUE,0.965777074460423
82,1632000,"2004-01-09",163.458745,0.960728292650405,1.0058309840651,2004,1,9,"Winter",0.965328497374789,0.995994789248431,0.344577550888062,0.0994827747344971,3,35,33,FALSE,TRUE,TRUE,0.965777074460423
82,1632000,"2004-01-10",157.255098,0.962047628592768,1.00137326646093,2004,1,10,"Winter",0.965328497374789,0.995994789248431,0.344577550888062,0.0994827747344971,3,35,33,FALSE,TRUE,TRUE,0.965777074460423
82,1632000,"2004-01-11",151.148536,0.961167796289822,0.999085458685415,2004,1,11,"Winter",0.965328497374789,0.995994789248431,0.344577550888062,0.0994827747344971,3,35,33,FALSE,TRUE,TRUE,0.965777074460423
82,1632000,"2004-01-12",145.361397,0.961712239144678,1.00056643892664,2004,1,12,"Winter",0.965328497374789,0.995994789248431,0.344577550888062,0.0994827747344971,3,35,33,FALSE,TRUE,TRUE,0.965777074460423
82,1632000,"2004-01-13",140.228577,0.96468924964996,1.00309553147408,2004,1,13,"Winter",0.965328497374789,0.995994789248431,0.344577550888062,0.0994827747344971,3,35,33,FALSE,TRUE,TRUE,0.965777074460423
82,1632000,"2004-01-14",136.393421,0.972650681608214,1.00825284614827,2004,1,14,"Winter",0.965328497374789,0.995994789248431,0.344577550888062,0.0994827747344971,3,35,33,FALSE,TRUE,TRUE,0.965777074460423
82,1632000,"2004-01-15",132.183731,0.969135681405044,0.996386163841104,2004,1,15,"Winter",0.965328497374789,0.995994789248431,0.344577550888062,0.0994827747344971,3,35,33,FALSE,TRUE,TRUE,0.965777074460423
82,1632000,"2004-01-16",126.62803,0.957969857879106,0.988478575559462,2004,1,16,"Winter",0.965328497374789,0.995994789248431,0.344577550888062,0.0994827747344971,3,35,33,FALSE,TRUE,TRUE,0.965777074460423
82,1632000,"2004-01-17",121.45351,0.959136061739253,1.0012173700984,2004,1,17,"Winter",0.965328497374789,0.995994789248431,0.344577550888062,0.0994827747344971,3,35,33,FALSE,TRUE,TRUE,0.965777074460423
82,1632000,"2004-01-18",121.627565,1.00143309979267,1.04409910099378,2004,1,18,"Winter",0.965328497374789,0.995994789248431,0.344577550888062,0.0994827747344971,3,35,33,FALSE,TRUE,TRUE,0.965777074460423
82,1632000,"2004-01-19",123.658264,1.01669604254595,1.01524110073497,2004,1,19,"Winter",0.965328497374789,0.995994789248431,0.344577550888062,0.0994827747344971,3,35,33,FALSE,TRUE,TRUE,0.965777074460423
82,1632000,"2004-01-20",119.042403,0.962672442174993,0.946863567762424,2004,1,20,"Winter",0.965328497374789,0.995994789248431,0.344577550888062,0.0994827747344971,3,35,33,FALSE,TRUE,TRUE,0.965777074460423
82,1632000,"2004-01-21",111.81045,0.93924893300415,0.975668245869881,2004,1,21,"Winter",0.965328497374789,0.995994789248431,0.344577550888062,0.0994827747344971,3,35,33,FALSE,TRUE,TRUE,0.965777074460423
82,1632000,"2004-01-22",107.426236,0.960788870807693,1.02293315120907,2004,1,22,"Winter",0.965328497374789,0.995994789248431,0.344577550888062,0.0994827747344971,3,35,33,FALSE,TRUE,TRUE,0.965777074460423
82,1632000,"2004-01-23",103.261187,0.961228754212332,1.00045783565776,2004,1,23,"Winter",0.965328497374789,0.995994789248431,0.344577550888062,0.0994827747344971,3,35,33,FALSE,TRUE,TRUE,0.965777074460423
82,1632000,"2004-01-24",98.067384,0.949702272936297,0.98800859709458,2004,1,24,"Winter",0.965328497374789,0.995994789248431,0.344577550888062,0.0994827747344971,3,35,33,FALSE,TRUE,TRUE,0.965777074460423
82,1632000,"2004-01-25",93.735431,0.95582677111077,1.00644886123684,2004,1,25,"Winter",0.965328497374789,0.995994789248431,0.344577550888062,0.0994827747344971,3,35,33,FALSE,TRUE,TRUE,0.965777074460423
82,1632000,"2004-01-26",89.952338,0.959640736062759,1.00399022612388,2004,1,26,"Winter",0.965328497374789,0.995994789248431,0.344577550888062,0.0994827747344971,3,35,33,FALSE,TRUE,TRUE,0.965777074460423
82,1632000,"2004-01-27",86.530018,0.961954073945249,1.00241062909853,2004,1,27,"Winter",0.965328497374789,0.995994789248431,0.344577550888062,0.0994827747344971,3,35,33,FALSE,TRUE,TRUE,0.965777074460423
82,1632000,"2004-01-28",83.352622,0.963279841222268,1.00137820225822,2004,1,28,"Winter",0.965328497374789,0.995994789248431,0.344577550888062,0.0994827747344971,3,35,33,FALSE,TRUE,TRUE,0.965777074460423
82,1632000,"2004-01-29",80.815743,0.96956449672333,1.00652422612009,2004,1,29,"Winter",0.965328497374789,0.995994789248431,0.344577550888062,0.0994827747344971,3,35,33,FALSE,TRUE,TRUE,0.965777074460423
82,1632000,"2004-01-30",79.774081,0.987110654912868,1.01809694790685,2004,1,30,"Winter",0.965328497374789,0.995994789248431,0.344577550888062,0.0994827747344971,3,35,33,FALSE,TRUE,TRUE,0.965777074460423
82,1632000,"2004-01-31",78.243461,0.980813066339179,0.993620179721143,2004,1,31,"Winter",0.965328497374789,0.995994789248431,0.344577550888062,0.0994827747344971,3,35,33,FALSE,TRUE,TRUE,0.965777074460423
82,1632000,"2004-02-01",74.751833,0.955374826785845,0.974064130641856,2004,2,1,"Winter",0.965328497374789,0.995994789248431,0.344577550888062,0.0994827747344971,3,35,33,FALSE,TRUE,TRUE,0.965777074460423
82,1632000,"2004-02-02",71.184121,0.952272581730538,0.996752850328133,2004,2,2,"Winter",0.965328497374789,0.995994789248431,0.344577550888062,0.0994827747344971,3,35,33,FALSE,TRUE,TRUE,0.965777074460423
82,1632000,"2004-02-03",69.387,0.974753906141511,1.02360807697531,2004,2,3,"Winter",0.965328497374789,0.995994789248431,0.344577550888062,0.0994827747344971,3,35,33,FALSE,TRUE,TRUE,0.965777074460423
83,1632000,"2004-10-07",196.161646,0.921649056321461,1.02983706052222,2004,10,7,"Fall",0.964964905482596,0.353367405023248,0.760332345962524,0.0343399047851562,4,16,13,FALSE,TRUE,TRUE,0.982399434088733
83,1632000,"2004-10-08",183.563057,0.935774453075297,1.01532622060095,2004,10,8,"Fall",0.964964905482596,0.353367405023248,0.760332345962524,0.0343399047851562,4,16,13,FALSE,TRUE,TRUE,0.982399434088733
83,1632000,"2004-10-09",172.953954,0.942204585315879,1.00687145520959,2004,10,9,"Fall",0.964964905482596,0.353367405023248,0.760332345962524,0.0343399047851562,4,16,13,FALSE,TRUE,TRUE,0.982399434088733
83,1632000,"2004-10-10",163.360818,0.94453358377687,1.00247186067367,2004,10,10,"Fall",0.964964905482596,0.353367405023248,0.760332345962524,0.0343399047851562,4,16,13,FALSE,TRUE,TRUE,0.982399434088733
83,1632000,"2004-10-11",154.447077,0.945435257308763,1.0009546230514,2004,10,11,"Fall",0.964964905482596,0.353367405023248,0.760332345962524,0.0343399047851562,4,16,13,FALSE,TRUE,TRUE,0.982399434088733
83,1632000,"2004-10-12",146.175573,0.946444412152909,1.00106739709181,2004,10,12,"Fall",0.964964905482596,0.353367405023248,0.760332345962524,0.0343399047851562,4,16,13,FALSE,TRUE,TRUE,0.982399434088733
83,1632000,"2004-10-13",138.476897,0.947332677806572,1.0009385291331,2004,10,13,"Fall",0.964964905482596,0.353367405023248,0.760332345962524,0.0343399047851562,4,16,13,FALSE,TRUE,TRUE,0.982399434088733
83,1632000,"2004-10-14",162.799249,1.1756419484183,1.24100221174714,2004,10,14,"Fall",0.964964905482596,0.353367405023248,0.760332345962524,0.0343399047851562,4,16,13,FALSE,TRUE,TRUE,0.982399434088733
83,1632000,"2004-10-15",185.332251,1.1384097416813,0.96833031792793,2004,10,15,"Fall",0.964964905482596,0.353367405023248,0.760332345962524,0.0343399047851562,4,16,13,FALSE,TRUE,TRUE,0.982399434088733
83,1632000,"2004-10-16",170.930857,0.922294182894266,0.810160128753064,2004,10,16,"Fall",0.964964905482596,0.353367405023248,0.760332345962524,0.0343399047851562,4,16,13,FALSE,TRUE,TRUE,0.982399434088733
83,1632000,"2004-10-17",156.598098,0.916148791086913,0.99333684206045,2004,10,17,"Fall",0.964964905482596,0.353367405023248,0.760332345962524,0.0343399047851562,4,16,13,FALSE,TRUE,TRUE,0.982399434088733
83,1632000,"2004-10-18",144.257002,0.921192554969601,1.00550539817523,2004,10,18,"Fall",0.964964905482596,0.353367405023248,0.760332345962524,0.0343399047851562,4,16,13,FALSE,TRUE,TRUE,0.982399434088733
83,1632000,"2004-10-19",135.093124,0.936475333100296,1.01659021020985,2004,10,19,"Fall",0.964964905482596,0.353367405023248,0.760332345962524,0.0343399047851562,4,16,13,FALSE,TRUE,TRUE,0.982399434088733
84,1632000,"2005-04-29",113.801098,0.923977016902405,1.01761963086404,2005,4,29,"Spring",0.925364467320434,0.920801894878779,0.381187319755554,0.381187319755554,1,21,21,FALSE,TRUE,TRUE,0.913532515311441
84,1632000,"2005-04-30",185.863272,1.63322916269226,1.76760799545382,2005,4,30,"Spring",0.925364467320434,0.920801894878779,0.381187319755554,0.381187319755554,1,21,21,FALSE,TRUE,TRUE,0.913532515311441
84,1632000,"2005-05-01",246.790534,1.3278068945219,0.812994847785543,2005,5,1,"Spring",0.925364467320434,0.920801894878779,0.381187319755554,0.381187319755554,1,21,21,FALSE,TRUE,TRUE,0.913532515311441
84,1632000,"2005-05-02",190.513859,0.771965828316575,0.581384109015741,2005,5,2,"Spring",0.925364467320434,0.920801894878779,0.381187319755554,0.381187319755554,1,21,21,FALSE,TRUE,TRUE,0.913532515311441
84,1632000,"2005-05-03",147.806537,0.775830891126928,1.00500677966379,2005,5,3,"Spring",0.925364467320434,0.920801894878779,0.381187319755554,0.381187319755554,1,21,21,FALSE,TRUE,TRUE,0.913532515311441
84,1632000,"2005-05-04",124.409935,0.841707934744456,1.08491160170464,2005,5,4,"Spring",0.925364467320434,0.920801894878779,0.381187319755554,0.381187319755554,1,21,21,FALSE,TRUE,TRUE,0.913532515311441
84,1632000,"2005-05-05",110.211918,0.885877144779474,1.05247569639275,2005,5,5,"Spring",0.925364467320434,0.920801894878779,0.381187319755554,0.381187319755554,1,21,21,FALSE,TRUE,TRUE,0.913532515311441
84,1632000,"2005-05-06",100.337014,0.910400760832417,1.02768286347318,2005,5,6,"Spring",0.925364467320434,0.920801894878779,0.381187319755554,0.381187319755554,1,21,21,FALSE,TRUE,TRUE,0.913532515311441
84,1632000,"2005-05-07",92.711999,0.924005960552105,1.01494418755455,2005,5,7,"Spring",0.925364467320434,0.920801894878779,0.381187319755554,0.381187319755554,1,21,21,FALSE,TRUE,TRUE,0.913532515311441
84,1632000,"2005-05-08",86.281753,0.930642785514742,1.00718266466449,2005,5,8,"Spring",0.925364467320434,0.920801894878779,0.381187319755554,0.381187319755554,1,21,21,FALSE,TRUE,TRUE,0.913532515311441
84,1632000,"2005-05-09",80.362308,0.931394010967765,1.00080721138628,2005,5,9,"Spring",0.925364467320434,0.920801894878779,0.381187319755554,0.381187319755554,1,21,21,FALSE,TRUE,TRUE,0.913532515311441
84,1632000,"2005-05-10",74.501302,0.927067724336638,0.995355041389377,2005,5,10,"Spring",0.925364467320434,0.920801894878779,0.381187319755554,0.381187319755554,1,21,21,FALSE,TRUE,TRUE,0.913532515311441
84,1632000,"2005-05-11",68.567149,0.9203483316305,0.99275199370041,2005,5,11,"Spring",0.925364467320434,0.920801894878779,0.381187319755554,0.381187319755554,1,21,21,FALSE,TRUE,TRUE,0.913532515311441
84,1632000,"2005-05-12",62.480654,0.911233074602533,0.990095861844159,2005,5,12,"Spring",0.925364467320434,0.920801894878779,0.381187319755554,0.381187319755554,1,21,21,FALSE,TRUE,TRUE,0.913532515311441
84,1632000,"2005-05-13",56.576193,0.905499372653814,0.993707754790156,2005,5,13,"Spring",0.925364467320434,0.920801894878779,0.381187319755554,0.381187319755554,1,21,21,FALSE,TRUE,TRUE,0.913532515311441
84,1632000,"2005-05-14",51.069148,0.902661442773288,0.996865895254893,2005,5,14,"Spring",0.925364467320434,0.920801894878779,0.381187319755554,0.381187319755554,1,21,21,FALSE,TRUE,TRUE,0.913532515311441
84,1632000,"2005-05-15",46.761162,0.915644059697256,1.01438259829076,2005,5,15,"Spring",0.925364467320434,0.920801894878779,0.381187319755554,0.381187319755554,1,21,21,FALSE,TRUE,TRUE,0.913532515311441
84,1632000,"2005-05-16",43.340981,0.926858511343238,1.012247610332,2005,5,16,"Spring",0.925364467320434,0.920801894878779,0.381187319755554,0.381187319755554,1,21,21,FALSE,TRUE,TRUE,0.913532515311441
84,1632000,"2005-05-17",39.400394,0.909079423006138,0.980817904653717,2005,5,17,"Spring",0.925364467320434,0.920801894878779,0.381187319755554,0.381187319755554,1,21,21,FALSE,TRUE,TRUE,0.913532515311441
84,1632000,"2005-05-18",34.861676,0.884805263622491,0.973298087307512,2005,5,18,"Spring",0.925364467320434,0.920801894878779,0.381187319755554,0.381187319755554,1,21,21,FALSE,TRUE,TRUE,0.913532515311441
84,1632000,"2005-05-19",29.991843,0.860309842819949,0.972315466679917,2005,5,19,"Spring",0.925364467320434,0.920801894878779,0.381187319755554,0.381187319755554,1,21,21,FALSE,TRUE,TRUE,0.913532515311441
85,1632000,"2005-06-16",13.448052,0.931987104142642,1.00885370526225,2005,6,16,"Summer",0.914908780267347,0.998185121016459,0.731701731681824,0.000258326530456543,10,21,12,FALSE,TRUE,TRUE,0.943607463519829
85,1632000,"2005-06-17",12.618733,0.938331663202968,1.00680756099749,2005,6,17,"Summer",0.914908780267347,0.998185121016459,0.731701731681824,0.000258326530456543,10,21,12,FALSE,TRUE,TRUE,0.943607463519829
85,1632000,"2005-06-18",11.897529,0.94284655995178,1.00481162144033,2005,6,18,"Summer",0.914908780267347,0.998185121016459,0.731701731681824,0.000258326530456543,10,21,12,FALSE,TRUE,TRUE,0.943607463519829
85,1632000,"2005-06-19",11.239905,0.94472600150838,1.00199336947965,2005,6,19,"Summer",0.914908780267347,0.998185121016459,0.731701731681824,0.000258326530456543,10,21,12,FALSE,TRUE,TRUE,0.943607463519829
85,1632000,"2005-06-20",10.623963,0.94520042651606,1.00050218265076,2005,6,20,"Summer",0.914908780267347,0.998185121016459,0.731701731681824,0.000258326530456543,10,21,12,FALSE,TRUE,TRUE,0.943607463519829
85,1632000,"2005-06-21",10.040032,0.945036423790256,0.999826488942235,2005,6,21,"Summer",0.914908780267347,0.998185121016459,0.731701731681824,0.000258326530456543,10,21,12,FALSE,TRUE,TRUE,0.943607463519829
85,1632000,"2005-06-22",9.525809,0.948782732963401,1.00396419553663,2005,6,22,"Summer",0.914908780267347,0.998185121016459,0.731701731681824,0.000258326530456543,10,21,12,FALSE,TRUE,TRUE,0.943607463519829
85,1632000,"2005-06-23",9.06435,0.951556975370806,1.00292400178779,2005,6,23,"Summer",0.914908780267347,0.998185121016459,0.731701731681824,0.000258326530456543,10,21,12,FALSE,TRUE,TRUE,0.943607463519829
85,1632000,"2005-06-24",8.568484,0.945294919106169,0.993419147327256,2005,6,24,"Summer",0.914908780267347,0.998185121016459,0.731701731681824,0.000258326530456543,10,21,12,FALSE,TRUE,TRUE,0.943607463519829
85,1632000,"2005-06-25",8.01799,0.935753629230095,0.98990654695881,2005,6,25,"Summer",0.914908780267347,0.998185121016459,0.731701731681824,0.000258326530456543,10,21,12,FALSE,TRUE,TRUE,0.943607463519829
85,1632000,"2005-06-26",7.466029,0.931159679670341,0.995090642006344,2005,6,26,"Summer",0.914908780267347,0.998185121016459,0.731701731681824,0.000258326530456543,10,21,12,FALSE,TRUE,TRUE,0.943607463519829
85,1632000,"2005-06-27",6.970107,0.933576202289062,1.00259517531899,2005,6,27,"Summer",0.914908780267347,0.998185121016459,0.731701731681824,0.000258326530456543,10,21,12,FALSE,TRUE,TRUE,0.943607463519829
86,1632000,"2005-09-28",3.465748,0.967500128413854,1.00128839115438,2005,9,28,"Fall",0.965114067474985,0.999957183458886,0.754454135894775,3.17096710205078e-05,9,17,9,FALSE,TRUE,TRUE,0.968801878732058
86,1632000,"2005-09-29",3.354684,0.967953815453403,1.00046892711042,2005,9,29,"Fall",0.965114067474985,0.999957183458886,0.754454135894775,3.17096710205078e-05,9,17,9,FALSE,TRUE,TRUE,0.968801878732058
86,1632000,"2005-09-30",3.249232,0.968565742704827,1.00063218641391,2005,9,30,"Fall",0.965114067474985,0.999957183458886,0.754454135894775,3.17096710205078e-05,9,17,9,FALSE,TRUE,TRUE,0.968801878732058
86,1632000,"2005-10-01",3.149411,0.969278586447505,1.00073597868606,2005,10,1,"Fall",0.965114067474985,0.999957183458886,0.754454135894775,3.17096710205078e-05,9,17,9,FALSE,TRUE,TRUE,0.968801878732058
86,1632000,"2005-10-02",3.053153,0.96943618981454,1.00016259862669,2005,10,2,"Fall",0.965114067474985,0.999957183458886,0.754454135894775,3.17096710205078e-05,9,17,9,FALSE,TRUE,TRUE,0.968801878732058
86,1632000,"2005-10-03",2.958745,0.969078523087444,0.999631056968109,2005,10,3,"Fall",0.965114067474985,0.999957183458886,0.754454135894775,3.17096710205078e-05,9,17,9,FALSE,TRUE,TRUE,0.968801878732058
86,1632000,"2005-10-04",2.865981,0.968647517782033,0.9995552421242,2005,10,4,"Fall",0.965114067474985,0.999957183458886,0.754454135894775,3.17096710205078e-05,9,17,9,FALSE,TRUE,TRUE,0.968801878732058
86,1632000,"2005-10-05",2.774906,0.968222050320641,0.999560761315565,2005,10,5,"Fall",0.965114067474985,0.999957183458886,0.754454135894775,3.17096710205078e-05,9,17,9,FALSE,TRUE,TRUE,0.968801878732058
86,1632000,"2005-10-06",2.686323,0.96807711684648,0.999850309674199,2005,10,6,"Fall",0.965114067474985,0.999957183458886,0.754454135894775,3.17096710205078e-05,9,17,9,FALSE,TRUE,TRUE,0.968801878732058
87,1632000,"2006-03-10",89.40884,0.95307530777318,0.993730742703576,2006,3,10,"Spring",0.954181291801052,0.995830231364798,0.441845536231995,0.000152317239553668,18,46,29,FALSE,TRUE,TRUE,0.950883426146387
87,1632000,"2006-03-11",84.49424,0.945032280924347,0.991560974475747,2006,3,11,"Spring",0.954181291801052,0.995830231364798,0.441845536231995,0.000152317239553668,18,46,29,FALSE,TRUE,TRUE,0.950883426146387
87,1632000,"2006-03-12",79.454804,0.94035763857986,0.995053457496802,2006,3,12,"Spring",0.954181291801052,0.995830231364798,0.441845536231995,0.000152317239553668,18,46,29,FALSE,TRUE,TRUE,0.950883426146387
87,1632000,"2006-03-13",74.593302,0.93881424715364,0.998358718680106,2006,3,13,"Spring",0.954181291801052,0.995830231364798,0.441845536231995,0.000152317239553668,18,46,29,FALSE,TRUE,TRUE,0.950883426146387
87,1632000,"2006-03-14",72.292087,0.969149844043638,1.03231267205624,2006,3,14,"Spring",0.954181291801052,0.995830231364798,0.441845536231995,0.000152317239553668,18,46,29,FALSE,TRUE,TRUE,0.950883426146387
87,1632000,"2006-03-15",70.810824,0.979510025765337,1.01068996893037,2006,3,15,"Spring",0.954181291801052,0.995830231364798,0.441845536231995,0.000152317239553668,18,46,29,FALSE,TRUE,TRUE,0.950883426146387
87,1632000,"2006-03-16",67.653798,0.955416053342353,0.975402015508562,2006,3,16,"Spring",0.954181291801052,0.995830231364798,0.441845536231995,0.000152317239553668,18,46,29,FALSE,TRUE,TRUE,0.950883426146387
87,1632000,"2006-03-17",64.448318,0.952619363660855,0.997072804385362,2006,3,17,"Spring",0.954181291801052,0.995830231364798,0.441845536231995,0.000152317239553668,18,46,29,FALSE,TRUE,TRUE,0.950883426146387
87,1632000,"2006-03-18",61.223802,0.949967414200011,0.997216149952429,2006,3,18,"Spring",0.954181291801052,0.995830231364798,0.441845536231995,0.000152317239553668,18,46,29,FALSE,TRUE,TRUE,0.950883426146387
87,1632000,"2006-03-19",58.126457,0.949409463332578,0.999412663151291,2006,3,19,"Spring",0.954181291801052,0.995830231364798,0.441845536231995,0.000152317239553668,18,46,29,FALSE,TRUE,TRUE,0.950883426146387
87,1632000,"2006-03-20",55.237601,0.950300497413768,1.00093851400855,2006,3,20,"Spring",0.954181291801052,0.995830231364798,0.441845536231995,0.000152317239553668,18,46,29,FALSE,TRUE,TRUE,0.950883426146387
87,1632000,"2006-03-21",52.391047,0.948467095810334,0.998070713833757,2006,3,21,"Spring",0.954181291801052,0.995830231364798,0.441845536231995,0.000152317239553668,18,46,29,FALSE,TRUE,TRUE,0.950883426146387
87,1632000,"2006-03-22",49.857581,0.951643150021415,1.00334861823369,2006,3,22,"Spring",0.954181291801052,0.995830231364798,0.441845536231995,0.000152317239553668,18,46,29,FALSE,TRUE,TRUE,0.950883426146387
87,1632000,"2006-03-23",47.620273,0.95512602185814,1.00365985068736,2006,3,23,"Spring",0.954181291801052,0.995830231364798,0.441845536231995,0.000152317239553668,18,46,29,FALSE,TRUE,TRUE,0.950883426146387
87,1632000,"2006-03-24",45.3487,0.952298194510561,0.997039314935554,2006,3,24,"Spring",0.954181291801052,0.995830231364798,0.441845536231995,0.000152317239553668,18,46,29,FALSE,TRUE,TRUE,0.950883426146387
87,1632000,"2006-03-25",43.226158,0.95319508607744,1.00094181798522,2006,3,25,"Spring",0.954181291801052,0.995830231364798,0.441845536231995,0.000152317239553668,18,46,29,FALSE,TRUE,TRUE,0.950883426146387
87,1632000,"2006-03-26",41.393566,0.957604559720528,1.00462599283976,2006,3,26,"Spring",0.954181291801052,0.995830231364798,0.441845536231995,0.000152317239553668,18,46,29,FALSE,TRUE,TRUE,0.950883426146387
87,1632000,"2006-03-27",39.681318,0.958634924084579,1.00107598105459,2006,3,27,"Spring",0.954181291801052,0.995830231364798,0.441845536231995,0.000152317239553668,18,46,29,FALSE,TRUE,TRUE,0.950883426146387
87,1632000,"2006-03-28",37.912331,0.955420155147065,0.996646513853453,2006,3,28,"Spring",0.954181291801052,0.995830231364798,0.441845536231995,0.000152317239553668,18,46,29,FALSE,TRUE,TRUE,0.950883426146387
87,1632000,"2006-03-29",36.160761,0.95379946434842,0.998303687869768,2006,3,29,"Spring",0.954181291801052,0.995830231364798,0.441845536231995,0.000152317239553668,18,46,29,FALSE,TRUE,TRUE,0.950883426146387
87,1632000,"2006-03-30",34.607215,0.957037795747717,1.00339519104418,2006,3,30,"Spring",0.954181291801052,0.995830231364798,0.441845536231995,0.000152317239553668,18,46,29,FALSE,TRUE,TRUE,0.950883426146387
87,1632000,"2006-03-31",32.870778,0.949824422450636,0.992462812514688,2006,3,31,"Spring",0.954181291801052,0.995830231364798,0.441845536231995,0.000152317239553668,18,46,29,FALSE,TRUE,TRUE,0.950883426146387
87,1632000,"2006-04-01",30.576462,0.930201956278613,0.979340954277217,2006,4,1,"Spring",0.954181291801052,0.995830231364798,0.441845536231995,0.000152317239553668,18,46,29,FALSE,TRUE,TRUE,0.950883426146387
87,1632000,"2006-04-02",28.311985,0.925940515943277,0.995418800931806,2006,4,2,"Spring",0.954181291801052,0.995830231364798,0.441845536231995,0.000152317239553668,18,46,29,FALSE,TRUE,TRUE,0.950883426146387
87,1632000,"2006-04-03",26.572391,0.938556268661487,1.01362479824674,2006,4,3,"Spring",0.954181291801052,0.995830231364798,0.441845536231995,0.000152317239553668,18,46,29,FALSE,TRUE,TRUE,0.950883426146387
87,1632000,"2006-04-04",24.925694,0.938029776846201,0.99943904075561,2006,4,4,"Spring",0.954181291801052,0.995830231364798,0.441845536231995,0.000152317239553668,18,46,29,FALSE,TRUE,TRUE,0.950883426146387
87,1632000,"2006-04-05",23.310191,0.935187240924967,0.996969674106944,2006,4,5,"Spring",0.954181291801052,0.995830231364798,0.441845536231995,0.000152317239553668,18,46,29,FALSE,TRUE,TRUE,0.950883426146387
87,1632000,"2006-04-06",22.038138,0.945429318876023,1.01095190086311,2006,4,6,"Spring",0.954181291801052,0.995830231364798,0.441845536231995,0.000152317239553668,18,46,29,FALSE,TRUE,TRUE,0.950883426146387
87,1632000,"2006-04-07",21.327435,0.96775122290277,1.02361033615213,2006,4,7,"Spring",0.954181291801052,0.995830231364798,0.441845536231995,0.000152317239553668,18,46,29,FALSE,TRUE,TRUE,0.950883426146387
89,1632000,"2006-11-30",232.137312,0.940804654889796,1.01799678998196,2006,11,30,"Fall",0.958529944971147,0.999318560132584,0.429795265197754,0.429795265197754,1,22,22,FALSE,TRUE,TRUE,0.958529944971147
89,1632000,"2006-12-01",220.499836,0.949868136665595,1.00963375524206,2006,12,1,"Winter",0.958529944971147,0.999318560132584,0.429795265197754,0.429795265197754,1,22,22,FALSE,TRUE,TRUE,0.958529944971147
89,1632000,"2006-12-02",210.775693,0.955899545430954,1.00634973269714,2006,12,2,"Winter",0.958529944971147,0.999318560132584,0.429795265197754,0.429795265197754,1,22,22,FALSE,TRUE,TRUE,0.958529944971147
89,1632000,"2006-12-03",202.002205,0.958375238268105,1.00258990900141,2006,12,3,"Winter",0.958529944971147,0.999318560132584,0.429795265197754,0.429795265197754,1,22,22,FALSE,TRUE,TRUE,0.958529944971147
89,1632000,"2006-12-04",193.689487,0.958848379897635,1.00049369141714,2006,12,4,"Winter",0.958529944971147,0.999318560132584,0.429795265197754,0.429795265197754,1,22,22,FALSE,TRUE,TRUE,0.958529944971147
89,1632000,"2006-12-05",185.892009,0.959742378790027,1.00093236731806,2006,12,5,"Winter",0.958529944971147,0.999318560132584,0.429795265197754,0.429795265197754,1,22,22,FALSE,TRUE,TRUE,0.958529944971147
89,1632000,"2006-12-06",178.478865,0.960121233613652,1.00039474637361,2006,12,6,"Winter",0.958529944971147,0.999318560132584,0.429795265197754,0.429795265197754,1,22,22,FALSE,TRUE,TRUE,0.958529944971147
89,1632000,"2006-12-07",171.415866,0.960426692538637,1.0003181462031,2006,12,7,"Winter",0.958529944971147,0.999318560132584,0.429795265197754,0.429795265197754,1,22,22,FALSE,TRUE,TRUE,0.958529944971147
89,1632000,"2006-12-08",164.674911,0.960674847916353,1.00025838034245,2006,12,8,"Winter",0.958529944971147,0.999318560132584,0.429795265197754,0.429795265197754,1,22,22,FALSE,TRUE,TRUE,0.958529944971147
89,1632000,"2006-12-09",158.205965,0.960716869614704,1.00004374185339,2006,12,9,"Winter",0.958529944971147,0.999318560132584,0.429795265197754,0.429795265197754,1,22,22,FALSE,TRUE,TRUE,0.958529944971147
89,1632000,"2006-12-10",151.997346,0.960756100441598,1.00004083495162,2006,12,10,"Winter",0.958529944971147,0.999318560132584,0.429795265197754,0.429795265197754,1,22,22,FALSE,TRUE,TRUE,0.958529944971147
89,1632000,"2006-12-11",145.997169,0.96052446205212,0.999758899902513,2006,12,11,"Winter",0.958529944971147,0.999318560132584,0.429795265197754,0.429795265197754,1,22,22,FALSE,TRUE,TRUE,0.958529944971147
89,1632000,"2006-12-12",140.020717,0.959064603506113,0.998480144333973,2006,12,12,"Winter",0.958529944971147,0.999318560132584,0.429795265197754,0.429795265197754,1,22,22,FALSE,TRUE,TRUE,0.958529944971147
89,1632000,"2006-12-13",134.097666,0.957698752535312,0.998575850922026,2006,12,13,"Winter",0.958529944971147,0.999318560132584,0.429795265197754,0.429795265197754,1,22,22,FALSE,TRUE,TRUE,0.958529944971147
89,1632000,"2006-12-14",128.530861,0.958486935932203,1.00082299720534,2006,12,14,"Winter",0.958529944971147,0.999318560132584,0.429795265197754,0.429795265197754,1,22,22,FALSE,TRUE,TRUE,0.958529944971147
89,1632000,"2006-12-15",123.304652,0.959338878154718,1.00088884072446,2006,12,15,"Winter",0.958529944971147,0.999318560132584,0.429795265197754,0.429795265197754,1,22,22,FALSE,TRUE,TRUE,0.958529944971147
89,1632000,"2006-12-16",118.13765,0.958095644274638,0.99870407224351,2006,12,16,"Winter",0.958529944971147,0.999318560132584,0.429795265197754,0.429795265197754,1,22,22,FALSE,TRUE,TRUE,0.958529944971147
89,1632000,"2006-12-17",112.968923,0.956248266323226,0.998071823035151,2006,12,17,"Winter",0.958529944971147,0.999318560132584,0.429795265197754,0.429795265197754,1,22,22,FALSE,TRUE,TRUE,0.958529944971147
89,1632000,"2006-12-18",107.81531,0.954380259073551,0.998046524824712,2006,12,18,"Winter",0.958529944971147,0.999318560132584,0.429795265197754,0.429795265197754,1,22,22,FALSE,TRUE,TRUE,0.958529944971147
89,1632000,"2006-12-19",102.692606,0.952486302733814,0.998015511823793,2006,12,19,"Winter",0.958529944971147,0.999318560132584,0.429795265197754,0.429795265197754,1,22,22,FALSE,TRUE,TRUE,0.958529944971147
89,1632000,"2006-12-20",97.795208,0.95231012055532,0.99981502917366,2006,12,20,"Winter",0.958529944971147,0.999318560132584,0.429795265197754,0.429795265197754,1,22,22,FALSE,TRUE,TRUE,0.958529944971147
89,1632000,"2006-12-21",93.272716,0.953755484624564,1.0015177451526,2006,12,21,"Winter",0.958529944971147,0.999318560132584,0.429795265197754,0.429795265197754,1,22,22,FALSE,TRUE,TRUE,0.958529944971147
90,1632000,"2007-01-22",113.511233,0.960369725891155,1.00052025344812,2007,1,22,"Winter",0.962597912574482,0.999290641864264,0.441488146781921,0,9,27,19,FALSE,TRUE,TRUE,0.963157930894391
90,1632000,"2007-01-23",109.214383,0.962146037123921,1.00184961185768,2007,1,23,"Winter",0.962597912574482,0.999290641864264,0.441488146781921,0,9,27,19,FALSE,TRUE,TRUE,0.963157930894391
90,1632000,"2007-01-24",105.454202,0.965570642833737,1.00355934086685,2007,1,24,"Winter",0.962597912574482,0.999290641864264,0.441488146781921,0,9,27,19,FALSE,TRUE,TRUE,0.963157930894391
90,1632000,"2007-01-25",101.516913,0.962663517192041,0.996989214964982,2007,1,25,"Winter",0.962597912574482,0.999290641864264,0.441488146781921,0,9,27,19,FALSE,TRUE,TRUE,0.963157930894391
90,1632000,"2007-01-26",97.285669,0.958319812187354,0.995487826299518,2007,1,26,"Winter",0.962597912574482,0.999290641864264,0.441488146781921,0,9,27,19,FALSE,TRUE,TRUE,0.963157930894391
90,1632000,"2007-01-27",93.347212,0.959516575868949,1.00124881450469,2007,1,27,"Winter",0.962597912574482,0.999290641864264,0.441488146781921,0,9,27,19,FALSE,TRUE,TRUE,0.963157930894391
90,1632000,"2007-01-28",89.978312,0.963910009438739,1.00457879903306,2007,1,28,"Winter",0.962597912574482,0.999290641864264,0.441488146781921,0,9,27,19,FALSE,TRUE,TRUE,0.963157930894391
90,1632000,"2007-01-29",87.58273,0.973376006431416,1.00982041570269,2007,1,29,"Winter",0.962597912574482,0.999290641864264,0.441488146781921,0,9,27,19,FALSE,TRUE,TRUE,0.963157930894391
90,1632000,"2007-01-30",85.160925,0.972348372789933,0.998944258298238,2007,1,30,"Winter",0.962597912574482,0.999290641864264,0.441488146781921,0,9,27,19,FALSE,TRUE,TRUE,0.963157930894391
90,1632000,"2007-01-31",81.955161,0.96235639760841,0.989723873190786,2007,1,31,"Winter",0.962597912574482,0.999290641864264,0.441488146781921,0,9,27,19,FALSE,TRUE,TRUE,0.963157930894391
90,1632000,"2007-02-01",78.635688,0.959496473931642,0.997028207342024,2007,2,1,"Winter",0.962597912574482,0.999290641864264,0.441488146781921,0,9,27,19,FALSE,TRUE,TRUE,0.963157930894391
90,1632000,"2007-02-02",75.499295,0.960114890836842,1.00064452233229,2007,2,2,"Winter",0.962597912574482,0.999290641864264,0.441488146781921,0,9,27,19,FALSE,TRUE,TRUE,0.963157930894391
90,1632000,"2007-02-03",72.538529,0.960784190104027,1.00069710330875,2007,2,3,"Winter",0.962597912574482,0.999290641864264,0.441488146781921,0,9,27,19,FALSE,TRUE,TRUE,0.963157930894391
90,1632000,"2007-02-04",69.735707,0.961360920346207,1.0006002703293,2007,2,4,"Winter",0.962597912574482,0.999290641864264,0.441488146781921,0,9,27,19,FALSE,TRUE,TRUE,0.963157930894391
90,1632000,"2007-02-05",67.075871,0.961858334640531,1.00051740640148,2007,2,5,"Winter",0.962597912574482,0.999290641864264,0.441488146781921,0,9,27,19,FALSE,TRUE,TRUE,0.963157930894391
90,1632000,"2007-02-06",64.541984,0.962223569187793,1.00037971760925,2007,2,6,"Winter",0.962597912574482,0.999290641864264,0.441488146781921,0,9,27,19,FALSE,TRUE,TRUE,0.963157930894391
90,1632000,"2007-02-07",62.127988,0.962598050905903,1.0003891836888,2007,2,7,"Winter",0.962597912574482,0.999290641864264,0.441488146781921,0,9,27,19,FALSE,TRUE,TRUE,0.963157930894391
90,1632000,"2007-02-08",59.806443,0.962632863629835,1.00003616537962,2007,2,8,"Winter",0.962597912574482,0.999290641864264,0.441488146781921,0,9,27,19,FALSE,TRUE,TRUE,0.963157930894391
90,1632000,"2007-02-09",57.5745,0.962680559350437,1.00004954715593,2007,2,9,"Winter",0.962597912574482,0.999290641864264,0.441488146781921,0,9,27,19,FALSE,TRUE,TRUE,0.963157930894391
91,1632000,"2007-04-26",146.72532,0.938760864337844,1.00235684800253,2007,4,26,"Spring",0.941265651852303,0.98164349840451,0.511220335960388,0.00920185353606939,3,16,14,FALSE,TRUE,TRUE,0.949495768838191
91,1632000,"2007-04-27",149.678132,1.02012476101603,1.08667158993209,2007,4,27,"Spring",0.941265651852303,0.98164349840451,0.511220335960388,0.00920185353606939,3,16,14,FALSE,TRUE,TRUE,0.949495768838191
91,1632000,"2007-04-28",151.253352,1.01052404903076,0.9905886884113,2007,4,28,"Spring",0.941265651852303,0.98164349840451,0.511220335960388,0.00920185353606939,3,16,14,FALSE,TRUE,TRUE,0.949495768838191
91,1632000,"2007-04-29",140.497336,0.928887420623908,0.919213571923251,2007,4,29,"Spring",0.941265651852303,0.98164349840451,0.511220335960388,0.00920185353606939,3,16,14,FALSE,TRUE,TRUE,0.949495768838191
91,1632000,"2007-04-30",131.598814,0.936664122941093,1.00837206118257,2007,4,30,"Spring",0.941265651852303,0.98164349840451,0.511220335960388,0.00920185353606939,3,16,14,FALSE,TRUE,TRUE,0.949495768838191
91,1632000,"2007-05-01",123.114111,0.935525991898377,0.998784910177682,2007,5,1,"Spring",0.941265651852303,0.98164349840451,0.511220335960388,0.00920185353606939,3,16,14,FALSE,TRUE,TRUE,0.949495768838191
91,1632000,"2007-05-02",114.804233,0.932502635705179,0.996768281993895,2007,5,2,"Spring",0.941265651852303,0.98164349840451,0.511220335960388,0.00920185353606939,3,16,14,FALSE,TRUE,TRUE,0.949495768838191
91,1632000,"2007-05-03",110.050308,0.9585910303499,1.02797675164209,2007,5,3,"Spring",0.941265651852303,0.98164349840451,0.511220335960388,0.00920185353606939,3,16,14,FALSE,TRUE,TRUE,0.949495768838191
91,1632000,"2007-05-04",105.259882,0.956470580709324,0.997787951719304,2007,5,4,"Spring",0.941265651852303,0.98164349840451,0.511220335960388,0.00920185353606939,3,16,14,FALSE,TRUE,TRUE,0.949495768838191
91,1632000,"2007-05-05",98.739814,0.938057426285163,0.980748854386608,2007,5,5,"Spring",0.941265651852303,0.98164349840451,0.511220335960388,0.00920185353606939,3,16,14,FALSE,TRUE,TRUE,0.949495768838191
91,1632000,"2007-05-06",94.131931,0.953333080007625,1.01628434815868,2007,5,6,"Spring",0.941265651852303,0.98164349840451,0.511220335960388,0.00920185353606939,3,16,14,FALSE,TRUE,TRUE,0.949495768838191
91,1632000,"2007-05-07",89.963087,0.955712753836953,1.00249616202273,2007,5,7,"Spring",0.941265651852303,0.98164349840451,0.511220335960388,0.00920185353606939,3,16,14,FALSE,TRUE,TRUE,0.949495768838191
91,1632000,"2007-05-08",85.277124,0.947912380996886,0.991838161823466,2007,5,8,"Spring",0.941265651852303,0.98164349840451,0.511220335960388,0.00920185353606939,3,16,14,FALSE,TRUE,TRUE,0.949495768838191
91,1632000,"2007-05-09",79.518182,0.932467914841969,0.983706863139951,2007,5,9,"Spring",0.941265651852303,0.98164349840451,0.511220335960388,0.00920185353606939,3,16,14,FALSE,TRUE,TRUE,0.949495768838191
93,1632000,"2007-11-09",66.001016,0.943385923763784,1.00171645130142,2007,11,9,"Fall",0.952714845480348,0.979743811895088,0.386476278305054,0.000169277191162109,8,15,8,FALSE,TRUE,TRUE,0.967808085148056
93,1632000,"2007-11-10",63.585533,0.963402336109492,1.02121762880015,2007,11,10,"Fall",0.952714845480348,0.979743811895088,0.386476278305054,0.000169277191162109,8,15,8,FALSE,TRUE,TRUE,0.967808085148056
93,1632000,"2007-11-11",61.732246,0.970853637414662,1.00773436084374,2007,11,11,"Fall",0.952714845480348,0.979743811895088,0.386476278305054,0.000169277191162109,8,15,8,FALSE,TRUE,TRUE,0.967808085148056
93,1632000,"2007-11-12",58.876473,0.953739363379068,0.982371931899881,2007,11,12,"Fall",0.952714845480348,0.979743811895088,0.386476278305054,0.000169277191162109,8,15,8,FALSE,TRUE,TRUE,0.967808085148056
93,1632000,"2007-11-13",56.13981,0.953518564197961,0.999768491068331,2007,11,13,"Fall",0.952714845480348,0.979743811895088,0.386476278305054,0.000169277191162109,8,15,8,FALSE,TRUE,TRUE,0.967808085148056
93,1632000,"2007-11-14",55.548337,0.989464285682477,1.03769797761069,2007,11,14,"Fall",0.952714845480348,0.979743811895088,0.386476278305054,0.000169277191162109,8,15,8,FALSE,TRUE,TRUE,0.967808085148056
93,1632000,"2007-11-15",54.545319,0.981943329824618,0.992398961774884,2007,11,15,"Fall",0.952714845480348,0.979743811895088,0.386476278305054,0.000169277191162109,8,15,8,FALSE,TRUE,TRUE,0.967808085148056
93,1632000,"2007-11-16",52.383284,0.960362593167711,0.978022421456072,2007,11,16,"Fall",0.952714845480348,0.979743811895088,0.386476278305054,0.000169277191162109,8,15,8,FALSE,TRUE,TRUE,0.967808085148056
94,1632000,"2007-11-30",44.381124,0.954004600515854,1.00398885161421,2007,11,30,"Fall",0.965524470401798,0.800571957267789,0.386476278305054,0.000302433967590332,7,14,8,FALSE,TRUE,TRUE,0.98446065228692
94,1632000,"2007-12-01",42.499408,0.957600983697484,1.00376977551228,2007,12,1,"Winter",0.965524470401798,0.800571957267789,0.386476278305054,0.000302433967590332,7,14,8,FALSE,TRUE,TRUE,0.98446065228692
94,1632000,"2007-12-02",41.231738,0.970172055102509,1.01312767177461,2007,12,2,"Winter",0.965524470401798,0.800571957267789,0.386476278305054,0.000302433967590332,7,14,8,FALSE,TRUE,TRUE,0.98446065228692
94,1632000,"2007-12-03",41.45189,1.00533938200713,1.03624854655385,2007,12,3,"Winter",0.965524470401798,0.800571957267789,0.386476278305054,0.000302433967590332,7,14,8,FALSE,TRUE,TRUE,0.98446065228692
94,1632000,"2007-12-04",42.068321,1.01487099864445,1.00948099398861,2007,12,4,"Winter",0.965524470401798,0.800571957267789,0.386476278305054,0.000302433967590332,7,14,8,FALSE,TRUE,TRUE,0.98446065228692
94,1632000,"2007-12-05",41.332132,0.98250015730364,0.968103491592478,2007,12,5,"Winter",0.965524470401798,0.800571957267789,0.386476278305054,0.000302433967590332,7,14,8,FALSE,TRUE,TRUE,0.98446065228692
94,1632000,"2007-12-06",39.710825,0.960773690551458,0.977886551375414,2007,12,6,"Winter",0.965524470401798,0.800571957267789,0.386476278305054,0.000302433967590332,7,14,8,FALSE,TRUE,TRUE,0.98446065228692
94,1632000,"2007-12-07",38.482476,0.969067653467285,1.00863258746299,2007,12,7,"Winter",0.965524470401798,0.800571957267789,0.386476278305054,0.000302433967590332,7,14,8,FALSE,TRUE,TRUE,0.98446065228692
95,1632000,"2008-01-03",114.993073,0.947948053966752,1.02069040265195,2008,1,3,"Winter",0.980199686030341,0.49951080434281,0.76142156124115,0.76142156124115,1,25,25,FALSE,TRUE,TRUE,0.977743765249496
95,1632000,"2008-01-04",110.160206,0.957972538050183,1.01057492975642,2008,1,4,"Winter",0.980199686030341,0.49951080434281,0.76142156124115,0.76142156124115,1,25,25,FALSE,TRUE,TRUE,0.977743765249496
95,1632000,"2008-01-05",106.049761,0.962686662005697,1.00492093851157,2008,1,5,"Winter",0.980199686030341,0.49951080434281,0.76142156124115,0.76142156124115,1,25,25,FALSE,TRUE,TRUE,0.977743765249496
95,1632000,"2008-01-06",102.611102,0.967575042436918,1.0050778520407,2008,1,6,"Winter",0.980199686030341,0.49951080434281,0.76142156124115,0.76142156124115,1,25,25,FALSE,TRUE,TRUE,0.977743765249496
95,1632000,"2008-01-07",99.383754,0.968547769811497,1.00100532499487,2008,1,7,"Winter",0.980199686030341,0.49951080434281,0.76142156124115,0.76142156124115,1,25,25,FALSE,TRUE,TRUE,0.977743765249496
95,1632000,"2008-01-08",95.804035,0.963980843388146,0.995284769047334,2008,1,8,"Winter",0.980199686030341,0.49951080434281,0.76142156124115,0.76142156124115,1,25,25,FALSE,TRUE,TRUE,0.977743765249496
95,1632000,"2008-01-09",91.906176,0.959314250177459,0.995159039473974,2008,1,9,"Winter",0.980199686030341,0.49951080434281,0.76142156124115,0.76142156124115,1,25,25,FALSE,TRUE,TRUE,0.977743765249496
95,1632000,"2008-01-10",88.184582,0.959506595073654,1.00020050249036,2008,1,10,"Winter",0.980199686030341,0.49951080434281,0.76142156124115,0.76142156124115,1,25,25,FALSE,TRUE,TRUE,0.977743765249496
95,1632000,"2008-01-11",130.754783,1.48273972654313,1.54531478382315,2008,1,11,"Winter",0.980199686030341,0.49951080434281,0.76142156124115,0.76142156124115,1,25,25,FALSE,TRUE,TRUE,0.977743765249496
95,1632000,"2008-01-12",168.55671,1.28910550063779,0.869407811472899,2008,1,12,"Winter",0.980199686030341,0.49951080434281,0.76142156124115,0.76142156124115,1,25,25,FALSE,TRUE,TRUE,0.977743765249496
95,1632000,"2008-01-13",139.860736,0.829754781046687,0.64366708592599,2008,1,13,"Winter",0.980199686030341,0.49951080434281,0.76142156124115,0.76142156124115,1,25,25,FALSE,TRUE,TRUE,0.977743765249496
95,1632000,"2008-01-14",116.021261,0.829548480282558,0.999751371406538,2008,1,14,"Winter",0.980199686030341,0.49951080434281,0.76142156124115,0.76142156124115,1,25,25,FALSE,TRUE,TRUE,0.977743765249496
95,1632000,"2008-01-15",103.57193,0.892697847853938,1.07612498735441,2008,1,15,"Winter",0.980199686030341,0.49951080434281,0.76142156124115,0.76142156124115,1,25,25,FALSE,TRUE,TRUE,0.977743765249496
95,1632000,"2008-01-16",96.270723,0.929505928874744,1.04123240703368,2008,1,16,"Winter",0.980199686030341,0.49951080434281,0.76142156124115,0.76142156124115,1,25,25,FALSE,TRUE,TRUE,0.977743765249496
95,1632000,"2008-01-17",91.267528,0.948029942602592,1.01992888173427,2008,1,17,"Winter",0.980199686030341,0.49951080434281,0.76142156124115,0.76142156124115,1,25,25,FALSE,TRUE,TRUE,0.977743765249496
95,1632000,"2008-01-18",90.042847,0.986581415900735,1.04066482667447,2008,1,18,"Winter",0.980199686030341,0.49951080434281,0.76142156124115,0.76142156124115,1,25,25,FALSE,TRUE,TRUE,0.977743765249496
95,1632000,"2008-01-19",88.726938,0.985385746410262,0.998788068099396,2008,1,19,"Winter",0.980199686030341,0.49951080434281,0.76142156124115,0.76142156124115,1,25,25,FALSE,TRUE,TRUE,0.977743765249496
95,1632000,"2008-01-20",83.883977,0.945417241830209,0.959438722626487,2008,1,20,"Winter",0.980199686030341,0.49951080434281,0.76142156124115,0.76142156124115,1,25,25,FALSE,TRUE,TRUE,0.977743765249496
95,1632000,"2008-01-21",79.469488,0.947373870936043,1.00206959321161,2008,1,21,"Winter",0.980199686030341,0.49951080434281,0.76142156124115,0.76142156124115,1,25,25,FALSE,TRUE,TRUE,0.977743765249496
95,1632000,"2008-01-22",76.219341,0.959101951179049,1.01237956904112,2008,1,22,"Winter",0.980199686030341,0.49951080434281,0.76142156124115,0.76142156124115,1,25,25,FALSE,TRUE,TRUE,0.977743765249496
95,1632000,"2008-01-23",74.378328,0.975845855187858,1.0174578979724,2008,1,23,"Winter",0.980199686030341,0.49951080434281,0.76142156124115,0.76142156124115,1,25,25,FALSE,TRUE,TRUE,0.977743765249496
95,1632000,"2008-01-24",72.730714,0.977848197932064,1.00205190474865,2008,1,24,"Winter",0.980199686030341,0.49951080434281,0.76142156124115,0.76142156124115,1,25,25,FALSE,TRUE,TRUE,0.977743765249496
95,1632000,"2008-01-25",69.594307,0.956876444248849,0.978553160165795,2008,1,25,"Winter",0.980199686030341,0.49951080434281,0.76142156124115,0.76142156124115,1,25,25,FALSE,TRUE,TRUE,0.977743765249496
95,1632000,"2008-01-26",66.350237,0.953385986011758,0.99635223726316,2008,1,26,"Winter",0.980199686030341,0.49951080434281,0.76142156124115,0.76142156124115,1,25,25,FALSE,TRUE,TRUE,0.977743765249496
95,1632000,"2008-01-27",64.928227,0.978568124783036,1.02641337206625,2008,1,27,"Winter",0.980199686030341,0.49951080434281,0.76142156124115,0.76142156124115,1,25,25,FALSE,TRUE,TRUE,0.977743765249496
97,1632000,"2008-10-04",58.271787,0.916934281211107,0.997134107447678,2008,10,4,"Fall",0.983101678211662,0.0450723991810553,0.666404128074646,0.666404128074646,1,40,40,FALSE,TRUE,TRUE,0.986515825251736
97,1632000,"2008-10-05",52.832169,0.906650914961643,0.988785056399155,2008,10,5,"Fall",0.983101678211662,0.0450723991810553,0.666404128074646,0.666404128074646,1,40,40,FALSE,TRUE,TRUE,0.986515825251736
97,1632000,"2008-10-06",47.491027,0.898903601705241,0.99145502074883,2008,10,6,"Fall",0.983101678211662,0.0450723991810553,0.666404128074646,0.666404128074646,1,40,40,FALSE,TRUE,TRUE,0.986515825251736
97,1632000,"2008-10-07",42.52229,0.895375246359696,0.996074823441744,2008,10,7,"Fall",0.983101678211662,0.0450723991810553,0.666404128074646,0.666404128074646,1,40,40,FALSE,TRUE,TRUE,0.986515825251736
97,1632000,"2008-10-08",38.005704,0.89378309587748,0.998221806456355,2008,10,8,"Fall",0.983101678211662,0.0450723991810553,0.666404128074646,0.666404128074646,1,40,40,FALSE,TRUE,TRUE,0.986515825251736
97,1632000,"2008-10-09",33.647964,0.885339842672037,0.990553353219157,2008,10,9,"Fall",0.983101678211662,0.0450723991810553,0.666404128074646,0.666404128074646,1,40,40,FALSE,TRUE,TRUE,0.986515825251736
97,1632000,"2008-10-10",29.029069,0.862728841483544,0.97446065330094,2008,10,10,"Fall",0.983101678211662,0.0450723991810553,0.666404128074646,0.666404128074646,1,40,40,FALSE,TRUE,TRUE,0.986515825251736
97,1632000,"2008-10-11",24.342003,0.838538879769103,0.971961106953554,2008,10,11,"Fall",0.983101678211662,0.0450723991810553,0.666404128074646,0.666404128074646,1,40,40,FALSE,TRUE,TRUE,0.986515825251736
97,1632000,"2008-10-12",19.978815,0.820754766976243,0.97879154655565,2008,10,12,"Fall",0.983101678211662,0.0450723991810553,0.666404128074646,0.666404128074646,1,40,40,FALSE,TRUE,TRUE,0.986515825251736
97,1632000,"2008-10-13",16.076699,0.804687315038454,0.980423565498154,2008,10,13,"Fall",0.983101678211662,0.0450723991810553,0.666404128074646,0.666404128074646,1,40,40,FALSE,TRUE,TRUE,0.986515825251736
97,1632000,"2008-10-14",13.294049,0.826914094740469,1.02762163549323,2008,10,14,"Fall",0.983101678211662,0.0450723991810553,0.666404128074646,0.666404128074646,1,40,40,FALSE,TRUE,TRUE,0.986515825251736
97,1632000,"2008-10-15",11.732543,0.882540977545667,1.06727044944452,2008,10,15,"Fall",0.983101678211662,0.0450723991810553,0.666404128074646,0.666404128074646,1,40,40,FALSE,TRUE,TRUE,0.986515825251736
97,1632000,"2008-10-16",10.769656,0.917930238994223,1.04009928416805,2008,10,16,"Fall",0.983101678211662,0.0450723991810553,0.666404128074646,0.666404128074646,1,40,40,FALSE,TRUE,TRUE,0.986515825251736
97,1632000,"2008-10-17",10.099551,0.937778421149199,1.02162275662334,2008,10,17,"Fall",0.983101678211662,0.0450723991810553,0.666404128074646,0.666404128074646,1,40,40,FALSE,TRUE,TRUE,0.986515825251736
97,1632000,"2008-10-18",9.61164,0.951689832548001,1.01483443325744,2008,10,18,"Fall",0.983101678211662,0.0450723991810553,0.666404128074646,0.666404128074646,1,40,40,FALSE,TRUE,TRUE,0.986515825251736
97,1632000,"2008-10-19",9.226421,0.959921615874086,1.0086496493338,2008,10,19,"Fall",0.983101678211662,0.0450723991810553,0.666404128074646,0.666404128074646,1,40,40,FALSE,TRUE,TRUE,0.986515825251736
97,1632000,"2008-10-20",8.885295,0.963027267019357,1.00323531744042,2008,10,20,"Fall",0.983101678211662,0.0450723991810553,0.666404128074646,0.666404128074646,1,40,40,FALSE,TRUE,TRUE,0.986515825251736
97,1632000,"2008-10-21",8.565099,0.963963379944054,1.00097205235693,2008,10,21,"Fall",0.983101678211662,0.0450723991810553,0.666404128074646,0.666404128074646,1,40,40,FALSE,TRUE,TRUE,0.986515825251736
97,1632000,"2008-10-22",8.258398,0.964191774082238,1.00023693238035,2008,10,22,"Fall",0.983101678211662,0.0450723991810553,0.666404128074646,0.666404128074646,1,40,40,FALSE,TRUE,TRUE,0.986515825251736
97,1632000,"2008-10-23",7.969183,0.964979285328704,1.00081675789779,2008,10,23,"Fall",0.983101678211662,0.0450723991810553,0.666404128074646,0.666404128074646,1,40,40,FALSE,TRUE,TRUE,0.986515825251736
97,1632000,"2008-10-24",7.696564,0.965790847066757,1.00084101467295,2008,10,24,"Fall",0.983101678211662,0.0450723991810553,0.666404128074646,0.666404128074646,1,40,40,FALSE,TRUE,TRUE,0.986515825251736
97,1632000,"2008-10-25",46.157095,5.99710403239679,6.20952668024432,2008,10,25,"Fall",0.983101678211662,0.0450723991810553,0.666404128074646,0.666404128074646,1,40,40,FALSE,TRUE,TRUE,0.986515825251736
97,1632000,"2008-10-26",94.706694,2.05183393798938,0.342137459497989,2008,10,26,"Fall",0.983101678211662,0.0450723991810553,0.666404128074646,0.666404128074646,1,40,40,FALSE,TRUE,TRUE,0.986515825251736
97,1632000,"2008-10-27",74.628202,0.787992895201262,0.38404321159315,2008,10,27,"Fall",0.983101678211662,0.0450723991810553,0.666404128074646,0.666404128074646,1,40,40,FALSE,TRUE,TRUE,0.986515825251736
97,1632000,"2008-10-28",60.102267,0.805355956451959,1.02203454035745,2008,10,28,"Fall",0.983101678211662,0.0450723991810553,0.666404128074646,0.666404128074646,1,40,40,FALSE,TRUE,TRUE,0.986515825251736
97,1632000,"2008-10-29",51.070759,0.8497309926762,1.05509990441958,2008,10,29,"Fall",0.983101678211662,0.0450723991810553,0.666404128074646,0.666404128074646,1,40,40,FALSE,TRUE,TRUE,0.986515825251736
97,1632000,"2008-10-30",45.019035,0.881503151343414,1.03739084362117,2008,10,30,"Fall",0.983101678211662,0.0450723991810553,0.666404128074646,0.666404128074646,1,40,40,FALSE,TRUE,TRUE,0.986515825251736
97,1632000,"2008-10-31",40.44537,0.898405974272882,1.01917500000279,2008,10,31,"Fall",0.983101678211662,0.0450723991810553,0.666404128074646,0.666404128074646,1,40,40,FALSE,TRUE,TRUE,0.986515825251736
97,1632000,"2008-11-01",36.404694,0.900095462101101,1.001880539396,2008,11,1,"Fall",0.983101678211662,0.0450723991810553,0.666404128074646,0.666404128074646,1,40,40,FALSE,TRUE,TRUE,0.986515825251736
97,1632000,"2008-11-02",32.46895,0.891889106388314,0.990882794038722,2008,11,2,"Fall",0.983101678211662,0.0450723991810553,0.666404128074646,0.666404128074646,1,40,40,FALSE,TRUE,TRUE,0.986515825251736
97,1632000,"2008-11-03",28.536479,0.878885181072994,0.985419795777103,2008,11,3,"Fall",0.983101678211662,0.0450723991810553,0.666404128074646,0.666404128074646,1,40,40,FALSE,TRUE,TRUE,0.986515825251736
97,1632000,"2008-11-04",24.970322,0.875031639327333,0.995615420729978,2008,11,4,"Fall",0.983101678211662,0.0450723991810553,0.666404128074646,0.666404128074646,1,40,40,FALSE,TRUE,TRUE,0.986515825251736
97,1632000,"2008-11-05",22.145071,0.886855644072191,1.01351265967245,2008,11,5,"Fall",0.983101678211662,0.0450723991810553,0.666404128074646,0.666404128074646,1,40,40,FALSE,TRUE,TRUE,0.986515825251736
97,1632000,"2008-11-06",19.6477,0.887226778365262,1.00041848331862,2008,11,6,"Fall",0.983101678211662,0.0450723991810553,0.666404128074646,0.666404128074646,1,40,40,FALSE,TRUE,TRUE,0.986515825251736
97,1632000,"2008-11-07",16.864848,0.858362454638456,0.967466802816762,2008,11,7,"Fall",0.983101678211662,0.0450723991810553,0.666404128074646,0.666404128074646,1,40,40,FALSE,TRUE,TRUE,0.986515825251736
97,1632000,"2008-11-08",13.847939,0.821112588740794,0.956603570325834,2008,11,8,"Fall",0.983101678211662,0.0450723991810553,0.666404128074646,0.666404128074646,1,40,40,FALSE,TRUE,TRUE,0.986515825251736
97,1632000,"2008-11-09",11.344888,0.819247398475687,0.997728459786535,2008,11,9,"Fall",0.983101678211662,0.0450723991810553,0.666404128074646,0.666404128074646,1,40,40,FALSE,TRUE,TRUE,0.986515825251736
97,1632000,"2008-11-10",9.801648,0.863970450832128,1.05459041119893,2008,11,10,"Fall",0.983101678211662,0.0450723991810553,0.666404128074646,0.666404128074646,1,40,40,FALSE,TRUE,TRUE,0.986515825251736
97,1632000,"2008-11-11",8.916845,0.909729159831081,1.05296328011552,2008,11,11,"Fall",0.983101678211662,0.0450723991810553,0.666404128074646,0.666404128074646,1,40,40,FALSE,TRUE,TRUE,0.986515825251736
97,1632000,"2008-11-12",8.348626,0.936275779157314,1.02918079412906,2008,11,12,"Fall",0.983101678211662,0.0450723991810553,0.666404128074646,0.666404128074646,1,40,40,FALSE,TRUE,TRUE,0.986515825251736
98,1632000,"2009-02-22",115.199131,0.946398874184324,1.00411557584691,2009,2,22,"Winter",0.970183085606833,0.9596228178003,0.820338189601898,0.820338189601898,1,20,20,FALSE,TRUE,TRUE,0.971702582654861
98,1632000,"2009-02-23",110.357659,0.957973016306868,1.01222966598784,2009,2,23,"Winter",0.970183085606833,0.9596228178003,0.820338189601898,0.820338189601898,1,20,20,FALSE,TRUE,TRUE,0.971702582654861
98,1632000,"2009-02-24",106.259586,0.962865531607553,1.00510715356007,2009,2,24,"Winter",0.970183085606833,0.9596228178003,0.820338189601898,0.820338189601898,1,20,20,FALSE,TRUE,TRUE,0.971702582654861
98,1632000,"2009-02-25",102.351441,0.96322077708829,1.00036894609795,2009,2,25,"Winter",0.970183085606833,0.9596228178003,0.820338189601898,0.820338189601898,1,20,20,FALSE,TRUE,TRUE,0.971702582654861
98,1632000,"2009-02-26",98.570204,0.963056338405631,0.99982928245884,2009,2,26,"Winter",0.970183085606833,0.9596228178003,0.820338189601898,0.820338189601898,1,20,20,FALSE,TRUE,TRUE,0.971702582654861
98,1632000,"2009-02-27",95.1325,0.965124308761702,1.00214729946069,2009,2,27,"Winter",0.970183085606833,0.9596228178003,0.820338189601898,0.820338189601898,1,20,20,FALSE,TRUE,TRUE,0.971702582654861
98,1632000,"2009-02-28",91.921029,0.9662421254566,1.00115821007175,2009,2,28,"Winter",0.970183085606833,0.9596228178003,0.820338189601898,0.820338189601898,1,20,20,FALSE,TRUE,TRUE,0.971702582654861
98,1632000,"2009-03-01",91.111335,0.991191417145689,1.02582095215244,2009,3,1,"Spring",0.970183085606833,0.9596228178003,0.820338189601898,0.820338189601898,1,20,20,FALSE,TRUE,TRUE,0.971702582654861
98,1632000,"2009-03-02",92.068758,1.01050827539735,1.01948852453473,2009,3,2,"Spring",0.970183085606833,0.9596228178003,0.820338189601898,0.820338189601898,1,20,20,FALSE,TRUE,TRUE,0.971702582654861
98,1632000,"2009-03-03",89.210764,0.968958047636528,0.958881853051148,2009,3,3,"Spring",0.970183085606833,0.9596228178003,0.820338189601898,0.820338189601898,1,20,20,FALSE,TRUE,TRUE,0.971702582654861
98,1632000,"2009-03-04",84.295304,0.944900595179299,0.975171832757972,2009,3,4,"Spring",0.970183085606833,0.9596228178003,0.820338189601898,0.820338189601898,1,20,20,FALSE,TRUE,TRUE,0.971702582654861
98,1632000,"2009-03-05",82.329579,0.976680492189695,1.03363305851698,2009,3,5,"Spring",0.970183085606833,0.9596228178003,0.820338189601898,0.820338189601898,1,20,20,FALSE,TRUE,TRUE,0.971702582654861
98,1632000,"2009-03-06",80.684087,0.980013355831687,1.00341244006473,2009,3,6,"Spring",0.970183085606833,0.9596228178003,0.820338189601898,0.820338189601898,1,20,20,FALSE,TRUE,TRUE,0.971702582654861
98,1632000,"2009-03-07",80.994361,1.00384554143867,1.02431822532333,2009,3,7,"Spring",0.970183085606833,0.9596228178003,0.820338189601898,0.820338189601898,1,20,20,FALSE,TRUE,TRUE,0.971702582654861
98,1632000,"2009-03-08",81.440069,1.00550295100174,1.0016510603421,2009,3,8,"Spring",0.970183085606833,0.9596228178003,0.820338189601898,0.820338189601898,1,20,20,FALSE,TRUE,TRUE,0.971702582654861
98,1632000,"2009-03-09",77.658939,0.953571625780425,0.94835288631468,2009,3,9,"Spring",0.970183085606833,0.9596228178003,0.820338189601898,0.820338189601898,1,20,20,FALSE,TRUE,TRUE,0.971702582654861
98,1632000,"2009-03-10",73.020157,0.940267249852589,0.986047848354394,2009,3,10,"Spring",0.970183085606833,0.9596228178003,0.820338189601898,0.820338189601898,1,20,20,FALSE,TRUE,TRUE,0.971702582654861
98,1632000,"2009-03-11",68.591453,0.939349568914238,0.999024021161542,2009,3,11,"Spring",0.970183085606833,0.9596228178003,0.820338189601898,0.820338189601898,1,20,20,FALSE,TRUE,TRUE,0.971702582654861
98,1632000,"2009-03-12",64.431155,0.939346699653673,0.999996945481575,2009,3,12,"Spring",0.970183085606833,0.9596228178003,0.820338189601898,0.820338189601898,1,20,20,FALSE,TRUE,TRUE,0.971702582654861
98,1632000,"2009-03-13",60.719887,0.942399480499768,1.0032498978782,2009,3,13,"Spring",0.970183085606833,0.9596228178003,0.820338189601898,0.820338189601898,1,20,20,FALSE,TRUE,TRUE,0.971702582654861
99,1632000,"2009-12-31",233.754813,0.904938120676292,1.05594653128482,2009,12,31,"Winter",0.956220366235952,0.993774264660695,0.511220335960388,0.198210597038269,2,15,14,FALSE,TRUE,TRUE,0.958072126153015
99,1632000,"2010-01-01",227.174241,0.971848399972838,1.07393906585186,2010,1,1,"Winter",0.956220366235952,0.993774264660695,0.511220335960388,0.198210597038269,2,15,14,FALSE,TRUE,TRUE,0.958072126153015
99,1632000,"2010-01-02",220.954959,0.972623295789948,1.00079734227801,2010,1,2,"Winter",0.956220366235952,0.993774264660695,0.511220335960388,0.198210597038269,2,15,14,FALSE,TRUE,TRUE,0.958072126153015
99,1632000,"2010-01-03",205.365488,0.929445027753371,0.955606380986887,2010,1,3,"Winter",0.956220366235952,0.993774264660695,0.511220335960388,0.198210597038269,2,15,14,FALSE,TRUE,TRUE,0.958072126153015
99,1632000,"2010-01-04",193.694019,0.943167330043303,1.01476397407074,2010,1,4,"Winter",0.956220366235952,0.993774264660695,0.511220335960388,0.198210597038269,2,15,14,FALSE,TRUE,TRUE,0.958072126153015
99,1632000,"2010-01-05",184.899111,0.954593807049871,1.01211500509251,2010,1,5,"Winter",0.956220366235952,0.993774264660695,0.511220335960388,0.198210597038269,2,15,14,FALSE,TRUE,TRUE,0.958072126153015
99,1632000,"2010-01-06",177.299162,0.958896779119722,1.00450764716686,2010,1,6,"Winter",0.956220366235952,0.993774264660695,0.511220335960388,0.198210597038269,2,15,14,FALSE,TRUE,TRUE,0.958072126153015
99,1632000,"2010-01-07",170.881604,0.963803788311194,1.00511734870564,2010,1,7,"Winter",0.956220366235952,0.993774264660695,0.511220335960388,0.198210597038269,2,15,14,FALSE,TRUE,TRUE,0.958072126153015
99,1632000,"2010-01-08",164.591254,0.963188840385651,0.999361957347542,2010,1,8,"Winter",0.956220366235952,0.993774264660695,0.511220335960388,0.198210597038269,2,15,14,FALSE,TRUE,TRUE,0.958072126153015
99,1632000,"2010-01-09",158.592069,0.963551009824617,1.00037601083379,2010,1,9,"Winter",0.956220366235952,0.993774264660695,0.511220335960388,0.198210597038269,2,15,14,FALSE,TRUE,TRUE,0.958072126153015
99,1632000,"2010-01-10",152.719702,0.962971874715879,0.99939895749905,2010,1,10,"Winter",0.956220366235952,0.993774264660695,0.511220335960388,0.198210597038269,2,15,14,FALSE,TRUE,TRUE,0.958072126153015
99,1632000,"2010-01-11",146.521012,0.959411327295544,0.99630254266628,2010,1,11,"Winter",0.956220366235952,0.993774264660695,0.511220335960388,0.198210597038269,2,15,14,FALSE,TRUE,TRUE,0.958072126153015
99,1632000,"2010-01-12",140.915872,0.9617451454676,1.00243255223871,2010,1,12,"Winter",0.956220366235952,0.993774264660695,0.511220335960388,0.198210597038269,2,15,14,FALSE,TRUE,TRUE,0.958072126153015
99,1632000,"2010-01-13",135.597988,0.962261994163439,1.00053740712732,2010,1,13,"Winter",0.956220366235952,0.993774264660695,0.511220335960388,0.198210597038269,2,15,14,FALSE,TRUE,TRUE,0.958072126153015
100,1632000,"2010-01-31",369.178585,0.851920928678322,0.987960868149205,2010,1,31,"Winter",0.962911445131469,0.979351730530598,0.595912456512451,0.595912456512451,1,18,18,FALSE,TRUE,TRUE,0.964307461880522
100,1632000,"2010-02-01",335.995231,0.910115712697691,1.0683100767458,2010,2,1,"Winter",0.962911445131469,0.979351730530598,0.595912456512451,0.595912456512451,1,18,18,FALSE,TRUE,TRUE,0.964307461880522
100,1632000,"2010-02-02",325.217309,0.96792239589853,1.06351575123288,2010,2,2,"Winter",0.962911445131469,0.979351730530598,0.595912456512451,0.595912456512451,1,18,18,FALSE,TRUE,TRUE,0.964307461880522
100,1632000,"2010-02-03",322.983235,0.993130519384502,1.02604353778029,2010,2,3,"Winter",0.962911445131469,0.979351730530598,0.595912456512451,0.595912456512451,1,18,18,FALSE,TRUE,TRUE,0.964307461880522
100,1632000,"2010-02-04",312.930114,0.968874170821901,0.975575870352233,2010,2,4,"Winter",0.962911445131469,0.979351730530598,0.595912456512451,0.595912456512451,1,18,18,FALSE,TRUE,TRUE,0.964307461880522
100,1632000,"2010-02-05",296.477384,0.947423628267364,0.977860342239963,2010,2,5,"Winter",0.962911445131469,0.979351730530598,0.595912456512451,0.595912456512451,1,18,18,FALSE,TRUE,TRUE,0.964307461880522
100,1632000,"2010-02-06",277.080992,0.934577161541604,0.986440630840869,2010,2,6,"Winter",0.962911445131469,0.979351730530598,0.595912456512451,0.595912456512451,1,18,18,FALSE,TRUE,TRUE,0.964307461880522
100,1632000,"2010-02-07",261.923249,0.945294901355052,1.01146800954966,2010,2,7,"Winter",0.962911445131469,0.979351730530598,0.595912456512451,0.595912456512451,1,18,18,FALSE,TRUE,TRUE,0.964307461880522
100,1632000,"2010-02-08",252.901609,0.965556169471615,1.02143380662216,2010,2,8,"Winter",0.962911445131469,0.979351730530598,0.595912456512451,0.595912456512451,1,18,18,FALSE,TRUE,TRUE,0.964307461880522
100,1632000,"2010-02-09",248.905264,0.984198024615968,1.01930685726399,2010,2,9,"Winter",0.962911445131469,0.979351730530598,0.595912456512451,0.595912456512451,1,18,18,FALSE,TRUE,TRUE,0.964307461880522
100,1632000,"2010-02-10",242.760015,0.975310891777685,0.990970178138946,2010,2,10,"Winter",0.962911445131469,0.979351730530598,0.595912456512451,0.595912456512451,1,18,18,FALSE,TRUE,TRUE,0.964307461880522
100,1632000,"2010-02-11",239.793108,0.987778436247007,1.01278314901887,2010,2,11,"Winter",0.962911445131469,0.979351730530598,0.595912456512451,0.595912456512451,1,18,18,FALSE,TRUE,TRUE,0.964307461880522
100,1632000,"2010-02-12",239.931979,1.00057912840431,1.01295907228542,2010,2,12,"Winter",0.962911445131469,0.979351730530598,0.595912456512451,0.595912456512451,1,18,18,FALSE,TRUE,TRUE,0.964307461880522
100,1632000,"2010-02-13",229.51079,0.956566069085772,0.956012415141293,2010,2,13,"Winter",0.962911445131469,0.979351730530598,0.595912456512451,0.595912456512451,1,18,18,FALSE,TRUE,TRUE,0.964307461880522
100,1632000,"2010-02-14",215.205614,0.937671008844508,0.980246988836513,2010,2,14,"Winter",0.962911445131469,0.979351730530598,0.595912456512451,0.595912456512451,1,18,18,FALSE,TRUE,TRUE,0.964307461880522
100,1632000,"2010-02-15",206.768379,0.960794540424954,1.02466060202601,2010,2,15,"Winter",0.962911445131469,0.979351730530598,0.595912456512451,0.595912456512451,1,18,18,FALSE,TRUE,TRUE,0.964307461880522
100,1632000,"2010-02-16",197.540194,0.955369457145089,0.994353544851051,2010,2,16,"Winter",0.962911445131469,0.979351730530598,0.595912456512451,0.595912456512451,1,18,18,FALSE,TRUE,TRUE,0.964307461880522
100,1632000,"2010-02-17",185.943219,0.941293086914757,0.985266045376418,2010,2,17,"Winter",0.962911445131469,0.979351730530598,0.595912456512451,0.595912456512451,1,18,18,FALSE,TRUE,TRUE,0.964307461880522
101,1632000,"2010-04-06",248.142373,0.933155805279209,1.01610085110542,2010,4,6,"Spring",0.947054834106244,0.9964163160286,0.757639765739441,0.757639765739441,1,26,26,FALSE,TRUE,TRUE,0.946700633681196
101,1632000,"2010-04-07",233.221469,0.939869584466334,1.00719470333801,2010,4,7,"Spring",0.947054834106244,0.9964163160286,0.757639765739441,0.757639765739441,1,26,26,FALSE,TRUE,TRUE,0.946700633681196
101,1632000,"2010-04-08",219.625392,0.941703149978873,1.00195087227297,2010,4,8,"Spring",0.947054834106244,0.9964163160286,0.757639765739441,0.757639765739441,1,26,26,FALSE,TRUE,TRUE,0.946700633681196
101,1632000,"2010-04-09",219.828299,1.00092387769079,1.0628868319207,2010,4,9,"Spring",0.947054834106244,0.9964163160286,0.757639765739441,0.757639765739441,1,26,26,FALSE,TRUE,TRUE,0.946700633681196
101,1632000,"2010-04-10",216.491298,0.984819966241016,0.983910952861942,2010,4,10,"Spring",0.947054834106244,0.9964163160286,0.757639765739441,0.757639765739441,1,26,26,FALSE,TRUE,TRUE,0.946700633681196
101,1632000,"2010-04-11",200.869226,0.927839723146747,0.942141462350974,2010,4,11,"Spring",0.947054834106244,0.9964163160286,0.757639765739441,0.757639765739441,1,26,26,FALSE,TRUE,TRUE,0.946700633681196
101,1632000,"2010-04-12",189.801707,0.94490186864164,1.01838910866742,2010,4,12,"Spring",0.947054834106244,0.9964163160286,0.757639765739441,0.757639765739441,1,26,26,FALSE,TRUE,TRUE,0.946700633681196
101,1632000,"2010-04-13",179.105236,0.943643968386438,0.998668750378269,2010,4,13,"Spring",0.947054834106244,0.9964163160286,0.757639765739441,0.757639765739441,1,26,26,FALSE,TRUE,TRUE,0.946700633681196
101,1632000,"2010-04-14",169.206745,0.944733659266109,1.0011547690826,2010,4,14,"Spring",0.947054834106244,0.9964163160286,0.757639765739441,0.757639765739441,1,26,26,FALSE,TRUE,TRUE,0.946700633681196
101,1632000,"2010-04-15",159.913766,0.945079145633349,1.00036569710823,2010,4,15,"Spring",0.947054834106244,0.9964163160286,0.757639765739441,0.757639765739441,1,26,26,FALSE,TRUE,TRUE,0.946700633681196
101,1632000,"2010-04-16",150.567826,0.941556376078342,0.996272513713498,2010,4,16,"Spring",0.947054834106244,0.9964163160286,0.757639765739441,0.757639765739441,1,26,26,FALSE,TRUE,TRUE,0.946700633681196
101,1632000,"2010-04-17",141.331598,0.938657359640698,0.996921037856789,2010,4,17,"Spring",0.947054834106244,0.9964163160286,0.757639765739441,0.757639765739441,1,26,26,FALSE,TRUE,TRUE,0.946700633681196
101,1632000,"2010-04-18",132.970889,0.940843313750687,1.00232880942927,2010,4,18,"Spring",0.947054834106244,0.9964163160286,0.757639765739441,0.757639765739441,1,26,26,FALSE,TRUE,TRUE,0.946700633681196
101,1632000,"2010-04-19",125.400811,0.943069659404924,1.00236632988905,2010,4,19,"Spring",0.947054834106244,0.9964163160286,0.757639765739441,0.757639765739441,1,26,26,FALSE,TRUE,TRUE,0.946700633681196
101,1632000,"2010-04-20",118.012102,0.941079256656482,0.997889442493889,2010,4,20,"Spring",0.947054834106244,0.9964163160286,0.757639765739441,0.757639765739441,1,26,26,FALSE,TRUE,TRUE,0.946700633681196
101,1632000,"2010-04-21",110.864199,0.939430762787362,0.998248294330728,2010,4,21,"Spring",0.947054834106244,0.9964163160286,0.757639765739441,0.757639765739441,1,26,26,FALSE,TRUE,TRUE,0.946700633681196
101,1632000,"2010-04-22",104.646536,0.943916403527166,1.00477484974677,2010,4,22,"Spring",0.947054834106244,0.9964163160286,0.757639765739441,0.757639765739441,1,26,26,FALSE,TRUE,TRUE,0.946700633681196
101,1632000,"2010-04-23",98.351772,0.939847373447698,0.995689205035252,2010,4,23,"Spring",0.947054834106244,0.9964163160286,0.757639765739441,0.757639765739441,1,26,26,FALSE,TRUE,TRUE,0.946700633681196
101,1632000,"2010-04-24",91.433036,0.929653163747777,0.989153334905299,2010,4,24,"Spring",0.947054834106244,0.9964163160286,0.757639765739441,0.757639765739441,1,26,26,FALSE,TRUE,TRUE,0.946700633681196
101,1632000,"2010-04-25",88.671286,0.969794834330996,1.04317918999102,2010,4,25,"Spring",0.947054834106244,0.9964163160286,0.757639765739441,0.757639765739441,1,26,26,FALSE,TRUE,TRUE,0.946700633681196
101,1632000,"2010-04-26",86.286679,0.973107337137301,1.00341567379928,2010,4,26,"Spring",0.947054834106244,0.9964163160286,0.757639765739441,0.757639765739441,1,26,26,FALSE,TRUE,TRUE,0.946700633681196
101,1632000,"2010-04-27",81.280418,0.941981067552733,0.96801352903562,2010,4,27,"Spring",0.947054834106244,0.9964163160286,0.757639765739441,0.757639765739441,1,26,26,FALSE,TRUE,TRUE,0.946700633681196
101,1632000,"2010-04-28",77.4552,0.952938012695752,1.01163181036269,2010,4,28,"Spring",0.947054834106244,0.9964163160286,0.757639765739441,0.757639765739441,1,26,26,FALSE,TRUE,TRUE,0.946700633681196
101,1632000,"2010-04-29",74.053762,0.956085091769178,1.00330250135003,2010,4,29,"Spring",0.947054834106244,0.9964163160286,0.757639765739441,0.757639765739441,1,26,26,FALSE,TRUE,TRUE,0.946700633681196
101,1632000,"2010-04-30",70.49601,0.951957174032563,0.995682478712249,2010,4,30,"Spring",0.947054834106244,0.9964163160286,0.757639765739441,0.757639765739441,1,26,26,FALSE,TRUE,TRUE,0.946700633681196
101,1632000,"2010-05-01",65.12645,0.923831717568129,0.970455124209745,2010,5,1,"Spring",0.947054834106244,0.9964163160286,0.757639765739441,0.757639765739441,1,26,26,FALSE,TRUE,TRUE,0.946700633681196
102,1632000,"2010-06-02",37.735298,0.804918721662221,1.00268202835455,2010,6,2,"Summer",0.943851001615488,0.982110155619956,0.301495552062988,0.301495552062988,1,37,37,FALSE,TRUE,TRUE,0.943600574430838
102,1632000,"2010-06-03",32.756653,0.868063980838312,1.07844923652129,2010,6,3,"Summer",0.943851001615488,0.982110155619956,0.301495552062988,0.301495552062988,1,37,37,FALSE,TRUE,TRUE,0.943600574430838
102,1632000,"2010-06-04",31.827819,0.971644416784584,1.11932350406504,2010,6,4,"Summer",0.943851001615488,0.982110155619956,0.301495552062988,0.301495552062988,1,37,37,FALSE,TRUE,TRUE,0.943600574430838
102,1632000,"2010-06-05",30.436965,0.956300681488732,0.984208487147357,2010,6,5,"Summer",0.943851001615488,0.982110155619956,0.301495552062988,0.301495552062988,1,37,37,FALSE,TRUE,TRUE,0.943600574430838
102,1632000,"2010-06-06",28.974023,0.951935352292845,0.995435191796485,2010,6,6,"Summer",0.943851001615488,0.982110155619956,0.301495552062988,0.301495552062988,1,37,37,FALSE,TRUE,TRUE,0.943600574430838
102,1632000,"2010-06-07",27.470942,0.948123151555447,0.995995315513584,2010,6,7,"Summer",0.943851001615488,0.982110155619956,0.301495552062988,0.301495552062988,1,37,37,FALSE,TRUE,TRUE,0.943600574430838
102,1632000,"2010-06-08",24.14757,0.879022277430457,0.927118250396453,2010,6,8,"Summer",0.943851001615488,0.982110155619956,0.301495552062988,0.301495552062988,1,37,37,FALSE,TRUE,TRUE,0.943600574430838
102,1632000,"2010-06-09",20.717179,0.857940529833851,0.976016822169476,2010,6,9,"Summer",0.943851001615488,0.982110155619956,0.301495552062988,0.301495552062988,1,37,37,FALSE,TRUE,TRUE,0.943600574430838
102,1632000,"2010-06-10",18.821736,0.908508634307789,1.05894127007117,2010,6,10,"Summer",0.943851001615488,0.982110155619956,0.301495552062988,0.301495552062988,1,37,37,FALSE,TRUE,TRUE,0.943600574430838
102,1632000,"2010-06-11",17.559623,0.93294385810108,1.02689597310422,2010,6,11,"Summer",0.943851001615488,0.982110155619956,0.301495552062988,0.301495552062988,1,37,37,FALSE,TRUE,TRUE,0.943600574430838
102,1632000,"2010-06-12",16.536391,0.94172813391267,1.00941565318782,2010,6,12,"Summer",0.943851001615488,0.982110155619956,0.301495552062988,0.301495552062988,1,37,37,FALSE,TRUE,TRUE,0.943600574430838
102,1632000,"2010-06-13",15.645211,0.9461079506405,1.00465082922566,2010,6,13,"Summer",0.943851001615488,0.982110155619956,0.301495552062988,0.301495552062988,1,37,37,FALSE,TRUE,TRUE,0.943600574430838
102,1632000,"2010-06-14",14.827197,0.947714735199161,1.00169830996302,2010,6,14,"Summer",0.943851001615488,0.982110155619956,0.301495552062988,0.301495552062988,1,37,37,FALSE,TRUE,TRUE,0.943600574430838
102,1632000,"2010-06-15",14.045457,0.947276616072478,0.999537709913743,2010,6,15,"Summer",0.943851001615488,0.982110155619956,0.301495552062988,0.301495552062988,1,37,37,FALSE,TRUE,TRUE,0.943600574430838
102,1632000,"2010-06-16",15.358002,1.09344978949421,1.15430885861807,2010,6,16,"Summer",0.943851001615488,0.982110155619956,0.301495552062988,0.301495552062988,1,37,37,FALSE,TRUE,TRUE,0.943600574430838
102,1632000,"2010-06-17",16.157857,1.05208066778478,0.962166418516056,2010,6,17,"Summer",0.943851001615488,0.982110155619956,0.301495552062988,0.301495552062988,1,37,37,FALSE,TRUE,TRUE,0.943600574430838
102,1632000,"2010-06-18",14.567866,0.901596418386423,0.856965103526509,2010,6,18,"Summer",0.943851001615488,0.982110155619956,0.301495552062988,0.301495552062988,1,37,37,FALSE,TRUE,TRUE,0.943600574430838
102,1632000,"2010-06-19",13.410069,0.920523912012919,1.02099331057722,2010,6,19,"Summer",0.943851001615488,0.982110155619956,0.301495552062988,0.301495552062988,1,37,37,FALSE,TRUE,TRUE,0.943600574430838
102,1632000,"2010-06-20",13.771752,1.02697100216263,1.11563750681603,2010,6,20,"Summer",0.943851001615488,0.982110155619956,0.301495552062988,0.301495552062988,1,37,37,FALSE,TRUE,TRUE,0.943600574430838
102,1632000,"2010-06-21",13.71383,0.995794144419679,0.969641929833173,2010,6,21,"Summer",0.943851001615488,0.982110155619956,0.301495552062988,0.301495552062988,1,37,37,FALSE,TRUE,TRUE,0.943600574430838
102,1632000,"2010-06-22",12.131463,0.884615238777205,0.888351516962107,2010,6,22,"Summer",0.943851001615488,0.982110155619956,0.301495552062988,0.301495552062988,1,37,37,FALSE,TRUE,TRUE,0.943600574430838
102,1632000,"2010-06-23",10.989344,0.90585480085955,1.02400994370355,2010,6,23,"Summer",0.943851001615488,0.982110155619956,0.301495552062988,0.301495552062988,1,37,37,FALSE,TRUE,TRUE,0.943600574430838
102,1632000,"2010-06-24",10.058653,0.915309685455292,1.01043752772163,2010,6,24,"Summer",0.943851001615488,0.982110155619956,0.301495552062988,0.301495552062988,1,37,37,FALSE,TRUE,TRUE,0.943600574430838
102,1632000,"2010-06-25",9.253269,0.919931227372094,1.00504915657535,2010,6,25,"Summer",0.943851001615488,0.982110155619956,0.301495552062988,0.301495552062988,1,37,37,FALSE,TRUE,TRUE,0.943600574430838
102,1632000,"2010-06-26",8.548205,0.923803793016284,1.00420962516432,2010,6,26,"Summer",0.943851001615488,0.982110155619956,0.301495552062988,0.301495552062988,1,37,37,FALSE,TRUE,TRUE,0.943600574430838
102,1632000,"2010-06-27",7.93907,0.928741180165895,1.00534462749226,2010,6,27,"Summer",0.943851001615488,0.982110155619956,0.301495552062988,0.301495552062988,1,37,37,FALSE,TRUE,TRUE,0.943600574430838
102,1632000,"2010-06-28",7.419682,0.934578231455322,1.00628490629476,2010,6,28,"Summer",0.943851001615488,0.982110155619956,0.301495552062988,0.301495552062988,1,37,37,FALSE,TRUE,TRUE,0.943600574430838
102,1632000,"2010-06-29",6.955659,0.937460527284053,1.00308406052241,2010,6,29,"Summer",0.943851001615488,0.982110155619956,0.301495552062988,0.301495552062988,1,37,37,FALSE,TRUE,TRUE,0.943600574430838
102,1632000,"2010-06-30",6.540127,0.940259866103269,1.00298608713406,2010,6,30,"Summer",0.943851001615488,0.982110155619956,0.301495552062988,0.301495552062988,1,37,37,FALSE,TRUE,TRUE,0.943600574430838
102,1632000,"2010-07-01",6.173543,0.943948489073683,1.00392298246835,2010,7,1,"Summer",0.943851001615488,0.982110155619956,0.301495552062988,0.301495552062988,1,37,37,FALSE,TRUE,TRUE,0.943600574430838
102,1632000,"2010-07-02",5.851221,0.947789786189227,1.00406939272641,2010,7,2,"Summer",0.943851001615488,0.982110155619956,0.301495552062988,0.301495552062988,1,37,37,FALSE,TRUE,TRUE,0.943600574430838
102,1632000,"2010-07-03",5.559415,0.950129041442803,1.00246811612413,2010,7,3,"Summer",0.943851001615488,0.982110155619956,0.301495552062988,0.301495552062988,1,37,37,FALSE,TRUE,TRUE,0.943600574430838
102,1632000,"2010-07-04",5.281188,0.949953907020793,0.999815673014536,2010,7,4,"Summer",0.943851001615488,0.982110155619956,0.301495552062988,0.301495552062988,1,37,37,FALSE,TRUE,TRUE,0.943600574430838
102,1632000,"2010-07-05",5.004256,0.947562556000657,0.997482666261529,2010,7,5,"Summer",0.943851001615488,0.982110155619956,0.301495552062988,0.301495552062988,1,37,37,FALSE,TRUE,TRUE,0.943600574430838
102,1632000,"2010-07-06",4.722317,0.943660156474809,0.995881644434834,2010,7,6,"Summer",0.943851001615488,0.982110155619956,0.301495552062988,0.301495552062988,1,37,37,FALSE,TRUE,TRUE,0.943600574430838
102,1632000,"2010-07-07",4.437766,0.93974335056287,0.99584934694438,2010,7,7,"Summer",0.943851001615488,0.982110155619956,0.301495552062988,0.301495552062988,1,37,37,FALSE,TRUE,TRUE,0.943600574430838
102,1632000,"2010-07-08",4.159042,0.937192722644682,0.997285824989706,2010,7,8,"Summer",0.943851001615488,0.982110155619956,0.301495552062988,0.301495552062988,1,37,37,FALSE,TRUE,TRUE,0.943600574430838
103,1632000,"2010-09-02",4.006728,0.918641620385645,1.02593634421315,2010,9,2,"Fall",0.966642227350796,0.935448135251984,0.362377643585205,0.362377643585205,1,25,25,FALSE,TRUE,TRUE,0.966876867532051
103,1632000,"2010-09-03",3.74203,0.933936618607502,1.01664958116685,2010,9,3,"Fall",0.966642227350796,0.935448135251984,0.362377643585205,0.362377643585205,1,25,25,FALSE,TRUE,TRUE,0.966876867532051
103,1632000,"2010-09-04",3.533337,0.944230003500774,1.01102150262468,2010,9,4,"Fall",0.966642227350796,0.935448135251984,0.362377643585205,0.362377643585205,1,25,25,FALSE,TRUE,TRUE,0.966876867532051
103,1632000,"2010-09-05",3.363085,0.951815521700874,1.0080335492115,2010,9,5,"Fall",0.966642227350796,0.935448135251984,0.362377643585205,0.362377643585205,1,25,25,FALSE,TRUE,TRUE,0.966876867532051
103,1632000,"2010-09-06",3.218951,0.957142326167789,1.0055964673253,2010,9,6,"Fall",0.966642227350796,0.935448135251984,0.362377643585205,0.362377643585205,1,25,25,FALSE,TRUE,TRUE,0.966876867532051
103,1632000,"2010-09-07",3.090653,0.960142916123917,1.00313494646939,2010,9,7,"Fall",0.966642227350796,0.935448135251984,0.362377643585205,0.362377643585205,1,25,25,FALSE,TRUE,TRUE,0.966876867532051
103,1632000,"2010-09-08",2.971504,0.961448600020772,1.00135988494518,2010,9,8,"Fall",0.966642227350796,0.935448135251984,0.362377643585205,0.362377643585205,1,25,25,FALSE,TRUE,TRUE,0.966876867532051
103,1632000,"2010-09-09",2.858765,0.962059953478104,1.0006358670212,2010,9,9,"Fall",0.966642227350796,0.935448135251984,0.362377643585205,0.362377643585205,1,25,25,FALSE,TRUE,TRUE,0.966876867532051
103,1632000,"2010-09-10",2.752914,0.962973171981607,1.0009492324259,2010,9,10,"Fall",0.966642227350796,0.935448135251984,0.362377643585205,0.362377643585205,1,25,25,FALSE,TRUE,TRUE,0.966876867532051
103,1632000,"2010-09-11",2.653926,0.964042465547416,1.00111040846923,2010,9,11,"Fall",0.966642227350796,0.935448135251984,0.362377643585205,0.362377643585205,1,25,25,FALSE,TRUE,TRUE,0.966876867532051
103,1632000,"2010-09-12",2.930519,1.10422031360332,1.14540630010142,2010,9,12,"Fall",0.966642227350796,0.935448135251984,0.362377643585205,0.362377643585205,1,25,25,FALSE,TRUE,TRUE,0.966876867532051
103,1632000,"2010-09-13",3.124863,1.0663172632561,0.965674376860961,2010,9,13,"Fall",0.966642227350796,0.935448135251984,0.362377643585205,0.362377643585205,1,25,25,FALSE,TRUE,TRUE,0.966876867532051
103,1632000,"2010-09-14",2.858676,0.914816425552096,0.857921424584855,2010,9,14,"Fall",0.966642227350796,0.935448135251984,0.362377643585205,0.362377643585205,1,25,25,FALSE,TRUE,TRUE,0.966876867532051
103,1632000,"2010-09-15",2.636796,0.922383648933982,1.00827184905138,2010,9,15,"Fall",0.966642227350796,0.935448135251984,0.362377643585205,0.362377643585205,1,25,25,FALSE,TRUE,TRUE,0.966876867532051
103,1632000,"2010-09-16",2.477444,0.939566049098982,1.01862825754214,2010,9,16,"Fall",0.966642227350796,0.935448135251984,0.362377643585205,0.362377643585205,1,25,25,FALSE,TRUE,TRUE,0.966876867532051
103,1632000,"2010-09-17",2.476783,0.999733192758343,1.06403716238689,2010,9,17,"Fall",0.966642227350796,0.935448135251984,0.362377643585205,0.362377643585205,1,25,25,FALSE,TRUE,TRUE,0.966876867532051
103,1632000,"2010-09-18",2.460485,0.993419689976877,0.993684812280718,2010,9,18,"Fall",0.966642227350796,0.935448135251984,0.362377643585205,0.362377643585205,1,25,25,FALSE,TRUE,TRUE,0.966876867532051
103,1632000,"2010-09-19",2.307639,0.937879726964399,0.944092145975312,2010,9,19,"Fall",0.966642227350796,0.935448135251984,0.362377643585205,0.362377643585205,1,25,25,FALSE,TRUE,TRUE,0.966876867532051
103,1632000,"2010-09-20",2.162588,0.937143114672616,0.99921459834283,2010,9,20,"Fall",0.966642227350796,0.935448135251984,0.362377643585205,0.362377643585205,1,25,25,FALSE,TRUE,TRUE,0.966876867532051
103,1632000,"2010-09-21",2.035282,0.941132568940547,1.00425703844532,2010,9,21,"Fall",0.966642227350796,0.935448135251984,0.362377643585205,0.362377643585205,1,25,25,FALSE,TRUE,TRUE,0.966876867532051
103,1632000,"2010-09-22",1.925177,0.94590184554278,1.00506759277027,2010,9,22,"Fall",0.966642227350796,0.935448135251984,0.362377643585205,0.362377643585205,1,25,25,FALSE,TRUE,TRUE,0.966876867532051
103,1632000,"2010-09-23",1.828663,0.94986746673163,1.0041924235665,2010,9,23,"Fall",0.966642227350796,0.935448135251984,0.362377643585205,0.362377643585205,1,25,25,FALSE,TRUE,TRUE,0.966876867532051
103,1632000,"2010-09-24",1.740535,0.951807413394376,1.00204233404205,2010,9,24,"Fall",0.966642227350796,0.935448135251984,0.362377643585205,0.362377643585205,1,25,25,FALSE,TRUE,TRUE,0.966876867532051
103,1632000,"2010-09-25",1.657702,0.952409460309617,1.00063253018076,2010,9,25,"Fall",0.966642227350796,0.935448135251984,0.362377643585205,0.362377643585205,1,25,25,FALSE,TRUE,TRUE,0.966876867532051
103,1632000,"2010-09-26",1.589703,0.958979961416467,1.00689881965758,2010,9,26,"Fall",0.966642227350796,0.935448135251984,0.362377643585205,0.362377643585205,1,25,25,FALSE,TRUE,TRUE,0.966876867532051
105,1632000,"2010-12-10",87.575521,0.957116088184736,1.02107482125434,2010,12,10,"Winter",0.974264633634092,0.871097734738348,0.879987835884094,0.879987835884094,1,21,21,FALSE,TRUE,TRUE,0.971893545318035
105,1632000,"2010-12-11",84.922006,0.969700265899646,1.0131480160769,2010,12,11,"Winter",0.974264633634092,0.871097734738348,0.879987835884094,0.879987835884094,1,21,21,FALSE,TRUE,TRUE,0.971893545318035
105,1632000,"2010-12-12",94.017092,1.10709928354731,1.14169225530756,2010,12,12,"Winter",0.974264633634092,0.871097734738348,0.879987835884094,0.879987835884094,1,21,21,FALSE,TRUE,TRUE,0.971893545318035
105,1632000,"2010-12-13",104.476423,1.11124925029589,1.00374850459237,2010,12,13,"Winter",0.974264633634092,0.871097734738348,0.879987835884094,0.879987835884094,1,21,21,FALSE,TRUE,TRUE,0.971893545318035
105,1632000,"2010-12-14",100.439461,0.961360066854509,0.865116504329274,2010,12,14,"Winter",0.974264633634092,0.871097734738348,0.879987835884094,0.879987835884094,1,21,21,FALSE,TRUE,TRUE,0.971893545318035
105,1632000,"2010-12-15",93.822619,0.934121092107414,0.971666209481512,2010,12,15,"Winter",0.974264633634092,0.871097734738348,0.879987835884094,0.879987835884094,1,21,21,FALSE,TRUE,TRUE,0.971893545318035
105,1632000,"2010-12-16",89.203477,0.950767287790165,1.01782016895175,2010,12,16,"Winter",0.974264633634092,0.871097734738348,0.879987835884094,0.879987835884094,1,21,21,FALSE,TRUE,TRUE,0.971893545318035
105,1632000,"2010-12-17",86.20196,0.966352017870335,1.01639173989294,2010,12,17,"Winter",0.974264633634092,0.871097734738348,0.879987835884094,0.879987835884094,1,21,21,FALSE,TRUE,TRUE,0.971893545318035
105,1632000,"2010-12-18",83.623059,0.97008303523493,1.00386092986365,2010,12,18,"Winter",0.974264633634092,0.871097734738348,0.879987835884094,0.879987835884094,1,21,21,FALSE,TRUE,TRUE,0.971893545318035
105,1632000,"2010-12-19",84.221766,1.00715959218856,1.03821998283338,2010,12,19,"Winter",0.974264633634092,0.871097734738348,0.879987835884094,0.879987835884094,1,21,21,FALSE,TRUE,TRUE,0.971893545318035
105,1632000,"2010-12-20",83.120605,0.986925458200437,0.979909704335779,2010,12,20,"Winter",0.974264633634092,0.871097734738348,0.879987835884094,0.879987835884094,1,21,21,FALSE,TRUE,TRUE,0.971893545318035
105,1632000,"2010-12-21",77.624079,0.933872882662488,0.946244597201206,2010,12,21,"Winter",0.974264633634092,0.871097734738348,0.879987835884094,0.879987835884094,1,21,21,FALSE,TRUE,TRUE,0.971893545318035
105,1632000,"2010-12-22",73.705821,0.949522647476436,1.01675791759723,2010,12,22,"Winter",0.974264633634092,0.871097734738348,0.879987835884094,0.879987835884094,1,21,21,FALSE,TRUE,TRUE,0.971893545318035
105,1632000,"2010-12-23",71.061419,0.964122209560626,1.01537568600706,2010,12,23,"Winter",0.974264633634092,0.871097734738348,0.879987835884094,0.879987835884094,1,21,21,FALSE,TRUE,TRUE,0.971893545318035
105,1632000,"2010-12-24",68.482188,0.963704200728105,0.999566435843531,2010,12,24,"Winter",0.974264633634092,0.871097734738348,0.879987835884094,0.879987835884094,1,21,21,FALSE,TRUE,TRUE,0.971893545318035
105,1632000,"2010-12-25",65.72349,0.959716561626214,0.995862175241243,2010,12,25,"Winter",0.974264633634092,0.871097734738348,0.879987835884094,0.879987835884094,1,21,21,FALSE,TRUE,TRUE,0.971893545318035
105,1632000,"2010-12-26",63.268432,0.962645653783754,1.00305203877338,2010,12,26,"Winter",0.974264633634092,0.871097734738348,0.879987835884094,0.879987835884094,1,21,21,FALSE,TRUE,TRUE,0.971893545318035
105,1632000,"2010-12-27",61.120036,0.966043160355231,1.00352934286684,2010,12,27,"Winter",0.974264633634092,0.871097734738348,0.879987835884094,0.879987835884094,1,21,21,FALSE,TRUE,TRUE,0.971893545318035
105,1632000,"2010-12-28",59.467865,0.972968422335353,1.00716868796791,2010,12,28,"Winter",0.974264633634092,0.871097734738348,0.879987835884094,0.879987835884094,1,21,21,FALSE,TRUE,TRUE,0.971893545318035
105,1632000,"2010-12-29",57.802849,0.972001416227066,0.999006127962544,2010,12,29,"Winter",0.974264633634092,0.871097734738348,0.879987835884094,0.879987835884094,1,21,21,FALSE,TRUE,TRUE,0.971893545318035
105,1632000,"2010-12-30",55.568459,0.961344638912175,0.989036253304798,2010,12,30,"Winter",0.974264633634092,0.871097734738348,0.879987835884094,0.879987835884094,1,21,21,FALSE,TRUE,TRUE,0.971893545318035
106,1632000,"2011-01-10",49.833736,0.96271407601726,1.00060596177273,2011,1,10,"Winter",0.977471831821673,0.800958135854099,0.879987835884094,0.13391900062561,6,26,21,FALSE,TRUE,TRUE,0.984919405752515
106,1632000,"2011-01-11",47.986509,0.9629321991833,1.00022657107803,2011,1,11,"Winter",0.977471831821673,0.800958135854099,0.879987835884094,0.13391900062561,6,26,21,FALSE,TRUE,TRUE,0.984919405752515
106,1632000,"2011-01-12",46.227942,0.963352887370907,1.0004368824596,2011,1,12,"Winter",0.977471831821673,0.800958135854099,0.879987835884094,0.13391900062561,6,26,21,FALSE,TRUE,TRUE,0.984919405752515
106,1632000,"2011-01-13",44.550746,0.963718999214804,1.00038003918263,2011,1,13,"Winter",0.977471831821673,0.800958135854099,0.879987835884094,0.13391900062561,6,26,21,FALSE,TRUE,TRUE,0.984919405752515
106,1632000,"2011-01-14",42.930014,0.96362054184233,0.99989783601594,2011,1,14,"Winter",0.977471831821673,0.800958135854099,0.879987835884094,0.13391900062561,6,26,21,FALSE,TRUE,TRUE,0.984919405752515
106,1632000,"2011-01-15",41.363339,0.963506301209219,0.99988144645309,2011,1,15,"Winter",0.977471831821673,0.800958135854099,0.879987835884094,0.13391900062561,6,26,21,FALSE,TRUE,TRUE,0.984919405752515
106,1632000,"2011-01-16",39.856157,0.963562371016518,1.00005819350349,2011,1,16,"Winter",0.977471831821673,0.800958135854099,0.879987835884094,0.13391900062561,6,26,21,FALSE,TRUE,TRUE,0.984919405752515
106,1632000,"2011-01-17",38.408227,0.963671108581793,1.00011284953475,2011,1,17,"Winter",0.977471831821673,0.800958135854099,0.879987835884094,0.13391900062561,6,26,21,FALSE,TRUE,TRUE,0.984919405752515
106,1632000,"2011-01-18",37.975573,0.988735382135708,1.02600915740932,2011,1,18,"Winter",0.977471831821673,0.800958135854099,0.879987835884094,0.13391900062561,6,26,21,FALSE,TRUE,TRUE,0.984919405752515
106,1632000,"2011-01-19",40.062783,1.05496190933051,1.0669810430489,2011,1,19,"Winter",0.977471831821673,0.800958135854099,0.879987835884094,0.13391900062561,6,26,21,FALSE,TRUE,TRUE,0.984919405752515
106,1632000,"2011-01-20",41.818321,1.04381967173873,0.989438256023057,2011,1,20,"Winter",0.977471831821673,0.800958135854099,0.879987835884094,0.13391900062561,6,26,21,FALSE,TRUE,TRUE,0.984919405752515
106,1632000,"2011-01-21",41.177081,0.984666051035382,0.943329655202978,2011,1,21,"Winter",0.977471831821673,0.800958135854099,0.879987835884094,0.13391900062561,6,26,21,FALSE,TRUE,TRUE,0.984919405752515
106,1632000,"2011-01-22",39.800758,0.966575508351357,0.981627737987917,2011,1,22,"Winter",0.977471831821673,0.800958135854099,0.879987835884094,0.13391900062561,6,26,21,FALSE,TRUE,TRUE,0.984919405752515
106,1632000,"2011-01-23",38.17771,0.959220676148932,0.992390835336838,2011,1,23,"Winter",0.977471831821673,0.800958135854099,0.879987835884094,0.13391900062561,6,26,21,FALSE,TRUE,TRUE,0.984919405752515
106,1632000,"2011-01-24",36.627835,0.959403667742251,1.0001907711102,2011,1,24,"Winter",0.977471831821673,0.800958135854099,0.879987835884094,0.13391900062561,6,26,21,FALSE,TRUE,TRUE,0.984919405752515
106,1632000,"2011-01-25",35.193655,0.960844532580209,1.00150183378113,2011,1,25,"Winter",0.977471831821673,0.800958135854099,0.879987835884094,0.13391900062561,6,26,21,FALSE,TRUE,TRUE,0.984919405752515
106,1632000,"2011-01-26",37.74865,1.07259817146017,1.11630772210345,2011,1,26,"Winter",0.977471831821673,0.800958135854099,0.879987835884094,0.13391900062561,6,26,21,FALSE,TRUE,TRUE,0.984919405752515
106,1632000,"2011-01-27",38.691712,1.02498266825436,0.95560732390492,2011,1,27,"Winter",0.977471831821673,0.800958135854099,0.879987835884094,0.13391900062561,6,26,21,FALSE,TRUE,TRUE,0.984919405752515
106,1632000,"2011-01-28",36.261283,0.93718476453045,0.914342060170209,2011,1,28,"Winter",0.977471831821673,0.800958135854099,0.879987835884094,0.13391900062561,6,26,21,FALSE,TRUE,TRUE,0.984919405752515
106,1632000,"2011-01-29",34.849957,0.96107898333327,1.02549573969525,2011,1,29,"Winter",0.977471831821673,0.800958135854099,0.879987835884094,0.13391900062561,6,26,21,FALSE,TRUE,TRUE,0.984919405752515
106,1632000,"2011-01-30",33.144974,0.951076467612284,0.989592410307117,2011,1,30,"Winter",0.977471831821673,0.800958135854099,0.879987835884094,0.13391900062561,6,26,21,FALSE,TRUE,TRUE,0.984919405752515
107,1632000,"2011-02-10",99.050859,0.932215407974394,1.01779692652909,2011,2,10,"Winter",0.967979797343,0.95162500490993,0.584070324897766,0.584070324897766,1,14,14,FALSE,TRUE,TRUE,0.966978751156861
107,1632000,"2011-02-11",94.048837,0.949500468239251,1.01854191651092,2011,2,11,"Winter",0.967979797343,0.95162500490993,0.584070324897766,0.584070324897766,1,14,14,FALSE,TRUE,TRUE,0.966978751156861
107,1632000,"2011-02-12",90.36982,0.960881844822813,1.0119866992848,2011,2,12,"Winter",0.967979797343,0.95162500490993,0.584070324897766,0.584070324897766,1,14,14,FALSE,TRUE,TRUE,0.966978751156861
107,1632000,"2011-02-13",87.929374,0.972994900288614,1.01260618621433,2011,2,13,"Winter",0.967979797343,0.95162500490993,0.584070324897766,0.584070324897766,1,14,14,FALSE,TRUE,TRUE,0.966978751156861
107,1632000,"2011-02-14",89.006068,1.01224498652748,1.04033945730571,2011,2,14,"Winter",0.967979797343,0.95162500490993,0.584070324897766,0.584070324897766,1,14,14,FALSE,TRUE,TRUE,0.966978751156861
107,1632000,"2011-02-15",90.393475,1.0155877799253,1.00330235609196,2011,2,15,"Winter",0.967979797343,0.95162500490993,0.584070324897766,0.584070324897766,1,14,14,FALSE,TRUE,TRUE,0.966978751156861
107,1632000,"2011-02-16",86.487759,0.95679205827633,0.942106706272804,2011,2,16,"Winter",0.967979797343,0.95162500490993,0.584070324897766,0.584070324897766,1,14,14,FALSE,TRUE,TRUE,0.966978751156861
107,1632000,"2011-02-17",81.150869,0.938293117295362,0.980665662072599,2011,2,17,"Winter",0.967979797343,0.95162500490993,0.584070324897766,0.584070324897766,1,14,14,FALSE,TRUE,TRUE,0.966978751156861
107,1632000,"2011-02-18",77.599526,0.956237769924559,1.0191247833949,2011,2,18,"Winter",0.967979797343,0.95162500490993,0.584070324897766,0.584070324897766,1,14,14,FALSE,TRUE,TRUE,0.966978751156861
107,1632000,"2011-02-19",74.074033,0.954568111666043,0.998253929816381,2011,2,19,"Winter",0.967979797343,0.95162500490993,0.584070324897766,0.584070324897766,1,14,14,FALSE,TRUE,TRUE,0.966978751156861
107,1632000,"2011-02-20",70.393762,0.950316313950396,0.995545841450511,2011,2,20,"Winter",0.967979797343,0.95162500490993,0.584070324897766,0.584070324897766,1,14,14,FALSE,TRUE,TRUE,0.966978751156861
107,1632000,"2011-02-21",67.219071,0.954900961252788,1.00482433820728,2011,2,21,"Winter",0.967979797343,0.95162500490993,0.584070324897766,0.584070324897766,1,14,14,FALSE,TRUE,TRUE,0.966978751156861
107,1632000,"2011-02-22",65.762789,0.978335285234751,1.02454110419076,2011,2,22,"Winter",0.967979797343,0.95162500490993,0.584070324897766,0.584070324897766,1,14,14,FALSE,TRUE,TRUE,0.966978751156861
107,1632000,"2011-02-23",63.975823,0.972827095274198,0.994369834101168,2011,2,23,"Winter",0.967979797343,0.95162500490993,0.584070324897766,0.584070324897766,1,14,14,FALSE,TRUE,TRUE,0.966978751156861
110,1632000,"2012-06-29",12.134152,0.932920231321955,0.99941262614768,2012,6,29,"Summer",0.942544739163686,0.269268559371933,0.324423611164093,0.256145000457764,7,20,14,FALSE,TRUE,TRUE,0.97778655684713
110,1632000,"2012-06-30",11.717176,0.965636164768663,1.03506830739467,2012,6,30,"Summer",0.942544739163686,0.269268559371933,0.324423611164093,0.256145000457764,7,20,14,FALSE,TRUE,TRUE,0.97778655684713
110,1632000,"2012-07-01",11.199744,0.955839871313702,0.989855088477028,2012,7,1,"Summer",0.942544739163686,0.269268559371933,0.324423611164093,0.256145000457764,7,20,14,FALSE,TRUE,TRUE,0.97778655684713
110,1632000,"2012-07-02",10.216526,0.912210671958216,0.954355116725229,2012,7,2,"Summer",0.942544739163686,0.269268559371933,0.324423611164093,0.256145000457764,7,20,14,FALSE,TRUE,TRUE,0.97778655684713
110,1632000,"2012-07-03",9.366308,0.916780126630129,1.00500920983757,2012,7,3,"Summer",0.942544739163686,0.269268559371933,0.324423611164093,0.256145000457764,7,20,14,FALSE,TRUE,TRUE,0.97778655684713
110,1632000,"2012-07-04",9.43139,1.00694852229929,1.09835334891104,2012,7,4,"Summer",0.942544739163686,0.269268559371933,0.324423611164093,0.256145000457764,7,20,14,FALSE,TRUE,TRUE,0.97778655684713
110,1632000,"2012-07-05",9.279933,0.983941179401976,0.977151420963629,2012,7,5,"Summer",0.942544739163686,0.269268559371933,0.324423611164093,0.256145000457764,7,20,14,FALSE,TRUE,TRUE,0.97778655684713
110,1632000,"2012-07-06",8.210601,0.884769426675818,0.899209673502604,2012,7,6,"Summer",0.942544739163686,0.269268559371933,0.324423611164093,0.256145000457764,7,20,14,FALSE,TRUE,TRUE,0.97778655684713
110,1632000,"2012-07-07",7.35772,0.89612441281704,1.01283383647634,2012,7,7,"Summer",0.942544739163686,0.269268559371933,0.324423611164093,0.256145000457764,7,20,14,FALSE,TRUE,TRUE,0.97778655684713
110,1632000,"2012-07-08",6.681793,0.908133633788728,1.013401287589,2012,7,8,"Summer",0.942544739163686,0.269268559371933,0.324423611164093,0.256145000457764,7,20,14,FALSE,TRUE,TRUE,0.97778655684713
110,1632000,"2012-07-09",9.36124,1.40100718474817,1.54273240481489,2012,7,9,"Summer",0.942544739163686,0.269268559371933,0.324423611164093,0.256145000457764,7,20,14,FALSE,TRUE,TRUE,0.97778655684713
110,1632000,"2012-07-10",11.793982,1.2598739055937,0.899262986877664,2012,7,10,"Summer",0.942544739163686,0.269268559371933,0.324423611164093,0.256145000457764,7,20,14,FALSE,TRUE,TRUE,0.97778655684713
110,1632000,"2012-07-11",9.74156,0.825977180565478,0.655603054320142,2012,7,11,"Summer",0.942544739163686,0.269268559371933,0.324423611164093,0.256145000457764,7,20,14,FALSE,TRUE,TRUE,0.97778655684713
110,1632000,"2012-07-12",7.956056,0.81671272362948,0.988783640572667,2012,7,12,"Summer",0.942544739163686,0.269268559371933,0.324423611164093,0.256145000457764,7,20,14,FALSE,TRUE,TRUE,0.97778655684713
112,1632000,"2013-03-29",242.350933,0.906125738615822,1.02402880064008,2013,3,29,"Spring",0.961314136893848,0.98746036037033,1,1,1,14,14,FALSE,TRUE,TRUE,0.960861150040221
112,1632000,"2013-03-30",223.743,0.923219057712478,1.01886418006707,2013,3,30,"Spring",0.961314136893848,0.98746036037033,1,1,1,14,14,FALSE,TRUE,TRUE,0.960861150040221
112,1632000,"2013-03-31",217.883823,0.973812914817447,1.05480157356189,2013,3,31,"Spring",0.961314136893848,0.98746036037033,1,1,1,14,14,FALSE,TRUE,TRUE,0.960861150040221
112,1632000,"2013-04-01",219.077878,1.00548023705275,1.0325188973708,2013,4,1,"Spring",0.961314136893848,0.98746036037033,1,1,1,14,14,FALSE,TRUE,TRUE,0.960861150040221
112,1632000,"2013-04-02",209.776379,0.957542500023667,0.952323541266609,2013,4,2,"Spring",0.961314136893848,0.98746036037033,1,1,1,14,14,FALSE,TRUE,TRUE,0.960861150040221
112,1632000,"2013-04-03",196.048064,0.93455738407993,0.97599572244243,2013,4,3,"Spring",0.961314136893848,0.98746036037033,1,1,1,14,14,FALSE,TRUE,TRUE,0.960861150040221
112,1632000,"2013-04-04",186.649563,0.952060220293734,1.01872847672274,2013,4,4,"Spring",0.961314136893848,0.98746036037033,1,1,1,14,14,FALSE,TRUE,TRUE,0.960861150040221
112,1632000,"2013-04-05",183.994378,0.985774491205211,1.03541191007968,2013,4,5,"Spring",0.961314136893848,0.98746036037033,1,1,1,14,14,FALSE,TRUE,TRUE,0.960861150040221
112,1632000,"2013-04-06",179.335651,0.974680057887421,0.988745465198408,2013,4,6,"Spring",0.961314136893848,0.98746036037033,1,1,1,14,14,FALSE,TRUE,TRUE,0.960861150040221
112,1632000,"2013-04-07",169.719135,0.94637699784523,0.970961691671895,2013,4,7,"Spring",0.961314136893848,0.98746036037033,1,1,1,14,14,FALSE,TRUE,TRUE,0.960861150040221
112,1632000,"2013-04-08",162.791408,0.95918122608862,1.01352973315343,2013,4,8,"Spring",0.961314136893848,0.98746036037033,1,1,1,14,14,FALSE,TRUE,TRUE,0.960861150040221
112,1632000,"2013-04-09",155.763942,0.956831468648517,0.997550246630989,2013,4,9,"Spring",0.961314136893848,0.98746036037033,1,1,1,14,14,FALSE,TRUE,TRUE,0.960861150040221
112,1632000,"2013-04-10",147.97983,0.950026226223782,0.992887731384558,2013,4,10,"Spring",0.961314136893848,0.98746036037033,1,1,1,14,14,FALSE,TRUE,TRUE,0.960861150040221
112,1632000,"2013-04-11",139.523526,0.942855022877104,0.992451573284264,2013,4,11,"Spring",0.961314136893848,0.98746036037033,1,1,1,14,14,FALSE,TRUE,TRUE,0.960861150040221
115,1632000,"2014-01-17",277.135873,0.929870797101922,1.02408045282299,2014,1,17,"Winter",0.961751690433378,0.989085854627029,0.344417572021484,0.344417572021484,1,16,16,FALSE,TRUE,TRUE,0.961880146834897
115,1632000,"2014-01-18",266.961747,0.963288310928986,1.03593780332839,2014,1,18,"Winter",0.961751690433378,0.989085854627029,0.344417572021484,0.344417572021484,1,16,16,FALSE,TRUE,TRUE,0.961880146834897
115,1632000,"2014-01-19",256.168787,0.959571136609321,0.996141161189758,2014,1,19,"Winter",0.961751690433378,0.989085854627029,0.344417572021484,0.344417572021484,1,16,16,FALSE,TRUE,TRUE,0.961880146834897
115,1632000,"2014-01-20",241.708806,0.943552916148211,0.983306896331094,2014,1,20,"Winter",0.961751690433378,0.989085854627029,0.344417572021484,0.344417572021484,1,16,16,FALSE,TRUE,TRUE,0.961880146834897
115,1632000,"2014-01-21",231.394396,0.957327123613361,1.01459823527585,2014,1,21,"Winter",0.961751690433378,0.989085854627029,0.344417572021484,0.344417572021484,1,16,16,FALSE,TRUE,TRUE,0.961880146834897
115,1632000,"2014-01-22",222.070125,0.95970398954692,1.00248281478184,2014,1,22,"Winter",0.961751690433378,0.989085854627029,0.344417572021484,0.344417572021484,1,16,16,FALSE,TRUE,TRUE,0.961880146834897
115,1632000,"2014-01-23",213.334597,0.960663200419237,1.00099948617778,2014,1,23,"Winter",0.961751690433378,0.989085854627029,0.344417572021484,0.344417572021484,1,16,16,FALSE,TRUE,TRUE,0.961880146834897
115,1632000,"2014-01-24",205.044123,0.961138633317877,1.00049490070863,2014,1,24,"Winter",0.961751690433378,0.989085854627029,0.344417572021484,0.344417572021484,1,16,16,FALSE,TRUE,TRUE,0.961880146834897
115,1632000,"2014-01-25",197.125114,0.961379000362766,1.00025008571767,2014,1,25,"Winter",0.961751690433378,0.989085854627029,0.344417572021484,0.344417572021484,1,16,16,FALSE,TRUE,TRUE,0.961880146834897
115,1632000,"2014-01-26",189.531796,0.961479702682632,1.00010474778399,2014,1,26,"Winter",0.961751690433378,0.989085854627029,0.344417572021484,0.344417572021484,1,16,16,FALSE,TRUE,TRUE,0.961880146834897
115,1632000,"2014-01-27",190.925396,1.00735285598201,1.04771099501257,2014,1,27,"Winter",0.961751690433378,0.989085854627029,0.344417572021484,0.344417572021484,1,16,16,FALSE,TRUE,TRUE,0.961880146834897
115,1632000,"2014-01-28",187.512734,0.982125678031853,0.974956959916924,2014,1,28,"Winter",0.961751690433378,0.989085854627029,0.344417572021484,0.344417572021484,1,16,16,FALSE,TRUE,TRUE,0.961880146834897
115,1632000,"2014-01-29",173.736777,0.926533218805289,0.943395778697112,2014,1,29,"Winter",0.961751690433378,0.989085854627029,0.344417572021484,0.344417572021484,1,16,16,FALSE,TRUE,TRUE,0.961880146834897
115,1632000,"2014-01-30",164.552715,0.947138066225322,1.02223864941033,2014,1,30,"Winter",0.961751690433378,0.989085854627029,0.344417572021484,0.344417572021484,1,16,16,FALSE,TRUE,TRUE,0.961880146834897
115,1632000,"2014-01-31",157.334796,0.95613612938565,1.00950026556972,2014,1,31,"Winter",0.961751690433378,0.989085854627029,0.344417572021484,0.344417572021484,1,16,16,FALSE,TRUE,TRUE,0.961880146834897
115,1632000,"2014-02-01",151.157113,0.96073543070536,1.0048102996826,2014,2,1,"Winter",0.961751690433378,0.989085854627029,0.344417572021484,0.344417572021484,1,16,16,FALSE,TRUE,TRUE,0.961880146834897
116,1632000,"2014-03-14",250.124085,0.943425504711012,0.97255220519416,2014,3,14,"Spring",0.979618682980692,0.37215970657405,0.912814021110535,0.912814021110535,1,14,14,FALSE,TRUE,TRUE,0.984630693698698
116,1632000,"2014-03-15",225.788821,0.902707234291332,0.95683997282631,2014,3,15,"Spring",0.979618682980692,0.37215970657405,0.912814021110535,0.912814021110535,1,14,14,FALSE,TRUE,TRUE,0.984630693698698
116,1632000,"2014-03-16",213.053043,0.943594293359634,1.04529382009484,2014,3,16,"Spring",0.979618682980692,0.37215970657405,0.912814021110535,0.912814021110535,1,14,14,FALSE,TRUE,TRUE,0.984630693698698
116,1632000,"2014-03-17",214.987685,1.00908056497461,1.06940087713101,2014,3,17,"Spring",0.979618682980692,0.37215970657405,0.912814021110535,0.912814021110535,1,14,14,FALSE,TRUE,TRUE,0.984630693698698
116,1632000,"2014-03-18",213.600956,0.993549728208851,0.984608922909787,2014,3,18,"Spring",0.979618682980692,0.37215970657405,0.912814021110535,0.912814021110535,1,14,14,FALSE,TRUE,TRUE,0.984630693698698
116,1632000,"2014-03-19",208.661638,0.97687595555518,0.98321797874805,2014,3,19,"Spring",0.979618682980692,0.37215970657405,0.912814021110535,0.912814021110535,1,14,14,FALSE,TRUE,TRUE,0.984630693698698
116,1632000,"2014-03-20",239.733589,1.14891070202372,1.17610705380784,2014,3,20,"Spring",0.979618682980692,0.37215970657405,0.912814021110535,0.912814021110535,1,14,14,FALSE,TRUE,TRUE,0.984630693698698
116,1632000,"2014-03-21",259.211884,1.08124975345028,0.941108609699373,2014,3,21,"Spring",0.979618682980692,0.37215970657405,0.912814021110535,0.912814021110535,1,14,14,FALSE,TRUE,TRUE,0.984630693698698
116,1632000,"2014-03-22",237.074582,0.914597657875902,0.845870859121506,2014,3,22,"Spring",0.979618682980692,0.37215970657405,0.912814021110535,0.912814021110535,1,14,14,FALSE,TRUE,TRUE,0.984630693698698
116,1632000,"2014-03-23",216.503516,0.913229559126672,0.998504152358746,2014,3,23,"Spring",0.979618682980692,0.37215970657405,0.912814021110535,0.912814021110535,1,14,14,FALSE,TRUE,TRUE,0.984630693698698
116,1632000,"2014-03-24",201.794136,0.93205939436106,1.02061895067478,2014,3,24,"Spring",0.979618682980692,0.37215970657405,0.912814021110535,0.912814021110535,1,14,14,FALSE,TRUE,TRUE,0.984630693698698
116,1632000,"2014-03-25",194.277455,0.962750746136647,1.03292853648734,2014,3,25,"Spring",0.979618682980692,0.37215970657405,0.912814021110535,0.912814021110535,1,14,14,FALSE,TRUE,TRUE,0.984630693698698
116,1632000,"2014-03-26",188.843026,0.972027485124303,1.00963566013829,2014,3,26,"Spring",0.979618682980692,0.37215970657405,0.912814021110535,0.912814021110535,1,14,14,FALSE,TRUE,TRUE,0.984630693698698
116,1632000,"2014-03-27",179.174246,0.948799909613819,0.97610399308049,2014,3,27,"Spring",0.979618682980692,0.37215970657405,0.912814021110535,0.912814021110535,1,14,14,FALSE,TRUE,TRUE,0.984630693698698
117,1632000,"2014-09-25",2.851952,0.965001199504498,1.0016654636732,2014,9,25,"Fall",0.961001585475765,0.999915331416957,1,5.10215759277344e-05,9,14,6,FALSE,TRUE,TRUE,0.966916665895804
117,1632000,"2014-09-26",2.757429,0.966856735316724,1.00192283264848,2014,9,26,"Fall",0.961001585475765,0.999915331416957,1,5.10215759277344e-05,9,14,6,FALSE,TRUE,TRUE,0.966916665895804
117,1632000,"2014-09-27",2.66862,0.967792824402732,1.00096817765426,2014,9,27,"Fall",0.961001585475765,0.999915331416957,1,5.10215759277344e-05,9,14,6,FALSE,TRUE,TRUE,0.966916665895804
117,1632000,"2014-09-28",2.58094,0.967144066970944,0.99932965257085,2014,9,28,"Fall",0.961001585475765,0.999915331416957,1,5.10215759277344e-05,9,14,6,FALSE,TRUE,TRUE,0.966916665895804
117,1632000,"2014-09-29",2.494211,0.966396351716816,0.999226883274517,2014,9,29,"Fall",0.961001585475765,0.999915331416957,1,5.10215759277344e-05,9,14,6,FALSE,TRUE,TRUE,0.966916665895804
117,1632000,"2014-09-30",2.409406,0.96599926790476,0.999589108742649,2014,9,30,"Fall",0.961001585475765,0.999915331416957,1,5.10215759277344e-05,9,14,6,FALSE,TRUE,TRUE,0.966916665895804
