"GroupID","site_no","Date","Flow","AGWR","delta_AGWR","Year","Month","Day","Season","calc_AGWR","R_squared","mk_pval","mk_pval_orig","trim_start","trim_end","win_len","is_short","met_alpha","kept","AGWRC"
1,1633000,"1984-01-15",0.0248513830592856,0.946150810297246,1.00000210737608,1984,1,15,"Winter",0.95368472535059,0.991261311142679,0.381263732910156,0.00045323371887207,12,38,27,FALSE,TRUE,TRUE,0.957614976283821
1,1633000,"1984-01-16",0.0235132038360462,0.946152726387619,1.00000202514266,1984,1,16,"Winter",0.95368472535059,0.991261311142679,0.381263732910156,0.00045323371887207,12,38,27,FALSE,TRUE,TRUE,0.957614976283821
1,1633000,"1984-01-17",0.0222471261513419,0.946154607703298,1.00000198838478,1984,1,17,"Winter",0.95368472535059,0.991261311142679,0.381263732910156,0.00045323371887207,12,38,27,FALSE,TRUE,TRUE,0.957614976283821
1,1633000,"1984-01-18",0.0210492611513473,0.946156416255931,1.00000191147685,1984,1,18,"Winter",0.95368472535059,0.991261311142679,0.381263732910156,0.00045323371887207,12,38,27,FALSE,TRUE,TRUE,0.957614976283821
1,1633000,"1984-01-19",0.0199159305775538,0.946158177921558,1.00000186191796,1984,1,19,"Winter",0.95368472535059,0.991261311142679,0.381263732910156,0.00045323371887207,12,38,27,FALSE,TRUE,TRUE,0.957614976283821
1,1633000,"1984-01-20",0.0188436543103308,0.946159871212266,1.00000178964865,1984,1,20,"Winter",0.95368472535059,0.991261311142679,0.381263732910156,0.00045323371887207,12,38,27,FALSE,TRUE,TRUE,0.957614976283821
1,1633000,"1984-01-21",0.0178291407064535,0.94616152540428,1.00000174832189,1984,1,21,"Winter",0.95368472535059,0.991261311142679,0.381263732910156,0.00045323371887207,12,38,27,FALSE,TRUE,TRUE,0.957614976283821
1,1633000,"1984-01-22",0.0168692755978554,0.946163131224233,1.00000169719431,1984,1,22,"Winter",0.95368472535059,0.991261311142679,0.381263732910156,0.00045323371887207,12,38,27,FALSE,TRUE,TRUE,0.957614976283821
1,1633000,"1984-01-23",0.0159611129784025,0.946164693665425,1.0000016513444,1984,1,23,"Winter",0.95368472535059,0.991261311142679,0.381263732910156,0.00045323371887207,12,38,27,FALSE,TRUE,TRUE,0.957614976283821
1,1633000,"1984-01-24",0.0151186549919657,0.947218092649508,1.00111333575554,1984,1,24,"Winter",0.95368472535059,0.991261311142679,0.381263732910156,0.00045323371887207,12,38,27,FALSE,TRUE,TRUE,0.957614976283821
1,1633000,"1984-01-25",0.014708430331666,0.972866325707034,1.02707743154038,1984,1,25,"Winter",0.95368472535059,0.991261311142679,0.381263732910156,0.00045323371887207,12,38,27,FALSE,TRUE,TRUE,0.957614976283821
1,1633000,"1984-01-26",0.0143515721429139,0.975737846887455,1.00295160918262,1984,1,26,"Winter",0.95368472535059,0.991261311142679,0.381263732910156,0.00045323371887207,12,38,27,FALSE,TRUE,TRUE,0.957614976283821
1,1633000,"1984-01-27",0.0139783140039071,0.973991829237253,0.998210566848697,1984,1,27,"Winter",0.95368472535059,0.991261311142679,0.381263732910156,0.00045323371887207,12,38,27,FALSE,TRUE,TRUE,0.957614976283821
1,1633000,"1984-01-28",0.0134718705085106,0.963769343337475,0.989504546554787,1984,1,28,"Winter",0.95368472535059,0.991261311142679,0.381263732910156,0.00045323371887207,12,38,27,FALSE,TRUE,TRUE,0.957614976283821
1,1633000,"1984-01-29",0.0127424690290354,0.945857445778267,0.981414746502332,1984,1,29,"Winter",0.95368472535059,0.991261311142679,0.381263732910156,0.00045323371887207,12,38,27,FALSE,TRUE,TRUE,0.957614976283821
1,1633000,"1984-01-30",0.0120824442710727,0.948202757530058,1.00247956154731,1984,1,30,"Winter",0.95368472535059,0.991261311142679,0.381263732910156,0.00045323371887207,12,38,27,FALSE,TRUE,TRUE,0.957614976283821
1,1633000,"1984-01-31",0.0114362126914784,0.946514830518069,0.998219867007785,1984,1,31,"Winter",0.95368472535059,0.991261311142679,0.381263732910156,0.00045323371887207,12,38,27,FALSE,TRUE,TRUE,0.957614976283821
1,1633000,"1984-02-01",0.0108146748389117,0.945651775694079,0.999088176121322,1984,2,1,"Winter",0.95368472535059,0.991261311142679,0.381263732910156,0.00045323371887207,12,38,27,FALSE,TRUE,TRUE,0.957614976283821
1,1633000,"1984-02-02",0.0102465615782421,0.947468299405033,1.00192092243429,1984,2,2,"Winter",0.95368472535059,0.991261311142679,0.381263732910156,0.00045323371887207,12,38,27,FALSE,TRUE,TRUE,0.957614976283821
1,1633000,"1984-02-03",0.0100545305758715,0.981258981278324,1.03566418200431,1984,2,3,"Winter",0.95368472535059,0.991261311142679,0.381263732910156,0.00045323371887207,12,38,27,FALSE,TRUE,TRUE,0.957614976283821
1,1633000,"1984-02-04",0.0102603667473886,1.02047198225356,1.03996192822017,1984,2,4,"Winter",0.95368472535059,0.991261311142679,0.381263732910156,0.00045323371887207,12,38,27,FALSE,TRUE,TRUE,0.957614976283821
1,1633000,"1984-02-05",0.0099479716445785,0.969553222560039,0.950102736205381,1984,2,5,"Winter",0.95368472535059,0.991261311142679,0.381263732910156,0.00045323371887207,12,38,27,FALSE,TRUE,TRUE,0.957614976283821
1,1633000,"1984-02-06",0.00950008630752564,0.954977220175637,0.984966268952296,1984,2,6,"Winter",0.95368472535059,0.991261311142679,0.381263732910156,0.00045323371887207,12,38,27,FALSE,TRUE,TRUE,0.957614976283821
1,1633000,"1984-02-07",0.0089794893283397,0.945200815831164,0.989762683195024,1984,2,7,"Winter",0.95368472535059,0.991261311142679,0.381263732910156,0.00045323371887207,12,38,27,FALSE,TRUE,TRUE,0.957614976283821
1,1633000,"1984-02-08",0.00848769248113967,0.945231089517765,1.00003202884096,1984,2,8,"Winter",0.95368472535059,0.991261311142679,0.381263732910156,0.00045323371887207,12,38,27,FALSE,TRUE,TRUE,0.957614976283821
1,1633000,"1984-02-09",0.00802369421580807,0.945332813793307,1.0001076184191,1984,2,9,"Winter",0.95368472535059,0.991261311142679,0.381263732910156,0.00045323371887207,12,38,27,FALSE,TRUE,TRUE,0.957614976283821
1,1633000,"1984-02-10",0.00758520839735866,0.9453511304574,1.00001937588945,1984,2,10,"Winter",0.95368472535059,0.991261311142679,0.381263732910156,0.00045323371887207,12,38,27,FALSE,TRUE,TRUE,0.957614976283821
2,1633000,"1984-02-27",0.0210865224944428,0.941600579310555,1.00027758211352,1984,2,27,"Winter",0.978497023585805,0.715629697949919,0.620425283908844,0.620425283908844,1,16,16,FALSE,TRUE,TRUE,0.979044716205443
2,1633000,"1984-02-28",0.0204628609935753,0.970423691197455,1.03061076269516,1984,2,28,"Winter",0.978497023585805,0.715629697949919,0.620425283908844,0.620425283908844,1,16,16,FALSE,TRUE,TRUE,0.979044716205443
2,1633000,"1984-02-29",0.0207287950324826,1.01299593634491,1.04386975043337,1984,2,29,"Winter",0.978497023585805,0.715629697949919,0.620425283908844,0.620425283908844,1,16,16,FALSE,TRUE,TRUE,0.979044716205443
2,1633000,"1984-03-01",0.0195105897146277,0.941231252663461,0.929156000427413,1984,3,1,"Spring",0.978497023585805,0.715629697949919,0.620425283908844,0.620425283908844,1,16,16,FALSE,TRUE,TRUE,0.979044716205443
2,1633000,"1984-03-02",0.0183689125115052,0.941484228830532,1.00026877153341,1984,3,2,"Spring",0.978497023585805,0.715629697949919,0.620425283908844,0.620425283908844,1,16,16,FALSE,TRUE,TRUE,0.979044716205443
2,1633000,"1984-03-03",0.0172985263052396,0.941728384541267,1.00025933064332,1984,3,3,"Spring",0.978497023585805,0.715629697949919,0.620425283908844,0.620425283908844,1,16,16,FALSE,TRUE,TRUE,0.979044716205443
2,1633000,"1984-03-04",0.0162935492699035,0.94190389299048,1.00018636843924,1984,3,4,"Spring",0.978497023585805,0.715629697949919,0.620425283908844,0.620425283908844,1,16,16,FALSE,TRUE,TRUE,0.979044716205443
2,1633000,"1984-03-05",0.016810878412798,1.03175054951656,1.09538834821122,1984,3,5,"Spring",0.978497023585805,0.715629697949919,0.620425283908844,0.620425283908844,1,16,16,FALSE,TRUE,TRUE,0.979044716205443
2,1633000,"1984-03-06",0.0192214482813142,1.14339345091456,1.10820726138727,1984,3,6,"Spring",0.978497023585805,0.715629697949919,0.620425283908844,0.620425283908844,1,16,16,FALSE,TRUE,TRUE,0.979044716205443
2,1633000,"1984-03-07",0.0185719932196662,0.966211960090468,0.84503891404803,1984,3,7,"Spring",0.978497023585805,0.715629697949919,0.620425283908844,0.620425283908844,1,16,16,FALSE,TRUE,TRUE,0.979044716205443
2,1633000,"1984-03-08",0.0178609678987414,0.961715185197682,0.99534597471515,1984,3,8,"Spring",0.978497023585805,0.715629697949919,0.620425283908844,0.620425283908844,1,16,16,FALSE,TRUE,TRUE,0.979044716205443
2,1633000,"1984-03-09",0.0177624934585765,0.99448661233125,1.03407602129817,1984,3,9,"Spring",0.978497023585805,0.715629697949919,0.620425283908844,0.620425283908844,1,16,16,FALSE,TRUE,TRUE,0.979044716205443
2,1633000,"1984-03-10",0.0167101120459847,0.940752608013846,0.945968096854072,1984,3,10,"Spring",0.978497023585805,0.715629697949919,0.620425283908844,0.620425283908844,1,16,16,FALSE,TRUE,TRUE,0.979044716205443
2,1633000,"1984-03-11",0.0157252043718472,0.941059181923668,1.00032588154124,1984,3,11,"Spring",0.978497023585805,0.715629697949919,0.620425283908844,0.620425283908844,1,16,16,FALSE,TRUE,TRUE,0.979044716205443
2,1633000,"1984-03-12",0.014802590594627,0.94132898018979,1.00028669638563,1984,3,12,"Spring",0.978497023585805,0.715629697949919,0.620425283908844,0.620425283908844,1,16,16,FALSE,TRUE,TRUE,0.979044716205443
2,1633000,"1984-03-13",0.01393839874072,0.941618877561834,1.00030796605453,1984,3,13,"Spring",0.978497023585805,0.715629697949919,0.620425283908844,0.620425283908844,1,16,16,FALSE,TRUE,TRUE,0.979044716205443
4,1633000,"1984-08-18",0.0253195543773473,0.908877161965534,0.996986283338506,1984,8,18,"Summer",0.932841512910882,0.962511270494216,0.552615165710449,0.0814429745078087,2,16,15,FALSE,TRUE,TRUE,0.940710614311434
4,1633000,"1984-08-19",0.0230249536107294,0.909374362106833,1.00054704877854,1984,8,19,"Summer",0.932841512910882,0.962511270494216,0.552615165710449,0.0814429745078087,2,16,15,FALSE,TRUE,TRUE,0.940710614311434
4,1633000,"1984-08-20",0.0209114346071146,0.908207458770735,0.99871680642789,1984,8,20,"Summer",0.932841512910882,0.962511270494216,0.552615165710449,0.0814429745078087,2,16,15,FALSE,TRUE,TRUE,0.940710614311434
4,1633000,"1984-08-21",0.0189942885190248,0.908320680808885,1.00012466539121,1984,8,21,"Summer",0.932841512910882,0.962511270494216,0.552615165710449,0.0814429745078087,2,16,15,FALSE,TRUE,TRUE,0.940710614311434
4,1633000,"1984-08-22",0.0172400569426827,0.907644259768662,0.999255305912863,1984,8,22,"Summer",0.932841512910882,0.962511270494216,0.552615165710449,0.0814429745078087,2,16,15,FALSE,TRUE,TRUE,0.940710614311434
4,1633000,"1984-08-23",0.0174926356994547,1.01465069156162,1.11789468246098,1984,8,23,"Summer",0.932841512910882,0.962511270494216,0.552615165710449,0.0814429745078087,2,16,15,FALSE,TRUE,TRUE,0.940710614311434
4,1633000,"1984-08-24",0.0170556803350337,0.975020610276893,0.960942143326457,1984,8,24,"Summer",0.932841512910882,0.962511270494216,0.552615165710449,0.0814429745078087,2,16,15,FALSE,TRUE,TRUE,0.940710614311434
4,1633000,"1984-08-25",0.0157929827109911,0.92596615325576,0.949688799904238,1984,8,25,"Summer",0.932841512910882,0.962511270494216,0.552615165710449,0.0814429745078087,2,16,15,FALSE,TRUE,TRUE,0.940710614311434
4,1633000,"1984-08-26",0.0142832765122876,0.904406518620905,0.976716606153421,1984,8,26,"Summer",0.932841512910882,0.962511270494216,0.552615165710449,0.0814429745078087,2,16,15,FALSE,TRUE,TRUE,0.940710614311434
4,1633000,"1984-08-27",0.0128253170987591,0.89792542262455,0.992833868550353,1984,8,27,"Summer",0.932841512910882,0.962511270494216,0.552615165710449,0.0814429745078087,2,16,15,FALSE,TRUE,TRUE,0.940710614311434
4,1633000,"1984-08-28",0.0115152329672128,0.897851716144073,0.9999179146969,1984,8,28,"Summer",0.932841512910882,0.962511270494216,0.552615165710449,0.0814429745078087,2,16,15,FALSE,TRUE,TRUE,0.940710614311434
4,1633000,"1984-08-29",0.012535696499981,1.08861857468917,1.21247033904927,1984,8,29,"Summer",0.932841512910882,0.962511270494216,0.552615165710449,0.0814429745078087,2,16,15,FALSE,TRUE,TRUE,0.940710614311434
4,1633000,"1984-08-30",0.0123199962545186,0.982793118398911,0.902789224113249,1984,8,30,"Summer",0.932841512910882,0.962511270494216,0.552615165710449,0.0814429745078087,2,16,15,FALSE,TRUE,TRUE,0.940710614311434
4,1633000,"1984-08-31",0.0112389065907337,0.91224918892419,0.928220977381643,1984,8,31,"Summer",0.932841512910882,0.962511270494216,0.552615165710449,0.0814429745078087,2,16,15,FALSE,TRUE,TRUE,0.940710614311434
4,1633000,"1984-09-01",0.0100128728954587,0.890911657163713,0.976609974533778,1984,9,1,"Fall",0.932841512910882,0.962511270494216,0.552615165710449,0.0814429745078087,2,16,15,FALSE,TRUE,TRUE,0.940710614311434
6,1633000,"1984-12-14",0.0287879697280005,0.934981141011804,0.991159435747922,1984,12,14,"Winter",0.963191117579447,0.890528563949972,0.495366334915161,0.495366334915161,1,18,18,FALSE,TRUE,TRUE,0.963100267250232
6,1633000,"1984-12-15",0.0268770282855257,0.933620138532517,0.998544353014636,1984,12,15,"Winter",0.963191117579447,0.890528563949972,0.495366334915161,0.495366334915161,1,18,18,FALSE,TRUE,TRUE,0.963100267250232
6,1633000,"1984-12-16",0.0250364494277165,0.93151851319811,0.997748950298233,1984,12,16,"Winter",0.963191117579447,0.890528563949972,0.495366334915161,0.495366334915161,1,18,18,FALSE,TRUE,TRUE,0.963100267250232
6,1633000,"1984-12-17",0.0233074342831969,0.93094008199879,0.999379044870151,1984,12,17,"Winter",0.963191117579447,0.890528563949972,0.495366334915161,0.495366334915161,1,18,18,FALSE,TRUE,TRUE,0.963100267250232
6,1633000,"1984-12-18",0.0216882802196778,0.930530574758012,0.999560114288023,1984,12,18,"Winter",0.963191117579447,0.890528563949972,0.495366334915161,0.495366334915161,1,18,18,FALSE,TRUE,TRUE,0.963100267250232
6,1633000,"1984-12-19",0.0207414929755032,0.956345674503246,1.02774234447046,1984,12,19,"Winter",0.963191117579447,0.890528563949972,0.495366334915161,0.495366334915161,1,18,18,FALSE,TRUE,TRUE,0.963100267250232
6,1633000,"1984-12-20",0.0196858803392388,0.94910623659005,0.992430103354672,1984,12,20,"Winter",0.963191117579447,0.890528563949972,0.495366334915161,0.495366334915161,1,18,18,FALSE,TRUE,TRUE,0.963100267250232
6,1633000,"1984-12-21",0.0212253296631388,1.07820068482442,1.13601685802654,1984,12,21,"Winter",0.963191117579447,0.890528563949972,0.495366334915161,0.495366334915161,1,18,18,FALSE,TRUE,TRUE,0.963100267250232
6,1633000,"1984-12-22",0.0230480193858966,1.08587332925732,1.00711615614875,1984,12,22,"Winter",0.963191117579447,0.890528563949972,0.495366334915161,0.495366334915161,1,18,18,FALSE,TRUE,TRUE,0.963100267250232
6,1633000,"1984-12-23",0.0216857481282204,0.940894215903438,0.866486164225954,1984,12,23,"Winter",0.963191117579447,0.890528563949972,0.495366334915161,0.495366334915161,1,18,18,FALSE,TRUE,TRUE,0.963100267250232
6,1633000,"1984-12-24",0.0203070015413687,0.936421534608826,0.995246350525901,1984,12,24,"Winter",0.963191117579447,0.890528563949972,0.495366334915161,0.495366334915161,1,18,18,FALSE,TRUE,TRUE,0.963100267250232
6,1633000,"1984-12-25",0.0195021912804805,0.960367843610557,1.02557214685557,1984,12,25,"Winter",0.963191117579447,0.890528563949972,0.495366334915161,0.495366334915161,1,18,18,FALSE,TRUE,TRUE,0.963100267250232
6,1633000,"1984-12-26",0.0183638710877858,0.941631164604872,0.980490101651839,1984,12,26,"Winter",0.963191117579447,0.890528563949972,0.495366334915161,0.495366334915161,1,18,18,FALSE,TRUE,TRUE,0.963100267250232
6,1633000,"1984-12-27",0.0172186397830956,0.937636716179523,0.995757947935989,1984,12,27,"Winter",0.963191117579447,0.890528563949972,0.495366334915161,0.495366334915161,1,18,18,FALSE,TRUE,TRUE,0.963100267250232
6,1633000,"1984-12-28",0.0161553404177539,0.938247191489216,1.00065107871648,1984,12,28,"Winter",0.963191117579447,0.890528563949972,0.495366334915161,0.495366334915161,1,18,18,FALSE,TRUE,TRUE,0.963100267250232
6,1633000,"1984-12-29",0.0151465742965229,0.937558349428376,0.999265820279465,1984,12,29,"Winter",0.963191117579447,0.890528563949972,0.495366334915161,0.495366334915161,1,18,18,FALSE,TRUE,TRUE,0.963100267250232
6,1633000,"1984-12-30",0.0141852417727932,0.936531356535825,0.998904609091074,1984,12,30,"Winter",0.963191117579447,0.890528563949972,0.495366334915161,0.495366334915161,1,18,18,FALSE,TRUE,TRUE,0.963100267250232
6,1633000,"1984-12-31",0.0133124237181619,0.938469990951766,1.00207001549111,1984,12,31,"Winter",0.963191117579447,0.890528563949972,0.495366334915161,0.495366334915161,1,18,18,FALSE,TRUE,TRUE,0.963100267250232
8,1633000,"1985-03-07",0.0340120540931821,0.933341594595856,1.00065746800344,1985,3,7,"Spring",0.935309515690106,0.994286682280633,0.360121607780457,0.000996672664768994,6,18,13,FALSE,TRUE,TRUE,0.937634224436214
8,1633000,"1985-03-08",0.031676018377766,0.931317417377495,0.997831257890915,1985,3,8,"Spring",0.935309515690106,0.994286682280633,0.360121607780457,0.000996672664768994,6,18,13,FALSE,TRUE,TRUE,0.937634224436214
8,1633000,"1985-03-09",0.029433547751978,0.929206044805113,0.997732918408927,1985,3,9,"Spring",0.935309515690106,0.994286682280633,0.360121607780457,0.000996672664768994,6,18,13,FALSE,TRUE,TRUE,0.937634224436214
8,1633000,"1985-03-10",0.0273250092286616,0.928362746445519,0.999092452783418,1985,3,10,"Spring",0.935309515690106,0.994286682280633,0.360121607780457,0.000996672664768994,6,18,13,FALSE,TRUE,TRUE,0.937634224436214
8,1633000,"1985-03-11",0.0253906450234353,0.929209019142898,1.00091157545972,1985,3,11,"Spring",0.935309515690106,0.994286682280633,0.360121607780457,0.000996672664768994,6,18,13,FALSE,TRUE,TRUE,0.937634224436214
8,1633000,"1985-03-12",0.0249809417873621,0.983864008350514,1.05881883201912,1985,3,12,"Spring",0.935309515690106,0.994286682280633,0.360121607780457,0.000996672664768994,6,18,13,FALSE,TRUE,TRUE,0.937634224436214
8,1633000,"1985-03-13",0.0237390953116119,0.950288244281548,0.96587357217665,1985,3,13,"Spring",0.935309515690106,0.994286682280633,0.360121607780457,0.000996672664768994,6,18,13,FALSE,TRUE,TRUE,0.937634224436214
8,1633000,"1985-03-14",0.0221073786378838,0.931264580544907,0.979981164819077,1985,3,14,"Spring",0.935309515690106,0.994286682280633,0.360121607780457,0.000996672664768994,6,18,13,FALSE,TRUE,TRUE,0.937634224436214
8,1633000,"1985-03-15",0.0205498473951593,0.929546995677928,0.998155642442695,1985,3,15,"Spring",0.935309515690106,0.994286682280633,0.360121607780457,0.000996672664768994,6,18,13,FALSE,TRUE,TRUE,0.937634224436214
8,1633000,"1985-03-16",0.0190857737907209,0.928755013295946,0.999147991026098,1985,3,16,"Spring",0.935309515690106,0.994286682280633,0.360121607780457,0.000996672664768994,6,18,13,FALSE,TRUE,TRUE,0.937634224436214
8,1633000,"1985-03-17",0.0177001811680384,0.927401810485876,0.998542992726071,1985,3,17,"Spring",0.935309515690106,0.994286682280633,0.360121607780457,0.000996672664768994,6,18,13,FALSE,TRUE,TRUE,0.937634224436214
8,1633000,"1985-03-18",0.0164486655849032,0.929293628621436,1.00203991205772,1985,3,18,"Spring",0.935309515690106,0.994286682280633,0.360121607780457,0.000996672664768994,6,18,13,FALSE,TRUE,TRUE,0.937634224436214
8,1633000,"1985-03-19",0.0153149758698419,0.93107710110528,1.00191917003293,1985,3,19,"Spring",0.935309515690106,0.994286682280633,0.360121607780457,0.000996672664768994,6,18,13,FALSE,TRUE,TRUE,0.937634224436214
9,1633000,"1985-04-05",0.0221742276335135,0.925923669553536,0.994480726443667,1985,4,5,"Spring",0.919356626710209,0.999516249232156,0.502158224582672,3.82583664304548e-07,9,21,13,FALSE,TRUE,TRUE,0.923925196730345
9,1633000,"1985-04-06",0.0204499189276248,0.922238161599703,0.996019641710196,1985,4,6,"Spring",0.919356626710209,0.999516249232156,0.502158224582672,3.82583664304548e-07,9,21,13,FALSE,TRUE,TRUE,0.923925196730345
9,1633000,"1985-04-07",0.0188905405811965,0.92374647782482,1.00163549535025,1985,4,7,"Spring",0.919356626710209,0.999516249232156,0.502158224582672,3.82583664304548e-07,9,21,13,FALSE,TRUE,TRUE,0.923925196730345
9,1633000,"1985-04-08",0.0174782634712756,0.925238925596087,1.0016156465081,1985,4,8,"Spring",0.919356626710209,0.999516249232156,0.502158224582672,3.82583664304548e-07,9,21,13,FALSE,TRUE,TRUE,0.923925196730345
9,1633000,"1985-04-09",0.0162255166214891,0.928325439661366,1.0033359103037,1985,4,9,"Spring",0.919356626710209,0.999516249232156,0.502158224582672,3.82583664304548e-07,9,21,13,FALSE,TRUE,TRUE,0.923925196730345
9,1633000,"1985-04-10",0.0151127686840482,0.931419876272713,1.00333335323922,1985,4,10,"Spring",0.919356626710209,0.999516249232156,0.502158224582672,3.82583664304548e-07,9,21,13,FALSE,TRUE,TRUE,0.923925196730345
9,1633000,"1985-04-11",0.0140208641532809,0.927749537255879,0.996059415189289,1985,4,11,"Spring",0.919356626710209,0.999516249232156,0.502158224582672,3.82583664304548e-07,9,21,13,FALSE,TRUE,TRUE,0.923925196730345
9,1633000,"1985-04-12",0.0129053680575453,0.920440275040069,0.992121513487974,1985,4,12,"Spring",0.919356626710209,0.999516249232156,0.502158224582672,3.82583664304548e-07,9,21,13,FALSE,TRUE,TRUE,0.923925196730345
9,1633000,"1985-04-13",0.0118293767736759,0.916624517869501,0.995854421765278,1985,4,13,"Spring",0.919356626710209,0.999516249232156,0.502158224582672,3.82583664304548e-07,9,21,13,FALSE,TRUE,TRUE,0.923925196730345
9,1633000,"1985-04-14",0.010828236816451,0.915368326127476,0.998629545994531,1985,4,14,"Spring",0.919356626710209,0.999516249232156,0.502158224582672,3.82583664304548e-07,9,21,13,FALSE,TRUE,TRUE,0.923925196730345
9,1633000,"1985-04-15",0.0100130531354807,0.924716858821213,1.01021286451246,1985,4,15,"Spring",0.919356626710209,0.999516249232156,0.502158224582672,3.82583664304548e-07,9,21,13,FALSE,TRUE,TRUE,0.923925196730345
9,1633000,"1985-04-16",0.00931485623004846,0.930271327238018,1.00600666935378,1985,4,16,"Spring",0.919356626710209,0.999516249232156,0.502158224582672,3.82583664304548e-07,9,21,13,FALSE,TRUE,TRUE,0.923925196730345
9,1633000,"1985-04-17",0.00857086473843083,0.920128505127366,0.989096920636298,1985,4,17,"Spring",0.919356626710209,0.999516249232156,0.502158224582672,3.82583664304548e-07,9,21,13,FALSE,TRUE,TRUE,0.923925196730345
13,1633000,"1986-03-22",0.0496142858173698,0.925711848869659,1.00071808694018,1986,3,22,"Spring",0.959581287571994,0.692390681440461,0.944141983985901,0.944141983985901,1,25,25,FALSE,TRUE,TRUE,0.961320612660719
13,1633000,"1986-03-23",0.0459340922534466,0.925823913348868,1.00012105762646,1986,3,23,"Spring",0.959581287571994,0.692390681440461,0.944141983985901,0.944141983985901,1,25,25,FALSE,TRUE,TRUE,0.961320612660719
13,1633000,"1986-03-24",0.0424718778813258,0.924626476713253,0.998706625937881,1986,3,24,"Spring",0.959581287571994,0.692390681440461,0.944141983985901,0.944141983985901,1,25,25,FALSE,TRUE,TRUE,0.961320612660719
13,1633000,"1986-03-25",0.0392218763008714,0.923478740696713,0.998758703059619,1986,3,25,"Spring",0.959581287571994,0.692390681440461,0.944141983985901,0.944141983985901,1,25,25,FALSE,TRUE,TRUE,0.961320612660719
13,1633000,"1986-03-26",0.0361458376282826,0.921573393149465,0.997936771618792,1986,3,26,"Spring",0.959581287571994,0.692390681440461,0.944141983985901,0.944141983985901,1,25,25,FALSE,TRUE,TRUE,0.961320612660719
13,1633000,"1986-03-27",0.0332469682907686,0.919800742555049,0.998076495472208,1986,3,27,"Spring",0.959581287571994,0.692390681440461,0.944141983985901,0.944141983985901,1,25,25,FALSE,TRUE,TRUE,0.961320612660719
13,1633000,"1986-03-28",0.0305707782972604,0.919505743498084,0.999679279388114,1986,3,28,"Spring",0.959581287571994,0.692390681440461,0.944141983985901,0.944141983985901,1,25,25,FALSE,TRUE,TRUE,0.961320612660719
13,1633000,"1986-03-29",0.0280885249376297,0.918803069536075,0.999235813406303,1986,3,29,"Spring",0.959581287571994,0.692390681440461,0.944141983985901,0.944141983985901,1,25,25,FALSE,TRUE,TRUE,0.961320612660719
13,1633000,"1986-03-30",0.025750519707799,0.916762975805165,0.997779618072085,1986,3,30,"Spring",0.959581287571994,0.692390681440461,0.944141983985901,0.944141983985901,1,25,25,FALSE,TRUE,TRUE,0.961320612660719
13,1633000,"1986-03-31",0.0235628587543033,0.915044007720237,0.998124959089432,1986,3,31,"Spring",0.959581287571994,0.692390681440461,0.944141983985901,0.944141983985901,1,25,25,FALSE,TRUE,TRUE,0.961320612660719
13,1633000,"1986-04-01",0.0215362413437106,0.913991021559614,0.998849250799154,1986,4,1,"Spring",0.959581287571994,0.692390681440461,0.944141983985901,0.944141983985901,1,25,25,FALSE,TRUE,TRUE,0.961320612660719
13,1633000,"1986-04-02",0.0196819059783593,0.913896982497699,0.999897111613028,1986,4,2,"Spring",0.959581287571994,0.692390681440461,0.944141983985901,0.944141983985901,1,25,25,FALSE,TRUE,TRUE,0.961320612660719
13,1633000,"1986-04-03",0.0180135066621006,0.915231821649124,1.00146060133362,1986,4,3,"Spring",0.959581287571994,0.692390681440461,0.944141983985901,0.944141983985901,1,25,25,FALSE,TRUE,TRUE,0.961320612660719
13,1633000,"1986-04-04",0.0165288348216563,0.917580076534022,1.00256574873092,1986,4,4,"Spring",0.959581287571994,0.692390681440461,0.944141983985901,0.944141983985901,1,25,25,FALSE,TRUE,TRUE,0.961320612660719
13,1633000,"1986-04-05",0.0152294262661599,0.921385350539411,1.00414707566424,1986,4,5,"Spring",0.959581287571994,0.692390681440461,0.944141983985901,0.944141983985901,1,25,25,FALSE,TRUE,TRUE,0.961320612660719
13,1633000,"1986-04-06",0.0210594268864952,1.38281157270446,1.50079613474961,1986,4,6,"Spring",0.959581287571994,0.692390681440461,0.944141983985901,0.944141983985901,1,25,25,FALSE,TRUE,TRUE,0.961320612660719
13,1633000,"1986-04-07",0.0269053672673181,1.27759256756278,0.923909368985176,1986,4,7,"Spring",0.959581287571994,0.692390681440461,0.944141983985901,0.944141983985901,1,25,25,FALSE,TRUE,TRUE,0.961320612660719
13,1633000,"1986-04-08",0.0253622528398409,0.942646594928606,0.737830368508531,1986,4,8,"Spring",0.959581287571994,0.692390681440461,0.944141983985901,0.944141983985901,1,25,25,FALSE,TRUE,TRUE,0.961320612660719
13,1633000,"1986-04-09",0.0239157278556377,0.942965437915241,1.00033824233636,1986,4,9,"Spring",0.959581287571994,0.692390681440461,0.944141983985901,0.944141983985901,1,25,25,FALSE,TRUE,TRUE,0.961320612660719
13,1633000,"1986-04-10",0.0223511980148032,0.934581550255196,0.991109019140107,1986,4,10,"Spring",0.959581287571994,0.692390681440461,0.944141983985901,0.944141983985901,1,25,25,FALSE,TRUE,TRUE,0.961320612660719
13,1633000,"1986-04-11",0.0206830098759383,0.92536471030501,0.990138003529313,1986,4,11,"Spring",0.959581287571994,0.692390681440461,0.944141983985901,0.944141983985901,1,25,25,FALSE,TRUE,TRUE,0.961320612660719
13,1633000,"1986-04-12",0.0191513047902845,0.925943801465969,1.00062579775791,1986,4,12,"Spring",0.959581287571994,0.692390681440461,0.944141983985901,0.944141983985901,1,25,25,FALSE,TRUE,TRUE,0.961320612660719
13,1633000,"1986-04-13",0.0176890372531489,0.923646584232869,0.997519053284376,1986,4,13,"Spring",0.959581287571994,0.692390681440461,0.944141983985901,0.944141983985901,1,25,25,FALSE,TRUE,TRUE,0.961320612660719
13,1633000,"1986-04-14",0.0162457411643118,0.918407312496322,0.994327622896047,1986,4,14,"Spring",0.959581287571994,0.692390681440461,0.944141983985901,0.944141983985901,1,25,25,FALSE,TRUE,TRUE,0.961320612660719
13,1633000,"1986-04-15",0.0149692326667719,0.921425037821967,1.00328582458413,1986,4,15,"Spring",0.959581287571994,0.692390681440461,0.944141983985901,0.944141983985901,1,25,25,FALSE,TRUE,TRUE,0.961320612660719
16,1633000,"1987-01-19",0.0300888486672193,1.20152052095701,1.28063017416375,1987,1,19,"Winter",0.970440713751802,0.898927497545746,0.373053073883057,0.0555930137634277,2,16,15,FALSE,TRUE,TRUE,0.94119065558359
16,1633000,"1987-01-20",0.0407993306871504,1.35596184282052,1.12853823065835,1987,1,20,"Winter",0.970440713751802,0.898927497545746,0.373053073883057,0.0555930137634277,2,16,15,FALSE,TRUE,TRUE,0.94119065558359
16,1633000,"1987-01-21",0.0389894591644406,0.955639676136164,0.704768855551533,1987,1,21,"Winter",0.970440713751802,0.898927497545746,0.373053073883057,0.0555930137634277,2,16,15,FALSE,TRUE,TRUE,0.94119065558359
16,1633000,"1987-01-22",0.0362918340833858,0.930811425988818,0.974019234689238,1987,1,22,"Winter",0.970440713751802,0.898927497545746,0.373053073883057,0.0555930137634277,2,16,15,FALSE,TRUE,TRUE,0.94119065558359
16,1633000,"1987-01-23",0.0336934104561806,0.928401975462719,0.997411451494013,1987,1,23,"Winter",0.970440713751802,0.898927497545746,0.373053073883057,0.0555930137634277,2,16,15,FALSE,TRUE,TRUE,0.94119065558359
16,1633000,"1987-01-24",0.0313003933988511,0.928976704200317,1.00061905160996,1987,1,24,"Winter",0.970440713751802,0.898927497545746,0.373053073883057,0.0555930137634277,2,16,15,FALSE,TRUE,TRUE,0.94119065558359
16,1633000,"1987-01-25",0.0290947683388367,0.929533631353803,1.00059950604893,1987,1,25,"Winter",0.970440713751802,0.898927497545746,0.373053073883057,0.0555930137634277,2,16,15,FALSE,TRUE,TRUE,0.94119065558359
16,1633000,"1987-01-26",0.0270606313133612,0.93008581468029,1.00059404340829,1987,1,26,"Winter",0.970440713751802,0.898927497545746,0.373053073883057,0.0555930137634277,2,16,15,FALSE,TRUE,TRUE,0.94119065558359
16,1633000,"1987-01-27",0.0251833042129874,0.930625155095812,1.00057988242269,1987,1,27,"Winter",0.970440713751802,0.898927497545746,0.373053073883057,0.0555930137634277,2,16,15,FALSE,TRUE,TRUE,0.94119065558359
16,1633000,"1987-01-28",0.0234495188342407,0.931153379870918,1.00056760208148,1987,1,28,"Winter",0.970440713751802,0.898927497545746,0.373053073883057,0.0555930137634277,2,16,15,FALSE,TRUE,TRUE,0.94119065558359
16,1633000,"1987-01-29",0.0218473202548921,0.931674564809871,1.00055971975211,1987,1,29,"Winter",0.970440713751802,0.898927497545746,0.373053073883057,0.0555930137634277,2,16,15,FALSE,TRUE,TRUE,0.94119065558359
16,1633000,"1987-01-30",0.0203657954698429,0.932187345277849,1.00055038581855,1987,1,30,"Winter",0.970440713751802,0.898927497545746,0.373053073883057,0.0555930137634277,2,16,15,FALSE,TRUE,TRUE,0.94119065558359
16,1633000,"1987-01-31",0.0189943502773531,0.932659384971209,1.00050637856838,1987,1,31,"Winter",0.970440713751802,0.898927497545746,0.373053073883057,0.0555930137634277,2,16,15,FALSE,TRUE,TRUE,0.94119065558359
16,1633000,"1987-02-01",0.0177241848432459,0.93312930342126,1.00050384787589,1987,2,1,"Winter",0.970440713751802,0.898927497545746,0.373053073883057,0.0555930137634277,2,16,15,FALSE,TRUE,TRUE,0.94119065558359
16,1633000,"1987-02-02",0.0168950022780336,0.953217449911203,1.02152772013084,1987,2,2,"Winter",0.970440713751802,0.898927497545746,0.373053073883057,0.0555930137634277,2,16,15,FALSE,TRUE,TRUE,0.94119065558359
17,1633000,"1987-09-27",0.0279404413886368,0.922288802735637,0.997409587233751,1987,9,27,"Fall",0.970896314977519,0.464061753905938,0.36145293712616,0.0147140910848975,5,40,36,FALSE,TRUE,TRUE,0.967553426434701
17,1633000,"1987-09-28",0.0257205002708361,0.920547385529006,0.998111852598161,1987,9,28,"Fall",0.970896314977519,0.464061753905938,0.36145293712616,0.0147140910848975,5,40,36,FALSE,TRUE,TRUE,0.967553426434701
17,1633000,"1987-09-29",0.023678581812419,0.920611246402063,1.00006937271678,1987,9,29,"Fall",0.970896314977519,0.464061753905938,0.36145293712616,0.0147140910848975,5,40,36,FALSE,TRUE,TRUE,0.967553426434701
17,1633000,"1987-09-30",0.0286057549528778,1.20808565223592,1.31226471212183,1987,9,30,"Fall",0.970896314977519,0.464061753905938,0.36145293712616,0.0147140910848975,5,40,36,FALSE,TRUE,TRUE,0.967553426434701
17,1633000,"1987-10-01",0.0281817091163248,0.985176205373656,0.81548539505481,1987,10,1,"Fall",0.970896314977519,0.464061753905938,0.36145293712616,0.0147140910848975,5,40,36,FALSE,TRUE,TRUE,0.967553426434701
17,1633000,"1987-10-02",0.0261842190520838,0.929121045994904,0.943101387271639,1987,10,2,"Fall",0.970896314977519,0.464061753905938,0.36145293712616,0.0147140910848975,5,40,36,FALSE,TRUE,TRUE,0.967553426434701
17,1633000,"1987-10-03",0.0248921312158927,0.950653947951592,1.02317556151538,1987,10,3,"Fall",0.970896314977519,0.464061753905938,0.36145293712616,0.0147140910848975,5,40,36,FALSE,TRUE,TRUE,0.967553426434701
17,1633000,"1987-10-04",0.0232153713004664,0.93263895723176,0.981049896485835,1987,10,4,"Fall",0.970896314977519,0.464061753905938,0.36145293712616,0.0147140910848975,5,40,36,FALSE,TRUE,TRUE,0.967553426434701
17,1633000,"1987-10-05",0.0216345331282355,0.93190554000749,0.999213610777694,1987,10,5,"Fall",0.970896314977519,0.464061753905938,0.36145293712616,0.0147140910848975,5,40,36,FALSE,TRUE,TRUE,0.967553426434701
17,1633000,"1987-10-06",0.020099108631257,0.929028997858308,0.996913268538827,1987,10,6,"Fall",0.970896314977519,0.464061753905938,0.36145293712616,0.0147140910848975,5,40,36,FALSE,TRUE,TRUE,0.967553426434701
17,1633000,"1987-10-07",0.018654138664715,0.928107758754294,0.999008384984605,1987,10,7,"Fall",0.970896314977519,0.464061753905938,0.36145293712616,0.0147140910848975,5,40,36,FALSE,TRUE,TRUE,0.967553426434701
17,1633000,"1987-10-08",0.0174057330004871,0.933076209699818,1.00535331258538,1987,10,8,"Fall",0.970896314977519,0.464061753905938,0.36145293712616,0.0147140910848975,5,40,36,FALSE,TRUE,TRUE,0.967553426434701
17,1633000,"1987-10-09",0.0162414238438942,0.933107720510228,1.00003377088611,1987,10,9,"Fall",0.970896314977519,0.464061753905938,0.36145293712616,0.0147140910848975,5,40,36,FALSE,TRUE,TRUE,0.967553426434701
17,1633000,"1987-10-10",0.0150544375646859,0.926916119509162,0.993364537807404,1987,10,10,"Fall",0.970896314977519,0.464061753905938,0.36145293712616,0.0147140910848975,5,40,36,FALSE,TRUE,TRUE,0.967553426434701
17,1633000,"1987-10-11",0.0138647080748342,0.920971508584116,0.993586678664954,1987,10,11,"Fall",0.970896314977519,0.464061753905938,0.36145293712616,0.0147140910848975,5,40,36,FALSE,TRUE,TRUE,0.967553426434701
17,1633000,"1987-10-12",0.0127836824976839,0.922030411941204,1.00114976776938,1987,10,12,"Fall",0.970896314977519,0.464061753905938,0.36145293712616,0.0147140910848975,5,40,36,FALSE,TRUE,TRUE,0.967553426434701
17,1633000,"1987-10-13",0.0118087762093637,0.923738227345929,1.00185223326976,1987,10,13,"Fall",0.970896314977519,0.464061753905938,0.36145293712616,0.0147140910848975,5,40,36,FALSE,TRUE,TRUE,0.967553426434701
17,1633000,"1987-10-14",0.0109031912579667,0.923312548621342,0.999539178187083,1987,10,14,"Fall",0.970896314977519,0.464061753905938,0.36145293712616,0.0147140910848975,5,40,36,FALSE,TRUE,TRUE,0.967553426434701
17,1633000,"1987-10-15",0.0100462064438034,0.921400552013877,0.997929198936677,1987,10,15,"Fall",0.970896314977519,0.464061753905938,0.36145293712616,0.0147140910848975,5,40,36,FALSE,TRUE,TRUE,0.967553426434701
17,1633000,"1987-10-16",0.0092212370946072,0.917882500841397,0.996181843862811,1987,10,16,"Fall",0.970896314977519,0.464061753905938,0.36145293712616,0.0147140910848975,5,40,36,FALSE,TRUE,TRUE,0.967553426434701
17,1633000,"1987-10-17",0.00844332139240578,0.915638683376185,0.997555441504599,1987,10,17,"Fall",0.970896314977519,0.464061753905938,0.36145293712616,0.0147140910848975,5,40,36,FALSE,TRUE,TRUE,0.967553426434701
17,1633000,"1987-10-18",0.00772814662195742,0.915296985959624,0.999626820685097,1987,10,18,"Fall",0.970896314977519,0.464061753905938,0.36145293712616,0.0147140910848975,5,40,36,FALSE,TRUE,TRUE,0.967553426434701
17,1633000,"1987-10-19",0.00703641478321515,0.910491884719565,0.994750227178973,1987,10,19,"Fall",0.970896314977519,0.464061753905938,0.36145293712616,0.0147140910848975,5,40,36,FALSE,TRUE,TRUE,0.967553426434701
17,1633000,"1987-10-20",0.00652922407607548,0.927919157303015,1.01914050292586,1987,10,20,"Fall",0.970896314977519,0.464061753905938,0.36145293712616,0.0147140910848975,5,40,36,FALSE,TRUE,TRUE,0.967553426434701
17,1633000,"1987-10-21",0.00805238931206986,1.23328426444661,1.32908589583508,1987,10,21,"Fall",0.970896314977519,0.464061753905938,0.36145293712616,0.0147140910848975,5,40,36,FALSE,TRUE,TRUE,0.967553426434701
17,1633000,"1987-10-22",0.00773113348986954,0.960104285852301,0.778493907309447,1987,10,22,"Fall",0.970896314977519,0.464061753905938,0.36145293712616,0.0147140910848975,5,40,36,FALSE,TRUE,TRUE,0.967553426434701
17,1633000,"1987-10-23",0.00723536024452187,0.935873149002368,0.974761974082406,1987,10,23,"Fall",0.970896314977519,0.464061753905938,0.36145293712616,0.0147140910848975,5,40,36,FALSE,TRUE,TRUE,0.967553426434701
17,1633000,"1987-10-24",0.00665464592748322,0.919739405169448,0.982760757854718,1987,10,24,"Fall",0.970896314977519,0.464061753905938,0.36145293712616,0.0147140910848975,5,40,36,FALSE,TRUE,TRUE,0.967553426434701
17,1633000,"1987-10-25",0.00603258521005046,0.906522341802786,0.985629556271728,1987,10,25,"Fall",0.970896314977519,0.464061753905938,0.36145293712616,0.0147140910848975,5,40,36,FALSE,TRUE,TRUE,0.967553426434701
17,1633000,"1987-10-26",0.00549902080092579,0.911552942802079,1.00554934033869,1987,10,26,"Fall",0.970896314977519,0.464061753905938,0.36145293712616,0.0147140910848975,5,40,36,FALSE,TRUE,TRUE,0.967553426434701
17,1633000,"1987-10-27",0.00938075769226998,1.70589601892225,1.87141737887258,1987,10,27,"Fall",0.970896314977519,0.464061753905938,0.36145293712616,0.0147140910848975,5,40,36,FALSE,TRUE,TRUE,0.967553426434701
17,1633000,"1987-10-28",0.0184385897009633,1.96557573554611,1.1522248212924,1987,10,28,"Fall",0.970896314977519,0.464061753905938,0.36145293712616,0.0147140910848975,5,40,36,FALSE,TRUE,TRUE,0.967553426434701
17,1633000,"1987-10-29",0.0173043280956335,0.938484362213963,0.477460290764741,1987,10,29,"Fall",0.970896314977519,0.464061753905938,0.36145293712616,0.0147140910848975,5,40,36,FALSE,TRUE,TRUE,0.967553426434701
17,1633000,"1987-10-30",0.0161355907330289,0.932459824146567,0.993580566379195,1987,10,30,"Fall",0.970896314977519,0.464061753905938,0.36145293712616,0.0147140910848975,5,40,36,FALSE,TRUE,TRUE,0.967553426434701
17,1633000,"1987-10-31",0.0149223753251135,0.924811218381239,0.991797388405095,1987,10,31,"Fall",0.970896314977519,0.464061753905938,0.36145293712616,0.0147140910848975,5,40,36,FALSE,TRUE,TRUE,0.967553426434701
17,1633000,"1987-11-01",0.0137365511036478,0.92053381612309,0.995374837401263,1987,11,1,"Fall",0.970896314977519,0.464061753905938,0.36145293712616,0.0147140910848975,5,40,36,FALSE,TRUE,TRUE,0.967553426434701
18,1633000,"1987-12-07",0.0262969852192327,0.932487459342782,1.00058608396477,1987,12,7,"Winter",0.99193653230132,0.0579900287676675,0.385946750640869,0.00593888759613037,6,47,42,FALSE,TRUE,TRUE,0.99446503496914
18,1633000,"1987-12-08",0.0245357727399096,0.933026068781639,1.00057760502134,1987,12,8,"Winter",0.99193653230132,0.0579900287676675,0.385946750640869,0.00593888759613037,6,47,42,FALSE,TRUE,TRUE,0.99446503496914
18,1633000,"1987-12-09",0.0229055541567504,0.933557479503899,1.00056955613572,1987,12,9,"Winter",0.99193653230132,0.0579900287676675,0.385946750640869,0.00593888759613037,6,47,42,FALSE,TRUE,TRUE,0.99446503496914
18,1633000,"1987-12-10",0.0213956686784513,0.934082124013833,1.00056198415358,1987,12,10,"Winter",0.99193653230132,0.0579900287676675,0.385946750640869,0.00593888759613037,6,47,42,FALSE,TRUE,TRUE,0.99446503496914
18,1633000,"1987-12-11",0.020228143024724,0.945431681931809,1.01215049258111,1987,12,11,"Winter",0.99193653230132,0.0579900287676675,0.385946750640869,0.00593888759613037,6,47,42,FALSE,TRUE,TRUE,0.99446503496914
18,1633000,"1987-12-12",0.0190049933153205,0.939532278968538,0.993760095968842,1987,12,12,"Winter",0.99193653230132,0.0579900287676675,0.385946750640869,0.00593888759613037,6,47,42,FALSE,TRUE,TRUE,0.99446503496914
18,1633000,"1987-12-13",0.0177784893312491,0.935464119154275,0.99567001591608,1987,12,13,"Winter",0.99193653230132,0.0579900287676675,0.385946750640869,0.00593888759613037,6,47,42,FALSE,TRUE,TRUE,0.99446503496914
18,1633000,"1987-12-14",0.0166400657617487,0.935966237159451,1.00053675816623,1987,12,14,"Winter",0.99193653230132,0.0579900287676675,0.385946750640869,0.00593888759613037,6,47,42,FALSE,TRUE,TRUE,0.99446503496914
18,1633000,"1987-12-15",0.0223032719804905,1.34033556716826,1.43203409904616,1987,12,15,"Winter",0.99193653230132,0.0579900287676675,0.385946750640869,0.00593888759613037,6,47,42,FALSE,TRUE,TRUE,0.99446503496914
18,1633000,"1987-12-16",0.0308636843692511,1.38381867899242,1.03244195922968,1987,12,16,"Winter",0.99193653230132,0.0579900287676675,0.385946750640869,0.00593888759613037,6,47,42,FALSE,TRUE,TRUE,0.99446503496914
18,1633000,"1987-12-17",0.0289801884209737,0.938973716626201,0.678538114046763,1987,12,17,"Winter",0.99193653230132,0.0579900287676675,0.385946750640869,0.00593888759613037,6,47,42,FALSE,TRUE,TRUE,0.99446503496914
18,1633000,"1987-12-18",0.027117176214233,0.935714282471939,0.996528726953111,1987,12,18,"Winter",0.99193653230132,0.0579900287676675,0.385946750640869,0.00593888759613037,6,47,42,FALSE,TRUE,TRUE,0.99446503496914
18,1633000,"1987-12-19",0.0255156222265214,0.940939499929531,1.00558420188242,1987,12,19,"Winter",0.99193653230132,0.0579900287676675,0.385946750640869,0.00593888759613037,6,47,42,FALSE,TRUE,TRUE,0.99446503496914
18,1633000,"1987-12-20",0.0320117166265845,1.25459282718612,1.3333405891453,1987,12,20,"Winter",0.99193653230132,0.0579900287676675,0.385946750640869,0.00593888759613037,6,47,42,FALSE,TRUE,TRUE,0.99446503496914
18,1633000,"1987-12-21",0.0356797382701188,1.11458372215154,0.888402753466552,1987,12,21,"Winter",0.99193653230132,0.0579900287676675,0.385946750640869,0.00593888759613037,6,47,42,FALSE,TRUE,TRUE,0.99446503496914
18,1633000,"1987-12-22",0.0334125076187774,0.936456073915762,0.840184595651615,1987,12,22,"Winter",0.99193653230132,0.0579900287676675,0.385946750640869,0.00593888759613037,6,47,42,FALSE,TRUE,TRUE,0.99446503496914
18,1633000,"1987-12-23",0.0312700979411602,0.935880009304862,0.999384846094819,1987,12,23,"Winter",0.99193653230132,0.0579900287676675,0.385946750640869,0.00593888759613037,6,47,42,FALSE,TRUE,TRUE,0.99446503496914
18,1633000,"1987-12-24",0.0292798215523362,0.93635208970023,1.0005044240615,1987,12,24,"Winter",0.99193653230132,0.0579900287676675,0.385946750640869,0.00593888759613037,6,47,42,FALSE,TRUE,TRUE,0.99446503496914
18,1633000,"1987-12-25",0.0277353966375813,0.947252925978584,1.01164181337155,1987,12,25,"Winter",0.99193653230132,0.0579900287676675,0.385946750640869,0.00593888759613037,6,47,42,FALSE,TRUE,TRUE,0.99446503496914
18,1633000,"1987-12-26",0.0367330140434205,1.32440918453092,1.3981579240441,1987,12,26,"Winter",0.99193653230132,0.0579900287676675,0.385946750640869,0.00593888759613037,6,47,42,FALSE,TRUE,TRUE,0.99446503496914
18,1633000,"1987-12-27",0.0362707729218528,0.98741619402586,0.745552209663652,1987,12,27,"Winter",0.99193653230132,0.0579900287676675,0.385946750640869,0.00593888759613037,6,47,42,FALSE,TRUE,TRUE,0.99446503496914
18,1633000,"1987-12-28",0.0347158928634599,0.957131322739029,0.969329172976844,1987,12,28,"Winter",0.99193653230132,0.0579900287676675,0.385946750640869,0.00593888759613037,6,47,42,FALSE,TRUE,TRUE,0.99446503496914
18,1633000,"1987-12-29",0.0331004827748984,0.95346770728568,0.996172295936502,1987,12,29,"Winter",0.99193653230132,0.0579900287676675,0.385946750640869,0.00593888759613037,6,47,42,FALSE,TRUE,TRUE,0.99446503496914
18,1633000,"1987-12-30",0.0316921718185768,0.957453461754653,1.00418027211464,1987,12,30,"Winter",0.99193653230132,0.0579900287676675,0.385946750640869,0.00593888759613037,6,47,42,FALSE,TRUE,TRUE,0.99446503496914
18,1633000,"1987-12-31",0.0309204527875408,0.975649537827396,1.01900465850256,1987,12,31,"Winter",0.99193653230132,0.0579900287676675,0.385946750640869,0.00593888759613037,6,47,42,FALSE,TRUE,TRUE,0.99446503496914
18,1633000,"1988-01-01",0.0361063019372523,1.16771582180068,1.19685991385901,1988,1,1,"Winter",0.99193653230132,0.0579900287676675,0.385946750640869,0.00593888759613037,6,47,42,FALSE,TRUE,TRUE,0.99446503496914
18,1633000,"1988-01-02",0.0363636284600943,1.00712691438988,0.86247603705227,1988,1,2,"Winter",0.99193653230132,0.0579900287676675,0.385946750640869,0.00593888759613037,6,47,42,FALSE,TRUE,TRUE,0.99446503496914
18,1633000,"1988-01-03",0.0340067057404667,0.935184611122784,0.92856679506904,1988,1,3,"Winter",0.99193653230132,0.0579900287676675,0.385946750640869,0.00593888759613037,6,47,42,FALSE,TRUE,TRUE,0.99446503496914
18,1633000,"1988-01-04",0.0317414841847494,0.933388974133364,0.99807991174356,1988,1,4,"Winter",0.99193653230132,0.0579900287676675,0.385946750640869,0.00593888759613037,6,47,42,FALSE,TRUE,TRUE,0.99446503496914
18,1633000,"1988-01-05",0.0296449663583189,0.933950226957636,1.00060130646475,1988,1,5,"Winter",0.99193653230132,0.0579900287676675,0.385946750640869,0.00593888759613037,6,47,42,FALSE,TRUE,TRUE,0.99446503496914
18,1633000,"1988-01-06",0.0277045173570514,0.934543727329174,1.00063547323445,1988,1,6,"Winter",0.99193653230132,0.0579900287676675,0.385946750640869,0.00593888759613037,6,47,42,FALSE,TRUE,TRUE,0.99446503496914
18,1633000,"1988-01-07",0.0259074951754883,0.935136131108031,1.00063389626567,1988,1,7,"Winter",0.99193653230132,0.0579900287676675,0.385946750640869,0.00593888759613037,6,47,42,FALSE,TRUE,TRUE,0.99446503496914
18,1633000,"1988-01-08",0.0242434630636125,0.935770243298158,1.0006780961285,1988,1,8,"Winter",0.99193653230132,0.0579900287676675,0.385946750640869,0.00593888759613037,6,47,42,FALSE,TRUE,TRUE,0.99446503496914
18,1633000,"1988-01-09",0.0227018274599686,0.936410256257581,1.00068394241429,1988,1,9,"Winter",0.99193653230132,0.0579900287676675,0.385946750640869,0.00593888759613037,6,47,42,FALSE,TRUE,TRUE,0.99446503496914
18,1633000,"1988-01-10",0.0212712087668478,0.936982223319093,1.00061080819832,1988,1,10,"Winter",0.99193653230132,0.0579900287676675,0.385946750640869,0.00593888759613037,6,47,42,FALSE,TRUE,TRUE,0.99446503496914
18,1633000,"1988-01-11",0.0199429081985727,0.937554062731716,1.00061029910535,1988,1,11,"Winter",0.99193653230132,0.0579900287676675,0.385946750640869,0.00593888759613037,6,47,42,FALSE,TRUE,TRUE,0.99446503496914
18,1633000,"1988-01-12",0.0187085838988423,0.938107106173276,1.00058987898783,1988,1,12,"Winter",0.99193653230132,0.0579900287676675,0.385946750640869,0.00593888759613037,6,47,42,FALSE,TRUE,TRUE,0.99446503496914
18,1633000,"1988-01-13",0.0175565282115713,0.938421010724262,1.00033461483121,1988,1,13,"Winter",0.99193653230132,0.0579900287676675,0.385946750640869,0.00593888759613037,6,47,42,FALSE,TRUE,TRUE,0.99446503496914
18,1633000,"1988-01-14",0.0164755913428962,0.93843105791482,1.00001070648509,1988,1,14,"Winter",0.99193653230132,0.0579900287676675,0.385946750640869,0.00593888759613037,6,47,42,FALSE,TRUE,TRUE,0.99446503496914
18,1633000,"1988-01-15",0.0154695292003453,0.93893620437577,1.00053828830226,1988,1,15,"Winter",0.99193653230132,0.0579900287676675,0.385946750640869,0.00593888759613037,6,47,42,FALSE,TRUE,TRUE,0.99446503496914
18,1633000,"1988-01-16",0.0145333614200354,0.939483111076902,1.00058247482479,1988,1,16,"Winter",0.99193653230132,0.0579900287676675,0.385946750640869,0.00593888759613037,6,47,42,FALSE,TRUE,TRUE,0.99446503496914
18,1633000,"1988-01-17",0.013656988448929,0.93969922402823,1.00023003388648,1988,1,17,"Winter",0.99193653230132,0.0579900287676675,0.385946750640869,0.00593888759613037,6,47,42,FALSE,TRUE,TRUE,0.99446503496914
19,1633000,"1988-02-24",0.0222055662306957,0.93530385771387,1.00070127744609,1988,2,24,"Winter",0.973907063699232,0.452146341239207,0.306542813777924,0.000418091338360682,20,54,35,FALSE,TRUE,TRUE,0.97598617467926
19,1633000,"1988-02-25",0.0207834746106528,0.93595787626991,1.0006992578408,1988,2,25,"Winter",0.973907063699232,0.452146341239207,0.306542813777924,0.000418091338360682,20,54,35,FALSE,TRUE,TRUE,0.97598617467926
19,1633000,"1988-02-26",0.0194659775006585,0.93660842882744,1.00069506606443,1988,2,26,"Winter",0.973907063699232,0.452146341239207,0.306542813777924,0.000418091338360682,20,54,35,FALSE,TRUE,TRUE,0.97598617467926
19,1633000,"1988-02-27",0.0182339322054759,0.936707761264959,1.00010605545974,1988,2,27,"Winter",0.973907063699232,0.452146341239207,0.306542813777924,0.000418091338360682,20,54,35,FALSE,TRUE,TRUE,0.97598617467926
19,1633000,"1988-02-28",0.0170700346934609,0.936168594963547,0.99942440286746,1988,2,28,"Winter",0.973907063699232,0.452146341239207,0.306542813777924,0.000418091338360682,20,54,35,FALSE,TRUE,TRUE,0.97598617467926
19,1633000,"1988-02-29",0.0159680307260714,0.935442195216415,0.999224071656495,1988,2,29,"Winter",0.973907063699232,0.452146341239207,0.306542813777924,0.000418091338360682,20,54,35,FALSE,TRUE,TRUE,0.97598617467926
19,1633000,"1988-03-01",0.0148967795539647,0.932912756088473,0.997295996331065,1988,3,1,"Spring",0.973907063699232,0.452146341239207,0.306542813777924,0.000418091338360682,20,54,35,FALSE,TRUE,TRUE,0.97598617467926
19,1633000,"1988-03-02",0.0138616079930216,0.930510379294187,0.99742486445961,1988,3,2,"Spring",0.973907063699232,0.452146341239207,0.306542813777924,0.000418091338360682,20,54,35,FALSE,TRUE,TRUE,0.97598617467926
19,1633000,"1988-03-03",0.0131975632975809,0.952094685135016,1.02319620105388,1988,3,3,"Spring",0.973907063699232,0.452146341239207,0.306542813777924,0.000418091338360682,20,54,35,FALSE,TRUE,TRUE,0.97598617467926
19,1633000,"1988-03-04",0.0219469167641364,1.66295218816334,1.74662479911598,1988,3,4,"Spring",0.973907063699232,0.452146341239207,0.306542813777924,0.000418091338360682,20,54,35,FALSE,TRUE,TRUE,0.97598617467926
19,1633000,"1988-03-05",0.0290485691512004,1.32358314670737,0.795923753026964,1988,3,5,"Spring",0.973907063699232,0.452146341239207,0.306542813777924,0.000418091338360682,20,54,35,FALSE,TRUE,TRUE,0.97598617467926
19,1633000,"1988-03-06",0.0270678102970123,0.931812171405828,0.704007280331322,1988,3,6,"Spring",0.973907063699232,0.452146341239207,0.306542813777924,0.000418091338360682,20,54,35,FALSE,TRUE,TRUE,0.97598617467926
19,1633000,"1988-03-07",0.0252365889027715,0.932346895661414,1.0005738541221,1988,3,7,"Spring",0.973907063699232,0.452146341239207,0.306542813777924,0.000418091338360682,20,54,35,FALSE,TRUE,TRUE,0.97598617467926
19,1633000,"1988-03-08",0.0235119068529457,0.931659462518074,0.99926268522313,1988,3,8,"Spring",0.973907063699232,0.452146341239207,0.306542813777924,0.000418091338360682,20,54,35,FALSE,TRUE,TRUE,0.97598617467926
19,1633000,"1988-03-09",0.0218610852607526,0.929787847386514,0.997991095237201,1988,3,9,"Spring",0.973907063699232,0.452146341239207,0.306542813777924,0.000418091338360682,20,54,35,FALSE,TRUE,TRUE,0.97598617467926
19,1633000,"1988-03-10",0.0202769747702405,0.927537426819515,0.997579640803733,1988,3,10,"Spring",0.973907063699232,0.452146341239207,0.306542813777924,0.000418091338360682,20,54,35,FALSE,TRUE,TRUE,0.97598617467926
19,1633000,"1988-03-11",0.0188220482086763,0.928247355532566,1.00076539090771,1988,3,11,"Spring",0.973907063699232,0.452146341239207,0.306542813777924,0.000418091338360682,20,54,35,FALSE,TRUE,TRUE,0.97598617467926
19,1633000,"1988-03-12",0.0174431361956522,0.926739534521622,0.99837562584805,1988,3,12,"Spring",0.973907063699232,0.452146341239207,0.306542813777924,0.000418091338360682,20,54,35,FALSE,TRUE,TRUE,0.97598617467926
19,1633000,"1988-03-13",0.0161757725290954,0.927343130711054,1.00065131157887,1988,3,13,"Spring",0.973907063699232,0.452146341239207,0.306542813777924,0.000418091338360682,20,54,35,FALSE,TRUE,TRUE,0.97598617467926
19,1633000,"1988-03-14",0.0150607700343244,0.931069598514354,1.00401843468711,1988,3,14,"Spring",0.973907063699232,0.452146341239207,0.306542813777924,0.000418091338360682,20,54,35,FALSE,TRUE,TRUE,0.97598617467926
19,1633000,"1988-03-15",0.0140376285999082,0.93206579530234,1.00106994878748,1988,3,15,"Spring",0.973907063699232,0.452146341239207,0.306542813777924,0.000418091338360682,20,54,35,FALSE,TRUE,TRUE,0.97598617467926
19,1633000,"1988-03-16",0.0130889580468647,0.932419457724527,1.0003794393314,1988,3,16,"Spring",0.973907063699232,0.452146341239207,0.306542813777924,0.000418091338360682,20,54,35,FALSE,TRUE,TRUE,0.97598617467926
19,1633000,"1988-03-17",0.0122002933640033,0.932105773455796,0.99966358030591,1988,3,17,"Spring",0.973907063699232,0.452146341239207,0.306542813777924,0.000418091338360682,20,54,35,FALSE,TRUE,TRUE,0.97598617467926
19,1633000,"1988-03-18",0.0113519714213908,0.930467086544371,0.998241951763318,1988,3,18,"Spring",0.973907063699232,0.452146341239207,0.306542813777924,0.000418091338360682,20,54,35,FALSE,TRUE,TRUE,0.97598617467926
19,1633000,"1988-03-19",0.0105617350200191,0.930387738654574,0.99991472251846,1988,3,19,"Spring",0.973907063699232,0.452146341239207,0.306542813777924,0.000418091338360682,20,54,35,FALSE,TRUE,TRUE,0.97598617467926
19,1633000,"1988-03-20",0.00985351420240477,0.932944651965614,1.00274822335335,1988,3,20,"Spring",0.973907063699232,0.452146341239207,0.306542813777924,0.000418091338360682,20,54,35,FALSE,TRUE,TRUE,0.97598617467926
19,1633000,"1988-03-21",0.00920557146309875,0.93424247167088,1.00139110042866,1988,3,21,"Spring",0.973907063699232,0.452146341239207,0.306542813777924,0.000418091338360682,20,54,35,FALSE,TRUE,TRUE,0.97598617467926
19,1633000,"1988-03-22",0.00860395753988996,0.934646759777988,1.00043274430286,1988,3,22,"Spring",0.973907063699232,0.452146341239207,0.306542813777924,0.000418091338360682,20,54,35,FALSE,TRUE,TRUE,0.97598617467926
19,1633000,"1988-03-23",0.00803541784989648,0.933921141828327,0.999223644717033,1988,3,23,"Spring",0.973907063699232,0.452146341239207,0.306542813777924,0.000418091338360682,20,54,35,FALSE,TRUE,TRUE,0.97598617467926
19,1633000,"1988-03-24",0.0074418403673917,0.926129854900773,0.991657446674458,1988,3,24,"Spring",0.973907063699232,0.452146341239207,0.306542813777924,0.000418091338360682,20,54,35,FALSE,TRUE,TRUE,0.97598617467926
19,1633000,"1988-03-25",0.00680670546717011,0.914653517293303,0.987608284576141,1988,3,25,"Spring",0.973907063699232,0.452146341239207,0.306542813777924,0.000418091338360682,20,54,35,FALSE,TRUE,TRUE,0.97598617467926
19,1633000,"1988-03-26",0.0130268736393191,1.91382948801735,2.09240925862383,1988,3,26,"Spring",0.973907063699232,0.452146341239207,0.306542813777924,0.000418091338360682,20,54,35,FALSE,TRUE,TRUE,0.97598617467926
19,1633000,"1988-03-27",0.0149156211409718,1.14498854859173,0.59827093048811,1988,3,27,"Spring",0.973907063699232,0.452146341239207,0.306542813777924,0.000418091338360682,20,54,35,FALSE,TRUE,TRUE,0.97598617467926
19,1633000,"1988-03-28",0.0139701758162118,0.93661374770623,0.81801145422652,1988,3,28,"Spring",0.973907063699232,0.452146341239207,0.306542813777924,0.000418091338360682,20,54,35,FALSE,TRUE,TRUE,0.97598617467926
19,1633000,"1988-03-29",0.0130408906261437,0.933480780607658,0.996655006285948,1988,3,29,"Spring",0.973907063699232,0.452146341239207,0.306542813777924,0.000418091338360682,20,54,35,FALSE,TRUE,TRUE,0.97598617467926
20,1633000,"1988-04-13",0.0255312834633514,0.932959310525069,0.997994076124762,1988,4,13,"Spring",0.928305213988902,0.999639392055172,0.495366275310516,0.000565147085580975,4,21,18,FALSE,TRUE,TRUE,0.929202191595556
20,1633000,"1988-04-14",0.0237650748458691,0.930821784967543,0.997708875903362,1988,4,14,"Spring",0.928305213988902,0.999639392055172,0.495366275310516,0.000565147085580975,4,21,18,FALSE,TRUE,TRUE,0.929202191595556
20,1633000,"1988-04-15",0.022071294428315,0.928728168182122,0.997750786649784,1988,4,15,"Spring",0.928305213988902,0.999639392055172,0.495366275310516,0.000565147085580975,4,21,18,FALSE,TRUE,TRUE,0.929202191595556
20,1633000,"1988-04-16",0.0204877479118295,0.9282531198327,0.999488495809973,1988,4,16,"Spring",0.928305213988902,0.999639392055172,0.495366275310516,0.000565147085580975,4,21,18,FALSE,TRUE,TRUE,0.929202191595556
20,1633000,"1988-04-17",0.0190247655846179,0.928592330718452,1.00036542929779,1988,4,17,"Spring",0.928305213988902,0.999639392055172,0.495366275310516,0.000565147085580975,4,21,18,FALSE,TRUE,TRUE,0.929202191595556
20,1633000,"1988-04-18",0.0176864509121515,0.929654078179631,1.00114339460499,1988,4,18,"Spring",0.928305213988902,0.999639392055172,0.495366275310516,0.000565147085580975,4,21,18,FALSE,TRUE,TRUE,0.929202191595556
20,1633000,"1988-04-19",0.0165050359792076,0.933202260939068,1.00381666992349,1988,4,19,"Spring",0.928305213988902,0.999639392055172,0.495366275310516,0.000565147085580975,4,21,18,FALSE,TRUE,TRUE,0.929202191595556
20,1633000,"1988-04-20",0.0154095113393851,0.933624825707581,1.00045281155672,1988,4,20,"Spring",0.928305213988902,0.999639392055172,0.495366275310516,0.000565147085580975,4,21,18,FALSE,TRUE,TRUE,0.929202191595556
20,1633000,"1988-04-21",0.0143797186319716,0.933171618182246,0.999514572114134,1988,4,21,"Spring",0.928305213988902,0.999639392055172,0.495366275310516,0.000565147085580975,4,21,18,FALSE,TRUE,TRUE,0.929202191595556
20,1633000,"1988-04-22",0.01339323684806,0.931397699137293,0.998099043080191,1988,4,22,"Spring",0.928305213988902,0.999639392055172,0.495366275310516,0.000565147085580975,4,21,18,FALSE,TRUE,TRUE,0.929202191595556
20,1633000,"1988-04-23",0.0124243972240947,0.927662025621114,0.995989174635454,1988,4,23,"Spring",0.928305213988902,0.999639392055172,0.495366275310516,0.000565147085580975,4,21,18,FALSE,TRUE,TRUE,0.929202191595556
20,1633000,"1988-04-24",0.0115338863397483,0.928325626725821,1.00071534792454,1988,4,24,"Spring",0.928305213988902,0.999639392055172,0.495366275310516,0.000565147085580975,4,21,18,FALSE,TRUE,TRUE,0.929202191595556
20,1633000,"1988-04-25",0.0107364146388136,0.930858370071982,1.0027282919627,1988,4,25,"Spring",0.928305213988902,0.999639392055172,0.495366275310516,0.000565147085580975,4,21,18,FALSE,TRUE,TRUE,0.929202191595556
20,1633000,"1988-04-26",0.00988904482801445,0.921075159696629,0.989490119345871,1988,4,26,"Spring",0.928305213988902,0.999639392055172,0.495366275310516,0.000565147085580975,4,21,18,FALSE,TRUE,TRUE,0.929202191595556
20,1633000,"1988-04-27",0.00908048709970899,0.91823702467048,0.996918671623841,1988,4,27,"Spring",0.928305213988902,0.999639392055172,0.495366275310516,0.000565147085580975,4,21,18,FALSE,TRUE,TRUE,0.929202191595556
20,1633000,"1988-04-28",0.00840835616691038,0.925980740304102,1.00843324264386,1988,4,28,"Spring",0.928305213988902,0.999639392055172,0.495366275310516,0.000565147085580975,4,21,18,FALSE,TRUE,TRUE,0.929202191595556
20,1633000,"1988-04-29",0.00787162969936617,0.936167491375258,1.01100103990047,1988,4,29,"Spring",0.928305213988902,0.999639392055172,0.495366275310516,0.000565147085580975,4,21,18,FALSE,TRUE,TRUE,0.929202191595556
20,1633000,"1988-04-30",0.00734064180869609,0.932544096845304,0.996129544591822,1988,4,30,"Spring",0.928305213988902,0.999639392055172,0.495366275310516,0.000565147085580975,4,21,18,FALSE,TRUE,TRUE,0.929202191595556
25,1633000,"1989-02-18",0.0178939449833706,0.935732391832714,0.994967350455758,1989,2,18,"Winter",0.989603012945098,0.177666806000549,0.912814021110535,0.912814021110535,1,14,14,FALSE,TRUE,TRUE,0.982564149371716
25,1633000,"1989-02-19",0.0167493293411098,0.936033354113669,1.00032163285527,1989,2,19,"Winter",0.989603012945098,0.177666806000549,0.912814021110535,0.912814021110535,1,14,14,FALSE,TRUE,TRUE,0.982564149371716
25,1633000,"1989-02-20",0.0156828326871619,0.936326008508869,1.0003126538108,1989,2,20,"Winter",0.989603012945098,0.177666806000549,0.912814021110535,0.912814021110535,1,14,14,FALSE,TRUE,TRUE,0.982564149371716
25,1633000,"1989-02-21",0.0201408442226239,1.28426060676598,1.37159557151596,1989,2,21,"Winter",0.989603012945098,0.177666806000549,0.912814021110535,0.912814021110535,1,14,14,FALSE,TRUE,TRUE,0.982564149371716
25,1633000,"1989-02-22",0.0246636429801583,1.22455854916221,0.953512505725676,1989,2,22,"Winter",0.989603012945098,0.177666806000549,0.912814021110535,0.912814021110535,1,14,14,FALSE,TRUE,TRUE,0.982564149371716
25,1633000,"1989-02-23",0.0236547411768697,0.959093561153952,0.783215765232396,1989,2,23,"Winter",0.989603012945098,0.177666806000549,0.912814021110535,0.912814021110535,1,14,14,FALSE,TRUE,TRUE,0.982564149371716
25,1633000,"1989-02-24",0.0220907682087272,0.933883319354525,0.973714512514197,1989,2,24,"Winter",0.989603012945098,0.177666806000549,0.912814021110535,0.912814021110535,1,14,14,FALSE,TRUE,TRUE,0.982564149371716
25,1633000,"1989-02-25",0.0206379700102843,0.934235053090233,1.00037663563362,1989,2,25,"Winter",0.989603012945098,0.177666806000549,0.912814021110535,0.912814021110535,1,14,14,FALSE,TRUE,TRUE,0.982564149371716
25,1633000,"1989-02-26",0.0192877752124332,0.934577150893314,1.00036617958398,1989,2,26,"Winter",0.989603012945098,0.177666806000549,0.912814021110535,0.912814021110535,1,14,14,FALSE,TRUE,TRUE,0.982564149371716
25,1633000,"1989-02-27",0.0180323317763396,0.934909888659198,1.00035603028125,1989,2,27,"Winter",0.989603012945098,0.177666806000549,0.912814021110535,0.912814021110535,1,14,14,FALSE,TRUE,TRUE,0.982564149371716
25,1633000,"1989-02-28",0.0169123266241513,0.937889055831492,1.00318658215988,1989,2,28,"Winter",0.989603012945098,0.177666806000549,0.912814021110535,0.912814021110535,1,14,14,FALSE,TRUE,TRUE,0.982564149371716
25,1633000,"1989-03-01",0.0158519145334139,0.937299455343828,0.999371353696902,1989,3,1,"Spring",0.989603012945098,0.177666806000549,0.912814021110535,0.912814021110535,1,14,14,FALSE,TRUE,TRUE,0.982564149371716
25,1633000,"1989-03-02",0.0148346996866167,0.935830158265544,0.9984324144542,1989,3,2,"Spring",0.989603012945098,0.177666806000549,0.912814021110535,0.912814021110535,1,14,14,FALSE,TRUE,TRUE,0.982564149371716
25,1633000,"1989-03-03",0.0138871839735657,0.93612841964669,1.00031871315378,1989,3,3,"Spring",0.989603012945098,0.177666806000549,0.912814021110535,0.912814021110535,1,14,14,FALSE,TRUE,TRUE,0.982564149371716
26,1633000,"1989-03-29",0.0408927039243281,0.923005834834414,0.990368731689708,1989,3,29,"Spring",0.948066764801991,0.948650463826593,0.341198742389679,0.341198742389679,1,31,31,FALSE,TRUE,TRUE,0.948279743817742
26,1633000,"1989-03-30",0.0381159998942167,0.932097812968061,1.00985040157983,1989,3,30,"Spring",0.948066764801991,0.948650463826593,0.341198742389679,0.341198742389679,1,31,31,FALSE,TRUE,TRUE,0.948279743817742
26,1633000,"1989-03-31",0.0393422092311084,1.0321704622808,1.10736281956727,1989,3,31,"Spring",0.948066764801991,0.948650463826593,0.341198742389679,0.341198742389679,1,31,31,FALSE,TRUE,TRUE,0.948279743817742
26,1633000,"1989-04-01",0.0367172071710229,0.933277715934418,0.9041895210527,1989,4,1,"Spring",0.948066764801991,0.948650463826593,0.341198742389679,0.341198742389679,1,31,31,FALSE,TRUE,TRUE,0.948279743817742
26,1633000,"1989-04-02",0.0340339269023388,0.926920360358953,0.993188141678599,1989,4,2,"Spring",0.948066764801991,0.948650463826593,0.341198742389679,0.341198742389679,1,31,31,FALSE,TRUE,TRUE,0.948279743817742
26,1633000,"1989-04-03",0.0315518422285095,0.927070282516861,1.00016174222114,1989,4,3,"Spring",0.948066764801991,0.948650463826593,0.341198742389679,0.341198742389679,1,31,31,FALSE,TRUE,TRUE,0.948279743817742
26,1633000,"1989-04-04",0.029140088125132,0.923562177894062,0.996215923766562,1989,4,4,"Spring",0.948066764801991,0.948650463826593,0.341198742389679,0.341198742389679,1,31,31,FALSE,TRUE,TRUE,0.948279743817742
26,1633000,"1989-04-05",0.0269184610806406,0.923760455529459,1.00021468791181,1989,4,5,"Spring",0.948066764801991,0.948650463826593,0.341198742389679,0.341198742389679,1,31,31,FALSE,TRUE,TRUE,0.948279743817742
26,1633000,"1989-04-06",0.0252363031031564,0.937509132767847,1.01488337929611,1989,4,6,"Spring",0.948066764801991,0.948650463826593,0.341198742389679,0.341198742389679,1,31,31,FALSE,TRUE,TRUE,0.948279743817742
26,1633000,"1989-04-07",0.0238564781611785,0.94532380846998,1.0083355728803,1989,4,7,"Spring",0.948066764801991,0.948650463826593,0.341198742389679,0.341198742389679,1,31,31,FALSE,TRUE,TRUE,0.948279743817742
26,1633000,"1989-04-08",0.0221775132231414,0.929622263324296,0.983390299699426,1989,4,8,"Spring",0.948066764801991,0.948650463826593,0.341198742389679,0.341198742389679,1,31,31,FALSE,TRUE,TRUE,0.948279743817742
26,1633000,"1989-04-09",0.0207864894764498,0.937277740173314,1.00823504035031,1989,4,9,"Spring",0.948066764801991,0.948650463826593,0.341198742389679,0.341198742389679,1,31,31,FALSE,TRUE,TRUE,0.948279743817742
26,1633000,"1989-04-10",0.0193691962631419,0.9318166150704,0.994173418540908,1989,4,10,"Spring",0.948066764801991,0.948650463826593,0.341198742389679,0.341198742389679,1,31,31,FALSE,TRUE,TRUE,0.948279743817742
26,1633000,"1989-04-11",0.0180321619845927,0.930971101723331,0.999092618296997,1989,4,11,"Spring",0.948066764801991,0.948650463826593,0.341198742389679,0.341198742389679,1,31,31,FALSE,TRUE,TRUE,0.948279743817742
26,1633000,"1989-04-12",0.016795463336166,0.931417061942802,1.00047902692,1989,4,12,"Spring",0.948066764801991,0.948650463826593,0.341198742389679,0.341198742389679,1,31,31,FALSE,TRUE,TRUE,0.948279743817742
26,1633000,"1989-04-13",0.0156328121665865,0.930775879991598,0.999311605963212,1989,4,13,"Spring",0.948066764801991,0.948650463826593,0.341198742389679,0.341198742389679,1,31,31,FALSE,TRUE,TRUE,0.948279743817742
26,1633000,"1989-04-14",0.014457558747381,0.924821368882207,0.99360263707151,1989,4,14,"Spring",0.948066764801991,0.948650463826593,0.341198742389679,0.341198742389679,1,31,31,FALSE,TRUE,TRUE,0.948279743817742
26,1633000,"1989-04-15",0.0133851752616465,0.925825410467121,1.001085660019,1989,4,15,"Spring",0.948066764801991,0.948650463826593,0.341198742389679,0.341198742389679,1,31,31,FALSE,TRUE,TRUE,0.948279743817742
26,1633000,"1989-04-16",0.0124386409879662,0.929284880087266,1.00373663282627,1989,4,16,"Spring",0.948066764801991,0.948650463826593,0.341198742389679,0.341198742389679,1,31,31,FALSE,TRUE,TRUE,0.948279743817742
26,1633000,"1989-04-17",0.0114095386234112,0.917265691199657,0.987066195582048,1989,4,17,"Spring",0.948066764801991,0.948650463826593,0.341198742389679,0.341198742389679,1,31,31,FALSE,TRUE,TRUE,0.948279743817742
26,1633000,"1989-04-18",0.0105051781865768,0.920736458617289,1.00378381907329,1989,4,18,"Spring",0.948066764801991,0.948650463826593,0.341198742389679,0.341198742389679,1,31,31,FALSE,TRUE,TRUE,0.948279743817742
26,1633000,"1989-04-19",0.0142499744833913,1.35647146867051,1.47324617807313,1989,4,19,"Spring",0.948066764801991,0.948650463826593,0.341198742389679,0.341198742389679,1,31,31,FALSE,TRUE,TRUE,0.948279743817742
26,1633000,"1989-04-20",0.0145641198614612,1.02204532916435,0.753458773567914,1989,4,20,"Spring",0.948066764801991,0.948650463826593,0.341198742389679,0.341198742389679,1,31,31,FALSE,TRUE,TRUE,0.948279743817742
26,1633000,"1989-04-21",0.0135614390019327,0.931154036833923,0.911069216074064,1989,4,21,"Spring",0.948066764801991,0.948650463826593,0.341198742389679,0.341198742389679,1,31,31,FALSE,TRUE,TRUE,0.948279743817742
26,1633000,"1989-04-22",0.0125087451888248,0.922375950446123,0.990572895524733,1989,4,22,"Spring",0.948066764801991,0.948650463826593,0.341198742389679,0.341198742389679,1,31,31,FALSE,TRUE,TRUE,0.948279743817742
26,1633000,"1989-04-23",0.0114929875708185,0.918796201963265,0.99611899195645,1989,4,23,"Spring",0.948066764801991,0.948650463826593,0.341198742389679,0.341198742389679,1,31,31,FALSE,TRUE,TRUE,0.948279743817742
26,1633000,"1989-04-24",0.010549930826528,0.917945030525831,0.999073601484622,1989,4,24,"Spring",0.948066764801991,0.948650463826593,0.341198742389679,0.341198742389679,1,31,31,FALSE,TRUE,TRUE,0.948279743817742
26,1633000,"1989-04-25",0.009758283093106,0.92496180814462,1.0076440063244,1989,4,25,"Spring",0.948066764801991,0.948650463826593,0.341198742389679,0.341198742389679,1,31,31,FALSE,TRUE,TRUE,0.948279743817742
26,1633000,"1989-04-26",0.00912447925657034,0.935049656738957,1.01090623256605,1989,4,26,"Spring",0.948066764801991,0.948650463826593,0.341198742389679,0.341198742389679,1,31,31,FALSE,TRUE,TRUE,0.948279743817742
26,1633000,"1989-04-27",0.00853475899202749,0.935369433371423,1.00034198893092,1989,4,27,"Spring",0.948066764801991,0.948650463826593,0.341198742389679,0.341198742389679,1,31,31,FALSE,TRUE,TRUE,0.948279743817742
26,1633000,"1989-04-28",0.00791958754416555,0.927921638040794,0.992037589571659,1989,4,28,"Spring",0.948066764801991,0.948650463826593,0.341198742389679,0.341198742389679,1,31,31,FALSE,TRUE,TRUE,0.948279743817742
27,1633000,"1989-07-24",0.0294267245335504,0.907108828478511,0.973596121762577,1989,7,24,"Summer",0.921793959275267,0.954597859628283,0.392314374446869,0.392314374446869,1,16,16,FALSE,TRUE,TRUE,0.921601807506356
27,1633000,"1989-07-25",0.0265527870506048,0.902335800925824,0.994738197443527,1989,7,25,"Summer",0.921793959275267,0.954597859628283,0.392314374446869,0.392314374446869,1,16,16,FALSE,TRUE,TRUE,0.921601807506356
27,1633000,"1989-07-26",0.0243314149556682,0.916341283093818,1.01552136372471,1989,7,26,"Summer",0.921793959275267,0.954597859628283,0.392314374446869,0.392314374446869,1,16,16,FALSE,TRUE,TRUE,0.921601807506356
27,1633000,"1989-07-27",0.0225463081733324,0.926633663287225,1.0112320380881,1989,7,27,"Summer",0.921793959275267,0.954597859628283,0.392314374446869,0.392314374446869,1,16,16,FALSE,TRUE,TRUE,0.921601807506356
27,1633000,"1989-07-28",0.0205377464881167,0.910913943437028,0.983035669355642,1989,7,28,"Summer",0.921793959275267,0.954597859628283,0.392314374446869,0.392314374446869,1,16,16,FALSE,TRUE,TRUE,0.921601807506356
27,1633000,"1989-07-29",0.0184130755369551,0.896547999928284,0.984229088145759,1989,7,29,"Summer",0.921793959275267,0.954597859628283,0.392314374446869,0.392314374446869,1,16,16,FALSE,TRUE,TRUE,0.921601807506356
27,1633000,"1989-07-30",0.0167645119945519,0.910467779318311,1.01552597227493,1989,7,30,"Summer",0.921793959275267,0.954597859628283,0.392314374446869,0.392314374446869,1,16,16,FALSE,TRUE,TRUE,0.921601807506356
27,1633000,"1989-07-31",0.0186769432621077,1.11407616685635,1.22363052505876,1989,7,31,"Summer",0.921793959275267,0.954597859628283,0.392314374446869,0.392314374446869,1,16,16,FALSE,TRUE,TRUE,0.921601807506356
27,1633000,"1989-08-01",0.0181304107536562,0.970737582655706,0.871338613584104,1989,8,1,"Summer",0.921793959275267,0.954597859628283,0.392314374446869,0.392314374446869,1,16,16,FALSE,TRUE,TRUE,0.921601807506356
27,1633000,"1989-08-02",0.016480814141687,0.909014934389365,0.936416752200442,1989,8,2,"Summer",0.921793959275267,0.954597859628283,0.392314374446869,0.392314374446869,1,16,16,FALSE,TRUE,TRUE,0.921601807506356
27,1633000,"1989-08-03",0.0145550648448989,0.883152053033771,0.971548452751254,1989,8,3,"Summer",0.921793959275267,0.954597859628283,0.392314374446869,0.392314374446869,1,16,16,FALSE,TRUE,TRUE,0.921601807506356
27,1633000,"1989-08-04",0.012623448681552,0.867289071953267,0.98203822204114,1989,8,4,"Summer",0.921793959275267,0.954597859628283,0.392314374446869,0.392314374446869,1,16,16,FALSE,TRUE,TRUE,0.921601807506356
27,1633000,"1989-08-05",0.0108986167469993,0.863362859226154,0.995473005651656,1989,8,5,"Summer",0.921793959275267,0.954597859628283,0.392314374446869,0.392314374446869,1,16,16,FALSE,TRUE,TRUE,0.921601807506356
27,1633000,"1989-08-06",0.00957371393451467,0.878433856035039,1.01745615606211,1989,8,6,"Summer",0.921793959275267,0.954597859628283,0.392314374446869,0.392314374446869,1,16,16,FALSE,TRUE,TRUE,0.921601807506356
27,1633000,"1989-08-07",0.00872741665807553,0.91160198829546,1.03775825810054,1989,8,7,"Summer",0.921793959275267,0.954597859628283,0.392314374446869,0.392314374446869,1,16,16,FALSE,TRUE,TRUE,0.921601807506356
27,1633000,"1989-08-08",0.00797396406414918,0.913668314067581,1.00226669730721,1989,8,8,"Summer",0.921793959275267,0.954597859628283,0.392314374446869,0.392314374446869,1,16,16,FALSE,TRUE,TRUE,0.921601807506356
28,1633000,"1989-10-22",0.0425881580449641,0.926556284802547,0.974246764122881,1989,10,22,"Fall",0.926585488022688,0.999289321923035,0.685328602790833,0.685328602790833,1,16,16,FALSE,TRUE,TRUE,0.926585488022688
28,1633000,"1989-10-23",0.0394047130830586,0.925250466137925,0.998590675292974,1989,10,23,"Fall",0.926585488022688,0.999289321923035,0.685328602790833,0.685328602790833,1,16,16,FALSE,TRUE,TRUE,0.926585488022688
28,1633000,"1989-10-24",0.0364008671604097,0.923769374584271,0.998399253382886,1989,10,24,"Fall",0.926585488022688,0.999289321923035,0.685328602790833,0.685328602790833,1,16,16,FALSE,TRUE,TRUE,0.926585488022688
28,1633000,"1989-10-25",0.0336072148056701,0.923253137283003,0.999441162139089,1989,10,25,"Fall",0.926585488022688,0.999289321923035,0.685328602790833,0.685328602790833,1,16,16,FALSE,TRUE,TRUE,0.926585488022688
28,1633000,"1989-10-26",0.0310068895341828,0.922625981161386,0.999320710543738,1989,10,26,"Fall",0.926585488022688,0.999289321923035,0.685328602790833,0.685328602790833,1,16,16,FALSE,TRUE,TRUE,0.926585488022688
28,1633000,"1989-10-27",0.0285967302042991,0.922270199749423,0.999614381754657,1989,10,27,"Fall",0.926585488022688,0.999289321923035,0.685328602790833,0.685328602790833,1,16,16,FALSE,TRUE,TRUE,0.926585488022688
28,1633000,"1989-10-28",0.0263662241632119,0.922001360814604,0.999708503066789,1989,10,28,"Fall",0.926585488022688,0.999289321923035,0.685328602790833,0.685328602790833,1,16,16,FALSE,TRUE,TRUE,0.926585488022688
28,1633000,"1989-10-29",0.0243106342386454,0.922037000374345,1.00003865456306,1989,10,29,"Fall",0.926585488022688,0.999289321923035,0.685328602790833,0.685328602790833,1,16,16,FALSE,TRUE,TRUE,0.926585488022688
28,1633000,"1989-10-30",0.0224168677232228,0.922101311844338,1.00006974933757,1989,10,30,"Fall",0.926585488022688,0.999289321923035,0.685328602790833,0.685328602790833,1,16,16,FALSE,TRUE,TRUE,0.926585488022688
28,1633000,"1989-10-31",0.0211016919347458,0.941330974304023,1.02085417536303,1989,10,31,"Fall",0.926585488022688,0.999289321923035,0.685328602790833,0.685328602790833,1,16,16,FALSE,TRUE,TRUE,0.926585488022688
28,1633000,"1989-11-01",0.0196576024172828,0.931565226052553,0.989625595547102,1989,11,1,"Fall",0.926585488022688,0.999289321923035,0.685328602790833,0.685328602790833,1,16,16,FALSE,TRUE,TRUE,0.926585488022688
28,1633000,"1989-11-02",0.0183163305628113,0.931768288624447,1.00021797998274,1989,11,2,"Fall",0.926585488022688,0.999289321923035,0.685328602790833,0.685328602790833,1,16,16,FALSE,TRUE,TRUE,0.926585488022688
28,1633000,"1989-11-03",0.0170366365928203,0.930133715069038,0.998245729571006,1989,11,3,"Fall",0.926585488022688,0.999289321923035,0.685328602790833,0.685328602790833,1,16,16,FALSE,TRUE,TRUE,0.926585488022688
28,1633000,"1989-11-04",0.0157836164580658,0.926451437293525,0.996041130736519,1989,11,4,"Fall",0.926585488022688,0.999289321923035,0.685328602790833,0.685328602790833,1,16,16,FALSE,TRUE,TRUE,0.926585488022688
28,1633000,"1989-11-05",0.0145874737645499,0.924216183490406,0.997587295228718,1989,11,5,"Fall",0.926585488022688,0.999289321923035,0.685328602790833,0.685328602790833,1,16,16,FALSE,TRUE,TRUE,0.926585488022688
28,1633000,"1989-11-06",0.0134254438453354,0.920340564927803,0.995806588726929,1989,11,6,"Fall",0.926585488022688,0.999289321923035,0.685328602790833,0.685328602790833,1,16,16,FALSE,TRUE,TRUE,0.926585488022688
29,1633000,"1989-11-16",0.0253285950166174,1.78403029202138,1.91170390151588,1989,11,16,"Fall",0.965992576166975,0.948977487192617,0.424642086029053,0.000446796417236328,5,43,39,FALSE,TRUE,TRUE,0.958845438027532
29,1633000,"1989-11-17",0.0273926069494337,1.08148939692321,0.606205736393544,1989,11,17,"Fall",0.965992576166975,0.948977487192617,0.424642086029053,0.000446796417236328,5,43,39,FALSE,TRUE,TRUE,0.958845438027532
29,1633000,"1989-11-18",0.0260014439700171,0.949213925422117,0.877691383866166,1989,11,18,"Fall",0.965992576166975,0.948977487192617,0.424642086029053,0.000446796417236328,5,43,39,FALSE,TRUE,TRUE,0.958845438027532
29,1633000,"1989-11-19",0.0246691912179813,0.948762355137965,0.999524269216813,1989,11,19,"Fall",0.965992576166975,0.948977487192617,0.424642086029053,0.000446796417236328,5,43,39,FALSE,TRUE,TRUE,0.958845438027532
29,1633000,"1989-11-20",0.023397154873237,0.948436236376607,0.999656269286411,1989,11,20,"Fall",0.965992576166975,0.948977487192617,0.424642086029053,0.000446796417236328,5,43,39,FALSE,TRUE,TRUE,0.958845438027532
29,1633000,"1989-11-21",0.0221854874398559,0.948213043853163,0.999764673137862,1989,11,21,"Fall",0.965992576166975,0.948977487192617,0.424642086029053,0.000446796417236328,5,43,39,FALSE,TRUE,TRUE,0.958845438027532
29,1633000,"1989-11-22",0.0210335094016045,0.948075153120959,0.999854578321721,1989,11,22,"Fall",0.965992576166975,0.948977487192617,0.424642086029053,0.000446796417236328,5,43,39,FALSE,TRUE,TRUE,0.958845438027532
29,1633000,"1989-11-23",0.0199398451368324,0.948003719023291,0.999924653549423,1989,11,23,"Fall",0.965992576166975,0.948977487192617,0.424642086029053,0.000446796417236328,5,43,39,FALSE,TRUE,TRUE,0.958845438027532
29,1633000,"1989-11-24",0.0189017386292107,0.947938085752525,0.999930766863622,1989,11,24,"Fall",0.965992576166975,0.948977487192617,0.424642086029053,0.000446796417236328,5,43,39,FALSE,TRUE,TRUE,0.958845438027532
29,1633000,"1989-11-25",0.0179148379829712,0.947787837637626,0.99984150007563,1989,11,25,"Fall",0.965992576166975,0.948977487192617,0.424642086029053,0.000446796417236328,5,43,39,FALSE,TRUE,TRUE,0.958845438027532
29,1633000,"1989-11-26",0.0208461370784789,1.16362409184465,1.22772633878168,1989,11,26,"Fall",0.965992576166975,0.948977487192617,0.424642086029053,0.000446796417236328,5,43,39,FALSE,TRUE,TRUE,0.958845438027532
29,1633000,"1989-11-27",0.0231878584017977,1.11233358557046,0.955921756318328,1989,11,27,"Fall",0.965992576166975,0.948977487192617,0.424642086029053,0.000446796417236328,5,43,39,FALSE,TRUE,TRUE,0.958845438027532
29,1633000,"1989-11-28",0.0226413537166081,0.976431429081557,0.877822482165544,1989,11,28,"Fall",0.965992576166975,0.948977487192617,0.424642086029053,0.000446796417236328,5,43,39,FALSE,TRUE,TRUE,0.958845438027532
29,1633000,"1989-11-29",0.0215153885656036,0.950269530475178,0.973206619710114,1989,11,29,"Fall",0.965992576166975,0.948977487192617,0.424642086029053,0.000446796417236328,5,43,39,FALSE,TRUE,TRUE,0.958845438027532
29,1633000,"1989-11-30",0.0203030154807493,0.943650885915556,0.99303498181583,1989,11,30,"Fall",0.965992576166975,0.948977487192617,0.424642086029053,0.000446796417236328,5,43,39,FALSE,TRUE,TRUE,0.958845438027532
29,1633000,"1989-12-01",0.0191650535562076,0.943951088171079,1.00031812851554,1989,12,1,"Winter",0.965992576166975,0.948977487192617,0.424642086029053,0.000446796417236328,5,43,39,FALSE,TRUE,TRUE,0.958845438027532
29,1633000,"1989-12-02",0.0180969455395825,0.944267934681608,1.00033565988164,1989,12,2,"Winter",0.965992576166975,0.948977487192617,0.424642086029053,0.000446796417236328,5,43,39,FALSE,TRUE,TRUE,0.958845438027532
29,1633000,"1989-12-03",0.0170943396515213,0.944598060160579,1.00034960996434,1989,12,3,"Winter",0.965992576166975,0.948977487192617,0.424642086029053,0.000446796417236328,5,43,39,FALSE,TRUE,TRUE,0.958845438027532
29,1633000,"1989-12-04",0.0161531375488266,0.944940715939799,1.00036275299905,1989,12,4,"Winter",0.965992576166975,0.948977487192617,0.424642086029053,0.000446796417236328,5,43,39,FALSE,TRUE,TRUE,0.958845438027532
29,1633000,"1989-12-05",0.0152694715070538,0.945294464366336,1.0003743604446,1989,12,5,"Winter",0.965992576166975,0.948977487192617,0.424642086029053,0.000446796417236328,5,43,39,FALSE,TRUE,TRUE,0.958845438027532
29,1633000,"1989-12-06",0.0144322465639561,0.945170011764263,0.999868345148772,1989,12,6,"Winter",0.965992576166975,0.948977487192617,0.424642086029053,0.000446796417236328,5,43,39,FALSE,TRUE,TRUE,0.958845438027532
29,1633000,"1989-12-07",0.0136294303229079,0.944373439194611,0.999157217685985,1989,12,7,"Winter",0.965992576166975,0.948977487192617,0.424642086029053,0.000446796417236328,5,43,39,FALSE,TRUE,TRUE,0.958845438027532
29,1633000,"1989-12-08",0.0128788356669247,0.944928391121265,1.00058764033763,1989,12,8,"Winter",0.965992576166975,0.948977487192617,0.424642086029053,0.000446796417236328,5,43,39,FALSE,TRUE,TRUE,0.958845438027532
29,1633000,"1989-12-09",0.0121811694116332,0.945828468245519,1.00095253474518,1989,12,9,"Winter",0.965992576166975,0.948977487192617,0.424642086029053,0.000446796417236328,5,43,39,FALSE,TRUE,TRUE,0.958845438027532
29,1633000,"1989-12-10",0.0115259981830604,0.946214422734567,1.0004080597085,1989,12,10,"Winter",0.965992576166975,0.948977487192617,0.424642086029053,0.000446796417236328,5,43,39,FALSE,TRUE,TRUE,0.958845438027532
29,1633000,"1989-12-11",0.0109100041154306,0.946556119665617,1.0003611199775,1989,12,11,"Winter",0.965992576166975,0.948977487192617,0.424642086029053,0.000446796417236328,5,43,39,FALSE,TRUE,TRUE,0.958845438027532
29,1633000,"1989-12-12",0.0103292061830871,0.946764645897603,1.00022029991424,1989,12,12,"Winter",0.965992576166975,0.948977487192617,0.424642086029053,0.000446796417236328,5,43,39,FALSE,TRUE,TRUE,0.958845438027532
29,1633000,"1989-12-13",0.00978451184346341,0.947266582739383,1.00053016010257,1989,12,13,"Winter",0.965992576166975,0.948977487192617,0.424642086029053,0.000446796417236328,5,43,39,FALSE,TRUE,TRUE,0.958845438027532
29,1633000,"1989-12-14",0.00927330850390717,0.947753822803358,1.00051436424852,1989,12,14,"Winter",0.965992576166975,0.948977487192617,0.424642086029053,0.000446796417236328,5,43,39,FALSE,TRUE,TRUE,0.958845438027532
29,1633000,"1989-12-15",0.00879306212300435,0.948211969794763,1.00048340294746,1989,12,15,"Winter",0.965992576166975,0.948977487192617,0.424642086029053,0.000446796417236328,5,43,39,FALSE,TRUE,TRUE,0.958845438027532
29,1633000,"1989-12-16",0.0083413042302709,0.948623370742308,1.00043387023224,1989,12,16,"Winter",0.965992576166975,0.948977487192617,0.424642086029053,0.000446796417236328,5,43,39,FALSE,TRUE,TRUE,0.958845438027532
29,1633000,"1989-12-17",0.00791635690256953,0.949055049909435,1.00045505854108,1989,12,17,"Winter",0.965992576166975,0.948977487192617,0.424642086029053,0.000446796417236328,5,43,39,FALSE,TRUE,TRUE,0.958845438027532
29,1633000,"1989-12-18",0.0075166730384808,0.949511641654383,1.00048110143346,1989,12,18,"Winter",0.965992576166975,0.948977487192617,0.424642086029053,0.000446796417236328,5,43,39,FALSE,TRUE,TRUE,0.958845438027532
29,1633000,"1989-12-19",0.00714056668221019,0.949963720073339,1.00047611677322,1989,12,19,"Winter",0.965992576166975,0.948977487192617,0.424642086029053,0.000446796417236328,5,43,39,FALSE,TRUE,TRUE,0.958845438027532
29,1633000,"1989-12-20",0.00678654003422707,0.950420370855841,1.00048070339198,1989,12,20,"Winter",0.965992576166975,0.948977487192617,0.424642086029053,0.000446796417236328,5,43,39,FALSE,TRUE,TRUE,0.958845438027532
29,1633000,"1989-12-21",0.00645315399742685,0.950875404091212,1.00047877049916,1989,12,21,"Winter",0.965992576166975,0.948977487192617,0.424642086029053,0.000446796417236328,5,43,39,FALSE,TRUE,TRUE,0.958845438027532
29,1633000,"1989-12-22",0.00613909211824648,0.951332034024664,1.00048022057515,1989,12,22,"Winter",0.965992576166975,0.948977487192617,0.424642086029053,0.000446796417236328,5,43,39,FALSE,TRUE,TRUE,0.958845438027532
29,1633000,"1989-12-23",0.00584314804291353,0.951793511217505,1.00048508530811,1989,12,23,"Winter",0.965992576166975,0.948977487192617,0.424642086029053,0.000446796417236328,5,43,39,FALSE,TRUE,TRUE,0.958845438027532
29,1633000,"1989-12-24",0.00556417036568746,0.952255586341954,1.00048547833012,1989,12,24,"Winter",0.965992576166975,0.948977487192617,0.424642086029053,0.000446796417236328,5,43,39,FALSE,TRUE,TRUE,0.958845438027532
30,1633000,"1990-02-08",0.0370236146263778,0.934701235876575,1.00049983110469,1990,2,8,"Winter",0.961634342688049,0.669171326375057,0.480605065822601,1.71113097167108e-05,2,27,26,FALSE,TRUE,TRUE,0.974553307778015
30,1633000,"1990-02-09",0.0349367836024612,0.943635135440562,1.00955802690857,1990,2,9,"Winter",0.961634342688049,0.669171326375057,0.480605065822601,1.71113097167108e-05,2,27,26,FALSE,TRUE,TRUE,0.974553307778015
30,1633000,"1990-02-10",0.0440395410405472,1.26054938375737,1.33584405286992,1990,2,10,"Winter",0.961634342688049,0.669171326375057,0.480605065822601,1.71113097167108e-05,2,27,26,FALSE,TRUE,TRUE,0.974553307778015
30,1633000,"1990-02-11",0.0448001105105504,1.01727014977978,0.80700539216287,1990,2,11,"Winter",0.961634342688049,0.669171326375057,0.480605065822601,1.71113097167108e-05,2,27,26,FALSE,TRUE,TRUE,0.974553307778015
30,1633000,"1990-02-12",0.0427523874677718,0.954292009116888,0.938091036410997,1990,2,12,"Winter",0.961634342688049,0.669171326375057,0.480605065822601,1.71113097167108e-05,2,27,26,FALSE,TRUE,TRUE,0.974553307778015
30,1633000,"1990-02-13",0.0403783252695575,0.944469482552199,0.989707001137127,1990,2,13,"Winter",0.961634342688049,0.669171326375057,0.480605065822601,1.71113097167108e-05,2,27,26,FALSE,TRUE,TRUE,0.974553307778015
30,1633000,"1990-02-14",0.0378262209706009,0.936795191927369,0.991874495929618,1990,2,14,"Winter",0.961634342688049,0.669171326375057,0.480605065822601,1.71113097167108e-05,2,27,26,FALSE,TRUE,TRUE,0.974553307778015
30,1633000,"1990-02-15",0.0354244731133804,0.936505741372178,0.999691020451765,1990,2,15,"Winter",0.961634342688049,0.669171326375057,0.480605065822601,1.71113097167108e-05,2,27,26,FALSE,TRUE,TRUE,0.974553307778015
30,1633000,"1990-02-16",0.03314168471843,0.935559002172199,0.998989072721976,1990,2,16,"Winter",0.961634342688049,0.669171326375057,0.480605065822601,1.71113097167108e-05,2,27,26,FALSE,TRUE,TRUE,0.974553307778015
30,1633000,"1990-02-17",0.0310130779398605,0.935772523435244,1.00022822853775,1990,2,17,"Winter",0.961634342688049,0.669171326375057,0.480605065822601,1.71113097167108e-05,2,27,26,FALSE,TRUE,TRUE,0.974553307778015
30,1633000,"1990-02-18",0.0290085566230118,0.93536528941965,0.999564815160314,1990,2,18,"Winter",0.961634342688049,0.669171326375057,0.480605065822601,1.71113097167108e-05,2,27,26,FALSE,TRUE,TRUE,0.974553307778015
30,1633000,"1990-02-19",0.0271097271470353,0.934542435163072,0.999120285661778,1990,2,19,"Winter",0.961634342688049,0.669171326375057,0.480605065822601,1.71113097167108e-05,2,27,26,FALSE,TRUE,TRUE,0.974553307778015
30,1633000,"1990-02-20",0.0253169274656102,0.933868767040646,0.999279146567262,1990,2,20,"Winter",0.961634342688049,0.669171326375057,0.480605065822601,1.71113097167108e-05,2,27,26,FALSE,TRUE,TRUE,0.974553307778015
30,1633000,"1990-02-21",0.0236556348390877,0.934380164070891,1.0005476112365,1990,2,21,"Winter",0.961634342688049,0.669171326375057,0.480605065822601,1.71113097167108e-05,2,27,26,FALSE,TRUE,TRUE,0.974553307778015
30,1633000,"1990-02-22",0.0221702451817691,0.937207787175334,1.00302620198199,1990,2,22,"Winter",0.961634342688049,0.669171326375057,0.480605065822601,1.71113097167108e-05,2,27,26,FALSE,TRUE,TRUE,0.974553307778015
30,1633000,"1990-02-23",0.0237870254786685,1.07292568411597,1.14481089337689,1990,2,23,"Winter",0.961634342688049,0.669171326375057,0.480605065822601,1.71113097167108e-05,2,27,26,FALSE,TRUE,TRUE,0.974553307778015
30,1633000,"1990-02-24",0.0341622061096132,1.43616973632322,1.33855471780093,1990,2,24,"Winter",0.961634342688049,0.669171326375057,0.480605065822601,1.71113097167108e-05,2,27,26,FALSE,TRUE,TRUE,0.974553307778015
30,1633000,"1990-02-25",0.0328358103288338,0.961173591174893,0.669261833657363,1990,2,25,"Winter",0.961634342688049,0.669171326375057,0.480605065822601,1.71113097167108e-05,2,27,26,FALSE,TRUE,TRUE,0.974553307778015
30,1633000,"1990-02-26",0.0307237182278186,0.935677174406124,0.973473660738428,1990,2,26,"Winter",0.961634342688049,0.669171326375057,0.480605065822601,1.71113097167108e-05,2,27,26,FALSE,TRUE,TRUE,0.974553307778015
30,1633000,"1990-02-27",0.0288462068419904,0.938890489363743,1.00343421325807,1990,2,27,"Winter",0.961634342688049,0.669171326375057,0.480605065822601,1.71113097167108e-05,2,27,26,FALSE,TRUE,TRUE,0.974553307778015
30,1633000,"1990-02-28",0.0270348030608147,0.937204784285924,0.998204577533892,1990,2,28,"Winter",0.961634342688049,0.669171326375057,0.480605065822601,1.71113097167108e-05,2,27,26,FALSE,TRUE,TRUE,0.974553307778015
30,1633000,"1990-03-01",0.0253269454697147,0.936827444710502,0.999597377668414,1990,3,1,"Spring",0.961634342688049,0.669171326375057,0.480605065822601,1.71113097167108e-05,2,27,26,FALSE,TRUE,TRUE,0.974553307778015
30,1633000,"1990-03-02",0.0237411917187274,0.937388669593673,1.00059906964334,1990,3,2,"Spring",0.961634342688049,0.669171326375057,0.480605065822601,1.71113097167108e-05,2,27,26,FALSE,TRUE,TRUE,0.974553307778015
30,1633000,"1990-03-03",0.022254022595007,0.937359120749306,0.9999684774893,1990,3,3,"Spring",0.961634342688049,0.669171326375057,0.480605065822601,1.71113097167108e-05,2,27,26,FALSE,TRUE,TRUE,0.974553307778015
30,1633000,"1990-03-04",0.0208365324069746,0.936304091452193,0.99887446628111,1990,3,4,"Spring",0.961634342688049,0.669171326375057,0.480605065822601,1.71113097167108e-05,2,27,26,FALSE,TRUE,TRUE,0.974553307778015
30,1633000,"1990-03-05",0.0194975960766897,0.935740923483183,0.999398520230605,1990,3,5,"Spring",0.961634342688049,0.669171326375057,0.480605065822601,1.71113097167108e-05,2,27,26,FALSE,TRUE,TRUE,0.974553307778015
31,1633000,"1990-04-11",0.0341542998794466,0.927202597276675,0.998449525131819,1990,4,11,"Spring",0.961004077341481,0.730825803584512,0.338738322257996,0.284411430358887,2,30,29,FALSE,TRUE,TRUE,0.96834988984089
31,1633000,"1990-04-12",0.0316477071028203,0.926609745025552,0.999360601175121,1990,4,12,"Spring",0.961004077341481,0.730825803584512,0.338738322257996,0.284411430358887,2,30,29,FALSE,TRUE,TRUE,0.96834988984089
31,1633000,"1990-04-13",0.0293241755571216,0.92658136217737,0.999969369145604,1990,4,13,"Spring",0.961004077341481,0.730825803584512,0.338738322257996,0.284411430358887,2,30,29,FALSE,TRUE,TRUE,0.96834988984089
31,1633000,"1990-04-14",0.0271540521644056,0.925995416700163,0.999367626523558,1990,4,14,"Spring",0.961004077341481,0.730825803584512,0.338738322257996,0.284411430358887,2,30,29,FALSE,TRUE,TRUE,0.96834988984089
31,1633000,"1990-04-15",0.0259482265682891,0.955593161977603,1.03196316606287,1990,4,15,"Spring",0.961004077341481,0.730825803584512,0.338738322257996,0.284411430358887,2,30,29,FALSE,TRUE,TRUE,0.96834988984089
31,1633000,"1990-04-16",0.0244824411347508,0.943511151728204,0.987356533376197,1990,4,16,"Spring",0.961004077341481,0.730825803584512,0.338738322257996,0.284411430358887,2,30,29,FALSE,TRUE,TRUE,0.96834988984089
31,1633000,"1990-04-17",0.0227249566814862,0.928214492844424,0.983787516601408,1990,4,17,"Spring",0.961004077341481,0.730825803584512,0.338738322257996,0.284411430358887,2,30,29,FALSE,TRUE,TRUE,0.96834988984089
31,1633000,"1990-04-18",0.0210422530653886,0.925953495107498,0.99756414303552,1990,4,18,"Spring",0.961004077341481,0.730825803584512,0.338738322257996,0.284411430358887,2,30,29,FALSE,TRUE,TRUE,0.96834988984089
31,1633000,"1990-04-19",0.019504587049596,0.926924839701606,1.00104902092734,1990,4,19,"Spring",0.961004077341481,0.730825803584512,0.338738322257996,0.284411430358887,2,30,29,FALSE,TRUE,TRUE,0.96834988984089
31,1633000,"1990-04-20",0.0181104213115759,0.928521135337291,1.00172214139412,1990,4,20,"Spring",0.961004077341481,0.730825803584512,0.338738322257996,0.284411430358887,2,30,29,FALSE,TRUE,TRUE,0.96834988984089
31,1633000,"1990-04-21",0.0180411395267583,0.99617447967523,1.07286139406333,1990,4,21,"Spring",0.961004077341481,0.730825803584512,0.338738322257996,0.284411430358887,2,30,29,FALSE,TRUE,TRUE,0.96834988984089
31,1633000,"1990-04-22",0.0197409790707752,1.09422018722796,1.09842222377017,1990,4,22,"Spring",0.961004077341481,0.730825803584512,0.338738322257996,0.284411430358887,2,30,29,FALSE,TRUE,TRUE,0.96834988984089
31,1633000,"1990-04-23",0.0183711344143376,0.93060908217741,0.850476981726108,1990,4,23,"Spring",0.961004077341481,0.730825803584512,0.338738322257996,0.284411430358887,2,30,29,FALSE,TRUE,TRUE,0.96834988984089
31,1633000,"1990-04-24",0.0169927004026249,0.924967398276892,0.993937643626562,1990,4,24,"Spring",0.961004077341481,0.730825803584512,0.338738322257996,0.284411430358887,2,30,29,FALSE,TRUE,TRUE,0.96834988984089
31,1633000,"1990-04-25",0.0155438980436884,0.914739722080152,0.988942663043267,1990,4,25,"Spring",0.961004077341481,0.730825803584512,0.338738322257996,0.284411430358887,2,30,29,FALSE,TRUE,TRUE,0.96834988984089
31,1633000,"1990-04-26",0.0141500415629707,0.910327739103793,0.995176788686595,1990,4,26,"Spring",0.961004077341481,0.730825803584512,0.338738322257996,0.284411430358887,2,30,29,FALSE,TRUE,TRUE,0.96834988984089
31,1633000,"1990-04-27",0.0127643433515914,0.902071085430195,0.990930020783804,1990,4,27,"Spring",0.961004077341481,0.730825803584512,0.338738322257996,0.284411430358887,2,30,29,FALSE,TRUE,TRUE,0.96834988984089
31,1633000,"1990-04-28",0.0114627435978036,0.898028459597535,0.995518506359471,1990,4,28,"Spring",0.961004077341481,0.730825803584512,0.338738322257996,0.284411430358887,2,30,29,FALSE,TRUE,TRUE,0.96834988984089
31,1633000,"1990-04-29",0.0115247228823137,1.00540702005425,1.11957144487919,1990,4,29,"Spring",0.961004077341481,0.730825803584512,0.338738322257996,0.284411430358887,2,30,29,FALSE,TRUE,TRUE,0.96834988984089
31,1633000,"1990-04-30",0.0149820523802191,1.2999924191853,1.29300113611218,1990,4,30,"Spring",0.961004077341481,0.730825803584512,0.338738322257996,0.284411430358887,2,30,29,FALSE,TRUE,TRUE,0.96834988984089
31,1633000,"1990-05-01",0.0142215659143403,0.9492401677301,0.730189002428941,1990,5,1,"Spring",0.961004077341481,0.730825803584512,0.338738322257996,0.284411430358887,2,30,29,FALSE,TRUE,TRUE,0.96834988984089
31,1633000,"1990-05-02",0.0131180869648233,0.92240805575395,0.971733063045244,1990,5,2,"Spring",0.961004077341481,0.730825803584512,0.338738322257996,0.284411430358887,2,30,29,FALSE,TRUE,TRUE,0.96834988984089
31,1633000,"1990-05-03",0.0119449212215841,0.910568839314367,0.987164881783359,1990,5,3,"Spring",0.961004077341481,0.730825803584512,0.338738322257996,0.284411430358887,2,30,29,FALSE,TRUE,TRUE,0.96834988984089
31,1633000,"1990-05-04",0.0110091729729902,0.921661413144943,1.01218202660979,1990,5,4,"Spring",0.961004077341481,0.730825803584512,0.338738322257996,0.284411430358887,2,30,29,FALSE,TRUE,TRUE,0.96834988984089
31,1633000,"1990-05-05",0.0168604679056443,1.53149268768959,1.66166519054296,1990,5,5,"Spring",0.961004077341481,0.730825803584512,0.338738322257996,0.284411430358887,2,30,29,FALSE,TRUE,TRUE,0.96834988984089
31,1633000,"1990-05-06",0.0164372579311021,0.974899274628044,0.636568024427709,1990,5,6,"Spring",0.961004077341481,0.730825803584512,0.338738322257996,0.284411430358887,2,30,29,FALSE,TRUE,TRUE,0.96834988984089
31,1633000,"1990-05-07",0.0152401819359511,0.927173011449441,0.951044929029399,1990,5,7,"Spring",0.961004077341481,0.730825803584512,0.338738322257996,0.284411430358887,2,30,29,FALSE,TRUE,TRUE,0.96834988984089
31,1633000,"1990-05-08",0.0138825757312588,0.910919291488921,0.982469593312352,1990,5,8,"Spring",0.961004077341481,0.730825803584512,0.338738322257996,0.284411430358887,2,30,29,FALSE,TRUE,TRUE,0.96834988984089
31,1633000,"1990-05-09",0.012506521481555,0.900879038851164,0.988977889993584,1990,5,9,"Spring",0.961004077341481,0.730825803584512,0.338738322257996,0.284411430358887,2,30,29,FALSE,TRUE,TRUE,0.96834988984089
32,1633000,"1990-06-05",0.0283913358580321,0.918934491888455,0.994379166162622,1990,6,5,"Summer",0.894259969249931,0.999780167244264,0.452370345592499,1.05025570462658e-07,5,10,6,FALSE,TRUE,TRUE,0.913459315212123
32,1633000,"1990-06-06",0.0260202607605606,0.916485962149588,0.997335468675427,1990,6,6,"Summer",0.894259969249931,0.999780167244264,0.452370345592499,1.05025570462658e-07,5,10,6,FALSE,TRUE,TRUE,0.913459315212123
32,1633000,"1990-06-07",0.0236544054932892,0.90907641975451,0.991915269080937,1990,6,7,"Summer",0.894259969249931,0.999780167244264,0.452370345592499,1.05025570462658e-07,5,10,6,FALSE,TRUE,TRUE,0.913459315212123
32,1633000,"1990-06-08",0.0216051852912642,0.91336834896965,1.00472119738437,1990,6,8,"Summer",0.894259969249931,0.999780167244264,0.452370345592499,1.05025570462658e-07,5,10,6,FALSE,TRUE,TRUE,0.913459315212123
32,1633000,"1990-06-09",0.0198511658236384,0.918814884298401,1.00596313123276,1990,6,9,"Summer",0.894259969249931,0.999780167244264,0.452370345592499,1.05025570462658e-07,5,10,6,FALSE,TRUE,TRUE,0.913459315212123
32,1633000,"1990-06-10",0.0180466449819505,0.909097487889647,0.989423988906999,1990,6,10,"Summer",0.894259969249931,0.999780167244264,0.452370345592499,1.05025570462658e-07,5,10,6,FALSE,TRUE,TRUE,0.913459315212123
33,1633000,"1990-09-25",0.00651928666047752,0.916825865547963,0.978925577672788,1990,9,25,"Fall",0.914177910536596,0.996988080653052,0.474274337291718,0.000358992314431816,10,19,10,FALSE,TRUE,TRUE,0.886630476369518
33,1633000,"1990-09-26",0.00586600524547975,0.899792500465087,0.981421373760332,1990,9,26,"Fall",0.914177910536596,0.996988080653052,0.474274337291718,0.000358992314431816,10,19,10,FALSE,TRUE,TRUE,0.886630476369518
33,1633000,"1990-09-27",0.00521519035100937,0.889053134589013,0.988064619486689,1990,9,27,"Fall",0.914177910536596,0.996988080653052,0.474274337291718,0.000358992314431816,10,19,10,FALSE,TRUE,TRUE,0.886630476369518
33,1633000,"1990-09-28",0.00455927972507197,0.874230741010163,0.983327887836871,1990,9,28,"Fall",0.914177910536596,0.996988080653052,0.474274337291718,0.000358992314431816,10,19,10,FALSE,TRUE,TRUE,0.886630476369518
33,1633000,"1990-09-29",0.00393592326145153,0.863277425117714,0.98747090970538,1990,9,29,"Fall",0.914177910536596,0.996988080653052,0.474274337291718,0.000358992314431816,10,19,10,FALSE,TRUE,TRUE,0.886630476369518
33,1633000,"1990-09-30",0.00343632961448748,0.873068245039968,1.0113414525127,1990,9,30,"Fall",0.914177910536596,0.996988080653052,0.474274337291718,0.000358992314431816,10,19,10,FALSE,TRUE,TRUE,0.886630476369518
33,1633000,"1990-10-01",0.00312304818362463,0.908832543437608,1.04096392074826,1990,10,1,"Fall",0.914177910536596,0.996988080653052,0.474274337291718,0.000358992314431816,10,19,10,FALSE,TRUE,TRUE,0.886630476369518
33,1633000,"1990-10-02",0.00288421762525104,0.923526457380365,1.01616790029017,1990,10,2,"Fall",0.914177910536596,0.996988080653052,0.474274337291718,0.000358992314431816,10,19,10,FALSE,TRUE,TRUE,0.886630476369518
33,1633000,"1990-10-03",0.00250809406134067,0.869592515967782,0.941600004004682,1990,10,3,"Fall",0.914177910536596,0.996988080653052,0.474274337291718,0.000358992314431816,10,19,10,FALSE,TRUE,TRUE,0.886630476369518
33,1633000,"1990-10-04",0.0022252699782257,0.887235456008458,1.02028874411487,1990,10,4,"Fall",0.914177910536596,0.996988080653052,0.474274337291718,0.000358992314431816,10,19,10,FALSE,TRUE,TRUE,0.886630476369518
34,1633000,"1990-11-01",0.0492127893958241,0.926832400741995,0.996872988049475,1990,11,1,"Fall",0.946418012594921,0.936124849116101,0.527098298072815,0.527098298072815,1,32,32,FALSE,TRUE,TRUE,0.945818530627824
34,1633000,"1990-11-02",0.0455044413683936,0.92464666049299,0.997641709280712,1990,11,2,"Fall",0.946418012594921,0.936124849116101,0.527098298072815,0.527098298072815,1,32,32,FALSE,TRUE,TRUE,0.945818530627824
34,1633000,"1990-11-03",0.0419917985564098,0.922806594118006,0.998009978888582,1990,11,3,"Fall",0.946418012594921,0.936124849116101,0.527098298072815,0.527098298072815,1,32,32,FALSE,TRUE,TRUE,0.945818530627824
34,1633000,"1990-11-04",0.0386938168667257,0.921461289988478,0.998542160255352,1990,11,4,"Fall",0.946418012594921,0.936124849116101,0.527098298072815,0.527098298072815,1,32,32,FALSE,TRUE,TRUE,0.945818530627824
34,1633000,"1990-11-05",0.0356608310248703,0.921615749299119,1.00016762430752,1990,11,5,"Fall",0.946418012594921,0.936124849116101,0.527098298072815,0.527098298072815,1,32,32,FALSE,TRUE,TRUE,0.945818530627824
34,1633000,"1990-11-06",0.035188372596167,0.98675133430363,1.07067542525618,1990,11,6,"Fall",0.946418012594921,0.936124849116101,0.527098298072815,0.527098298072815,1,32,32,FALSE,TRUE,TRUE,0.945818530627824
34,1633000,"1990-11-07",0.0328034239355475,0.932223388447372,0.944739931976135,1990,11,7,"Fall",0.946418012594921,0.936124849116101,0.527098298072815,0.527098298072815,1,32,32,FALSE,TRUE,TRUE,0.945818530627824
34,1633000,"1990-11-08",0.0303607379319146,0.92553563894939,0.992826022624126,1990,11,8,"Fall",0.946418012594921,0.936124849116101,0.527098298072815,0.527098298072815,1,32,32,FALSE,TRUE,TRUE,0.945818530627824
34,1633000,"1990-11-09",0.0281108660856262,0.925895350391881,1.00038865217864,1990,11,9,"Fall",0.946418012594921,0.936124849116101,0.527098298072815,0.527098298072815,1,32,32,FALSE,TRUE,TRUE,0.945818530627824
34,1633000,"1990-11-10",0.038755432702601,1.37866377309583,1.4890060442709,1990,11,10,"Fall",0.946418012594921,0.936124849116101,0.527098298072815,0.527098298072815,1,32,32,FALSE,TRUE,TRUE,0.945818530627824
34,1633000,"1990-11-11",0.0386505043134093,0.997292550182659,0.723376191965362,1990,11,11,"Fall",0.946418012594921,0.936124849116101,0.527098298072815,0.527098298072815,1,32,32,FALSE,TRUE,TRUE,0.945818530627824
34,1633000,"1990-11-12",0.0358552952529862,0.92767988128286,0.930198346626524,1990,11,12,"Fall",0.946418012594921,0.936124849116101,0.527098298072815,0.527098298072815,1,32,32,FALSE,TRUE,TRUE,0.945818530627824
34,1633000,"1990-11-13",0.0332763341721148,0.928073076440315,1.00042384788696,1990,11,13,"Fall",0.946418012594921,0.936124849116101,0.527098298072815,0.527098298072815,1,32,32,FALSE,TRUE,TRUE,0.945818530627824
34,1633000,"1990-11-14",0.0308702795300633,0.927694720530012,0.999592320992918,1990,11,14,"Fall",0.946418012594921,0.936124849116101,0.527098298072815,0.527098298072815,1,32,32,FALSE,TRUE,TRUE,0.945818530627824
34,1633000,"1990-11-15",0.0286162060219795,0.926982406949419,0.999232168120796,1990,11,15,"Fall",0.946418012594921,0.936124849116101,0.527098298072815,0.527098298072815,1,32,32,FALSE,TRUE,TRUE,0.945818530627824
34,1633000,"1990-11-16",0.0264978602062911,0.925973910934897,0.998912065636886,1990,11,16,"Fall",0.946418012594921,0.936124849116101,0.527098298072815,0.527098298072815,1,32,32,FALSE,TRUE,TRUE,0.945818530627824
34,1633000,"1990-11-17",0.0245637915795669,0.927010384549278,1.0011193334954,1990,11,17,"Fall",0.946418012594921,0.936124849116101,0.527098298072815,0.527098298072815,1,32,32,FALSE,TRUE,TRUE,0.945818530627824
34,1633000,"1990-11-18",0.0228301691240631,0.929423662064212,1.00260329070219,1990,11,18,"Fall",0.946418012594921,0.936124849116101,0.527098298072815,0.527098298072815,1,32,32,FALSE,TRUE,TRUE,0.945818530627824
34,1633000,"1990-11-19",0.0212339224526659,0.930081697480078,1.0007080037261,1990,11,19,"Fall",0.946418012594921,0.936124849116101,0.527098298072815,0.527098298072815,1,32,32,FALSE,TRUE,TRUE,0.945818530627824
34,1633000,"1990-11-20",0.0197355962009169,0.929437142144181,0.999306990624971,1990,11,20,"Fall",0.946418012594921,0.936124849116101,0.527098298072815,0.527098298072815,1,32,32,FALSE,TRUE,TRUE,0.945818530627824
34,1633000,"1990-11-21",0.0183108053752221,0.927806040861912,0.998245065525889,1990,11,21,"Fall",0.946418012594921,0.936124849116101,0.527098298072815,0.527098298072815,1,32,32,FALSE,TRUE,TRUE,0.945818530627824
34,1633000,"1990-11-22",0.0169797479175031,0.927307541615829,0.999462711790903,1990,11,22,"Fall",0.946418012594921,0.936124849116101,0.527098298072815,0.527098298072815,1,32,32,FALSE,TRUE,TRUE,0.945818530627824
34,1633000,"1990-11-23",0.0157770297955722,0.929167492487261,1.00200575406536,1990,11,23,"Fall",0.946418012594921,0.936124849116101,0.527098298072815,0.527098298072815,1,32,32,FALSE,TRUE,TRUE,0.945818530627824
34,1633000,"1990-11-24",0.0146988958586007,0.931664327763772,1.00268717459091,1990,11,24,"Fall",0.946418012594921,0.936124849116101,0.527098298072815,0.527098298072815,1,32,32,FALSE,TRUE,TRUE,0.945818530627824
34,1633000,"1990-11-25",0.0136921780067496,0.931510648042174,0.999835048185255,1990,11,25,"Fall",0.946418012594921,0.936124849116101,0.527098298072815,0.527098298072815,1,32,32,FALSE,TRUE,TRUE,0.945818530627824
34,1633000,"1990-11-26",0.0127077508368529,0.928102952692305,0.996341753734075,1990,11,26,"Fall",0.946418012594921,0.936124849116101,0.527098298072815,0.527098298072815,1,32,32,FALSE,TRUE,TRUE,0.945818530627824
34,1633000,"1990-11-27",0.0117541012878064,0.924955284275726,0.996608492185649,1990,11,27,"Fall",0.946418012594921,0.936124849116101,0.527098298072815,0.527098298072815,1,32,32,FALSE,TRUE,TRUE,0.945818530627824
34,1633000,"1990-11-28",0.010841918818187,0.92239453725265,0.997231491006529,1990,11,28,"Fall",0.946418012594921,0.936124849116101,0.527098298072815,0.527098298072815,1,32,32,FALSE,TRUE,TRUE,0.945818530627824
34,1633000,"1990-11-29",0.0100092426582705,0.923198450949507,1.0008715508,1990,11,29,"Fall",0.946418012594921,0.936124849116101,0.527098298072815,0.527098298072815,1,32,32,FALSE,TRUE,TRUE,0.945818530627824
34,1633000,"1990-11-30",0.00928617519093677,0.927760022209444,1.00494105168314,1990,11,30,"Fall",0.946418012594921,0.936124849116101,0.527098298072815,0.527098298072815,1,32,32,FALSE,TRUE,TRUE,0.945818530627824
34,1633000,"1990-12-01",0.00862235386739485,0.928515097993218,1.00081386971383,1990,12,1,"Winter",0.946418012594921,0.936124849116101,0.527098298072815,0.527098298072815,1,32,32,FALSE,TRUE,TRUE,0.945818530627824
34,1633000,"1990-12-02",0.0079828095913399,0.925827182937439,0.997105146635107,1990,12,2,"Winter",0.946418012594921,0.936124849116101,0.527098298072815,0.527098298072815,1,32,32,FALSE,TRUE,TRUE,0.945818530627824
35,1633000,"1991-04-25",0.0209759536082856,0.917660573419684,0.996883892984873,1991,4,25,"Spring",0.915246572757147,0.99789939067221,0.324423611164093,0.194126665592194,8,21,14,FALSE,TRUE,TRUE,0.911314989151735
35,1633000,"1991-04-26",0.0192301515489817,0.916771266188615,0.999030897418034,1991,4,26,"Spring",0.915246572757147,0.99789939067221,0.324423611164093,0.194126665592194,8,21,14,FALSE,TRUE,TRUE,0.911314989151735
35,1633000,"1991-04-27",0.0176130866748281,0.915909925616825,0.999060462949095,1991,4,27,"Spring",0.915246572757147,0.99789939067221,0.324423611164093,0.194126665592194,8,21,14,FALSE,TRUE,TRUE,0.911314989151735
35,1633000,"1991-04-28",0.0162344084237702,0.921724211291811,1.00634809768119,1991,4,28,"Spring",0.915246572757147,0.99789939067221,0.324423611164093,0.194126665592194,8,21,14,FALSE,TRUE,TRUE,0.911314989151735
35,1633000,"1991-04-29",0.0150427477783523,0.926596608000015,1.00528617632966,1991,4,29,"Spring",0.915246572757147,0.99789939067221,0.324423611164093,0.194126665592194,8,21,14,FALSE,TRUE,TRUE,0.911314989151735
35,1633000,"1991-04-30",0.0138557150494307,0.921089368351316,0.99405648628416,1991,4,30,"Spring",0.915246572757147,0.99789939067221,0.324423611164093,0.194126665592194,8,21,14,FALSE,TRUE,TRUE,0.911314989151735
35,1633000,"1991-05-01",0.0125598591403104,0.906474988515765,0.984133591877508,1991,5,1,"Spring",0.915246572757147,0.99789939067221,0.324423611164093,0.194126665592194,8,21,14,FALSE,TRUE,TRUE,0.911314989151735
35,1633000,"1991-05-02",0.0113623828801792,0.904658464179111,0.997996056857974,1991,5,2,"Spring",0.915246572757147,0.99789939067221,0.324423611164093,0.194126665592194,8,21,14,FALSE,TRUE,TRUE,0.911314989151735
35,1633000,"1991-05-03",0.0102907857508399,0.905689049503105,1.00113919823315,1991,5,3,"Spring",0.915246572757147,0.99789939067221,0.324423611164093,0.194126665592194,8,21,14,FALSE,TRUE,TRUE,0.911314989151735
35,1633000,"1991-05-04",0.00927100933040492,0.90090393045529,0.994716598317668,1991,5,4,"Spring",0.915246572757147,0.99789939067221,0.324423611164093,0.194126665592194,8,21,14,FALSE,TRUE,TRUE,0.911314989151735
35,1633000,"1991-05-05",0.00829074167995714,0.894265271933992,0.99263111382149,1991,5,5,"Spring",0.915246572757147,0.99789939067221,0.324423611164093,0.194126665592194,8,21,14,FALSE,TRUE,TRUE,0.911314989151735
35,1633000,"1991-05-06",0.00749999770778231,0.904623252936894,1.01158267163892,1991,5,6,"Spring",0.915246572757147,0.99789939067221,0.324423611164093,0.194126665592194,8,21,14,FALSE,TRUE,TRUE,0.911314989151735
35,1633000,"1991-05-07",0.006982974242419,0.931063516882568,1.02922792870937,1991,5,7,"Spring",0.915246572757147,0.99789939067221,0.324423611164093,0.194126665592194,8,21,14,FALSE,TRUE,TRUE,0.911314989151735
35,1633000,"1991-05-08",0.00645980107947253,0.925078749429091,0.993572116891105,1991,5,8,"Spring",0.915246572757147,0.99789939067221,0.324423611164093,0.194126665592194,8,21,14,FALSE,TRUE,TRUE,0.911314989151735
37,1633000,"1991-12-06",0.0235795907210559,0.935927136773984,0.999907060920951,1991,12,6,"Winter",0.953100430737511,0.891767480251781,0.785797119140625,0.785797119140625,1,21,21,FALSE,TRUE,TRUE,0.951652292398166
37,1633000,"1991-12-07",0.022075716056861,0.936221341498859,1.00031434575761,1991,12,7,"Winter",0.953100430737511,0.891767480251781,0.785797119140625,0.785797119140625,1,21,21,FALSE,TRUE,TRUE,0.951652292398166
37,1633000,"1991-12-08",0.0206741018337198,0.936508776452322,1.00030701602359,1991,12,8,"Winter",0.953100430737511,0.891767480251781,0.785797119140625,0.785797119140625,1,21,21,FALSE,TRUE,TRUE,0.951652292398166
37,1633000,"1991-12-09",0.020593068911694,0.996080462277031,1.0636103871342,1991,12,9,"Winter",0.953100430737511,0.891767480251781,0.785797119140625,0.785797119140625,1,21,21,FALSE,TRUE,TRUE,0.951652292398166
37,1633000,"1991-12-10",0.0263564756605774,1.27987119227337,1.28490743543709,1991,12,10,"Winter",0.953100430737511,0.891767480251781,0.785797119140625,0.785797119140625,1,21,21,FALSE,TRUE,TRUE,0.951652292398166
37,1633000,"1991-12-11",0.0248838573461398,0.944126888078582,0.737673364146574,1991,12,11,"Winter",0.953100430737511,0.891767480251781,0.785797119140625,0.785797119140625,1,21,21,FALSE,TRUE,TRUE,0.951652292398166
37,1633000,"1991-12-12",0.0232673809514381,0.93503915521552,0.990374458160432,1991,12,12,"Winter",0.953100430737511,0.891767480251781,0.785797119140625,0.785797119140625,1,21,21,FALSE,TRUE,TRUE,0.951652292398166
37,1633000,"1991-12-13",0.0217633591964841,0.93535921562925,1.0003422962685,1991,12,13,"Winter",0.953100430737511,0.891767480251781,0.785797119140625,0.785797119140625,1,21,21,FALSE,TRUE,TRUE,0.951652292398166
37,1633000,"1991-12-14",0.0203633325872943,0.935670472717466,1.00033276743631,1991,12,14,"Winter",0.953100430737511,0.891767480251781,0.785797119140625,0.785797119140625,1,21,21,FALSE,TRUE,TRUE,0.951652292398166
37,1633000,"1991-12-15",0.0190595323219895,0.935973138988151,1.00032347528271,1991,12,15,"Winter",0.953100430737511,0.891767480251781,0.785797119140625,0.785797119140625,1,21,21,FALSE,TRUE,TRUE,0.951652292398166
37,1633000,"1991-12-16",0.0178448198130354,0.936267454603141,1.00031444878355,1991,12,16,"Winter",0.953100430737511,0.891767480251781,0.785797119140625,0.785797119140625,1,21,21,FALSE,TRUE,TRUE,0.951652292398166
37,1633000,"1991-12-17",0.0167126306332648,0.936553622192161,1.00030564726736,1991,12,17,"Winter",0.953100430737511,0.891767480251781,0.785797119140625,0.785797119140625,1,21,21,FALSE,TRUE,TRUE,0.951652292398166
37,1633000,"1991-12-18",0.0156569246901199,0.936831850932936,1.00029707721393,1991,12,18,"Winter",0.953100430737511,0.891767480251781,0.785797119140625,0.785797119140625,1,21,21,FALSE,TRUE,TRUE,0.951652292398166
37,1633000,"1991-12-19",0.0146721409400925,0.937102351226812,1.00028873942918,1991,12,19,"Winter",0.953100430737511,0.891767480251781,0.785797119140625,0.785797119140625,1,21,21,FALSE,TRUE,TRUE,0.951652292398166
37,1633000,"1991-12-20",0.0137488525360823,0.937072005525295,0.999967617516403,1991,12,20,"Winter",0.953100430737511,0.891767480251781,0.785797119140625,0.785797119140625,1,21,21,FALSE,TRUE,TRUE,0.951652292398166
37,1633000,"1991-12-21",0.0128427718300372,0.934097721706802,0.996825981567099,1991,12,21,"Winter",0.953100430737511,0.891767480251781,0.785797119140625,0.785797119140625,1,21,21,FALSE,TRUE,TRUE,0.951652292398166
37,1633000,"1991-12-22",0.0119648964027874,0.931644395861911,0.997373587593803,1991,12,22,"Winter",0.953100430737511,0.891767480251781,0.785797119140625,0.785797119140625,1,21,21,FALSE,TRUE,TRUE,0.951652292398166
37,1633000,"1991-12-23",0.0111858862801455,0.93489202944871,1.00348591544287,1991,12,23,"Winter",0.953100430737511,0.891767480251781,0.785797119140625,0.785797119140625,1,21,21,FALSE,TRUE,TRUE,0.951652292398166
37,1633000,"1991-12-24",0.0105389913660474,0.942168649144387,1.00778337975559,1991,12,24,"Winter",0.953100430737511,0.891767480251781,0.785797119140625,0.785797119140625,1,21,21,FALSE,TRUE,TRUE,0.951652292398166
37,1633000,"1991-12-25",0.00991137084201909,0.940447761818055,0.998173482711513,1991,12,25,"Winter",0.953100430737511,0.891767480251781,0.785797119140625,0.785797119140625,1,21,21,FALSE,TRUE,TRUE,0.951652292398166
37,1633000,"1991-12-26",0.00930506928125396,0.938827678791442,0.998277328000142,1991,12,26,"Winter",0.953100430737511,0.891767480251781,0.785797119140625,0.785797119140625,1,21,21,FALSE,TRUE,TRUE,0.951652292398166
38,1633000,"1992-01-14",0.0261032500420697,1.05531237727696,1.13585680984529,1992,1,14,"Winter",0.947412659010178,0.990766781789372,0.60216760635376,0.00026547908782959,8,16,9,FALSE,TRUE,TRUE,0.936291711401139
38,1633000,"1992-01-15",0.0259428340941667,0.993854560346148,0.941763388496029,1992,1,15,"Winter",0.947412659010178,0.990766781789372,0.60216760635376,0.00026547908782959,8,16,9,FALSE,TRUE,TRUE,0.936291711401139
38,1633000,"1992-01-16",0.0241575959953479,0.93118569496537,0.936943625474787,1992,1,16,"Winter",0.947412659010178,0.990766781789372,0.60216760635376,0.00026547908782959,8,16,9,FALSE,TRUE,TRUE,0.936291711401139
38,1633000,"1992-01-17",0.0225054792244919,0.931610878368269,1.00045660431125,1992,1,17,"Winter",0.947412659010178,0.990766781789372,0.60216760635376,0.00026547908782959,8,16,9,FALSE,TRUE,TRUE,0.936291711401139
38,1633000,"1992-01-18",0.0209756613476202,0.932024647793021,1.00044414404593,1992,1,18,"Winter",0.947412659010178,0.990766781789372,0.60216760635376,0.00026547908782959,8,16,9,FALSE,TRUE,TRUE,0.936291711401139
38,1633000,"1992-01-19",0.0195582790765911,0.932427290489705,1.00043200863586,1992,1,19,"Winter",0.947412659010178,0.990766781789372,0.60216760635376,0.00026547908782959,8,16,9,FALSE,TRUE,TRUE,0.936291711401139
38,1633000,"1992-01-20",0.0182443360681646,0.932819088873765,1.00042019188848,1992,1,20,"Winter",0.947412659010178,0.990766781789372,0.60216760635376,0.00026547908782959,8,16,9,FALSE,TRUE,TRUE,0.936291711401139
38,1633000,"1992-01-21",0.0170256195706315,0.933200282379164,1.00040864676757,1992,1,21,"Winter",0.947412659010178,0.990766781789372,0.60216760635376,0.00026547908782959,8,16,9,FALSE,TRUE,TRUE,0.936291711401139
38,1633000,"1992-01-22",0.0158946279552765,0.933571191893308,1.00039745971058,1992,1,22,"Winter",0.947412659010178,0.990766781789372,0.60216760635376,0.00026547908782959,8,16,9,FALSE,TRUE,TRUE,0.936291711401139
39,1633000,"1992-01-28",0.0151376310968772,0.933908313048963,1.00038703718551,1992,1,28,"Winter",0.945574717400925,0.981014975479975,0.36331582069397,0.141726016998291,2,19,18,FALSE,TRUE,TRUE,0.944438105302529
39,1633000,"1992-01-29",0.0143329806160182,0.946844359219127,1.01385151624567,1992,1,29,"Winter",0.945574717400925,0.981014975479975,0.36331582069397,0.141726016998291,2,19,18,FALSE,TRUE,TRUE,0.944438105302529
39,1633000,"1992-01-30",0.0140836998471059,0.982607890459735,1.03777128827182,1992,1,30,"Winter",0.945574717400925,0.981014975479975,0.36331582069397,0.141726016998291,2,19,18,FALSE,TRUE,TRUE,0.944438105302529
39,1633000,"1992-01-31",0.0139005899545737,0.986998452500402,1.00446827476483,1992,1,31,"Winter",0.945574717400925,0.981014975479975,0.36331582069397,0.141726016998291,2,19,18,FALSE,TRUE,TRUE,0.944438105302529
39,1633000,"1992-02-01",0.0138378657284193,0.995487657260637,1.00860103147956,1992,2,1,"Winter",0.945574717400925,0.981014975479975,0.36331582069397,0.141726016998291,2,19,18,FALSE,TRUE,TRUE,0.944438105302529
39,1633000,"1992-02-02",0.0131022240966558,0.9468385048532,0.951130330896007,1992,2,2,"Winter",0.945574717400925,0.981014975479975,0.36331582069397,0.141726016998291,2,19,18,FALSE,TRUE,TRUE,0.944438105302529
39,1633000,"1992-02-03",0.0122518849093467,0.935099630334809,0.987602030907888,1992,2,3,"Winter",0.945574717400925,0.981014975479975,0.36331582069397,0.141726016998291,2,19,18,FALSE,TRUE,TRUE,0.944438105302529
39,1633000,"1992-02-04",0.0114606424467638,0.935418715696614,1.00034123140621,1992,2,4,"Winter",0.945574717400925,0.981014975479975,0.36331582069397,0.141726016998291,2,19,18,FALSE,TRUE,TRUE,0.944438105302529
39,1633000,"1992-02-05",0.0107240570359863,0.935729134365807,1.00033184996621,1992,2,5,"Winter",0.945574717400925,0.981014975479975,0.36331582069397,0.141726016998291,2,19,18,FALSE,TRUE,TRUE,0.944438105302529
39,1633000,"1992-02-06",0.0100380498333834,0.936031000180164,1.00032259956783,1992,2,6,"Winter",0.945574717400925,0.981014975479975,0.36331582069397,0.141726016998291,2,19,18,FALSE,TRUE,TRUE,0.944438105302529
39,1633000,"1992-02-07",0.00939887296408415,0.936324596917864,1.0003136613399,1992,2,7,"Winter",0.945574717400925,0.981014975479975,0.36331582069397,0.141726016998291,2,19,18,FALSE,TRUE,TRUE,0.944438105302529
39,1633000,"1992-02-08",0.00880307945772074,0.936610111803818,1.00030493152363,1992,2,8,"Winter",0.945574717400925,0.981014975479975,0.36331582069397,0.141726016998291,2,19,18,FALSE,TRUE,TRUE,0.944438105302529
39,1633000,"1992-02-09",0.00824749752064236,0.936887774358198,1.0002964547904,1992,2,9,"Winter",0.945574717400925,0.981014975479975,0.36331582069397,0.141726016998291,2,19,18,FALSE,TRUE,TRUE,0.944438105302529
39,1633000,"1992-02-10",0.00772920640883967,0.93715777294804,1.00028818669347,1992,2,10,"Winter",0.945574717400925,0.981014975479975,0.36331582069397,0.141726016998291,2,19,18,FALSE,TRUE,TRUE,0.944438105302529
39,1633000,"1992-02-11",0.00724551515304483,0.937420321025241,1.00028015355021,1992,2,11,"Winter",0.945574717400925,0.981014975479975,0.36331582069397,0.141726016998291,2,19,18,FALSE,TRUE,TRUE,0.944438105302529
39,1633000,"1992-02-12",0.00679394279723056,0.937675603973513,1.00027232495664,1992,2,12,"Winter",0.945574717400925,0.981014975479975,0.36331582069397,0.141726016998291,2,19,18,FALSE,TRUE,TRUE,0.944438105302529
39,1633000,"1992-02-13",0.00637220108183101,0.937923864243976,1.00026476136247,1992,2,13,"Winter",0.945574717400925,0.981014975479975,0.36331582069397,0.141726016998291,2,19,18,FALSE,TRUE,TRUE,0.944438105302529
39,1633000,"1992-02-14",0.00597817639936693,0.938165058289269,1.00025715738184,1992,2,14,"Winter",0.945574717400925,0.981014975479975,0.36331582069397,0.141726016998291,2,19,18,FALSE,TRUE,TRUE,0.944438105302529
40,1633000,"1992-04-07",0.0153897541458718,0.92369457717345,0.996126357277213,1992,4,7,"Spring",0.935390200003107,0.998905357397595,0.38107442855835,2.07771950044844e-06,17,30,14,FALSE,TRUE,TRUE,0.915768970175841
40,1633000,"1992-04-08",0.0141690070158802,0.920677931666692,0.996734152628687,1992,4,8,"Spring",0.935390200003107,0.998905357397595,0.38107442855835,2.07771950044844e-06,17,30,14,FALSE,TRUE,TRUE,0.915768970175841
40,1633000,"1992-04-09",0.0130508212605491,0.921082278096282,1.00043918336226,1992,4,9,"Spring",0.935390200003107,0.998905357397595,0.38107442855835,2.07771950044844e-06,17,30,14,FALSE,TRUE,TRUE,0.915768970175841
40,1633000,"1992-04-10",0.0120002673356794,0.919502849368918,0.998285246861304,1992,4,10,"Spring",0.935390200003107,0.998905357397595,0.38107442855835,2.07771950044844e-06,17,30,14,FALSE,TRUE,TRUE,0.915768970175841
40,1633000,"1992-04-11",0.010971230774885,0.914248863628664,0.994286058228247,1992,4,11,"Spring",0.935390200003107,0.998905357397595,0.38107442855835,2.07771950044844e-06,17,30,14,FALSE,TRUE,TRUE,0.915768970175841
40,1633000,"1992-04-12",0.0100828280264977,0.919024331306474,1.00522337830299,1992,4,12,"Spring",0.935390200003107,0.998905357397595,0.38107442855835,2.07771950044844e-06,17,30,14,FALSE,TRUE,TRUE,0.915768970175841
40,1633000,"1992-04-13",0.00930829925346188,0.923183379603382,1.00452550401032,1992,4,13,"Spring",0.935390200003107,0.998905357397595,0.38107442855835,2.07771950044844e-06,17,30,14,FALSE,TRUE,TRUE,0.915768970175841
40,1633000,"1992-04-14",0.00855789150227793,0.919382936586953,0.995883328166001,1992,4,14,"Spring",0.935390200003107,0.998905357397595,0.38107442855835,2.07771950044844e-06,17,30,14,FALSE,TRUE,TRUE,0.915768970175841
40,1633000,"1992-04-15",0.00780009699519723,0.911450792887596,0.991372317906178,1992,4,15,"Spring",0.935390200003107,0.998905357397595,0.38107442855835,2.07771950044844e-06,17,30,14,FALSE,TRUE,TRUE,0.915768970175841
40,1633000,"1992-04-16",0.00704257003962993,0.902882367227775,0.99059913521752,1992,4,16,"Spring",0.935390200003107,0.998905357397595,0.38107442855835,2.07771950044844e-06,17,30,14,FALSE,TRUE,TRUE,0.915768970175841
40,1633000,"1992-04-17",0.0063460893870797,0.901104192271998,0.998030557445443,1992,4,17,"Spring",0.935390200003107,0.998905357397595,0.38107442855835,2.07771950044844e-06,17,30,14,FALSE,TRUE,TRUE,0.915768970175841
40,1633000,"1992-04-18",0.00578852923354134,0.912141144013268,1.0122482525727,1992,4,18,"Spring",0.935390200003107,0.998905357397595,0.38107442855835,2.07771950044844e-06,17,30,14,FALSE,TRUE,TRUE,0.915768970175841
40,1633000,"1992-04-19",0.00537426832306664,0.928434168031098,1.01786239347361,1992,4,19,"Spring",0.935390200003107,0.998905357397595,0.38107442855835,2.07771950044844e-06,17,30,14,FALSE,TRUE,TRUE,0.915768970175841
40,1633000,"1992-04-20",0.00503484479850158,0.936842839962374,1.00905683162125,1992,4,20,"Spring",0.935390200003107,0.998905357397595,0.38107442855835,2.07771950044844e-06,17,30,14,FALSE,TRUE,TRUE,0.915768970175841
41,1633000,"1992-04-27",0.0353909896221012,0.948556957065243,0.995408984439341,1992,4,27,"Spring",0.976427647362437,0.411971888376559,0.378594577312469,0.0114624667912722,3,37,35,FALSE,TRUE,TRUE,0.982179727974858
41,1633000,"1992-04-28",0.0333625723142177,0.942685487759947,0.99381010358781,1992,4,28,"Spring",0.976427647362437,0.411971888376559,0.378594577312469,0.0114624667912722,3,37,35,FALSE,TRUE,TRUE,0.982179727974858
41,1633000,"1992-04-29",0.0312670993153006,0.937190904250986,0.994171350275034,1992,4,29,"Spring",0.976427647362437,0.411971888376559,0.378594577312469,0.0114624667912722,3,37,35,FALSE,TRUE,TRUE,0.982179727974858
41,1633000,"1992-04-30",0.0292156800860539,0.93439048475332,0.997011900686441,1992,4,30,"Spring",0.976427647362437,0.411971888376559,0.378594577312469,0.0114624667912722,3,37,35,FALSE,TRUE,TRUE,0.982179727974858
41,1633000,"1992-05-01",0.0272737578488886,0.93353150666199,0.999080707578528,1992,5,1,"Spring",0.976427647362437,0.411971888376559,0.378594577312469,0.0114624667912722,3,37,35,FALSE,TRUE,TRUE,0.982179727974858
41,1633000,"1992-05-02",0.0252636341610923,0.926298249807253,0.992251727121025,1992,5,2,"Spring",0.976427647362437,0.411971888376559,0.378594577312469,0.0114624667912722,3,37,35,FALSE,TRUE,TRUE,0.982179727974858
41,1633000,"1992-05-03",0.0234036311740056,0.926376269731165,1.00008422764906,1992,5,3,"Spring",0.976427647362437,0.411971888376559,0.378594577312469,0.0114624667912722,3,37,35,FALSE,TRUE,TRUE,0.982179727974858
41,1633000,"1992-05-04",0.0218189327279106,0.932288351567636,1.00638194438874,1992,5,4,"Spring",0.976427647362437,0.411971888376559,0.378594577312469,0.0114624667912722,3,37,35,FALSE,TRUE,TRUE,0.982179727974858
41,1633000,"1992-05-05",0.0203148380387574,0.93106469927243,0.998687474435191,1992,5,5,"Spring",0.976427647362437,0.411971888376559,0.378594577312469,0.0114624667912722,3,37,35,FALSE,TRUE,TRUE,0.982179727974858
41,1633000,"1992-05-06",0.0188899014028721,0.929857346971369,0.998703256280682,1992,5,6,"Spring",0.976427647362437,0.411971888376559,0.378594577312469,0.0114624667912722,3,37,35,FALSE,TRUE,TRUE,0.982179727974858
41,1633000,"1992-05-07",0.0175415407284163,0.928620025817035,0.998669343035935,1992,5,7,"Spring",0.976427647362437,0.411971888376559,0.378594577312469,0.0114624667912722,3,37,35,FALSE,TRUE,TRUE,0.982179727974858
41,1633000,"1992-05-08",0.0252935874741525,1.4419250774921,1.55276112662274,1992,5,8,"Spring",0.976427647362437,0.411971888376559,0.378594577312469,0.0114624667912722,3,37,35,FALSE,TRUE,TRUE,0.982179727974858
41,1633000,"1992-05-09",0.0394989410415292,1.56161877321251,1.08300964979997,1992,5,9,"Spring",0.976427647362437,0.411971888376559,0.378594577312469,0.0114624667912722,3,37,35,FALSE,TRUE,TRUE,0.982179727974858
41,1633000,"1992-05-10",0.0377741508418694,0.956333254660009,0.612398666732645,1992,5,10,"Spring",0.976427647362437,0.411971888376559,0.378594577312469,0.0114624667912722,3,37,35,FALSE,TRUE,TRUE,0.982179727974858
41,1633000,"1992-05-11",0.035486793727614,0.93944649811373,0.982342184103718,1992,5,11,"Spring",0.976427647362437,0.411971888376559,0.378594577312469,0.0114624667912722,3,37,35,FALSE,TRUE,TRUE,0.982179727974858
41,1633000,"1992-05-12",0.0332278959685936,0.936345397210044,0.996699012759203,1992,5,12,"Spring",0.976427647362437,0.411971888376559,0.378594577312469,0.0114624667912722,3,37,35,FALSE,TRUE,TRUE,0.982179727974858
41,1633000,"1992-05-13",0.0308638735441491,0.928854284764856,0.9919996269886,1992,5,13,"Spring",0.976427647362437,0.411971888376559,0.378594577312469,0.0114624667912722,3,37,35,FALSE,TRUE,TRUE,0.982179727974858
41,1633000,"1992-05-14",0.0286671912763268,0.928826747404855,0.999970353412314,1992,5,14,"Spring",0.976427647362437,0.411971888376559,0.378594577312469,0.0114624667912722,3,37,35,FALSE,TRUE,TRUE,0.982179727974858
41,1633000,"1992-05-15",0.0269922378938645,0.941572462878656,1.01372238203671,1992,5,15,"Spring",0.976427647362437,0.411971888376559,0.378594577312469,0.0114624667912722,3,37,35,FALSE,TRUE,TRUE,0.982179727974858
41,1633000,"1992-05-16",0.0282725049182773,1.04743093290178,1.11242732152498,1992,5,16,"Spring",0.976427647362437,0.411971888376559,0.378594577312469,0.0114624667912722,3,37,35,FALSE,TRUE,TRUE,0.982179727974858
41,1633000,"1992-05-17",0.0266076268162578,0.941113173140058,0.898496639327634,1992,5,17,"Spring",0.976427647362437,0.411971888376559,0.378594577312469,0.0114624667912722,3,37,35,FALSE,TRUE,TRUE,0.982179727974858
41,1633000,"1992-05-18",0.025196620146744,0.946969841419614,1.00622312857445,1992,5,18,"Spring",0.976427647362437,0.411971888376559,0.378594577312469,0.0114624667912722,3,37,35,FALSE,TRUE,TRUE,0.982179727974858
41,1633000,"1992-05-19",0.0278649888932705,1.10590185235107,1.16783217794265,1992,5,19,"Spring",0.976427647362437,0.411971888376559,0.378594577312469,0.0114624667912722,3,37,35,FALSE,TRUE,TRUE,0.982179727974858
41,1633000,"1992-05-20",0.0261179418303072,0.937303148777312,0.847546413621308,1992,5,20,"Spring",0.976427647362437,0.411971888376559,0.378594577312469,0.0114624667912722,3,37,35,FALSE,TRUE,TRUE,0.982179727974858
41,1633000,"1992-05-21",0.0243019348708913,0.930468986751909,0.992708696184028,1992,5,21,"Spring",0.976427647362437,0.411971888376559,0.378594577312469,0.0114624667912722,3,37,35,FALSE,TRUE,TRUE,0.982179727974858
41,1633000,"1992-05-22",0.0223984151962213,0.92167209381546,0.990545742994448,1992,5,22,"Spring",0.976427647362437,0.411971888376559,0.378594577312469,0.0114624667912722,3,37,35,FALSE,TRUE,TRUE,0.982179727974858
41,1633000,"1992-05-23",0.0204734622384422,0.914058519724917,0.991739389592425,1992,5,23,"Spring",0.976427647362437,0.411971888376559,0.378594577312469,0.0114624667912722,3,37,35,FALSE,TRUE,TRUE,0.982179727974858
41,1633000,"1992-05-24",0.0187966474913992,0.918098134672382,1.00441942705012,1992,5,24,"Spring",0.976427647362437,0.411971888376559,0.378594577312469,0.0114624667912722,3,37,35,FALSE,TRUE,TRUE,0.982179727974858
41,1633000,"1992-05-25",0.017480865586549,0.929999117903753,1.01296264830733,1992,5,25,"Spring",0.976427647362437,0.411971888376559,0.378594577312469,0.0114624667912722,3,37,35,FALSE,TRUE,TRUE,0.982179727974858
41,1633000,"1992-05-26",0.0171012788196094,0.978285585169667,1.05192098179056,1992,5,26,"Spring",0.976427647362437,0.411971888376559,0.378594577312469,0.0114624667912722,3,37,35,FALSE,TRUE,TRUE,0.982179727974858
41,1633000,"1992-05-27",0.0177937626140192,1.04049310006078,1.06358829756275,1992,5,27,"Spring",0.976427647362437,0.411971888376559,0.378594577312469,0.0114624667912722,3,37,35,FALSE,TRUE,TRUE,0.982179727974858
41,1633000,"1992-05-28",0.0166393682011403,0.935123647655646,0.898731233874611,1992,5,28,"Spring",0.976427647362437,0.411971888376559,0.378594577312469,0.0114624667912722,3,37,35,FALSE,TRUE,TRUE,0.982179727974858
41,1633000,"1992-05-29",0.0154670748161152,0.929547001373238,0.994036461064386,1992,5,29,"Spring",0.976427647362437,0.411971888376559,0.378594577312469,0.0114624667912722,3,37,35,FALSE,TRUE,TRUE,0.982179727974858
41,1633000,"1992-05-30",0.0143538673873991,0.928027281050179,0.99836509577158,1992,5,30,"Spring",0.976427647362437,0.411971888376559,0.378594577312469,0.0114624667912722,3,37,35,FALSE,TRUE,TRUE,0.982179727974858
41,1633000,"1992-05-31",0.0133724141051061,0.931624470548298,1.00387616783641,1992,5,31,"Spring",0.976427647362437,0.411971888376559,0.378594577312469,0.0114624667912722,3,37,35,FALSE,TRUE,TRUE,0.982179727974858
43,1633000,"1992-08-04",0.015947719628457,0.911159711146065,1.00533478589037,1992,8,4,"Summer",0.896157978046684,0.97494360171298,0.387013971805573,0.387013971805573,1,17,17,FALSE,TRUE,TRUE,0.899958158390653
43,1633000,"1992-08-05",0.014550898806192,0.912412504432764,1.00137494368043,1992,8,5,"Summer",0.896157978046684,0.97494360171298,0.387013971805573,0.387013971805573,1,17,17,FALSE,TRUE,TRUE,0.899958158390653
43,1633000,"1992-08-06",0.0129395713447593,0.889262685220037,0.974627902291718,1992,8,6,"Summer",0.896157978046684,0.97494360171298,0.387013971805573,0.387013971805573,1,17,17,FALSE,TRUE,TRUE,0.899958158390653
43,1633000,"1992-08-07",0.0113513933902141,0.877261934554851,0.986504830502118,1992,8,7,"Summer",0.896157978046684,0.97494360171298,0.387013971805573,0.387013971805573,1,17,17,FALSE,TRUE,TRUE,0.899958158390653
43,1633000,"1992-08-08",0.00997373374411836,0.878635194928283,1.00156539377732,1992,8,8,"Summer",0.896157978046684,0.97494360171298,0.387013971805573,0.387013971805573,1,17,17,FALSE,TRUE,TRUE,0.899958158390653
43,1633000,"1992-08-09",0.00906099699204787,0.908485951651884,1.03397400524803,1992,8,9,"Summer",0.896157978046684,0.97494360171298,0.387013971805573,0.387013971805573,1,17,17,FALSE,TRUE,TRUE,0.899958158390653
43,1633000,"1992-08-10",0.00813371455296874,0.897662206499689,0.988085952091484,1992,8,10,"Summer",0.896157978046684,0.97494360171298,0.387013971805573,0.387013971805573,1,17,17,FALSE,TRUE,TRUE,0.899958158390653
43,1633000,"1992-08-11",0.00713787725544535,0.877566726612023,0.977613539099495,1992,8,11,"Summer",0.896157978046684,0.97494360171298,0.387013971805573,0.387013971805573,1,17,17,FALSE,TRUE,TRUE,0.899958158390653
43,1633000,"1992-08-12",0.00663947415887378,0.930174885510767,1.05994775930241,1992,8,12,"Summer",0.896157978046684,0.97494360171298,0.387013971805573,0.387013971805573,1,17,17,FALSE,TRUE,TRUE,0.899958158390653
43,1633000,"1992-08-13",0.00595064926892519,0.896253095732293,0.96353181503084,1992,8,13,"Summer",0.896157978046684,0.97494360171298,0.387013971805573,0.387013971805573,1,17,17,FALSE,TRUE,TRUE,0.899958158390653
43,1633000,"1992-08-14",0.00575611180101987,0.96730819459967,1.0792801711991,1992,8,14,"Summer",0.896157978046684,0.97494360171298,0.387013971805573,0.387013971805573,1,17,17,FALSE,TRUE,TRUE,0.899958158390653
43,1633000,"1992-08-15",0.00547710926912259,0.951529341065293,0.983687873603814,1992,8,15,"Summer",0.896157978046684,0.97494360171298,0.387013971805573,0.387013971805573,1,17,17,FALSE,TRUE,TRUE,0.899958158390653
43,1633000,"1992-08-16",0.00514924516028259,0.940139206152349,0.988029654555695,1992,8,16,"Summer",0.896157978046684,0.97494360171298,0.387013971805573,0.387013971805573,1,17,17,FALSE,TRUE,TRUE,0.899958158390653
43,1633000,"1992-08-17",0.00467183317232411,0.90728505380927,0.965053949321463,1992,8,17,"Summer",0.896157978046684,0.97494360171298,0.387013971805573,0.387013971805573,1,17,17,FALSE,TRUE,TRUE,0.899958158390653
43,1633000,"1992-08-18",0.00381309664226137,0.816188528488156,0.899594372310398,1992,8,18,"Summer",0.896157978046684,0.97494360171298,0.387013971805573,0.387013971805573,1,17,17,FALSE,TRUE,TRUE,0.899958158390653
43,1633000,"1992-08-19",0.00304663584392983,0.798992559003964,0.978931375676102,1992,8,19,"Summer",0.896157978046684,0.97494360171298,0.387013971805573,0.387013971805573,1,17,17,FALSE,TRUE,TRUE,0.899958158390653
43,1633000,"1992-08-20",0.00236666609271197,0.776812922170317,0.972240496380472,1992,8,20,"Summer",0.896157978046684,0.97494360171298,0.387013971805573,0.387013971805573,1,17,17,FALSE,TRUE,TRUE,0.899958158390653
44,1633000,"1992-10-11",0.00814784353133291,0.941857302611585,0.79601271981695,1992,10,11,"Fall",0.925620865209057,0.994564703491522,0.392314374446869,0.0109803667291999,12,27,16,FALSE,TRUE,TRUE,0.893901927933913
44,1633000,"1992-10-12",0.00758779246825725,0.931263890755639,0.988752636066448,1992,10,12,"Fall",0.925620865209057,0.994564703491522,0.392314374446869,0.0109803667291999,12,27,16,FALSE,TRUE,TRUE,0.893901927933913
44,1633000,"1992-10-13",0.00692398764658719,0.912516739954735,0.979869131631752,1992,10,13,"Fall",0.925620865209057,0.994564703491522,0.392314374446869,0.0109803667291999,12,27,16,FALSE,TRUE,TRUE,0.893901927933913
44,1633000,"1992-10-14",0.00623316181008704,0.900227170849928,0.986532226131636,1992,10,14,"Fall",0.925620865209057,0.994564703491522,0.392314374446869,0.0109803667291999,12,27,16,FALSE,TRUE,TRUE,0.893901927933913
44,1633000,"1992-10-15",0.00552776563563384,0.886831724260444,0.985119926366101,1992,10,15,"Fall",0.925620865209057,0.994564703491522,0.392314374446869,0.0109803667291999,12,27,16,FALSE,TRUE,TRUE,0.893901927933913
44,1633000,"1992-10-16",0.0048466073203599,0.876775109479505,0.988660064242372,1992,10,16,"Fall",0.925620865209057,0.994564703491522,0.392314374446869,0.0109803667291999,12,27,16,FALSE,TRUE,TRUE,0.893901927933913
44,1633000,"1992-10-17",0.00430455853347666,0.888159128426565,1.01298396683936,1992,10,17,"Fall",0.925620865209057,0.994564703491522,0.392314374446869,0.0109803667291999,12,27,16,FALSE,TRUE,TRUE,0.893901927933913
44,1633000,"1992-10-18",0.00388439270318486,0.902390494397006,1.01602344165021,1992,10,18,"Fall",0.925620865209057,0.994564703491522,0.392314374446869,0.0109803667291999,12,27,16,FALSE,TRUE,TRUE,0.893901927933913
44,1633000,"1992-10-19",0.00356584957626183,0.917994098109119,1.01729140966023,1992,10,19,"Fall",0.925620865209057,0.994564703491522,0.392314374446869,0.0109803667291999,12,27,16,FALSE,TRUE,TRUE,0.893901927933913
44,1633000,"1992-10-20",0.00327873395872302,0.919481848182784,1.00162065320107,1992,10,20,"Fall",0.925620865209057,0.994564703491522,0.392314374446869,0.0109803667291999,12,27,16,FALSE,TRUE,TRUE,0.893901927933913
44,1633000,"1992-10-21",0.00291093057603575,0.887821522783593,0.965567209987057,1992,10,21,"Fall",0.925620865209057,0.994564703491522,0.392314374446869,0.0109803667291999,12,27,16,FALSE,TRUE,TRUE,0.893901927933913
44,1633000,"1992-10-22",0.00251752280018991,0.86485154297922,0.974127705608717,1992,10,22,"Fall",0.925620865209057,0.994564703491522,0.392314374446869,0.0109803667291999,12,27,16,FALSE,TRUE,TRUE,0.893901927933913
44,1633000,"1992-10-23",0.00215973502781708,0.857881020046435,0.991940208710535,1992,10,23,"Fall",0.925620865209057,0.994564703491522,0.392314374446869,0.0109803667291999,12,27,16,FALSE,TRUE,TRUE,0.893901927933913
44,1633000,"1992-10-24",0.00179938857036177,0.833152468791728,0.971174847470843,1992,10,24,"Fall",0.925620865209057,0.994564703491522,0.392314374446869,0.0109803667291999,12,27,16,FALSE,TRUE,TRUE,0.893901927933913
44,1633000,"1992-10-25",0.00172585951804649,0.959136645899392,1.1512138315936,1992,10,25,"Fall",0.925620865209057,0.994564703491522,0.392314374446869,0.0109803667291999,12,27,16,FALSE,TRUE,TRUE,0.893901927933913
44,1633000,"1992-10-26",0.00167838949710131,0.972494852304714,1.01392732355961,1992,10,26,"Fall",0.925620865209057,0.994564703491522,0.392314374446869,0.0109803667291999,12,27,16,FALSE,TRUE,TRUE,0.893901927933913
46,1633000,"1993-01-19",0.0350270851049572,0.928275557408841,1.00080484729913,1993,1,19,"Winter",0.953092660048428,0.898399624005945,0.49821937084198,0.0345197916030884,4,28,25,FALSE,TRUE,TRUE,0.947510029239699
46,1633000,"1993-01-20",0.0325407787458971,0.929017605900976,1.00079938385344,1993,1,20,"Winter",0.953092660048428,0.898399624005945,0.49821937084198,0.0345197916030884,4,28,25,FALSE,TRUE,TRUE,0.947510029239699
46,1633000,"1993-01-21",0.0302549524931237,0.929755023055139,1.00079376014995,1993,1,21,"Winter",0.953092660048428,0.898399624005945,0.49821937084198,0.0345197916030884,4,28,25,FALSE,TRUE,TRUE,0.947510029239699
46,1633000,"1993-01-22",0.0346040792064741,1.14374924946052,1.23016194707097,1993,1,22,"Winter",0.953092660048428,0.898399624005945,0.49821937084198,0.0345197916030884,4,28,25,FALSE,TRUE,TRUE,0.947510029239699
46,1633000,"1993-01-23",0.0398889963980764,1.15272526571415,1.00784788821314,1993,1,23,"Winter",0.953092660048428,0.898399624005945,0.49821937084198,0.0345197916030884,4,28,25,FALSE,TRUE,TRUE,0.947510029239699
46,1633000,"1993-01-24",0.0396228103199974,0.993326829398699,0.861720358652242,1993,1,24,"Winter",0.953092660048428,0.898399624005945,0.49821937084198,0.0345197916030884,4,28,25,FALSE,TRUE,TRUE,0.947510029239699
46,1633000,"1993-01-25",0.0391887059668079,0.98904407966816,0.995688478752626,1993,1,25,"Winter",0.953092660048428,0.898399624005945,0.49821937084198,0.0345197916030884,4,28,25,FALSE,TRUE,TRUE,0.947510029239699
46,1633000,"1993-01-26",0.0363490616437048,0.927539216898148,0.937813830511328,1993,1,26,"Winter",0.953092660048428,0.898399624005945,0.49821937084198,0.0345197916030884,4,28,25,FALSE,TRUE,TRUE,0.947510029239699
46,1633000,"1993-01-27",0.0337427500635385,0.928297692916713,1.00081772932588,1993,1,27,"Winter",0.953092660048428,0.898399624005945,0.49821937084198,0.0345197916030884,4,28,25,FALSE,TRUE,TRUE,0.947510029239699
46,1633000,"1993-01-28",0.0313487290404737,0.929050802955988,1.00081128074003,1993,1,28,"Winter",0.953092660048428,0.898399624005945,0.49821937084198,0.0345197916030884,4,28,25,FALSE,TRUE,TRUE,0.947510029239699
46,1633000,"1993-01-29",0.0291480243904516,0.929799238521574,1.00080559164602,1993,1,29,"Winter",0.953092660048428,0.898399624005945,0.49821937084198,0.0345197916030884,4,28,25,FALSE,TRUE,TRUE,0.947510029239699
46,1633000,"1993-01-30",0.0271234574029222,0.930541879600163,1.00079871121401,1993,1,30,"Winter",0.953092660048428,0.898399624005945,0.49821937084198,0.0345197916030884,4,28,25,FALSE,TRUE,TRUE,0.947510029239699
46,1633000,"1993-01-31",0.0252595010679215,0.931278807590367,1.00079193425504,1993,1,31,"Winter",0.953092660048428,0.898399624005945,0.49821937084198,0.0345197916030884,4,28,25,FALSE,TRUE,TRUE,0.947510029239699
46,1633000,"1993-02-01",0.023542120878119,0.93201052605178,1.00078571363962,1993,2,1,"Winter",0.953092660048428,0.898399624005945,0.49821937084198,0.0345197916030884,4,28,25,FALSE,TRUE,TRUE,0.947510029239699
46,1633000,"1993-02-02",0.0219586105085909,0.932737140475739,1.00077962040519,1993,2,2,"Winter",0.953092660048428,0.898399624005945,0.49821937084198,0.0345197916030884,4,28,25,FALSE,TRUE,TRUE,0.947510029239699
46,1633000,"1993-02-03",0.0204974583466537,0.93345880599478,1.00077370728335,1993,2,3,"Winter",0.953092660048428,0.898399624005945,0.49821937084198,0.0345197916030884,4,28,25,FALSE,TRUE,TRUE,0.947510029239699
46,1633000,"1993-02-04",0.0191414229338989,0.933843728826201,1.00041236188351,1993,2,4,"Winter",0.953092660048428,0.898399624005945,0.49821937084198,0.0345197916030884,4,28,25,FALSE,TRUE,TRUE,0.947510029239699
46,1633000,"1993-02-05",0.0178536664461717,0.932724098298534,0.998801051510969,1993,2,5,"Winter",0.953092660048428,0.898399624005945,0.49821937084198,0.0345197916030884,4,28,25,FALSE,TRUE,TRUE,0.947510029239699
46,1633000,"1993-02-06",0.0166401981259696,0.932032542230995,0.999258563096203,1993,2,6,"Winter",0.953092660048428,0.898399624005945,0.49821937084198,0.0345197916030884,4,28,25,FALSE,TRUE,TRUE,0.947510029239699
46,1633000,"1993-02-07",0.0155314677977003,0.933370364951427,1.00143538198487,1993,2,7,"Winter",0.953092660048428,0.898399624005945,0.49821937084198,0.0345197916030884,4,28,25,FALSE,TRUE,TRUE,0.947510029239699
46,1633000,"1993-02-08",0.0144918121513911,0.933061339736146,0.999668914691439,1993,2,8,"Winter",0.953092660048428,0.898399624005945,0.49821937084198,0.0345197916030884,4,28,25,FALSE,TRUE,TRUE,0.947510029239699
46,1633000,"1993-02-09",0.0135117128374986,0.932368753910576,0.99925772744398,1993,2,9,"Winter",0.953092660048428,0.898399624005945,0.49821937084198,0.0345197916030884,4,28,25,FALSE,TRUE,TRUE,0.947510029239699
46,1633000,"1993-02-10",0.0125917122350074,0.931910882539041,0.999508916006016,1993,2,10,"Winter",0.953092660048428,0.898399624005945,0.49821937084198,0.0345197916030884,4,28,25,FALSE,TRUE,TRUE,0.947510029239699
46,1633000,"1993-02-11",0.0117036085284781,0.929469186560644,0.997379903997104,1993,2,11,"Winter",0.953092660048428,0.898399624005945,0.49821937084198,0.0345197916030884,4,28,25,FALSE,TRUE,TRUE,0.947510029239699
46,1633000,"1993-02-12",0.0108946844702587,0.93088250890731,1.00152056933904,1993,2,12,"Winter",0.953092660048428,0.898399624005945,0.49821937084198,0.0345197916030884,4,28,25,FALSE,TRUE,TRUE,0.947510029239699
47,1633000,"1993-05-03",0.0441470514051616,0.904012336629131,0.996349166368243,1993,5,3,"Spring",0.901682562264033,0.999294743660704,0.324423611164093,0.162805452942848,2,15,14,FALSE,TRUE,TRUE,0.901600178920014
47,1633000,"1993-05-04",0.0399457114981487,0.904833057400484,1.00090786457009,1993,5,4,"Spring",0.901682562264033,0.999294743660704,0.324423611164093,0.162805452942848,2,15,14,FALSE,TRUE,TRUE,0.901600178920014
47,1633000,"1993-05-05",0.036266507813707,0.907894901693959,1.00338387757657,1993,5,5,"Spring",0.901682562264033,0.999294743660704,0.324423611164093,0.162805452942848,2,15,14,FALSE,TRUE,TRUE,0.901600178920014
47,1633000,"1993-05-06",0.032997356611304,0.909857568332856,1.00216177735466,1993,5,6,"Spring",0.901682562264033,0.999294743660704,0.324423611164093,0.162805452942848,2,15,14,FALSE,TRUE,TRUE,0.901600178920014
47,1633000,"1993-05-07",0.0299986405298114,0.909122536183237,0.999192145919096,1993,5,7,"Spring",0.901682562264033,0.999294743660704,0.324423611164093,0.162805452942848,2,15,14,FALSE,TRUE,TRUE,0.901600178920014
47,1633000,"1993-05-08",0.0271179969422519,0.903974195607404,0.994337022380452,1993,5,8,"Spring",0.901682562264033,0.999294743660704,0.324423611164093,0.162805452942848,2,15,14,FALSE,TRUE,TRUE,0.901600178920014
47,1633000,"1993-05-09",0.0243911829893477,0.899446335999264,0.994991162767541,1993,5,9,"Spring",0.901682562264033,0.999294743660704,0.324423611164093,0.162805452942848,2,15,14,FALSE,TRUE,TRUE,0.901600178920014
47,1633000,"1993-05-10",0.0218213064945303,0.894639120376417,0.994655361381282,1993,5,10,"Spring",0.901682562264033,0.999294743660704,0.324423611164093,0.162805452942848,2,15,14,FALSE,TRUE,TRUE,0.901600178920014
47,1633000,"1993-05-11",0.0194240158889443,0.890139914116191,0.994970926088797,1993,5,11,"Spring",0.901682562264033,0.999294743660704,0.324423611164093,0.162805452942848,2,15,14,FALSE,TRUE,TRUE,0.901600178920014
47,1633000,"1993-05-12",0.0173204194870777,0.891701262298501,1.00175404805194,1993,5,12,"Spring",0.901682562264033,0.999294743660704,0.324423611164093,0.162805452942848,2,15,14,FALSE,TRUE,TRUE,0.901600178920014
47,1633000,"1993-05-13",0.0156813655048609,0.905368690207549,1.01532736184966,1993,5,13,"Spring",0.901682562264033,0.999294743660704,0.324423611164093,0.162805452942848,2,15,14,FALSE,TRUE,TRUE,0.901600178920014
47,1633000,"1993-05-14",0.0143843987607397,0.917292486823349,1.01317010047373,1993,5,14,"Spring",0.901682562264033,0.999294743660704,0.324423611164093,0.162805452942848,2,15,14,FALSE,TRUE,TRUE,0.901600178920014
47,1633000,"1993-05-15",0.0130291873938404,0.905786026274648,0.98745606149185,1993,5,15,"Spring",0.901682562264033,0.999294743660704,0.324423611164093,0.162805452942848,2,15,14,FALSE,TRUE,TRUE,0.901600178920014
47,1633000,"1993-05-16",0.0115615016547963,0.887354007991477,0.979650803005894,1993,5,16,"Spring",0.901682562264033,0.999294743660704,0.324423611164093,0.162805452942848,2,15,14,FALSE,TRUE,TRUE,0.901600178920014
49,1633000,"1993-12-29",0.0356153990142047,0.933937020951524,1.00039776109663,1993,12,29,"Winter",0.964760027677148,0.869322600225083,0.453608512878418,0.0569624900817871,6,31,26,FALSE,TRUE,TRUE,0.96869402352065
49,1633000,"1993-12-30",0.0332801608601585,0.93443178460208,1.0005297612574,1993,12,30,"Winter",0.964760027677148,0.869322600225083,0.453608512878418,0.0569624900817871,6,31,26,FALSE,TRUE,TRUE,0.96869402352065
49,1633000,"1993-12-31",0.0311193726956844,0.935072784847597,1.00068597864079,1993,12,31,"Winter",0.964760027677148,0.869322600225083,0.453608512878418,0.0569624900817871,6,31,26,FALSE,TRUE,TRUE,0.96869402352065
49,1633000,"1994-01-01",0.029110983829014,0.935461781755358,1.00041600708957,1994,1,1,"Winter",0.964760027677148,0.869322600225083,0.453608512878418,0.0569624900817871,6,31,26,FALSE,TRUE,TRUE,0.96869402352065
49,1633000,"1994-01-02",0.0291337136877701,1.00078080008871,1.06982542697873,1994,1,2,"Winter",0.964760027677148,0.869322600225083,0.453608512878418,0.0569624900817871,6,31,26,FALSE,TRUE,TRUE,0.96869402352065
49,1633000,"1994-01-03",0.0306143721099943,1.05082285211191,1.05000300966881,1994,1,3,"Winter",0.964760027677148,0.869322600225083,0.453608512878418,0.0569624900817871,6,31,26,FALSE,TRUE,TRUE,0.96869402352065
49,1633000,"1994-01-04",0.029378188890405,0.959620820732568,0.91320893793274,1994,1,4,"Winter",0.964760027677148,0.869322600225083,0.453608512878418,0.0569624900817871,6,31,26,FALSE,TRUE,TRUE,0.96869402352065
49,1633000,"1994-01-05",0.0274478289065882,0.934292750617884,0.973606168637161,1994,1,5,"Winter",0.964760027677148,0.869322600225083,0.453608512878418,0.0569624900817871,6,31,26,FALSE,TRUE,TRUE,0.96869402352065
49,1633000,"1994-01-06",0.025661465828307,0.934917873309372,1.00066908652676,1994,1,6,"Winter",0.964760027677148,0.869322600225083,0.453608512878418,0.0569624900817871,6,31,26,FALSE,TRUE,TRUE,0.96869402352065
49,1633000,"1994-01-07",0.0275722143705934,1.07445983620229,1.14925585110377,1994,1,7,"Winter",0.964760027677148,0.869322600225083,0.453608512878418,0.0569624900817871,6,31,26,FALSE,TRUE,TRUE,0.96869402352065
49,1633000,"1994-01-08",0.0314880997175351,1.1420228819604,1.06288094117777,1994,1,8,"Winter",0.964760027677148,0.869322600225083,0.453608512878418,0.0569624900817871,6,31,26,FALSE,TRUE,TRUE,0.96869402352065
49,1633000,"1994-01-09",0.0302751164417714,0.961478041334827,0.841907860623905,1994,1,9,"Winter",0.964760027677148,0.869322600225083,0.453608512878418,0.0569624900817871,6,31,26,FALSE,TRUE,TRUE,0.96869402352065
49,1633000,"1994-01-10",0.0283234530361369,0.935535725869524,0.973018296466462,1994,1,10,"Winter",0.964760027677148,0.869322600225083,0.453608512878418,0.0569624900817871,6,31,26,FALSE,TRUE,TRUE,0.96869402352065
49,1633000,"1994-01-11",0.0264503987273201,0.933869139951719,0.998218575868649,1994,1,11,"Winter",0.964760027677148,0.869322600225083,0.453608512878418,0.0569624900817871,6,31,26,FALSE,TRUE,TRUE,0.96869402352065
49,1633000,"1994-01-12",0.0246976509224623,0.933734541285104,0.999855869884915,1994,1,12,"Winter",0.964760027677148,0.869322600225083,0.453608512878418,0.0569624900817871,6,31,26,FALSE,TRUE,TRUE,0.96869402352065
49,1633000,"1994-01-13",0.0235938248806633,0.955306436014321,1.02310281324661,1994,1,13,"Winter",0.964760027677148,0.869322600225083,0.453608512878418,0.0569624900817871,6,31,26,FALSE,TRUE,TRUE,0.96869402352065
49,1633000,"1994-01-14",0.0238673012936488,1.01159101647862,1.05891782818833,1994,1,14,"Winter",0.964760027677148,0.869322600225083,0.453608512878418,0.0569624900817871,6,31,26,FALSE,TRUE,TRUE,0.96869402352065
49,1633000,"1994-01-15",0.0233030621893704,0.97635932536585,0.965172000799875,1994,1,15,"Winter",0.964760027677148,0.869322600225083,0.453608512878418,0.0569624900817871,6,31,26,FALSE,TRUE,TRUE,0.96869402352065
49,1633000,"1994-01-16",0.0219023610698059,0.939891971785433,0.962649659164415,1994,1,16,"Winter",0.964760027677148,0.869322600225083,0.453608512878418,0.0569624900817871,6,31,26,FALSE,TRUE,TRUE,0.96869402352065
49,1633000,"1994-01-17",0.0204829024150968,0.935191523407675,0.994998948263353,1994,1,17,"Winter",0.964760027677148,0.869322600225083,0.453608512878418,0.0569624900817871,6,31,26,FALSE,TRUE,TRUE,0.96869402352065
49,1633000,"1994-01-18",0.0191734026302584,0.936068641137828,1.00093790171125,1994,1,18,"Winter",0.964760027677148,0.869322600225083,0.453608512878418,0.0569624900817871,6,31,26,FALSE,TRUE,TRUE,0.96869402352065
49,1633000,"1994-01-19",0.0179650136851706,0.93697576959132,1.00096908326337,1994,1,19,"Winter",0.964760027677148,0.869322600225083,0.453608512878418,0.0569624900817871,6,31,26,FALSE,TRUE,TRUE,0.96869402352065
49,1633000,"1994-01-20",0.0168457903782837,0.937699835552548,1.00077276914166,1994,1,20,"Winter",0.964760027677148,0.869322600225083,0.453608512878418,0.0569624900817871,6,31,26,FALSE,TRUE,TRUE,0.96869402352065
49,1633000,"1994-01-21",0.0158074376522563,0.938361293669786,1.0007054049624,1994,1,21,"Winter",0.964760027677148,0.869322600225083,0.453608512878418,0.0569624900817871,6,31,26,FALSE,TRUE,TRUE,0.96869402352065
49,1633000,"1994-01-22",0.0148434774018824,0.939018563819144,1.00070044465153,1994,1,22,"Winter",0.964760027677148,0.869322600225083,0.453608512878418,0.0569624900817871,6,31,26,FALSE,TRUE,TRUE,0.96869402352065
49,1633000,"1994-01-23",0.0139477085322142,0.939652357367779,1.0006749531618,1994,1,23,"Winter",0.964760027677148,0.869322600225083,0.453608512878418,0.0569624900817871,6,31,26,FALSE,TRUE,TRUE,0.96869402352065
51,1633000,"1994-05-19",0.0250433812616393,0.911708122774468,0.997148499847487,1994,5,19,"Spring",0.894541702740464,0.998530986530615,0.59150505065918,6.86423106799339e-07,8,17,10,FALSE,TRUE,TRUE,0.902351329213231
51,1633000,"1994-05-20",0.0227952939458191,0.910232276850582,0.998381229817944,1994,5,20,"Spring",0.894541702740464,0.998530986530615,0.59150505065918,6.86423106799339e-07,8,17,10,FALSE,TRUE,TRUE,0.902351329213231
51,1633000,"1994-05-21",0.0207173891249113,0.908845008717733,0.998475918545045,1994,5,21,"Spring",0.894541702740464,0.998530986530615,0.59150505065918,6.86423106799339e-07,8,17,10,FALSE,TRUE,TRUE,0.902351329213231
51,1633000,"1994-05-22",0.018745779467281,0.90483310200224,0.995585708589463,1994,5,22,"Spring",0.894541702740464,0.998530986530615,0.59150505065918,6.86423106799339e-07,8,17,10,FALSE,TRUE,TRUE,0.902351329213231
51,1633000,"1994-05-23",0.016846192011144,0.898665859189665,0.993184110087343,1994,5,23,"Spring",0.894541702740464,0.998530986530615,0.59150505065918,6.86423106799339e-07,8,17,10,FALSE,TRUE,TRUE,0.902351329213231
51,1633000,"1994-05-24",0.0150292661273852,0.892146196448617,0.992745175891152,1994,5,24,"Spring",0.894541702740464,0.998530986530615,0.59150505065918,6.86423106799339e-07,8,17,10,FALSE,TRUE,TRUE,0.902351329213231
51,1633000,"1994-05-25",0.0133542149560526,0.888547374360452,0.995966107233892,1994,5,25,"Spring",0.894541702740464,0.998530986530615,0.59150505065918,6.86423106799339e-07,8,17,10,FALSE,TRUE,TRUE,0.902351329213231
51,1633000,"1994-05-26",0.0120786598708946,0.904482959922714,1.01793442423228,1994,5,26,"Spring",0.894541702740464,0.998530986530615,0.59150505065918,6.86423106799339e-07,8,17,10,FALSE,TRUE,TRUE,0.902351329213231
51,1633000,"1994-05-27",0.0111420707253274,0.92245918375232,1.01987458539975,1994,5,27,"Spring",0.894541702740464,0.998530986530615,0.59150505065918,6.86423106799339e-07,8,17,10,FALSE,TRUE,TRUE,0.902351329213231
51,1633000,"1994-05-28",0.0101660670770798,0.912403746816201,0.989099315055637,1994,5,28,"Spring",0.894541702740464,0.998530986530615,0.59150505065918,6.86423106799339e-07,8,17,10,FALSE,TRUE,TRUE,0.902351329213231
52,1633000,"1994-08-24",0.0334768793545663,0.943219158152865,0.974638157883928,1994,8,24,"Summer",0.918180724538711,0.996968816331529,0.436274886131287,5.56746648783246e-08,4,14,11,FALSE,TRUE,TRUE,0.926792130432525
52,1633000,"1994-08-25",0.031414084136486,0.938381496189282,0.994871115666208,1994,8,25,"Summer",0.918180724538711,0.996968816331529,0.436274886131287,5.56746648783246e-08,4,14,11,FALSE,TRUE,TRUE,0.926792130432525
52,1633000,"1994-08-26",0.0292081928346306,0.929780181008257,0.990833882364524,1994,8,26,"Summer",0.918180724538711,0.996968816331529,0.436274886131287,5.56746648783246e-08,4,14,11,FALSE,TRUE,TRUE,0.926792130432525
52,1633000,"1994-08-27",0.027003203635104,0.924507852573738,0.994329489332842,1994,8,27,"Summer",0.918180724538711,0.996968816331529,0.436274886131287,5.56746648783246e-08,4,14,11,FALSE,TRUE,TRUE,0.926792130432525
52,1633000,"1994-08-28",0.0248593345750123,0.920606862464842,0.995780468388628,1994,8,28,"Summer",0.918180724538711,0.996968816331529,0.436274886131287,5.56746648783246e-08,4,14,11,FALSE,TRUE,TRUE,0.926792130432525
52,1633000,"1994-08-29",0.0227809427888133,0.916393909099716,0.995423721528812,1994,8,29,"Summer",0.918180724538711,0.996968816331529,0.436274886131287,5.56746648783246e-08,4,14,11,FALSE,TRUE,TRUE,0.926792130432525
52,1633000,"1994-08-30",0.0208850741037168,0.916778304450706,1.00041946519632,1994,8,30,"Summer",0.918180724538711,0.996968816331529,0.436274886131287,5.56746648783246e-08,4,14,11,FALSE,TRUE,TRUE,0.926792130432525
52,1633000,"1994-08-31",0.0192217590520158,0.920358671296028,1.00390537911722,1994,8,31,"Summer",0.918180724538711,0.996968816331529,0.436274886131287,5.56746648783246e-08,4,14,11,FALSE,TRUE,TRUE,0.926792130432525
52,1633000,"1994-09-01",0.0183590959059075,0.955120489036724,1.03776985953937,1994,9,1,"Fall",0.918180724538711,0.996968816331529,0.436274886131287,5.56746648783246e-08,4,14,11,FALSE,TRUE,TRUE,0.926792130432525
52,1633000,"1994-09-02",0.0172235207282938,0.938146454300712,0.982228383820841,1994,9,2,"Fall",0.918180724538711,0.996968816331529,0.436274886131287,5.56746648783246e-08,4,14,11,FALSE,TRUE,TRUE,0.926792130432525
52,1633000,"1994-09-03",0.0159341890830547,0.925141226025809,0.986137315538225,1994,9,3,"Fall",0.918180724538711,0.996968816331529,0.436274886131287,5.56746648783246e-08,4,14,11,FALSE,TRUE,TRUE,0.926792130432525
53,1633000,"1994-11-24",0.0235571811208502,0.934437681403335,0.997195449824864,1994,11,24,"Fall",0.988571507181225,0.287272789532105,0.406682550907135,0.406682550907135,1,38,38,FALSE,TRUE,TRUE,0.985762293805227
53,1633000,"1994-11-25",0.0220206461381167,0.934774242518623,1.00036017502503,1994,11,25,"Fall",0.988571507181225,0.287272789532105,0.406682550907135,0.406682550907135,1,38,38,FALSE,TRUE,TRUE,0.985762293805227
53,1633000,"1994-11-26",0.020591540785972,0.935101570445248,1.00035016789267,1994,11,26,"Fall",0.988571507181225,0.287272789532105,0.406682550907135,0.406682550907135,1,38,38,FALSE,TRUE,TRUE,0.985762293805227
53,1633000,"1994-11-27",0.0194746755878441,0.945760970014988,1.0113991890364,1994,11,27,"Fall",0.988571507181225,0.287272789532105,0.406682550907135,0.406682550907135,1,38,38,FALSE,TRUE,TRUE,0.985762293805227
53,1633000,"1994-11-28",0.0308081564726308,1.58195993220349,1.67268472939671,1994,11,28,"Fall",0.988571507181225,0.287272789532105,0.406682550907135,0.406682550907135,1,38,38,FALSE,TRUE,TRUE,0.985762293805227
53,1633000,"1994-11-29",0.0310569829307496,1.00807664224699,0.637232727407236,1994,11,29,"Fall",0.988571507181225,0.287272789532105,0.406682550907135,0.406682550907135,1,38,38,FALSE,TRUE,TRUE,0.985762293805227
53,1633000,"1994-11-30",0.0289440837223083,0.931967016462846,0.924500159417938,1994,11,30,"Fall",0.988571507181225,0.287272789532105,0.406682550907135,0.406682550907135,1,38,38,FALSE,TRUE,TRUE,0.985762293805227
53,1633000,"1994-12-01",0.026986617129296,0.932370752800734,1.00043320882688,1994,12,1,"Winter",0.988571507181225,0.287272789532105,0.406682550907135,0.406682550907135,1,38,38,FALSE,TRUE,TRUE,0.985762293805227
53,1633000,"1994-12-02",0.0251721329987049,0.932763557510831,1.00042129668795,1994,12,2,"Winter",0.988571507181225,0.287272789532105,0.406682550907135,0.406682550907135,1,38,38,FALSE,TRUE,TRUE,0.985762293805227
53,1633000,"1994-12-03",0.0234457436599769,0.931416644794588,0.998555997706603,1994,12,3,"Winter",0.988571507181225,0.287272789532105,0.406682550907135,0.406682550907135,1,38,38,FALSE,TRUE,TRUE,0.985762293805227
53,1633000,"1994-12-04",0.0219904566765763,0.937929587369633,1.00699251254682,1994,12,4,"Winter",0.988571507181225,0.287272789532105,0.406682550907135,0.406682550907135,1,38,38,FALSE,TRUE,TRUE,0.985762293805227
53,1633000,"1994-12-05",0.0343642543302849,1.56268943549903,1.666105277563,1994,12,5,"Winter",0.988571507181225,0.287272789532105,0.406682550907135,0.406682550907135,1,38,38,FALSE,TRUE,TRUE,0.985762293805227
53,1633000,"1994-12-06",0.0351741705089807,1.02356856548993,0.655004470010422,1994,12,6,"Winter",0.988571507181225,0.287272789532105,0.406682550907135,0.406682550907135,1,38,38,FALSE,TRUE,TRUE,0.985762293805227
53,1633000,"1994-12-07",0.0327067644102499,0.929851761590203,0.908441107846188,1994,12,7,"Winter",0.988571507181225,0.287272789532105,0.406682550907135,0.406682550907135,1,38,38,FALSE,TRUE,TRUE,0.985762293805227
53,1633000,"1994-12-08",0.0304275046801195,0.930312283369242,1.00049526365176,1994,12,8,"Winter",0.988571507181225,0.287272789532105,0.406682550907135,0.406682550907135,1,38,38,FALSE,TRUE,TRUE,0.985762293805227
53,1633000,"1994-12-09",0.0283207191387191,0.930760489118358,1.00048177988954,1994,12,9,"Winter",0.988571507181225,0.287272789532105,0.406682550907135,0.406682550907135,1,38,38,FALSE,TRUE,TRUE,0.985762293805227
53,1633000,"1994-12-10",0.0294748125597834,1.04075085153775,1.1181725736162,1994,12,10,"Winter",0.988571507181225,0.287272789532105,0.406682550907135,0.406682550907135,1,38,38,FALSE,TRUE,TRUE,0.985762293805227
53,1633000,"1994-12-11",0.0391651701647788,1.32876740387545,1.27673919450764,1994,12,11,"Winter",0.988571507181225,0.287272789532105,0.406682550907135,0.406682550907135,1,38,38,FALSE,TRUE,TRUE,0.985762293805227
53,1633000,"1994-12-12",0.0366024011746049,0.934565100077655,0.703332349478117,1994,12,12,"Winter",0.988571507181225,0.287272789532105,0.406682550907135,0.406682550907135,1,38,38,FALSE,TRUE,TRUE,0.985762293805227
53,1633000,"1994-12-13",0.0339859960367903,0.928518210449267,0.993529728824793,1994,12,13,"Winter",0.988571507181225,0.287272789532105,0.406682550907135,0.406682550907135,1,38,38,FALSE,TRUE,TRUE,0.985762293805227
53,1633000,"1994-12-14",0.031661971588619,0.931618174566504,1.00333861423756,1994,12,14,"Winter",0.988571507181225,0.287272789532105,0.406682550907135,0.406682550907135,1,38,38,FALSE,TRUE,TRUE,0.985762293805227
53,1633000,"1994-12-15",0.0300864671589807,0.950239850818238,1.01998852830496,1994,12,15,"Winter",0.988571507181225,0.287272789532105,0.406682550907135,0.406682550907135,1,38,38,FALSE,TRUE,TRUE,0.985762293805227
53,1633000,"1994-12-16",0.0282915624557063,0.940341792414846,0.989583621024872,1994,12,16,"Winter",0.988571507181225,0.287272789532105,0.406682550907135,0.406682550907135,1,38,38,FALSE,TRUE,TRUE,0.985762293805227
53,1633000,"1994-12-17",0.0296975986566394,1.0496980752878,1.11629418553452,1994,12,17,"Winter",0.988571507181225,0.287272789532105,0.406682550907135,0.406682550907135,1,38,38,FALSE,TRUE,TRUE,0.985762293805227
53,1633000,"1994-12-18",0.0287621376337484,0.968500449019236,0.922646684622813,1994,12,18,"Winter",0.988571507181225,0.287272789532105,0.406682550907135,0.406682550907135,1,38,38,FALSE,TRUE,TRUE,0.985762293805227
53,1633000,"1994-12-19",0.0272148540243506,0.946204151127411,0.976978536339964,1994,12,19,"Winter",0.988571507181225,0.287272789532105,0.406682550907135,0.406682550907135,1,38,38,FALSE,TRUE,TRUE,0.985762293805227
53,1633000,"1994-12-20",0.0253138199914247,0.930147189794772,0.983030130111448,1994,12,20,"Winter",0.988571507181225,0.287272789532105,0.406682550907135,0.406682550907135,1,38,38,FALSE,TRUE,TRUE,0.985762293805227
53,1633000,"1994-12-21",0.0235570411314256,0.930600009773548,1.00048682615369,1994,12,21,"Winter",0.988571507181225,0.287272789532105,0.406682550907135,0.406682550907135,1,38,38,FALSE,TRUE,TRUE,0.985762293805227
53,1633000,"1994-12-22",0.0219325655489229,0.931040762995668,1.00047362262786,1994,12,22,"Winter",0.988571507181225,0.287272789532105,0.406682550907135,0.406682550907135,1,38,38,FALSE,TRUE,TRUE,0.985762293805227
53,1633000,"1994-12-23",0.0204281631740741,0.931407824976381,1.00039424909768,1994,12,23,"Winter",0.988571507181225,0.287272789532105,0.406682550907135,0.406682550907135,1,38,38,FALSE,TRUE,TRUE,0.985762293805227
53,1633000,"1994-12-24",0.0190228807623498,0.931208577112415,0.999786078816794,1994,12,24,"Winter",0.988571507181225,0.287272789532105,0.406682550907135,0.406682550907135,1,38,38,FALSE,TRUE,TRUE,0.985762293805227
53,1633000,"1994-12-25",0.0185198646504432,0.973557311419299,1.0454771738016,1994,12,25,"Winter",0.988571507181225,0.287272789532105,0.406682550907135,0.406682550907135,1,38,38,FALSE,TRUE,TRUE,0.985762293805227
53,1633000,"1994-12-26",0.0173171033966355,0.935055613174856,0.96045256114577,1994,12,26,"Winter",0.988571507181225,0.287272789532105,0.406682550907135,0.406682550907135,1,38,38,FALSE,TRUE,TRUE,0.985762293805227
53,1633000,"1994-12-27",0.0161540632252581,0.932838642540915,0.997629049435452,1994,12,27,"Winter",0.988571507181225,0.287272789532105,0.406682550907135,0.406682550907135,1,38,38,FALSE,TRUE,TRUE,0.985762293805227
53,1633000,"1994-12-28",0.0150752783520147,0.933218976662376,1.00040771694494,1994,12,28,"Winter",0.988571507181225,0.287272789532105,0.406682550907135,0.406682550907135,1,38,38,FALSE,TRUE,TRUE,0.985762293805227
53,1633000,"1994-12-29",0.0140739791677333,0.933580053323025,1.00038691525749,1994,12,29,"Winter",0.988571507181225,0.287272789532105,0.406682550907135,0.406682550907135,1,38,38,FALSE,TRUE,TRUE,0.985762293805227
53,1633000,"1994-12-30",0.0131399766542017,0.93363621599832,1.00006015839252,1994,12,30,"Winter",0.988571507181225,0.287272789532105,0.406682550907135,0.406682550907135,1,38,38,FALSE,TRUE,TRUE,0.985762293805227
53,1633000,"1994-12-31",0.0122700622305274,0.933796349372038,1.00017151581202,1994,12,31,"Winter",0.988571507181225,0.287272789532105,0.406682550907135,0.406682550907135,1,38,38,FALSE,TRUE,TRUE,0.985762293805227
54,1633000,"1995-02-20",0.0274256595876068,0.999307438133955,0.995398379529605,1995,2,20,"Winter",0.966029469626144,0.771407460596384,0.324423611164093,0.324423611164093,1,14,14,FALSE,TRUE,TRUE,0.968117311988385
54,1633000,"1995-02-21",0.02599813695997,0.947949378461553,0.948606347043404,1995,2,21,"Winter",0.966029469626144,0.771407460596384,0.324423611164093,0.324423611164093,1,14,14,FALSE,TRUE,TRUE,0.968117311988385
54,1633000,"1995-02-22",0.0243553707841784,0.936812157797266,0.988251249573725,1995,2,22,"Winter",0.966029469626144,0.771407460596384,0.324423611164093,0.324423611164093,1,14,14,FALSE,TRUE,TRUE,0.968117311988385
54,1633000,"1995-02-23",0.0228304798947647,0.937389953824713,1.00061676828448,1995,2,23,"Winter",0.966029469626144,0.771407460596384,0.324423611164093,0.324423611164093,1,14,14,FALSE,TRUE,TRUE,0.968117311988385
54,1633000,"1995-02-24",0.021414399263449,0.937974118904069,1.00062318256876,1995,2,24,"Winter",0.966029469626144,0.771407460596384,0.324423611164093,0.324423611164093,1,14,14,FALSE,TRUE,TRUE,0.968117311988385
54,1633000,"1995-02-25",0.0200987285934389,0.938561401894855,1.00062611854522,1995,2,25,"Winter",0.966029469626144,0.771407460596384,0.324423611164093,0.324423611164093,1,14,14,FALSE,TRUE,TRUE,0.968117311988385
54,1633000,"1995-02-26",0.0188546755816787,0.938102900092585,0.999511484489619,1995,2,26,"Winter",0.966029469626144,0.771407460596384,0.324423611164093,0.324423611164093,1,14,14,FALSE,TRUE,TRUE,0.968117311988385
54,1633000,"1995-02-27",0.0176587694440968,0.936572436242606,0.99836855439864,1995,2,27,"Winter",0.966029469626144,0.771407460596384,0.324423611164093,0.324423611164093,1,14,14,FALSE,TRUE,TRUE,0.968117311988385
54,1633000,"1995-02-28",0.0212924430961721,1.20577162319144,1.28743018322088,1995,2,28,"Winter",0.966029469626144,0.771407460596384,0.324423611164093,0.324423611164093,1,14,14,FALSE,TRUE,TRUE,0.968117311988385
54,1633000,"1995-03-01",0.0210790199926123,0.989976579831831,0.821031579107457,1995,3,1,"Spring",0.966029469626144,0.771407460596384,0.324423611164093,0.324423611164093,1,14,14,FALSE,TRUE,TRUE,0.968117311988385
54,1633000,"1995-03-02",0.0197334164986387,0.936163849436776,0.945642420748785,1995,3,2,"Spring",0.966029469626144,0.771407460596384,0.324423611164093,0.324423611164093,1,14,14,FALSE,TRUE,TRUE,0.968117311988385
54,1633000,"1995-03-03",0.0184866436757147,0.936819211057043,1.00070005012548,1995,3,3,"Spring",0.966029469626144,0.771407460596384,0.324423611164093,0.324423611164093,1,14,14,FALSE,TRUE,TRUE,0.968117311988385
54,1633000,"1995-03-04",0.0173307037330233,0.93747161664559,1.00069640500627,1995,3,4,"Spring",0.966029469626144,0.771407460596384,0.324423611164093,0.324423611164093,1,14,14,FALSE,TRUE,TRUE,0.968117311988385
54,1633000,"1995-03-05",0.0162441095453687,0.937302362074076,0.999819456324321,1995,3,5,"Spring",0.966029469626144,0.771407460596384,0.324423611164093,0.324423611164093,1,14,14,FALSE,TRUE,TRUE,0.968117311988385
55,1633000,"1995-03-16",0.0199717488721944,0.927100942752935,0.995105249815872,1995,3,16,"Spring",0.925488205608315,0.995219092061453,0.620425283908844,1.2757286640408e-05,2,17,16,FALSE,TRUE,TRUE,0.934555007964552
55,1633000,"1995-03-17",0.0184679099475034,0.924701690657407,0.997412091839316,1995,3,17,"Spring",0.925488205608315,0.995219092061453,0.620425283908844,1.2757286640408e-05,2,17,16,FALSE,TRUE,TRUE,0.934555007964552
55,1633000,"1995-03-18",0.0170873168972321,0.92524367650721,1.00058611967003,1995,3,18,"Spring",0.925488205608315,0.995219092061453,0.620425283908844,1.2757286640408e-05,2,17,16,FALSE,TRUE,TRUE,0.934555007964552
55,1633000,"1995-03-19",0.0158191731898114,0.925784503497673,1.00058452384404,1995,3,19,"Spring",0.925488205608315,0.995219092061453,0.620425283908844,1.2757286640408e-05,2,17,16,FALSE,TRUE,TRUE,0.934555007964552
55,1633000,"1995-03-20",0.0146100086858496,0.92356335634908,0.997600794633955,1995,3,20,"Spring",0.925488205608315,0.995219092061453,0.620425283908844,1.2757286640408e-05,2,17,16,FALSE,TRUE,TRUE,0.934555007964552
55,1633000,"1995-03-21",0.0139604001305997,0.955536744076063,1.03461959323871,1995,3,21,"Spring",0.925488205608315,0.995219092061453,0.620425283908844,1.2757286640408e-05,2,17,16,FALSE,TRUE,TRUE,0.934555007964552
55,1633000,"1995-03-22",0.0136146033764817,0.975230168843076,1.02060980374549,1995,3,22,"Spring",0.925488205608315,0.995219092061453,0.620425283908844,1.2757286640408e-05,2,17,16,FALSE,TRUE,TRUE,0.934555007964552
55,1633000,"1995-03-23",0.012756725307554,0.936988390685725,0.960786920483892,1995,3,23,"Spring",0.925488205608315,0.995219092061453,0.620425283908844,1.2757286640408e-05,2,17,16,FALSE,TRUE,TRUE,0.934555007964552
55,1633000,"1995-03-24",0.0118930124444887,0.932293528139714,0.994989412256672,1995,3,24,"Spring",0.925488205608315,0.995219092061453,0.620425283908844,1.2757286640408e-05,2,17,16,FALSE,TRUE,TRUE,0.934555007964552
55,1633000,"1995-03-25",0.01108868670417,0.932369889960766,1.00008190748809,1995,3,25,"Spring",0.925488205608315,0.995219092061453,0.620425283908844,1.2757286640408e-05,2,17,16,FALSE,TRUE,TRUE,0.934555007964552
55,1633000,"1995-03-26",0.0102895490708761,0.927932165944111,0.995240382530111,1995,3,26,"Spring",0.925488205608315,0.995219092061453,0.620425283908844,1.2757286640408e-05,2,17,16,FALSE,TRUE,TRUE,0.934555007964552
55,1633000,"1995-03-27",0.00949653232237324,0.922929883220302,0.99460921508339,1995,3,27,"Spring",0.925488205608315,0.995219092061453,0.620425283908844,1.2757286640408e-05,2,17,16,FALSE,TRUE,TRUE,0.934555007964552
55,1633000,"1995-03-28",0.00879437959520146,0.926062197933287,1.00339388156125,1995,3,28,"Spring",0.925488205608315,0.995219092061453,0.620425283908844,1.2757286640408e-05,2,17,16,FALSE,TRUE,TRUE,0.934555007964552
55,1633000,"1995-03-29",0.00816293337265961,0.928198889335367,1.0023072871421,1995,3,29,"Spring",0.925488205608315,0.995219092061453,0.620425283908844,1.2757286640408e-05,2,17,16,FALSE,TRUE,TRUE,0.934555007964552
55,1633000,"1995-03-30",0.00755633533117361,0.925688718283835,0.997295653894469,1995,3,30,"Spring",0.925488205608315,0.995219092061453,0.620425283908844,1.2757286640408e-05,2,17,16,FALSE,TRUE,TRUE,0.934555007964552
55,1633000,"1995-03-31",0.00697886911802925,0.923578535383147,0.997720418474366,1995,3,31,"Spring",0.925488205608315,0.995219092061453,0.620425283908844,1.2757286640408e-05,2,17,16,FALSE,TRUE,TRUE,0.934555007964552
57,1633000,"1995-05-22",0.0278374056797475,0.935044449292214,0.988846732203958,1995,5,22,"Spring",0.948255925658043,0.94261280289647,0.34441751241684,0.000180059942067601,6,21,16,FALSE,TRUE,TRUE,0.947132098831369
57,1633000,"1995-05-23",0.0258131618611515,0.92728331648848,0.991699717794583,1995,5,23,"Spring",0.948255925658043,0.94261280289647,0.34441751241684,0.000180059942067601,6,21,16,FALSE,TRUE,TRUE,0.947132098831369
57,1633000,"1995-05-24",0.0237486602854915,0.920021360158632,0.992168567900749,1995,5,24,"Spring",0.948255925658043,0.94261280289647,0.34441751241684,0.000180059942067601,6,21,16,FALSE,TRUE,TRUE,0.947132098831369
57,1633000,"1995-05-25",0.0217684475937858,0.916617920004716,0.996300694417215,1995,5,25,"Spring",0.948255925658043,0.94261280289647,0.34441751241684,0.000180059942067601,6,21,16,FALSE,TRUE,TRUE,0.947132098831369
57,1633000,"1995-05-26",0.0249533670721575,1.146308985271,1.25058539687409,1995,5,26,"Spring",0.948255925658043,0.94261280289647,0.34441751241684,0.000180059942067601,6,21,16,FALSE,TRUE,TRUE,0.947132098831369
57,1633000,"1995-05-27",0.0236380519345403,0.947289071899043,0.826381965134029,1995,5,27,"Spring",0.948255925658043,0.94261280289647,0.34441751241684,0.000180059942067601,6,21,16,FALSE,TRUE,TRUE,0.947132098831369
57,1633000,"1995-05-28",0.0218547277036123,0.924557055891642,0.976003084294185,1995,5,28,"Spring",0.948255925658043,0.94261280289647,0.34441751241684,0.000180059942067601,6,21,16,FALSE,TRUE,TRUE,0.947132098831369
57,1633000,"1995-05-29",0.0202963727642782,0.928694836171465,1.00447541907063,1995,5,29,"Spring",0.948255925658043,0.94261280289647,0.34441751241684,0.000180059942067601,6,21,16,FALSE,TRUE,TRUE,0.947132098831369
57,1633000,"1995-05-30",0.018912767409347,0.931829920005886,1.00337579548449,1995,5,30,"Spring",0.948255925658043,0.94261280289647,0.34441751241684,0.000180059942067601,6,21,16,FALSE,TRUE,TRUE,0.947132098831369
57,1633000,"1995-05-31",0.017536768631544,0.927244979646765,0.995079638182157,1995,5,31,"Spring",0.948255925658043,0.94261280289647,0.34441751241684,0.000180059942067601,6,21,16,FALSE,TRUE,TRUE,0.947132098831369
57,1633000,"1995-06-01",0.0159833349753171,0.911418478006682,0.982931693363158,1995,6,1,"Summer",0.948255925658043,0.94261280289647,0.34441751241684,0.000180059942067601,6,21,16,FALSE,TRUE,TRUE,0.947132098831369
57,1633000,"1995-06-02",0.0144083349150605,0.901459860367762,0.989073496007345,1995,6,2,"Summer",0.948255925658043,0.94261280289647,0.34441751241684,0.000180059942067601,6,21,16,FALSE,TRUE,TRUE,0.947132098831369
57,1633000,"1995-06-03",0.013287722307723,0.922224697444658,1.02303467740474,1995,6,3,"Summer",0.948255925658043,0.94261280289647,0.34441751241684,0.000180059942067601,6,21,16,FALSE,TRUE,TRUE,0.947132098831369
57,1633000,"1995-06-04",0.0144917476573028,1.0906118687384,1.18258800893136,1995,6,4,"Summer",0.948255925658043,0.94261280289647,0.34441751241684,0.000180059942067601,6,21,16,FALSE,TRUE,TRUE,0.947132098831369
57,1633000,"1995-06-05",0.0136683289310895,0.943180163932931,0.864817439612116,1995,6,5,"Summer",0.948255925658043,0.94261280289647,0.34441751241684,0.000180059942067601,6,21,16,FALSE,TRUE,TRUE,0.947132098831369
57,1633000,"1995-06-06",0.0122915844840463,0.899274852545312,0.953449708691349,1995,6,6,"Summer",0.948255925658043,0.94261280289647,0.34441751241684,0.000180059942067601,6,21,16,FALSE,TRUE,TRUE,0.947132098831369
59,1633000,"1995-10-26",0.0492636170238257,0.949667454668925,0.989722465715645,1995,10,26,"Fall",0.950715463254588,0.957052818634382,0.300427138805389,0.300427138805389,1,16,16,FALSE,TRUE,TRUE,0.953977305593105
59,1633000,"1995-10-27",0.0464543451089412,0.942974712686529,0.992952541492823,1995,10,27,"Fall",0.950715463254588,0.957052818634382,0.300427138805389,0.300427138805389,1,16,16,FALSE,TRUE,TRUE,0.953977305593105
59,1633000,"1995-10-28",0.0454350358340889,0.978057827045848,1.03720472446113,1995,10,28,"Fall",0.950715463254588,0.957052818634382,0.300427138805389,0.300427138805389,1,16,16,FALSE,TRUE,TRUE,0.953977305593105
59,1633000,"1995-10-29",0.0431091324426234,0.948808153250746,0.970094126352991,1995,10,29,"Fall",0.950715463254588,0.957052818634382,0.300427138805389,0.300427138805389,1,16,16,FALSE,TRUE,TRUE,0.953977305593105
59,1633000,"1995-10-30",0.0404529173392802,0.938383935077365,0.989013355189175,1995,10,30,"Fall",0.950715463254588,0.957052818634382,0.300427138805389,0.300427138805389,1,16,16,FALSE,TRUE,TRUE,0.953977305593105
59,1633000,"1995-10-31",0.0379225476644933,0.937449018730476,0.99900369527659,1995,10,31,"Fall",0.950715463254588,0.957052818634382,0.300427138805389,0.300427138805389,1,16,16,FALSE,TRUE,TRUE,0.953977305593105
59,1633000,"1995-11-01",0.0355631528655067,0.937783853029587,1.00035717600896,1995,11,1,"Fall",0.950715463254588,0.957052818634382,0.300427138805389,0.300427138805389,1,16,16,FALSE,TRUE,TRUE,0.953977305593105
59,1633000,"1995-11-02",0.0338041464565322,0.950538513398215,1.01360085304031,1995,11,2,"Fall",0.950715463254588,0.957052818634382,0.300427138805389,0.300427138805389,1,16,16,FALSE,TRUE,TRUE,0.953977305593105
59,1633000,"1995-11-03",0.0319518428295851,0.945204839609575,0.994388787289037,1995,11,3,"Fall",0.950715463254588,0.957052818634382,0.300427138805389,0.300427138805389,1,16,16,FALSE,TRUE,TRUE,0.953977305593105
59,1633000,"1995-11-04",0.0299708023667335,0.937999179783857,0.992376615603562,1995,11,4,"Fall",0.950715463254588,0.957052818634382,0.300427138805389,0.300427138805389,1,16,16,FALSE,TRUE,TRUE,0.953977305593105
59,1633000,"1995-11-05",0.0281218708259985,0.938308907512357,1.00033020042573,1995,11,5,"Fall",0.950715463254588,0.957052818634382,0.300427138805389,0.300427138805389,1,16,16,FALSE,TRUE,TRUE,0.953977305593105
59,1633000,"1995-11-06",0.0263873212970793,0.938320265402983,1.00001210463903,1995,11,6,"Fall",0.950715463254588,0.957052818634382,0.300427138805389,0.300427138805389,1,16,16,FALSE,TRUE,TRUE,0.953977305593105
59,1633000,"1995-11-07",0.0265703761251643,1.00693722663336,1.07312744247392,1995,11,7,"Fall",0.950715463254588,0.957052818634382,0.300427138805389,0.300427138805389,1,16,16,FALSE,TRUE,TRUE,0.953977305593105
59,1633000,"1995-11-08",0.0284025121945888,1.06895408859829,1.06158960094492,1995,11,8,"Fall",0.950715463254588,0.957052818634382,0.300427138805389,0.300427138805389,1,16,16,FALSE,TRUE,TRUE,0.953977305593105
59,1633000,"1995-11-09",0.0266116162529215,0.936945861359108,0.876507112281798,1995,11,9,"Fall",0.950715463254588,0.957052818634382,0.300427138805389,0.300427138805389,1,16,16,FALSE,TRUE,TRUE,0.953977305593105
59,1633000,"1995-11-10",0.0249292093794793,0.936779229887716,0.999822154642799,1995,11,10,"Fall",0.950715463254588,0.957052818634382,0.300427138805389,0.300427138805389,1,16,16,FALSE,TRUE,TRUE,0.953977305593105
60,1633000,"1996-03-02",0.049930747365579,0.930288453894819,1.00016069475988,1996,3,2,"Spring",0.971023325049974,0.738047843153128,0.428480386734009,0.428480386734009,1,15,15,FALSE,TRUE,TRUE,0.96942213339463
60,1633000,"1996-03-03",0.0464628518093377,0.930545891275163,1.00027672855582,1996,3,3,"Spring",0.971023325049974,0.738047843153128,0.428480386734009,0.428480386734009,1,15,15,FALSE,TRUE,TRUE,0.96942213339463
60,1633000,"1996-03-04",0.0432518075685948,0.930890074205528,1.00036987206498,1996,3,4,"Spring",0.971023325049974,0.738047843153128,0.428480386734009,0.428480386734009,1,15,15,FALSE,TRUE,TRUE,0.96942213339463
60,1633000,"1996-03-05",0.0402639228850603,0.930918848217016,1.00003091021409,1996,3,5,"Spring",0.971023325049974,0.738047843153128,0.428480386734009,0.428480386734009,1,15,15,FALSE,TRUE,TRUE,0.96942213339463
60,1633000,"1996-03-06",0.037533153546974,0.932178259284827,1.00135286880293,1996,3,6,"Spring",0.971023325049974,0.738047843153128,0.428480386734009,0.428480386734009,1,15,15,FALSE,TRUE,TRUE,0.96942213339463
60,1633000,"1996-03-07",0.0423035419080407,1.12709798965057,1.20910134775648,1996,3,7,"Spring",0.971023325049974,0.738047843153128,0.428480386734009,0.428480386734009,1,15,15,FALSE,TRUE,TRUE,0.96942213339463
60,1633000,"1996-03-08",0.0478086275979876,1.13013297330786,1.00269274161178,1996,3,8,"Spring",0.971023325049974,0.738047843153128,0.428480386734009,0.428480386734009,1,15,15,FALSE,TRUE,TRUE,0.96942213339463
60,1633000,"1996-03-09",0.0444694356992841,0.930155035472214,0.823049196369948,1996,3,9,"Spring",0.971023325049974,0.738047843153128,0.428480386734009,0.428480386734009,1,15,15,FALSE,TRUE,TRUE,0.96942213339463
60,1633000,"1996-03-10",0.0412938743829727,0.928590024443182,0.998317472927255,1996,3,10,"Spring",0.971023325049974,0.738047843153128,0.428480386734009,0.428480386734009,1,15,15,FALSE,TRUE,TRUE,0.96942213339463
60,1633000,"1996-03-11",0.0383720642421395,0.929243497141115,1.0007037257355,1996,3,11,"Spring",0.971023325049974,0.738047843153128,0.428480386734009,0.428480386734009,1,15,15,FALSE,TRUE,TRUE,0.96942213339463
60,1633000,"1996-03-12",0.0356824728660285,0.929907566110106,1.0007146339695,1996,3,12,"Spring",0.971023325049974,0.738047843153128,0.428480386734009,0.428480386734009,1,15,15,FALSE,TRUE,TRUE,0.96942213339463
60,1633000,"1996-03-13",0.0332045936957002,0.93055752667054,1.00069895179276,1996,3,13,"Spring",0.971023325049974,0.738047843153128,0.428480386734009,0.428480386734009,1,15,15,FALSE,TRUE,TRUE,0.96942213339463
60,1633000,"1996-03-14",0.0309143150225282,0.931025246260773,1.0005026229726,1996,3,14,"Spring",0.971023325049974,0.738047843153128,0.428480386734009,0.428480386734009,1,15,15,FALSE,TRUE,TRUE,0.96942213339463
60,1633000,"1996-03-15",0.0310553108574822,1.00456085909881,1.07898347884053,1996,3,15,"Spring",0.971023325049974,0.738047843153128,0.428480386734009,0.428480386734009,1,15,15,FALSE,TRUE,TRUE,0.96942213339463
60,1633000,"1996-03-16",0.0310082011856139,0.998483039758174,0.993949774883633,1996,3,16,"Spring",0.971023325049974,0.738047843153128,0.428480386734009,0.428480386734009,1,15,15,FALSE,TRUE,TRUE,0.96942213339463
61,1633000,"1996-04-18",0.0322050319518894,0.917239960324204,0.964815103698728,1996,4,18,"Spring",0.926415672771926,0.999815286680738,0.631221771240234,0.00962740182876587,8,19,12,FALSE,TRUE,TRUE,0.912455187187513
61,1633000,"1996-04-19",0.0295314238173887,0.916981664899612,0.999718399289428,1996,4,19,"Spring",0.926415672771926,0.999815286680738,0.631221771240234,0.00962740182876587,8,19,12,FALSE,TRUE,TRUE,0.912455187187513
61,1633000,"1996-04-20",0.0269697702024132,0.913256684445159,0.995937780877156,1996,4,20,"Spring",0.926415672771926,0.999815286680738,0.631221771240234,0.00962740182876587,8,19,12,FALSE,TRUE,TRUE,0.912455187187513
61,1633000,"1996-04-21",0.0245524519123137,0.910369340489108,0.996838409173206,1996,4,21,"Spring",0.926415672771926,0.999815286680738,0.631221771240234,0.00962740182876587,8,19,12,FALSE,TRUE,TRUE,0.912455187187513
61,1633000,"1996-04-22",0.0222974498174153,0.90815572705521,0.997568444657078,1996,4,22,"Spring",0.926415672771926,0.999815286680738,0.631221771240234,0.00962740182876587,8,19,12,FALSE,TRUE,TRUE,0.912455187187513
61,1633000,"1996-04-23",0.0202456669067033,0.907981274651887,0.999807904747913,1996,4,23,"Spring",0.926415672771926,0.999815286680738,0.631221771240234,0.00962740182876587,8,19,12,FALSE,TRUE,TRUE,0.912455187187513
61,1633000,"1996-04-24",0.0185026723775081,0.913907774081869,1.00652711635739,1996,4,24,"Spring",0.926415672771926,0.999815286680738,0.631221771240234,0.00962740182876587,8,19,12,FALSE,TRUE,TRUE,0.912455187187513
61,1633000,"1996-04-25",0.016896152344998,0.913173621640566,0.999196688700848,1996,4,25,"Spring",0.926415672771926,0.999815286680738,0.631221771240234,0.00962740182876587,8,19,12,FALSE,TRUE,TRUE,0.912455187187513
61,1633000,"1996-04-26",0.0154150436865166,0.912340476799745,0.999087638077714,1996,4,26,"Spring",0.926415672771926,0.999815286680738,0.631221771240234,0.00962740182876587,8,19,12,FALSE,TRUE,TRUE,0.912455187187513
61,1633000,"1996-04-27",0.0141763541614637,0.919644111930972,1.00800538320611,1996,4,27,"Spring",0.926415672771926,0.999815286680738,0.631221771240234,0.00962740182876587,8,19,12,FALSE,TRUE,TRUE,0.912455187187513
61,1633000,"1996-04-28",0.0129623762331903,0.914365998870612,0.994260700425432,1996,4,28,"Spring",0.926415672771926,0.999815286680738,0.631221771240234,0.00962740182876587,8,19,12,FALSE,TRUE,TRUE,0.912455187187513
61,1633000,"1996-04-29",0.0118044413102325,0.910669548381655,0.995957362266835,1996,4,29,"Spring",0.926415672771926,0.999815286680738,0.631221771240234,0.00962740182876587,8,19,12,FALSE,TRUE,TRUE,0.912455187187513
62,1633000,"1996-06-28",0.0301225854782388,0.911390777552059,0.99501529360253,1996,6,28,"Summer",0.94097287635245,0.958106637359769,0.363020420074463,0.363020420074463,1,19,19,FALSE,TRUE,TRUE,0.941870190164759
62,1633000,"1996-06-29",0.0273223248077557,0.907037838020044,0.995223849484513,1996,6,29,"Summer",0.94097287635245,0.958106637359769,0.363020420074463,0.363020420074463,1,19,19,FALSE,TRUE,TRUE,0.941870190164759
62,1633000,"1996-06-30",0.0246603441773914,0.902571225212554,0.995075604765023,1996,6,30,"Summer",0.94097287635245,0.958106637359769,0.363020420074463,0.363020420074463,1,19,19,FALSE,TRUE,TRUE,0.941870190164759
62,1633000,"1996-07-01",0.0220423070713878,0.893836148953516,0.990322008928458,1996,7,1,"Summer",0.94097287635245,0.958106637359769,0.363020420074463,0.363020420074463,1,19,19,FALSE,TRUE,TRUE,0.941870190164759
62,1633000,"1996-07-02",0.0197069845162332,0.894052716551347,1.00024229004173,1996,7,2,"Summer",0.94097287635245,0.958106637359769,0.363020420074463,0.363020420074463,1,19,19,FALSE,TRUE,TRUE,0.941870190164759
62,1633000,"1996-07-03",0.0209106472320855,1.06107797541835,1.18681813250484,1996,7,3,"Summer",0.94097287635245,0.958106637359769,0.363020420074463,0.363020420074463,1,19,19,FALSE,TRUE,TRUE,0.941870190164759
62,1633000,"1996-07-04",0.0204770856071264,0.97926598731512,0.922897289361819,1996,7,4,"Summer",0.94097287635245,0.958106637359769,0.363020420074463,0.363020420074463,1,19,19,FALSE,TRUE,TRUE,0.941870190164759
62,1633000,"1996-07-05",0.0189065191079862,0.923301268096788,0.942850338985251,1996,7,5,"Summer",0.94097287635245,0.958106637359769,0.363020420074463,0.363020420074463,1,19,19,FALSE,TRUE,TRUE,0.941870190164759
62,1633000,"1996-07-06",0.0170921176904812,0.904033026537466,0.979131143620068,1996,7,6,"Summer",0.94097287635245,0.958106637359769,0.363020420074463,0.363020420074463,1,19,19,FALSE,TRUE,TRUE,0.941870190164759
62,1633000,"1996-07-07",0.0151588760782033,0.88689279776288,0.981040262610498,1996,7,7,"Summer",0.94097287635245,0.958106637359769,0.363020420074463,0.363020420074463,1,19,19,FALSE,TRUE,TRUE,0.941870190164759
62,1633000,"1996-07-08",0.0138098003226332,0.911004236157726,1.02718641808307,1996,7,8,"Summer",0.94097287635245,0.958106637359769,0.363020420074463,0.363020420074463,1,19,19,FALSE,TRUE,TRUE,0.941870190164759
62,1633000,"1996-07-09",0.0167797165922821,1.21505859608856,1.33375735025473,1996,7,9,"Summer",0.94097287635245,0.958106637359769,0.363020420074463,0.363020420074463,1,19,19,FALSE,TRUE,TRUE,0.941870190164759
62,1633000,"1996-07-10",0.0154793793917634,0.922505413403895,0.759227099313208,1996,7,10,"Summer",0.94097287635245,0.958106637359769,0.363020420074463,0.363020420074463,1,19,19,FALSE,TRUE,TRUE,0.941870190164759
62,1633000,"1996-07-11",0.0138772502541542,0.896499136233998,0.971809079066606,1996,7,11,"Summer",0.94097287635245,0.958106637359769,0.363020420074463,0.363020420074463,1,19,19,FALSE,TRUE,TRUE,0.941870190164759
62,1633000,"1996-07-12",0.0123171356099192,0.88757753764886,0.990048402475193,1996,7,12,"Summer",0.94097287635245,0.958106637359769,0.363020420074463,0.363020420074463,1,19,19,FALSE,TRUE,TRUE,0.941870190164759
62,1633000,"1996-07-13",0.0113633951114025,0.922567995618344,1.03942242394075,1996,7,13,"Summer",0.94097287635245,0.958106637359769,0.363020420074463,0.363020420074463,1,19,19,FALSE,TRUE,TRUE,0.941870190164759
62,1633000,"1996-07-14",0.0105973185563926,0.932583831900625,1.01085647489383,1996,7,14,"Summer",0.94097287635245,0.958106637359769,0.363020420074463,0.363020420074463,1,19,19,FALSE,TRUE,TRUE,0.941870190164759
62,1633000,"1996-07-15",0.00978819077135995,0.923647875570889,0.990418066425702,1996,7,15,"Summer",0.94097287635245,0.958106637359769,0.363020420074463,0.363020420074463,1,19,19,FALSE,TRUE,TRUE,0.941870190164759
62,1633000,"1996-07-16",0.00911819969769567,0.931551081367901,1.00855651380363,1996,7,16,"Summer",0.94097287635245,0.958106637359769,0.363020420074463,0.363020420074463,1,19,19,FALSE,TRUE,TRUE,0.941870190164759
63,1633000,"1996-08-20",0.0456972208339721,0.923722359206069,0.988841282509108,1996,8,20,"Summer",0.917139973429523,0.999893612647667,0.533416509628296,0.00410140352323651,2,12,11,FALSE,TRUE,TRUE,0.918931313566624
63,1633000,"1996-08-21",0.0420496184378863,0.920178900827725,0.996163935685838,1996,8,21,"Summer",0.917139973429523,0.999893612647667,0.533416509628296,0.00410140352323651,2,12,11,FALSE,TRUE,TRUE,0.918931313566624
63,1633000,"1996-08-22",0.0387272937223315,0.920990371875494,1.00088186226291,1996,8,22,"Summer",0.917139973429523,0.999893612647667,0.533416509628296,0.00410140352323651,2,12,11,FALSE,TRUE,TRUE,0.918931313566624
63,1633000,"1996-08-23",0.0354759331094101,0.916044724523404,0.994630077031078,1996,8,23,"Summer",0.917139973429523,0.999893612647667,0.533416509628296,0.00410140352323651,2,12,11,FALSE,TRUE,TRUE,0.918931313566624
63,1633000,"1996-08-24",0.0325729660689831,0.918170805219581,1.00232093547319,1996,8,24,"Summer",0.917139973429523,0.999893612647667,0.533416509628296,0.00410140352323651,2,12,11,FALSE,TRUE,TRUE,0.918931313566624
63,1633000,"1996-08-25",0.0300032735103741,0.921109654147956,1.00320076494664,1996,8,25,"Summer",0.917139973429523,0.999893612647667,0.533416509628296,0.00410140352323651,2,12,11,FALSE,TRUE,TRUE,0.918931313566624
63,1633000,"1996-08-26",0.0274349041283131,0.914397028005194,0.992712457075514,1996,8,26,"Summer",0.917139973429523,0.999893612647667,0.533416509628296,0.00410140352323651,2,12,11,FALSE,TRUE,TRUE,0.918931313566624
63,1633000,"1996-08-27",0.0251645633252338,0.917246264376907,1.00311597291379,1996,8,27,"Summer",0.917139973429523,0.999893612647667,0.533416509628296,0.00410140352323651,2,12,11,FALSE,TRUE,TRUE,0.918931313566624
63,1633000,"1996-08-28",0.0232727130060084,0.924820856425183,1.00825796990672,1996,8,28,"Summer",0.917139973429523,0.999893612647667,0.533416509628296,0.00410140352323651,2,12,11,FALSE,TRUE,TRUE,0.918931313566624
63,1633000,"1996-08-29",0.021477990609128,0.92288297473453,0.997904586950879,1996,8,29,"Summer",0.917139973429523,0.999893612647667,0.533416509628296,0.00410140352323651,2,12,11,FALSE,TRUE,TRUE,0.918931313566624
63,1633000,"1996-08-30",0.0196246653795242,0.913710492599985,0.990061056075736,1996,8,30,"Summer",0.917139973429523,0.999893612647667,0.533416509628296,0.00410140352323651,2,12,11,FALSE,TRUE,TRUE,0.918931313566624
65,1633000,"1996-12-28",0.0449548931792378,0.931383238853325,1.00039608940319,1996,12,28,"Winter",0.928941895031291,0.99981008651701,0.319007992744446,0.00816941261291504,2,22,21,FALSE,TRUE,TRUE,0.928033790953793
65,1633000,"1996-12-29",0.0418887308333069,0.931794691765679,1.000441765425,1996,12,29,"Winter",0.928941895031291,0.99981008651701,0.319007992744446,0.00816941261291504,2,22,21,FALSE,TRUE,TRUE,0.928033790953793
65,1633000,"1996-12-30",0.0390269808704034,0.931682103850515,0.999879170898742,1996,12,30,"Winter",0.928941895031291,0.99981008651701,0.319007992744446,0.00816941261291504,2,22,21,FALSE,TRUE,TRUE,0.928033790953793
65,1633000,"1996-12-31",0.0362971203867346,0.930051968592349,0.998250331039494,1996,12,31,"Winter",0.928941895031291,0.99981008651701,0.319007992744446,0.00816941261291504,2,22,21,FALSE,TRUE,TRUE,0.928033790953793
65,1633000,"1997-01-01",0.0337348902830854,0.929409548847142,0.999309264678855,1997,1,1,"Winter",0.928941895031291,0.99981008651701,0.319007992744446,0.00816941261291504,2,22,21,FALSE,TRUE,TRUE,0.928033790953793
65,1633000,"1997-01-02",0.0313519916962832,0.929363974010107,0.999950963666027,1997,1,2,"Winter",0.928941895031291,0.99981008651701,0.319007992744446,0.00816941261291504,2,22,21,FALSE,TRUE,TRUE,0.928033790953793
65,1633000,"1997-01-03",0.0290964312152937,0.928056867874941,0.998593547660852,1997,1,3,"Winter",0.928941895031291,0.99981008651701,0.319007992744446,0.00816941261291504,2,22,21,FALSE,TRUE,TRUE,0.928033790953793
65,1633000,"1997-01-04",0.0269470177590847,0.926127935061698,0.997921535974773,1997,1,4,"Winter",0.928941895031291,0.99981008651701,0.319007992744446,0.00816941261291504,2,22,21,FALSE,TRUE,TRUE,0.928033790953793
65,1633000,"1997-01-05",0.0249232267960906,0.924897404934102,0.998671317340715,1997,1,5,"Winter",0.928941895031291,0.99981008651701,0.319007992744446,0.00816941261291504,2,22,21,FALSE,TRUE,TRUE,0.928033790953793
65,1633000,"1997-01-06",0.0230401017470285,0.924442967819983,0.999508662137342,1997,1,6,"Winter",0.928941895031291,0.99981008651701,0.319007992744446,0.00816941261291504,2,22,21,FALSE,TRUE,TRUE,0.928033790953793
65,1633000,"1997-01-07",0.0213132147910073,0.925048640193444,1.00065517548896,1997,1,7,"Winter",0.928941895031291,0.99981008651701,0.319007992744446,0.00816941261291504,2,22,21,FALSE,TRUE,TRUE,0.928033790953793
65,1633000,"1997-01-08",0.0197409937973134,0.926232574057421,1.00127986120138,1997,1,8,"Winter",0.928941895031291,0.99981008651701,0.319007992744446,0.00816941261291504,2,22,21,FALSE,TRUE,TRUE,0.928033790953793
65,1633000,"1997-01-09",0.0183009816100821,0.927054726726711,1.00088763091724,1997,1,9,"Winter",0.928941895031291,0.99981008651701,0.319007992744446,0.00816941261291504,2,22,21,FALSE,TRUE,TRUE,0.928033790953793
65,1633000,"1997-01-10",0.0169806629419327,0.927855308732618,1.00086357577695,1997,1,10,"Winter",0.928941895031291,0.99981008651701,0.319007992744446,0.00816941261291504,2,22,21,FALSE,TRUE,TRUE,0.928033790953793
65,1633000,"1997-01-11",0.0157691756612621,0.928654889104543,1.00086175114202,1997,1,11,"Winter",0.928941895031291,0.99981008651701,0.319007992744446,0.00816941261291504,2,22,21,FALSE,TRUE,TRUE,0.928033790953793
65,1633000,"1997-01-12",0.0146567465853877,0.929455470611115,1.00086208721449,1997,1,12,"Winter",0.928941895031291,0.99981008651701,0.319007992744446,0.00816941261291504,2,22,21,FALSE,TRUE,TRUE,0.928033790953793
65,1633000,"1997-01-13",0.0136344112688675,0.930248141320843,1.00085283344366,1997,1,13,"Winter",0.928941895031291,0.99981008651701,0.319007992744446,0.00816941261291504,2,22,21,FALSE,TRUE,TRUE,0.928033790953793
65,1633000,"1997-01-14",0.0126941216294654,0.931035552554498,1.00084645289647,1997,1,14,"Winter",0.928941895031291,0.99981008651701,0.319007992744446,0.00816941261291504,2,22,21,FALSE,TRUE,TRUE,0.928033790953793
65,1633000,"1997-01-15",0.0118285726639442,0.931814977767973,1.00083715945254,1997,1,15,"Winter",0.928941895031291,0.99981008651701,0.319007992744446,0.00816941261291504,2,22,21,FALSE,TRUE,TRUE,0.928033790953793
65,1633000,"1997-01-16",0.0110290724551305,0.932409409695666,1.00063792914031,1997,1,16,"Winter",0.928941895031291,0.99981008651701,0.319007992744446,0.00816941261291504,2,22,21,FALSE,TRUE,TRUE,0.928033790953793
65,1633000,"1997-01-17",0.0102854211290833,0.932573538792799,1.00017602685626,1997,1,17,"Winter",0.928941895031291,0.99981008651701,0.319007992744446,0.00816941261291504,2,22,21,FALSE,TRUE,TRUE,0.928033790953793
66,1633000,"1997-01-27",0.0272699209162965,0.950023390358095,0.974295767763322,1997,1,27,"Winter",0.981749088265994,0.748107499604271,1,1,1,18,18,FALSE,TRUE,TRUE,0.980404093003826
66,1633000,"1997-01-28",0.0292583740083501,1.07291744989496,1.12935898293045,1997,1,28,"Winter",0.981749088265994,0.748107499604271,1,1,1,18,18,FALSE,TRUE,TRUE,0.980404093003826
66,1633000,"1997-01-29",0.0285348470788449,0.975271116252097,0.908989891391531,1997,1,29,"Winter",0.981749088265994,0.748107499604271,1,1,1,18,18,FALSE,TRUE,TRUE,0.980404093003826
66,1633000,"1997-01-30",0.0271432246081531,0.951230771735114,0.975350090742594,1997,1,30,"Winter",0.981749088265994,0.748107499604271,1,1,1,18,18,FALSE,TRUE,TRUE,0.980404093003826
66,1633000,"1997-01-31",0.0258061455097049,0.950739858003218,0.999483917313777,1997,1,31,"Winter",0.981749088265994,0.748107499604271,1,1,1,18,18,FALSE,TRUE,TRUE,0.980404093003826
66,1633000,"1997-02-01",0.02452584693674,0.950387841823047,0.999629745006262,1997,2,1,"Winter",0.981749088265994,0.748107499604271,1,1,1,18,18,FALSE,TRUE,TRUE,0.980404093003826
66,1633000,"1997-02-02",0.023303261899855,0.95015115930396,0.999750962177049,1997,2,2,"Winter",0.981749088265994,0.748107499604271,1,1,1,18,18,FALSE,TRUE,TRUE,0.980404093003826
66,1633000,"1997-02-03",0.0221352141816169,0.949876213756781,0.999710629677723,1997,2,3,"Winter",0.981749088265994,0.748107499604271,1,1,1,18,18,FALSE,TRUE,TRUE,0.980404093003826
66,1633000,"1997-02-04",0.020999179163482,0.948677477940181,0.998738008385473,1997,2,4,"Winter",0.981749088265994,0.748107499604271,1,1,1,18,18,FALSE,TRUE,TRUE,0.980404093003826
66,1633000,"1997-02-05",0.0249464674270712,1.1879734551936,1.25224165516503,1997,2,5,"Winter",0.981749088265994,0.748107499604271,1,1,1,18,18,FALSE,TRUE,TRUE,0.980404093003826
66,1633000,"1997-02-06",0.0248755249194801,0.997156210281135,0.839375834469831,1997,2,6,"Winter",0.981749088265994,0.748107499604271,1,1,1,18,18,FALSE,TRUE,TRUE,0.980404093003826
66,1633000,"1997-02-07",0.0239402207080275,0.962400624128331,0.965145294393739,1997,2,7,"Winter",0.981749088265994,0.748107499604271,1,1,1,18,18,FALSE,TRUE,TRUE,0.980404093003826
66,1633000,"1997-02-08",0.0231370787951164,0.966452192621525,1.00420985646893,1997,2,8,"Winter",0.981749088265994,0.748107499604271,1,1,1,18,18,FALSE,TRUE,TRUE,0.980404093003826
66,1633000,"1997-02-09",0.022877725888975,0.988790594161084,1.02311381950406,1997,2,9,"Winter",0.981749088265994,0.748107499604271,1,1,1,18,18,FALSE,TRUE,TRUE,0.980404093003826
66,1633000,"1997-02-10",0.0219296120340005,0.958557338278478,0.969424005384823,1997,2,10,"Winter",0.981749088265994,0.748107499604271,1,1,1,18,18,FALSE,TRUE,TRUE,0.980404093003826
66,1633000,"1997-02-11",0.0209000242175534,0.953050340569149,0.994254910489529,1997,2,11,"Winter",0.981749088265994,0.748107499604271,1,1,1,18,18,FALSE,TRUE,TRUE,0.980404093003826
66,1633000,"1997-02-12",0.0199123015045188,0.9527405948073,0.999674995382024,1997,2,12,"Winter",0.981749088265994,0.748107499604271,1,1,1,18,18,FALSE,TRUE,TRUE,0.980404093003826
66,1633000,"1997-02-13",0.0189634495181963,0.95234845223154,0.999588405723555,1997,2,13,"Winter",0.981749088265994,0.748107499604271,1,1,1,18,18,FALSE,TRUE,TRUE,0.980404093003826
67,1633000,"1997-04-04",0.0273679601959884,0.940429162529445,0.999330313488741,1997,4,4,"Spring",0.958182987706421,0.578350384076133,0.444043636322021,1.99967635126086e-05,14,29,16,FALSE,TRUE,TRUE,0.970486098504398
67,1633000,"1997-04-05",0.0255500642815604,0.933575761532479,0.992712475037958,1997,4,5,"Spring",0.958182987706421,0.578350384076133,0.444043636322021,1.99967635126086e-05,14,29,16,FALSE,TRUE,TRUE,0.970486098504398
67,1633000,"1997-04-06",0.0236851762165315,0.927010435493315,0.992967548741425,1997,4,6,"Spring",0.958182987706421,0.578350384076133,0.444043636322021,1.99967635126086e-05,14,29,16,FALSE,TRUE,TRUE,0.970486098504398
67,1633000,"1997-04-07",0.021869013318792,0.923320693030271,0.99601974010025,1997,4,7,"Spring",0.958182987706421,0.578350384076133,0.444043636322021,1.99967635126086e-05,14,29,16,FALSE,TRUE,TRUE,0.970486098504398
67,1633000,"1997-04-08",0.0201816519256681,0.922842362912006,0.999481945848419,1997,4,8,"Spring",0.958182987706421,0.578350384076133,0.444043636322021,1.99967635126086e-05,14,29,16,FALSE,TRUE,TRUE,0.970486098504398
67,1633000,"1997-04-09",0.0186554524698295,0.924376881463427,1.00166281763072,1997,4,9,"Spring",0.958182987706421,0.578350384076133,0.444043636322021,1.99967635126086e-05,14,29,16,FALSE,TRUE,TRUE,0.970486098504398
67,1633000,"1997-04-10",0.0172703071730211,0.925751181910572,1.00148673173757,1997,4,10,"Spring",0.958182987706421,0.578350384076133,0.444043636322021,1.99967635126086e-05,14,29,16,FALSE,TRUE,TRUE,0.970486098504398
67,1633000,"1997-04-11",0.0159616403398104,0.924224461088042,0.998350830274524,1997,4,11,"Spring",0.958182987706421,0.578350384076133,0.444043636322021,1.99967635126086e-05,14,29,16,FALSE,TRUE,TRUE,0.970486098504398
67,1633000,"1997-04-12",0.0166601147502661,1.04375956327706,1.12933557509212,1997,4,12,"Spring",0.958182987706421,0.578350384076133,0.444043636322021,1.99967635126086e-05,14,29,16,FALSE,TRUE,TRUE,0.970486098504398
67,1633000,"1997-04-13",0.0227427056524903,1.36509898001315,1.30786727905724,1997,4,13,"Spring",0.958182987706421,0.578350384076133,0.444043636322021,1.99967635126086e-05,14,29,16,FALSE,TRUE,TRUE,0.970486098504398
67,1633000,"1997-04-14",0.0211838925024495,0.931458764235903,0.682337894814726,1997,4,14,"Spring",0.958182987706421,0.578350384076133,0.444043636322021,1.99967635126086e-05,14,29,16,FALSE,TRUE,TRUE,0.970486098504398
67,1633000,"1997-04-15",0.019639914331492,0.927115464224581,0.995337098991296,1997,4,15,"Spring",0.958182987706421,0.578350384076133,0.444043636322021,1.99967635126086e-05,14,29,16,FALSE,TRUE,TRUE,0.970486098504398
67,1633000,"1997-04-16",0.0181683424161747,0.925072386239603,0.997796306863798,1997,4,16,"Spring",0.958182987706421,0.578350384076133,0.444043636322021,1.99967635126086e-05,14,29,16,FALSE,TRUE,TRUE,0.970486098504398
67,1633000,"1997-04-17",0.0167603961890563,0.922505521149529,0.997225227854322,1997,4,17,"Spring",0.958182987706421,0.578350384076133,0.444043636322021,1.99967635126086e-05,14,29,16,FALSE,TRUE,TRUE,0.970486098504398
67,1633000,"1997-04-18",0.0154935038881376,0.924411554080929,1.00206614799337,1997,4,18,"Spring",0.958182987706421,0.578350384076133,0.444043636322021,1.99967635126086e-05,14,29,16,FALSE,TRUE,TRUE,0.970486098504398
67,1633000,"1997-04-19",0.0143257440067828,0.924629064555956,1.00023529614496,1997,4,19,"Spring",0.958182987706421,0.578350384076133,0.444043636322021,1.99967635126086e-05,14,29,16,FALSE,TRUE,TRUE,0.970486098504398
68,1633000,"1997-05-01",0.0149708690587431,0.926623825137891,0.995581759868786,1997,5,1,"Spring",0.937556129845042,0.989198735492985,0.669334053993225,0.197800993919373,2,14,13,FALSE,TRUE,TRUE,0.929048143718142
68,1633000,"1997-05-02",0.0138108157552779,0.922512627763064,0.995563250951145,1997,5,2,"Spring",0.937556129845042,0.989198735492985,0.669334053993225,0.197800993919373,2,14,13,FALSE,TRUE,TRUE,0.929048143718142
68,1633000,"1997-05-03",0.0127149006584659,0.920648054667362,0.997978810219407,1997,5,3,"Spring",0.937556129845042,0.989198735492985,0.669334053993225,0.197800993919373,2,14,13,FALSE,TRUE,TRUE,0.929048143718142
68,1633000,"1997-05-04",0.0116788220475428,0.918514612205539,0.997682673144198,1997,5,4,"Spring",0.937556129845042,0.989198735492985,0.669334053993225,0.197800993919373,2,14,13,FALSE,TRUE,TRUE,0.929048143718142
68,1633000,"1997-05-05",0.0107336249493528,0.919067428689109,1.00060185921511,1997,5,5,"Spring",0.937556129845042,0.989198735492985,0.669334053993225,0.197800993919373,2,14,13,FALSE,TRUE,TRUE,0.929048143718142
68,1633000,"1997-05-06",0.00982007713173516,0.914889161683189,0.995453797104007,1997,5,6,"Spring",0.937556129845042,0.989198735492985,0.669334053993225,0.197800993919373,2,14,13,FALSE,TRUE,TRUE,0.929048143718142
68,1633000,"1997-05-07",0.00896661035949364,0.913089606039508,0.998033034252618,1997,5,7,"Spring",0.937556129845042,0.989198735492985,0.669334053993225,0.197800993919373,2,14,13,FALSE,TRUE,TRUE,0.929048143718142
68,1633000,"1997-05-08",0.00818274851189926,0.912579914129486,0.999441794204368,1997,5,8,"Spring",0.937556129845042,0.989198735492985,0.669334053993225,0.197800993919373,2,14,13,FALSE,TRUE,TRUE,0.929048143718142
68,1633000,"1997-05-09",0.00781149737304077,0.954630019690984,1.04607827206192,1997,5,9,"Spring",0.937556129845042,0.989198735492985,0.669334053993225,0.197800993919373,2,14,13,FALSE,TRUE,TRUE,0.929048143718142
68,1633000,"1997-05-10",0.00764677909319289,0.978913353998382,1.02543743000588,1997,5,10,"Spring",0.937556129845042,0.989198735492985,0.669334053993225,0.197800993919373,2,14,13,FALSE,TRUE,TRUE,0.929048143718142
68,1633000,"1997-05-11",0.00714888345100917,0.934888188070328,0.955026493664396,1997,5,11,"Spring",0.937556129845042,0.989198735492985,0.669334053993225,0.197800993919373,2,14,13,FALSE,TRUE,TRUE,0.929048143718142
68,1633000,"1997-05-12",0.00660104685812257,0.923367530518453,0.987676967471741,1997,5,12,"Spring",0.937556129845042,0.989198735492985,0.669334053993225,0.197800993919373,2,14,13,FALSE,TRUE,TRUE,0.929048143718142
68,1633000,"1997-05-13",0.0061772501503583,0.9357985609142,1.013462711201,1997,5,13,"Spring",0.937556129845042,0.989198735492985,0.669334053993225,0.197800993919373,2,14,13,FALSE,TRUE,TRUE,0.929048143718142
69,1633000,"1997-06-08",0.0296415066113696,0.948711340974435,0.995227376071,1997,6,8,"Summer",0.943015994149156,0.840481061571767,0.38107442855835,0.000657654542010278,3,16,14,FALSE,TRUE,TRUE,0.952420772091197
69,1633000,"1997-06-09",0.0278247764799744,0.938709926077161,0.989457894656344,1997,6,9,"Summer",0.943015994149156,0.840481061571767,0.38107442855835,0.000657654542010278,3,16,14,FALSE,TRUE,TRUE,0.952420772091197
69,1633000,"1997-06-10",0.0258601276436821,0.929392107149314,0.990073803771538,1997,6,10,"Summer",0.943015994149156,0.840481061571767,0.38107442855835,0.000657654542010278,3,16,14,FALSE,TRUE,TRUE,0.952420772091197
69,1633000,"1997-06-11",0.0238647012156434,0.922837719305451,0.992947661387004,1997,6,11,"Summer",0.943015994149156,0.840481061571767,0.38107442855835,0.000657654542010278,3,16,14,FALSE,TRUE,TRUE,0.952420772091197
69,1633000,"1997-06-12",0.0220847897580825,0.925416562249093,1.0027944706742,1997,6,12,"Summer",0.943015994149156,0.840481061571767,0.38107442855835,0.000657654542010278,3,16,14,FALSE,TRUE,TRUE,0.952420772091197
69,1633000,"1997-06-13",0.0212658498785459,0.962918375564933,1.04052425128928,1997,6,13,"Summer",0.943015994149156,0.840481061571767,0.38107442855835,0.000657654542010278,3,16,14,FALSE,TRUE,TRUE,0.952420772091197
69,1633000,"1997-06-14",0.0198275136644952,0.932364038010927,0.9682690264,1997,6,14,"Summer",0.943015994149156,0.840481061571767,0.38107442855835,0.000657654542010278,3,16,14,FALSE,TRUE,TRUE,0.952420772091197
69,1633000,"1997-06-15",0.018449678667821,0.930508937227895,0.998010325680311,1997,6,15,"Summer",0.943015994149156,0.840481061571767,0.38107442855835,0.000657654542010278,3,16,14,FALSE,TRUE,TRUE,0.952420772091197
69,1633000,"1997-06-16",0.016965291055385,0.919543985607459,0.988216178070141,1997,6,16,"Summer",0.943015994149156,0.840481061571767,0.38107442855835,0.000657654542010278,3,16,14,FALSE,TRUE,TRUE,0.952420772091197
69,1633000,"1997-06-17",0.0154211561894044,0.908982707049375,0.988514656478225,1997,6,17,"Summer",0.943015994149156,0.840481061571767,0.38107442855835,0.000657654542010278,3,16,14,FALSE,TRUE,TRUE,0.952420772091197
69,1633000,"1997-06-18",0.0149345749523491,0.968447162386587,1.06541868714999,1997,6,18,"Summer",0.943015994149156,0.840481061571767,0.38107442855835,0.000657654542010278,3,16,14,FALSE,TRUE,TRUE,0.952420772091197
69,1633000,"1997-06-19",0.0186837430810556,1.2510394933012,1.29179943097588,1997,6,19,"Summer",0.943015994149156,0.840481061571767,0.38107442855835,0.000657654542010278,3,16,14,FALSE,TRUE,TRUE,0.952420772091197
69,1633000,"1997-06-20",0.0173385898815468,0.928004083888699,0.741786401514722,1997,6,20,"Summer",0.943015994149156,0.840481061571767,0.38107442855835,0.000657654542010278,3,16,14,FALSE,TRUE,TRUE,0.952420772091197
69,1633000,"1997-06-21",0.0157437311136164,0.90801681227677,0.978462086580293,1997,6,21,"Summer",0.943015994149156,0.840481061571767,0.38107442855835,0.000657654542010278,3,16,14,FALSE,TRUE,TRUE,0.952420772091197
70,1633000,"1997-09-14",0.0186051827040501,0.934381173581866,0.989867157875835,1997,9,14,"Fall",0.98264798606252,0.287200688518717,0.953545331954956,0.953545331954956,1,40,40,FALSE,TRUE,TRUE,0.981330672213442
70,1633000,"1997-09-15",0.017201416019816,0.924549696363446,0.989478087212811,1997,9,15,"Fall",0.98264798606252,0.287200688518717,0.953545331954956,0.953545331954956,1,40,40,FALSE,TRUE,TRUE,0.981330672213442
70,1633000,"1997-09-16",0.0158144022570923,0.919366303266788,0.994393602510448,1997,9,16,"Fall",0.98264798606252,0.287200688518717,0.953545331954956,0.953545331954956,1,40,40,FALSE,TRUE,TRUE,0.981330672213442
70,1633000,"1997-09-17",0.0144942639744841,0.916523036334415,0.996907362253467,1997,9,17,"Fall",0.98264798606252,0.287200688518717,0.953545331954956,0.953545331954956,1,40,40,FALSE,TRUE,TRUE,0.981330672213442
70,1633000,"1997-09-18",0.0133663117303513,0.92217940516894,1.00617155118888,1997,9,18,"Fall",0.98264798606252,0.287200688518717,0.953545331954956,0.953545331954956,1,40,40,FALSE,TRUE,TRUE,0.981330672213442
70,1633000,"1997-09-19",0.0122783246333711,0.918602295163468,0.99612102592465,1997,9,19,"Fall",0.98264798606252,0.287200688518717,0.953545331954956,0.953545331954956,1,40,40,FALSE,TRUE,TRUE,0.981330672213442
70,1633000,"1997-09-20",0.0112883957917802,0.919375902564071,1.00084215705173,1997,9,20,"Fall",0.98264798606252,0.287200688518717,0.953545331954956,0.953545331954956,1,40,40,FALSE,TRUE,TRUE,0.981330672213442
70,1633000,"1997-09-21",0.0105683157162275,0.93621059282161,1.01831099793957,1997,9,21,"Fall",0.98264798606252,0.287200688518717,0.953545331954956,0.953545331954956,1,40,40,FALSE,TRUE,TRUE,0.981330672213442
70,1633000,"1997-09-22",0.00984687972231768,0.931735953648501,0.995220477948638,1997,9,22,"Fall",0.98264798606252,0.287200688518717,0.953545331954956,0.953545331954956,1,40,40,FALSE,TRUE,TRUE,0.981330672213442
70,1633000,"1997-09-23",0.00901084070210345,0.915096046281608,0.982140962467173,1997,9,23,"Fall",0.98264798606252,0.287200688518717,0.953545331954956,0.953545331954956,1,40,40,FALSE,TRUE,TRUE,0.981330672213442
70,1633000,"1997-09-24",0.00822142240940593,0.912392381710483,0.997045485463399,1997,9,24,"Fall",0.98264798606252,0.287200688518717,0.953545331954956,0.953545331954956,1,40,40,FALSE,TRUE,TRUE,0.981330672213442
70,1633000,"1997-09-25",0.00747187878005207,0.908830419843612,0.996096019718847,1997,9,25,"Fall",0.98264798606252,0.287200688518717,0.953545331954956,0.953545331954956,1,40,40,FALSE,TRUE,TRUE,0.981330672213442
70,1633000,"1997-09-26",0.00672978634247556,0.900681949022286,0.991034113027679,1997,9,26,"Fall",0.98264798606252,0.287200688518717,0.953545331954956,0.953545331954956,1,40,40,FALSE,TRUE,TRUE,0.981330672213442
70,1633000,"1997-09-27",0.00602775238803588,0.89568257910229,0.994449350377874,1997,9,27,"Fall",0.98264798606252,0.287200688518717,0.953545331954956,0.953545331954956,1,40,40,FALSE,TRUE,TRUE,0.981330672213442
70,1633000,"1997-09-28",0.00843905258807354,1.40003305457996,1.56309063863134,1997,9,28,"Fall",0.98264798606252,0.287200688518717,0.953545331954956,0.953545331954956,1,40,40,FALSE,TRUE,TRUE,0.981330672213442
70,1633000,"1997-09-29",0.0200494906166568,2.37579875316712,1.69695904349908,1997,9,29,"Fall",0.98264798606252,0.287200688518717,0.953545331954956,0.953545331954956,1,40,40,FALSE,TRUE,TRUE,0.981330672213442
70,1633000,"1997-09-30",0.0200230347109027,0.998680469930137,0.420355667161969,1997,9,30,"Fall",0.98264798606252,0.287200688518717,0.953545331954956,0.953545331954956,1,40,40,FALSE,TRUE,TRUE,0.981330672213442
70,1633000,"1997-10-01",0.0196819504490122,0.982965406252591,0.984264172424794,1997,10,1,"Fall",0.98264798606252,0.287200688518717,0.953545331954956,0.953545331954956,1,40,40,FALSE,TRUE,TRUE,0.981330672213442
70,1633000,"1997-10-02",0.019122013123706,0.971550719693315,0.988387499207329,1997,10,2,"Fall",0.98264798606252,0.287200688518717,0.953545331954956,0.953545331954956,1,40,40,FALSE,TRUE,TRUE,0.981330672213442
70,1633000,"1997-10-03",0.0183970289654098,0.962086410379179,0.990258553545076,1997,10,3,"Fall",0.98264798606252,0.287200688518717,0.953545331954956,0.953545331954956,1,40,40,FALSE,TRUE,TRUE,0.981330672213442
70,1633000,"1997-10-04",0.0175054171704687,0.951535011625109,0.989032795141642,1997,10,4,"Fall",0.98264798606252,0.287200688518717,0.953545331954956,0.953545331954956,1,40,40,FALSE,TRUE,TRUE,0.981330672213442
70,1633000,"1997-10-05",0.0164782212814316,0.941321256212622,0.98926602249239,1997,10,5,"Fall",0.98264798606252,0.287200688518717,0.953545331954956,0.953545331954956,1,40,40,FALSE,TRUE,TRUE,0.981330672213442
70,1633000,"1997-10-06",0.0153826716123149,0.933515295710269,0.991707442649537,1997,10,6,"Fall",0.98264798606252,0.287200688518717,0.953545331954956,0.953545331954956,1,40,40,FALSE,TRUE,TRUE,0.981330672213442
70,1633000,"1997-10-07",0.0142702650045976,0.927684433773733,0.99375386566955,1997,10,7,"Fall",0.98264798606252,0.287200688518717,0.953545331954956,0.953545331954956,1,40,40,FALSE,TRUE,TRUE,0.981330672213442
70,1633000,"1997-10-08",0.0131844501011074,0.923910669974214,0.995932060879617,1997,10,8,"Fall",0.98264798606252,0.287200688518717,0.953545331954956,0.953545331954956,1,40,40,FALSE,TRUE,TRUE,0.981330672213442
70,1633000,"1997-10-09",0.0121387726103421,0.920688577623924,0.99651254990877,1997,10,9,"Fall",0.98264798606252,0.287200688518717,0.953545331954956,0.953545331954956,1,40,40,FALSE,TRUE,TRUE,0.981330672213442
70,1633000,"1997-10-10",0.0111412297119386,0.917821765805747,0.996886230710524,1997,10,10,"Fall",0.98264798606252,0.287200688518717,0.953545331954956,0.953545331954956,1,40,40,FALSE,TRUE,TRUE,0.981330672213442
70,1633000,"1997-10-11",0.0102271888172254,0.917958706682639,1.00014920203682,1997,10,11,"Fall",0.98264798606252,0.287200688518717,0.953545331954956,0.953545331954956,1,40,40,FALSE,TRUE,TRUE,0.981330672213442
70,1633000,"1997-10-12",0.00940101852756925,0.919218242234401,1.00137210480449,1997,10,12,"Fall",0.98264798606252,0.287200688518717,0.953545331954956,0.953545331954956,1,40,40,FALSE,TRUE,TRUE,0.981330672213442
70,1633000,"1997-10-13",0.00860362444655038,0.915180033027225,0.995606909195623,1997,10,13,"Fall",0.98264798606252,0.287200688518717,0.953545331954956,0.953545331954956,1,40,40,FALSE,TRUE,TRUE,0.981330672213442
70,1633000,"1997-10-14",0.00783272925764322,0.910398786732695,0.994775622148666,1997,10,14,"Fall",0.98264798606252,0.287200688518717,0.953545331954956,0.953545331954956,1,40,40,FALSE,TRUE,TRUE,0.981330672213442
70,1633000,"1997-10-15",0.00750395638169721,0.9580257576725,1.05231440510892,1997,10,15,"Fall",0.98264798606252,0.287200688518717,0.953545331954956,0.953545331954956,1,40,40,FALSE,TRUE,TRUE,0.981330672213442
70,1633000,"1997-10-16",0.00707590457750484,0.942956517546341,0.984270527169573,1997,10,16,"Fall",0.98264798606252,0.287200688518717,0.953545331954956,0.953545331954956,1,40,40,FALSE,TRUE,TRUE,0.981330672213442
70,1633000,"1997-10-17",0.00668268336448819,0.944428135129641,1.00156064204013,1997,10,17,"Fall",0.98264798606252,0.287200688518717,0.953545331954956,0.953545331954956,1,40,40,FALSE,TRUE,TRUE,0.981330672213442
70,1633000,"1997-10-18",0.00762184910126962,1.14053721919134,1.20764849835269,1997,10,18,"Fall",0.98264798606252,0.287200688518717,0.953545331954956,0.953545331954956,1,40,40,FALSE,TRUE,TRUE,0.981330672213442
70,1633000,"1997-10-19",0.00716831572935917,0.940495624370876,0.824607569613291,1997,10,19,"Fall",0.98264798606252,0.287200688518717,0.953545331954956,0.953545331954956,1,40,40,FALSE,TRUE,TRUE,0.981330672213442
70,1633000,"1997-10-20",0.00668559386394918,0.93265895593397,0.99166751207147,1997,10,20,"Fall",0.98264798606252,0.287200688518717,0.953545331954956,0.953545331954956,1,40,40,FALSE,TRUE,TRUE,0.981330672213442
70,1633000,"1997-10-21",0.00614570887410082,0.919246517088095,0.985619138956915,1997,10,21,"Fall",0.98264798606252,0.287200688518717,0.953545331954956,0.953545331954956,1,40,40,FALSE,TRUE,TRUE,0.981330672213442
70,1633000,"1997-10-22",0.0056415111903334,0.917959393440812,0.998599805793814,1997,10,22,"Fall",0.98264798606252,0.287200688518717,0.953545331954956,0.953545331954956,1,40,40,FALSE,TRUE,TRUE,0.981330672213442
70,1633000,"1997-10-23",0.00520618197333533,0.922834644422226,1.00531096584037,1997,10,23,"Fall",0.98264798606252,0.287200688518717,0.953545331954956,0.953545331954956,1,40,40,FALSE,TRUE,TRUE,0.981330672213442
71,1633000,"1997-11-24",0.0462360451929271,0.945905371586101,0.994217147670475,1997,11,24,"Fall",0.961482195498061,0.912710806066687,0.358019709587097,0.225057125091553,2,30,29,FALSE,TRUE,TRUE,0.962151563672299
71,1633000,"1997-11-25",0.0436833509011194,0.944789951624188,0.998820791174869,1997,11,25,"Fall",0.961482195498061,0.912710806066687,0.358019709587097,0.225057125091553,2,30,29,FALSE,TRUE,TRUE,0.962151563672299
71,1633000,"1997-11-26",0.0412247464992106,0.943717586879403,0.998864970205344,1997,11,26,"Fall",0.961482195498061,0.912710806066687,0.358019709587097,0.225057125091553,2,30,29,FALSE,TRUE,TRUE,0.962151563672299
71,1633000,"1997-11-27",0.038859439548105,0.942624099552658,0.998841298136278,1997,11,27,"Fall",0.961482195498061,0.912710806066687,0.358019709587097,0.225057125091553,2,30,29,FALSE,TRUE,TRUE,0.962151563672299
71,1633000,"1997-11-28",0.0365549327107147,0.940696343946558,0.997954905240578,1997,11,28,"Fall",0.961482195498061,0.912710806066687,0.358019709587097,0.225057125091553,2,30,29,FALSE,TRUE,TRUE,0.962151563672299
71,1633000,"1997-11-29",0.0342965498566627,0.938219477192747,0.997366985882586,1997,11,29,"Fall",0.961482195498061,0.912710806066687,0.358019709587097,0.225057125091553,2,30,29,FALSE,TRUE,TRUE,0.962151563672299
71,1633000,"1997-11-30",0.0322977112373337,0.941718959263166,1.00372991837783,1997,11,30,"Fall",0.961482195498061,0.912710806066687,0.358019709587097,0.225057125091553,2,30,29,FALSE,TRUE,TRUE,0.962151563672299
71,1633000,"1997-12-01",0.03114459651988,0.964297324074134,1.02397569316076,1997,12,1,"Winter",0.961482195498061,0.912710806066687,0.358019709587097,0.225057125091553,2,30,29,FALSE,TRUE,TRUE,0.962151563672299
71,1633000,"1997-12-02",0.0291936374269426,0.937358023190569,0.972063283583794,1997,12,2,"Winter",0.961482195498061,0.912710806066687,0.358019709587097,0.225057125091553,2,30,29,FALSE,TRUE,TRUE,0.962151563672299
71,1633000,"1997-12-03",0.0273680186364799,0.937465182438082,1.00011432051027,1997,12,3,"Winter",0.961482195498061,0.912710806066687,0.358019709587097,0.225057125091553,2,30,29,FALSE,TRUE,TRUE,0.962151563672299
71,1633000,"1997-12-04",0.0256685455096886,0.937902953466785,1.00046697310674,1997,12,4,"Winter",0.961482195498061,0.912710806066687,0.358019709587097,0.225057125091553,2,30,29,FALSE,TRUE,TRUE,0.962151563672299
71,1633000,"1997-12-05",0.0240863339276984,0.938359905067744,1.00048720563174,1997,12,5,"Winter",0.961482195498061,0.912710806066687,0.358019709587097,0.225057125091553,2,30,29,FALSE,TRUE,TRUE,0.962151563672299
71,1633000,"1997-12-06",0.0226130652008578,0.93883383285879,1.00050505972014,1997,12,6,"Winter",0.961482195498061,0.912710806066687,0.358019709587097,0.225057125091553,2,30,29,FALSE,TRUE,TRUE,0.962151563672299
71,1633000,"1997-12-07",0.0212409568484873,0.939322319191009,1.00052031181144,1997,12,7,"Winter",0.961482195498061,0.912710806066687,0.358019709587097,0.225057125091553,2,30,29,FALSE,TRUE,TRUE,0.962151563672299
71,1633000,"1997-12-08",0.0199627408292145,0.939823049009026,1.00053307560971,1997,12,8,"Winter",0.961482195498061,0.912710806066687,0.358019709587097,0.225057125091553,2,30,29,FALSE,TRUE,TRUE,0.962151563672299
71,1633000,"1997-12-09",0.018771527451463,0.940328164957783,1.00053745856658,1997,12,9,"Winter",0.961482195498061,0.912710806066687,0.358019709587097,0.225057125091553,2,30,29,FALSE,TRUE,TRUE,0.962151563672299
71,1633000,"1997-12-10",0.0194186012377031,1.03447102468956,1.10011702641705,1997,12,10,"Winter",0.961482195498061,0.912710806066687,0.358019709587097,0.225057125091553,2,30,29,FALSE,TRUE,TRUE,0.962151563672299
71,1633000,"1997-12-11",0.0227683300618082,1.17250103563594,1.13343052405726,1997,12,11,"Winter",0.961482195498061,0.912710806066687,0.358019709587097,0.225057125091553,2,30,29,FALSE,TRUE,TRUE,0.962151563672299
71,1633000,"1997-12-12",0.0232318937196396,1.02036002010569,0.870242318849867,1997,12,12,"Winter",0.961482195498061,0.912710806066687,0.358019709587097,0.225057125091553,2,30,29,FALSE,TRUE,TRUE,0.962151563672299
71,1633000,"1997-12-13",0.0230290501494892,0.991268745776891,0.971489206010065,1997,12,13,"Winter",0.961482195498061,0.912710806066687,0.358019709587097,0.225057125091553,2,30,29,FALSE,TRUE,TRUE,0.962151563672299
71,1633000,"1997-12-14",0.0217934267711826,0.946345013351146,0.954680572128262,1997,12,14,"Winter",0.961482195498061,0.912710806066687,0.358019709587097,0.225057125091553,2,30,29,FALSE,TRUE,TRUE,0.962151563672299
71,1633000,"1997-12-15",0.0204659717855975,0.939089203385841,0.992332806890786,1997,12,15,"Winter",0.961482195498061,0.912710806066687,0.358019709587097,0.225057125091553,2,30,29,FALSE,TRUE,TRUE,0.962151563672299
71,1633000,"1997-12-16",0.0192302998621017,0.939623100410731,1.00056852642216,1997,12,16,"Winter",0.961482195498061,0.912710806066687,0.358019709587097,0.225057125091553,2,30,29,FALSE,TRUE,TRUE,0.962151563672299
71,1633000,"1997-12-17",0.0180796235799789,0.940163372886845,1.00057498849898,1997,12,17,"Winter",0.961482195498061,0.912710806066687,0.358019709587097,0.225057125091553,2,30,29,FALSE,TRUE,TRUE,0.962151563672299
71,1633000,"1997-12-18",0.0170076317735948,0.940707183330339,1.00057842121824,1997,12,18,"Winter",0.961482195498061,0.912710806066687,0.358019709587097,0.225057125091553,2,30,29,FALSE,TRUE,TRUE,0.962151563672299
71,1633000,"1997-12-19",0.0159895971883088,0.940142484336562,0.999399708002891,1997,12,19,"Winter",0.961482195498061,0.912710806066687,0.358019709587097,0.225057125091553,2,30,29,FALSE,TRUE,TRUE,0.962151563672299
71,1633000,"1997-12-20",0.0149948054458946,0.937785065458585,0.997492487663036,1997,12,20,"Winter",0.961482195498061,0.912710806066687,0.358019709587097,0.225057125091553,2,30,29,FALSE,TRUE,TRUE,0.962151563672299
71,1633000,"1997-12-21",0.0140536007820629,0.937231285378935,0.99940948080744,1997,12,21,"Winter",0.961482195498061,0.912710806066687,0.358019709587097,0.225057125091553,2,30,29,FALSE,TRUE,TRUE,0.962151563672299
71,1633000,"1997-12-22",0.0131877756793983,0.938391226839913,1.00123762563102,1997,12,22,"Winter",0.961482195498061,0.912710806066687,0.358019709587097,0.225057125091553,2,30,29,FALSE,TRUE,TRUE,0.962151563672299
72,1633000,"1998-04-13",0.0352394845103845,0.943885149602284,0.997277792525716,1998,4,13,"Spring",0.987090949859757,0.201636875785476,0.939613699913025,0.939613699913025,1,18,18,FALSE,TRUE,TRUE,0.985801840356177
72,1633000,"1998-04-14",0.0329299826407805,0.934462665907516,0.990017340882268,1998,4,14,"Spring",0.987090949859757,0.201636875785476,0.939613699913025,0.939613699913025,1,18,18,FALSE,TRUE,TRUE,0.985801840356177
72,1633000,"1998-04-15",0.0304867511149496,0.925805259222785,0.990735417261081,1998,4,15,"Spring",0.987090949859757,0.201636875785476,0.939613699913025,0.939613699913025,1,18,18,FALSE,TRUE,TRUE,0.985801840356177
72,1633000,"1998-04-16",0.0280494132312014,0.92005255415514,0.993786268753243,1998,4,16,"Spring",0.987090949859757,0.201636875785476,0.939613699913025,0.939613699913025,1,18,18,FALSE,TRUE,TRUE,0.985801840356177
72,1633000,"1998-04-17",0.0257876629475504,0.919365504546987,0.99925324960509,1998,4,17,"Spring",0.987090949859757,0.201636875785476,0.939613699913025,0.939613699913025,1,18,18,FALSE,TRUE,TRUE,0.985801840356177
72,1633000,"1998-04-18",0.0237456039176322,0.920812559320652,1.00157397114261,1998,4,18,"Spring",0.987090949859757,0.201636875785476,0.939613699913025,0.939613699913025,1,18,18,FALSE,TRUE,TRUE,0.985801840356177
72,1633000,"1998-04-19",0.0284289145492949,1.19722853324379,1.30018701539765,1998,4,19,"Spring",0.987090949859757,0.201636875785476,0.939613699913025,0.939613699913025,1,18,18,FALSE,TRUE,TRUE,0.985801840356177
72,1633000,"1998-04-20",0.0389161193743348,1.36889219976568,1.14338420924264,1998,4,20,"Spring",0.987090949859757,0.201636875785476,0.939613699913025,0.939613699913025,1,18,18,FALSE,TRUE,TRUE,0.985801840356177
72,1633000,"1998-04-21",0.037440738407895,0.962088178622126,0.702822456572411,1998,4,21,"Spring",0.987090949859757,0.201636875785476,0.939613699913025,0.939613699913025,1,18,18,FALSE,TRUE,TRUE,0.985801840356177
72,1633000,"1998-04-22",0.0357223172904923,0.954102905271754,0.991700060838698,1998,4,22,"Spring",0.987090949859757,0.201636875785476,0.939613699913025,0.939613699913025,1,18,18,FALSE,TRUE,TRUE,0.985801840356177
72,1633000,"1998-04-23",0.0338792017428204,0.948404367704262,0.994027334435305,1998,4,23,"Spring",0.987090949859757,0.201636875785476,0.939613699913025,0.939613699913025,1,18,18,FALSE,TRUE,TRUE,0.985801840356177
72,1633000,"1998-04-24",0.0318777916254476,0.940925109966707,0.992113851441174,1998,4,24,"Spring",0.987090949859757,0.201636875785476,0.939613699913025,0.939613699913025,1,18,18,FALSE,TRUE,TRUE,0.985801840356177
72,1633000,"1998-04-25",0.0297118766466156,0.93205567674572,0.99057370971713,1998,4,25,"Spring",0.987090949859757,0.201636875785476,0.939613699913025,0.939613699913025,1,18,18,FALSE,TRUE,TRUE,0.985801840356177
72,1633000,"1998-04-26",0.0275232901331037,0.926339674213707,0.993867316433317,1998,4,26,"Spring",0.987090949859757,0.201636875785476,0.939613699913025,0.939613699913025,1,18,18,FALSE,TRUE,TRUE,0.985801840356177
72,1633000,"1998-04-27",0.0271184676093981,0.985291637673115,1.06363968326138,1998,4,27,"Spring",0.987090949859757,0.201636875785476,0.939613699913025,0.939613699913025,1,18,18,FALSE,TRUE,TRUE,0.985801840356177
72,1633000,"1998-04-28",0.025305142858997,0.933133214733245,0.947062959893734,1998,4,28,"Spring",0.987090949859757,0.201636875785476,0.939613699913025,0.939613699913025,1,18,18,FALSE,TRUE,TRUE,0.985801840356177
72,1633000,"1998-04-29",0.0234412028221413,0.926341453702051,0.992721552588678,1998,4,29,"Spring",0.987090949859757,0.201636875785476,0.939613699913025,0.939613699913025,1,18,18,FALSE,TRUE,TRUE,0.985801840356177
72,1633000,"1998-04-30",0.021715623093769,0.926386894842167,1.00004905441717,1998,4,30,"Spring",0.987090949859757,0.201636875785476,0.939613699913025,0.939613699913025,1,18,18,FALSE,TRUE,TRUE,0.985801840356177
73,1633000,"1998-05-16",0.0368300456320867,0.932012186980095,0.992119896601128,1998,5,16,"Spring",0.917577725752545,0.965301045623834,0.42771053314209,1.56059485334481e-07,6,18,13,FALSE,TRUE,TRUE,0.933787426481299
73,1633000,"1998-05-17",0.0387805523350835,1.05295966023179,1.12977027011159,1998,5,17,"Spring",0.917577725752545,0.965301045623834,0.42771053314209,1.56059485334481e-07,6,18,13,FALSE,TRUE,TRUE,0.933787426481299
73,1633000,"1998-05-18",0.0358355962671339,0.924061007628162,0.877584434169817,1998,5,18,"Spring",0.917577725752545,0.965301045623834,0.42771053314209,1.56059485334481e-07,6,18,13,FALSE,TRUE,TRUE,0.933787426481299
73,1633000,"1998-05-19",0.0328945318469778,0.917928966543986,0.993364030043952,1998,5,19,"Spring",0.917577725752545,0.965301045623834,0.42771053314209,1.56059485334481e-07,6,18,13,FALSE,TRUE,TRUE,0.933787426481299
73,1633000,"1998-05-20",0.0300107558723539,0.912332664041582,0.993903338159734,1998,5,20,"Spring",0.917577725752545,0.965301045623834,0.42771053314209,1.56059485334481e-07,6,18,13,FALSE,TRUE,TRUE,0.933787426481299
73,1633000,"1998-05-21",0.0273154138121754,0.9101874650661,0.997648665821106,1998,5,21,"Spring",0.917577725752545,0.965301045623834,0.42771053314209,1.56059485334481e-07,6,18,13,FALSE,TRUE,TRUE,0.933787426481299
73,1633000,"1998-05-22",0.0248600905761123,0.910112171356939,0.999917276701722,1998,5,22,"Spring",0.917577725752545,0.965301045623834,0.42771053314209,1.56059485334481e-07,6,18,13,FALSE,TRUE,TRUE,0.933787426481299
73,1633000,"1998-05-23",0.0226552538806573,0.911310190576151,1.00131634237725,1998,5,23,"Spring",0.917577725752545,0.965301045623834,0.42771053314209,1.56059485334481e-07,6,18,13,FALSE,TRUE,TRUE,0.933787426481299
73,1633000,"1998-05-24",0.0206654001376592,0.912168111049199,1.00094141433062,1998,5,24,"Spring",0.917577725752545,0.965301045623834,0.42771053314209,1.56059485334481e-07,6,18,13,FALSE,TRUE,TRUE,0.933787426481299
73,1633000,"1998-05-25",0.0222510402090848,1.07672922183278,1.18040655970126,1998,5,25,"Spring",0.917577725752545,0.965301045623834,0.42771053314209,1.56059485334481e-07,6,18,13,FALSE,TRUE,TRUE,0.933787426481299
73,1633000,"1998-05-26",0.0205978584126569,0.925703167991542,0.859736272798313,1998,5,26,"Spring",0.917577725752545,0.965301045623834,0.42771053314209,1.56059485334481e-07,6,18,13,FALSE,TRUE,TRUE,0.933787426481299
73,1633000,"1998-05-27",0.0188890666468069,0.917040318871207,0.990641871584895,1998,5,27,"Spring",0.917577725752545,0.965301045623834,0.42771053314209,1.56059485334481e-07,6,18,13,FALSE,TRUE,TRUE,0.933787426481299
73,1633000,"1998-05-28",0.0172515352023765,0.913307974658072,0.995930010778883,1998,5,28,"Spring",0.917577725752545,0.965301045623834,0.42771053314209,1.56059485334481e-07,6,18,13,FALSE,TRUE,TRUE,0.933787426481299
74,1633000,"1998-12-12",0.00386478821747005,0.944197134640383,1.00006545236331,1998,12,12,"Winter",0.993058734978484,0.818542722883647,0.303096532821655,5.00679016113281e-06,2,18,17,FALSE,TRUE,TRUE,0.950922160254535
74,1633000,"1998-12-13",0.00503556922194548,1.30293535857492,1.37993996250706,1998,12,13,"Winter",0.993058734978484,0.818542722883647,0.303096532821655,5.00679016113281e-06,2,18,17,FALSE,TRUE,TRUE,0.950922160254535
74,1633000,"1998-12-14",0.00579694050247781,1.1511986524213,0.883542414322392,1998,12,14,"Winter",0.993058734978484,0.818542722883647,0.303096532821655,5.00679016113281e-06,2,18,17,FALSE,TRUE,TRUE,0.950922160254535
74,1633000,"1998-12-15",0.00546908174874261,0.943442794764745,0.819530836646147,1998,12,15,"Winter",0.993058734978484,0.818542722883647,0.303096532821655,5.00679016113281e-06,2,18,17,FALSE,TRUE,TRUE,0.950922160254535
74,1633000,"1998-12-16",0.00516021490329876,0.943524917045744,1.00008704532109,1998,12,16,"Winter",0.993058734978484,0.818542722883647,0.303096532821655,5.00679016113281e-06,2,18,17,FALSE,TRUE,TRUE,0.950922160254535
74,1633000,"1998-12-17",0.00486920264665969,0.943604624595569,1.00008447847893,1998,12,17,"Winter",0.993058734978484,0.818542722883647,0.303096532821655,5.00679016113281e-06,2,18,17,FALSE,TRUE,TRUE,0.950922160254535
74,1633000,"1998-12-18",0.00459497890551575,0.943682002774713,1.00008200275531,1998,12,18,"Winter",0.993058734978484,0.818542722883647,0.303096532821655,5.00679016113281e-06,2,18,17,FALSE,TRUE,TRUE,0.950922160254535
74,1633000,"1998-12-19",0.00433654402149841,0.94375711198432,1.00007959165205,1998,12,19,"Winter",0.993058734978484,0.818542722883647,0.303096532821655,5.00679016113281e-06,2,18,17,FALSE,TRUE,TRUE,0.950922160254535
74,1633000,"1998-12-20",0.00404363087727688,0.932454705228538,0.988024030110865,1998,12,20,"Winter",0.993058734978484,0.818542722883647,0.303096532821655,5.00679016113281e-06,2,18,17,FALSE,TRUE,TRUE,0.950922160254535
74,1633000,"1998-12-21",0.00368216558126733,0.910608730870861,0.976571543652275,1998,12,21,"Winter",0.993058734978484,0.818542722883647,0.303096532821655,5.00679016113281e-06,2,18,17,FALSE,TRUE,TRUE,0.950922160254535
74,1633000,"1998-12-22",0.0033963725581998,0.922384527050746,1.01293178483872,1998,12,22,"Winter",0.993058734978484,0.818542722883647,0.303096532821655,5.00679016113281e-06,2,18,17,FALSE,TRUE,TRUE,0.950922160254535
74,1633000,"1998-12-23",0.0032066392886918,0.944136496730923,1.02358232281902,1998,12,23,"Winter",0.993058734978484,0.818542722883647,0.303096532821655,5.00679016113281e-06,2,18,17,FALSE,TRUE,TRUE,0.950922160254535
74,1633000,"1998-12-24",0.00302770327834878,0.944198272947619,1.00006543144652,1998,12,24,"Winter",0.993058734978484,0.818542722883647,0.303096532821655,5.00679016113281e-06,2,18,17,FALSE,TRUE,TRUE,0.950922160254535
74,1633000,"1998-12-25",0.00285893365798984,0.944258203382801,1.00006347229909,1998,12,25,"Winter",0.993058734978484,0.818542722883647,0.303096532821655,5.00679016113281e-06,2,18,17,FALSE,TRUE,TRUE,0.950922160254535
74,1633000,"1998-12-26",0.00269973787362687,0.944316376870774,1.00006160760665,1998,12,26,"Winter",0.993058734978484,0.818542722883647,0.303096532821655,5.00679016113281e-06,2,18,17,FALSE,TRUE,TRUE,0.950922160254535
74,1633000,"1998-12-27",0.00254955911077559,0.944372835482161,1.00005978781346,1998,12,27,"Winter",0.993058734978484,0.818542722883647,0.303096532821655,5.00679016113281e-06,2,18,17,FALSE,TRUE,TRUE,0.950922160254535
74,1633000,"1998-12-28",0.00240787408984033,0.944427638356596,1.00005803097291,1998,12,28,"Winter",0.993058734978484,0.818542722883647,0.303096532821655,5.00679016113281e-06,2,18,17,FALSE,TRUE,TRUE,0.950922160254535
75,1633000,"1999-01-28",0.044038019143045,0.96536520822282,0.990734999576045,1999,1,28,"Winter",0.967923582236302,0.694539842506832,0.502158224582672,0.00051535468082875,2,14,13,FALSE,TRUE,TRUE,0.98252616690669
75,1633000,"1999-01-29",0.0421953800832853,0.958157994032964,0.992534209718285,1999,1,29,"Winter",0.967923582236302,0.694539842506832,0.502158224582672,0.00051535468082875,2,14,13,FALSE,TRUE,TRUE,0.98252616690669
75,1633000,"1999-01-30",0.0402757049305364,0.954505086837475,0.996187573220452,1999,1,30,"Winter",0.967923582236302,0.694539842506832,0.502158224582672,0.00051535468082875,2,14,13,FALSE,TRUE,TRUE,0.98252616690669
75,1633000,"1999-01-31",0.0383411562070251,0.951967352853342,0.997341309104448,1999,1,31,"Winter",0.967923582236302,0.694539842506832,0.502158224582672,0.00051535468082875,2,14,13,FALSE,TRUE,TRUE,0.98252616690669
75,1633000,"1999-02-01",0.0364321885863319,0.950211005364951,0.99815503390623,1999,2,1,"Winter",0.967923582236302,0.694539842506832,0.502158224582672,0.00051535468082875,2,14,13,FALSE,TRUE,TRUE,0.98252616690669
75,1633000,"1999-02-02",0.0376345062395558,1.03300152145334,1.08712855946831,1999,2,2,"Winter",0.967923582236302,0.694539842506832,0.502158224582672,0.00051535468082875,2,14,13,FALSE,TRUE,TRUE,0.98252616690669
75,1633000,"1999-02-03",0.0412182139698416,1.09522398693036,1.06023463100952,1999,2,3,"Winter",0.967923582236302,0.694539842506832,0.502158224582672,0.00051535468082875,2,14,13,FALSE,TRUE,TRUE,0.98252616690669
75,1633000,"1999-02-04",0.0399863129714504,0.970112703105172,0.885766486747757,1999,2,4,"Winter",0.967923582236302,0.694539842506832,0.502158224582672,0.00051535468082875,2,14,13,FALSE,TRUE,TRUE,0.98252616690669
75,1633000,"1999-02-05",0.0378554131602868,0.946709269927313,0.97587555229104,1999,2,5,"Winter",0.967923582236302,0.694539842506832,0.502158224582672,0.00051535468082875,2,14,13,FALSE,TRUE,TRUE,0.98252616690669
75,1633000,"1999-02-06",0.0356374065158889,0.94140846818904,0.994400813526755,1999,2,6,"Winter",0.967923582236302,0.694539842506832,0.502158224582672,0.00051535468082875,2,14,13,FALSE,TRUE,TRUE,0.98252616690669
75,1633000,"1999-02-07",0.0344266176689416,0.966024776623197,1.02614838220173,1999,2,7,"Winter",0.967923582236302,0.694539842506832,0.502158224582672,0.00051535468082875,2,14,13,FALSE,TRUE,TRUE,0.98252616690669
75,1633000,"1999-02-08",0.0355791114270687,1.03347682218479,1.06982434321962,1999,2,8,"Winter",0.967923582236302,0.694539842506832,0.502158224582672,0.00051535468082875,2,14,13,FALSE,TRUE,TRUE,0.98252616690669
75,1633000,"1999-02-09",0.0334735217038542,0.940819496643962,0.910344070082817,1999,2,9,"Winter",0.967923582236302,0.694539842506832,0.502158224582672,0.00051535468082875,2,14,13,FALSE,TRUE,TRUE,0.98252616690669
77,1633000,"1999-04-29",0.0127350150723942,0.922787212345928,0.997317402930298,1999,4,29,"Spring",0.97777678235463,0.00116755865104753,0.525992512702942,0.0275134295225143,4,24,21,FALSE,TRUE,TRUE,0.99848759906819
77,1633000,"1999-04-30",0.0117197393265087,0.92027683201677,0.997279567493382,1999,4,30,"Spring",0.97777678235463,0.00116755865104753,0.525992512702942,0.0275134295225143,4,24,21,FALSE,TRUE,TRUE,0.99848759906819
77,1633000,"1999-05-01",0.0107558454328682,0.917754664435218,0.997259338175421,1999,5,1,"Spring",0.97777678235463,0.00116755865104753,0.525992512702942,0.0275134295225143,4,24,21,FALSE,TRUE,TRUE,0.99848759906819
77,1633000,"1999-05-02",0.00983331495081075,0.91422984945113,0.996159305835556,1999,5,2,"Spring",0.97777678235463,0.00116755865104753,0.525992512702942,0.0275134295225143,4,24,21,FALSE,TRUE,TRUE,0.99848759906819
77,1633000,"1999-05-03",0.00893964039278217,0.909117671660166,0.994408213870907,1999,5,3,"Spring",0.97777678235463,0.00116755865104753,0.525992512702942,0.0275134295225143,4,24,21,FALSE,TRUE,TRUE,0.99848759906819
77,1633000,"1999-05-04",0.00808904870063998,0.904851688125067,0.995307556251426,1999,5,4,"Spring",0.97777678235463,0.00116755865104753,0.525992512702942,0.0275134295225143,4,24,21,FALSE,TRUE,TRUE,0.99848759906819
77,1633000,"1999-05-05",0.00719880947144702,0.889945126783262,0.983525961726731,1999,5,5,"Spring",0.97777678235463,0.00116755865104753,0.525992512702942,0.0275134295225143,4,24,21,FALSE,TRUE,TRUE,0.99848759906819
77,1633000,"1999-05-06",0.00629970047157258,0.875103098166353,0.983322535097691,1999,5,6,"Spring",0.97777678235463,0.00116755865104753,0.525992512702942,0.0275134295225143,4,24,21,FALSE,TRUE,TRUE,0.99848759906819
77,1633000,"1999-05-07",0.00546745129395276,0.867890674901871,0.991758201656931,1999,5,7,"Spring",0.97777678235463,0.00116755865104753,0.525992512702942,0.0275134295225143,4,24,21,FALSE,TRUE,TRUE,0.99848759906819
77,1633000,"1999-05-08",0.014331251848489,2.62119424170089,3.0201894288094,1999,5,8,"Spring",0.97777678235463,0.00116755865104753,0.525992512702942,0.0275134295225143,4,24,21,FALSE,TRUE,TRUE,0.99848759906819
77,1633000,"1999-05-09",0.0154034899314865,1.0748181732017,0.410049036466774,1999,5,9,"Spring",0.97777678235463,0.00116755865104753,0.525992512702942,0.0275134295225143,4,24,21,FALSE,TRUE,TRUE,0.99848759906819
77,1633000,"1999-05-10",0.0142872125143185,0.927530876305751,0.862965382826372,1999,5,10,"Spring",0.97777678235463,0.00116755865104753,0.525992512702942,0.0275134295225143,4,24,21,FALSE,TRUE,TRUE,0.99848759906819
77,1633000,"1999-05-11",0.0130568650201894,0.913884706838647,0.985287638594356,1999,5,11,"Spring",0.97777678235463,0.00116755865104753,0.525992512702942,0.0275134295225143,4,24,21,FALSE,TRUE,TRUE,0.99848759906819
77,1633000,"1999-05-12",0.0118483530823141,0.907442411635058,0.992950647761823,1999,5,12,"Spring",0.97777678235463,0.00116755865104753,0.525992512702942,0.0275134295225143,4,24,21,FALSE,TRUE,TRUE,0.99848759906819
77,1633000,"1999-05-13",0.0107114672719035,0.904046933568547,0.996258188924194,1999,5,13,"Spring",0.97777678235463,0.00116755865104753,0.525992512702942,0.0275134295225143,4,24,21,FALSE,TRUE,TRUE,0.99848759906819
77,1633000,"1999-05-14",0.0107523063779809,1.0038126528365,1.11035457957271,1999,5,14,"Spring",0.97777678235463,0.00116755865104753,0.525992512702942,0.0275134295225143,4,24,21,FALSE,TRUE,TRUE,0.99848759906819
77,1633000,"1999-05-15",0.0109639359288849,1.01968224708863,1.01580931880793,1999,5,15,"Spring",0.97777678235463,0.00116755865104753,0.525992512702942,0.0275134295225143,4,24,21,FALSE,TRUE,TRUE,0.99848759906819
77,1633000,"1999-05-16",0.0102439231704921,0.934328988871967,0.916294258863133,1999,5,16,"Spring",0.97777678235463,0.00116755865104753,0.525992512702942,0.0275134295225143,4,24,21,FALSE,TRUE,TRUE,0.99848759906819
77,1633000,"1999-05-17",0.00942199648125097,0.919764461763178,0.984411778632307,1999,5,17,"Spring",0.97777678235463,0.00116755865104753,0.525992512702942,0.0275134295225143,4,24,21,FALSE,TRUE,TRUE,0.99848759906819
77,1633000,"1999-05-18",0.00843476477894001,0.89522054011849,0.973314992408341,1999,5,18,"Spring",0.97777678235463,0.00116755865104753,0.525992512702942,0.0275134295225143,4,24,21,FALSE,TRUE,TRUE,0.99848759906819
77,1633000,"1999-05-19",0.00749388383701443,0.888452023668192,0.992439274852427,1999,5,19,"Spring",0.97777678235463,0.00116755865104753,0.525992512702942,0.0275134295225143,4,24,21,FALSE,TRUE,TRUE,0.99848759906819
79,1633000,"1999-10-22",0.0252559148939326,0.935600558206999,0.947022342324146,1999,10,22,"Fall",0.965588626983613,0.755589160031463,0.300771713256836,4.13259026998958e-09,21,50,30,FALSE,TRUE,TRUE,0.964359401061859
79,1633000,"1999-10-23",0.023594697995577,0.934224639838539,0.998529374147556,1999,10,23,"Fall",0.965588626983613,0.755589160031463,0.300771713256836,4.13259026998958e-09,21,50,30,FALSE,TRUE,TRUE,0.964359401061859
79,1633000,"1999-10-24",0.0219864721875638,0.931839525629244,0.99744695857122,1999,10,24,"Fall",0.965588626983613,0.755589160031463,0.300771713256836,4.13259026998958e-09,21,50,30,FALSE,TRUE,TRUE,0.964359401061859
79,1633000,"1999-10-25",0.020467113587074,0.930895753191856,0.998987194241679,1999,10,25,"Fall",0.965588626983613,0.755589160031463,0.300771713256836,4.13259026998958e-09,21,50,30,FALSE,TRUE,TRUE,0.964359401061859
79,1633000,"1999-10-26",0.0190207856358029,0.929334053621292,0.998322369002964,1999,10,26,"Fall",0.965588626983613,0.755589160031463,0.300771713256836,4.13259026998958e-09,21,50,30,FALSE,TRUE,TRUE,0.964359401061859
79,1633000,"1999-10-27",0.0176496054627933,0.927911485925762,0.998469261198396,1999,10,27,"Fall",0.965588626983613,0.755589160031463,0.300771713256836,4.13259026998958e-09,21,50,30,FALSE,TRUE,TRUE,0.964359401061859
79,1633000,"1999-10-28",0.0163694414077327,0.927467837297594,0.999521884754206,1999,10,28,"Fall",0.965588626983613,0.755589160031463,0.300771713256836,4.13259026998958e-09,21,50,30,FALSE,TRUE,TRUE,0.964359401061859
79,1633000,"1999-10-29",0.0151525809196755,0.92566267487403,0.998053665743469,1999,10,29,"Fall",0.965588626983613,0.755589160031463,0.300771713256836,4.13259026998958e-09,21,50,30,FALSE,TRUE,TRUE,0.964359401061859
79,1633000,"1999-10-30",0.0139813960995525,0.922707238698706,0.996807221188079,1999,10,30,"Fall",0.965588626983613,0.755589160031463,0.300771713256836,4.13259026998958e-09,21,50,30,FALSE,TRUE,TRUE,0.964359401061859
79,1633000,"1999-10-31",0.0128558039432392,0.919493579303616,0.996517140800128,1999,10,31,"Fall",0.965588626983613,0.755589160031463,0.300771713256836,4.13259026998958e-09,21,50,30,FALSE,TRUE,TRUE,0.964359401061859
79,1633000,"1999-11-01",0.0117788149509579,0.916225465397857,0.99644574581126,1999,11,1,"Fall",0.965588626983613,0.755589160031463,0.300771713256836,4.13259026998958e-09,21,50,30,FALSE,TRUE,TRUE,0.964359401061859
79,1633000,"1999-11-02",0.0137526852777228,1.16757800636,1.27433481217748,1999,11,2,"Fall",0.965588626983613,0.755589160031463,0.300771713256836,4.13259026998958e-09,21,50,30,FALSE,TRUE,TRUE,0.964359401061859
79,1633000,"1999-11-03",0.0206205565482378,1.49938402078028,1.28418316601793,1999,11,3,"Fall",0.965588626983613,0.755589160031463,0.300771713256836,4.13259026998958e-09,21,50,30,FALSE,TRUE,TRUE,0.964359401061859
79,1633000,"1999-11-04",0.0196703088004142,0.953917453896035,0.63620622914176,1999,11,4,"Fall",0.965588626983613,0.755589160031463,0.300771713256836,4.13259026998958e-09,21,50,30,FALSE,TRUE,TRUE,0.964359401061859
79,1633000,"1999-11-05",0.0187094431603327,0.951151471497934,0.997100396489441,1999,11,5,"Fall",0.965588626983613,0.755589160031463,0.300771713256836,4.13259026998958e-09,21,50,30,FALSE,TRUE,TRUE,0.964359401061859
79,1633000,"1999-11-06",0.0177025564480573,0.946182967411333,0.994776327182907,1999,11,6,"Fall",0.965588626983613,0.755589160031463,0.300771713256836,4.13259026998958e-09,21,50,30,FALSE,TRUE,TRUE,0.964359401061859
79,1633000,"1999-11-07",0.0166568454587832,0.940928814866802,0.994447001557314,1999,11,7,"Fall",0.965588626983613,0.755589160031463,0.300771713256836,4.13259026998958e-09,21,50,30,FALSE,TRUE,TRUE,0.964359401061859
79,1633000,"1999-11-08",0.0156532060937025,0.939746132149439,0.99874306887123,1999,11,8,"Fall",0.965588626983613,0.755589160031463,0.300771713256836,4.13259026998958e-09,21,50,30,FALSE,TRUE,TRUE,0.964359401061859
79,1633000,"1999-11-09",0.0146566484472714,0.93633523762062,0.996370408547448,1999,11,9,"Fall",0.965588626983613,0.755589160031463,0.300771713256836,4.13259026998958e-09,21,50,30,FALSE,TRUE,TRUE,0.964359401061859
79,1633000,"1999-11-10",0.0136454291059636,0.931006099726972,0.994308515070745,1999,11,10,"Fall",0.965588626983613,0.755589160031463,0.300771713256836,4.13259026998958e-09,21,50,30,FALSE,TRUE,TRUE,0.964359401061859
79,1633000,"1999-11-11",0.0126645460259169,0.928116362451516,0.996896113488082,1999,11,11,"Fall",0.965588626983613,0.755589160031463,0.300771713256836,4.13259026998958e-09,21,50,30,FALSE,TRUE,TRUE,0.964359401061859
79,1633000,"1999-11-12",0.0117677679518238,0.929189876032036,1.00115665839323,1999,11,12,"Fall",0.965588626983613,0.755589160031463,0.300771713256836,4.13259026998958e-09,21,50,30,FALSE,TRUE,TRUE,0.964359401061859
79,1633000,"1999-11-13",0.0109262142505031,0.928486548616024,0.999243074602776,1999,11,13,"Fall",0.965588626983613,0.755589160031463,0.300771713256836,4.13259026998958e-09,21,50,30,FALSE,TRUE,TRUE,0.964359401061859
79,1633000,"1999-11-14",0.0101231140433811,0.926497852896756,0.997858131900529,1999,11,14,"Fall",0.965588626983613,0.755589160031463,0.300771713256836,4.13259026998958e-09,21,50,30,FALSE,TRUE,TRUE,0.964359401061859
79,1633000,"1999-11-15",0.00939551470219158,0.928124948699435,1.00175617870845,1999,11,15,"Fall",0.965588626983613,0.755589160031463,0.300771713256836,4.13259026998958e-09,21,50,30,FALSE,TRUE,TRUE,0.964359401061859
79,1633000,"1999-11-16",0.00875942793209106,0.932298890453319,1.00449717654906,1999,11,16,"Fall",0.965588626983613,0.755589160031463,0.300771713256836,4.13259026998958e-09,21,50,30,FALSE,TRUE,TRUE,0.964359401061859
79,1633000,"1999-11-17",0.00817813412868418,0.933637926139303,1.00143627295891,1999,11,17,"Fall",0.965588626983613,0.755589160031463,0.300771713256836,4.13259026998958e-09,21,50,30,FALSE,TRUE,TRUE,0.964359401061859
79,1633000,"1999-11-18",0.00762339695938863,0.932168247601876,0.998425858144491,1999,11,18,"Fall",0.965588626983613,0.755589160031463,0.300771713256836,4.13259026998958e-09,21,50,30,FALSE,TRUE,TRUE,0.964359401061859
79,1633000,"1999-11-19",0.00708282043342479,0.929089810114362,0.996697551653971,1999,11,19,"Fall",0.965588626983613,0.755589160031463,0.300771713256836,4.13259026998958e-09,21,50,30,FALSE,TRUE,TRUE,0.964359401061859
79,1633000,"1999-11-20",0.00654661873704754,0.92429545526146,0.994839729377387,1999,11,20,"Fall",0.965588626983613,0.755589160031463,0.300771713256836,4.13259026998958e-09,21,50,30,FALSE,TRUE,TRUE,0.964359401061859
80,1633000,"1999-12-17",0.0290310110431165,0.99380107159215,0.981425936477414,1999,12,17,"Winter",0.962706186346196,0.975888082785264,0.614558577537537,0.614558577537537,1,51,51,FALSE,TRUE,TRUE,0.962553957940541
80,1633000,"1999-12-18",0.0285363080911338,0.982959499714016,0.98909080278937,1999,12,18,"Winter",0.962706186346196,0.975888082785264,0.614558577537537,0.614558577537537,1,51,51,FALSE,TRUE,TRUE,0.962553957940541
80,1633000,"1999-12-19",0.0278357990318909,0.975452008122223,0.992362359187762,1999,12,19,"Winter",0.962706186346196,0.975888082785264,0.614558577537537,0.614558577537537,1,51,51,FALSE,TRUE,TRUE,0.962553957940541
80,1633000,"1999-12-20",0.0280879159690812,1.00905729118469,1.03445098557658,1999,12,20,"Winter",0.962706186346196,0.975888082785264,0.614558577537537,0.614558577537537,1,51,51,FALSE,TRUE,TRUE,0.962553957940541
80,1633000,"1999-12-21",0.0293561030412093,1.04515062895816,1.03576936422619,1999,12,21,"Winter",0.962706186346196,0.975888082785264,0.614558577537537,0.614558577537537,1,51,51,FALSE,TRUE,TRUE,0.962553957940541
80,1633000,"1999-12-22",0.0294952328549698,1.00473938293394,0.961334524512984,1999,12,22,"Winter",0.962706186346196,0.975888082785264,0.614558577537537,0.614558577537537,1,51,51,FALSE,TRUE,TRUE,0.962553957940541
80,1633000,"1999-12-23",0.0293633359251544,0.995528194998021,0.990832261487529,1999,12,23,"Winter",0.962706186346196,0.975888082785264,0.614558577537537,0.614558577537537,1,51,51,FALSE,TRUE,TRUE,0.962553957940541
80,1633000,"1999-12-24",0.028220318024978,0.961073295517585,0.965390332836827,1999,12,24,"Winter",0.962706186346196,0.975888082785264,0.614558577537537,0.614558577537537,1,51,51,FALSE,TRUE,TRUE,0.962553957940541
80,1633000,"1999-12-25",0.0270093670114875,0.957089391678055,0.995854734640832,1999,12,25,"Winter",0.962706186346196,0.975888082785264,0.614558577537537,0.614558577537537,1,51,51,FALSE,TRUE,TRUE,0.962553957940541
80,1633000,"1999-12-26",0.0257020276039839,0.951596814284926,0.994261165737614,1999,12,26,"Winter",0.962706186346196,0.975888082785264,0.614558577537537,0.614558577537537,1,51,51,FALSE,TRUE,TRUE,0.962553957940541
80,1633000,"1999-12-27",0.0244408757425845,0.950931814375458,0.999301174720759,1999,12,27,"Winter",0.962706186346196,0.975888082785264,0.614558577537537,0.614558577537537,1,51,51,FALSE,TRUE,TRUE,0.962553957940541
80,1633000,"1999-12-28",0.0232291813590564,0.950423446512724,0.999465400299949,1999,12,28,"Winter",0.962706186346196,0.975888082785264,0.614558577537537,0.614558577537537,1,51,51,FALSE,TRUE,TRUE,0.962553957940541
80,1633000,"1999-12-29",0.0220687408582307,0.950043848601956,0.999600601277082,1999,12,29,"Winter",0.962706186346196,0.975888082785264,0.614558577537537,0.614558577537537,1,51,51,FALSE,TRUE,TRUE,0.962553957940541
80,1633000,"1999-12-30",0.0209602347458713,0.949770305452382,0.999712073132228,1999,12,30,"Winter",0.962706186346196,0.975888082785264,0.614558577537537,0.614558577537537,1,51,51,FALSE,TRUE,TRUE,0.962553957940541
80,1633000,"1999-12-31",0.0199035218684003,0.949584873915635,0.999804761703242,1999,12,31,"Winter",0.962706186346196,0.975888082785264,0.614558577537537,0.614558577537537,1,51,51,FALSE,TRUE,TRUE,0.962553957940541
80,1633000,"2000-01-01",0.0188978626392782,0.94947330247524,0.999882505036191,2000,1,1,"Winter",0.962706186346196,0.975888082785264,0.614558577537537,0.614558577537537,1,51,51,FALSE,TRUE,TRUE,0.962553957940541
80,1633000,"2000-01-02",0.0179266707855277,0.948608375862997,0.999089045884714,2000,1,2,"Winter",0.962706186346196,0.975888082785264,0.614558577537537,0.614558577537537,1,51,51,FALSE,TRUE,TRUE,0.962553957940541
80,1633000,"2000-01-03",0.0169461903278716,0.945306048770214,0.996518766672518,2000,1,3,"Winter",0.962706186346196,0.975888082785264,0.614558577537537,0.614558577537537,1,51,51,FALSE,TRUE,TRUE,0.962553957940541
80,1633000,"2000-01-04",0.0159727833233774,0.942558947724478,0.997093955921143,2000,1,4,"Winter",0.962706186346196,0.975888082785264,0.614558577537537,0.614558577537537,1,51,51,FALSE,TRUE,TRUE,0.962553957940541
80,1633000,"2000-01-05",0.0150725950952619,0.943642369029201,1.0011494467347,2000,1,5,"Winter",0.962706186346196,0.975888082785264,0.614558577537537,0.614558577537537,1,51,51,FALSE,TRUE,TRUE,0.962553957940541
80,1633000,"2000-01-06",0.014246761566028,0.945209599009693,1.0016608304501,2000,1,6,"Winter",0.962706186346196,0.975888082785264,0.614558577537537,0.614558577537537,1,51,51,FALSE,TRUE,TRUE,0.962553957940541
80,1633000,"2000-01-07",0.0134716289467178,0.945592363870362,1.00040495236302,2000,1,7,"Winter",0.962706186346196,0.975888082785264,0.614558577537537,0.614558577537537,1,51,51,FALSE,TRUE,TRUE,0.962553957940541
80,1633000,"2000-01-08",0.012743677420076,0.945964105044684,1.00039313047411,2000,1,8,"Winter",0.962706186346196,0.975888082785264,0.614558577537537,0.614558577537537,1,51,51,FALSE,TRUE,TRUE,0.962553957940541
80,1633000,"2000-01-09",0.0120484586223029,0.945445982752365,0.999452281233975,2000,1,9,"Winter",0.962706186346196,0.975888082785264,0.614558577537537,0.614558577537537,1,51,51,FALSE,TRUE,TRUE,0.962553957940541
80,1633000,"2000-01-10",0.0130818148318212,1.08576667289254,1.14841745874437,2000,1,10,"Winter",0.962706186346196,0.975888082785264,0.614558577537537,0.614558577537537,1,51,51,FALSE,TRUE,TRUE,0.962553957940541
80,1633000,"2000-01-11",0.0154854679130949,1.18374003241712,1.09023426668971,2000,1,11,"Winter",0.962706186346196,0.975888082785264,0.614558577537537,0.614558577537537,1,51,51,FALSE,TRUE,TRUE,0.962553957940541
80,1633000,"2000-01-12",0.015046153741423,0.971630552325747,0.820814136311447,2000,1,12,"Winter",0.962706186346196,0.975888082785264,0.614558577537537,0.614558577537537,1,51,51,FALSE,TRUE,TRUE,0.962553957940541
80,1633000,"2000-01-13",0.0142610024777241,0.947817144687458,0.975491293906632,2000,1,13,"Winter",0.962706186346196,0.975888082785264,0.614558577537537,0.614558577537537,1,51,51,FALSE,TRUE,TRUE,0.962553957940541
80,1633000,"2000-01-14",0.013520915992558,0.948104175262424,1.00030283328021,2000,1,14,"Winter",0.962706186346196,0.975888082785264,0.614558577537537,0.614558577537537,1,51,51,FALSE,TRUE,TRUE,0.962553957940541
80,1633000,"2000-01-15",0.0128232890856452,0.948403872393205,1.00031610147767,2000,1,15,"Winter",0.962706186346196,0.975888082785264,0.614558577537537,0.614558577537537,1,51,51,FALSE,TRUE,TRUE,0.962553957940541
80,1633000,"2000-01-16",0.0121656625415198,0.948716234989855,1.0003293560958,2000,1,16,"Winter",0.962706186346196,0.975888082785264,0.614558577537537,0.614558577537537,1,51,51,FALSE,TRUE,TRUE,0.962553957940541
80,1633000,"2000-01-17",0.0115456771454774,0.949038090286778,1.00033925349335,2000,1,17,"Winter",0.962706186346196,0.975888082785264,0.614558577537537,0.614558577537537,1,51,51,FALSE,TRUE,TRUE,0.962553957940541
80,1633000,"2000-01-18",0.0109610994986724,0.949368266630081,1.00034790631344,2000,1,18,"Winter",0.962706186346196,0.975888082785264,0.614558577537537,0.614558577537537,1,51,51,FALSE,TRUE,TRUE,0.962553957940541
80,1633000,"2000-01-19",0.0104098297888413,0.949706714194331,1.00035649765865,2000,1,19,"Winter",0.962706186346196,0.975888082785264,0.614558577537537,0.614558577537537,1,51,51,FALSE,TRUE,TRUE,0.962553957940541
80,1633000,"2000-01-20",0.00988957635127008,0.950022867988783,1.0003328962402,2000,1,20,"Winter",0.962706186346196,0.975888082785264,0.614558577537537,0.614558577537537,1,51,51,FALSE,TRUE,TRUE,0.962553957940541
80,1633000,"2000-01-21",0.00939855742035433,0.950349851856628,1.00034418526002,2000,1,21,"Winter",0.962706186346196,0.975888082785264,0.614558577537537,0.614558577537537,1,51,51,FALSE,TRUE,TRUE,0.962553957940541
80,1633000,"2000-01-22",0.00893522397382185,0.950701642197871,1.00037016930192,2000,1,22,"Winter",0.962706186346196,0.975888082785264,0.614558577537537,0.614558577537537,1,51,51,FALSE,TRUE,TRUE,0.962553957940541
80,1633000,"2000-01-23",0.00849801502772607,0.951069055753197,1.00038646567863,2000,1,23,"Winter",0.962706186346196,0.975888082785264,0.614558577537537,0.614558577537537,1,51,51,FALSE,TRUE,TRUE,0.962553957940541
80,1633000,"2000-01-24",0.00808509776834399,0.951410151896075,1.00035864498042,2000,1,24,"Winter",0.962706186346196,0.975888082785264,0.614558577537537,0.614558577537537,1,51,51,FALSE,TRUE,TRUE,0.962553957940541
80,1633000,"2000-01-25",0.00769320203107782,0.951528633481641,1.00012453260597,2000,1,25,"Winter",0.962706186346196,0.975888082785264,0.614558577537537,0.614558577537537,1,51,51,FALSE,TRUE,TRUE,0.962553957940541
80,1633000,"2000-01-26",0.00732298113871366,0.951876878981132,1.00036598530747,2000,1,26,"Winter",0.962706186346196,0.975888082785264,0.614558577537537,0.614558577537537,1,51,51,FALSE,TRUE,TRUE,0.962553957940541
80,1633000,"2000-01-27",0.00697349096299149,0.952274876979465,1.00041811919915,2000,1,27,"Winter",0.962706186346196,0.975888082785264,0.614558577537537,0.614558577537537,1,51,51,FALSE,TRUE,TRUE,0.962553957940541
80,1633000,"2000-01-28",0.00664344930555671,0.95267196025831,1.00041698388611,2000,1,28,"Winter",0.962706186346196,0.975888082785264,0.614558577537537,0.614558577537537,1,51,51,FALSE,TRUE,TRUE,0.962553957940541
80,1633000,"2000-01-29",0.00633165254839696,0.953067037495272,1.00041470438246,2000,1,29,"Winter",0.962706186346196,0.975888082785264,0.614558577537537,0.614558577537537,1,51,51,FALSE,TRUE,TRUE,0.962553957940541
80,1633000,"2000-01-30",0.00603701791260391,0.95346639229791,1.00041902068472,2000,1,30,"Winter",0.962706186346196,0.975888082785264,0.614558577537537,0.614558577537537,1,51,51,FALSE,TRUE,TRUE,0.962553957940541
80,1633000,"2000-01-31",0.00575989502249285,0.954096062969684,1.00066040153786,2000,1,31,"Winter",0.962706186346196,0.975888082785264,0.614558577537537,0.614558577537537,1,51,51,FALSE,TRUE,TRUE,0.962553957940541
80,1633000,"2000-02-01",0.00549837217840832,0.95459590095596,1.00052388643626,2000,2,1,"Winter",0.962706186346196,0.975888082785264,0.614558577537537,0.614558577537537,1,51,51,FALSE,TRUE,TRUE,0.962553957940541
80,1633000,"2000-02-02",0.00525083845423069,0.954980544032709,1.00040293811901,2000,2,2,"Winter",0.962706186346196,0.975888082785264,0.614558577537537,0.614558577537537,1,51,51,FALSE,TRUE,TRUE,0.962553957940541
80,1633000,"2000-02-03",0.00501548861211632,0.955178616869322,1.00020741033715,2000,2,3,"Winter",0.962706186346196,0.975888082785264,0.614558577537537,0.614558577537537,1,51,51,FALSE,TRUE,TRUE,0.962553957940541
80,1633000,"2000-02-04",0.00478910449601244,0.954862998680332,0.999669571550895,2000,2,4,"Winter",0.962706186346196,0.975888082785264,0.614558577537537,0.614558577537537,1,51,51,FALSE,TRUE,TRUE,0.962553957940541
80,1633000,"2000-02-05",0.00460772958467715,0.962127593689736,1.00760799718854,2000,2,5,"Winter",0.962706186346196,0.975888082785264,0.614558577537537,0.614558577537537,1,51,51,FALSE,TRUE,TRUE,0.962553957940541
81,1633000,"2000-02-25",0.040911492658779,0.945973908149772,0.983845665918267,2000,2,25,"Winter",0.987635361030503,0.0541627517440266,0.602441668510437,0.602441668510437,1,24,24,FALSE,TRUE,TRUE,0.992027054879542
81,1633000,"2000-02-26",0.0385321230860427,0.941841047145814,0.995631104654841,2000,2,26,"Winter",0.987635361030503,0.0541627517440266,0.602441668510437,0.602441668510437,1,24,24,FALSE,TRUE,TRUE,0.992027054879542
81,1633000,"2000-02-27",0.0363063788972795,0.942236658390375,1.00042004035156,2000,2,27,"Winter",0.987635361030503,0.0541627517440266,0.602441668510437,0.602441668510437,1,24,24,FALSE,TRUE,TRUE,0.992027054879542
81,1633000,"2000-02-28",0.0402130103902891,1.10760179372508,1.17550276128844,2000,2,28,"Winter",0.987635361030503,0.0541627517440266,0.602441668510437,0.602441668510437,1,24,24,FALSE,TRUE,TRUE,0.992027054879542
81,1633000,"2000-02-29",0.0380156931933016,0.945358052638651,0.853517986332641,2000,2,29,"Winter",0.987635361030503,0.0541627517440266,0.602441668510437,0.602441668510437,1,24,24,FALSE,TRUE,TRUE,0.992027054879542
81,1633000,"2000-03-01",0.0355593200074509,0.935385284877996,0.989450803605238,2000,3,1,"Spring",0.987635361030503,0.0541627517440266,0.602441668510437,0.602441668510437,1,24,24,FALSE,TRUE,TRUE,0.992027054879542
81,1633000,"2000-03-02",0.0331973271677271,0.933575984039377,0.998065715948424,2000,3,2,"Spring",0.987635361030503,0.0541627517440266,0.602441668510437,0.602441668510437,1,24,24,FALSE,TRUE,TRUE,0.992027054879542
81,1633000,"2000-03-03",0.0309561135945842,0.932488131896302,0.998834747078252,2000,3,3,"Spring",0.987635361030503,0.0541627517440266,0.602441668510437,0.602441668510437,1,24,24,FALSE,TRUE,TRUE,0.992027054879542
81,1633000,"2000-03-04",0.0288427975028753,0.931731866622993,0.999188981342025,2000,3,4,"Spring",0.987635361030503,0.0541627517440266,0.602441668510437,0.602441668510437,1,24,24,FALSE,TRUE,TRUE,0.992027054879542
81,1633000,"2000-03-05",0.0268307892838493,0.930242265202415,0.998401255260295,2000,3,5,"Spring",0.987635361030503,0.0541627517440266,0.602441668510437,0.602441668510437,1,24,24,FALSE,TRUE,TRUE,0.992027054879542
81,1633000,"2000-03-06",0.0249175379285589,0.928691946589804,0.99833342488231,2000,3,6,"Spring",0.987635361030503,0.0541627517440266,0.602441668510437,0.602441668510437,1,24,24,FALSE,TRUE,TRUE,0.992027054879542
81,1633000,"2000-03-07",0.0230958688771352,0.926892092764278,0.998061947417402,2000,3,7,"Spring",0.987635361030503,0.0541627517440266,0.602441668510437,0.602441668510437,1,24,24,FALSE,TRUE,TRUE,0.992027054879542
81,1633000,"2000-03-08",0.0213328163372353,0.923663727514259,0.996516999901907,2000,3,8,"Spring",0.987635361030503,0.0541627517440266,0.602441668510437,0.602441668510437,1,24,24,FALSE,TRUE,TRUE,0.992027054879542
81,1633000,"2000-03-09",0.0196321390103549,0.920278818324051,0.996335344682943,2000,3,9,"Spring",0.987635361030503,0.0541627517440266,0.602441668510437,0.602441668510437,1,24,24,FALSE,TRUE,TRUE,0.992027054879542
81,1633000,"2000-03-10",0.0180627904483117,0.920062273335808,0.999764696324711,2000,3,10,"Spring",0.987635361030503,0.0541627517440266,0.602441668510437,0.602441668510437,1,24,24,FALSE,TRUE,TRUE,0.992027054879542
81,1633000,"2000-03-11",0.0208236280595884,1.15284668330605,1.25300940677227,2000,3,11,"Spring",0.987635361030503,0.0541627517440266,0.602441668510437,0.602441668510437,1,24,24,FALSE,TRUE,TRUE,0.992027054879542
81,1633000,"2000-03-12",0.0388003697153181,1.86328576385863,1.61624766835017,2000,3,12,"Spring",0.987635361030503,0.0541627517440266,0.602441668510437,0.602441668510437,1,24,24,FALSE,TRUE,TRUE,0.992027054879542
81,1633000,"2000-03-13",0.0374144988600165,0.964282019334613,0.517516978897379,2000,3,13,"Spring",0.987635361030503,0.0541627517440266,0.602441668510437,0.602441668510437,1,24,24,FALSE,TRUE,TRUE,0.992027054879542
81,1633000,"2000-03-14",0.0350433078128845,0.936623738941322,0.971317228944727,2000,3,14,"Spring",0.987635361030503,0.0541627517440266,0.602441668510437,0.602441668510437,1,24,24,FALSE,TRUE,TRUE,0.992027054879542
81,1633000,"2000-03-15",0.0328096593730152,0.936260342436965,0.999612014420253,2000,3,15,"Spring",0.987635361030503,0.0541627517440266,0.602441668510437,0.602441668510437,1,24,24,FALSE,TRUE,TRUE,0.992027054879542
81,1633000,"2000-03-16",0.0307635833742097,0.937637999360386,1.00147144641397,2000,3,16,"Spring",0.987635361030503,0.0541627517440266,0.602441668510437,0.602441668510437,1,24,24,FALSE,TRUE,TRUE,0.992027054879542
81,1633000,"2000-03-17",0.0351043720729649,1.14110153053218,1.21699582494586,2000,3,17,"Spring",0.987635361030503,0.0541627517440266,0.602441668510437,0.602441668510437,1,24,24,FALSE,TRUE,TRUE,0.992027054879542
81,1633000,"2000-03-18",0.0335154585773125,0.954737447166132,0.836680542108177,2000,3,18,"Spring",0.987635361030503,0.0541627517440266,0.602441668510437,0.602441668510437,1,24,24,FALSE,TRUE,TRUE,0.992027054879542
81,1633000,"2000-03-19",0.0312658828916028,0.932879459771662,0.977105760898613,2000,3,19,"Spring",0.987635361030503,0.0541627517440266,0.602441668510437,0.602441668510437,1,24,24,FALSE,TRUE,TRUE,0.992027054879542
82,1633000,"2000-03-26",0.0500364755280316,0.926120186196742,0.998022387481688,2000,3,26,"Spring",0.95230709977691,0.941049945188463,0.735080480575562,0.735080480575562,1,22,22,FALSE,TRUE,TRUE,0.953767699663685
82,1633000,"2000-03-27",0.0463283560238779,0.925891672724304,0.999753257216672,2000,3,27,"Spring",0.95230709977691,0.941049945188463,0.735080480575562,0.735080480575562,1,22,22,FALSE,TRUE,TRUE,0.953767699663685
82,1633000,"2000-03-28",0.0428754704771563,0.925469283974983,0.99954380327444,2000,3,28,"Spring",0.95230709977691,0.941049945188463,0.735080480575562,0.735080480575562,1,22,22,FALSE,TRUE,TRUE,0.953767699663685
82,1633000,"2000-03-29",0.0397450986783952,0.926989214020893,1.00164233440507,2000,3,29,"Spring",0.95230709977691,0.941049945188463,0.735080480575562,0.735080480575562,1,22,22,FALSE,TRUE,TRUE,0.953767699663685
82,1633000,"2000-03-30",0.0368174918694422,0.926340431743741,0.999300118849995,2000,3,30,"Spring",0.95230709977691,0.941049945188463,0.735080480575562,0.735080480575562,1,22,22,FALSE,TRUE,TRUE,0.953767699663685
82,1633000,"2000-03-31",0.0340376542881131,0.92449682365147,0.998009794208376,2000,3,31,"Spring",0.95230709977691,0.941049945188463,0.735080480575562,0.735080480575562,1,22,22,FALSE,TRUE,TRUE,0.953767699663685
82,1633000,"2000-04-01",0.0314296156866476,0.923377839748014,0.998789629261206,2000,4,1,"Spring",0.95230709977691,0.941049945188463,0.735080480575562,0.735080480575562,1,22,22,FALSE,TRUE,TRUE,0.953767699663685
82,1633000,"2000-04-02",0.028971612569876,0.921793408443877,0.99828409212791,2000,4,2,"Spring",0.95230709977691,0.941049945188463,0.735080480575562,0.735080480575562,1,22,22,FALSE,TRUE,TRUE,0.953767699663685
82,1633000,"2000-04-03",0.0267216529464349,0.922339165001103,1.0005920595138,2000,4,3,"Spring",0.95230709977691,0.941049945188463,0.735080480575562,0.735080480575562,1,22,22,FALSE,TRUE,TRUE,0.953767699663685
82,1633000,"2000-04-04",0.0319398175925016,1.19527851276741,1.29592080454047,2000,4,4,"Spring",0.95230709977691,0.941049945188463,0.735080480575562,0.735080480575562,1,22,22,FALSE,TRUE,TRUE,0.953767699663685
82,1633000,"2000-04-05",0.031855380628258,0.997356372997463,0.834413370895707,2000,4,5,"Spring",0.95230709977691,0.941049945188463,0.735080480575562,0.735080480575562,1,22,22,FALSE,TRUE,TRUE,0.953767699663685
82,1633000,"2000-04-06",0.029495706083253,0.925925401032195,0.928379690651008,2000,4,6,"Spring",0.95230709977691,0.941049945188463,0.735080480575562,0.735080480575562,1,22,22,FALSE,TRUE,TRUE,0.953767699663685
82,1633000,"2000-04-07",0.0272080455906689,0.922440897460564,0.996236734009298,2000,4,7,"Spring",0.95230709977691,0.941049945188463,0.735080480575562,0.735080480575562,1,22,22,FALSE,TRUE,TRUE,0.953767699663685
82,1633000,"2000-04-08",0.0251827174797654,0.925561426154105,1.00338290366584,2000,4,8,"Spring",0.95230709977691,0.941049945188463,0.735080480575562,0.735080480575562,1,22,22,FALSE,TRUE,TRUE,0.953767699663685
82,1633000,"2000-04-09",0.0257105152122676,1.02095872825982,1.10306966065138,2000,4,9,"Spring",0.95230709977691,0.941049945188463,0.735080480575562,0.735080480575562,1,22,22,FALSE,TRUE,TRUE,0.953767699663685
82,1633000,"2000-04-10",0.0248062448808923,0.964828774378514,0.94502230861283,2000,4,10,"Spring",0.95230709977691,0.941049945188463,0.735080480575562,0.735080480575562,1,22,22,FALSE,TRUE,TRUE,0.953767699663685
82,1633000,"2000-04-11",0.022998898581136,0.927141479557494,0.960938877631115,2000,4,11,"Spring",0.95230709977691,0.941049945188463,0.735080480575562,0.735080480575562,1,22,22,FALSE,TRUE,TRUE,0.953767699663685
82,1633000,"2000-04-12",0.0213362344657071,0.927706793890005,1.000609739015,2000,4,12,"Spring",0.95230709977691,0.941049945188463,0.735080480575562,0.735080480575562,1,22,22,FALSE,TRUE,TRUE,0.953767699663685
82,1633000,"2000-04-13",0.0198055621003732,0.928259488908688,1.00059576476353,2000,4,13,"Spring",0.95230709977691,0.941049945188463,0.735080480575562,0.735080480575562,1,22,22,FALSE,TRUE,TRUE,0.953767699663685
82,1633000,"2000-04-14",0.0183298289193772,0.925488952370192,0.997015342615292,2000,4,14,"Spring",0.95230709977691,0.941049945188463,0.735080480575562,0.735080480575562,1,22,22,FALSE,TRUE,TRUE,0.953767699663685
82,1633000,"2000-04-15",0.0168931686785072,0.921621732140052,0.995821430152963,2000,4,15,"Spring",0.95230709977691,0.941049945188463,0.735080480575562,0.735080480575562,1,22,22,FALSE,TRUE,TRUE,0.953767699663685
82,1633000,"2000-04-16",0.0155492334160954,0.92044504568751,0.998723243591696,2000,4,16,"Spring",0.95230709977691,0.941049945188463,0.735080480575562,0.735080480575562,1,22,22,FALSE,TRUE,TRUE,0.953767699663685
83,1633000,"2000-04-24",0.0284879100508988,0.926105258257949,0.991173138358113,2000,4,24,"Spring",0.918717741360497,0.999450448636657,0.465512216091156,4.93393372380524e-07,4,12,9,FALSE,TRUE,TRUE,0.927885781784942
83,1633000,"2000-04-25",0.0263991786632687,0.926680076428975,1.00062068341142,2000,4,25,"Spring",0.918717741360497,0.999450448636657,0.465512216091156,4.93393372380524e-07,4,12,9,FALSE,TRUE,TRUE,0.927885781784942
83,1633000,"2000-04-26",0.0244783980306238,0.92724089422837,1.00060519030641,2000,4,26,"Spring",0.918717741360497,0.999450448636657,0.465512216091156,4.93393372380524e-07,4,12,9,FALSE,TRUE,TRUE,0.927885781784942
83,1633000,"2000-04-27",0.0228559381794184,0.93371870785108,1.00698611726794,2000,4,27,"Spring",0.918717741360497,0.999450448636657,0.465512216091156,4.93393372380524e-07,4,12,9,FALSE,TRUE,TRUE,0.927885781784942
83,1633000,"2000-04-28",0.0212716617388651,0.930684252463546,0.996750139670525,2000,4,28,"Spring",0.918717741360497,0.999450448636657,0.465512216091156,4.93393372380524e-07,4,12,9,FALSE,TRUE,TRUE,0.927885781784942
83,1633000,"2000-04-29",0.0197568424628116,0.928786979849075,0.997961421814703,2000,4,29,"Spring",0.918717741360497,0.999450448636657,0.465512216091156,4.93393372380524e-07,4,12,9,FALSE,TRUE,TRUE,0.927885781784942
83,1633000,"2000-04-30",0.0182989005115815,0.92620572067756,0.997220827565935,2000,4,30,"Spring",0.918717741360497,0.999450448636657,0.465512216091156,4.93393372380524e-07,4,12,9,FALSE,TRUE,TRUE,0.927885781784942
83,1633000,"2000-05-01",0.0168459381675348,0.920598380043265,0.993945901532337,2000,5,1,"Spring",0.918717741360497,0.999450448636657,0.465512216091156,4.93393372380524e-07,4,12,9,FALSE,TRUE,TRUE,0.927885781784942
83,1633000,"2000-05-02",0.0155739643378183,0.924493737477455,1.00423133205384,2000,5,2,"Spring",0.918717741360497,0.999450448636657,0.465512216091156,4.93393372380524e-07,4,12,9,FALSE,TRUE,TRUE,0.927885781784942
84,1633000,"2000-05-28",0.023138748598285,0.93116078561578,1.00585759472178,2000,5,28,"Spring",0.962745626952736,0.193292509264924,0.360121607780457,0.00399311259388924,2,14,13,FALSE,TRUE,TRUE,0.977643297982226
84,1633000,"2000-05-29",0.0250986015889793,1.0847000425442,1.16489016644627,2000,5,29,"Spring",0.962745626952736,0.193292509264924,0.360121607780457,0.00399311259388924,2,14,13,FALSE,TRUE,TRUE,0.977643297982226
84,1633000,"2000-05-30",0.0235648037632927,0.938889112198183,0.865574882799844,2000,5,30,"Spring",0.962745626952736,0.193292509264924,0.360121607780457,0.00399311259388924,2,14,13,FALSE,TRUE,TRUE,0.977643297982226
84,1633000,"2000-05-31",0.0218220333917998,0.926043501613721,0.986318287838712,2000,5,31,"Spring",0.962745626952736,0.193292509264924,0.360121607780457,0.00399311259388924,2,14,13,FALSE,TRUE,TRUE,0.977643297982226
84,1633000,"2000-06-01",0.0198455948266201,0.909429220930328,0.982058855059789,2000,6,1,"Summer",0.962745626952736,0.193292509264924,0.360121607780457,0.00399311259388924,2,14,13,FALSE,TRUE,TRUE,0.977643297982226
84,1633000,"2000-06-02",0.0178067199885845,0.897263102676031,0.986622248357216,2000,6,2,"Summer",0.962745626952736,0.193292509264924,0.360121607780457,0.00399311259388924,2,14,13,FALSE,TRUE,TRUE,0.977643297982226
84,1633000,"2000-06-03",0.0159028556081466,0.893081691537891,0.995339816018658,2000,6,3,"Summer",0.962745626952736,0.193292509264924,0.360121607780457,0.00399311259388924,2,14,13,FALSE,TRUE,TRUE,0.977643297982226
84,1633000,"2000-06-04",0.0142407299717888,0.895482567576961,1.00268830506976,2000,6,4,"Summer",0.962745626952736,0.193292509264924,0.360121607780457,0.00399311259388924,2,14,13,FALSE,TRUE,TRUE,0.977643297982226
84,1633000,"2000-06-05",0.0129071901901625,0.90635734374094,1.01214404004916,2000,6,5,"Summer",0.962745626952736,0.193292509264924,0.360121607780457,0.00399311259388924,2,14,13,FALSE,TRUE,TRUE,0.977643297982226
84,1633000,"2000-06-06",0.0207502836128697,1.60765304509768,1.77375188296283,2000,6,6,"Summer",0.962745626952736,0.193292509264924,0.360121607780457,0.00399311259388924,2,14,13,FALSE,TRUE,TRUE,0.977643297982226
84,1633000,"2000-06-07",0.0217878686962649,1.05000341695338,0.653128123729945,2000,6,7,"Summer",0.962745626952736,0.193292509264924,0.360121607780457,0.00399311259388924,2,14,13,FALSE,TRUE,TRUE,0.977643297982226
84,1633000,"2000-06-08",0.020114426210057,0.923193841970655,0.879229369223704,2000,6,8,"Summer",0.962745626952736,0.193292509264924,0.360121607780457,0.00399311259388924,2,14,13,FALSE,TRUE,TRUE,0.977643297982226
84,1633000,"2000-06-09",0.0181420121807605,0.90194032836441,0.976978276240581,2000,6,9,"Summer",0.962745626952736,0.193292509264924,0.360121607780457,0.00399311259388924,2,14,13,FALSE,TRUE,TRUE,0.977643297982226
85,1633000,"2000-07-02",0.0180254630395211,0.890536785383635,0.986353808093483,2000,7,2,"Summer",0.955400368777757,0.619325769767905,1,1,1,16,16,FALSE,TRUE,TRUE,0.957161992221662
85,1633000,"2000-07-03",0.0161142452270724,0.89397122236148,1.00385659192772,2000,7,3,"Summer",0.955400368777757,0.619325769767905,1,1,1,16,16,FALSE,TRUE,TRUE,0.957161992221662
85,1633000,"2000-07-04",0.0162681838846765,1.00955295488153,1.12929021609301,2000,7,4,"Summer",0.955400368777757,0.619325769767905,1,1,1,16,16,FALSE,TRUE,TRUE,0.957161992221662
85,1633000,"2000-07-05",0.0155338481999934,0.954860623048719,0.945825197610133,2000,7,5,"Summer",0.955400368777757,0.619325769767905,1,1,1,16,16,FALSE,TRUE,TRUE,0.957161992221662
85,1633000,"2000-07-06",0.0137050379416905,0.882269336306272,0.923977086299073,2000,7,6,"Summer",0.955400368777757,0.619325769767905,1,1,1,16,16,FALSE,TRUE,TRUE,0.957161992221662
85,1633000,"2000-07-07",0.0119966653001029,0.875347106016337,0.992154062251652,2000,7,7,"Summer",0.955400368777757,0.619325769767905,1,1,1,16,16,FALSE,TRUE,TRUE,0.957161992221662
85,1633000,"2000-07-08",0.0104653235466685,0.872352715098149,0.996579195958258,2000,7,8,"Summer",0.955400368777757,0.619325769767905,1,1,1,16,16,FALSE,TRUE,TRUE,0.957161992221662
85,1633000,"2000-07-09",0.00900789391016588,0.860737259578889,0.986684909305345,2000,7,9,"Summer",0.955400368777757,0.619325769767905,1,1,1,16,16,FALSE,TRUE,TRUE,0.957161992221662
85,1633000,"2000-07-10",0.00777221046155319,0.862822157883303,1.00242222383336,2000,7,10,"Summer",0.955400368777757,0.619325769767905,1,1,1,16,16,FALSE,TRUE,TRUE,0.957161992221662
85,1633000,"2000-07-11",0.0135066304937936,1.73781069884905,2.01410068456319,2000,7,11,"Summer",0.955400368777757,0.619325769767905,1,1,1,16,16,FALSE,TRUE,TRUE,0.957161992221662
85,1633000,"2000-07-12",0.0128598276060075,0.952112194963549,0.547880270039845,2000,7,12,"Summer",0.955400368777757,0.619325769767905,1,1,1,16,16,FALSE,TRUE,TRUE,0.957161992221662
85,1633000,"2000-07-13",0.0114251138875261,0.888434451655391,0.933119496163374,2000,7,13,"Summer",0.955400368777757,0.619325769767905,1,1,1,16,16,FALSE,TRUE,TRUE,0.957161992221662
85,1633000,"2000-07-14",0.0100325227540452,0.878111400272227,0.988380626883695,2000,7,14,"Summer",0.955400368777757,0.619325769767905,1,1,1,16,16,FALSE,TRUE,TRUE,0.957161992221662
85,1633000,"2000-07-15",0.00932493765139952,0.929470869890589,1.05848855806045,2000,7,15,"Summer",0.955400368777757,0.619325769767905,1,1,1,16,16,FALSE,TRUE,TRUE,0.957161992221662
85,1633000,"2000-07-16",0.00886342520243488,0.950507717454242,1.02263314348531,2000,7,16,"Summer",0.955400368777757,0.619325769767905,1,1,1,16,16,FALSE,TRUE,TRUE,0.957161992221662
85,1633000,"2000-07-17",0.008298142318381,0.936222975752241,0.98497146163078,2000,7,17,"Summer",0.955400368777757,0.619325769767905,1,1,1,16,16,FALSE,TRUE,TRUE,0.957161992221662
87,1633000,"2000-10-12",0.0147832007496618,0.924787667496278,0.997764381408314,2000,10,12,"Fall",0.909168319485436,0.999395440900241,0.602167546749115,1.73529115745806e-14,14,22,9,FALSE,TRUE,TRUE,0.919617747594875
87,1633000,"2000-10-13",0.0136361718759872,0.922409977845913,0.997428934517691,2000,10,13,"Fall",0.909168319485436,0.999395440900241,0.602167546749115,1.73529115745806e-14,14,22,9,FALSE,TRUE,TRUE,0.919617747594875
87,1633000,"2000-10-14",0.0125424764119089,0.919794538084087,0.997164558249972,2000,10,14,"Fall",0.909168319485436,0.999395440900241,0.602167546749115,1.73529115745806e-14,14,22,9,FALSE,TRUE,TRUE,0.919617747594875
87,1633000,"2000-10-15",0.0114944719534833,0.916443577487576,0.99635683790481,2000,10,15,"Fall",0.909168319485436,0.999395440900241,0.602167546749115,1.73529115745806e-14,14,22,9,FALSE,TRUE,TRUE,0.919617747594875
87,1633000,"2000-10-16",0.010515195550397,0.914804576752262,0.998211563946133,2000,10,16,"Fall",0.909168319485436,0.999395440900241,0.602167546749115,1.73529115745806e-14,14,22,9,FALSE,TRUE,TRUE,0.919617747594875
87,1633000,"2000-10-17",0.00962108530802652,0.914969699033628,1.00018050006041,2000,10,17,"Fall",0.909168319485436,0.999395440900241,0.602167546749115,1.73529115745806e-14,14,22,9,FALSE,TRUE,TRUE,0.919617747594875
87,1633000,"2000-10-18",0.00889403754263185,0.924431834650908,1.01034147428846,2000,10,18,"Fall",0.909168319485436,0.999395440900241,0.602167546749115,1.73529115745806e-14,14,22,9,FALSE,TRUE,TRUE,0.919617747594875
87,1633000,"2000-10-19",0.00828394567361102,0.931404396923616,1.00754253803401,2000,10,19,"Fall",0.909168319485436,0.999395440900241,0.602167546749115,1.73529115745806e-14,14,22,9,FALSE,TRUE,TRUE,0.919617747594875
87,1633000,"2000-10-20",0.00758889355347492,0.916096489822449,0.983564703847515,2000,10,20,"Fall",0.909168319485436,0.999395440900241,0.602167546749115,1.73529115745806e-14,14,22,9,FALSE,TRUE,TRUE,0.919617747594875
89,1633000,"2000-12-20",0.0267615769989789,0.976250078602546,0.992431016429007,2000,12,20,"Winter",0.993049275027231,0.0155127605625468,0.806710600852966,0.806710600852966,1,40,40,FALSE,TRUE,TRUE,0.9971154658853
89,1633000,"2000-12-21",0.025972212315537,0.970503805382173,0.994113933154711,2000,12,21,"Winter",0.993049275027231,0.0155127605625468,0.806710600852966,0.806710600852966,1,40,40,FALSE,TRUE,TRUE,0.9971154658853
89,1633000,"2000-12-22",0.0251105892239138,0.966825194513455,0.996209586352659,2000,12,22,"Winter",0.993049275027231,0.0155127605625468,0.806710600852966,0.806710600852966,1,40,40,FALSE,TRUE,TRUE,0.9971154658853
89,1633000,"2000-12-23",0.0242062259931118,0.963984786548106,0.997062128726611,2000,12,23,"Winter",0.993049275027231,0.0155127605625468,0.806710600852966,0.806710600852966,1,40,40,FALSE,TRUE,TRUE,0.9971154658853
89,1633000,"2000-12-24",0.0232806672574952,0.961763608425373,0.997695836953313,2000,12,24,"Winter",0.993049275027231,0.0155127605625468,0.806710600852966,0.806710600852966,1,40,40,FALSE,TRUE,TRUE,0.9971154658853
89,1633000,"2000-12-25",0.0223468625335954,0.959889262899062,0.998051136984295,2000,12,25,"Winter",0.993049275027231,0.0155127605625468,0.806710600852966,0.806710600852966,1,40,40,FALSE,TRUE,TRUE,0.9971154658853
89,1633000,"2000-12-26",0.0214188827667385,0.958473823094325,0.998525413441482,2000,12,26,"Winter",0.993049275027231,0.0155127605625468,0.806710600852966,0.806710600852966,1,40,40,FALSE,TRUE,TRUE,0.9971154658853
89,1633000,"2000-12-27",0.0205058875726536,0.957374284922893,0.998852823994836,2000,12,27,"Winter",0.993049275027231,0.0155127605625468,0.806710600852966,0.806710600852966,1,40,40,FALSE,TRUE,TRUE,0.9971154658853
89,1633000,"2000-12-28",0.0196138048777357,0.956496265194217,0.999082887703896,2000,12,28,"Winter",0.993049275027231,0.0155127605625468,0.806710600852966,0.806710600852966,1,40,40,FALSE,TRUE,TRUE,0.9971154658853
89,1633000,"2000-12-29",0.018746534769889,0.955782668724763,0.999253947458635,2000,12,29,"Winter",0.993049275027231,0.0155127605625468,0.806710600852966,0.806710600852966,1,40,40,FALSE,TRUE,TRUE,0.9971154658853
89,1633000,"2000-12-30",0.0179069524747319,0.955214000589294,0.999405023595765,2000,12,30,"Winter",0.993049275027231,0.0155127605625468,0.806710600852966,0.806710600852966,1,40,40,FALSE,TRUE,TRUE,0.9971154658853
89,1633000,"2000-12-31",0.0170969688333571,0.954767085995353,0.999532131445241,2000,12,31,"Winter",0.993049275027231,0.0155127605625468,0.806710600852966,0.806710600852966,1,40,40,FALSE,TRUE,TRUE,0.9971154658853
89,1633000,"2001-01-01",0.016317403758876,0.954403316630016,0.999618996747298,2001,1,1,"Winter",0.993049275027231,0.0155127605625468,0.806710600852966,0.806710600852966,1,40,40,FALSE,TRUE,TRUE,0.9971154658853
89,1633000,"2001-01-02",0.0155687782680616,0.954121041442808,0.999704239096523,2001,1,2,"Winter",0.993049275027231,0.0155127605625468,0.806710600852966,0.806710600852966,1,40,40,FALSE,TRUE,TRUE,0.9971154658853
89,1633000,"2001-01-03",0.0148511892766692,0.953908458387869,0.999777194878108,2001,1,3,"Winter",0.993049275027231,0.0155127605625468,0.806710600852966,0.806710600852966,1,40,40,FALSE,TRUE,TRUE,0.9971154658853
89,1633000,"2001-01-04",0.0141644810209982,0.953760722937538,0.999845126176384,2001,1,4,"Winter",0.993049275027231,0.0155127605625468,0.806710600852966,0.806710600852966,1,40,40,FALSE,TRUE,TRUE,0.9971154658853
89,1633000,"2001-01-05",0.0135083694476634,0.953679095452765,0.999914415132842,2001,1,5,"Winter",0.993049275027231,0.0155127605625468,0.806710600852966,0.806710600852966,1,40,40,FALSE,TRUE,TRUE,0.9971154658853
89,1633000,"2001-01-06",0.0128824292332865,0.953662785371541,0.999982897725973,2001,1,6,"Winter",0.993049275027231,0.0155127605625468,0.806710600852966,0.806710600852966,1,40,40,FALSE,TRUE,TRUE,0.9971154658853
89,1633000,"2001-01-07",0.0122824957943521,0.953430100172083,0.999756008934157,2001,1,7,"Winter",0.993049275027231,0.0155127605625468,0.806710600852966,0.806710600852966,1,40,40,FALSE,TRUE,TRUE,0.9971154658853
89,1633000,"2001-01-08",0.0134701585629955,1.09669555671165,1.15026319864844,2001,1,8,"Winter",0.993049275027231,0.0155127605625468,0.806710600852966,0.806710600852966,1,40,40,FALSE,TRUE,TRUE,0.9971154658853
89,1633000,"2001-01-09",0.0154637192026712,1.14799830531708,1.04677938949553,2001,1,9,"Winter",0.993049275027231,0.0155127605625468,0.806710600852966,0.806710600852966,1,40,40,FALSE,TRUE,TRUE,0.9971154658853
89,1633000,"2001-01-10",0.0146794230095111,0.949281529049969,0.826901507304728,2001,1,10,"Winter",0.993049275027231,0.0155127605625468,0.806710600852966,0.806710600852966,1,40,40,FALSE,TRUE,TRUE,0.9971154658853
89,1633000,"2001-01-11",0.013981913914904,0.952483888899778,1.00337345640025,2001,1,11,"Winter",0.993049275027231,0.0155127605625468,0.806710600852966,0.806710600852966,1,40,40,FALSE,TRUE,TRUE,0.9971154658853
89,1633000,"2001-01-12",0.0140048253815621,1.00163865024471,1.05160692156348,2001,1,12,"Winter",0.993049275027231,0.0155127605625468,0.806710600852966,0.806710600852966,1,40,40,FALSE,TRUE,TRUE,0.9971154658853
89,1633000,"2001-01-13",0.0139510424924083,0.996159688700966,0.994530001870035,2001,1,13,"Winter",0.993049275027231,0.0155127605625468,0.806710600852966,0.806710600852966,1,40,40,FALSE,TRUE,TRUE,0.9971154658853
89,1633000,"2001-01-14",0.013295256823767,0.952993787453648,0.956667689189865,2001,1,14,"Winter",0.993049275027231,0.0155127605625468,0.806710600852966,0.806710600852966,1,40,40,FALSE,TRUE,TRUE,0.9971154658853
89,1633000,"2001-01-15",0.0128459340776317,0.966204282317279,1.01386209966691,2001,1,15,"Winter",0.993049275027231,0.0155127605625468,0.806710600852966,0.806710600852966,1,40,40,FALSE,TRUE,TRUE,0.9971154658853
89,1633000,"2001-01-16",0.0122818580130115,0.956089135970083,0.98953104790331,2001,1,16,"Winter",0.993049275027231,0.0155127605625468,0.806710600852966,0.806710600852966,1,40,40,FALSE,TRUE,TRUE,0.9971154658853
89,1633000,"2001-01-17",0.0116633913421538,0.949643883669512,0.993258732833492,2001,1,17,"Winter",0.993049275027231,0.0155127605625468,0.806710600852966,0.806710600852966,1,40,40,FALSE,TRUE,TRUE,0.9971154658853
89,1633000,"2001-01-18",0.0110793467028998,0.949924972752724,1.00029599420166,2001,1,18,"Winter",0.993049275027231,0.0155127605625468,0.806710600852966,0.806710600852966,1,40,40,FALSE,TRUE,TRUE,0.9971154658853
89,1633000,"2001-01-19",0.0158565084857401,1.43117720845309,1.50662131168715,2001,1,19,"Winter",0.993049275027231,0.0155127605625468,0.806710600852966,0.806710600852966,1,40,40,FALSE,TRUE,TRUE,0.9971154658853
89,1633000,"2001-01-20",0.0244559133425355,1.54232650677979,1.07766284822746,2001,1,20,"Winter",0.993049275027231,0.0155127605625468,0.806710600852966,0.806710600852966,1,40,40,FALSE,TRUE,TRUE,0.9971154658853
89,1633000,"2001-01-21",0.0245483736507595,1.00378069332063,0.650822435397557,2001,1,21,"Winter",0.993049275027231,0.0155127605625468,0.806710600852966,0.806710600852966,1,40,40,FALSE,TRUE,TRUE,0.9971154658853
89,1633000,"2001-01-22",0.0241264067590236,0.982810800514162,0.979109089320004,2001,1,22,"Winter",0.993049275027231,0.0155127605625468,0.806710600852966,0.806710600852966,1,40,40,FALSE,TRUE,TRUE,0.9971154658853
89,1633000,"2001-01-23",0.0235604381305166,0.976541528369308,0.993621079314987,2001,1,23,"Winter",0.993049275027231,0.0155127605625468,0.806710600852966,0.806710600852966,1,40,40,FALSE,TRUE,TRUE,0.9971154658853
89,1633000,"2001-01-24",0.0232801006059162,0.98810134501543,1.01183750645549,2001,1,24,"Winter",0.993049275027231,0.0155127605625468,0.806710600852966,0.806710600852966,1,40,40,FALSE,TRUE,TRUE,0.9971154658853
89,1633000,"2001-01-25",0.0237817695597187,1.02154926055925,1.03385069326396,2001,1,25,"Winter",0.993049275027231,0.0155127605625468,0.806710600852966,0.806710600852966,1,40,40,FALSE,TRUE,TRUE,0.9971154658853
89,1633000,"2001-01-26",0.0229341222438961,0.964357264765601,0.944014451381093,2001,1,26,"Winter",0.993049275027231,0.0155127605625468,0.806710600852966,0.806710600852966,1,40,40,FALSE,TRUE,TRUE,0.9971154658853
89,1633000,"2001-01-27",0.0220145153580233,0.959902241904308,0.995380319074616,2001,1,27,"Winter",0.993049275027231,0.0155127605625468,0.806710600852966,0.806710600852966,1,40,40,FALSE,TRUE,TRUE,0.9971154658853
89,1633000,"2001-01-28",0.0210730718681589,0.957235329756131,0.997221683592606,2001,1,28,"Winter",0.993049275027231,0.0155127605625468,0.806710600852966,0.806710600852966,1,40,40,FALSE,TRUE,TRUE,0.9971154658853
90,1633000,"2001-02-04",0.0410912812221795,0.958681402244349,0.969254216735644,2001,2,4,"Winter",0.984689214167722,0.534264899746243,0.372443854808807,0.220930099487305,2,33,32,FALSE,TRUE,TRUE,0.986116783106441
90,1633000,"2001-02-05",0.0395881434669718,0.963419545205216,1.00494235410197,2001,2,5,"Winter",0.984689214167722,0.534264899746243,0.372443854808807,0.220930099487305,2,33,32,FALSE,TRUE,TRUE,0.986116783106441
90,1633000,"2001-02-06",0.0380882133031264,0.962111631602608,0.99864242571254,2001,2,6,"Winter",0.984689214167722,0.534264899746243,0.372443854808807,0.220930099487305,2,33,32,FALSE,TRUE,TRUE,0.986116783106441
90,1633000,"2001-02-07",0.0362318914849311,0.951262565050724,0.988723692557575,2001,2,7,"Winter",0.984689214167722,0.534264899746243,0.372443854808807,0.220930099487305,2,33,32,FALSE,TRUE,TRUE,0.986116783106441
90,1633000,"2001-02-08",0.0344196944497526,0.949983372081685,0.998655268255016,2001,2,8,"Winter",0.984689214167722,0.534264899746243,0.372443854808807,0.220930099487305,2,33,32,FALSE,TRUE,TRUE,0.986116783106441
90,1633000,"2001-02-09",0.0326436766190455,0.948401115724609,0.998334437840097,2001,2,9,"Winter",0.984689214167722,0.534264899746243,0.372443854808807,0.220930099487305,2,33,32,FALSE,TRUE,TRUE,0.986116783106441
90,1633000,"2001-02-10",0.0308483459521085,0.945002191760181,0.996416153557737,2001,2,10,"Winter",0.984689214167722,0.534264899746243,0.372443854808807,0.220930099487305,2,33,32,FALSE,TRUE,TRUE,0.986116783106441
90,1633000,"2001-02-11",0.0290978102711961,0.94325349943786,0.998149536225875,2001,2,11,"Winter",0.984689214167722,0.534264899746243,0.372443854808807,0.220930099487305,2,33,32,FALSE,TRUE,TRUE,0.986116783106441
90,1633000,"2001-02-12",0.0274563016137108,0.943586522759405,1.00035305813521,2001,2,12,"Winter",0.984689214167722,0.534264899746243,0.372443854808807,0.220930099487305,2,33,32,FALSE,TRUE,TRUE,0.986116783106441
90,1633000,"2001-02-13",0.0258816638961434,0.942649314546389,0.999006759644812,2001,2,13,"Winter",0.984689214167722,0.534264899746243,0.372443854808807,0.220930099487305,2,33,32,FALSE,TRUE,TRUE,0.986116783106441
90,1633000,"2001-02-14",0.0243629212491215,0.941319744622436,0.998589539181288,2001,2,14,"Winter",0.984689214167722,0.534264899746243,0.372443854808807,0.220930099487305,2,33,32,FALSE,TRUE,TRUE,0.986116783106441
90,1633000,"2001-02-15",0.0229963744059205,0.943908744389582,1.00275039356386,2001,2,15,"Winter",0.984689214167722,0.534264899746243,0.372443854808807,0.220930099487305,2,33,32,FALSE,TRUE,TRUE,0.986116783106441
90,1633000,"2001-02-16",0.0254777239169925,1.1079017703953,1.17373822096729,2001,2,16,"Winter",0.984689214167722,0.534264899746243,0.372443854808807,0.220930099487305,2,33,32,FALSE,TRUE,TRUE,0.986116783106441
90,1633000,"2001-02-17",0.0343277086503804,1.34736167022696,1.21613820487553,2001,2,17,"Winter",0.984689214167722,0.534264899746243,0.372443854808807,0.220930099487305,2,33,32,FALSE,TRUE,TRUE,0.986116783106441
90,1633000,"2001-02-18",0.0328083602944389,0.955739884318651,0.70934174946335,2001,2,18,"Winter",0.984689214167722,0.534264899746243,0.372443854808807,0.220930099487305,2,33,32,FALSE,TRUE,TRUE,0.986116783106441
90,1633000,"2001-02-19",0.0312626145314425,0.952885613632499,0.997013548630768,2001,2,19,"Winter",0.984689214167722,0.534264899746243,0.372443854808807,0.220930099487305,2,33,32,FALSE,TRUE,TRUE,0.986116783106441
90,1633000,"2001-02-20",0.0297521722968668,0.95168535142649,0.998740392142732,2001,2,20,"Winter",0.984689214167722,0.534264899746243,0.372443854808807,0.220930099487305,2,33,32,FALSE,TRUE,TRUE,0.986116783106441
90,1633000,"2001-02-21",0.0282872230745852,0.950761604643038,0.999029356938124,2001,2,21,"Winter",0.984689214167722,0.534264899746243,0.372443854808807,0.220930099487305,2,33,32,FALSE,TRUE,TRUE,0.986116783106441
90,1633000,"2001-02-22",0.0268744517816231,0.950056204200848,0.999258068017529,2001,2,22,"Winter",0.984689214167722,0.534264899746243,0.372443854808807,0.220930099487305,2,33,32,FALSE,TRUE,TRUE,0.986116783106441
90,1633000,"2001-02-23",0.025514945271425,0.949412679326625,0.999322645469418,2001,2,23,"Winter",0.984689214167722,0.534264899746243,0.372443854808807,0.220930099487305,2,33,32,FALSE,TRUE,TRUE,0.986116783106441
90,1633000,"2001-02-24",0.0241891654441133,0.948039087945979,0.998553219889985,2001,2,24,"Winter",0.984689214167722,0.534264899746243,0.372443854808807,0.220930099487305,2,33,32,FALSE,TRUE,TRUE,0.986116783106441
90,1633000,"2001-02-25",0.0277542632538825,1.14738407647862,1.21027085387855,2001,2,25,"Winter",0.984689214167722,0.534264899746243,0.372443854808807,0.220930099487305,2,33,32,FALSE,TRUE,TRUE,0.986116783106441
90,1633000,"2001-02-26",0.0319552038563415,1.15136199307583,1.00346694422448,2001,2,26,"Winter",0.984689214167722,0.534264899746243,0.372443854808807,0.220930099487305,2,33,32,FALSE,TRUE,TRUE,0.986116783106441
90,1633000,"2001-02-27",0.0303373853676021,0.949372299547438,0.824564563757411,2001,2,27,"Winter",0.984689214167722,0.534264899746243,0.372443854808807,0.220930099487305,2,33,32,FALSE,TRUE,TRUE,0.986116783106441
90,1633000,"2001-02-28",0.028781900065951,0.948727113994728,0.999320408281327,2001,2,28,"Winter",0.984689214167722,0.534264899746243,0.372443854808807,0.220930099487305,2,33,32,FALSE,TRUE,TRUE,0.986116783106441
90,1633000,"2001-03-01",0.0272861146368086,0.948030344566726,0.999265574454737,2001,3,1,"Spring",0.984689214167722,0.534264899746243,0.372443854808807,0.220930099487305,2,33,32,FALSE,TRUE,TRUE,0.986116783106441
90,1633000,"2001-03-02",0.0258062022039667,0.94576316736405,0.997608539414724,2001,3,2,"Spring",0.984689214167722,0.534264899746243,0.372443854808807,0.220930099487305,2,33,32,FALSE,TRUE,TRUE,0.986116783106441
90,1633000,"2001-03-03",0.0243047556141392,0.941818382342337,0.995828992756498,2001,3,3,"Spring",0.984689214167722,0.534264899746243,0.372443854808807,0.220930099487305,2,33,32,FALSE,TRUE,TRUE,0.986116783106441
90,1633000,"2001-03-04",0.0229516730178148,0.944328483782933,1.00266516505481,2001,3,4,"Spring",0.984689214167722,0.534264899746243,0.372443854808807,0.220930099487305,2,33,32,FALSE,TRUE,TRUE,0.986116783106441
90,1633000,"2001-03-05",0.0222445698454976,0.969191650135121,1.02632893826583,2001,3,5,"Spring",0.984689214167722,0.534264899746243,0.372443854808807,0.220930099487305,2,33,32,FALSE,TRUE,TRUE,0.986116783106441
90,1633000,"2001-03-06",0.0215986928087659,0.970964732462003,1.00182944449288,2001,3,6,"Spring",0.984689214167722,0.534264899746243,0.372443854808807,0.220930099487305,2,33,32,FALSE,TRUE,TRUE,0.986116783106441
90,1633000,"2001-03-07",0.0203828415251337,0.943707181985626,0.971927352698732,2001,3,7,"Spring",0.984689214167722,0.534264899746243,0.372443854808807,0.220930099487305,2,33,32,FALSE,TRUE,TRUE,0.986116783106441
91,1633000,"2001-04-17",0.0399044184014201,0.930953148070468,1.00080807408704,2001,4,17,"Spring",0.908435782979013,0.999841026716469,0.707114219665527,6.75877021016902e-10,4,9,6,FALSE,TRUE,TRUE,0.931115415326281
91,1633000,"2001-04-18",0.0371728840982541,0.931548073807567,1.0006390501373,2001,4,18,"Spring",0.908435782979013,0.999841026716469,0.707114219665527,6.75877021016902e-10,4,9,6,FALSE,TRUE,TRUE,0.931115415326281
91,1633000,"2001-04-19",0.0346509828232229,0.932157503077635,1.00065421129323,2001,4,19,"Spring",0.908435782979013,0.999841026716469,0.707114219665527,6.75877021016902e-10,4,9,6,FALSE,TRUE,TRUE,0.931115415326281
91,1633000,"2001-04-20",0.0323115579085424,0.932486044432986,1.00035245262122,2001,4,20,"Spring",0.908435782979013,0.999841026716469,0.707114219665527,6.75877021016902e-10,4,9,6,FALSE,TRUE,TRUE,0.931115415326281
91,1633000,"2001-04-21",0.0300678702769801,0.930560834054704,0.997935400331431,2001,4,21,"Spring",0.908435782979013,0.999841026716469,0.707114219665527,6.75877021016902e-10,4,9,6,FALSE,TRUE,TRUE,0.931115415326281
91,1633000,"2001-04-22",0.0278863252606243,0.927445974847576,0.996652707600474,2001,4,22,"Spring",0.908435782979013,0.999841026716469,0.707114219665527,6.75877021016902e-10,4,9,6,FALSE,TRUE,TRUE,0.931115415326281
93,1633000,"2001-08-16",0.0149288457469083,0.912645660441262,0.979848372144281,2001,8,16,"Summer",0.931936739454839,0.699081493826698,0.346764087677002,0.000116907845949754,2,21,20,FALSE,TRUE,TRUE,0.96495881059414
93,1633000,"2001-08-17",0.0135072856792249,0.904777630381916,0.991378877476345,2001,8,17,"Summer",0.931936739454839,0.699081493826698,0.346764087677002,0.000116907845949754,2,21,20,FALSE,TRUE,TRUE,0.96495881059414
93,1633000,"2001-08-18",0.012124597444199,0.897633894191449,0.992104428811473,2001,8,18,"Summer",0.931936739454839,0.699081493826698,0.346764087677002,0.000116907845949754,2,21,20,FALSE,TRUE,TRUE,0.96495881059414
93,1633000,"2001-08-19",0.0110563990892842,0.911898241584436,1.01589105256084,2001,8,19,"Summer",0.931936739454839,0.699081493826698,0.346764087677002,0.000116907845949754,2,21,20,FALSE,TRUE,TRUE,0.96495881059414
93,1633000,"2001-08-20",0.0144901714520529,1.31056877877144,1.43718752708011,2001,8,20,"Summer",0.931936739454839,0.699081493826698,0.346764087677002,0.000116907845949754,2,21,20,FALSE,TRUE,TRUE,0.96495881059414
93,1633000,"2001-08-21",0.0136244315654039,0.940253302763626,0.717439113455033,2001,8,21,"Summer",0.931936739454839,0.699081493826698,0.346764087677002,0.000116907845949754,2,21,20,FALSE,TRUE,TRUE,0.96495881059414
93,1633000,"2001-08-22",0.0125705680111423,0.922648989119101,0.981277052053121,2001,8,22,"Summer",0.931936739454839,0.699081493826698,0.346764087677002,0.000116907845949754,2,21,20,FALSE,TRUE,TRUE,0.96495881059414
93,1633000,"2001-08-23",0.0120884503994603,0.961647110038727,1.04226755936389,2001,8,23,"Summer",0.931936739454839,0.699081493826698,0.346764087677002,0.000116907845949754,2,21,20,FALSE,TRUE,TRUE,0.96495881059414
93,1633000,"2001-08-24",0.0141810221248306,1.17310504293121,1.2198914037021,2001,8,24,"Summer",0.931936739454839,0.699081493826698,0.346764087677002,0.000116907845949754,2,21,20,FALSE,TRUE,TRUE,0.96495881059414
93,1633000,"2001-08-25",0.0132270675967447,0.932730199580217,0.795095209248804,2001,8,25,"Summer",0.931936739454839,0.699081493826698,0.346764087677002,0.000116907845949754,2,21,20,FALSE,TRUE,TRUE,0.96495881059414
93,1633000,"2001-08-26",0.0124226062616799,0.939180674085099,1.00691569170569,2001,8,26,"Summer",0.931936739454839,0.699081493826698,0.346764087677002,0.000116907845949754,2,21,20,FALSE,TRUE,TRUE,0.96495881059414
93,1633000,"2001-08-27",0.0127543866983615,1.02670779622993,1.0931951908296,2001,8,27,"Summer",0.931936739454839,0.699081493826698,0.346764087677002,0.000116907845949754,2,21,20,FALSE,TRUE,TRUE,0.96495881059414
93,1633000,"2001-08-28",0.0119403742428403,0.936177844158847,0.911825007656991,2001,8,28,"Summer",0.931936739454839,0.699081493826698,0.346764087677002,0.000116907845949754,2,21,20,FALSE,TRUE,TRUE,0.96495881059414
93,1633000,"2001-08-29",0.0109604081371799,0.917928359218051,0.980506390901407,2001,8,29,"Summer",0.931936739454839,0.699081493826698,0.346764087677002,0.000116907845949754,2,21,20,FALSE,TRUE,TRUE,0.96495881059414
93,1633000,"2001-08-30",0.00994792039273307,0.907623171347764,0.988773429029836,2001,8,30,"Summer",0.931936739454839,0.699081493826698,0.346764087677002,0.000116907845949754,2,21,20,FALSE,TRUE,TRUE,0.96495881059414
93,1633000,"2001-08-31",0.00911010720301419,0.91578006692425,1.00898709490236,2001,8,31,"Summer",0.931936739454839,0.699081493826698,0.346764087677002,0.000116907845949754,2,21,20,FALSE,TRUE,TRUE,0.96495881059414
93,1633000,"2001-09-01",0.00848479504929855,0.931360615217706,1.01701341714696,2001,9,1,"Fall",0.931936739454839,0.699081493826698,0.346764087677002,0.000116907845949754,2,21,20,FALSE,TRUE,TRUE,0.96495881059414
93,1633000,"2001-09-02",0.00785814595292323,0.926144462802654,0.994399427751373,2001,9,2,"Fall",0.931936739454839,0.699081493826698,0.346764087677002,0.000116907845949754,2,21,20,FALSE,TRUE,TRUE,0.96495881059414
93,1633000,"2001-09-03",0.00700681962189265,0.891663207055363,0.962769031039774,2001,9,3,"Fall",0.931936739454839,0.699081493826698,0.346764087677002,0.000116907845949754,2,21,20,FALSE,TRUE,TRUE,0.96495881059414
93,1633000,"2001-09-04",0.00610202190000564,0.870868986114615,0.976679287901293,2001,9,4,"Fall",0.931936739454839,0.699081493826698,0.346764087677002,0.000116907845949754,2,21,20,FALSE,TRUE,TRUE,0.96495881059414
97,1633000,"2002-05-01",0.0453972644172609,0.977686821293337,0.983471441766215,2002,5,1,"Spring",0.991322819815759,0.779718170162588,0.36687958240509,0.00221814098767936,7,28,22,FALSE,TRUE,TRUE,0.979508966903434
97,1633000,"2002-05-02",0.0477889388566837,1.05268322816635,1.07670800632641,2002,5,2,"Spring",0.991322819815759,0.779718170162588,0.36687958240509,0.00221814098767936,7,28,22,FALSE,TRUE,TRUE,0.979508966903434
97,1633000,"2002-05-03",0.0478594314772636,1.00147508235726,0.951354648351066,2002,5,3,"Spring",0.991322819815759,0.779718170162588,0.36687958240509,0.00221814098767936,7,28,22,FALSE,TRUE,TRUE,0.979508966903434
97,1633000,"2002-05-04",0.045761760789901,0.956170171215697,0.954761818901246,2002,5,4,"Spring",0.991322819815759,0.779718170162588,0.36687958240509,0.00221814098767936,7,28,22,FALSE,TRUE,TRUE,0.979508966903434
97,1633000,"2002-05-05",0.043618464958854,0.953164043645803,0.996856074723528,2002,5,5,"Spring",0.991322819815759,0.779718170162588,0.36687958240509,0.00221814098767936,7,28,22,FALSE,TRUE,TRUE,0.979508966903434
97,1633000,"2002-05-06",0.0412615875247866,0.945966061935222,0.992448328534247,2002,5,6,"Spring",0.991322819815759,0.779718170162588,0.36687958240509,0.00221814098767936,7,28,22,FALSE,TRUE,TRUE,0.979508966903434
97,1633000,"2002-05-07",0.03952366032172,0.957880263283068,1.01259474502021,2002,5,7,"Spring",0.991322819815759,0.779718170162588,0.36687958240509,0.00221814098767936,7,28,22,FALSE,TRUE,TRUE,0.979508966903434
97,1633000,"2002-05-08",0.0388915344374254,0.98400639315415,1.02727494330193,2002,5,8,"Spring",0.991322819815759,0.779718170162588,0.36687958240509,0.00221814098767936,7,28,22,FALSE,TRUE,TRUE,0.979508966903434
97,1633000,"2002-05-09",0.0400390051072463,1.02950438151694,1.04623749264163,2002,5,9,"Spring",0.991322819815759,0.779718170162588,0.36687958240509,0.00221814098767936,7,28,22,FALSE,TRUE,TRUE,0.979508966903434
97,1633000,"2002-05-10",0.0404423525324091,1.01007386232706,0.981126336576395,2002,5,10,"Spring",0.991322819815759,0.779718170162588,0.36687958240509,0.00221814098767936,7,28,22,FALSE,TRUE,TRUE,0.979508966903434
97,1633000,"2002-05-11",0.0387217985698953,0.957456630122222,0.947907540064827,2002,5,11,"Spring",0.991322819815759,0.779718170162588,0.36687958240509,0.00221814098767936,7,28,22,FALSE,TRUE,TRUE,0.979508966903434
97,1633000,"2002-05-12",0.0368299767142162,0.951143233900556,0.993406076032018,2002,5,12,"Spring",0.991322819815759,0.779718170162588,0.36687958240509,0.00221814098767936,7,28,22,FALSE,TRUE,TRUE,0.979508966903434
97,1633000,"2002-05-13",0.0351583827286959,0.954613221765218,1.00364822851174,2002,5,13,"Spring",0.991322819815759,0.779718170162588,0.36687958240509,0.00221814098767936,7,28,22,FALSE,TRUE,TRUE,0.979508966903434
97,1633000,"2002-05-14",0.0338384609203786,0.962457834920831,1.00821758276206,2002,5,14,"Spring",0.991322819815759,0.779718170162588,0.36687958240509,0.00221814098767936,7,28,22,FALSE,TRUE,TRUE,0.979508966903434
97,1633000,"2002-05-15",0.0317918315995485,0.939517659339005,0.976165007183185,2002,5,15,"Spring",0.991322819815759,0.779718170162588,0.36687958240509,0.00221814098767936,7,28,22,FALSE,TRUE,TRUE,0.979508966903434
97,1633000,"2002-05-16",0.0298664530273527,0.939437947569428,0.999915156709632,2002,5,16,"Spring",0.991322819815759,0.779718170162588,0.36687958240509,0.00221814098767936,7,28,22,FALSE,TRUE,TRUE,0.979508966903434
97,1633000,"2002-05-17",0.0278858614619821,0.933685075909193,0.993876262210698,2002,5,17,"Spring",0.991322819815759,0.779718170162588,0.36687958240509,0.00221814098767936,7,28,22,FALSE,TRUE,TRUE,0.979508966903434
97,1633000,"2002-05-18",0.0342004501726478,1.22644409674324,1.3135522119693,2002,5,18,"Spring",0.991322819815759,0.779718170162588,0.36687958240509,0.00221814098767936,7,28,22,FALSE,TRUE,TRUE,0.979508966903434
97,1633000,"2002-05-19",0.0356317142723128,1.04184927661594,0.849487782918538,2002,5,19,"Spring",0.991322819815759,0.779718170162588,0.36687958240509,0.00221814098767936,7,28,22,FALSE,TRUE,TRUE,0.979508966903434
97,1633000,"2002-05-20",0.0344153351616114,0.96586245889251,0.92706544081861,2002,5,20,"Spring",0.991322819815759,0.779718170162588,0.36687958240509,0.00221814098767936,7,28,22,FALSE,TRUE,TRUE,0.979508966903434
97,1633000,"2002-05-21",0.033087722142227,0.961423795143936,0.995404455667876,2002,5,21,"Spring",0.991322819815759,0.779718170162588,0.36687958240509,0.00221814098767936,7,28,22,FALSE,TRUE,TRUE,0.979508966903434
97,1633000,"2002-05-22",0.0316026458749548,0.955116998961468,0.993440149688074,2002,5,22,"Spring",0.991322819815759,0.779718170162588,0.36687958240509,0.00221814098767936,7,28,22,FALSE,TRUE,TRUE,0.979508966903434
103,1633000,"2003-07-13",0.0391684280475602,0.929068386820725,0.991816816342024,2003,7,13,"Summer",0.93044852021427,0.918639875162494,0.674611926078796,0.674611926078796,1,19,19,FALSE,TRUE,TRUE,0.937143367648366
103,1633000,"2003-07-14",0.036061076214537,0.920666925176317,0.990957111700725,2003,7,14,"Summer",0.93044852021427,0.918639875162494,0.674611926078796,0.674611926078796,1,19,19,FALSE,TRUE,TRUE,0.937143367648366
103,1633000,"2003-07-15",0.0330586858326569,0.916741520302443,0.995736346373991,2003,7,15,"Summer",0.93044852021427,0.918639875162494,0.674611926078796,0.674611926078796,1,19,19,FALSE,TRUE,TRUE,0.937143367648366
103,1633000,"2003-07-16",0.0301626340951771,0.912396646613852,0.995260524812755,2003,7,16,"Summer",0.93044852021427,0.918639875162494,0.674611926078796,0.674611926078796,1,19,19,FALSE,TRUE,TRUE,0.937143367648366
103,1633000,"2003-07-17",0.0273875499842688,0.907995962748096,0.99517678645347,2003,7,17,"Summer",0.93044852021427,0.918639875162494,0.674611926078796,0.674611926078796,1,19,19,FALSE,TRUE,TRUE,0.937143367648366
103,1633000,"2003-07-18",0.0247971082571894,0.905415353744041,0.997157906962225,2003,7,18,"Summer",0.93044852021427,0.918639875162494,0.674611926078796,0.674611926078796,1,19,19,FALSE,TRUE,TRUE,0.937143367648366
103,1633000,"2003-07-19",0.0224563863594085,0.905605045818105,1.00020950834695,2003,7,19,"Summer",0.93044852021427,0.918639875162494,0.674611926078796,0.674611926078796,1,19,19,FALSE,TRUE,TRUE,0.937143367648366
103,1633000,"2003-07-20",0.020242803147994,0.9014274524856,0.995386958860492,2003,7,20,"Summer",0.93044852021427,0.918639875162494,0.674611926078796,0.674611926078796,1,19,19,FALSE,TRUE,TRUE,0.937143367648366
103,1633000,"2003-07-21",0.0181113774888217,0.89470699074681,0.99254464491817,2003,7,21,"Summer",0.93044852021427,0.918639875162494,0.674611926078796,0.674611926078796,1,19,19,FALSE,TRUE,TRUE,0.937143367648366
103,1633000,"2003-07-22",0.0162609545513988,0.897830911063222,1.00349155684344,2003,7,22,"Summer",0.93044852021427,0.918639875162494,0.674611926078796,0.674611926078796,1,19,19,FALSE,TRUE,TRUE,0.937143367648366
103,1633000,"2003-07-23",0.0148447980172932,0.912910614833265,1.01679570572168,2003,7,23,"Summer",0.93044852021427,0.918639875162494,0.674611926078796,0.674611926078796,1,19,19,FALSE,TRUE,TRUE,0.937143367648366
103,1633000,"2003-07-24",0.0174992605461739,1.17881432443799,1.29127025722369,2003,7,24,"Summer",0.93044852021427,0.918639875162494,0.674611926078796,0.674611926078796,1,19,19,FALSE,TRUE,TRUE,0.937143367648366
103,1633000,"2003-07-25",0.0161530589684844,0.923070944961509,0.783050329322722,2003,7,25,"Summer",0.93044852021427,0.918639875162494,0.674611926078796,0.674611926078796,1,19,19,FALSE,TRUE,TRUE,0.937143367648366
103,1633000,"2003-07-26",0.0145460905623622,0.900516155530821,0.975565486538384,2003,7,26,"Summer",0.93044852021427,0.918639875162494,0.674611926078796,0.674611926078796,1,19,19,FALSE,TRUE,TRUE,0.937143367648366
103,1633000,"2003-07-27",0.0128746696282178,0.885094835139472,0.982875020845951,2003,7,27,"Summer",0.93044852021427,0.918639875162494,0.674611926078796,0.674611926078796,1,19,19,FALSE,TRUE,TRUE,0.937143367648366
103,1633000,"2003-07-28",0.0121939420059789,0.947126594942138,1.0700848737784,2003,7,28,"Summer",0.93044852021427,0.918639875162494,0.674611926078796,0.674611926078796,1,19,19,FALSE,TRUE,TRUE,0.937143367648366
103,1633000,"2003-07-29",0.0145692159421742,1.19479130990049,1.26149061411742,2003,7,29,"Summer",0.93044852021427,0.918639875162494,0.674611926078796,0.674611926078796,1,19,19,FALSE,TRUE,TRUE,0.937143367648366
103,1633000,"2003-07-30",0.0134417728404514,0.922614703069979,0.77219736653995,2003,7,30,"Summer",0.93044852021427,0.918639875162494,0.674611926078796,0.674611926078796,1,19,19,FALSE,TRUE,TRUE,0.937143367648366
103,1633000,"2003-07-31",0.0121253803372383,0.902067047342773,0.977728887629002,2003,7,31,"Summer",0.93044852021427,0.918639875162494,0.674611926078796,0.674611926078796,1,19,19,FALSE,TRUE,TRUE,0.937143367648366
104,1633000,"2003-08-14",0.0254868799820542,0.919644642069294,0.990744636987981,2003,8,14,"Summer",0.907031182523883,0.907232509312432,0.363020360469818,0.363020360469818,1,19,19,FALSE,TRUE,TRUE,0.915101429335716
104,1633000,"2003-08-15",0.0232404424459673,0.911859060910216,0.991534141772893,2003,8,15,"Summer",0.907031182523883,0.907232509312432,0.363020360469818,0.363020360469818,1,19,19,FALSE,TRUE,TRUE,0.915101429335716
104,1633000,"2003-08-16",0.0211037282133475,0.908060518314675,0.995834287601694,2003,8,16,"Summer",0.907031182523883,0.907232509312432,0.363020360469818,0.363020360469818,1,19,19,FALSE,TRUE,TRUE,0.915101429335716
104,1633000,"2003-08-17",0.0193358681863174,0.91622996613878,1.00899658960976,2003,8,17,"Summer",0.907031182523883,0.907232509312432,0.363020360469818,0.363020360469818,1,19,19,FALSE,TRUE,TRUE,0.915101429335716
104,1633000,"2003-08-18",0.0178890319075435,0.92517345149272,1.00976117970866,2003,8,18,"Summer",0.907031182523883,0.907232509312432,0.363020360469818,0.363020360469818,1,19,19,FALSE,TRUE,TRUE,0.915101429335716
104,1633000,"2003-08-19",0.0162939628353342,0.910835360993644,0.984502267681868,2003,8,19,"Summer",0.907031182523883,0.907232509312432,0.363020360469818,0.363020360469818,1,19,19,FALSE,TRUE,TRUE,0.915101429335716
104,1633000,"2003-08-20",0.01466825773241,0.900226536702365,0.988352643358393,2003,8,20,"Summer",0.907031182523883,0.907232509312432,0.363020360469818,0.363020360469818,1,19,19,FALSE,TRUE,TRUE,0.915101429335716
104,1633000,"2003-08-21",0.0130747623625211,0.891364373400124,0.990155629787693,2003,8,21,"Summer",0.907031182523883,0.907232509312432,0.363020360469818,0.363020360469818,1,19,19,FALSE,TRUE,TRUE,0.915101429335716
104,1633000,"2003-08-22",0.011577724799281,0.885501738254806,0.993422852292206,2003,8,22,"Summer",0.907031182523883,0.907232509312432,0.363020360469818,0.363020360469818,1,19,19,FALSE,TRUE,TRUE,0.915101429335716
104,1633000,"2003-08-23",0.0103311374841724,0.892328817905048,1.00770984330725,2003,8,23,"Summer",0.907031182523883,0.907232509312432,0.363020360469818,0.363020360469818,1,19,19,FALSE,TRUE,TRUE,0.915101429335716
104,1633000,"2003-08-24",0.00916959650930949,0.887568917106912,0.994665754705412,2003,8,24,"Summer",0.907031182523883,0.907232509312432,0.363020360469818,0.363020360469818,1,19,19,FALSE,TRUE,TRUE,0.915101429335716
104,1633000,"2003-08-25",0.00803960263147019,0.876767328127026,0.98783014054267,2003,8,25,"Summer",0.907031182523883,0.907232509312432,0.363020360469818,0.363020360469818,1,19,19,FALSE,TRUE,TRUE,0.915101429335716
104,1633000,"2003-08-26",0.00690639659296721,0.859047008857483,0.979789028741071,2003,8,26,"Summer",0.907031182523883,0.907232509312432,0.363020360469818,0.363020360469818,1,19,19,FALSE,TRUE,TRUE,0.915101429335716
104,1633000,"2003-08-27",0.00590650245430879,0.855222021324896,0.995547406028833,2003,8,27,"Summer",0.907031182523883,0.907232509312432,0.363020360469818,0.363020360469818,1,19,19,FALSE,TRUE,TRUE,0.915101429335716
104,1633000,"2003-08-28",0.00518267530424055,0.877452493134882,1.02599380190836,2003,8,28,"Summer",0.907031182523883,0.907232509312432,0.363020360469818,0.363020360469818,1,19,19,FALSE,TRUE,TRUE,0.915101429335716
104,1633000,"2003-08-29",0.00548196485033259,1.05774807961578,1.20547618006846,2003,8,29,"Summer",0.907031182523883,0.907232509312432,0.363020360469818,0.363020360469818,1,19,19,FALSE,TRUE,TRUE,0.915101429335716
104,1633000,"2003-08-30",0.00744125177152455,1.35740596203806,1.28329796876694,2003,8,30,"Summer",0.907031182523883,0.907232509312432,0.363020360469818,0.363020360469818,1,19,19,FALSE,TRUE,TRUE,0.915101429335716
104,1633000,"2003-08-31",0.00700363959185779,0.941191053185249,0.693374774759431,2003,8,31,"Summer",0.907031182523883,0.907232509312432,0.363020360469818,0.363020360469818,1,19,19,FALSE,TRUE,TRUE,0.915101429335716
104,1633000,"2003-09-01",0.00642891143797897,0.917938645137168,0.975294699233074,2003,9,1,"Fall",0.907031182523883,0.907232509312432,0.363020360469818,0.363020360469818,1,19,19,FALSE,TRUE,TRUE,0.915101429335716
105,1633000,"2003-10-01",0.0470629390329123,0.934985382829752,1.00016063077006,2003,10,1,"Fall",0.982821754314518,0.26523011086563,0.569996118545532,0.569996118545532,1,35,35,FALSE,TRUE,TRUE,0.986163185808451
105,1633000,"2003-10-02",0.0440137477125973,0.935210350586421,1.00024061098794,2003,10,2,"Fall",0.982821754314518,0.26523011086563,0.569996118545532,0.569996118545532,1,35,35,FALSE,TRUE,TRUE,0.986163185808451
105,1633000,"2003-10-03",0.0411747200414539,0.935496797735067,1.00030629167916,2003,10,3,"Fall",0.982821754314518,0.26523011086563,0.569996118545532,0.569996118545532,1,35,35,FALSE,TRUE,TRUE,0.986163185808451
105,1633000,"2003-10-04",0.0385327086551115,0.935834138430511,1.00036060058812,2003,10,4,"Fall",0.982821754314518,0.26523011086563,0.569996118545532,0.569996118545532,1,35,35,FALSE,TRUE,TRUE,0.986163185808451
105,1633000,"2003-10-05",0.0360427163541317,0.935379775056393,0.999514483009906,2003,10,5,"Fall",0.982821754314518,0.26523011086563,0.569996118545532,0.569996118545532,1,35,35,FALSE,TRUE,TRUE,0.986163185808451
105,1633000,"2003-10-06",0.0335923336679116,0.932014483532698,0.996402219062849,2003,10,6,"Fall",0.982821754314518,0.26523011086563,0.569996118545532,0.569996118545532,1,35,35,FALSE,TRUE,TRUE,0.986163185808451
105,1633000,"2003-10-07",0.0311987082241103,0.928744889608913,0.99649190652983,2003,10,7,"Fall",0.982821754314518,0.26523011086563,0.569996118545532,0.569996118545532,1,35,35,FALSE,TRUE,TRUE,0.986163185808451
105,1633000,"2003-10-08",0.0288864268222824,0.925885348033704,0.99692106884549,2003,10,8,"Fall",0.982821754314518,0.26523011086563,0.569996118545532,0.569996118545532,1,35,35,FALSE,TRUE,TRUE,0.986163185808451
105,1633000,"2003-10-09",0.0266696295002475,0.923258167731399,0.997162520923476,2003,10,9,"Fall",0.982821754314518,0.26523011086563,0.569996118545532,0.569996118545532,1,35,35,FALSE,TRUE,TRUE,0.986163185808451
105,1633000,"2003-10-10",0.0245713857002556,0.921324598829825,0.997905711566761,2003,10,10,"Fall",0.982821754314518,0.26523011086563,0.569996118545532,0.569996118545532,1,35,35,FALSE,TRUE,TRUE,0.986163185808451
105,1633000,"2003-10-11",0.0226290395366959,0.920950890305731,0.999594379087925,2003,10,11,"Fall",0.982821754314518,0.26523011086563,0.569996118545532,0.569996118545532,1,35,35,FALSE,TRUE,TRUE,0.986163185808451
105,1633000,"2003-10-12",0.0208248776034452,0.920272270932001,0.999263131855484,2003,10,12,"Fall",0.982821754314518,0.26523011086563,0.569996118545532,0.569996118545532,1,35,35,FALSE,TRUE,TRUE,0.986163185808451
105,1633000,"2003-10-13",0.019149343832396,0.919541722983667,0.999206161077096,2003,10,13,"Fall",0.982821754314518,0.26523011086563,0.569996118545532,0.569996118545532,1,35,35,FALSE,TRUE,TRUE,0.986163185808451
105,1633000,"2003-10-14",0.0184823927702382,0.965171074894512,1.04962183962984,2003,10,14,"Fall",0.982821754314518,0.26523011086563,0.569996118545532,0.569996118545532,1,35,35,FALSE,TRUE,TRUE,0.986163185808451
105,1633000,"2003-10-15",0.0252774431137368,1.36764992649872,1.41700260407016,2003,10,15,"Fall",0.982821754314518,0.26523011086563,0.569996118545532,0.569996118545532,1,35,35,FALSE,TRUE,TRUE,0.986163185808451
105,1633000,"2003-10-16",0.0245528967352584,0.971336247292961,0.710222863667788,2003,10,16,"Fall",0.982821754314518,0.26523011086563,0.569996118545532,0.569996118545532,1,35,35,FALSE,TRUE,TRUE,0.986163185808451
105,1633000,"2003-10-17",0.0238380801747553,0.970886671002179,0.999537156888734,2003,10,17,"Fall",0.982821754314518,0.26523011086563,0.569996118545532,0.569996118545532,1,35,35,FALSE,TRUE,TRUE,0.986163185808451
105,1633000,"2003-10-18",0.0244381827069447,1.0251741133426,1.05591532355098,2003,10,18,"Fall",0.982821754314518,0.26523011086563,0.569996118545532,0.569996118545532,1,35,35,FALSE,TRUE,TRUE,0.986163185808451
105,1633000,"2003-10-19",0.0233784992014989,0.956638203496834,0.933147053799177,2003,10,19,"Fall",0.982821754314518,0.26523011086563,0.569996118545532,0.569996118545532,1,35,35,FALSE,TRUE,TRUE,0.986163185808451
105,1633000,"2003-10-20",0.0222647946793586,0.952362018085878,0.995529986785678,2003,10,20,"Fall",0.982821754314518,0.26523011086563,0.569996118545532,0.569996118545532,1,35,35,FALSE,TRUE,TRUE,0.986163185808451
105,1633000,"2003-10-21",0.0210655397968367,0.946136719435651,0.993463306461193,2003,10,21,"Fall",0.982821754314518,0.26523011086563,0.569996118545532,0.569996118545532,1,35,35,FALSE,TRUE,TRUE,0.986163185808451
105,1633000,"2003-10-22",0.0197899912018329,0.939448568263353,0.992931094381067,2003,10,22,"Fall",0.982821754314518,0.26523011086563,0.569996118545532,0.569996118545532,1,35,35,FALSE,TRUE,TRUE,0.986163185808451
105,1633000,"2003-10-23",0.0185495677869767,0.937320668705436,0.997734948319896,2003,10,23,"Fall",0.982821754314518,0.26523011086563,0.569996118545532,0.569996118545532,1,35,35,FALSE,TRUE,TRUE,0.986163185808451
105,1633000,"2003-10-24",0.0173459717188962,0.935114603105441,0.99764641315011,2003,10,24,"Fall",0.982821754314518,0.26523011086563,0.569996118545532,0.569996118545532,1,35,35,FALSE,TRUE,TRUE,0.986163185808451
105,1633000,"2003-10-25",0.0161785069503821,0.932695337716812,0.997412867491755,2003,10,25,"Fall",0.982821754314518,0.26523011086563,0.569996118545532,0.569996118545532,1,35,35,FALSE,TRUE,TRUE,0.986163185808451
105,1633000,"2003-10-26",0.0151773860561661,0.938120316214201,1.00581645289519,2003,10,26,"Fall",0.982821754314518,0.26523011086563,0.569996118545532,0.569996118545532,1,35,35,FALSE,TRUE,TRUE,0.986163185808451
105,1633000,"2003-10-27",0.0263198034372181,1.73414600773926,1.84853262184688,2003,10,27,"Fall",0.982821754314518,0.26523011086563,0.569996118545532,0.569996118545532,1,35,35,FALSE,TRUE,TRUE,0.986163185808451
105,1633000,"2003-10-28",0.0318464499432594,1.209980538769,0.6977385602879,2003,10,28,"Fall",0.982821754314518,0.26523011086563,0.569996118545532,0.569996118545532,1,35,35,FALSE,TRUE,TRUE,0.986163185808451
105,1633000,"2003-10-29",0.0312031091889367,0.979798666555646,0.809763988065844,2003,10,29,"Fall",0.982821754314518,0.26523011086563,0.569996118545532,0.569996118545532,1,35,35,FALSE,TRUE,TRUE,0.986163185808451
105,1633000,"2003-10-30",0.0297582545317709,0.953695170298029,0.973358305998332,2003,10,30,"Fall",0.982821754314518,0.26523011086563,0.569996118545532,0.569996118545532,1,35,35,FALSE,TRUE,TRUE,0.986163185808451
105,1633000,"2003-10-31",0.0279736910015345,0.940031310360249,0.985672717694995,2003,10,31,"Fall",0.982821754314518,0.26523011086563,0.569996118545532,0.569996118545532,1,35,35,FALSE,TRUE,TRUE,0.986163185808451
105,1633000,"2003-11-01",0.0261565836844966,0.935042275367302,0.994692692745484,2003,11,1,"Fall",0.982821754314518,0.26523011086563,0.569996118545532,0.569996118545532,1,35,35,FALSE,TRUE,TRUE,0.986163185808451
105,1633000,"2003-11-02",0.0243246169993654,0.929961545925548,0.994566310448628,2003,11,2,"Fall",0.982821754314518,0.26523011086563,0.569996118545532,0.569996118545532,1,35,35,FALSE,TRUE,TRUE,0.986163185808451
105,1633000,"2003-11-03",0.0225297020515427,0.926209940001541,0.995965848329489,2003,11,3,"Fall",0.982821754314518,0.26523011086563,0.569996118545532,0.569996118545532,1,35,35,FALSE,TRUE,TRUE,0.986163185808451
105,1633000,"2003-11-04",0.020812563598156,0.923783348334642,0.997380084620022,2003,11,4,"Fall",0.982821754314518,0.26523011086563,0.569996118545532,0.569996118545532,1,35,35,FALSE,TRUE,TRUE,0.986163185808451
111,1633000,"2004-12-17",0.0476165777072311,0.942218186676308,0.998719519823578,2004,12,17,"Winter",0.96291160772612,0.94974102595268,0.363020360469818,0.363020360469818,1,19,19,FALSE,TRUE,TRUE,0.962704873335502
111,1633000,"2004-12-18",0.0448241225676611,0.941355400282245,0.999084302971155,2004,12,18,"Winter",0.96291160772612,0.94974102595268,0.363020360469818,0.363020360469818,1,19,19,FALSE,TRUE,TRUE,0.962704873335502
111,1633000,"2004-12-19",0.0421686824411154,0.940758681387741,0.999366106685822,2004,12,19,"Winter",0.96291160772612,0.94974102595268,0.363020360469818,0.363020360469818,1,19,19,FALSE,TRUE,TRUE,0.962704873335502
111,1633000,"2004-12-20",0.0396540890214965,0.940368224140503,0.99958495493588,2004,12,20,"Winter",0.96291160772612,0.94974102595268,0.363020360469818,0.363020360469818,1,19,19,FALSE,TRUE,TRUE,0.962704873335502
111,1633000,"2004-12-21",0.0372804140206426,0.940140473292247,0.999757806737394,2004,12,21,"Winter",0.96291160772612,0.94974102595268,0.363020360469818,0.363020360469818,1,19,19,FALSE,TRUE,TRUE,0.962704873335502
111,1633000,"2004-12-22",0.0350452408893034,0.940044305031012,0.999897708625501,2004,12,22,"Winter",0.96291160772612,0.94974102595268,0.363020360469818,0.363020360469818,1,19,19,FALSE,TRUE,TRUE,0.962704873335502
111,1633000,"2004-12-23",0.0355676512699574,1.01490674246766,1.07963713735193,2004,12,23,"Winter",0.96291160772612,0.94974102595268,0.363020360469818,0.363020360469818,1,19,19,FALSE,TRUE,TRUE,0.962704873335502
111,1633000,"2004-12-24",0.0379563089227304,1.06715814982111,1.05148394937884,2004,12,24,"Winter",0.96291160772612,0.94974102595268,0.363020360469818,0.363020360469818,1,19,19,FALSE,TRUE,TRUE,0.962704873335502
111,1633000,"2004-12-25",0.0365472950506955,0.962878006001499,0.902282390068336,2004,12,25,"Winter",0.96291160772612,0.94974102595268,0.363020360469818,0.363020360469818,1,19,19,FALSE,TRUE,TRUE,0.962704873335502
111,1633000,"2004-12-26",0.0350532116135582,0.959119178722671,0.99609625803539,2004,12,26,"Winter",0.96291160772612,0.94974102595268,0.363020360469818,0.363020360469818,1,19,19,FALSE,TRUE,TRUE,0.962704873335502
111,1633000,"2004-12-27",0.0335210871417076,0.956291466563992,0.997051761427141,2004,12,27,"Winter",0.96291160772612,0.94974102595268,0.363020360469818,0.363020360469818,1,19,19,FALSE,TRUE,TRUE,0.962704873335502
111,1633000,"2004-12-28",0.0319838441209868,0.954141015348869,0.997751259641739,2004,12,28,"Winter",0.96291160772612,0.94974102595268,0.363020360469818,0.363020360469818,1,19,19,FALSE,TRUE,TRUE,0.962704873335502
111,1633000,"2004-12-29",0.0304645084543153,0.952496777406613,0.998276734868531,2004,12,29,"Winter",0.96291160772612,0.94974102595268,0.363020360469818,0.363020360469818,1,19,19,FALSE,TRUE,TRUE,0.962704873335502
111,1633000,"2004-12-30",0.028979042544961,0.951239459137114,0.998679976353387,2004,12,30,"Winter",0.96291160772612,0.94974102595268,0.363020360469818,0.363020360469818,1,19,19,FALSE,TRUE,TRUE,0.962704873335502
111,1633000,"2004-12-31",0.0275383581174538,0.950285299271984,0.998996929893977,2004,12,31,"Winter",0.96291160772612,0.94974102595268,0.363020360469818,0.363020360469818,1,19,19,FALSE,TRUE,TRUE,0.962704873335502
111,1633000,"2005-01-01",0.026134819840081,0.94903333483476,0.998682538351185,2005,1,1,"Winter",0.96291160772612,0.94974102595268,0.363020360469818,0.363020360469818,1,19,19,FALSE,TRUE,TRUE,0.962704873335502
111,1633000,"2005-01-02",0.0247126800240949,0.945584479836162,0.996365928495864,2005,1,2,"Winter",0.96291160772612,0.94974102595268,0.363020360469818,0.363020360469818,1,19,19,FALSE,TRUE,TRUE,0.962704873335502
111,1633000,"2005-01-03",0.0232805356499739,0.942048196604956,0.996260214389497,2005,1,3,"Winter",0.96291160772612,0.94974102595268,0.363020360469818,0.363020360469818,1,19,19,FALSE,TRUE,TRUE,0.962704873335502
111,1633000,"2005-01-04",0.0218435203423724,0.938273958588958,0.995993582887159,2005,1,4,"Winter",0.96291160772612,0.94974102595268,0.363020360469818,0.363020360469818,1,19,19,FALSE,TRUE,TRUE,0.962704873335502
113,1633000,"2005-02-14",0.0231485414551571,1.21096981173033,1.28396489283798,2005,2,14,"Winter",0.975906570751942,0.91065841311136,0.441488146781921,0.0748114585876465,3,21,19,FALSE,TRUE,TRUE,0.963636381256363
113,1633000,"2005-02-15",0.027761414879933,1.19927274613443,0.990340745506132,2005,2,15,"Winter",0.975906570751942,0.91065841311136,0.441488146781921,0.0748114585876465,3,21,19,FALSE,TRUE,TRUE,0.963636381256363
113,1633000,"2005-02-16",0.0261883339844644,0.94333570885086,0.78658979943593,2005,2,16,"Winter",0.975906570751942,0.91065841311136,0.441488146781921,0.0748114585876465,3,21,19,FALSE,TRUE,TRUE,0.963636381256363
113,1633000,"2005-02-17",0.0246952407760546,0.942986323250055,0.999629627504263,2005,2,17,"Winter",0.975906570751942,0.91065841311136,0.441488146781921,0.0748114585876465,3,21,19,FALSE,TRUE,TRUE,0.963636381256363
113,1633000,"2005-02-18",0.0232955021201633,0.943319497526482,1.00035331824886,2005,2,18,"Winter",0.975906570751942,0.91065841311136,0.441488146781921,0.0748114585876465,3,21,19,FALSE,TRUE,TRUE,0.963636381256363
113,1633000,"2005-02-19",0.0219833784503862,0.943674806277673,1.00037665791084,2005,2,19,"Winter",0.975906570751942,0.91065841311136,0.441488146781921,0.0748114585876465,3,21,19,FALSE,TRUE,TRUE,0.963636381256363
113,1633000,"2005-02-20",0.0207533937646076,0.944049333065228,1.00039688119791,2005,2,20,"Winter",0.975906570751942,0.91065841311136,0.441488146781921,0.0748114585876465,3,21,19,FALSE,TRUE,TRUE,0.963636381256363
113,1633000,"2005-02-21",0.0200626443256624,0.966716314122889,1.02401037770353,2005,2,21,"Winter",0.975906570751942,0.91065841311136,0.441488146781921,0.0748114585876465,3,21,19,FALSE,TRUE,TRUE,0.963636381256363
113,1633000,"2005-02-22",0.0225571971968748,1.12433818945898,1.16304873832517,2005,2,22,"Winter",0.975906570751942,0.91065841311136,0.441488146781921,0.0748114585876465,3,21,19,FALSE,TRUE,TRUE,0.963636381256363
113,1633000,"2005-02-23",0.0214371679467149,0.950347144621539,0.845250257912911,2005,2,23,"Winter",0.975906570751942,0.91065841311136,0.441488146781921,0.0748114585876465,3,21,19,FALSE,TRUE,TRUE,0.963636381256363
113,1633000,"2005-02-24",0.0202770143514499,0.945881209768533,0.995300733128646,2005,2,24,"Winter",0.975906570751942,0.91065841311136,0.441488146781921,0.0748114585876465,3,21,19,FALSE,TRUE,TRUE,0.963636381256363
113,1633000,"2005-02-25",0.0191849245456979,0.946141488740725,1.00027517088774,2005,2,25,"Winter",0.975906570751942,0.91065841311136,0.441488146781921,0.0748114585876465,3,21,19,FALSE,TRUE,TRUE,0.963636381256363
113,1633000,"2005-02-26",0.0181554554146715,0.946339683089488,1.00020947643785,2005,2,26,"Winter",0.975906570751942,0.91065841311136,0.441488146781921,0.0748114585876465,3,21,19,FALSE,TRUE,TRUE,0.963636381256363
113,1633000,"2005-02-27",0.0171779894153588,0.946161306506098,0.999811508925836,2005,2,27,"Winter",0.975906570751942,0.91065841311136,0.441488146781921,0.0748114585876465,3,21,19,FALSE,TRUE,TRUE,0.963636381256363
113,1633000,"2005-02-28",0.0162438725819811,0.945621294157834,0.999429259741917,2005,2,28,"Winter",0.975906570751942,0.91065841311136,0.441488146781921,0.0748114585876465,3,21,19,FALSE,TRUE,TRUE,0.963636381256363
113,1633000,"2005-03-01",0.0153679178911261,0.946074762256713,1.00047954514316,2005,3,1,"Spring",0.975906570751942,0.91065841311136,0.441488146781921,0.0748114585876465,3,21,19,FALSE,TRUE,TRUE,0.963636381256363
113,1633000,"2005-03-02",0.014546137128491,0.946526213345421,1.00047718331227,2005,3,2,"Spring",0.975906570751942,0.91065841311136,0.441488146781921,0.0748114585876465,3,21,19,FALSE,TRUE,TRUE,0.963636381256363
113,1633000,"2005-03-03",0.0137748724082485,0.946978038675861,1.0004773511014,2005,3,3,"Spring",0.975906570751942,0.91065841311136,0.441488146781921,0.0748114585876465,3,21,19,FALSE,TRUE,TRUE,0.963636381256363
113,1633000,"2005-03-04",0.0130495401681401,0.947343814257469,1.00038625561171,2005,3,4,"Spring",0.975906570751942,0.91065841311136,0.441488146781921,0.0748114585876465,3,21,19,FALSE,TRUE,TRUE,0.963636381256363
114,1633000,"2005-03-12",0.0362790493527427,0.942321252718492,0.999935684731253,2005,3,12,"Spring",0.980374149642359,0.146123166743621,0.324423551559448,0.0339090824127197,2,15,14,FALSE,TRUE,TRUE,0.981968348601257
114,1633000,"2005-03-13",0.0341872792923823,0.942342203070922,1.00002223270713,2005,3,13,"Spring",0.980374149642359,0.146123166743621,0.324423551559448,0.0339090824127197,2,15,14,FALSE,TRUE,TRUE,0.981968348601257
114,1633000,"2005-03-14",0.0322183957323432,0.942408884216831,1.00007076107352,2005,3,14,"Spring",0.980374149642359,0.146123166743621,0.324423551559448,0.0339090824127197,2,15,14,FALSE,TRUE,TRUE,0.981968348601257
114,1633000,"2005-03-15",0.0303671543952078,0.942540859187566,1.00014004003246,2005,3,15,"Spring",0.980374149642359,0.146123166743621,0.324423551559448,0.0339090824127197,2,15,14,FALSE,TRUE,TRUE,0.981968348601257
114,1633000,"2005-03-16",0.0286295076366514,0.94277874258674,1.00025238523811,2005,3,16,"Spring",0.980374149642359,0.146123166743621,0.324423551559448,0.0339090824127197,2,15,14,FALSE,TRUE,TRUE,0.981968348601257
114,1633000,"2005-03-17",0.0269980174489319,0.943013683349873,1.00024920031872,2005,3,17,"Spring",0.980374149642359,0.146123166743621,0.324423551559448,0.0339090824127197,2,15,14,FALSE,TRUE,TRUE,0.981968348601257
114,1633000,"2005-03-18",0.0254665395477787,0.943274431018865,1.00027650465056,2005,3,18,"Spring",0.980374149642359,0.146123166743621,0.324423551559448,0.0339090824127197,2,15,14,FALSE,TRUE,TRUE,0.981968348601257
114,1633000,"2005-03-19",0.0239969260292128,0.942292374831347,0.99895888603017,2005,3,19,"Spring",0.980374149642359,0.146123166743621,0.324423551559448,0.0339090824127197,2,15,14,FALSE,TRUE,TRUE,0.981968348601257
114,1633000,"2005-03-20",0.02250974701019,0.938026269814212,0.995472631286124,2005,3,20,"Spring",0.980374149642359,0.146123166743621,0.324423551559448,0.0339090824127197,2,15,14,FALSE,TRUE,TRUE,0.981968348601257
114,1633000,"2005-03-21",0.0210476217325777,0.93504479295345,0.996821542256644,2005,3,21,"Spring",0.980374149642359,0.146123166743621,0.324423551559448,0.0339090824127197,2,15,14,FALSE,TRUE,TRUE,0.981968348601257
114,1633000,"2005-03-22",0.0196458878344856,0.933401791617984,0.998242863499324,2005,3,22,"Spring",0.980374149642359,0.146123166743621,0.324423551559448,0.0339090824127197,2,15,14,FALSE,TRUE,TRUE,0.981968348601257
114,1633000,"2005-03-23",0.0249132921453565,1.26811739714938,1.35859756059734,2005,3,23,"Spring",0.980374149642359,0.146123166743621,0.324423551559448,0.0339090824127197,2,15,14,FALSE,TRUE,TRUE,0.981968348601257
114,1633000,"2005-03-24",0.0347343229223043,1.39420846990622,1.09943170327943,2005,3,24,"Spring",0.980374149642359,0.146123166743621,0.324423551559448,0.0339090824127197,2,15,14,FALSE,TRUE,TRUE,0.981968348601257
114,1633000,"2005-03-25",0.0337274266639725,0.971011490260395,0.696460759792764,2005,3,25,"Spring",0.980374149642359,0.146123166743621,0.324423551559448,0.0339090824127197,2,15,14,FALSE,TRUE,TRUE,0.981968348601257
115,1633000,"2005-04-12",0.0355208696564659,0.921067808904209,0.998243676410946,2005,4,12,"Spring",0.919973442061089,0.999996492138705,0.462432742118835,1.18902062240522e-05,5,9,5,FALSE,TRUE,TRUE,0.92062138998512
115,1633000,"2005-04-13",0.0327215369325131,0.921191886600016,1.00013471070708,2005,4,13,"Spring",0.919973442061089,0.999996492138705,0.462432742118835,1.18902062240522e-05,5,9,5,FALSE,TRUE,TRUE,0.92062138998512
115,1633000,"2005-04-14",0.030119926086627,0.920492400731301,0.999240673003215,2005,4,14,"Spring",0.919973442061089,0.999996492138705,0.462432742118835,1.18902062240522e-05,5,9,5,FALSE,TRUE,TRUE,0.92062138998512
115,1633000,"2005-04-15",0.0277229073690251,0.920417509966395,0.99991864053973,2005,4,15,"Spring",0.919973442061089,0.999996492138705,0.462432742118835,1.18902062240522e-05,5,9,5,FALSE,TRUE,TRUE,0.92062138998512
115,1633000,"2005-04-16",0.0255203341366723,0.920550424129986,1.00014440638314,2005,4,16,"Spring",0.919973442061089,0.999996492138705,0.462432742118835,1.18902062240522e-05,5,9,5,FALSE,TRUE,TRUE,0.92062138998512
116,1633000,"2005-05-06",0.0139931814628653,0.922890785022098,0.996731795029966,2005,5,6,"Spring",0.943850716496712,0.743245590913069,0.42771053314209,0.00163181452080607,11,23,13,FALSE,TRUE,TRUE,0.946267764886834
116,1633000,"2005-05-07",0.0128844185383059,0.920764057301635,0.997695580284278,2005,5,7,"Spring",0.943850716496712,0.743245590913069,0.42771053314209,0.00163181452080607,11,23,13,FALSE,TRUE,TRUE,0.946267764886834
116,1633000,"2005-05-08",0.0118648933421355,0.92087146244595,1.00011664784639,2005,5,8,"Spring",0.943850716496712,0.743245590913069,0.42771053314209,0.00163181452080607,11,23,13,FALSE,TRUE,TRUE,0.946267764886834
116,1633000,"2005-05-09",0.0108577570063062,0.915116275655622,0.993750282178316,2005,5,9,"Spring",0.943850716496712,0.743245590913069,0.42771053314209,0.00163181452080607,11,23,13,FALSE,TRUE,TRUE,0.946267764886834
116,1633000,"2005-05-10",0.00986511984956451,0.908578064865039,0.992855322362288,2005,5,10,"Spring",0.943850716496712,0.743245590913069,0.42771053314209,0.00163181452080607,11,23,13,FALSE,TRUE,TRUE,0.946267764886834
116,1633000,"2005-05-11",0.00886368483770639,0.898487293907298,0.988893886669783,2005,5,11,"Spring",0.943850716496712,0.743245590913069,0.42771053314209,0.00163181452080607,11,23,13,FALSE,TRUE,TRUE,0.946267764886834
116,1633000,"2005-05-12",0.00792190761421807,0.893748791757355,0.99472613337765,2005,5,12,"Spring",0.943850716496712,0.743245590913069,0.42771053314209,0.00163181452080607,11,23,13,FALSE,TRUE,TRUE,0.946267764886834
116,1633000,"2005-05-13",0.00709450163412839,0.895554704702101,1.00202060462783,2005,5,13,"Spring",0.943850716496712,0.743245590913069,0.42771053314209,0.00163181452080607,11,23,13,FALSE,TRUE,TRUE,0.946267764886834
116,1633000,"2005-05-14",0.00630559033015743,0.888799616286524,0.992457090136304,2005,5,14,"Spring",0.943850716496712,0.743245590913069,0.42771053314209,0.00163181452080607,11,23,13,FALSE,TRUE,TRUE,0.946267764886834
116,1633000,"2005-05-15",0.00867717835353687,1.37610880174644,1.54827789811154,2005,5,15,"Spring",0.943850716496712,0.743245590913069,0.42771053314209,0.00163181452080607,11,23,13,FALSE,TRUE,TRUE,0.946267764886834
116,1633000,"2005-05-16",0.00831186084542423,0.957899043533693,0.696092519950465,2005,5,16,"Spring",0.943850716496712,0.743245590913069,0.42771053314209,0.00163181452080607,11,23,13,FALSE,TRUE,TRUE,0.946267764886834
116,1633000,"2005-05-17",0.00767970934975892,0.923945851907119,0.964554519752603,2005,5,17,"Spring",0.943850716496712,0.743245590913069,0.42771053314209,0.00163181452080607,11,23,13,FALSE,TRUE,TRUE,0.946267764886834
116,1633000,"2005-05-18",0.00689035098184831,0.897215072607482,0.971068889757488,2005,5,18,"Spring",0.943850716496712,0.743245590913069,0.42771053314209,0.00163181452080607,11,23,13,FALSE,TRUE,TRUE,0.946267764886834
117,1633000,"2005-07-23",0.0151585915009491,0.922753414782233,0.99485331700367,2005,7,23,"Summer",0.942080345328422,0.997054746221182,0.536186754703522,2.6896370400209e-05,12,19,8,FALSE,TRUE,TRUE,0.888506182004265
117,1633000,"2005-07-24",0.0137127215857618,0.904617133122373,0.980345473265855,2005,7,24,"Summer",0.942080345328422,0.997054746221182,0.536186754703522,2.6896370400209e-05,12,19,8,FALSE,TRUE,TRUE,0.888506182004265
117,1633000,"2005-07-25",0.0122821879631374,0.895678358692143,0.990118720834551,2005,7,25,"Summer",0.942080345328422,0.997054746221182,0.536186754703522,2.6896370400209e-05,12,19,8,FALSE,TRUE,TRUE,0.888506182004265
117,1633000,"2005-07-26",0.010819877817994,0.880940582448969,0.983545682330995,2005,7,26,"Summer",0.942080345328422,0.997054746221182,0.536186754703522,2.6896370400209e-05,12,19,8,FALSE,TRUE,TRUE,0.888506182004265
117,1633000,"2005-07-27",0.00938766065519303,0.867630930136835,0.984891543678083,2005,7,27,"Summer",0.942080345328422,0.997054746221182,0.536186754703522,2.6896370400209e-05,12,19,8,FALSE,TRUE,TRUE,0.888506182004265
117,1633000,"2005-07-28",0.00826157859410159,0.880046573640418,1.01430982122966,2005,7,28,"Summer",0.942080345328422,0.997054746221182,0.536186754703522,2.6896370400209e-05,12,19,8,FALSE,TRUE,TRUE,0.888506182004265
117,1633000,"2005-07-29",0.00752328909584321,0.910635783482652,1.03475862614373,2005,7,29,"Summer",0.942080345328422,0.997054746221182,0.536186754703522,2.6896370400209e-05,12,19,8,FALSE,TRUE,TRUE,0.888506182004265
117,1633000,"2005-07-30",0.00681435366277583,0.905767886354509,0.994654397272281,2005,7,30,"Summer",0.942080345328422,0.997054746221182,0.536186754703522,2.6896370400209e-05,12,19,8,FALSE,TRUE,TRUE,0.888506182004265
118,1633000,"2005-10-28",0.0237455799942836,0.937542395802225,0.996675088004019,2005,10,28,"Fall",0.953642536858577,0.901774144355876,0.413045883178711,0.413045883178711,1,24,24,FALSE,TRUE,TRUE,0.956910192629148
118,1633000,"2005-10-29",0.0222116017830558,0.935399421214513,0.997714263805768,2005,10,29,"Fall",0.953642536858577,0.901774144355876,0.413045883178711,0.413045883178711,1,24,24,FALSE,TRUE,TRUE,0.956910192629148
118,1633000,"2005-10-30",0.0207219274598174,0.932932602619644,0.997362817916151,2005,10,30,"Fall",0.953642536858577,0.901774144355876,0.413045883178711,0.413045883178711,1,24,24,FALSE,TRUE,TRUE,0.956910192629148
118,1633000,"2005-10-31",0.0192885267897509,0.930826865751459,0.997742884253084,2005,10,31,"Fall",0.953642536858577,0.901774144355876,0.413045883178711,0.413045883178711,1,24,24,FALSE,TRUE,TRUE,0.956910192629148
118,1633000,"2005-11-01",0.0179155568475835,0.928819346488559,0.997843294669757,2005,11,1,"Fall",0.953642536858577,0.901774144355876,0.413045883178711,0.413045883178711,1,24,24,FALSE,TRUE,TRUE,0.956910192629148
118,1633000,"2005-11-02",0.0166459104511887,0.929131625257516,1.00033621044839,2005,11,2,"Fall",0.953642536858577,0.901774144355876,0.413045883178711,0.413045883178711,1,24,24,FALSE,TRUE,TRUE,0.956910192629148
118,1633000,"2005-11-03",0.015459485235624,0.928725724012294,0.999563139135308,2005,11,3,"Fall",0.953642536858577,0.901774144355876,0.413045883178711,0.413045883178711,1,24,24,FALSE,TRUE,TRUE,0.956910192629148
118,1633000,"2005-11-04",0.0143088652403094,0.925571907616742,0.996604146612924,2005,11,4,"Fall",0.953642536858577,0.901774144355876,0.413045883178711,0.413045883178711,1,24,24,FALSE,TRUE,TRUE,0.956910192629148
118,1633000,"2005-11-05",0.013195016537793,0.922156741026634,0.996310209328952,2005,11,5,"Fall",0.953642536858577,0.901774144355876,0.413045883178711,0.413045883178711,1,24,24,FALSE,TRUE,TRUE,0.956910192629148
118,1633000,"2005-11-06",0.0121298663143534,0.919276325240763,0.996876435796951,2005,11,6,"Fall",0.953642536858577,0.901774144355876,0.413045883178711,0.413045883178711,1,24,24,FALSE,TRUE,TRUE,0.956910192629148
118,1633000,"2005-11-07",0.0111607603030279,0.920105796204964,1.00090230863281,2005,11,7,"Fall",0.953642536858577,0.901774144355876,0.413045883178711,0.413045883178711,1,24,24,FALSE,TRUE,TRUE,0.956910192629148
118,1633000,"2005-11-08",0.0104820042906795,0.939183712048335,1.0207344806674,2005,11,8,"Fall",0.953642536858577,0.901774144355876,0.413045883178711,0.413045883178711,1,24,24,FALSE,TRUE,TRUE,0.956910192629148
118,1633000,"2005-11-09",0.0124065842246637,1.18360800860342,1.26025184787544,2005,11,9,"Fall",0.953642536858577,0.901774144355876,0.413045883178711,0.413045883178711,1,24,24,FALSE,TRUE,TRUE,0.956910192629148
118,1633000,"2005-11-10",0.011887138185557,0.958131422017507,0.809500624406923,2005,11,10,"Fall",0.953642536858577,0.901774144355876,0.413045883178711,0.413045883178711,1,24,24,FALSE,TRUE,TRUE,0.956910192629148
118,1633000,"2005-11-11",0.0111374839325435,0.936935682810159,0.977878046038072,2005,11,11,"Fall",0.953642536858577,0.901774144355876,0.413045883178711,0.413045883178711,1,24,24,FALSE,TRUE,TRUE,0.956910192629148
118,1633000,"2005-11-12",0.010369870607974,0.93107838994707,0.993748457903192,2005,11,12,"Fall",0.953642536858577,0.901774144355876,0.413045883178711,0.413045883178711,1,24,24,FALSE,TRUE,TRUE,0.956910192629148
118,1633000,"2005-11-13",0.00959093499113805,0.924884731325675,0.993347865562912,2005,11,13,"Fall",0.953642536858577,0.901774144355876,0.413045883178711,0.413045883178711,1,24,24,FALSE,TRUE,TRUE,0.956910192629148
118,1633000,"2005-11-14",0.00885028764605522,0.922776314742287,0.997720346642153,2005,11,14,"Fall",0.953642536858577,0.901774144355876,0.413045883178711,0.413045883178711,1,24,24,FALSE,TRUE,TRUE,0.956910192629148
118,1633000,"2005-11-15",0.00820003906846978,0.926527972469316,1.00406561987677,2005,11,15,"Fall",0.953642536858577,0.901774144355876,0.413045883178711,0.413045883178711,1,24,24,FALSE,TRUE,TRUE,0.956910192629148
118,1633000,"2005-11-16",0.00885659677442163,1.08006763144293,1.16571508204378,2005,11,16,"Fall",0.953642536858577,0.901774144355876,0.413045883178711,0.413045883178711,1,24,24,FALSE,TRUE,TRUE,0.956910192629148
118,1633000,"2005-11-17",0.00997687099152245,1.12649037159919,1.04298132709916,2005,11,17,"Fall",0.953642536858577,0.901774144355876,0.413045883178711,0.413045883178711,1,24,24,FALSE,TRUE,TRUE,0.956910192629148
118,1633000,"2005-11-18",0.00936581278801896,0.938752520301935,0.83334269335055,2005,11,18,"Fall",0.953642536858577,0.901774144355876,0.413045883178711,0.413045883178711,1,24,24,FALSE,TRUE,TRUE,0.956910192629148
118,1633000,"2005-11-19",0.00879421018180437,0.938969247074232,1.00023086678077,2005,11,19,"Fall",0.953642536858577,0.901774144355876,0.413045883178711,0.413045883178711,1,24,24,FALSE,TRUE,TRUE,0.956910192629148
118,1633000,"2005-11-20",0.00825934522436,0.939179875578704,1.00022431885296,2005,11,20,"Fall",0.953642536858577,0.901774144355876,0.413045883178711,0.413045883178711,1,24,24,FALSE,TRUE,TRUE,0.956910192629148
120,1633000,"2006-03-09",0.0121924573322758,0.930690783310666,0.995597796451576,2006,3,9,"Spring",0.92786011501712,0.998568683937261,0.535024404525757,3.6834364891547e-08,19,40,22,FALSE,TRUE,TRUE,0.922279226206662
120,1633000,"2006-03-10",0.0112676411226857,0.924148497354845,0.992970505270774,2006,3,10,"Spring",0.92786011501712,0.998568683937261,0.535024404525757,3.6834364891547e-08,19,40,22,FALSE,TRUE,TRUE,0.922279226206662
120,1633000,"2006-03-11",0.0103506609157193,0.918618262954773,0.994015859555147,2006,3,11,"Spring",0.92786011501712,0.998568683937261,0.535024404525757,3.6834364891547e-08,19,40,22,FALSE,TRUE,TRUE,0.922279226206662
120,1633000,"2006-03-12",0.0094838714285288,0.916257570965911,0.99743017085109,2006,3,12,"Spring",0.92786011501712,0.998568683937261,0.535024404525757,3.6834364891547e-08,19,40,22,FALSE,TRUE,TRUE,0.922279226206662
120,1633000,"2006-03-13",0.00864759343676269,0.91182103236338,0.995157978778986,2006,3,13,"Spring",0.92786011501712,0.998568683937261,0.535024404525757,3.6834364891547e-08,19,40,22,FALSE,TRUE,TRUE,0.922279226206662
120,1633000,"2006-03-14",0.0079173602280207,0.915556482380679,1.00409669209715,2006,3,14,"Spring",0.92786011501712,0.998568683937261,0.535024404525757,3.6834364891547e-08,19,40,22,FALSE,TRUE,TRUE,0.922279226206662
120,1633000,"2006-03-15",0.00734740233747289,0.928011625828183,1.01360390504267,2006,3,15,"Spring",0.92786011501712,0.998568683937261,0.535024404525757,3.6834364891547e-08,19,40,22,FALSE,TRUE,TRUE,0.922279226206662
120,1633000,"2006-03-16",0.00678283863817342,0.923161455795049,0.994773589146789,2006,3,16,"Spring",0.92786011501712,0.998568683937261,0.535024404525757,3.6834364891547e-08,19,40,22,FALSE,TRUE,TRUE,0.922279226206662
120,1633000,"2006-03-17",0.00625665060942993,0.922423625739505,0.999200757298831,2006,3,17,"Spring",0.92786011501712,0.998568683937261,0.535024404525757,3.6834364891547e-08,19,40,22,FALSE,TRUE,TRUE,0.922279226206662
120,1633000,"2006-03-18",0.00579163280781358,0.925676239469809,1.00352616047502,2006,3,18,"Spring",0.92786011501712,0.998568683937261,0.535024404525757,3.6834364891547e-08,19,40,22,FALSE,TRUE,TRUE,0.922279226206662
120,1633000,"2006-03-19",0.00537662208080292,0.928343052679242,1.00288093514311,2006,3,19,"Spring",0.92786011501712,0.998568683937261,0.535024404525757,3.6834364891547e-08,19,40,22,FALSE,TRUE,TRUE,0.922279226206662
120,1633000,"2006-03-20",0.00496219003980514,0.922919625971575,0.994157949809593,2006,3,20,"Spring",0.92786011501712,0.998568683937261,0.535024404525757,3.6834364891547e-08,19,40,22,FALSE,TRUE,TRUE,0.922279226206662
120,1633000,"2006-03-21",0.00459781297831796,0.92656930537439,1.00395449321925,2006,3,21,"Spring",0.92786011501712,0.998568683937261,0.535024404525757,3.6834364891547e-08,19,40,22,FALSE,TRUE,TRUE,0.922279226206662
120,1633000,"2006-03-22",0.00429489753150847,0.934117492764939,1.00814638186994,2006,3,22,"Spring",0.92786011501712,0.998568683937261,0.535024404525757,3.6834364891547e-08,19,40,22,FALSE,TRUE,TRUE,0.922279226206662
120,1633000,"2006-03-23",0.00398375677468721,0.92755572058736,0.992975431647088,2006,3,23,"Spring",0.92786011501712,0.998568683937261,0.535024404525757,3.6834364891547e-08,19,40,22,FALSE,TRUE,TRUE,0.922279226206662
120,1633000,"2006-03-24",0.00370231839769985,0.929353524096748,1.0019382161842,2006,3,24,"Spring",0.92786011501712,0.998568683937261,0.535024404525757,3.6834364891547e-08,19,40,22,FALSE,TRUE,TRUE,0.922279226206662
120,1633000,"2006-03-25",0.00344933551969007,0.931669064938618,1.00249156083431,2006,3,25,"Spring",0.92786011501712,0.998568683937261,0.535024404525757,3.6834364891547e-08,19,40,22,FALSE,TRUE,TRUE,0.922279226206662
120,1633000,"2006-03-26",0.00315326248528436,0.914165197118224,0.981212354816624,2006,3,26,"Spring",0.92786011501712,0.998568683937261,0.535024404525757,3.6834364891547e-08,19,40,22,FALSE,TRUE,TRUE,0.922279226206662
120,1633000,"2006-03-27",0.00284470047336072,0.902145154942337,0.986851345671682,2006,3,27,"Spring",0.92786011501712,0.998568683937261,0.535024404525757,3.6834364891547e-08,19,40,22,FALSE,TRUE,TRUE,0.922279226206662
120,1633000,"2006-03-28",0.00255014358117478,0.896454162768866,0.993691711203797,2006,3,28,"Spring",0.92786011501712,0.998568683937261,0.535024404525757,3.6834364891547e-08,19,40,22,FALSE,TRUE,TRUE,0.922279226206662
120,1633000,"2006-03-29",0.00233857295825146,0.91703579967609,1.02295893952197,2006,3,29,"Spring",0.92786011501712,0.998568683937261,0.535024404525757,3.6834364891547e-08,19,40,22,FALSE,TRUE,TRUE,0.922279226206662
120,1633000,"2006-03-30",0.00212056462623877,0.906777194509386,0.98881329914238,2006,3,30,"Spring",0.92786011501712,0.998568683937261,0.535024404525757,3.6834364891547e-08,19,40,22,FALSE,TRUE,TRUE,0.922279226206662
121,1633000,"2006-04-28",0.022055049543269,0.950006741010304,0.988485518226379,2006,4,28,"Spring",0.978575717985886,0.000106390128947812,0.559413075447083,0.000103620077425148,3,29,27,FALSE,TRUE,TRUE,0.999668935879194
121,1633000,"2006-04-29",0.0207869689329527,0.942503842132459,0.992102267748263,2006,4,29,"Spring",0.978575717985886,0.000106390128947812,0.559413075447083,0.000103620077425148,3,29,27,FALSE,TRUE,TRUE,0.999668935879194
121,1633000,"2006-04-30",0.0194840476033278,0.937320283018296,0.994500224951407,2006,4,30,"Spring",0.978575717985886,0.000106390128947812,0.559413075447083,0.000103620077425148,3,29,27,FALSE,TRUE,TRUE,0.999668935879194
121,1633000,"2006-05-01",0.018182187108323,0.93318326245608,0.995586331975134,2006,5,1,"Spring",0.978575717985886,0.000106390128947812,0.559413075447083,0.000103620077425148,3,29,27,FALSE,TRUE,TRUE,0.999668935879194
121,1633000,"2006-05-02",0.0168611615663394,0.927345069429033,0.993743787247447,2006,5,2,"Spring",0.978575717985886,0.000106390128947812,0.559413075447083,0.000103620077425148,3,29,27,FALSE,TRUE,TRUE,0.999668935879194
121,1633000,"2006-05-03",0.0155815869802609,0.924111124785555,0.996512684705955,2006,5,3,"Spring",0.978575717985886,0.000106390128947812,0.559413075447083,0.000103620077425148,3,29,27,FALSE,TRUE,TRUE,0.999668935879194
121,1633000,"2006-05-04",0.0143125322647393,0.918554206504812,0.993986742360631,2006,5,4,"Spring",0.978575717985886,0.000106390128947812,0.559413075447083,0.000103620077425148,3,29,27,FALSE,TRUE,TRUE,0.999668935879194
121,1633000,"2006-05-05",0.0131137802964076,0.916244592769589,0.997485598869541,2006,5,5,"Spring",0.978575717985886,0.000106390128947812,0.559413075447083,0.000103620077425148,3,29,27,FALSE,TRUE,TRUE,0.999668935879194
121,1633000,"2006-05-06",0.0120760711142793,0.920868799181226,1.0050469126346,2006,5,6,"Spring",0.978575717985886,0.000106390128947812,0.559413075447083,0.000103620077425148,3,29,27,FALSE,TRUE,TRUE,0.999668935879194
121,1633000,"2006-05-07",0.0111099508649204,0.919997138124125,0.999053436213849,2006,5,7,"Spring",0.978575717985886,0.000106390128947812,0.559413075447083,0.000103620077425148,3,29,27,FALSE,TRUE,TRUE,0.999668935879194
121,1633000,"2006-05-08",0.0119918389827944,1.07937821945357,1.17324084469917,2006,5,8,"Spring",0.978575717985886,0.000106390128947812,0.559413075447083,0.000103620077425148,3,29,27,FALSE,TRUE,TRUE,0.999668935879194
121,1633000,"2006-05-09",0.0114875402941834,0.957946509344015,0.88749846168748,2006,5,9,"Spring",0.978575717985886,0.000106390128947812,0.559413075447083,0.000103620077425148,3,29,27,FALSE,TRUE,TRUE,0.999668935879194
121,1633000,"2006-05-10",0.0108128130959813,0.941264432513564,0.98258558628511,2006,5,10,"Spring",0.978575717985886,0.000106390128947812,0.559413075447083,0.000103620077425148,3,29,27,FALSE,TRUE,TRUE,0.999668935879194
121,1633000,"2006-05-11",0.0108476425521076,1.00322112810211,1.06582283729036,2006,5,11,"Spring",0.978575717985886,0.000106390128947812,0.559413075447083,0.000103620077425148,3,29,27,FALSE,TRUE,TRUE,0.999668935879194
121,1633000,"2006-05-12",0.0129128186381422,1.19038017487342,1.18655811917098,2006,5,12,"Spring",0.978575717985886,0.000106390128947812,0.559413075447083,0.000103620077425148,3,29,27,FALSE,TRUE,TRUE,0.999668935879194
121,1633000,"2006-05-13",0.0120973130688071,0.936845270410117,0.787013502228172,2006,5,13,"Spring",0.978575717985886,0.000106390128947812,0.559413075447083,0.000103620077425148,3,29,27,FALSE,TRUE,TRUE,0.999668935879194
121,1633000,"2006-05-14",0.0113663624797482,0.939577442949404,1.00291635409345,2006,5,14,"Spring",0.978575717985886,0.000106390128947812,0.559413075447083,0.000103620077425148,3,29,27,FALSE,TRUE,TRUE,0.999668935879194
121,1633000,"2006-05-15",0.0218590499134734,1.92313503571792,2.04680843516321,2006,5,15,"Spring",0.978575717985886,0.000106390128947812,0.559413075447083,0.000103620077425148,3,29,27,FALSE,TRUE,TRUE,0.999668935879194
121,1633000,"2006-05-16",0.0229892918723635,1.05170590503082,0.546870544968369,2006,5,16,"Spring",0.978575717985886,0.000106390128947812,0.559413075447083,0.000103620077425148,3,29,27,FALSE,TRUE,TRUE,0.999668935879194
121,1633000,"2006-05-17",0.0217760330415331,0.94722504557485,0.900655821217518,2006,5,17,"Spring",0.978575717985886,0.000106390128947812,0.559413075447083,0.000103620077425148,3,29,27,FALSE,TRUE,TRUE,0.999668935879194
121,1633000,"2006-05-18",0.0206041595083661,0.946185169221049,0.998902186593715,2006,5,18,"Spring",0.978575717985886,0.000106390128947812,0.559413075447083,0.000103620077425148,3,29,27,FALSE,TRUE,TRUE,0.999668935879194
121,1633000,"2006-05-19",0.0193583826767281,0.939537604961162,0.992974351663787,2006,5,19,"Spring",0.978575717985886,0.000106390128947812,0.559413075447083,0.000103620077425148,3,29,27,FALSE,TRUE,TRUE,0.999668935879194
121,1633000,"2006-05-20",0.018063576426357,0.933113924236677,0.993162933883045,2006,5,20,"Spring",0.978575717985886,0.000106390128947812,0.559413075447083,0.000103620077425148,3,29,27,FALSE,TRUE,TRUE,0.999668935879194
121,1633000,"2006-05-21",0.0167484600679018,0.927195128616039,0.993656942130105,2006,5,21,"Spring",0.978575717985886,0.000106390128947812,0.559413075447083,0.000103620077425148,3,29,27,FALSE,TRUE,TRUE,0.999668935879194
121,1633000,"2006-05-22",0.0154939429485239,0.925096569219392,0.997736658302143,2006,5,22,"Spring",0.978575717985886,0.000106390128947812,0.559413075447083,0.000103620077425148,3,29,27,FALSE,TRUE,TRUE,0.999668935879194
121,1633000,"2006-05-23",0.0143099856213666,0.923585795359466,0.998366901456352,2006,5,23,"Spring",0.978575717985886,0.000106390128947812,0.559413075447083,0.000103620077425148,3,29,27,FALSE,TRUE,TRUE,0.999668935879194
121,1633000,"2006-05-24",0.0131567022181116,0.919407088604405,0.995475561906585,2006,5,24,"Spring",0.978575717985886,0.000106390128947812,0.559413075447083,0.000103620077425148,3,29,27,FALSE,TRUE,TRUE,0.999668935879194
122,1633000,"2006-06-08",0.012878599576652,0.892356146424331,0.993476279805162,2006,6,8,"Summer",0.919195558213007,0.646156482993862,0.640428781509399,0.021667405962944,4,14,11,FALSE,TRUE,TRUE,0.947797902381196
122,1633000,"2006-06-09",0.0115056921204086,0.893396215320462,1.00116553116186,2006,6,9,"Summer",0.919195558213007,0.646156482993862,0.640428781509399,0.021667405962944,4,14,11,FALSE,TRUE,TRUE,0.947797902381196
122,1633000,"2006-06-10",0.0102039526682347,0.886861264967718,0.992685271953609,2006,6,10,"Summer",0.919195558213007,0.646156482993862,0.640428781509399,0.021667405962944,4,14,11,FALSE,TRUE,TRUE,0.947797902381196
122,1633000,"2006-06-11",0.00900016538798809,0.882027355537031,0.99454941869531,2006,6,11,"Summer",0.919195558213007,0.646156482993862,0.640428781509399,0.021667405962944,4,14,11,FALSE,TRUE,TRUE,0.947797902381196
122,1633000,"2006-06-12",0.0114632457261905,1.27367056404205,1.4440261473144,2006,6,12,"Summer",0.919195558213007,0.646156482993862,0.640428781509399,0.021667405962944,4,14,11,FALSE,TRUE,TRUE,0.947797902381196
122,1633000,"2006-06-13",0.0117639800300822,1.02623465561805,0.80573005657071,2006,6,13,"Summer",0.919195558213007,0.646156482993862,0.640428781509399,0.021667405962944,4,14,11,FALSE,TRUE,TRUE,0.947797902381196
122,1633000,"2006-06-14",0.0105944220849779,0.900581440795242,0.877558983089369,2006,6,14,"Summer",0.919195558213007,0.646156482993862,0.640428781509399,0.021667405962944,4,14,11,FALSE,TRUE,TRUE,0.947797902381196
122,1633000,"2006-06-15",0.0095958802558016,0.905748343688127,1.00573729666061,2006,6,15,"Summer",0.919195558213007,0.646156482993862,0.640428781509399,0.021667405962944,4,14,11,FALSE,TRUE,TRUE,0.947797902381196
122,1633000,"2006-06-16",0.00876273919129744,0.913177213315011,1.00820191356534,2006,6,16,"Summer",0.919195558213007,0.646156482993862,0.640428781509399,0.021667405962944,4,14,11,FALSE,TRUE,TRUE,0.947797902381196
122,1633000,"2006-06-17",0.00747789355227724,0.853373972342321,0.934510804583491,2006,6,17,"Summer",0.919195558213007,0.646156482993862,0.640428781509399,0.021667405962944,4,14,11,FALSE,TRUE,TRUE,0.947797902381196
122,1633000,"2006-06-18",0.0060633303510258,0.810834001398607,0.950150845558424,2006,6,18,"Summer",0.919195558213007,0.646156482993862,0.640428781509399,0.021667405962944,4,14,11,FALSE,TRUE,TRUE,0.947797902381196
124,1633000,"2006-11-28",0.0501851618755609,0.939878833108577,0.994286666265187,2006,11,28,"Fall",0.93578590798724,0.999705075831606,0.503036975860596,0.503036975860596,1,24,24,FALSE,TRUE,TRUE,0.93578590798724
124,1633000,"2006-11-29",0.0469648184953257,0.935830766308569,0.995692990779866,2006,11,29,"Fall",0.93578590798724,0.999705075831606,0.503036975860596,0.503036975860596,1,24,24,FALSE,TRUE,TRUE,0.93578590798724
124,1633000,"2006-11-30",0.0438252536114305,0.933150707604509,0.997136171623602,2006,11,30,"Fall",0.93578590798724,0.999705075831606,0.503036975860596,0.503036975860596,1,24,24,FALSE,TRUE,TRUE,0.93578590798724
124,1633000,"2006-12-01",0.0408688859315589,0.932541915077463,0.999347594636016,2006,12,1,"Winter",0.93578590798724,0.999705075831606,0.503036975860596,0.503036975860596,1,24,24,FALSE,TRUE,TRUE,0.93578590798724
124,1633000,"2006-12-02",0.0381342825712636,0.933088380121866,1.00058599515536,2006,12,2,"Winter",0.93578590798724,0.999705075831606,0.503036975860596,0.503036975860596,1,24,24,FALSE,TRUE,TRUE,0.93578590798724
124,1633000,"2006-12-03",0.0355985064525157,0.933504029766151,1.00044545581441,2006,12,3,"Winter",0.93578590798724,0.999705075831606,0.503036975860596,0.503036975860596,1,24,24,FALSE,TRUE,TRUE,0.93578590798724
124,1633000,"2006-12-04",0.0332473722519353,0.933954133617473,1.00048216594355,2006,12,4,"Winter",0.93578590798724,0.999705075831606,0.503036975860596,0.503036975860596,1,24,24,FALSE,TRUE,TRUE,0.93578590798724
124,1633000,"2006-12-05",0.0310674321372062,0.93443270950226,1.00051241904453,2006,12,5,"Winter",0.93578590798724,0.999705075831606,0.503036975860596,0.503036975860596,1,24,24,FALSE,TRUE,TRUE,0.93578590798724
124,1633000,"2006-12-06",0.0290460240794346,0.934934820205151,1.00053734281536,2006,12,6,"Winter",0.93578590798724,0.999705075831606,0.503036975860596,0.503036975860596,1,24,24,FALSE,TRUE,TRUE,0.93578590798724
124,1633000,"2006-12-07",0.0271711791865527,0.93545261520976,1.00055383005683,2006,12,7,"Winter",0.93578590798724,0.999705075831606,0.503036975860596,0.503036975860596,1,24,24,FALSE,TRUE,TRUE,0.93578590798724
124,1633000,"2006-12-08",0.0254316725768149,0.935979715941121,1.00056347133226,2006,12,8,"Winter",0.93578590798724,0.999705075831606,0.503036975860596,0.503036975860596,1,24,24,FALSE,TRUE,TRUE,0.93578590798724
124,1633000,"2006-12-09",0.0238176687853411,0.936535680592819,1.00059399220114,2006,12,9,"Winter",0.93578590798724,0.999705075831606,0.503036975860596,0.503036975860596,1,24,24,FALSE,TRUE,TRUE,0.93578590798724
124,1633000,"2006-12-10",0.0223022126592696,0.936372608934581,0.999825877794496,2006,12,10,"Winter",0.93578590798724,0.999705075831606,0.503036975860596,0.503036975860596,1,24,24,FALSE,TRUE,TRUE,0.93578590798724
124,1633000,"2006-12-11",0.0208464520401321,0.934725731416054,0.998241215619922,2006,12,11,"Winter",0.93578590798724,0.999705075831606,0.503036975860596,0.503036975860596,1,24,24,FALSE,TRUE,TRUE,0.93578590798724
124,1633000,"2006-12-12",0.0194569659070112,0.933346637094599,0.99852460002426,2006,12,12,"Winter",0.93578590798724,0.999705075831606,0.503036975860596,0.503036975860596,1,24,24,FALSE,TRUE,TRUE,0.93578590798724
124,1633000,"2006-12-13",0.0184417061391287,0.947820242234341,1.01550721303802,2006,12,13,"Winter",0.93578590798724,0.999705075831606,0.503036975860596,0.503036975860596,1,24,24,FALSE,TRUE,TRUE,0.93578590798724
124,1633000,"2006-12-14",0.0174361277022399,0.945472591890228,0.997523105922934,2006,12,14,"Winter",0.93578590798724,0.999705075831606,0.503036975860596,0.503036975860596,1,24,24,FALSE,TRUE,TRUE,0.93578590798724
124,1633000,"2006-12-15",0.0163195599452592,0.935962400823824,0.989941336059895,2006,12,15,"Winter",0.93578590798724,0.999705075831606,0.503036975860596,0.503036975860596,1,24,24,FALSE,TRUE,TRUE,0.93578590798724
124,1633000,"2006-12-16",0.0152718317694962,0.935799238504136,0.99982567427971,2006,12,16,"Winter",0.93578590798724,0.999705075831606,0.503036975860596,0.503036975860596,1,24,24,FALSE,TRUE,TRUE,0.93578590798724
124,1633000,"2006-12-17",0.0142538215150125,0.933340658157522,0.997372748079444,2006,12,17,"Winter",0.93578590798724,0.999705075831606,0.503036975860596,0.503036975860596,1,24,24,FALSE,TRUE,TRUE,0.93578590798724
124,1633000,"2006-12-18",0.0132629345171154,0.930482713225113,0.996937940174973,2006,12,18,"Winter",0.93578590798724,0.999705075831606,0.503036975860596,0.503036975860596,1,24,24,FALSE,TRUE,TRUE,0.93578590798724
124,1633000,"2006-12-19",0.0123302077990957,0.929674182073655,0.999131062683952,2006,12,19,"Winter",0.93578590798724,0.999705075831606,0.503036975860596,0.503036975860596,1,24,24,FALSE,TRUE,TRUE,0.93578590798724
124,1633000,"2006-12-20",0.0114776652189903,0.930857403703457,1.00127272721198,2006,12,20,"Winter",0.93578590798724,0.999705075831606,0.503036975860596,0.503036975860596,1,24,24,FALSE,TRUE,TRUE,0.93578590798724
124,1633000,"2006-12-21",0.0107070325757377,0.932858065769546,1.0021492680384,2006,12,21,"Winter",0.93578590798724,0.999705075831606,0.503036975860596,0.503036975860596,1,24,24,FALSE,TRUE,TRUE,0.93578590798724
125,1633000,"2007-01-12",0.02988977113273,0.945223937174747,0.9996720337116,2007,1,12,"Winter",0.942654341881025,0.999835369586415,0.32471227645874,0,2,19,18,FALSE,TRUE,TRUE,0.938294506127318
125,1633000,"2007-01-13",0.0282228300347924,0.94423038267723,0.998948868666523,2007,1,13,"Winter",0.942654341881025,0.999835369586415,0.32471227645874,0,2,19,18,FALSE,TRUE,TRUE,0.938294506127318
125,1633000,"2007-01-14",0.0265536868246272,0.940858404061267,0.996428860288946,2007,1,14,"Winter",0.942654341881025,0.999835369586415,0.32471227645874,0,2,19,18,FALSE,TRUE,TRUE,0.938294506127318
125,1633000,"2007-01-15",0.024883060134016,0.937084944111723,0.995989343419524,2007,1,15,"Winter",0.942654341881025,0.999835369586415,0.32471227645874,0,2,19,18,FALSE,TRUE,TRUE,0.938294506127318
125,1633000,"2007-01-16",0.0232583228498697,0.93470508549207,0.997460359773564,2007,1,16,"Winter",0.942654341881025,0.999835369586415,0.32471227645874,0,2,19,18,FALSE,TRUE,TRUE,0.938294506127318
125,1633000,"2007-01-17",0.0217614789144136,0.935642653809644,1.0010030632465,2007,1,17,"Winter",0.942654341881025,0.999835369586415,0.32471227645874,0,2,19,18,FALSE,TRUE,TRUE,0.938294506127318
125,1633000,"2007-01-18",0.0203844428178854,0.936721391871207,1.00115293809786,2007,1,18,"Winter",0.942654341881025,0.999835369586415,0.32471227645874,0,2,19,18,FALSE,TRUE,TRUE,0.938294506127318
125,1633000,"2007-01-19",0.0190952097764239,0.936754070102403,1.0000348857531,2007,1,19,"Winter",0.942654341881025,0.999835369586415,0.32471227645874,0,2,19,18,FALSE,TRUE,TRUE,0.938294506127318
125,1633000,"2007-01-20",0.0178952058777213,0.937156809862117,1.00042993115543,2007,1,20,"Winter",0.942654341881025,0.999835369586415,0.32471227645874,0,2,19,18,FALSE,TRUE,TRUE,0.938294506127318
125,1633000,"2007-01-21",0.0167871847515926,0.938082795263721,1.00098807946745,2007,1,21,"Winter",0.942654341881025,0.999835369586415,0.32471227645874,0,2,19,18,FALSE,TRUE,TRUE,0.938294506127318
125,1633000,"2007-01-22",0.0157576911733486,0.938673839986998,1.00063005603158,2007,1,22,"Winter",0.942654341881025,0.999835369586415,0.32471227645874,0,2,19,18,FALSE,TRUE,TRUE,0.938294506127318
125,1633000,"2007-01-23",0.0147988218814135,0.939149125250222,1.00050633696496,2007,1,23,"Winter",0.942654341881025,0.999835369586415,0.32471227645874,0,2,19,18,FALSE,TRUE,TRUE,0.938294506127318
125,1633000,"2007-01-24",0.0139059376087971,0.939665178770901,1.00054949049816,2007,1,24,"Winter",0.942654341881025,0.999835369586415,0.32471227645874,0,2,19,18,FALSE,TRUE,TRUE,0.938294506127318
125,1633000,"2007-01-25",0.0130750183598138,0.940247161150959,1.00061935079985,2007,1,25,"Winter",0.942654341881025,0.999835369586415,0.32471227645874,0,2,19,18,FALSE,TRUE,TRUE,0.938294506127318
125,1633000,"2007-01-26",0.012301545473747,0.940843456981739,1.00063419051438,2007,1,26,"Winter",0.942654341881025,0.999835369586415,0.32471227645874,0,2,19,18,FALSE,TRUE,TRUE,0.938294506127318
125,1633000,"2007-01-27",0.0115685666387435,0.940415711459368,0.999545359518423,2007,1,27,"Winter",0.942654341881025,0.999835369586415,0.32471227645874,0,2,19,18,FALSE,TRUE,TRUE,0.938294506127318
125,1633000,"2007-01-28",0.0108579623338301,0.938574559225549,0.998042193243495,2007,1,28,"Winter",0.942654341881025,0.999835369586415,0.32471227645874,0,2,19,18,FALSE,TRUE,TRUE,0.938294506127318
125,1633000,"2007-01-29",0.0101993811549619,0.939345785275359,1.00082169929094,2007,1,29,"Winter",0.942654341881025,0.999835369586415,0.32471227645874,0,2,19,18,FALSE,TRUE,TRUE,0.938294506127318
126,1633000,"2007-03-27",0.0465374288614839,0.928714181646098,0.994083028324225,2007,3,27,"Spring",0.971836406534457,0.109436459488611,0.37069696187973,0.000178636983036995,2,40,39,FALSE,TRUE,TRUE,0.990386557084711
126,1633000,"2007-03-28",0.0429814910748973,0.923589723936605,0.994482201509608,2007,3,28,"Spring",0.971836406534457,0.109436459488611,0.37069696187973,0.000178636983036995,2,40,39,FALSE,TRUE,TRUE,0.990386557084711
126,1633000,"2007-03-29",0.0396581566892565,0.922679872137292,0.999014874488388,2007,3,29,"Spring",0.971836406534457,0.109436459488611,0.37069696187973,0.000178636983036995,2,40,39,FALSE,TRUE,TRUE,0.990386557084711
126,1633000,"2007-03-30",0.0366070310119539,0.923064359717731,1.00041670745407,2007,3,30,"Spring",0.971836406534457,0.109436459488611,0.37069696187973,0.000178636983036995,2,40,39,FALSE,TRUE,TRUE,0.990386557084711
126,1633000,"2007-03-31",0.0337152456631884,0.921004646680545,0.997768613839868,2007,3,31,"Spring",0.971836406534457,0.109436459488611,0.37069696187973,0.000178636983036995,2,40,39,FALSE,TRUE,TRUE,0.990386557084711
126,1633000,"2007-04-01",0.0310162089299411,0.919946105088172,0.998850666393283,2007,4,1,"Spring",0.971836406534457,0.109436459488611,0.37069696187973,0.000178636983036995,2,40,39,FALSE,TRUE,TRUE,0.990386557084711
126,1633000,"2007-04-02",0.0314985221484676,1.01555036012351,1.10392375651851,2007,4,2,"Spring",0.971836406534457,0.109436459488611,0.37069696187973,0.000178636983036995,2,40,39,FALSE,TRUE,TRUE,0.990386557084711
126,1633000,"2007-04-03",0.0294187742983922,0.933973161017761,0.919671931290708,2007,4,3,"Spring",0.971836406534457,0.109436459488611,0.37069696187973,0.000178636983036995,2,40,39,FALSE,TRUE,TRUE,0.990386557084711
126,1633000,"2007-04-04",0.0270958462497219,0.921039264752874,0.986151747389837,2007,4,4,"Spring",0.971836406534457,0.109436459488611,0.37069696187973,0.000178636983036995,2,40,39,FALSE,TRUE,TRUE,0.990386557084711
126,1633000,"2007-04-05",0.0249674872029573,0.921450726168536,1.00044673602028,2007,4,5,"Spring",0.971836406534457,0.109436459488611,0.37069696187973,0.000178636983036995,2,40,39,FALSE,TRUE,TRUE,0.990386557084711
126,1633000,"2007-04-06",0.023065100889653,0.923805455557459,1.00255545882384,2007,4,6,"Spring",0.971836406534457,0.109436459488611,0.37069696187973,0.000178636983036995,2,40,39,FALSE,TRUE,TRUE,0.990386557084711
126,1633000,"2007-04-07",0.0213239931617863,0.924513327030462,1.00076625599984,2007,4,7,"Spring",0.971836406534457,0.109436459488611,0.37069696187973,0.000178636983036995,2,40,39,FALSE,TRUE,TRUE,0.990386557084711
126,1633000,"2007-04-08",0.0197436915477738,0.925890915363613,1.00149006865869,2007,4,8,"Spring",0.971836406534457,0.109436459488611,0.37069696187973,0.000178636983036995,2,40,39,FALSE,TRUE,TRUE,0.990386557084711
126,1633000,"2007-04-09",0.0182921997038648,0.92648325970871,1.00063975608278,2007,4,9,"Spring",0.971836406534457,0.109436459488611,0.37069696187973,0.000178636983036995,2,40,39,FALSE,TRUE,TRUE,0.990386557084711
126,1633000,"2007-04-10",0.0169327527401038,0.925681602772258,0.999134731331569,2007,4,10,"Spring",0.971836406534457,0.109436459488611,0.37069696187973,0.000178636983036995,2,40,39,FALSE,TRUE,TRUE,0.990386557084711
126,1633000,"2007-04-11",0.0156314457999542,0.923148529945312,0.997263559285007,2007,4,11,"Spring",0.971836406534457,0.109436459488611,0.37069696187973,0.000178636983036995,2,40,39,FALSE,TRUE,TRUE,0.990386557084711
126,1633000,"2007-04-12",0.020559077616781,1.31523839060627,1.42473106758258,2007,4,12,"Spring",0.971836406534457,0.109436459488611,0.37069696187973,0.000178636983036995,2,40,39,FALSE,TRUE,TRUE,0.990386557084711
126,1633000,"2007-04-13",0.0202542339102365,0.985172306256791,0.749044669995274,2007,4,13,"Spring",0.971836406534457,0.109436459488611,0.37069696187973,0.000178636983036995,2,40,39,FALSE,TRUE,TRUE,0.990386557084711
126,1633000,"2007-04-14",0.0194257540861145,0.959095968388944,0.973531190734618,2007,4,14,"Spring",0.971836406534457,0.109436459488611,0.37069696187973,0.000178636983036995,2,40,39,FALSE,TRUE,TRUE,0.990386557084711
126,1633000,"2007-04-15",0.0390169835882261,2.00851835224845,2.09417870416272,2007,4,15,"Spring",0.971836406534457,0.109436459488611,0.37069696187973,0.000178636983036995,2,40,39,FALSE,TRUE,TRUE,0.990386557084711
126,1633000,"2007-04-16",0.0452486498979852,1.15971676271867,0.577399136741978,2007,4,16,"Spring",0.971836406534457,0.109436459488611,0.37069696187973,0.000178636983036995,2,40,39,FALSE,TRUE,TRUE,0.990386557084711
126,1633000,"2007-04-17",0.0441674925386906,0.976106306779714,0.841676466322235,2007,4,17,"Spring",0.971836406534457,0.109436459488611,0.37069696187973,0.000178636983036995,2,40,39,FALSE,TRUE,TRUE,0.990386557084711
126,1633000,"2007-04-18",0.0427736322162673,0.968441488472495,0.992147557848994,2007,4,18,"Spring",0.971836406534457,0.109436459488611,0.37069696187973,0.000178636983036995,2,40,39,FALSE,TRUE,TRUE,0.990386557084711
126,1633000,"2007-04-19",0.0411897604353726,0.962970837433526,0.99435107737113,2007,4,19,"Spring",0.971836406534457,0.109436459488611,0.37069696187973,0.000178636983036995,2,40,39,FALSE,TRUE,TRUE,0.990386557084711
126,1633000,"2007-04-20",0.0394533645594493,0.957843991866674,0.994676011601227,2007,4,20,"Spring",0.971836406534457,0.109436459488611,0.37069696187973,0.000178636983036995,2,40,39,FALSE,TRUE,TRUE,0.990386557084711
126,1633000,"2007-04-21",0.0373549996875226,0.946814045003316,0.988484610273682,2007,4,21,"Spring",0.971836406534457,0.109436459488611,0.37069696187973,0.000178636983036995,2,40,39,FALSE,TRUE,TRUE,0.990386557084711
126,1633000,"2007-04-22",0.0349781303666532,0.936370784613783,0.988970104061462,2007,4,22,"Spring",0.971836406534457,0.109436459488611,0.37069696187973,0.000178636983036995,2,40,39,FALSE,TRUE,TRUE,0.990386557084711
126,1633000,"2007-04-23",0.0324678157921881,0.928231882374754,0.991308034837518,2007,4,23,"Spring",0.971836406534457,0.109436459488611,0.37069696187973,0.000178636983036995,2,40,39,FALSE,TRUE,TRUE,0.990386557084711
126,1633000,"2007-04-24",0.0299676472786814,0.922995481756175,0.994358736520467,2007,4,24,"Spring",0.971836406534457,0.109436459488611,0.37069696187973,0.000178636983036995,2,40,39,FALSE,TRUE,TRUE,0.990386557084711
126,1633000,"2007-04-25",0.0275440964614973,0.919127758190474,0.995809596425822,2007,4,25,"Spring",0.971836406534457,0.109436459488611,0.37069696187973,0.000178636983036995,2,40,39,FALSE,TRUE,TRUE,0.990386557084711
126,1633000,"2007-04-26",0.0252877516904846,0.918082454649883,0.998862722258928,2007,4,26,"Spring",0.971836406534457,0.109436459488611,0.37069696187973,0.000178636983036995,2,40,39,FALSE,TRUE,TRUE,0.990386557084711
126,1633000,"2007-04-27",0.0266505278414116,1.05389075974832,1.1479260434731,2007,4,27,"Spring",0.971836406534457,0.109436459488611,0.37069696187973,0.000178636983036995,2,40,39,FALSE,TRUE,TRUE,0.990386557084711
126,1633000,"2007-04-28",0.0258548075798899,0.970142420208082,0.920534136232266,2007,4,28,"Spring",0.971836406534457,0.109436459488611,0.37069696187973,0.000178636983036995,2,40,39,FALSE,TRUE,TRUE,0.990386557084711
126,1633000,"2007-04-29",0.023923848173581,0.925315266789656,0.953793224082696,2007,4,29,"Spring",0.971836406534457,0.109436459488611,0.37069696187973,0.000178636983036995,2,40,39,FALSE,TRUE,TRUE,0.990386557084711
126,1633000,"2007-04-30",0.0220157644362189,0.920243443967796,0.994518816446791,2007,4,30,"Spring",0.971836406534457,0.109436459488611,0.37069696187973,0.000178636983036995,2,40,39,FALSE,TRUE,TRUE,0.990386557084711
126,1633000,"2007-05-01",0.0201246056822129,0.914099791561413,0.993323883536846,2007,5,1,"Spring",0.971836406534457,0.109436459488611,0.37069696187973,0.000178636983036995,2,40,39,FALSE,TRUE,TRUE,0.990386557084711
126,1633000,"2007-05-02",0.0183145119226538,0.910055690623596,0.995575864938215,2007,5,2,"Spring",0.971836406534457,0.109436459488611,0.37069696187973,0.000178636983036995,2,40,39,FALSE,TRUE,TRUE,0.990386557084711
126,1633000,"2007-05-03",0.0167148205218837,0.912654434498394,1.00285558774213,2007,5,3,"Spring",0.971836406534457,0.109436459488611,0.37069696187973,0.000178636983036995,2,40,39,FALSE,TRUE,TRUE,0.990386557084711
126,1633000,"2007-05-04",0.0152731719426811,0.913750280637765,1.00120072406154,2007,5,4,"Spring",0.971836406534457,0.109436459488611,0.37069696187973,0.000178636983036995,2,40,39,FALSE,TRUE,TRUE,0.990386557084711
129,1633000,"2007-12-27",0.0297959417803213,0.979019435413765,1.04652075697492,2007,12,27,"Winter",0.969797673294611,0.681790312280456,0.385309934616089,0.000724911689758301,2,25,24,FALSE,TRUE,TRUE,0.974617867794552
129,1633000,"2007-12-28",0.0312615259317681,1.04918737465163,1.0716716509394,2007,12,28,"Winter",0.969797673294611,0.681790312280456,0.385309934616089,0.000724911689758301,2,25,24,FALSE,TRUE,TRUE,0.974617867794552
129,1633000,"2007-12-29",0.0297622478101403,0.952040788894944,0.907407782343033,2007,12,29,"Winter",0.969797673294611,0.681790312280456,0.385309934616089,0.000724911689758301,2,25,24,FALSE,TRUE,TRUE,0.974617867794552
129,1633000,"2007-12-30",0.0281596704153344,0.94615402018594,0.993816684350428,2007,12,30,"Winter",0.969797673294611,0.681790312280456,0.385309934616089,0.000724911689758301,2,25,24,FALSE,TRUE,TRUE,0.974617867794552
129,1633000,"2007-12-31",0.0266373496269807,0.945939680191545,0.999773461836211,2007,12,31,"Winter",0.969797673294611,0.681790312280456,0.385309934616089,0.000724911689758301,2,25,24,FALSE,TRUE,TRUE,0.974617867794552
129,1633000,"2008-01-01",0.0251938097644597,0.945807676711993,0.999860452540139,2008,1,1,"Winter",0.969797673294611,0.681790312280456,0.385309934616089,0.000724911689758301,2,25,24,FALSE,TRUE,TRUE,0.974617867794552
129,1633000,"2008-01-02",0.0238268855027854,0.945743645980746,0.999932300474163,2008,1,2,"Winter",0.969797673294611,0.681790312280456,0.385309934616089,0.000724911689758301,2,25,24,FALSE,TRUE,TRUE,0.974617867794552
129,1633000,"2008-01-03",0.0225339764147066,0.945737386116715,0.999993381013917,2008,1,3,"Winter",0.969797673294611,0.681790312280456,0.385309934616089,0.000724911689758301,2,25,24,FALSE,TRUE,TRUE,0.974617867794552
129,1633000,"2008-01-04",0.0213121382985264,0.945777962411342,1.00004290439949,2008,1,4,"Winter",0.969797673294611,0.681790312280456,0.385309934616089,0.000724911689758301,2,25,24,FALSE,TRUE,TRUE,0.974617867794552
129,1633000,"2008-01-05",0.0201582639128901,0.945858347507247,1.00008499362335,2008,1,5,"Winter",0.969797673294611,0.681790312280456,0.385309934616089,0.000724911689758301,2,25,24,FALSE,TRUE,TRUE,0.974617867794552
129,1633000,"2008-01-06",0.0190691745956428,0.945973059884842,1.00012127860149,2008,1,6,"Winter",0.969797673294611,0.681790312280456,0.385309934616089,0.000724911689758301,2,25,24,FALSE,TRUE,TRUE,0.974617867794552
129,1633000,"2008-01-07",0.0180373215698637,0.945888951794752,0.999911088281838,2008,1,7,"Winter",0.969797673294611,0.681790312280456,0.385309934616089,0.000724911689758301,2,25,24,FALSE,TRUE,TRUE,0.974617867794552
129,1633000,"2008-01-08",0.016999603190925,0.942468266426401,0.996383629006491,2008,1,8,"Winter",0.969797673294611,0.681790312280456,0.385309934616089,0.000724911689758301,2,25,24,FALSE,TRUE,TRUE,0.974617867794552
129,1633000,"2008-01-09",0.0159880412975326,0.940494970263049,0.997906246572276,2008,1,9,"Winter",0.969797673294611,0.681790312280456,0.385309934616089,0.000724911689758301,2,25,24,FALSE,TRUE,TRUE,0.974617867794552
129,1633000,"2008-01-10",0.01515251834644,0.947740756009836,1.00770422594047,2008,1,10,"Winter",0.969797673294611,0.681790312280456,0.385309934616089,0.000724911689758301,2,25,24,FALSE,TRUE,TRUE,0.974617867794552
129,1633000,"2008-01-11",0.0210287772933953,1.38780741343473,1.46433231306592,2008,1,11,"Winter",0.969797673294611,0.681790312280456,0.385309934616089,0.000724911689758301,2,25,24,FALSE,TRUE,TRUE,0.974617867794552
129,1633000,"2008-01-12",0.0223309988505207,1.06192569063606,0.765182315900639,2008,1,12,"Winter",0.969797673294611,0.681790312280456,0.385309934616089,0.000724911689758301,2,25,24,FALSE,TRUE,TRUE,0.974617867794552
129,1633000,"2008-01-13",0.021146755607333,0.946968639821499,0.891746614826026,2008,1,13,"Winter",0.969797673294611,0.681790312280456,0.385309934616089,0.000724911689758301,2,25,24,FALSE,TRUE,TRUE,0.974617867794552
129,1633000,"2008-01-14",0.0200256273383275,0.946983438508326,1.00001562743074,2008,1,14,"Winter",0.969797673294611,0.681790312280456,0.385309934616089,0.000724911689758301,2,25,24,FALSE,TRUE,TRUE,0.974617867794552
129,1633000,"2008-01-15",0.0189651076216251,0.947041872956826,1.0000617058822,2008,1,15,"Winter",0.969797673294611,0.681790312280456,0.385309934616089,0.000724911689758301,2,25,24,FALSE,TRUE,TRUE,0.974617867794552
129,1633000,"2008-01-16",0.017962567450013,0.947137649223308,1.00010113202934,2008,1,16,"Winter",0.969797673294611,0.681790312280456,0.385309934616089,0.000724911689758301,2,25,24,FALSE,TRUE,TRUE,0.974617867794552
129,1633000,"2008-01-17",0.0170153349754401,0.947266309384282,1.00013584103755,2008,1,17,"Winter",0.969797673294611,0.681790312280456,0.385309934616089,0.000724911689758301,2,25,24,FALSE,TRUE,TRUE,0.974617867794552
129,1633000,"2008-01-18",0.0161198116838932,0.947369634929935,1.00010907761063,2008,1,18,"Winter",0.969797673294611,0.681790312280456,0.385309934616089,0.000724911689758301,2,25,24,FALSE,TRUE,TRUE,0.974617867794552
129,1633000,"2008-01-19",0.015270980889909,0.947342387700944,0.999971239072917,2008,1,19,"Winter",0.969797673294611,0.681790312280456,0.385309934616089,0.000724911689758301,2,25,24,FALSE,TRUE,TRUE,0.974617867794552
130,1633000,"2008-03-08",0.0349706575507298,1.17708346900944,1.19683915245254,2008,3,8,"Spring",0.997292893805999,0.000239626904383421,0.322299659252167,0.0180210527032614,18,32,15,FALSE,TRUE,TRUE,0.999714925911557
130,1633000,"2008-03-09",0.0386806115275249,1.10608762421505,0.939684952967576,2008,3,9,"Spring",0.997292893805999,0.000239626904383421,0.322299659252167,0.0180210527032614,18,32,15,FALSE,TRUE,TRUE,0.999714925911557
130,1633000,"2008-03-10",0.0371670473832637,0.960870211599831,0.868710751810214,2008,3,10,"Spring",0.997292893805999,0.000239626904383421,0.322299659252167,0.0180210527032614,18,32,15,FALSE,TRUE,TRUE,0.999714925911557
130,1633000,"2008-03-11",0.0355917854467407,0.957616704919307,0.996613999850087,2008,3,11,"Spring",0.997292893805999,0.000239626904383421,0.322299659252167,0.0180210527032614,18,32,15,FALSE,TRUE,TRUE,0.999714925911557
130,1633000,"2008-03-12",0.0339874542551115,0.954924116014638,0.997188239416839,2008,3,12,"Spring",0.997292893805999,0.000239626904383421,0.322299659252167,0.0180210527032614,18,32,15,FALSE,TRUE,TRUE,0.999714925911557
130,1633000,"2008-03-13",0.0323023222154006,0.950418997931936,0.995282223993354,2008,3,13,"Spring",0.997292893805999,0.000239626904383421,0.322299659252167,0.0180210527032614,18,32,15,FALSE,TRUE,TRUE,0.999714925911557
130,1633000,"2008-03-14",0.0304858780000359,0.943767379841852,0.993001383490274,2008,3,14,"Spring",0.997292893805999,0.000239626904383421,0.322299659252167,0.0180210527032614,18,32,15,FALSE,TRUE,TRUE,0.999714925911557
130,1633000,"2008-03-15",0.02969743788708,0.974137529745578,1.03217969867619,2008,3,15,"Spring",0.997292893805999,0.000239626904383421,0.322299659252167,0.0180210527032614,18,32,15,FALSE,TRUE,TRUE,0.999714925911557
130,1633000,"2008-03-16",0.0354250137461349,1.1928643097372,1.22453377815014,2008,3,16,"Spring",0.997292893805999,0.000239626904383421,0.322299659252167,0.0180210527032614,18,32,15,FALSE,TRUE,TRUE,0.999714925911557
130,1633000,"2008-03-17",0.0343014188110829,0.96828244180499,0.811728906549577,2008,3,17,"Spring",0.997292893805999,0.000239626904383421,0.322299659252167,0.0180210527032614,18,32,15,FALSE,TRUE,TRUE,0.999714925911557
130,1633000,"2008-03-18",0.0322577593615279,0.940420556338775,0.971225456268445,2008,3,18,"Spring",0.997292893805999,0.000239626904383421,0.322299659252167,0.0180210527032614,18,32,15,FALSE,TRUE,TRUE,0.999714925911557
130,1633000,"2008-03-19",0.0326369834365323,1.011756057535,1.0758548935531,2008,3,19,"Spring",0.997292893805999,0.000239626904383421,0.322299659252167,0.0180210527032614,18,32,15,FALSE,TRUE,TRUE,0.999714925911557
130,1633000,"2008-03-20",0.0394138254923746,1.20764302770263,1.19361086964468,2008,3,20,"Spring",0.997292893805999,0.000239626904383421,0.322299659252167,0.0180210527032614,18,32,15,FALSE,TRUE,TRUE,0.999714925911557
130,1633000,"2008-03-21",0.0373418149538338,0.947429347122327,0.784527650463626,2008,3,21,"Spring",0.997292893805999,0.000239626904383421,0.322299659252167,0.0180210527032614,18,32,15,FALSE,TRUE,TRUE,0.999714925911557
130,1633000,"2008-03-22",0.0353280204581097,0.946071327860903,0.998566627405464,2008,3,22,"Spring",0.997292893805999,0.000239626904383421,0.322299659252167,0.0180210527032614,18,32,15,FALSE,TRUE,TRUE,0.999714925911557
131,1633000,"2008-05-27",0.0450607757084072,0.915058058837117,0.997850625188453,2008,5,27,"Spring",0.950069491215446,0.338746674994489,0.42771053314209,0.00100671406835318,2,14,13,FALSE,TRUE,TRUE,0.97255115560642
131,1633000,"2008-05-28",0.0413699590135366,0.918092473179906,1.00331608941475,2008,5,28,"Spring",0.950069491215446,0.338746674994489,0.42771053314209,0.00100671406835318,2,14,13,FALSE,TRUE,TRUE,0.97255115560642
131,1633000,"2008-05-29",0.0378272579982877,0.914365372852081,0.995940386794682,2008,5,29,"Spring",0.950069491215446,0.338746674994489,0.42771053314209,0.00100671406835318,2,14,13,FALSE,TRUE,TRUE,0.97255115560642
131,1633000,"2008-05-30",0.0343788509489968,0.908838038182759,0.993955004385083,2008,5,30,"Spring",0.950069491215446,0.338746674994489,0.42771053314209,0.00100671406835318,2,14,13,FALSE,TRUE,TRUE,0.97255115560642
131,1633000,"2008-05-31",0.0311728632077575,0.906745349168429,0.997697401598073,2008,5,31,"Spring",0.950069491215446,0.338746674994489,0.42771053314209,0.00100671406835318,2,14,13,FALSE,TRUE,TRUE,0.97255115560642
131,1633000,"2008-06-01",0.0285134923178703,0.914689553148732,1.00876122936565,2008,6,1,"Summer",0.950069491215446,0.338746674994489,0.42771053314209,0.00100671406835318,2,14,13,FALSE,TRUE,TRUE,0.97255115560642
131,1633000,"2008-06-02",0.0259772482095286,0.911051088373622,0.996022186147655,2008,6,2,"Summer",0.950069491215446,0.338746674994489,0.42771053314209,0.00100671406835318,2,14,13,FALSE,TRUE,TRUE,0.97255115560642
131,1633000,"2008-06-03",0.0234292222303338,0.90191316806758,0.989969914505723,2008,6,3,"Summer",0.950069491215446,0.338746674994489,0.42771053314209,0.00100671406835318,2,14,13,FALSE,TRUE,TRUE,0.97255115560642
131,1633000,"2008-06-04",0.0323162664426491,1.37931452119692,1.52932074841773,2008,6,4,"Summer",0.950069491215446,0.338746674994489,0.42771053314209,0.00100671406835318,2,14,13,FALSE,TRUE,TRUE,0.97255115560642
131,1633000,"2008-06-05",0.0362319910200313,1.12116884183794,0.81284494914549,2008,6,5,"Summer",0.950069491215446,0.338746674994489,0.42771053314209,0.00100671406835318,2,14,13,FALSE,TRUE,TRUE,0.97255115560642
131,1633000,"2008-06-06",0.0333390285959467,0.920154472811468,0.820709993423514,2008,6,6,"Summer",0.950069491215446,0.338746674994489,0.42771053314209,0.00100671406835318,2,14,13,FALSE,TRUE,TRUE,0.97255115560642
131,1633000,"2008-06-07",0.03023193590343,0.90680314264182,0.985490120882797,2008,6,7,"Summer",0.950069491215446,0.338746674994489,0.42771053314209,0.00100671406835318,2,14,13,FALSE,TRUE,TRUE,0.97255115560642
131,1633000,"2008-06-08",0.0272161802276969,0.900246028393077,0.992768977145756,2008,6,8,"Summer",0.950069491215446,0.338746674994489,0.42771053314209,0.00100671406835318,2,14,13,FALSE,TRUE,TRUE,0.97255115560642
134,1633000,"2008-10-14",0.00415096210781485,0.854868084833756,0.977766190460675,2008,10,14,"Fall",0.871288653975583,0.999662839213353,0.367520749568939,6.5622624001449e-10,15,21,7,FALSE,TRUE,TRUE,0.82988455600135
134,1633000,"2008-10-15",0.00348691400722601,0.84002549689898,0.982637569236589,2008,10,15,"Fall",0.871288653975583,0.999662839213353,0.367520749568939,6.5622624001449e-10,15,21,7,FALSE,TRUE,TRUE,0.82988455600135
134,1633000,"2008-10-16",0.00284962074510986,0.817232871015611,0.972866745155345,2008,10,16,"Fall",0.871288653975583,0.999662839213353,0.367520749568939,6.5622624001449e-10,15,21,7,FALSE,TRUE,TRUE,0.82988455600135
134,1633000,"2008-10-17",0.00235478830290958,0.826351473946334,1.01115790034166,2008,10,17,"Fall",0.871288653975583,0.999662839213353,0.367520749568939,6.5622624001449e-10,15,21,7,FALSE,TRUE,TRUE,0.82988455600135
134,1633000,"2008-10-18",0.00197205048607429,0.837464023257473,1.01344772734303,2008,10,18,"Fall",0.871288653975583,0.999662839213353,0.367520749568939,6.5622624001449e-10,15,21,7,FALSE,TRUE,TRUE,0.82988455600135
134,1633000,"2008-10-19",0.00165311210730579,0.838270682712891,1.00096321684636,2008,10,19,"Fall",0.871288653975583,0.999662839213353,0.367520749568939,6.5622624001449e-10,15,21,7,FALSE,TRUE,TRUE,0.82988455600135
134,1633000,"2008-10-20",0.00135424145628349,0.81920726991142,0.977258643067684,2008,10,20,"Fall",0.871288653975583,0.999662839213353,0.367520749568939,6.5622624001449e-10,15,21,7,FALSE,TRUE,TRUE,0.82988455600135
135,1633000,"2008-11-05",0.00237788467347855,0.888610451700605,1.00673597013684,2008,11,5,"Fall",0.861814753236306,0.99769637570971,0.367520749568939,4.95058411615901e-05,9,15,7,FALSE,TRUE,TRUE,0.81506155704742
135,1633000,"2008-11-06",0.00204662784381071,0.860692642766712,0.968582623712714,2008,11,6,"Fall",0.861814753236306,0.99769637570971,0.367520749568939,4.95058411615901e-05,9,15,7,FALSE,TRUE,TRUE,0.81506155704742
135,1633000,"2008-11-07",0.00167939957464114,0.820569103327641,0.953382267437429,2008,11,7,"Fall",0.861814753236306,0.99769637570971,0.367520749568939,4.95058411615901e-05,9,15,7,FALSE,TRUE,TRUE,0.81506155704742
135,1633000,"2008-11-08",0.00133487273706123,0.794851182063967,0.968658433324652,2008,11,8,"Fall",0.861814753236306,0.99769637570971,0.367520749568939,4.95058411615901e-05,9,15,7,FALSE,TRUE,TRUE,0.81506155704742
135,1633000,"2008-11-09",0.00106957276875619,0.801254485960129,1.00805597832733,2008,11,9,"Fall",0.861814753236306,0.99769637570971,0.367520749568939,4.95058411615901e-05,9,15,7,FALSE,TRUE,TRUE,0.81506155704742
135,1633000,"2008-11-10",0.000873557579325279,0.816735059869881,1.01932042089125,2008,11,10,"Fall",0.861814753236306,0.99769637570971,0.367520749568939,4.95058411615901e-05,9,15,7,FALSE,TRUE,TRUE,0.81506155704742
135,1633000,"2008-11-11",0.000722959675840684,0.827603918678246,1.01330769222776,2008,11,11,"Fall",0.861814753236306,0.99769637570971,0.367520749568939,4.95058411615901e-05,9,15,7,FALSE,TRUE,TRUE,0.81506155704742
138,1633000,"2009-01-21",0.0214380669058301,0.940984030790857,1.00041901608664,2009,1,21,"Winter",0.964269927769865,0.317992844769523,0.436274886131287,0.0230464935302734,8,18,11,FALSE,TRUE,TRUE,0.990845848407082
138,1633000,"2009-01-22",0.0201811478473246,0.941369757635954,1.00040991858786,2009,1,22,"Winter",0.964269927769865,0.317992844769523,0.436274886131287,0.0230464935302734,8,18,11,FALSE,TRUE,TRUE,0.990845848407082
138,1633000,"2009-01-23",0.0191370954853483,0.948265957423489,1.00732570781204,2009,1,23,"Winter",0.964269927769865,0.317992844769523,0.436274886131287,0.0230464935302734,8,18,11,FALSE,TRUE,TRUE,0.990845848407082
138,1633000,"2009-01-24",0.0206181919202209,1.07739400349476,1.13617281635009,2009,1,24,"Winter",0.964269927769865,0.317992844769523,0.436274886131287,0.0230464935302734,8,18,11,FALSE,TRUE,TRUE,0.990845848407082
138,1633000,"2009-01-25",0.0205442204023711,0.996412317911486,0.924835589096847,2009,1,25,"Winter",0.964269927769865,0.317992844769523,0.436274886131287,0.0230464935302734,8,18,11,FALSE,TRUE,TRUE,0.990845848407082
138,1633000,"2009-01-26",0.0193361979909241,0.94119891688333,0.944587797605829,2009,1,26,"Winter",0.964269927769865,0.317992844769523,0.436274886131287,0.0230464935302734,8,18,11,FALSE,TRUE,TRUE,0.990845848407082
138,1633000,"2009-01-27",0.0181794648524374,0.940177839561341,0.998915131218627,2009,1,27,"Winter",0.964269927769865,0.317992844769523,0.436274886131287,0.0230464935302734,8,18,11,FALSE,TRUE,TRUE,0.990845848407082
138,1633000,"2009-01-28",0.0182881605578586,1.00597903768365,1.06998803349057,2009,1,28,"Winter",0.964269927769865,0.317992844769523,0.436274886131287,0.0230464935302734,8,18,11,FALSE,TRUE,TRUE,0.990845848407082
138,1633000,"2009-01-29",0.0203251183847897,1.1113812305227,1.10477573477252,2009,1,29,"Winter",0.964269927769865,0.317992844769523,0.436274886131287,0.0230464935302734,8,18,11,FALSE,TRUE,TRUE,0.990845848407082
138,1633000,"2009-01-30",0.0196598400943913,0.967268171441684,0.870329770628537,2009,1,30,"Winter",0.964269927769865,0.317992844769523,0.436274886131287,0.0230464935302734,8,18,11,FALSE,TRUE,TRUE,0.990845848407082
138,1633000,"2009-01-31",0.0185426626121625,0.943174640441382,0.975091157021748,2009,1,31,"Winter",0.964269927769865,0.317992844769523,0.436274886131287,0.0230464935302734,8,18,11,FALSE,TRUE,TRUE,0.990845848407082
139,1633000,"2009-02-06",0.0264812292298302,0.941356254376551,0.999775317806576,2009,2,6,"Winter",0.9545210439364,0.949150539282542,0.390080153942108,0.0207099672406912,2,33,32,FALSE,TRUE,TRUE,0.956532891478743
139,1633000,"2009-02-07",0.0252656807424501,0.954097731761981,1.01353523421786,2009,2,7,"Winter",0.9545210439364,0.949150539282542,0.390080153942108,0.0207099672406912,2,33,32,FALSE,TRUE,TRUE,0.956532891478743
139,1633000,"2009-02-08",0.0302112417994067,1.19574224448453,1.25327018886869,2009,2,8,"Winter",0.9545210439364,0.949150539282542,0.390080153942108,0.0207099672406912,2,33,32,FALSE,TRUE,TRUE,0.956532891478743
139,1633000,"2009-02-09",0.031610616017133,1.04631965236708,0.875037791123736,2009,2,9,"Winter",0.9545210439364,0.949150539282542,0.390080153942108,0.0207099672406912,2,33,32,FALSE,TRUE,TRUE,0.956532891478743
139,1633000,"2009-02-10",0.0299130254425108,0.946296820862268,0.904405091428293,2009,2,10,"Winter",0.9545210439364,0.949150539282542,0.390080153942108,0.0207099672406912,2,33,32,FALSE,TRUE,TRUE,0.956532891478743
139,1633000,"2009-02-11",0.0282205838011578,0.943421248224933,0.996961236079485,2009,2,11,"Winter",0.9545210439364,0.949150539282542,0.390080153942108,0.0207099672406912,2,33,32,FALSE,TRUE,TRUE,0.956532891478743
139,1633000,"2009-02-12",0.0292519620852545,1.03654702154157,1.09871070160001,2009,2,12,"Winter",0.9545210439364,0.949150539282542,0.390080153942108,0.0207099672406912,2,33,32,FALSE,TRUE,TRUE,0.956532891478743
139,1633000,"2009-02-13",0.0276087603997439,0.943825932745248,0.910548111306683,2009,2,13,"Winter",0.9545210439364,0.949150539282542,0.390080153942108,0.0207099672406912,2,33,32,FALSE,TRUE,TRUE,0.956532891478743
139,1633000,"2009-02-14",0.0260352855548262,0.943008131399762,0.999133525243254,2009,2,14,"Winter",0.9545210439364,0.949150539282542,0.390080153942108,0.0207099672406912,2,33,32,FALSE,TRUE,TRUE,0.956532891478743
139,1633000,"2009-02-15",0.0245566164376214,0.943205189200211,1.00020896723357,2009,2,15,"Winter",0.9545210439364,0.949150539282542,0.390080153942108,0.0207099672406912,2,33,32,FALSE,TRUE,TRUE,0.956532891478743
139,1633000,"2009-02-16",0.023173360445071,0.943670741607904,1.00049358550295,2009,2,16,"Winter",0.9545210439364,0.949150539282542,0.390080153942108,0.0207099672406912,2,33,32,FALSE,TRUE,TRUE,0.956532891478743
139,1633000,"2009-02-17",0.021874642232433,0.943956414275069,1.00030272493845,2009,2,17,"Winter",0.9545210439364,0.949150539282542,0.390080153942108,0.0207099672406912,2,33,32,FALSE,TRUE,TRUE,0.956532891478743
139,1633000,"2009-02-18",0.0211089903023094,0.964998196451033,1.02229105269879,2009,2,18,"Winter",0.9545210439364,0.949150539282542,0.390080153942108,0.0207099672406912,2,33,32,FALSE,TRUE,TRUE,0.956532891478743
139,1633000,"2009-02-19",0.0222560279071331,1.05433881907171,1.09258112911428,2009,2,19,"Winter",0.9545210439364,0.949150539282542,0.390080153942108,0.0207099672406912,2,33,32,FALSE,TRUE,TRUE,0.956532891478743
139,1633000,"2009-02-20",0.0212476826272905,0.954693385358335,0.905490121476217,2009,2,20,"Winter",0.9545210439364,0.949150539282542,0.390080153942108,0.0207099672406912,2,33,32,FALSE,TRUE,TRUE,0.956532891478743
139,1633000,"2009-02-21",0.0200308149796911,0.942729394591178,0.987468237498402,2009,2,21,"Winter",0.9545210439364,0.949150539282542,0.390080153942108,0.0207099672406912,2,33,32,FALSE,TRUE,TRUE,0.956532891478743
139,1633000,"2009-02-22",0.0188914005411789,0.943116920621182,1.00041106815193,2009,2,22,"Winter",0.9545210439364,0.949150539282542,0.390080153942108,0.0207099672406912,2,33,32,FALSE,TRUE,TRUE,0.956532891478743
139,1633000,"2009-02-23",0.017824369831942,0.943517649371153,1.00042489827211,2009,2,23,"Winter",0.9545210439364,0.949150539282542,0.390080153942108,0.0207099672406912,2,33,32,FALSE,TRUE,TRUE,0.956532891478743
139,1633000,"2009-02-24",0.0168249121052213,0.943927457960974,1.00043434120188,2009,2,24,"Winter",0.9545210439364,0.949150539282542,0.390080153942108,0.0207099672406912,2,33,32,FALSE,TRUE,TRUE,0.956532891478743
139,1633000,"2009-02-25",0.015888542693574,0.944346252402903,1.00044367227417,2009,2,25,"Winter",0.9545210439364,0.949150539282542,0.390080153942108,0.0207099672406912,2,33,32,FALSE,TRUE,TRUE,0.956532891478743
139,1633000,"2009-02-26",0.0150110672111623,0.944773067024796,1.00045196835462,2009,2,26,"Winter",0.9545210439364,0.949150539282542,0.390080153942108,0.0207099672406912,2,33,32,FALSE,TRUE,TRUE,0.956532891478743
139,1633000,"2009-02-27",0.0141702785040252,0.943988745416322,0.999169830686491,2009,2,27,"Winter",0.9545210439364,0.949150539282542,0.390080153942108,0.0207099672406912,2,33,32,FALSE,TRUE,TRUE,0.956532891478743
139,1633000,"2009-02-28",0.0133473667083308,0.941926914459682,0.997815830997295,2009,2,28,"Winter",0.9545210439364,0.949150539282542,0.390080153942108,0.0207099672406912,2,33,32,FALSE,TRUE,TRUE,0.956532891478743
139,1633000,"2009-03-01",0.0125849424512126,0.942878301482315,1.0010100433569,2009,3,1,"Spring",0.9545210439364,0.949150539282542,0.390080153942108,0.0207099672406912,2,33,32,FALSE,TRUE,TRUE,0.956532891478743
139,1633000,"2009-03-02",0.0118810120329727,0.944065662519412,1.0012592940523,2009,3,2,"Spring",0.9545210439364,0.949150539282542,0.390080153942108,0.0207099672406912,2,33,32,FALSE,TRUE,TRUE,0.956532891478743
139,1633000,"2009-03-03",0.0112229519872926,0.94461245861432,1.00057919286403,2009,3,3,"Spring",0.9545210439364,0.949150539282542,0.390080153942108,0.0207099672406912,2,33,32,FALSE,TRUE,TRUE,0.956532891478743
139,1633000,"2009-03-04",0.010607160453219,0.945131055111802,1.00054900450735,2009,3,4,"Spring",0.9545210439364,0.949150539282542,0.390080153942108,0.0207099672406912,2,33,32,FALSE,TRUE,TRUE,0.956532891478743
139,1633000,"2009-03-05",0.0100299016630743,0.945578386158049,1.00047330054793,2009,3,5,"Spring",0.9545210439364,0.949150539282542,0.390080153942108,0.0207099672406912,2,33,32,FALSE,TRUE,TRUE,0.956532891478743
139,1633000,"2009-03-06",0.00948391339625232,0.945563946171871,0.999984728937982,2009,3,6,"Spring",0.9545210439364,0.949150539282542,0.390080153942108,0.0207099672406912,2,33,32,FALSE,TRUE,TRUE,0.956532891478743
139,1633000,"2009-03-07",0.00897783032269217,0.946637737776039,1.00113560971578,2009,3,7,"Spring",0.9545210439364,0.949150539282542,0.390080153942108,0.0207099672406912,2,33,32,FALSE,TRUE,TRUE,0.956532891478743
139,1633000,"2009-03-08",0.00842337022186257,0.938241191813554,0.991130138143223,2009,3,8,"Spring",0.9545210439364,0.949150539282542,0.390080153942108,0.0207099672406912,2,33,32,FALSE,TRUE,TRUE,0.956532891478743
139,1633000,"2009-03-09",0.00779036805033684,0.924851673991154,0.985729130271376,2009,3,9,"Spring",0.9545210439364,0.949150539282542,0.390080153942108,0.0207099672406912,2,33,32,FALSE,TRUE,TRUE,0.956532891478743
141,1633000,"2009-05-14",0.0481958875898272,0.924442019773632,0.997649649392042,2009,5,14,"Spring",0.97444924761495,0.533272898693748,0.487350404262543,0.487350404262543,1,21,21,FALSE,TRUE,TRUE,0.977677276161386
141,1633000,"2009-05-15",0.0444253642344848,0.921766699527735,0.997106016182007,2009,5,15,"Spring",0.97444924761495,0.533272898693748,0.487350404262543,0.487350404262543,1,21,21,FALSE,TRUE,TRUE,0.977677276161386
141,1633000,"2009-05-16",0.0417944567743689,0.940779158360312,1.02062610728107,2009,5,16,"Spring",0.97444924761495,0.533272898693748,0.487350404262543,0.487350404262543,1,21,21,FALSE,TRUE,TRUE,0.977677276161386
141,1633000,"2009-05-17",0.0482371848775074,1.15415269393068,1.22680512602157,2009,5,17,"Spring",0.97444924761495,0.533272898693748,0.487350404262543,0.487350404262543,1,21,21,FALSE,TRUE,TRUE,0.977677276161386
141,1633000,"2009-05-18",0.0458823587978259,0.951182348520932,0.824139087941216,2009,5,18,"Spring",0.97444924761495,0.533272898693748,0.487350404262543,0.487350404262543,1,21,21,FALSE,TRUE,TRUE,0.977677276161386
141,1633000,"2009-05-19",0.0430865793023259,0.939066352106716,0.98726217277575,2009,5,19,"Spring",0.97444924761495,0.533272898693748,0.487350404262543,0.487350404262543,1,21,21,FALSE,TRUE,TRUE,0.977677276161386
141,1633000,"2009-05-20",0.0402840045280754,0.934954809139394,0.99562166937608,2009,5,20,"Spring",0.97444924761495,0.533272898693748,0.487350404262543,0.487350404262543,1,21,21,FALSE,TRUE,TRUE,0.977677276161386
141,1633000,"2009-05-21",0.037339678616263,0.926910793842245,0.991396359248043,2009,5,21,"Spring",0.97444924761495,0.533272898693748,0.487350404262543,0.487350404262543,1,21,21,FALSE,TRUE,TRUE,0.977677276161386
141,1633000,"2009-05-22",0.0343445673352108,0.919787438134303,0.992314950095237,2009,5,22,"Spring",0.97444924761495,0.533272898693748,0.487350404262543,0.487350404262543,1,21,21,FALSE,TRUE,TRUE,0.977677276161386
141,1633000,"2009-05-23",0.0313835116103292,0.913783868756271,0.993472873047484,2009,5,23,"Spring",0.97444924761495,0.533272898693748,0.487350404262543,0.487350404262543,1,21,21,FALSE,TRUE,TRUE,0.977677276161386
141,1633000,"2009-05-24",0.0285751315532252,0.910514154949453,0.996421786465471,2009,5,24,"Spring",0.97444924761495,0.533272898693748,0.487350404262543,0.487350404262543,1,21,21,FALSE,TRUE,TRUE,0.977677276161386
141,1633000,"2009-05-25",0.0264812961686403,0.926725258265745,1.0178043396999,2009,5,25,"Spring",0.97444924761495,0.533272898693748,0.487350404262543,0.487350404262543,1,21,21,FALSE,TRUE,TRUE,0.977677276161386
141,1633000,"2009-05-26",0.0381794817512855,1.44175275666825,1.55574993107053,2009,5,26,"Spring",0.97444924761495,0.533272898693748,0.487350404262543,0.487350404262543,1,21,21,FALSE,TRUE,TRUE,0.977677276161386
141,1633000,"2009-05-27",0.0426527437521145,1.11716403145463,0.774865195358658,2009,5,27,"Spring",0.97444924761495,0.533272898693748,0.487350404262543,0.487350404262543,1,21,21,FALSE,TRUE,TRUE,0.977677276161386
141,1633000,"2009-05-28",0.0397525680018589,0.93200494282125,0.834259711716383,2009,5,28,"Spring",0.97444924761495,0.533272898693748,0.487350404262543,0.487350404262543,1,21,21,FALSE,TRUE,TRUE,0.977677276161386
141,1633000,"2009-05-29",0.0365665560821071,0.919853934477823,0.986962506543533,2009,5,29,"Spring",0.97444924761495,0.533272898693748,0.487350404262543,0.487350404262543,1,21,21,FALSE,TRUE,TRUE,0.977677276161386
141,1633000,"2009-05-30",0.033432170166634,0.914282714827311,0.993943364873821,2009,5,30,"Spring",0.97444924761495,0.533272898693748,0.487350404262543,0.487350404262543,1,21,21,FALSE,TRUE,TRUE,0.977677276161386
141,1633000,"2009-05-31",0.03306419251021,0.988993306309763,1.0817149775128,2009,5,31,"Spring",0.97444924761495,0.533272898693748,0.487350404262543,0.487350404262543,1,21,21,FALSE,TRUE,TRUE,0.977677276161386
141,1633000,"2009-06-01",0.0311272973194718,0.94142015746672,0.95189740057943,2009,6,1,"Summer",0.97444924761495,0.533272898693748,0.487350404262543,0.487350404262543,1,21,21,FALSE,TRUE,TRUE,0.977677276161386
141,1633000,"2009-06-02",0.0283473652089015,0.910691503922142,0.967359256862243,2009,6,2,"Summer",0.97444924761495,0.533272898693748,0.487350404262543,0.487350404262543,1,21,21,FALSE,TRUE,TRUE,0.977677276161386
141,1633000,"2009-06-03",0.0264328378252685,0.932461893035768,1.02390533898677,2009,6,3,"Summer",0.97444924761495,0.533272898693748,0.487350404262543,0.487350404262543,1,21,21,FALSE,TRUE,TRUE,0.977677276161386
143,1633000,"2009-10-02",0.00777289178222418,0.907827927419077,0.992067911501726,2009,10,2,"Fall",0.897948228079167,0.99975451989944,0.474274337291718,0.000765084056183696,4,13,10,FALSE,TRUE,TRUE,0.899249396234625
143,1633000,"2009-10-03",0.00699870276730508,0.900398842977643,0.991816638134767,2009,10,3,"Fall",0.897948228079167,0.99975451989944,0.474274337291718,0.000765084056183696,4,13,10,FALSE,TRUE,TRUE,0.899249396234625
143,1633000,"2009-10-04",0.00629156071227044,0.898960981978246,0.99840308435466,2009,10,4,"Fall",0.897948228079167,0.99975451989944,0.474274337291718,0.000765084056183696,4,13,10,FALSE,TRUE,TRUE,0.899249396234625
143,1633000,"2009-10-05",0.00564802048029378,0.89771373727324,0.998612570812293,2009,10,5,"Fall",0.897948228079167,0.99975451989944,0.474274337291718,0.000765084056183696,4,13,10,FALSE,TRUE,TRUE,0.899249396234625
143,1633000,"2009-10-06",0.00502119796874467,0.889019079563163,0.990314665634408,2009,10,6,"Fall",0.897948228079167,0.99975451989944,0.474274337291718,0.000765084056183696,4,13,10,FALSE,TRUE,TRUE,0.899249396234625
143,1633000,"2009-10-07",0.00456270166614558,0.908687865833397,1.02212414415211,2009,10,7,"Fall",0.897948228079167,0.99975451989944,0.474274337291718,0.000765084056183696,4,13,10,FALSE,TRUE,TRUE,0.899249396234625
143,1633000,"2009-10-08",0.00413987296633422,0.907329312598131,0.998504928604918,2009,10,8,"Fall",0.897948228079167,0.99975451989944,0.474274337291718,0.000765084056183696,4,13,10,FALSE,TRUE,TRUE,0.899249396234625
143,1633000,"2009-10-09",0.0036754650354851,0.887820729132096,0.978498894287706,2009,10,9,"Fall",0.897948228079167,0.99975451989944,0.474274337291718,0.000765084056183696,4,13,10,FALSE,TRUE,TRUE,0.899249396234625
143,1633000,"2009-10-10",0.00332434965821449,0.904470489072609,1.01875351565264,2009,10,10,"Fall",0.897948228079167,0.99975451989944,0.474274337291718,0.000765084056183696,4,13,10,FALSE,TRUE,TRUE,0.899249396234625
143,1633000,"2009-10-11",0.00299087825260358,0.899688227805129,0.99471263979836,2009,10,11,"Fall",0.897948228079167,0.99975451989944,0.474274337291718,0.000765084056183696,4,13,10,FALSE,TRUE,TRUE,0.899249396234625
145,1633000,"2009-12-30",0.044961997657083,0.947051572179349,0.989388328162475,2009,12,30,"Winter",0.941880969885116,0.999968485039783,0.964089393615723,0.964089393615723,1,16,16,FALSE,TRUE,TRUE,0.941880969885116
145,1633000,"2009-12-31",0.0424845305969939,0.944898643539278,0.997726703905768,2009,12,31,"Winter",0.941880969885116,0.999968485039783,0.964089393615723,0.964089393615723,1,16,16,FALSE,TRUE,TRUE,0.941880969885116
145,1633000,"2010-01-01",0.0400998597033322,0.943869665966595,0.998911018044403,2010,1,1,"Winter",0.941880969885116,0.999968485039783,0.964089393615723,0.964089393615723,1,16,16,FALSE,TRUE,TRUE,0.941880969885116
145,1633000,"2010-01-02",0.0377820958383381,0.942200200146799,0.998231253869053,2010,1,2,"Winter",0.941880969885116,0.999968485039783,0.964089393615723,0.964089393615723,1,16,16,FALSE,TRUE,TRUE,0.941880969885116
145,1633000,"2010-01-03",0.035573803121224,0.94155187349683,0.999311901387977,2010,1,3,"Winter",0.941880969885116,0.999968485039783,0.964089393615723,0.964089393615723,1,16,16,FALSE,TRUE,TRUE,0.941880969885116
145,1633000,"2010-01-04",0.0334861302981153,0.941314320091259,0.999747700140314,2010,1,4,"Winter",0.941880969885116,0.999968485039783,0.964089393615723,0.964089393615723,1,16,16,FALSE,TRUE,TRUE,0.941880969885116
145,1633000,"2010-01-05",0.031517373980023,0.941206813072601,0.999885790520378,2010,1,5,"Winter",0.941880969885116,0.999968485039783,0.964089393615723,0.964089393615723,1,16,16,FALSE,TRUE,TRUE,0.941880969885116
145,1633000,"2010-01-06",0.0296641900204122,0.941201193957803,0.999994029882998,2010,1,6,"Winter",0.941880969885116,0.999968485039783,0.964089393615723,0.964089393615723,1,16,16,FALSE,TRUE,TRUE,0.941880969885116
145,1633000,"2010-01-07",0.0279223684919998,0.941282012850719,1.0000858678181,2010,1,7,"Winter",0.941880969885116,0.999968485039783,0.964089393615723,0.964089393615723,1,16,16,FALSE,TRUE,TRUE,0.941880969885116
145,1633000,"2010-01-08",0.0262878179783002,0.941460893112704,1.00019003896765,2010,1,8,"Winter",0.941880969885116,0.999968485039783,0.964089393615723,0.964089393615723,1,16,16,FALSE,TRUE,TRUE,0.941880969885116
145,1633000,"2010-01-09",0.0247546264436096,0.941676728895636,1.00022925623837,2010,1,9,"Winter",0.941880969885116,0.999968485039783,0.964089393615723,0.964089393615723,1,16,16,FALSE,TRUE,TRUE,0.941880969885116
145,1633000,"2010-01-10",0.023317126207985,0.941930037243777,1.00026899714134,2010,1,10,"Winter",0.941880969885116,0.999968485039783,0.964089393615723,0.964089393615723,1,16,16,FALSE,TRUE,TRUE,0.941880969885116
145,1633000,"2010-01-11",0.0219700448215008,0.942227812532794,1.00031613312799,2010,1,11,"Winter",0.941880969885116,0.999968485039783,0.964089393615723,0.964089393615723,1,16,16,FALSE,TRUE,TRUE,0.941880969885116
145,1633000,"2010-01-12",0.0207081214757636,0.94256163990607,1.00035429581767,2010,1,12,"Winter",0.941880969885116,0.999968485039783,0.964089393615723,0.964089393615723,1,16,16,FALSE,TRUE,TRUE,0.941880969885116
145,1633000,"2010-01-13",0.0195260427426547,0.942917143184986,1.00037716714097,2010,1,13,"Winter",0.941880969885116,0.999968485039783,0.964089393615723,0.964089393615723,1,16,16,FALSE,TRUE,TRUE,0.941880969885116
145,1633000,"2010-01-14",0.0184162299265154,0.943162430259618,1.00026013640372,2010,1,14,"Winter",0.941880969885116,0.999968485039783,0.964089393615723,0.964089393615723,1,16,16,FALSE,TRUE,TRUE,0.941880969885116
146,1633000,"2010-02-17",0.0227972142747603,0.936567873187519,1.00064386146508,2010,2,17,"Winter",0.93461869220305,0.999997915350768,0.308179497718811,4.76837158203125e-07,12,15,4,TRUE,TRUE,TRUE,0.937436017366591
146,1633000,"2010-02-18",0.021364969376009,0.937174565212686,1.00064778222971,2010,2,18,"Winter",0.93461869220305,0.999997915350768,0.308179497718811,4.76837158203125e-07,12,15,4,TRUE,TRUE,TRUE,0.937436017366591
146,1633000,"2010-02-19",0.0200316810514778,0.937594653141495,1.00044824939174,2010,2,19,"Winter",0.93461869220305,0.999997915350768,0.308179497718811,4.76837158203125e-07,12,15,4,TRUE,TRUE,TRUE,0.937436017366591
146,1633000,"2010-02-20",0.0187794207595289,0.937486010847975,0.999884126585879,2010,2,20,"Winter",0.93461869220305,0.999997915350768,0.308179497718811,4.76837158203125e-07,12,15,4,TRUE,TRUE,TRUE,0.937436017366591
147,1633000,"2010-04-09",0.029204890364781,0.928385291484049,1.02444461038188,2010,4,9,"Spring",0.952366412956007,0.358997957549962,0.302215814590454,0.0169098563492298,7,35,29,FALSE,TRUE,TRUE,0.972417037802674
147,1633000,"2010-04-10",0.0267871716059744,0.917215277009834,0.987968341833206,2010,4,10,"Spring",0.952366412956007,0.358997957549962,0.302215814590454,0.0169098563492298,7,35,29,FALSE,TRUE,TRUE,0.972417037802674
147,1633000,"2010-04-11",0.0245149312540889,0.915174308609022,0.997774820751497,2010,4,11,"Spring",0.952366412956007,0.358997957549962,0.302215814590454,0.0169098563492298,7,35,29,FALSE,TRUE,TRUE,0.972417037802674
147,1633000,"2010-04-12",0.0223199091269635,0.910461828166078,0.994850729092137,2010,4,12,"Spring",0.952366412956007,0.358997957549962,0.302215814590454,0.0169098563492298,7,35,29,FALSE,TRUE,TRUE,0.972417037802674
147,1633000,"2010-04-13",0.0203112939489074,0.910007914161731,0.999501446419493,2010,4,13,"Spring",0.952366412956007,0.358997957549962,0.302215814590454,0.0169098563492298,7,35,29,FALSE,TRUE,TRUE,0.972417037802674
147,1633000,"2010-04-14",0.0185117733781226,0.91140295761996,1.00153300145693,2010,4,14,"Spring",0.952366412956007,0.358997957549962,0.302215814590454,0.0169098563492298,7,35,29,FALSE,TRUE,TRUE,0.972417037802674
147,1633000,"2010-04-15",0.0168013906222768,0.90760567769984,0.995833588328442,2010,4,15,"Spring",0.952366412956007,0.358997957549962,0.302215814590454,0.0169098563492298,7,35,29,FALSE,TRUE,TRUE,0.972417037802674
147,1633000,"2010-04-16",0.015146903169807,0.901526755155844,0.993302242710291,2010,4,16,"Spring",0.952366412956007,0.358997957549962,0.302215814590454,0.0169098563492298,7,35,29,FALSE,TRUE,TRUE,0.972417037802674
147,1633000,"2010-04-17",0.0137039266410284,0.90473455117512,1.00355818171888,2010,4,17,"Spring",0.952366412956007,0.358997957549962,0.302215814590454,0.0169098563492298,7,35,29,FALSE,TRUE,TRUE,0.972417037802674
147,1633000,"2010-04-18",0.0124532414483838,0.908735267970557,1.00442197856846,2010,4,18,"Spring",0.952366412956007,0.358997957549962,0.302215814590454,0.0169098563492298,7,35,29,FALSE,TRUE,TRUE,0.972417037802674
147,1633000,"2010-04-19",0.0112864657712635,0.906307471676642,0.997328378924549,2010,4,19,"Spring",0.952366412956007,0.358997957549962,0.302215814590454,0.0169098563492298,7,35,29,FALSE,TRUE,TRUE,0.972417037802674
147,1633000,"2010-04-20",0.0101802206772845,0.901984809381555,0.995230468212857,2010,4,20,"Spring",0.952366412956007,0.358997957549962,0.302215814590454,0.0169098563492298,7,35,29,FALSE,TRUE,TRUE,0.972417037802674
147,1633000,"2010-04-21",0.00926399385207333,0.909999315903279,1.00888541185879,2010,4,21,"Spring",0.952366412956007,0.358997957549962,0.302215814590454,0.0169098563492298,7,35,29,FALSE,TRUE,TRUE,0.972417037802674
147,1633000,"2010-04-22",0.00844051199965179,0.911109412897847,1.00121988772427,2010,4,22,"Spring",0.952366412956007,0.358997957549962,0.302215814590454,0.0169098563492298,7,35,29,FALSE,TRUE,TRUE,0.972417037802674
147,1633000,"2010-04-23",0.0075021137308795,0.888822115434348,0.97553828645825,2010,4,23,"Spring",0.952366412956007,0.358997957549962,0.302215814590454,0.0169098563492298,7,35,29,FALSE,TRUE,TRUE,0.972417037802674
147,1633000,"2010-04-24",0.00675959716318175,0.901025684982424,1.0137300471446,2010,4,24,"Spring",0.952366412956007,0.358997957549962,0.302215814590454,0.0169098563492298,7,35,29,FALSE,TRUE,TRUE,0.972417037802674
147,1633000,"2010-04-25",0.00627181277377531,0.927838245736992,1.02975782067199,2010,4,25,"Spring",0.952366412956007,0.358997957549962,0.302215814590454,0.0169098563492298,7,35,29,FALSE,TRUE,TRUE,0.972417037802674
147,1633000,"2010-04-26",0.0136175918451045,2.17123698303695,2.34010291450349,2010,4,26,"Spring",0.952366412956007,0.358997957549962,0.302215814590454,0.0169098563492298,7,35,29,FALSE,TRUE,TRUE,0.972417037802674
147,1633000,"2010-04-27",0.017455727152992,1.2818512517885,0.59037832433913,2010,4,27,"Spring",0.952366412956007,0.358997957549962,0.302215814590454,0.0169098563492298,7,35,29,FALSE,TRUE,TRUE,0.972417037802674
147,1633000,"2010-04-28",0.0161468691658229,0.925018420848494,0.721626959101427,2010,4,28,"Spring",0.952366412956007,0.358997957549962,0.302215814590454,0.0169098563492298,7,35,29,FALSE,TRUE,TRUE,0.972417037802674
147,1633000,"2010-04-29",0.0149443352711387,0.925525259272584,1.00054792251988,2010,4,29,"Spring",0.952366412956007,0.358997957549962,0.302215814590454,0.0169098563492298,7,35,29,FALSE,TRUE,TRUE,0.972417037802674
147,1633000,"2010-04-30",0.0136855910532177,0.915771147054496,0.98946099836783,2010,4,30,"Spring",0.952366412956007,0.358997957549962,0.302215814590454,0.0169098563492298,7,35,29,FALSE,TRUE,TRUE,0.972417037802674
147,1633000,"2010-05-01",0.0122150978713762,0.892551722748159,0.974644948816065,2010,5,1,"Spring",0.952366412956007,0.358997957549962,0.302215814590454,0.0169098563492298,7,35,29,FALSE,TRUE,TRUE,0.972417037802674
147,1633000,"2010-05-02",0.0107108897936996,0.876856649572868,0.982415502905573,2010,5,2,"Spring",0.952366412956007,0.358997957549962,0.302215814590454,0.0169098563492298,7,35,29,FALSE,TRUE,TRUE,0.972417037802674
147,1633000,"2010-05-03",0.0120180431695189,1.12203966253002,1.27961584493495,2010,5,3,"Spring",0.952366412956007,0.358997957549962,0.302215814590454,0.0169098563492298,7,35,29,FALSE,TRUE,TRUE,0.972417037802674
147,1633000,"2010-05-04",0.0120294906082563,1.00095252101993,0.89208301136427,2010,5,4,"Spring",0.952366412956007,0.358997957549962,0.302215814590454,0.0169098563492298,7,35,29,FALSE,TRUE,TRUE,0.972417037802674
147,1633000,"2010-05-05",0.0108671736670658,0.903377709078324,0.902518041672766,2010,5,5,"Spring",0.952366412956007,0.358997957549962,0.302215814590454,0.0169098563492298,7,35,29,FALSE,TRUE,TRUE,0.972417037802674
147,1633000,"2010-05-06",0.0097081993590109,0.893350898443144,0.988900754873164,2010,5,6,"Spring",0.952366412956007,0.358997957549962,0.302215814590454,0.0169098563492298,7,35,29,FALSE,TRUE,TRUE,0.972417037802674
147,1633000,"2010-05-07",0.0086561189382337,0.891629705790839,0.998073329690154,2010,5,7,"Spring",0.952366412956007,0.358997957549962,0.302215814590454,0.0169098563492298,7,35,29,FALSE,TRUE,TRUE,0.972417037802674
148,1633000,"2010-10-06",0.0111976785992738,0.950276478221755,0.997448027552341,2010,10,6,"Fall",0.92497606044699,0.9965301956626,0.34441751241684,0.00158763979561627,4,19,16,FALSE,TRUE,TRUE,0.925791559870443
148,1633000,"2010-10-07",0.0105673154757824,0.943705910300704,0.993085625003213,2010,10,7,"Fall",0.92497606044699,0.9965301956626,0.34441751241684,0.00158763979561627,4,19,16,FALSE,TRUE,TRUE,0.925791559870443
148,1633000,"2010-10-08",0.00984712969511748,0.931847801618548,0.987434529600035,2010,10,8,"Fall",0.92497606044699,0.9965301956626,0.34441751241684,0.00158763979561627,4,19,16,FALSE,TRUE,TRUE,0.925791559870443
148,1633000,"2010-10-09",0.00911541926325299,0.925693023802937,0.993395082539315,2010,10,9,"Fall",0.92497606044699,0.9965301956626,0.34441751241684,0.00158763979561627,4,19,16,FALSE,TRUE,TRUE,0.925791559870443
148,1633000,"2010-10-10",0.00837060407502577,0.91829062748328,0.992003400555785,2010,10,10,"Fall",0.92497606044699,0.9965301956626,0.34441751241684,0.00158763979561627,4,19,16,FALSE,TRUE,TRUE,0.925791559870443
148,1633000,"2010-10-11",0.00761911392328329,0.910222709734344,0.991214200050099,2010,10,11,"Fall",0.92497606044699,0.9965301956626,0.34441751241684,0.00158763979561627,4,19,16,FALSE,TRUE,TRUE,0.925791559870443
148,1633000,"2010-10-12",0.00689564133062959,0.905045048553108,0.994311654580946,2010,10,12,"Fall",0.92497606044699,0.9965301956626,0.34441751241684,0.00158763979561627,4,19,16,FALSE,TRUE,TRUE,0.925791559870443
148,1633000,"2010-10-13",0.00625482897157781,0.907069940513674,1.00223733831128,2010,10,13,"Fall",0.92497606044699,0.9965301956626,0.34441751241684,0.00158763979561627,4,19,16,FALSE,TRUE,TRUE,0.925791559870443
148,1633000,"2010-10-14",0.00597981744795106,0.956032127356894,1.0539784030496,2010,10,14,"Fall",0.92497606044699,0.9965301956626,0.34441751241684,0.00158763979561627,4,19,16,FALSE,TRUE,TRUE,0.925791559870443
148,1633000,"2010-10-15",0.00574021285865456,0.959931119740352,1.00407830686008,2010,10,15,"Fall",0.92497606044699,0.9965301956626,0.34441751241684,0.00158763979561627,4,19,16,FALSE,TRUE,TRUE,0.925791559870443
148,1633000,"2010-10-16",0.0053966728009982,0.940152035104691,0.979395308445662,2010,10,16,"Fall",0.92497606044699,0.9965301956626,0.34441751241684,0.00158763979561627,4,19,16,FALSE,TRUE,TRUE,0.925791559870443
148,1633000,"2010-10-17",0.00495416513876989,0.918003614718599,0.976441660966435,2010,10,17,"Fall",0.92497606044699,0.9965301956626,0.34441751241684,0.00158763979561627,4,19,16,FALSE,TRUE,TRUE,0.925791559870443
148,1633000,"2010-10-18",0.00445333366224077,0.898906987857598,0.979197656136839,2010,10,18,"Fall",0.92497606044699,0.9965301956626,0.34441751241684,0.00158763979561627,4,19,16,FALSE,TRUE,TRUE,0.925791559870443
148,1633000,"2010-10-19",0.00408529289416038,0.917356121055793,1.02052396237587,2010,10,19,"Fall",0.92497606044699,0.9965301956626,0.34441751241684,0.00158763979561627,4,19,16,FALSE,TRUE,TRUE,0.925791559870443
148,1633000,"2010-10-20",0.0038560142274946,0.943877055426426,1.02891018412796,2010,10,20,"Fall",0.92497606044699,0.9965301956626,0.34441751241684,0.00158763979561627,4,19,16,FALSE,TRUE,TRUE,0.925791559870443
148,1633000,"2010-10-21",0.00355483060411643,0.921892502047677,0.976708244731284,2010,10,21,"Fall",0.92497606044699,0.9965301956626,0.34441751241684,0.00158763979561627,4,19,16,FALSE,TRUE,TRUE,0.925791559870443
150,1633000,"2010-12-15",0.016300031915307,0.952674814651949,0.996163161048367,2010,12,15,"Winter",0.962955719982911,0.99983196336665,0.49946117401123,1.75116256286856e-05,12,27,16,FALSE,TRUE,TRUE,0.951688874149807
150,1633000,"2010-12-16",0.0156271610176191,0.958719657655634,1.00634512733067,2010,12,16,"Winter",0.962955719982911,0.99983196336665,0.49946117401123,1.75116256286856e-05,12,27,16,FALSE,TRUE,TRUE,0.951688874149807
150,1633000,"2010-12-17",0.0149537962861359,0.956910616667738,0.998113065719004,2010,12,17,"Winter",0.962955719982911,0.99983196336665,0.49946117401123,1.75116256286856e-05,12,27,16,FALSE,TRUE,TRUE,0.951688874149807
150,1633000,"2010-12-18",0.0142283155000769,0.951485176594811,0.994330254071357,2010,12,18,"Winter",0.962955719982911,0.99983196336665,0.49946117401123,1.75116256286856e-05,12,27,16,FALSE,TRUE,TRUE,0.951688874149807
150,1633000,"2010-12-19",0.0135360808344558,0.951348094184633,0.999855927960255,2010,12,19,"Winter",0.962955719982911,0.99983196336665,0.49946117401123,1.75116256286856e-05,12,27,16,FALSE,TRUE,TRUE,0.951688874149807
150,1633000,"2010-12-20",0.0128759063081816,0.951228532516314,0.999874323952453,2010,12,20,"Winter",0.962955719982911,0.99983196336665,0.49946117401123,1.75116256286856e-05,12,27,16,FALSE,TRUE,TRUE,0.951688874149807
150,1633000,"2010-12-21",0.0122473759111017,0.951185541270947,0.999954804503967,2010,12,21,"Winter",0.962955719982911,0.99983196336665,0.49946117401123,1.75116256286856e-05,12,27,16,FALSE,TRUE,TRUE,0.951688874149807
150,1633000,"2010-12-22",0.011649438936729,0.951178360269753,0.999992450472718,2010,12,22,"Winter",0.962955719982911,0.99983196336665,0.49946117401123,1.75116256286856e-05,12,27,16,FALSE,TRUE,TRUE,0.951688874149807
150,1633000,"2010-12-23",0.0110802231356502,0.95113792139086,0.999957485493172,2010,12,23,"Winter",0.962955719982911,0.99983196336665,0.49946117401123,1.75116256286856e-05,12,27,16,FALSE,TRUE,TRUE,0.951688874149807
150,1633000,"2010-12-24",0.0105385898204986,0.951117111224153,0.999978120768567,2010,12,24,"Winter",0.962955719982911,0.99983196336665,0.49946117401123,1.75116256286856e-05,12,27,16,FALSE,TRUE,TRUE,0.951688874149807
150,1633000,"2010-12-25",0.0100242382613942,0.951193511858301,1.0000803272628,2010,12,25,"Winter",0.962955719982911,0.99983196336665,0.49946117401123,1.75116256286856e-05,12,27,16,FALSE,TRUE,TRUE,0.951688874149807
150,1633000,"2010-12-26",0.00953620084328577,0.951314263948814,1.00012694797537,2010,12,26,"Winter",0.962955719982911,0.99983196336665,0.49946117401123,1.75116256286856e-05,12,27,16,FALSE,TRUE,TRUE,0.951688874149807
150,1633000,"2010-12-27",0.00907327196910046,0.951455628735919,1.00014859946125,2010,12,27,"Winter",0.962955719982911,0.99983196336665,0.49946117401123,1.75116256286856e-05,12,27,16,FALSE,TRUE,TRUE,0.951688874149807
150,1633000,"2010-12-28",0.00863409400335513,0.951596516974144,1.00014807651978,2010,12,28,"Winter",0.962955719982911,0.99983196336665,0.49946117401123,1.75116256286856e-05,12,27,16,FALSE,TRUE,TRUE,0.951688874149807
150,1633000,"2010-12-29",0.00821656393236481,0.951641704291374,1.00004748579511,2010,12,29,"Winter",0.962955719982911,0.99983196336665,0.49946117401123,1.75116256286856e-05,12,27,16,FALSE,TRUE,TRUE,0.951688874149807
150,1633000,"2010-12-30",0.0078190024360083,0.951614628739087,0.999971548585812,2010,12,30,"Winter",0.962955719982911,0.99983196336665,0.49946117401123,1.75116256286856e-05,12,27,16,FALSE,TRUE,TRUE,0.951688874149807
153,1633000,"2011-10-17",0.0208894663956016,0.931749880674801,0.994505761361803,2011,10,17,"Fall",0.987642355919972,0.11344527209065,0.880898892879486,0.880898892879486,1,36,36,FALSE,TRUE,TRUE,0.989854743189844
153,1633000,"2011-10-18",0.0193329026224092,0.925485709222318,0.993276981749709,2011,10,18,"Fall",0.987642355919972,0.11344527209065,0.880898892879486,0.880898892879486,1,36,36,FALSE,TRUE,TRUE,0.989854743189844
153,1633000,"2011-10-19",0.0179582451819442,0.928895444863435,1.00368426611793,2011,10,19,"Fall",0.987642355919972,0.11344527209065,0.880898892879486,0.880898892879486,1,36,36,FALSE,TRUE,TRUE,0.989854743189844
153,1633000,"2011-10-20",0.0180698846816085,1.00621661518334,1.08323990686732,2011,10,20,"Fall",0.987642355919972,0.11344527209065,0.880898892879486,0.880898892879486,1,36,36,FALSE,TRUE,TRUE,0.989854743189844
153,1633000,"2011-10-21",0.0169949964038096,0.940514934282181,0.934704237725997,2011,10,21,"Fall",0.987642355919972,0.11344527209065,0.880898892879486,0.880898892879486,1,36,36,FALSE,TRUE,TRUE,0.989854743189844
153,1633000,"2011-10-22",0.0158671849640086,0.933638618508434,0.992688775559959,2011,10,22,"Fall",0.987642355919972,0.11344527209065,0.880898892879486,0.880898892879486,1,36,36,FALSE,TRUE,TRUE,0.989854743189844
153,1633000,"2011-10-23",0.0147251684684306,0.928026521517937,0.993989005082649,2011,10,23,"Fall",0.987642355919972,0.11344527209065,0.880898892879486,0.880898892879486,1,36,36,FALSE,TRUE,TRUE,0.989854743189844
153,1633000,"2011-10-24",0.0136213917285204,0.925041486467429,0.9967834593287,2011,10,24,"Fall",0.987642355919972,0.11344527209065,0.880898892879486,0.880898892879486,1,36,36,FALSE,TRUE,TRUE,0.989854743189844
153,1633000,"2011-10-25",0.012616733496543,0.926244083424029,1.00130004651055,2011,10,25,"Fall",0.987642355919972,0.11344527209065,0.880898892879486,0.880898892879486,1,36,36,FALSE,TRUE,TRUE,0.989854743189844
153,1633000,"2011-10-26",0.0116635699232575,0.924452428709322,0.99806567756084,2011,10,26,"Fall",0.987642355919972,0.11344527209065,0.880898892879486,0.880898892879486,1,36,36,FALSE,TRUE,TRUE,0.989854743189844
153,1633000,"2011-10-27",0.0107512297690846,0.921778652661599,0.997107719159269,2011,10,27,"Fall",0.987642355919972,0.11344527209065,0.880898892879486,0.880898892879486,1,36,36,FALSE,TRUE,TRUE,0.989854743189844
153,1633000,"2011-10-28",0.00994640067801811,0.925140741259126,1.00364739255766,2011,10,28,"Fall",0.987642355919972,0.11344527209065,0.880898892879486,0.880898892879486,1,36,36,FALSE,TRUE,TRUE,0.989854743189844
153,1633000,"2011-10-29",0.0184225716511719,1.85218474979461,2.00205727322501,2011,10,29,"Fall",0.987642355919972,0.11344527209065,0.880898892879486,0.880898892879486,1,36,36,FALSE,TRUE,TRUE,0.989854743189844
153,1633000,"2011-10-30",0.023259834619239,1.26257262339155,0.681666676896872,2011,10,30,"Fall",0.987642355919972,0.11344527209065,0.880898892879486,0.880898892879486,1,36,36,FALSE,TRUE,TRUE,0.989854743189844
153,1633000,"2011-10-31",0.0217299421783537,0.934225996619087,0.739938423589089,2011,10,31,"Fall",0.987642355919972,0.11344527209065,0.880898892879486,0.880898892879486,1,36,36,FALSE,TRUE,TRUE,0.989854743189844
153,1633000,"2011-11-01",0.020296513044741,0.934034378837852,0.999794891405368,2011,11,1,"Fall",0.987642355919972,0.11344527209065,0.880898892879486,0.880898892879486,1,36,36,FALSE,TRUE,TRUE,0.989854743189844
153,1633000,"2011-11-02",0.0188945336849429,0.930925112273835,0.996671143338551,2011,11,2,"Fall",0.987642355919972,0.11344527209065,0.880898892879486,0.880898892879486,1,36,36,FALSE,TRUE,TRUE,0.989854743189844
153,1633000,"2011-11-03",0.0175278584938496,0.927668223313585,0.99650144902387,2011,11,3,"Fall",0.987642355919972,0.11344527209065,0.880898892879486,0.880898892879486,1,36,36,FALSE,TRUE,TRUE,0.989854743189844
153,1633000,"2011-11-04",0.0162503841565922,0.927117489127054,0.99940632418715,2011,11,4,"Fall",0.987642355919972,0.11344527209065,0.880898892879486,0.880898892879486,1,36,36,FALSE,TRUE,TRUE,0.989854743189844
153,1633000,"2011-11-05",0.0150855670799501,0.928320643658782,1.00129773685195,2011,11,5,"Fall",0.987642355919972,0.11344527209065,0.880898892879486,0.880898892879486,1,36,36,FALSE,TRUE,TRUE,0.989854743189844
153,1633000,"2011-11-06",0.0140152695821598,0.929051556887588,1.00078734996771,2011,11,6,"Fall",0.987642355919972,0.11344527209065,0.880898892879486,0.880898892879486,1,36,36,FALSE,TRUE,TRUE,0.989854743189844
153,1633000,"2011-11-07",0.0129866452771239,0.926606884084109,0.997368636018792,2011,11,7,"Fall",0.987642355919972,0.11344527209065,0.880898892879486,0.880898892879486,1,36,36,FALSE,TRUE,TRUE,0.989854743189844
153,1633000,"2011-11-08",0.0119965000485536,0.92375665867193,0.996924018738544,2011,11,8,"Fall",0.987642355919972,0.11344527209065,0.880898892879486,0.880898892879486,1,36,36,FALSE,TRUE,TRUE,0.989854743189844
153,1633000,"2011-11-09",0.011067556013586,0.92256541231127,0.998710432721132,2011,11,9,"Fall",0.987642355919972,0.11344527209065,0.880898892879486,0.880898892879486,1,36,36,FALSE,TRUE,TRUE,0.989854743189844
153,1633000,"2011-11-10",0.0102321316080634,0.924515908977816,1.00211420961649,2011,11,10,"Fall",0.987642355919972,0.11344527209065,0.880898892879486,0.880898892879486,1,36,36,FALSE,TRUE,TRUE,0.989854743189844
153,1633000,"2011-11-11",0.00948619280825369,0.927098396660396,1.00279334044715,2011,11,11,"Fall",0.987642355919972,0.11344527209065,0.880898892879486,0.880898892879486,1,36,36,FALSE,TRUE,TRUE,0.989854743189844
153,1633000,"2011-11-12",0.00879708727006801,0.927356996414187,1.00027893452812,2011,11,12,"Fall",0.987642355919972,0.11344527209065,0.880898892879486,0.880898892879486,1,36,36,FALSE,TRUE,TRUE,0.989854743189844
153,1633000,"2011-11-13",0.0081205117458012,0.923090961417554,0.995399792083169,2011,11,13,"Fall",0.987642355919972,0.11344527209065,0.880898892879486,0.880898892879486,1,36,36,FALSE,TRUE,TRUE,0.989854743189844
153,1633000,"2011-11-14",0.00744795074569993,0.917177510339909,0.993593858758443,2011,11,14,"Fall",0.987642355919972,0.11344527209065,0.880898892879486,0.880898892879486,1,36,36,FALSE,TRUE,TRUE,0.989854743189844
153,1633000,"2011-11-15",0.00688765180530027,0.924771395578421,1.00827962433978,2011,11,15,"Fall",0.987642355919972,0.11344527209065,0.880898892879486,0.880898892879486,1,36,36,FALSE,TRUE,TRUE,0.989854743189844
153,1633000,"2011-11-16",0.0127513314655516,1.85133218490213,2.00193495792997,2011,11,16,"Fall",0.987642355919972,0.11344527209065,0.880898892879486,0.880898892879486,1,36,36,FALSE,TRUE,TRUE,0.989854743189844
153,1633000,"2011-11-17",0.0199803283321671,1.56692094360067,0.846374819375546,2011,11,17,"Fall",0.987642355919972,0.11344527209065,0.880898892879486,0.880898892879486,1,36,36,FALSE,TRUE,TRUE,0.989854743189844
153,1633000,"2011-11-18",0.0188131518079899,0.941583716504893,0.600913351978818,2011,11,18,"Fall",0.987642355919972,0.11344527209065,0.880898892879486,0.880898892879486,1,36,36,FALSE,TRUE,TRUE,0.989854743189844
153,1633000,"2011-11-19",0.0175854967092164,0.934744847046195,0.992736843958938,2011,11,19,"Fall",0.987642355919972,0.11344527209065,0.880898892879486,0.880898892879486,1,36,36,FALSE,TRUE,TRUE,0.989854743189844
153,1633000,"2011-11-20",0.0164438498904929,0.935080206285831,1.00035877088886,2011,11,20,"Fall",0.987642355919972,0.11344527209065,0.880898892879486,0.880898892879486,1,36,36,FALSE,TRUE,TRUE,0.989854743189844
153,1633000,"2011-11-21",0.0153816892416216,0.935406814344291,1.00034928346923,2011,11,21,"Fall",0.987642355919972,0.11344527209065,0.880898892879486,0.880898892879486,1,36,36,FALSE,TRUE,TRUE,0.989854743189844
154,1633000,"2011-12-11",0.0399910670239478,0.955658596097057,0.996340020455349,2011,12,11,"Winter",0.982133893674794,0.419852284483496,0.338738322257996,0.0886190757155418,2,30,29,FALSE,TRUE,TRUE,0.98654522831058
154,1633000,"2011-12-12",0.0381143285194412,0.953071057009238,0.997292402225662,2011,12,12,"Winter",0.982133893674794,0.419852284483496,0.338738322257996,0.0886190757155418,2,30,29,FALSE,TRUE,TRUE,0.98654522831058
154,1633000,"2011-12-13",0.0362518915208057,0.951135515933711,0.997969153442136,2011,12,13,"Winter",0.982133893674794,0.419852284483496,0.338738322257996,0.0886190757155418,2,30,29,FALSE,TRUE,TRUE,0.98654522831058
154,1633000,"2011-12-14",0.0344275415409356,0.949675729918175,0.998465217636098,2011,12,14,"Winter",0.982133893674794,0.419852284483496,0.338738322257996,0.0886190757155418,2,30,29,FALSE,TRUE,TRUE,0.98654522831058
154,1633000,"2011-12-15",0.0326316551072523,0.947835763075097,0.998062531467202,2011,12,15,"Winter",0.982133893674794,0.419852284483496,0.338738322257996,0.0886190757155418,2,30,29,FALSE,TRUE,TRUE,0.98654522831058
154,1633000,"2011-12-16",0.0308248364599422,0.944629880360909,0.996617681206935,2011,12,16,"Winter",0.982133893674794,0.419852284483496,0.338738322257996,0.0886190757155418,2,30,29,FALSE,TRUE,TRUE,0.98654522831058
154,1633000,"2011-12-17",0.0290661804610863,0.942946785747224,0.998218249656637,2011,12,17,"Winter",0.982133893674794,0.419852284483496,0.338738322257996,0.0886190757155418,2,30,29,FALSE,TRUE,TRUE,0.98654522831058
154,1633000,"2011-12-18",0.0274042778182775,0.942823493956016,0.999869248410332,2011,12,18,"Winter",0.982133893674794,0.419852284483496,0.338738322257996,0.0886190757155418,2,30,29,FALSE,TRUE,TRUE,0.98654522831058
154,1633000,"2011-12-19",0.025808428414166,0.941766412722354,0.998878813223855,2011,12,19,"Winter",0.982133893674794,0.419852284483496,0.338738322257996,0.0886190757155418,2,30,29,FALSE,TRUE,TRUE,0.98654522831058
154,1633000,"2011-12-20",0.0242534806020558,0.939750387464249,0.997859314973575,2011,12,20,"Winter",0.982133893674794,0.419852284483496,0.338738322257996,0.0886190757155418,2,30,29,FALSE,TRUE,TRUE,0.98654522831058
154,1633000,"2011-12-21",0.0232539389980957,0.958787704727403,1.02025784454798,2011,12,21,"Winter",0.982133893674794,0.419852284483496,0.338738322257996,0.0886190757155418,2,30,29,FALSE,TRUE,TRUE,0.98654522831058
154,1633000,"2011-12-22",0.0232510173809715,0.999874360334201,1.0428527143227,2011,12,22,"Winter",0.982133893674794,0.419852284483496,0.338738322257996,0.0886190757155418,2,30,29,FALSE,TRUE,TRUE,0.98654522831058
154,1633000,"2011-12-23",0.0315759090008214,1.3580441872046,1.35821483286228,2011,12,23,"Winter",0.982133893674794,0.419852284483496,0.338738322257996,0.0886190757155418,2,30,29,FALSE,TRUE,TRUE,0.98654522831058
154,1633000,"2011-12-24",0.0309952512616292,0.981610735602983,0.722812074048586,2011,12,24,"Winter",0.982133893674794,0.419852284483496,0.338738322257996,0.0886190757155418,2,30,29,FALSE,TRUE,TRUE,0.98654522831058
154,1633000,"2011-12-25",0.0297925957711414,0.961198717818537,0.979205588280463,2011,12,25,"Winter",0.982133893674794,0.419852284483496,0.338738322257996,0.0886190757155418,2,30,29,FALSE,TRUE,TRUE,0.98654522831058
154,1633000,"2011-12-26",0.0285565488738939,0.958511607825567,0.997204417834568,2011,12,26,"Winter",0.982133893674794,0.419852284483496,0.338738322257996,0.0886190757155418,2,30,29,FALSE,TRUE,TRUE,0.98654522831058
154,1633000,"2011-12-27",0.0306098588043824,1.07190329404144,1.1182997527522,2011,12,27,"Winter",0.982133893674794,0.419852284483496,0.338738322257996,0.0886190757155418,2,30,29,FALSE,TRUE,TRUE,0.98654522831058
154,1633000,"2011-12-28",0.0343624675879255,1.12259477600092,1.04729109635287,2011,12,28,"Winter",0.982133893674794,0.419852284483496,0.338738322257996,0.0886190757155418,2,30,29,FALSE,TRUE,TRUE,0.98654522831058
154,1633000,"2011-12-29",0.0327459127875045,0.952955799920812,0.848886722344795,2011,12,29,"Winter",0.982133893674794,0.419852284483496,0.338738322257996,0.0886190757155418,2,30,29,FALSE,TRUE,TRUE,0.98654522831058
154,1633000,"2011-12-30",0.0311570632038638,0.951479453513754,0.998450771371369,2011,12,30,"Winter",0.982133893674794,0.419852284483496,0.338738322257996,0.0886190757155418,2,30,29,FALSE,TRUE,TRUE,0.98654522831058
154,1633000,"2011-12-31",0.0301898043835536,0.968955391784476,1.01836712101999,2011,12,31,"Winter",0.982133893674794,0.419852284483496,0.338738322257996,0.0886190757155418,2,30,29,FALSE,TRUE,TRUE,0.98654522831058
154,1633000,"2012-01-01",0.0290299759944901,0.961582116454675,0.992390490426786,2012,1,1,"Winter",0.982133893674794,0.419852284483496,0.338738322257996,0.0886190757155418,2,30,29,FALSE,TRUE,TRUE,0.98654522831058
154,1633000,"2012-01-02",0.0275220107287169,0.948054891052634,0.98593232427001,2012,1,2,"Winter",0.982133893674794,0.419852284483496,0.338738322257996,0.0886190757155418,2,30,29,FALSE,TRUE,TRUE,0.98654522831058
154,1633000,"2012-01-03",0.0260803323471919,0.947617258210691,0.999538388709269,2012,1,3,"Winter",0.982133893674794,0.419852284483496,0.338738322257996,0.0886190757155418,2,30,29,FALSE,TRUE,TRUE,0.98654522831058
154,1633000,"2012-01-04",0.0247062386479229,0.947313029566629,0.999678954090984,2012,1,4,"Winter",0.982133893674794,0.419852284483496,0.338738322257996,0.0886190757155418,2,30,29,FALSE,TRUE,TRUE,0.98654522831058
154,1633000,"2012-01-05",0.0233996587339789,0.947115385204381,0.999791363196663,2012,1,5,"Winter",0.982133893674794,0.419852284483496,0.338738322257996,0.0886190757155418,2,30,29,FALSE,TRUE,TRUE,0.98654522831058
154,1633000,"2012-01-06",0.0221596455085091,0.947007208969715,0.999885783468037,2012,1,6,"Winter",0.982133893674794,0.419852284483496,0.338738322257996,0.0886190757155418,2,30,29,FALSE,TRUE,TRUE,0.98654522831058
154,1633000,"2012-01-07",0.0209700129926205,0.946315363418975,0.999269440037851,2012,1,7,"Winter",0.982133893674794,0.419852284483496,0.338738322257996,0.0886190757155418,2,30,29,FALSE,TRUE,TRUE,0.98654522831058
154,1633000,"2012-01-08",0.0197918681660667,0.943817639647226,0.997360579920498,2012,1,8,"Winter",0.982133893674794,0.419852284483496,0.338738322257996,0.0886190757155418,2,30,29,FALSE,TRUE,TRUE,0.98654522831058
155,1633000,"2012-02-13",0.0203186254366301,0.946714899447243,0.962734086989839,2012,2,13,"Winter",0.971253722610748,0.75347975470983,0.322299659252167,0.0102660050615668,6,20,15,FALSE,TRUE,TRUE,0.96508156334578
155,1633000,"2012-02-14",0.0191200273111463,0.941009881341529,0.993973879455108,2012,2,14,"Winter",0.971253722610748,0.75347975470983,0.322299659252167,0.0102660050615668,6,20,15,FALSE,TRUE,TRUE,0.96508156334578
155,1633000,"2012-02-15",0.0179978719679639,0.94130995082166,1.00031888026479,2012,2,15,"Winter",0.971253722610748,0.75347975470983,0.322299659252167,0.0102660050615668,6,20,15,FALSE,TRUE,TRUE,0.96508156334578
155,1633000,"2012-02-16",0.0201438828371465,1.1192369227319,1.18902060023367,2012,2,16,"Winter",0.971253722610748,0.75347975470983,0.322299659252167,0.0102660050615668,6,20,15,FALSE,TRUE,TRUE,0.96508156334578
155,1633000,"2012-02-17",0.0224010959500447,1.11205451953561,0.993582767821179,2012,2,17,"Winter",0.971253722610748,0.75347975470983,0.322299659252167,0.0102660050615668,6,20,15,FALSE,TRUE,TRUE,0.96508156334578
155,1633000,"2012-02-18",0.0211089074146003,0.942315834085704,0.847364780711658,2012,2,18,"Winter",0.971253722610748,0.75347975470983,0.322299659252167,0.0102660050615668,6,20,15,FALSE,TRUE,TRUE,0.96508156334578
155,1633000,"2012-02-19",0.019899670383893,0.942714371380922,1.00042293388353,2012,2,19,"Winter",0.971253722610748,0.75347975470983,0.322299659252167,0.0102660050615668,6,20,15,FALSE,TRUE,TRUE,0.96508156334578
155,1633000,"2012-02-20",0.0187678846996278,0.943125405474993,1.00043601127399,2012,2,20,"Winter",0.971253722610748,0.75347975470983,0.322299659252167,0.0102660050615668,6,20,15,FALSE,TRUE,TRUE,0.96508156334578
155,1633000,"2012-02-21",0.0177083879243583,0.943547352713089,1.00044739250544,2012,2,21,"Winter",0.971253722610748,0.75347975470983,0.322299659252167,0.0102660050615668,6,20,15,FALSE,TRUE,TRUE,0.96508156334578
155,1633000,"2012-02-22",0.0167043609544635,0.943302181193258,0.999740159813786,2012,2,22,"Winter",0.971253722610748,0.75347975470983,0.322299659252167,0.0102660050615668,6,20,15,FALSE,TRUE,TRUE,0.96508156334578
155,1633000,"2012-02-23",0.0157089924905449,0.94041265830929,0.996936800378949,2012,2,23,"Winter",0.971253722610748,0.75347975470983,0.322299659252167,0.0102660050615668,6,20,15,FALSE,TRUE,TRUE,0.96508156334578
155,1633000,"2012-02-24",0.0147543688071892,0.939230750544293,0.998743203045436,2012,2,24,"Winter",0.971253722610748,0.75347975470983,0.322299659252167,0.0102660050615668,6,20,15,FALSE,TRUE,TRUE,0.96508156334578
155,1633000,"2012-02-25",0.01389379077591,0.941673002584846,1.00260026839958,2012,2,25,"Winter",0.971253722610748,0.75347975470983,0.322299659252167,0.0102660050615668,6,20,15,FALSE,TRUE,TRUE,0.96508156334578
155,1633000,"2012-02-26",0.013091119879391,0.942228085231375,1.00058946433104,2012,2,26,"Winter",0.971253722610748,0.75347975470983,0.322299659252167,0.0102660050615668,6,20,15,FALSE,TRUE,TRUE,0.96508156334578
155,1633000,"2012-02-27",0.0123409880325198,0.942699184349222,1.00049998416013,2012,2,27,"Winter",0.971253722610748,0.75347975470983,0.322299659252167,0.0102660050615668,6,20,15,FALSE,TRUE,TRUE,0.96508156334578
156,1633000,"2012-03-12",0.028186452225782,0.941409298771371,0.99396939152907,2012,3,12,"Spring",0.938550550126014,0.995329630745302,0.371093332767487,7.52915684643085e-06,8,17,10,FALSE,TRUE,TRUE,0.931947917622096
156,1633000,"2012-03-13",0.0263633754802868,0.935320815443825,0.993532586372906,2012,3,13,"Spring",0.938550550126014,0.995329630745302,0.371093332767487,7.52915684643085e-06,8,17,10,FALSE,TRUE,TRUE,0.931947917622096
156,1633000,"2012-03-14",0.0245088227093219,0.929654198782262,0.993941526192941,2012,3,14,"Spring",0.938550550126014,0.995329630745302,0.371093332767487,7.52915684643085e-06,8,17,10,FALSE,TRUE,TRUE,0.931947917622096
156,1633000,"2012-03-15",0.0226940815337002,0.925955595780964,0.996021528213241,2012,3,15,"Spring",0.938550550126014,0.995329630745302,0.371093332767487,7.52915684643085e-06,8,17,10,FALSE,TRUE,TRUE,0.931947917622096
156,1633000,"2012-03-16",0.02099261659896,0.925026049976353,0.998996122698705,2012,3,16,"Spring",0.938550550126014,0.995329630745302,0.371093332767487,7.52915684643085e-06,8,17,10,FALSE,TRUE,TRUE,0.931947917622096
156,1633000,"2012-03-17",0.0193617775221355,0.922313682568505,0.997067793487635,2012,3,17,"Spring",0.938550550126014,0.995329630745302,0.371093332767487,7.52915684643085e-06,8,17,10,FALSE,TRUE,TRUE,0.931947917622096
156,1633000,"2012-03-18",0.0178263250272721,0.920696718412966,0.998246839241248,2012,3,18,"Spring",0.938550550126014,0.995329630745302,0.371093332767487,7.52915684643085e-06,8,17,10,FALSE,TRUE,TRUE,0.931947917622096
156,1633000,"2012-03-19",0.0171297229244374,0.960922842943287,1.04369096112307,2012,3,19,"Spring",0.938550550126014,0.995329630745302,0.371093332767487,7.52915684643085e-06,8,17,10,FALSE,TRUE,TRUE,0.931947917622096
156,1633000,"2012-03-20",0.0162594650755636,0.949196034710391,0.987796306104061,2012,3,20,"Spring",0.938550550126014,0.995329630745302,0.371093332767487,7.52915684643085e-06,8,17,10,FALSE,TRUE,TRUE,0.931947917622096
156,1633000,"2012-03-21",0.015045972308144,0.925366993207948,0.974895553045886,2012,3,21,"Spring",0.938550550126014,0.995329630745302,0.371093332767487,7.52915684643085e-06,8,17,10,FALSE,TRUE,TRUE,0.931947917622096
157,1633000,"2012-04-01",0.0142990201711655,0.927322264428285,0.995015692318761,2012,4,1,"Spring",0.934276750101167,0.383655061963646,0.319007992744446,0.0298547651618719,5,25,21,FALSE,TRUE,TRUE,0.954878407982731
157,1633000,"2012-04-02",0.0132913558045402,0.929529131747276,1.00237982781569,2012,4,2,"Spring",0.934276750101167,0.383655061963646,0.319007992744446,0.0298547651618719,5,25,21,FALSE,TRUE,TRUE,0.954878407982731
157,1633000,"2012-04-03",0.0124103915295564,0.933719005951001,1.00450752328316,2012,4,3,"Spring",0.934276750101167,0.383655061963646,0.319007992744446,0.0298547651618719,5,25,21,FALSE,TRUE,TRUE,0.954878407982731
157,1633000,"2012-04-04",0.0114718380500562,0.924373580215832,0.989991179706521,2012,4,4,"Spring",0.934276750101167,0.383655061963646,0.319007992744446,0.0298547651618719,5,25,21,FALSE,TRUE,TRUE,0.954878407982731
157,1633000,"2012-04-05",0.0105294520326424,0.917852220951708,0.992945104226582,2012,4,5,"Spring",0.934276750101167,0.383655061963646,0.319007992744446,0.0298547651618719,5,25,21,FALSE,TRUE,TRUE,0.954878407982731
157,1633000,"2012-04-06",0.00969674708903767,0.920916592713155,1.0033386330517,2012,4,6,"Spring",0.934276750101167,0.383655061963646,0.319007992744446,0.0298547651618719,5,25,21,FALSE,TRUE,TRUE,0.954878407982731
157,1633000,"2012-04-07",0.00891749738366343,0.919638029308283,0.99861164038634,2012,4,7,"Spring",0.934276750101167,0.383655061963646,0.319007992744446,0.0298547651618719,5,25,21,FALSE,TRUE,TRUE,0.954878407982731
157,1633000,"2012-04-08",0.00817085689050146,0.916272418029548,0.996340286970009,2012,4,8,"Spring",0.934276750101167,0.383655061963646,0.319007992744446,0.0298547651618719,5,25,21,FALSE,TRUE,TRUE,0.954878407982731
157,1633000,"2012-04-09",0.00745357881532982,0.912215073059784,0.995571901008993,2012,4,9,"Spring",0.934276750101167,0.383655061963646,0.319007992744446,0.0298547651618719,5,25,21,FALSE,TRUE,TRUE,0.954878407982731
157,1633000,"2012-04-10",0.00686834071530029,0.921482268514305,1.01015900277052,2012,4,10,"Spring",0.934276750101167,0.383655061963646,0.319007992744446,0.0298547651618719,5,25,21,FALSE,TRUE,TRUE,0.954878407982731
157,1633000,"2012-04-11",0.00639149502967484,0.930573379307873,1.00986574685612,2012,4,11,"Spring",0.934276750101167,0.383655061963646,0.319007992744446,0.0298547651618719,5,25,21,FALSE,TRUE,TRUE,0.954878407982731
157,1633000,"2012-04-12",0.0058489184739301,0.915109602178264,0.983382527940881,2012,4,12,"Spring",0.934276750101167,0.383655061963646,0.319007992744446,0.0298547651618719,5,25,21,FALSE,TRUE,TRUE,0.954878407982731
157,1633000,"2012-04-13",0.00529487172025256,0.905273640563286,0.98925160265878,2012,4,13,"Spring",0.934276750101167,0.383655061963646,0.319007992744446,0.0298547651618719,5,25,21,FALSE,TRUE,TRUE,0.954878407982731
157,1633000,"2012-04-14",0.00471411085163709,0.890316347723006,0.983477600396082,2012,4,14,"Spring",0.934276750101167,0.383655061963646,0.319007992744446,0.0298547651618719,5,25,21,FALSE,TRUE,TRUE,0.954878407982731
157,1633000,"2012-04-15",0.00410389099852182,0.870554623698899,0.977803705306942,2012,4,15,"Spring",0.934276750101167,0.383655061963646,0.319007992744446,0.0298547651618719,5,25,21,FALSE,TRUE,TRUE,0.954878407982731
157,1633000,"2012-04-16",0.00341848008974921,0.832985108761542,0.956844161279935,2012,4,16,"Spring",0.934276750101167,0.383655061963646,0.319007992744446,0.0298547651618719,5,25,21,FALSE,TRUE,TRUE,0.954878407982731
157,1633000,"2012-04-17",0.00278764686663635,0.815463829962181,0.978965675838538,2012,4,17,"Spring",0.934276750101167,0.383655061963646,0.319007992744446,0.0298547651618719,5,25,21,FALSE,TRUE,TRUE,0.954878407982731
157,1633000,"2012-04-18",0.00416882267745677,1.49546297536854,1.83388020464119,2012,4,18,"Spring",0.934276750101167,0.383655061963646,0.319007992744446,0.0298547651618719,5,25,21,FALSE,TRUE,TRUE,0.954878407982731
157,1633000,"2012-04-19",0.0100554405362345,2.41205762735126,1.61291698094822,2012,4,19,"Spring",0.934276750101167,0.383655061963646,0.319007992744446,0.0298547651618719,5,25,21,FALSE,TRUE,TRUE,0.954878407982731
157,1633000,"2012-04-20",0.00941722726565786,0.9365305509712,0.388270388050233,2012,4,20,"Spring",0.934276750101167,0.383655061963646,0.319007992744446,0.0298547651618719,5,25,21,FALSE,TRUE,TRUE,0.954878407982731
157,1633000,"2012-04-21",0.00876368506578728,0.930601419989738,0.993669046914366,2012,4,21,"Spring",0.934276750101167,0.383655061963646,0.319007992744446,0.0298547651618719,5,25,21,FALSE,TRUE,TRUE,0.954878407982731
158,1633000,"2012-05-09",0.0159898351994343,0.933300636151121,1.00068243035982,2012,5,9,"Spring",0.978507599062112,0.311215815820706,0.441000819206238,0.0177570767700672,2,29,28,FALSE,TRUE,TRUE,0.98761851299947
158,1633000,"2012-05-10",0.0149548668414354,0.935273356786348,1.00211370330075,2012,5,10,"Spring",0.978507599062112,0.311215815820706,0.441000819206238,0.0177570767700672,2,29,28,FALSE,TRUE,TRUE,0.98761851299947
158,1633000,"2012-05-11",0.0139825397636741,0.934982565336706,0.99968908400145,2012,5,11,"Spring",0.978507599062112,0.311215815820706,0.441000819206238,0.0177570767700672,2,29,28,FALSE,TRUE,TRUE,0.98761851299947
158,1633000,"2012-05-12",0.0129460417665541,0.925871979294292,0.990255876012904,2012,5,12,"Spring",0.978507599062112,0.311215815820706,0.441000819206238,0.0177570767700672,2,29,28,FALSE,TRUE,TRUE,0.98761851299947
158,1633000,"2012-05-13",0.0118157120305113,0.912689163496834,0.985761729383466,2012,5,13,"Spring",0.978507599062112,0.311215815820706,0.441000819206238,0.0177570767700672,2,29,28,FALSE,TRUE,TRUE,0.98761851299947
158,1633000,"2012-05-14",0.0126731760974508,1.07256981760602,1.17517536145233,2012,5,14,"Spring",0.978507599062112,0.311215815820706,0.441000819206238,0.0177570767700672,2,29,28,FALSE,TRUE,TRUE,0.98761851299947
158,1633000,"2012-05-15",0.0203368677175604,1.60471751999494,1.49614271598345,2012,5,15,"Spring",0.978507599062112,0.311215815820706,0.441000819206238,0.0177570767700672,2,29,28,FALSE,TRUE,TRUE,0.98761851299947
158,1633000,"2012-05-16",0.0193721305113286,0.952562153639876,0.593601142737495,2012,5,16,"Spring",0.978507599062112,0.311215815820706,0.441000819206238,0.0177570767700672,2,29,28,FALSE,TRUE,TRUE,0.98761851299947
158,1633000,"2012-05-17",0.0180388457956724,0.931175111850681,0.977547877891777,2012,5,17,"Spring",0.978507599062112,0.311215815820706,0.441000819206238,0.0177570767700672,2,29,28,FALSE,TRUE,TRUE,0.98761851299947
158,1633000,"2012-05-18",0.0166332395747304,0.922078926952233,0.99023149912118,2012,5,18,"Spring",0.978507599062112,0.311215815820706,0.441000819206238,0.0177570767700672,2,29,28,FALSE,TRUE,TRUE,0.98761851299947
158,1633000,"2012-05-19",0.0152284541982226,0.915543489276618,0.992912279540737,2012,5,19,"Spring",0.978507599062112,0.311215815820706,0.441000819206238,0.0177570767700672,2,29,28,FALSE,TRUE,TRUE,0.98761851299947
158,1633000,"2012-05-20",0.0138610946014524,0.910210217073126,0.994174747277482,2012,5,20,"Spring",0.978507599062112,0.311215815820706,0.441000819206238,0.0177570767700672,2,29,28,FALSE,TRUE,TRUE,0.98761851299947
158,1633000,"2012-05-21",0.0126855964190327,0.915194418895567,1.00547587988901,2012,5,21,"Spring",0.978507599062112,0.311215815820706,0.441000819206238,0.0177570767700672,2,29,28,FALSE,TRUE,TRUE,0.98761851299947
158,1633000,"2012-05-22",0.0116771477914881,0.920504437140097,1.00580206580689,2012,5,22,"Spring",0.978507599062112,0.311215815820706,0.441000819206238,0.0177570767700672,2,29,28,FALSE,TRUE,TRUE,0.98761851299947
158,1633000,"2012-05-23",0.0115792875003535,0.991619503933495,1.07725662574136,2012,5,23,"Spring",0.978507599062112,0.311215815820706,0.441000819206238,0.0177570767700672,2,29,28,FALSE,TRUE,TRUE,0.98761851299947
158,1633000,"2012-05-24",0.0158949807519093,1.37270801432506,1.38430921223301,2012,5,24,"Spring",0.978507599062112,0.311215815820706,0.441000819206238,0.0177570767700672,2,29,28,FALSE,TRUE,TRUE,0.98761851299947
158,1633000,"2012-05-25",0.0148763895267621,0.935917429467482,0.681803719145368,2012,5,25,"Spring",0.978507599062112,0.311215815820706,0.441000819206238,0.0177570767700672,2,29,28,FALSE,TRUE,TRUE,0.98761851299947
158,1633000,"2012-05-26",0.0136480475775898,0.917430103119942,0.98024684040978,2012,5,26,"Spring",0.978507599062112,0.311215815820706,0.441000819206238,0.0177570767700672,2,29,28,FALSE,TRUE,TRUE,0.98761851299947
158,1633000,"2012-05-27",0.0120995935576502,0.886543916912914,0.966334017052642,2012,5,27,"Spring",0.978507599062112,0.311215815820706,0.441000819206238,0.0177570767700672,2,29,28,FALSE,TRUE,TRUE,0.98761851299947
158,1633000,"2012-05-28",0.0105953196471091,0.875675666015246,0.987740877027826,2012,5,28,"Spring",0.978507599062112,0.311215815820706,0.441000819206238,0.0177570767700672,2,29,28,FALSE,TRUE,TRUE,0.98761851299947
158,1633000,"2012-05-29",0.00972360791638493,0.917726717101731,1.04802126257298,2012,5,29,"Spring",0.978507599062112,0.311215815820706,0.441000819206238,0.0177570767700672,2,29,28,FALSE,TRUE,TRUE,0.98761851299947
158,1633000,"2012-05-30",0.0133321222965606,1.37110858553799,1.4940270997755,2012,5,30,"Spring",0.978507599062112,0.311215815820706,0.441000819206238,0.0177570767700672,2,29,28,FALSE,TRUE,TRUE,0.98761851299947
158,1633000,"2012-05-31",0.0124903241521679,0.936859404251802,0.683286075321453,2012,5,31,"Spring",0.978507599062112,0.311215815820706,0.441000819206238,0.0177570767700672,2,29,28,FALSE,TRUE,TRUE,0.98761851299947
158,1633000,"2012-06-01",0.0116053190722596,0.929144746835518,0.991765405373238,2012,6,1,"Summer",0.978507599062112,0.311215815820706,0.441000819206238,0.0177570767700672,2,29,28,FALSE,TRUE,TRUE,0.98761851299947
158,1633000,"2012-06-02",0.013255448138807,1.14218730706782,1.22928888201529,2012,6,2,"Summer",0.978507599062112,0.311215815820706,0.441000819206238,0.0177570767700672,2,29,28,FALSE,TRUE,TRUE,0.98761851299947
158,1633000,"2012-06-03",0.012402580876369,0.935659115142168,0.819181853407353,2012,6,3,"Summer",0.978507599062112,0.311215815820706,0.441000819206238,0.0177570767700672,2,29,28,FALSE,TRUE,TRUE,0.98761851299947
158,1633000,"2012-06-04",0.0113895781396423,0.91832323071911,0.981472008189196,2012,6,4,"Summer",0.978507599062112,0.311215815820706,0.441000819206238,0.0177570767700672,2,29,28,FALSE,TRUE,TRUE,0.98761851299947
158,1633000,"2012-06-05",0.0102112666645553,0.896544765693669,0.976284532181129,2012,6,5,"Summer",0.978507599062112,0.311215815820706,0.441000819206238,0.0177570767700672,2,29,28,FALSE,TRUE,TRUE,0.98761851299947
159,1633000,"2012-07-27",0.0185135300271213,0.905117279326143,0.978036437201399,2012,7,27,"Summer",0.973818358427917,0.304259086667947,0.879572868347168,0.879572868347168,1,18,18,FALSE,TRUE,TRUE,0.985042678315887
159,1633000,"2012-07-28",0.0166916486341506,0.901591895748584,0.996105053280847,2012,7,28,"Summer",0.973818358427917,0.304259086667947,0.879572868347168,0.879572868347168,1,18,18,FALSE,TRUE,TRUE,0.985042678315887
159,1633000,"2012-07-29",0.0149503971915692,0.895681278659385,0.993444243324425,2012,7,29,"Summer",0.973818358427917,0.304259086667947,0.879572868347168,0.879572868347168,1,18,18,FALSE,TRUE,TRUE,0.985042678315887
159,1633000,"2012-07-30",0.013285868044477,0.888663215715037,0.992164553271838,2012,7,30,"Summer",0.973818358427917,0.304259086667947,0.879572868347168,0.879572868347168,1,18,18,FALSE,TRUE,TRUE,0.985042678315887
159,1633000,"2012-07-31",0.0118816594476812,0.89430810300878,1.00635211089412,2012,7,31,"Summer",0.973818358427917,0.304259086667947,0.879572868347168,0.879572868347168,1,18,18,FALSE,TRUE,TRUE,0.985042678315887
159,1633000,"2012-08-01",0.0151566530112177,1.27563435713314,1.42639248469453,2012,8,1,"Summer",0.973818358427917,0.304259086667947,0.879572868347168,0.879572868347168,1,18,18,FALSE,TRUE,TRUE,0.985042678315887
159,1633000,"2012-08-02",0.0141998682520352,0.93687361197262,0.734437424590967,2012,8,2,"Summer",0.973818358427917,0.304259086667947,0.879572868347168,0.879572868347168,1,18,18,FALSE,TRUE,TRUE,0.985042678315887
159,1633000,"2012-08-03",0.0130280805169605,0.917478971334343,0.979298551703851,2012,8,3,"Summer",0.973818358427917,0.304259086667947,0.879572868347168,0.879572868347168,1,18,18,FALSE,TRUE,TRUE,0.985042678315887
159,1633000,"2012-08-04",0.0124811491696164,0.958019038442996,1.04418637197722,2012,8,4,"Summer",0.973818358427917,0.304259086667947,0.879572868347168,0.879572868347168,1,18,18,FALSE,TRUE,TRUE,0.985042678315887
159,1633000,"2012-08-05",0.0117618867079727,0.942372096361558,0.983667399651194,2012,8,5,"Summer",0.973818358427917,0.304259086667947,0.879572868347168,0.879572868347168,1,18,18,FALSE,TRUE,TRUE,0.985042678315887
159,1633000,"2012-08-06",0.0142191097256728,1.20891401853364,1.28284148395436,2012,8,6,"Summer",0.973818358427917,0.304259086667947,0.879572868347168,0.879572868347168,1,18,18,FALSE,TRUE,TRUE,0.985042678315887
159,1633000,"2012-08-07",0.0131028402829543,0.921495124219835,0.762250342119092,2012,8,7,"Summer",0.973818358427917,0.304259086667947,0.879572868347168,0.879572868347168,1,18,18,FALSE,TRUE,TRUE,0.985042678315887
159,1633000,"2012-08-08",0.0115836549084634,0.884056789086619,0.959372183151905,2012,8,8,"Summer",0.973818358427917,0.304259086667947,0.879572868347168,0.879572868347168,1,18,18,FALSE,TRUE,TRUE,0.985042678315887
159,1633000,"2012-08-09",0.00997814800939523,0.861398935676589,0.974370590566428,2012,8,9,"Summer",0.973818358427917,0.304259086667947,0.879572868347168,0.879572868347168,1,18,18,FALSE,TRUE,TRUE,0.985042678315887
159,1633000,"2012-08-10",0.0142488722631242,1.42800770741301,1.65777742259616,2012,8,10,"Summer",0.973818358427917,0.304259086667947,0.879572868347168,0.879572868347168,1,18,18,FALSE,TRUE,TRUE,0.985042678315887
159,1633000,"2012-08-11",0.0145621115807444,1.02198344625706,0.715670819528345,2012,8,11,"Summer",0.973818358427917,0.304259086667947,0.879572868347168,0.879572868347168,1,18,18,FALSE,TRUE,TRUE,0.985042678315887
159,1633000,"2012-08-12",0.0131237735622562,0.901227372794611,0.88184145848476,2012,8,12,"Summer",0.973818358427917,0.304259086667947,0.879572868347168,0.879572868347168,1,18,18,FALSE,TRUE,TRUE,0.985042678315887
159,1633000,"2012-08-13",0.0117208145093173,0.89309789244049,0.99097954567346,2012,8,13,"Summer",0.973818358427917,0.304259086667947,0.879572868347168,0.879572868347168,1,18,18,FALSE,TRUE,TRUE,0.985042678315887
160,1633000,"2012-09-29",0.0165620262268931,0.974853797683334,0.662600115918213,2012,9,29,"Fall",0.977561907745754,0.742644288630917,0.309162676334381,0.000200405993382446,7,30,24,FALSE,TRUE,TRUE,0.962656243165498
160,1633000,"2012-09-30",0.0157451858394779,0.950679924290376,0.975202565297068,2012,9,30,"Fall",0.977561907745754,0.742644288630917,0.309162676334381,0.000200405993382446,7,30,24,FALSE,TRUE,TRUE,0.962656243165498
160,1633000,"2012-10-01",0.0148411669069901,0.942584422838556,0.991484514140905,2012,10,1,"Fall",0.977561907745754,0.742644288630917,0.309162676334381,0.000200405993382446,7,30,24,FALSE,TRUE,TRUE,0.962656243165498
160,1633000,"2012-10-02",0.0167541577829979,1.12889760542393,1.19766206407729,2012,10,2,"Fall",0.977561907745754,0.742644288630917,0.309162676334381,0.000200405993382446,7,30,24,FALSE,TRUE,TRUE,0.962656243165498
160,1633000,"2012-10-03",0.0175847909995355,1.04957773630259,0.929736878933724,2012,10,3,"Fall",0.977561907745754,0.742644288630917,0.309162676334381,0.000200405993382446,7,30,24,FALSE,TRUE,TRUE,0.962656243165498
160,1633000,"2012-10-04",0.0165869272896089,0.943254161510764,0.898698713669001,2012,10,4,"Fall",0.977561907745754,0.742644288630917,0.309162676334381,0.000200405993382446,7,30,24,FALSE,TRUE,TRUE,0.962656243165498
160,1633000,"2012-10-05",0.015497979009524,0.934349005028372,0.990559112436748,2012,10,5,"Fall",0.977561907745754,0.742644288630917,0.309162676334381,0.000200405993382446,7,30,24,FALSE,TRUE,TRUE,0.962656243165498
160,1633000,"2012-10-06",0.0144417795818299,0.931849215498033,0.997324565535056,2012,10,6,"Fall",0.977561907745754,0.742644288630917,0.309162676334381,0.000200405993382446,7,30,24,FALSE,TRUE,TRUE,0.962656243165498
160,1633000,"2012-10-07",0.0134787405841053,0.933315766781518,1.00157380749921,2012,10,7,"Fall",0.977561907745754,0.742644288630917,0.309162676334381,0.000200405993382446,7,30,24,FALSE,TRUE,TRUE,0.962656243165498
160,1633000,"2012-10-08",0.0126613835454918,0.939359539304638,1.00647559243959,2012,10,8,"Fall",0.977561907745754,0.742644288630917,0.309162676334381,0.000200405993382446,7,30,24,FALSE,TRUE,TRUE,0.962656243165498
160,1633000,"2012-10-09",0.0119281887600664,0.942092048409157,1.00290890653704,2012,10,9,"Fall",0.977561907745754,0.742644288630917,0.309162676334381,0.000200405993382446,7,30,24,FALSE,TRUE,TRUE,0.962656243165498
160,1633000,"2012-10-10",0.0112189664505422,0.940542330123199,0.998355024555642,2012,10,10,"Fall",0.977561907745754,0.742644288630917,0.309162676334381,0.000200405993382446,7,30,24,FALSE,TRUE,TRUE,0.962656243165498
160,1633000,"2012-10-11",0.0104731723840814,0.933523817033542,0.992537802005426,2012,10,11,"Fall",0.977561907745754,0.742644288630917,0.309162676334381,0.000200405993382446,7,30,24,FALSE,TRUE,TRUE,0.962656243165498
160,1633000,"2012-10-12",0.00972957449266687,0.928999746767774,0.995153770923441,2012,10,12,"Fall",0.977561907745754,0.742644288630917,0.309162676334381,0.000200405993382446,7,30,24,FALSE,TRUE,TRUE,0.962656243165498
160,1633000,"2012-10-13",0.0090280230215285,0.927894948369312,0.998810765662418,2012,10,13,"Fall",0.977561907745754,0.742644288630917,0.309162676334381,0.000200405993382446,7,30,24,FALSE,TRUE,TRUE,0.962656243165498
160,1633000,"2012-10-14",0.00832802755758166,0.922464147213891,0.994147181030606,2012,10,14,"Fall",0.977561907745754,0.742644288630917,0.309162676334381,0.000200405993382446,7,30,24,FALSE,TRUE,TRUE,0.962656243165498
160,1633000,"2012-10-15",0.00769263386609964,0.923704180000753,1.0013442612275,2012,10,15,"Fall",0.977561907745754,0.742644288630917,0.309162676334381,0.000200405993382446,7,30,24,FALSE,TRUE,TRUE,0.962656243165498
160,1633000,"2012-10-16",0.00721941579831764,0.93848425961524,1.01600087986446,2012,10,16,"Fall",0.977561907745754,0.742644288630917,0.309162676334381,0.000200405993382446,7,30,24,FALSE,TRUE,TRUE,0.962656243165498
160,1633000,"2012-10-17",0.00679338051122613,0.940987567554872,1.00266739469947,2012,10,17,"Fall",0.977561907745754,0.742644288630917,0.309162676334381,0.000200405993382446,7,30,24,FALSE,TRUE,TRUE,0.962656243165498
160,1633000,"2012-10-18",0.0064780929533299,0.953589003681568,1.01339171372842,2012,10,18,"Fall",0.977561907745754,0.742644288630917,0.309162676334381,0.000200405993382446,7,30,24,FALSE,TRUE,TRUE,0.962656243165498
160,1633000,"2012-10-19",0.0103769489796832,1.60185243627126,1.67981429115365,2012,10,19,"Fall",0.977561907745754,0.742644288630917,0.309162676334381,0.000200405993382446,7,30,24,FALSE,TRUE,TRUE,0.962656243165498
160,1633000,"2012-10-20",0.00995162758044898,0.959012865913964,0.598689894398962,2012,10,20,"Fall",0.977561907745754,0.742644288630917,0.309162676334381,0.000200405993382446,7,30,24,FALSE,TRUE,TRUE,0.962656243165498
160,1633000,"2012-10-21",0.00939889205619693,0.944457776400519,0.984822842288385,2012,10,21,"Fall",0.977561907745754,0.742644288630917,0.309162676334381,0.000200405993382446,7,30,24,FALSE,TRUE,TRUE,0.962656243165498
160,1633000,"2012-10-22",0.00879185736994259,0.935414229398017,0.990424614812354,2012,10,22,"Fall",0.977561907745754,0.742644288630917,0.309162676334381,0.000200405993382446,7,30,24,FALSE,TRUE,TRUE,0.962656243165498
161,1633000,"2012-11-17",0.0277230490464717,0.94450977958693,0.999798401322032,2012,11,17,"Fall",0.968718069380211,0.791342533120553,0.395424664020538,0.00376444356516004,16,46,31,FALSE,TRUE,TRUE,0.971779369351392
161,1633000,"2012-11-18",0.0261603049002588,0.943630148920729,0.999068690779903,2012,11,18,"Fall",0.968718069380211,0.791342533120553,0.395424664020538,0.00376444356516004,16,46,31,FALSE,TRUE,TRUE,0.971779369351392
161,1633000,"2012-11-19",0.024635658133775,0.941719075052955,0.997974763873367,2012,11,19,"Fall",0.968718069380211,0.791342533120553,0.395424664020538,0.00376444356516004,16,46,31,FALSE,TRUE,TRUE,0.971779369351392
161,1633000,"2012-11-20",0.0231653142836876,0.940316437169927,0.998510555939467,2012,11,20,"Fall",0.968718069380211,0.791342533120553,0.395424664020538,0.00376444356516004,16,46,31,FALSE,TRUE,TRUE,0.971779369351392
161,1633000,"2012-11-21",0.0217552873073146,0.939131972952944,0.998740355724773,2012,11,21,"Fall",0.968718069380211,0.791342533120553,0.395424664020538,0.00376444356516004,16,46,31,FALSE,TRUE,TRUE,0.971779369351392
161,1633000,"2012-11-22",0.0204116597305983,0.938239033218169,0.999049186098981,2012,11,22,"Fall",0.968718069380211,0.791342533120553,0.395424664020538,0.00376444356516004,16,46,31,FALSE,TRUE,TRUE,0.971779369351392
161,1633000,"2012-11-23",0.019133813038934,0.93739623781065,0.999101726342989,2012,11,23,"Fall",0.968718069380211,0.791342533120553,0.395424664020538,0.00376444356516004,16,46,31,FALSE,TRUE,TRUE,0.971779369351392
161,1633000,"2012-11-24",0.0179404992377386,0.93763324650621,1.00025283725921,2012,11,24,"Fall",0.968718069380211,0.791342533120553,0.395424664020538,0.00376444356516004,16,46,31,FALSE,TRUE,TRUE,0.971779369351392
161,1633000,"2012-11-25",0.0168450150522403,0.938937920791311,1.00139145480385,2012,11,25,"Fall",0.968718069380211,0.791342533120553,0.395424664020538,0.00376444356516004,16,46,31,FALSE,TRUE,TRUE,0.971779369351392
161,1633000,"2012-11-26",0.0158007002319209,0.938004518423952,0.999005895547842,2012,11,26,"Fall",0.968718069380211,0.791342533120553,0.395424664020538,0.00376444356516004,16,46,31,FALSE,TRUE,TRUE,0.971779369351392
161,1633000,"2012-11-27",0.0177686676033772,1.12454937708903,1.19887415785429,2012,11,27,"Fall",0.968718069380211,0.791342533120553,0.395424664020538,0.00376444356516004,16,46,31,FALSE,TRUE,TRUE,0.971779369351392
161,1633000,"2012-11-28",0.0185592013294809,1.04449032103867,0.928807878354256,2012,11,28,"Fall",0.968718069380211,0.791342533120553,0.395424664020538,0.00376444356516004,16,46,31,FALSE,TRUE,TRUE,0.971779369351392
161,1633000,"2012-11-29",0.0174234237056226,0.938802451479733,0.898813931129745,2012,11,29,"Fall",0.968718069380211,0.791342533120553,0.395424664020538,0.00376444356516004,16,46,31,FALSE,TRUE,TRUE,0.971779369351392
161,1633000,"2012-11-30",0.0163657024386339,0.939293144398059,1.00052267963037,2012,11,30,"Fall",0.968718069380211,0.791342533120553,0.395424664020538,0.00376444356516004,16,46,31,FALSE,TRUE,TRUE,0.971779369351392
161,1633000,"2012-12-01",0.0153801867854781,0.939781646595915,1.00052007427156,2012,12,1,"Winter",0.968718069380211,0.791342533120553,0.395424664020538,0.00376444356516004,16,46,31,FALSE,TRUE,TRUE,0.971779369351392
161,1633000,"2012-12-02",0.0144345529843122,0.938516104234909,0.998653365528482,2012,12,2,"Winter",0.968718069380211,0.791342533120553,0.395424664020538,0.00376444356516004,16,46,31,FALSE,TRUE,TRUE,0.971779369351392
161,1633000,"2012-12-03",0.0134940381976776,0.934842818641023,0.996086070790569,2012,12,3,"Winter",0.968718069380211,0.791342533120553,0.395424664020538,0.00376444356516004,16,46,31,FALSE,TRUE,TRUE,0.971779369351392
161,1633000,"2012-12-04",0.0125734402099624,0.931777428355465,0.996720956481204,2012,12,4,"Winter",0.968718069380211,0.791342533120553,0.395424664020538,0.00376444356516004,16,46,31,FALSE,TRUE,TRUE,0.971779369351392
161,1633000,"2012-12-05",0.011727225035429,0.932698198710728,1.00098818701467,2012,12,5,"Winter",0.968718069380211,0.791342533120553,0.395424664020538,0.00376444356516004,16,46,31,FALSE,TRUE,TRUE,0.971779369351392
161,1633000,"2012-12-06",0.0109692902769893,0.935369641483823,1.00286420921236,2012,12,6,"Winter",0.968718069380211,0.791342533120553,0.395424664020538,0.00376444356516004,16,46,31,FALSE,TRUE,TRUE,0.971779369351392
161,1633000,"2012-12-07",0.010266957920976,0.935972853459201,1.00064489154728,2012,12,7,"Winter",0.968718069380211,0.791342533120553,0.395424664020538,0.00376444356516004,16,46,31,FALSE,TRUE,TRUE,0.971779369351392
161,1633000,"2012-12-08",0.00958495863596909,0.933573382665421,0.997436388475465,2012,12,8,"Winter",0.968718069380211,0.791342533120553,0.395424664020538,0.00376444356516004,16,46,31,FALSE,TRUE,TRUE,0.971779369351392
161,1633000,"2012-12-09",0.0131929531926289,1.37642254846257,1.47435924590393,2012,12,9,"Winter",0.968718069380211,0.791342533120553,0.395424664020538,0.00376444356516004,16,46,31,FALSE,TRUE,TRUE,0.971779369351392
161,1633000,"2012-12-10",0.0153038328280672,1.16000054003206,0.842764848140383,2012,12,10,"Winter",0.968718069380211,0.791342533120553,0.395424664020538,0.00376444356516004,16,46,31,FALSE,TRUE,TRUE,0.971779369351392
161,1633000,"2012-12-11",0.014535921101924,0.949822261209306,0.81881191295226,2012,12,11,"Winter",0.968718069380211,0.791342533120553,0.395424664020538,0.00376444356516004,16,46,31,FALSE,TRUE,TRUE,0.971779369351392
161,1633000,"2012-12-12",0.0136416266323067,0.938476931503231,0.988055312904932,2012,12,12,"Winter",0.968718069380211,0.791342533120553,0.395424664020538,0.00376444356516004,16,46,31,FALSE,TRUE,TRUE,0.971779369351392
161,1633000,"2012-12-13",0.0128085789037868,0.93893340208073,1.00048639509633,2012,12,13,"Winter",0.968718069380211,0.791342533120553,0.395424664020538,0.00376444356516004,16,46,31,FALSE,TRUE,TRUE,0.971779369351392
161,1633000,"2012-12-14",0.0120322144357488,0.939387150294358,1.00048325920946,2012,12,14,"Winter",0.968718069380211,0.791342533120553,0.395424664020538,0.00376444356516004,16,46,31,FALSE,TRUE,TRUE,0.971779369351392
161,1633000,"2012-12-15",0.0112957627861761,0.938793340701722,0.999367875542634,2012,12,15,"Winter",0.968718069380211,0.791342533120553,0.395424664020538,0.00376444356516004,16,46,31,FALSE,TRUE,TRUE,0.971779369351392
161,1633000,"2012-12-16",0.0105995208141394,0.938362553710075,0.99954112692009,2012,12,16,"Winter",0.968718069380211,0.791342533120553,0.395424664020538,0.00376444356516004,16,46,31,FALSE,TRUE,TRUE,0.971779369351392
161,1633000,"2012-12-17",0.00996738654794171,0.94036199585981,1.00213077785535,2012,12,17,"Winter",0.968718069380211,0.791342533120553,0.395424664020538,0.00376444356516004,16,46,31,FALSE,TRUE,TRUE,0.971779369351392
162,1633000,"2013-02-09",0.0459818800445646,0.976214770316065,1.01599892834109,2013,2,9,"Winter",0.963430835554618,0.859803087688841,0.537133812904358,0.0424416773021221,3,14,12,FALSE,TRUE,TRUE,0.971562913800055
162,1633000,"2013-02-10",0.0433929758146405,0.943697294947163,0.966690244444494,2013,2,10,"Winter",0.963430835554618,0.859803087688841,0.537133812904358,0.0424416773021221,3,14,12,FALSE,TRUE,TRUE,0.971562913800055
162,1633000,"2013-02-11",0.0418876617914066,0.965309730550306,1.02290187300405,2013,2,11,"Winter",0.963430835554618,0.859803087688841,0.537133812904358,0.0424416773021221,3,14,12,FALSE,TRUE,TRUE,0.971562913800055
162,1633000,"2013-02-12",0.0400763353100047,0.956757517513821,0.99114044667134,2013,2,12,"Winter",0.963430835554618,0.859803087688841,0.537133812904358,0.0424416773021221,3,14,12,FALSE,TRUE,TRUE,0.971562913800055
162,1633000,"2013-02-13",0.0377796592656523,0.942692463605099,0.985299249129214,2013,2,13,"Winter",0.963430835554618,0.859803087688841,0.537133812904358,0.0424416773021221,3,14,12,FALSE,TRUE,TRUE,0.971562913800055
162,1633000,"2013-02-14",0.0360022827517241,0.952954141236946,1.0108854987475,2013,2,14,"Winter",0.963430835554618,0.859803087688841,0.537133812904358,0.0424416773021221,3,14,12,FALSE,TRUE,TRUE,0.971562913800055
162,1633000,"2013-02-15",0.034649113425985,0.962414346471563,1.00992724080336,2013,2,15,"Winter",0.963430835554618,0.859803087688841,0.537133812904358,0.0424416773021221,3,14,12,FALSE,TRUE,TRUE,0.971562913800055
162,1633000,"2013-02-16",0.0387791407993063,1.11919575899521,1.16290427620748,2013,2,16,"Winter",0.963430835554618,0.859803087688841,0.537133812904358,0.0424416773021221,3,14,12,FALSE,TRUE,TRUE,0.971562913800055
162,1633000,"2013-02-17",0.036619538324885,0.944310203116726,0.843739976252687,2013,2,17,"Winter",0.963430835554618,0.859803087688841,0.537133812904358,0.0424416773021221,3,14,12,FALSE,TRUE,TRUE,0.971562913800055
162,1633000,"2013-02-18",0.0345208740327507,0.942690039576273,0.998284288854335,2013,2,18,"Winter",0.963430835554618,0.859803087688841,0.537133812904358,0.0424416773021221,3,14,12,FALSE,TRUE,TRUE,0.971562913800055
162,1633000,"2013-02-19",0.0332014237064868,0.961778188900659,1.02024859553302,2013,2,19,"Winter",0.963430835554618,0.859803087688841,0.537133812904358,0.0424416773021221,3,14,12,FALSE,TRUE,TRUE,0.971562913800055
162,1633000,"2013-02-20",0.0317423352971673,0.956053438484493,0.994047743562672,2013,2,20,"Winter",0.963430835554618,0.859803087688841,0.537133812904358,0.0424416773021221,3,14,12,FALSE,TRUE,TRUE,0.971562913800055
163,1633000,"2013-04-05",0.0287812905153259,0.935810748789928,0.999745945724378,2013,4,5,"Spring",0.952476214552368,0.922367287230248,0.313654899597168,0.00123580906074494,6,33,28,FALSE,TRUE,TRUE,0.959063471459594
163,1633000,"2013-04-06",0.0269516687840223,0.936430170484212,1.00066190914679,2013,4,6,"Spring",0.952476214552368,0.922367287230248,0.313654899597168,0.00123580906074494,6,33,28,FALSE,TRUE,TRUE,0.959063471459594
163,1633000,"2013-04-07",0.0252230918267742,0.935863824570563,0.999395207532286,2013,4,7,"Spring",0.952476214552368,0.922367287230248,0.313654899597168,0.00123580906074494,6,33,28,FALSE,TRUE,TRUE,0.959063471459594
163,1633000,"2013-04-08",0.0234576468355954,0.930006796815258,0.993741581198534,2013,4,8,"Spring",0.952476214552368,0.922367287230248,0.313654899597168,0.00123580906074494,6,33,28,FALSE,TRUE,TRUE,0.959063471459594
163,1633000,"2013-04-09",0.0216341899358667,0.922265992300572,0.991676615115939,2013,4,9,"Spring",0.952476214552368,0.922367287230248,0.313654899597168,0.00123580906074494,6,33,28,FALSE,TRUE,TRUE,0.959063471459594
163,1633000,"2013-04-10",0.0198084705625661,0.915609533857616,0.992782496049375,2013,4,10,"Spring",0.952476214552368,0.922367287230248,0.313654899597168,0.00123580906074494,6,33,28,FALSE,TRUE,TRUE,0.959063471459594
163,1633000,"2013-04-11",0.0180394856142811,0.910695530848912,0.994633080120954,2013,4,11,"Spring",0.952476214552368,0.922367287230248,0.313654899597168,0.00123580906074494,6,33,28,FALSE,TRUE,TRUE,0.959063471459594
163,1633000,"2013-04-12",0.0215796614647843,1.19624594216259,1.31355200683537,2013,4,12,"Spring",0.952476214552368,0.922367287230248,0.313654899597168,0.00123580906074494,6,33,28,FALSE,TRUE,TRUE,0.959063471459594
163,1633000,"2013-04-13",0.0226451969356276,1.04937683904737,0.877224993675034,2013,4,13,"Spring",0.952476214552368,0.922367287230248,0.313654899597168,0.00123580906074494,6,33,28,FALSE,TRUE,TRUE,0.959063471459594
163,1633000,"2013-04-14",0.0211200403282419,0.932649885460426,0.888765456560957,2013,4,14,"Spring",0.952476214552368,0.922367287230248,0.313654899597168,0.00123580906074494,6,33,28,FALSE,TRUE,TRUE,0.959063471459594
163,1633000,"2013-04-15",0.0196552962297574,0.930646718674782,0.997852177095743,2013,4,15,"Spring",0.952476214552368,0.922367287230248,0.313654899597168,0.00123580906074494,6,33,28,FALSE,TRUE,TRUE,0.959063471459594
163,1633000,"2013-04-16",0.0182040191721171,0.926163562193325,0.995182751530204,2013,4,16,"Spring",0.952476214552368,0.922367287230248,0.313654899597168,0.00123580906074494,6,33,28,FALSE,TRUE,TRUE,0.959063471459594
163,1633000,"2013-04-17",0.0167810869170353,0.921834170705482,0.995325456901382,2013,4,17,"Spring",0.952476214552368,0.922367287230248,0.313654899597168,0.00123580906074494,6,33,28,FALSE,TRUE,TRUE,0.959063471459594
163,1633000,"2013-04-18",0.0154611825128086,0.921345714329935,0.999470125548531,2013,4,18,"Spring",0.952476214552368,0.922367287230248,0.313654899597168,0.00123580906074494,6,33,28,FALSE,TRUE,TRUE,0.959063471459594
163,1633000,"2013-04-19",0.0151465402450413,0.979649534082747,1.06328115369291,2013,4,19,"Spring",0.952476214552368,0.922367287230248,0.313654899597168,0.00123580906074494,6,33,28,FALSE,TRUE,TRUE,0.959063471459594
163,1633000,"2013-04-20",0.0177963744499721,1.17494650012885,1.19935391101775,2013,4,20,"Spring",0.952476214552368,0.922367287230248,0.313654899597168,0.00123580906074494,6,33,28,FALSE,TRUE,TRUE,0.959063471459594
163,1633000,"2013-04-21",0.0168320257798769,0.945812071284176,0.804983095979647,2013,4,21,"Spring",0.952476214552368,0.922367287230248,0.313654899597168,0.00123580906074494,6,33,28,FALSE,TRUE,TRUE,0.959063471459594
163,1633000,"2013-04-22",0.0159264751709998,0.946200735388624,1.0004109316388,2013,4,22,"Spring",0.952476214552368,0.922367287230248,0.313654899597168,0.00123580906074494,6,33,28,FALSE,TRUE,TRUE,0.959063471459594
163,1633000,"2013-04-23",0.0150539322057739,0.945214307883098,0.998957486008378,2013,4,23,"Spring",0.952476214552368,0.922367287230248,0.313654899597168,0.00123580906074494,6,33,28,FALSE,TRUE,TRUE,0.959063471459594
163,1633000,"2013-04-24",0.0141094185528345,0.937258010729111,0.99158254684929,2013,4,24,"Spring",0.952476214552368,0.922367287230248,0.313654899597168,0.00123580906074494,6,33,28,FALSE,TRUE,TRUE,0.959063471459594
163,1633000,"2013-04-25",0.0131573406397365,0.932521817994635,0.994946756730528,2013,4,25,"Spring",0.952476214552368,0.922367287230248,0.313654899597168,0.00123580906074494,6,33,28,FALSE,TRUE,TRUE,0.959063471459594
163,1633000,"2013-04-26",0.0122430152259767,0.930508342164644,0.997840827108666,2013,4,26,"Spring",0.952476214552368,0.922367287230248,0.313654899597168,0.00123580906074494,6,33,28,FALSE,TRUE,TRUE,0.959063471459594
163,1633000,"2013-04-27",0.0113040349388029,0.923304817494511,0.992258506083487,2013,4,27,"Spring",0.952476214552368,0.922367287230248,0.313654899597168,0.00123580906074494,6,33,28,FALSE,TRUE,TRUE,0.959063471459594
163,1633000,"2013-04-28",0.010429847141495,0.92266586205363,0.99930796912485,2013,4,28,"Spring",0.952476214552368,0.922367287230248,0.313654899597168,0.00123580906074494,6,33,28,FALSE,TRUE,TRUE,0.959063471459594
163,1633000,"2013-04-29",0.00971197933540679,0.931171780722255,1.00921885052699,2013,4,29,"Spring",0.952476214552368,0.922367287230248,0.313654899597168,0.00123580906074494,6,33,28,FALSE,TRUE,TRUE,0.959063471459594
163,1633000,"2013-04-30",0.00906517935800366,0.933401837558992,1.00239489306152,2013,4,30,"Spring",0.952476214552368,0.922367287230248,0.313654899597168,0.00123580906074494,6,33,28,FALSE,TRUE,TRUE,0.959063471459594
163,1633000,"2013-05-01",0.00838100627879612,0.924527353272555,0.99049232181753,2013,5,1,"Spring",0.952476214552368,0.922367287230248,0.313654899597168,0.00123580906074494,6,33,28,FALSE,TRUE,TRUE,0.959063471459594
163,1633000,"2013-05-02",0.00762376328930259,0.909647724353893,0.983905690982542,2013,5,2,"Spring",0.952476214552368,0.922367287230248,0.313654899597168,0.00123580906074494,6,33,28,FALSE,TRUE,TRUE,0.959063471459594
164,1633000,"2013-05-14",0.050260808551684,0.956274768092818,0.993681329031231,2013,5,14,"Spring",0.964089473140987,0.742634601889446,0.492289483547211,0.492289483547211,1,23,23,FALSE,TRUE,TRUE,0.966610181905369
164,1633000,"2013-05-15",0.0474955475656316,0.944981764803706,0.988190629235534,2013,5,15,"Spring",0.964089473140987,0.742634601889446,0.492289483547211,0.492289483547211,1,23,23,FALSE,TRUE,TRUE,0.966610181905369
164,1633000,"2013-05-16",0.0443072088528425,0.932870787343102,0.987183903529482,2013,5,16,"Spring",0.964089473140987,0.742634601889446,0.492289483547211,0.492289483547211,1,23,23,FALSE,TRUE,TRUE,0.966610181905369
164,1633000,"2013-05-17",0.0409321279730648,0.923825468424623,0.990303781572751,2013,5,17,"Spring",0.964089473140987,0.742634601889446,0.492289483547211,0.492289483547211,1,23,23,FALSE,TRUE,TRUE,0.966610181905369
164,1633000,"2013-05-18",0.0376573337707668,0.919994528394593,0.995853177725698,2013,5,18,"Spring",0.964089473140987,0.742634601889446,0.492289483547211,0.492289483547211,1,23,23,FALSE,TRUE,TRUE,0.966610181905369
164,1633000,"2013-05-19",0.0345415379852057,0.917259256735272,0.997026860948734,2013,5,19,"Spring",0.964089473140987,0.742634601889446,0.492289483547211,0.492289483547211,1,23,23,FALSE,TRUE,TRUE,0.966610181905369
164,1633000,"2013-05-20",0.031617421307601,0.915344919532621,0.997912981320609,2013,5,20,"Spring",0.964089473140987,0.742634601889446,0.492289483547211,0.492289483547211,1,23,23,FALSE,TRUE,TRUE,0.966610181905369
164,1633000,"2013-05-21",0.0291112508857623,0.920734509071546,1.00588804222749,2013,5,21,"Spring",0.964089473140987,0.742634601889446,0.492289483547211,0.492289483547211,1,23,23,FALSE,TRUE,TRUE,0.966610181905369
164,1633000,"2013-05-22",0.0271706506609917,0.933338480287711,1.0136890396656,2013,5,22,"Spring",0.964089473140987,0.742634601889446,0.492289483547211,0.492289483547211,1,23,23,FALSE,TRUE,TRUE,0.966610181905369
164,1633000,"2013-05-23",0.0308640096336603,1.13593192959384,1.21706321295536,2013,5,23,"Spring",0.964089473140987,0.742634601889446,0.492289483547211,0.492289483547211,1,23,23,FALSE,TRUE,TRUE,0.966610181905369
164,1633000,"2013-05-24",0.0381895950995386,1.23735041405278,1.08928218480064,2013,5,24,"Spring",0.964089473140987,0.742634601889446,0.492289483547211,0.492289483547211,1,23,23,FALSE,TRUE,TRUE,0.966610181905369
164,1633000,"2013-05-25",0.0358144079800695,0.937805386171854,0.757914149072934,2013,5,25,"Spring",0.964089473140987,0.742634601889446,0.492289483547211,0.492289483547211,1,23,23,FALSE,TRUE,TRUE,0.966610181905369
164,1633000,"2013-05-26",0.0335614321520552,0.937093031685235,0.999240402649501,2013,5,26,"Spring",0.964089473140987,0.742634601889446,0.492289483547211,0.492289483547211,1,23,23,FALSE,TRUE,TRUE,0.966610181905369
164,1633000,"2013-05-27",0.0312735781772062,0.931830859765355,0.994384578967131,2013,5,27,"Spring",0.964089473140987,0.742634601889446,0.492289483547211,0.492289483547211,1,23,23,FALSE,TRUE,TRUE,0.966610181905369
164,1633000,"2013-05-28",0.0288846868788824,0.923613112487876,0.991181074128036,2013,5,28,"Spring",0.964089473140987,0.742634601889446,0.492289483547211,0.492289483547211,1,23,23,FALSE,TRUE,TRUE,0.966610181905369
164,1633000,"2013-05-29",0.0265382515499368,0.918765422703577,0.994751384839869,2013,5,29,"Spring",0.964089473140987,0.742634601889446,0.492289483547211,0.492289483547211,1,23,23,FALSE,TRUE,TRUE,0.966610181905369
164,1633000,"2013-05-30",0.0241489768377505,0.909968646288155,0.990425438095464,2013,5,30,"Spring",0.964089473140987,0.742634601889446,0.492289483547211,0.492289483547211,1,23,23,FALSE,TRUE,TRUE,0.966610181905369
164,1633000,"2013-05-31",0.0218078586040065,0.903055179129397,0.992402521573729,2013,5,31,"Spring",0.964089473140987,0.742634601889446,0.492289483547211,0.492289483547211,1,23,23,FALSE,TRUE,TRUE,0.966610181905369
164,1633000,"2013-06-01",0.0195440113311633,0.896191216480686,0.992399176919257,2013,6,1,"Summer",0.964089473140987,0.742634601889446,0.492289483547211,0.492289483547211,1,23,23,FALSE,TRUE,TRUE,0.966610181905369
164,1633000,"2013-06-02",0.0188998227822594,0.96703908230565,1.07905440772247,2013,6,2,"Summer",0.964089473140987,0.742634601889446,0.492289483547211,0.492289483547211,1,23,23,FALSE,TRUE,TRUE,0.966610181905369
164,1633000,"2013-06-03",0.0268333624117077,1.41976793755416,1.46815983297087,2013,6,3,"Summer",0.964089473140987,0.742634601889446,0.492289483547211,0.492289483547211,1,23,23,FALSE,TRUE,TRUE,0.966610181905369
164,1633000,"2013-06-04",0.0253499138634652,0.944716263080202,0.665401885823444,2013,6,4,"Summer",0.964089473140987,0.742634601889446,0.492289483547211,0.492289483547211,1,23,23,FALSE,TRUE,TRUE,0.966610181905369
164,1633000,"2013-06-05",0.0234069032012485,0.923352376158681,0.977385922359519,2013,6,5,"Summer",0.964089473140987,0.742634601889446,0.492289483547211,0.492289483547211,1,23,23,FALSE,TRUE,TRUE,0.966610181905369
166,1633000,"2013-10-16",0.0267381416633725,0.941478676154878,0.995275580192478,2013,10,16,"Fall",0.950618254249464,0.950049878345882,0.984891891479492,0.984891891479492,1,46,46,FALSE,TRUE,TRUE,0.950579520423815
166,1633000,"2013-10-17",0.0254576064180583,0.952108293035623,1.01129034268111,2013,10,17,"Fall",0.950618254249464,0.950049878345882,0.984891891479492,0.984891891479492,1,46,46,FALSE,TRUE,TRUE,0.950579520423815
166,1633000,"2013-10-18",0.0251591252163053,0.988275362700976,1.03798629833382,2013,10,18,"Fall",0.950618254249464,0.950049878345882,0.984891891479492,0.984891891479492,1,46,46,FALSE,TRUE,TRUE,0.950579520423815
166,1633000,"2013-10-19",0.0236762737040408,0.941061086205675,0.952225585826339,2013,10,19,"Fall",0.950618254249464,0.950049878345882,0.984891891479492,0.984891891479492,1,46,46,FALSE,TRUE,TRUE,0.950579520423815
166,1633000,"2013-10-20",0.0222549725440331,0.939969389703197,0.998839930246314,2013,10,20,"Fall",0.950618254249464,0.950049878345882,0.984891891479492,0.984891891479492,1,46,46,FALSE,TRUE,TRUE,0.950579520423815
166,1633000,"2013-10-21",0.0208368810126558,0.936279789670758,0.996074765760613,2013,10,21,"Fall",0.950618254249464,0.950049878345882,0.984891891479492,0.984891891479492,1,46,46,FALSE,TRUE,TRUE,0.950579520423815
166,1633000,"2013-10-22",0.0194578224327415,0.93381645846724,0.997369022347066,2013,10,22,"Fall",0.950618254249464,0.950049878345882,0.984891891479492,0.984891891479492,1,46,46,FALSE,TRUE,TRUE,0.950579520423815
166,1633000,"2013-10-23",0.0181557719479315,0.933083442954075,0.999215032561786,2013,10,23,"Fall",0.950618254249464,0.950049878345882,0.984891891479492,0.984891891479492,1,46,46,FALSE,TRUE,TRUE,0.950579520423815
166,1633000,"2013-10-24",0.0169592977035791,0.93409951128579,1.00108893619256,2013,10,24,"Fall",0.950618254249464,0.950049878345882,0.984891891479492,0.984891891479492,1,46,46,FALSE,TRUE,TRUE,0.950579520423815
166,1633000,"2013-10-25",0.0158386747934856,0.933922799771536,0.999810821532269,2013,10,25,"Fall",0.950618254249464,0.950049878345882,0.984891891479492,0.984891891479492,1,46,46,FALSE,TRUE,TRUE,0.950579520423815
166,1633000,"2013-10-26",0.0147764256107621,0.932933203277817,0.998940387263313,2013,10,26,"Fall",0.950618254249464,0.950049878345882,0.984891891479492,0.984891891479492,1,46,46,FALSE,TRUE,TRUE,0.950579520423815
166,1633000,"2013-10-27",0.013756740547251,0.930992440907464,0.997919719907563,2013,10,27,"Fall",0.950618254249464,0.950049878345882,0.984891891479492,0.984891891479492,1,46,46,FALSE,TRUE,TRUE,0.950579520423815
166,1633000,"2013-10-28",0.0127762532792985,0.928726774733834,0.99756639681046,2013,10,28,"Fall",0.950618254249464,0.950049878345882,0.984891891479492,0.984891891479492,1,46,46,FALSE,TRUE,TRUE,0.950579520423815
166,1633000,"2013-10-29",0.0118447862332687,0.927093880681034,0.998241792853159,2013,10,29,"Fall",0.950618254249464,0.950049878345882,0.984891891479492,0.984891891479492,1,46,46,FALSE,TRUE,TRUE,0.950579520423815
166,1633000,"2013-10-30",0.0109576192626264,0.925100634729018,0.997850006354748,2013,10,30,"Fall",0.950618254249464,0.950049878345882,0.984891891479492,0.984891891479492,1,46,46,FALSE,TRUE,TRUE,0.950579520423815
166,1633000,"2013-10-31",0.0100941064592917,0.921195217442902,0.99577838654574,2013,10,31,"Fall",0.950618254249464,0.950049878345882,0.984891891479492,0.984891891479492,1,46,46,FALSE,TRUE,TRUE,0.950579520423815
166,1633000,"2013-11-01",0.0101523835037369,1.00577337327284,1.09181349862488,2013,11,1,"Fall",0.950618254249464,0.950049878345882,0.984891891479492,0.984891891479492,1,46,46,FALSE,TRUE,TRUE,0.950579520423815
166,1633000,"2013-11-02",0.0100095205707476,0.985928138654653,0.980268681647826,2013,11,2,"Fall",0.950618254249464,0.950049878345882,0.984891891479492,0.984891891479492,1,46,46,FALSE,TRUE,TRUE,0.950579520423815
166,1633000,"2013-11-03",0.00938347476767376,0.937454966134603,0.950834984194493,2013,11,3,"Fall",0.950618254249464,0.950049878345882,0.984891891479492,0.984891891479492,1,46,46,FALSE,TRUE,TRUE,0.950579520423815
166,1633000,"2013-11-04",0.00876123053603805,0.933687227062266,0.99598088526015,2013,11,4,"Fall",0.950618254249464,0.950049878345882,0.984891891479492,0.984891891479492,1,46,46,FALSE,TRUE,TRUE,0.950579520423815
166,1633000,"2013-11-05",0.00813319988083094,0.928317072285246,0.994248443567214,2013,11,5,"Fall",0.950618254249464,0.950049878345882,0.984891891479492,0.984891891479492,1,46,46,FALSE,TRUE,TRUE,0.950579520423815
166,1633000,"2013-11-06",0.00748261145781726,0.920008307610016,0.991049647880787,2013,11,6,"Fall",0.950618254249464,0.950049878345882,0.984891891479492,0.984891891479492,1,46,46,FALSE,TRUE,TRUE,0.950579520423815
166,1633000,"2013-11-07",0.00691763081704266,0.924494189767885,1.00487591483769,2013,11,7,"Fall",0.950618254249464,0.950049878345882,0.984891891479492,0.984891891479492,1,46,46,FALSE,TRUE,TRUE,0.950579520423815
166,1633000,"2013-11-08",0.00649307400453836,0.938626847293102,1.01528690789151,2013,11,8,"Fall",0.950618254249464,0.950049878345882,0.984891891479492,0.984891891479492,1,46,46,FALSE,TRUE,TRUE,0.950579520423815
166,1633000,"2013-11-09",0.00608142907731235,0.936602458721665,0.997843244546781,2013,11,9,"Fall",0.950618254249464,0.950049878345882,0.984891891479492,0.984891891479492,1,46,46,FALSE,TRUE,TRUE,0.950579520423815
166,1633000,"2013-11-10",0.00562162706046365,0.924392439506685,0.986963498652732,2013,11,10,"Fall",0.950618254249464,0.950049878345882,0.984891891479492,0.984891891479492,1,46,46,FALSE,TRUE,TRUE,0.950579520423815
166,1633000,"2013-11-11",0.00516608965699561,0.918966982589117,0.994130786140502,2013,11,11,"Fall",0.950618254249464,0.950049878345882,0.984891891479492,0.984891891479492,1,46,46,FALSE,TRUE,TRUE,0.950579520423815
166,1633000,"2013-11-12",0.00477117017726414,0.923555434389975,1.00499305403545,2013,11,12,"Fall",0.950618254249464,0.950049878345882,0.984891891479492,0.984891891479492,1,46,46,FALSE,TRUE,TRUE,0.950579520423815
166,1633000,"2013-11-13",0.00444945591152646,0.932571202915642,1.00976202206165,2013,11,13,"Fall",0.950618254249464,0.950049878345882,0.984891891479492,0.984891891479492,1,46,46,FALSE,TRUE,TRUE,0.950579520423815
166,1633000,"2013-11-14",0.00414188929426018,0.930875454576476,0.998181641965928,2013,11,14,"Fall",0.950618254249464,0.950049878345882,0.984891891479492,0.984891891479492,1,46,46,FALSE,TRUE,TRUE,0.950579520423815
166,1633000,"2013-11-15",0.00381484575336799,0.921040009122068,0.989434198306493,2013,11,15,"Fall",0.950618254249464,0.950049878345882,0.984891891479492,0.984891891479492,1,46,46,FALSE,TRUE,TRUE,0.950579520423815
166,1633000,"2013-11-16",0.00375413759320509,0.98408633950421,1.06845123963967,2013,11,16,"Fall",0.950618254249464,0.950049878345882,0.984891891479492,0.984891891479492,1,46,46,FALSE,TRUE,TRUE,0.950579520423815
166,1633000,"2013-11-17",0.00359150812437292,0.956679939188558,0.972150410776498,2013,11,17,"Fall",0.950618254249464,0.950049878345882,0.984891891479492,0.984891891479492,1,46,46,FALSE,TRUE,TRUE,0.950579520423815
166,1633000,"2013-11-18",0.005530306007131,1.53982834386504,1.60955433556086,2013,11,18,"Fall",0.950618254249464,0.950049878345882,0.984891891479492,0.984891891479492,1,46,46,FALSE,TRUE,TRUE,0.950579520423815
166,1633000,"2013-11-19",0.00540092305163853,0.976604738449257,0.634229615489434,2013,11,19,"Fall",0.950618254249464,0.950049878345882,0.984891891479492,0.984891891479492,1,46,46,FALSE,TRUE,TRUE,0.950579520423815
166,1633000,"2013-11-20",0.00508148394874297,0.940854720602129,0.963393565032364,2013,11,20,"Fall",0.950618254249464,0.950049878345882,0.984891891479492,0.984891891479492,1,46,46,FALSE,TRUE,TRUE,0.950579520423815
166,1633000,"2013-11-21",0.00477666205551941,0.940013213404134,0.999105592840671,2013,11,21,"Fall",0.950618254249464,0.950049878345882,0.984891891479492,0.984891891479492,1,46,46,FALSE,TRUE,TRUE,0.950579520423815
166,1633000,"2013-11-22",0.00442813486733939,0.927035410056424,0.986194020293913,2013,11,22,"Fall",0.950618254249464,0.950049878345882,0.984891891479492,0.984891891479492,1,46,46,FALSE,TRUE,TRUE,0.950579520423815
166,1633000,"2013-11-23",0.00407295515469741,0.919790222456483,0.992184562184631,2013,11,23,"Fall",0.950618254249464,0.950049878345882,0.984891891479492,0.984891891479492,1,46,46,FALSE,TRUE,TRUE,0.950579520423815
166,1633000,"2013-11-24",0.00379476042871829,0.931697081010511,1.01294518930874,2013,11,24,"Fall",0.950618254249464,0.950049878345882,0.984891891479492,0.984891891479492,1,46,46,FALSE,TRUE,TRUE,0.950579520423815
166,1633000,"2013-11-25",0.0035734132543439,0.941670316603056,1.01070437569873,2013,11,25,"Fall",0.950618254249464,0.950049878345882,0.984891891479492,0.984891891479492,1,46,46,FALSE,TRUE,TRUE,0.950579520423815
166,1633000,"2013-11-26",0.00336545452591963,0.941803896268793,1.00014185396246,2013,11,26,"Fall",0.950618254249464,0.950049878345882,0.984891891479492,0.984891891479492,1,46,46,FALSE,TRUE,TRUE,0.950579520423815
166,1633000,"2013-11-27",0.00317003483360168,0.941933640519312,1.00013776142893,2013,11,27,"Fall",0.950618254249464,0.950049878345882,0.984891891479492,0.984891891479492,1,46,46,FALSE,TRUE,TRUE,0.950579520423815
166,1633000,"2013-11-28",0.00298636182560585,0.942059624692786,1.0001337505829,2013,11,28,"Fall",0.950618254249464,0.950049878345882,0.984891891479492,0.984891891479492,1,46,46,FALSE,TRUE,TRUE,0.950579520423815
166,1633000,"2013-11-29",0.00281369625008665,0.942181964007601,1.00012986366426,2013,11,29,"Fall",0.950618254249464,0.950049878345882,0.984891891479492,0.984891891479492,1,46,46,FALSE,TRUE,TRUE,0.950579520423815
166,1633000,"2013-11-30",0.00265134814981139,0.942300772419815,1.00012609922154,2013,11,30,"Fall",0.950618254249464,0.950049878345882,0.984891891479492,0.984891891479492,1,46,46,FALSE,TRUE,TRUE,0.950579520423815
167,1633000,"2014-01-18",0.0446682046167553,0.935265279290734,0.998107490974119,2014,1,18,"Winter",0.936304085874319,0.999996590979181,0.707114219665527,0.000526785850524902,2,7,6,FALSE,TRUE,TRUE,0.935220264619711
167,1633000,"2014-01-19",0.0417721475241706,0.935165133288156,0.999892922356047,2014,1,19,"Winter",0.936304085874319,0.999996590979181,0.707114219665527,0.000526785850524902,2,7,6,FALSE,TRUE,TRUE,0.935220264619711
167,1633000,"2014-01-20",0.0390606173314154,0.935087603739162,0.999917095338316,2014,1,20,"Winter",0.936304085874319,0.999996590979181,0.707114219665527,0.000526785850524902,2,7,6,FALSE,TRUE,TRUE,0.935220264619711
167,1633000,"2014-01-21",0.0365211439784616,0.934986348745918,0.999891716035118,2014,1,21,"Winter",0.936304085874319,0.999996590979181,0.707114219665527,0.000526785850524902,2,7,6,FALSE,TRUE,TRUE,0.935220264619711
167,1633000,"2014-01-22",0.0341603057458997,0.935356947363032,1.00039636794442,2014,1,22,"Winter",0.936304085874319,0.999996590979181,0.707114219665527,0.000526785850524902,2,7,6,FALSE,TRUE,TRUE,0.935220264619711
167,1633000,"2014-01-23",0.0319634637562558,0.935690212904271,1.00035629771306,2014,1,23,"Winter",0.936304085874319,0.999996590979181,0.707114219665527,0.000526785850524902,2,7,6,FALSE,TRUE,TRUE,0.935220264619711
170,1633000,"2014-10-19",0.0185125492862426,0.9662010662392,0.986356435396243,2014,10,19,"Fall",0.969121069504858,0.742090856035728,0.32006448507309,0.32006448507309,1,36,36,FALSE,TRUE,TRUE,0.970413456375109
170,1633000,"2014-10-20",0.0177381286630407,0.958167802217419,0.991685722255463,2014,10,20,"Fall",0.969121069504858,0.742090856035728,0.32006448507309,0.32006448507309,1,36,36,FALSE,TRUE,TRUE,0.970413456375109
170,1633000,"2014-10-21",0.0169875188730657,0.957683823122844,0.999494891089582,2014,10,21,"Fall",0.969121069504858,0.742090856035728,0.32006448507309,0.32006448507309,1,36,36,FALSE,TRUE,TRUE,0.970413456375109
170,1633000,"2014-10-22",0.0176278039580211,1.03769150102141,1.08354289376809,2014,10,22,"Fall",0.969121069504858,0.742090856035728,0.32006448507309,0.32006448507309,1,36,36,FALSE,TRUE,TRUE,0.970413456375109
170,1633000,"2014-10-23",0.0175258436938748,0.994215940658908,0.958103578645764,2014,10,23,"Fall",0.969121069504858,0.742090856035728,0.32006448507309,0.32006448507309,1,36,36,FALSE,TRUE,TRUE,0.970413456375109
170,1633000,"2014-10-24",0.0167797830072232,0.957430826174014,0.96300088041184,2014,10,24,"Fall",0.969121069504858,0.742090856035728,0.32006448507309,0.32006448507309,1,36,36,FALSE,TRUE,TRUE,0.970413456375109
170,1633000,"2014-10-25",0.0158975451486185,0.947422570469185,0.989546758438077,2014,10,25,"Fall",0.969121069504858,0.742090856035728,0.32006448507309,0.32006448507309,1,36,36,FALSE,TRUE,TRUE,0.970413456375109
170,1633000,"2014-10-26",0.0149495998048224,0.940371589768466,0.992557723532777,2014,10,26,"Fall",0.969121069504858,0.742090856035728,0.32006448507309,0.32006448507309,1,36,36,FALSE,TRUE,TRUE,0.970413456375109
170,1633000,"2014-10-27",0.014008617028594,0.937056323345538,0.996474514480235,2014,10,27,"Fall",0.969121069504858,0.742090856035728,0.32006448507309,0.32006448507309,1,36,36,FALSE,TRUE,TRUE,0.970413456375109
170,1633000,"2014-10-28",0.0130485465051606,0.931465717031616,0.994033863093776,2014,10,28,"Fall",0.969121069504858,0.742090856035728,0.32006448507309,0.32006448507309,1,36,36,FALSE,TRUE,TRUE,0.970413456375109
170,1633000,"2014-10-29",0.0121810772689059,0.933519857103501,1.00220527716085,2014,10,29,"Fall",0.969121069504858,0.742090856035728,0.32006448507309,0.32006448507309,1,36,36,FALSE,TRUE,TRUE,0.970413456375109
170,1633000,"2014-10-30",0.0114889288670383,0.943178391648954,1.01034636218175,2014,10,30,"Fall",0.969121069504858,0.742090856035728,0.32006448507309,0.32006448507309,1,36,36,FALSE,TRUE,TRUE,0.970413456375109
170,1633000,"2014-10-31",0.0108010644617025,0.940128064739844,0.99676590670851,2014,10,31,"Fall",0.969121069504858,0.742090856035728,0.32006448507309,0.32006448507309,1,36,36,FALSE,TRUE,TRUE,0.970413456375109
170,1633000,"2014-11-01",0.0101361314882524,0.938438199697103,0.998202516118686,2014,11,1,"Fall",0.969121069504858,0.742090856035728,0.32006448507309,0.32006448507309,1,36,36,FALSE,TRUE,TRUE,0.970413456375109
170,1633000,"2014-11-02",0.009524280205369,0.939636607556585,1.00127702373994,2014,11,2,"Fall",0.969121069504858,0.742090856035728,0.32006448507309,0.32006448507309,1,36,36,FALSE,TRUE,TRUE,0.970413456375109
170,1633000,"2014-11-03",0.00888412288622931,0.932786803271619,0.992710156000863,2014,11,3,"Fall",0.969121069504858,0.742090856035728,0.32006448507309,0.32006448507309,1,36,36,FALSE,TRUE,TRUE,0.970413456375109
170,1633000,"2014-11-04",0.00822724471800029,0.926061562110178,0.992790162620383,2014,11,4,"Fall",0.969121069504858,0.742090856035728,0.32006448507309,0.32006448507309,1,36,36,FALSE,TRUE,TRUE,0.970413456375109
170,1633000,"2014-11-05",0.00760122414794751,0.923908842934607,0.997675403813688,2014,11,5,"Fall",0.969121069504858,0.742090856035728,0.32006448507309,0.32006448507309,1,36,36,FALSE,TRUE,TRUE,0.970413456375109
170,1633000,"2014-11-06",0.00905053186579608,1.19066767268532,1.28872851666124,2014,11,6,"Fall",0.969121069504858,0.742090856035728,0.32006448507309,0.32006448507309,1,36,36,FALSE,TRUE,TRUE,0.970413456375109
170,1633000,"2014-11-07",0.00949099886929616,1.04866752695106,0.880739060115742,2014,11,7,"Fall",0.969121069504858,0.742090856035728,0.32006448507309,0.32006448507309,1,36,36,FALSE,TRUE,TRUE,0.970413456375109
170,1633000,"2014-11-08",0.00897897855611518,0.946052009885135,0.902146758215851,2014,11,8,"Fall",0.969121069504858,0.742090856035728,0.32006448507309,0.32006448507309,1,36,36,FALSE,TRUE,TRUE,0.970413456375109
170,1633000,"2014-11-09",0.00842818399542011,0.938657325301223,0.99218363841877,2014,11,9,"Fall",0.969121069504858,0.742090856035728,0.32006448507309,0.32006448507309,1,36,36,FALSE,TRUE,TRUE,0.970413456375109
170,1633000,"2014-11-10",0.00783318869071081,0.929404091672343,0.990142053570071,2014,11,10,"Fall",0.969121069504858,0.742090856035728,0.32006448507309,0.32006448507309,1,36,36,FALSE,TRUE,TRUE,0.970413456375109
170,1633000,"2014-11-11",0.0072308660892304,0.92310633315974,0.993223874771983,2014,11,11,"Fall",0.969121069504858,0.742090856035728,0.32006448507309,0.32006448507309,1,36,36,FALSE,TRUE,TRUE,0.970413456375109
170,1633000,"2014-11-12",0.00665721579571255,0.920666447637269,0.997356874896395,2014,11,12,"Fall",0.969121069504858,0.742090856035728,0.32006448507309,0.32006448507309,1,36,36,FALSE,TRUE,TRUE,0.970413456375109
170,1633000,"2014-11-13",0.00615244687651284,0.924177173357548,1.00381324390531,2014,11,13,"Fall",0.969121069504858,0.742090856035728,0.32006448507309,0.32006448507309,1,36,36,FALSE,TRUE,TRUE,0.970413456375109
170,1633000,"2014-11-14",0.00575025638681836,0.934629181240093,1.01130952828512,2014,11,14,"Fall",0.969121069504858,0.742090856035728,0.32006448507309,0.32006448507309,1,36,36,FALSE,TRUE,TRUE,0.970413456375109
170,1633000,"2014-11-15",0.00541447535215412,0.941605902054389,1.00746469397097,2014,11,15,"Fall",0.969121069504858,0.742090856035728,0.32006448507309,0.32006448507309,1,36,36,FALSE,TRUE,TRUE,0.970413456375109
170,1633000,"2014-11-16",0.00516568843158893,0.954051518497318,1.01321743673842,2014,11,16,"Fall",0.969121069504858,0.742090856035728,0.32006448507309,0.32006448507309,1,36,36,FALSE,TRUE,TRUE,0.970413456375109
170,1633000,"2014-11-17",0.00811162427999079,1.57028910810552,1.64591647061032,2014,11,17,"Fall",0.969121069504858,0.742090856035728,0.32006448507309,0.32006448507309,1,36,36,FALSE,TRUE,TRUE,0.970413456375109
170,1633000,"2014-11-18",0.00952309439890087,1.17400585507785,0.747636756198504,2014,11,18,"Fall",0.969121069504858,0.742090856035728,0.32006448507309,0.32006448507309,1,36,36,FALSE,TRUE,TRUE,0.970413456375109
170,1633000,"2014-11-19",0.00896062044193968,0.940935799499572,0.801474537311548,2014,11,19,"Fall",0.969121069504858,0.742090856035728,0.32006448507309,0.32006448507309,1,36,36,FALSE,TRUE,TRUE,0.970413456375109
170,1633000,"2014-11-20",0.00843343223095871,0.941166104021827,1.00024476114351,2014,11,20,"Fall",0.969121069504858,0.742090856035728,0.32006448507309,0.32006448507309,1,36,36,FALSE,TRUE,TRUE,0.970413456375109
170,1633000,"2014-11-21",0.00793918024282903,0.941393732160992,1.0002418575618,2014,11,21,"Fall",0.969121069504858,0.742090856035728,0.32006448507309,0.32006448507309,1,36,36,FALSE,TRUE,TRUE,0.970413456375109
170,1633000,"2014-11-22",0.00747568387305364,0.941619114870954,1.00023941386294,2014,11,22,"Fall",0.969121069504858,0.742090856035728,0.32006448507309,0.32006448507309,1,36,36,FALSE,TRUE,TRUE,0.970413456375109
170,1633000,"2014-11-23",0.00709819464827888,0.949504389005074,1.00837416531758,2014,11,23,"Fall",0.969121069504858,0.742090856035728,0.32006448507309,0.32006448507309,1,36,36,FALSE,TRUE,TRUE,0.970413456375109
171,1633000,"2014-12-12",0.0391874004853889,0.953096549515531,0.962726979934662,2014,12,12,"Winter",0.972676325472476,0.759944499131137,0.337694942951202,0.0972765758633614,4,25,22,FALSE,TRUE,TRUE,0.974465821685151
171,1633000,"2014-12-13",0.0378826268715784,0.96670425704055,1.01427736521755,2014,12,13,"Winter",0.972676325472476,0.759944499131137,0.337694942951202,0.0972765758633614,4,25,22,FALSE,TRUE,TRUE,0.974465821685151
171,1633000,"2014-12-14",0.0373078520642594,0.984827482812438,1.0187474355677,2014,12,14,"Winter",0.972676325472476,0.759944499131137,0.337694942951202,0.0972765758633614,4,25,22,FALSE,TRUE,TRUE,0.974465821685151
171,1633000,"2014-12-15",0.0357970976037905,0.959505723946081,0.974288127303227,2014,12,15,"Winter",0.972676325472476,0.759944499131137,0.337694942951202,0.0972765758633614,4,25,22,FALSE,TRUE,TRUE,0.974465821685151
171,1633000,"2014-12-16",0.0345377550693229,0.964819982100051,1.00553853720863,2014,12,16,"Winter",0.972676325472476,0.759944499131137,0.337694942951202,0.0972765758633614,4,25,22,FALSE,TRUE,TRUE,0.974465821685151
171,1633000,"2014-12-17",0.0332461602520198,0.962603394033264,0.997702588972129,2014,12,17,"Winter",0.972676325472476,0.759944499131137,0.337694942951202,0.0972765758633614,4,25,22,FALSE,TRUE,TRUE,0.974465821685151
171,1633000,"2014-12-18",0.0311954240314662,0.938316599420562,0.974769676937309,2014,12,18,"Winter",0.972676325472476,0.759944499131137,0.337694942951202,0.0972765758633614,4,25,22,FALSE,TRUE,TRUE,0.974465821685151
171,1633000,"2014-12-19",0.0292813292471692,0.93864180905615,1.00034658838583,2014,12,19,"Winter",0.972676325472476,0.759944499131137,0.337694942951202,0.0972765758633614,4,25,22,FALSE,TRUE,TRUE,0.974465821685151
171,1633000,"2014-12-20",0.0274947815341875,0.938986796060347,1.00036753850177,2014,12,20,"Winter",0.972676325472476,0.759944499131137,0.337694942951202,0.0972765758633614,4,25,22,FALSE,TRUE,TRUE,0.974465821685151
171,1633000,"2014-12-21",0.0258271526545286,0.939347440255695,1.0003840780263,2014,12,21,"Winter",0.972676325472476,0.759944499131137,0.337694942951202,0.0972765758633614,4,25,22,FALSE,TRUE,TRUE,0.974465821685151
171,1633000,"2014-12-22",0.0242703200783581,0.939721091326048,1.00039777728063,2014,12,22,"Winter",0.972676325472476,0.759944499131137,0.337694942951202,0.0972765758633614,4,25,22,FALSE,TRUE,TRUE,0.974465821685151
171,1633000,"2014-12-23",0.0234590784530155,0.96657474550301,1.0285761960914,2014,12,23,"Winter",0.972676325472476,0.759944499131137,0.337694942951202,0.0972765758633614,4,25,22,FALSE,TRUE,TRUE,0.974465821685151
171,1633000,"2014-12-24",0.0300406137248501,1.28055387107453,1.32483688098857,2014,12,24,"Winter",0.972676325472476,0.759944499131137,0.337694942951202,0.0972765758633614,4,25,22,FALSE,TRUE,TRUE,0.974465821685151
171,1633000,"2014-12-25",0.0313929752446711,1.0450177726796,0.816067013098567,2014,12,25,"Winter",0.972676325472476,0.759944499131137,0.337694942951202,0.0972765758633614,4,25,22,FALSE,TRUE,TRUE,0.974465821685151
171,1633000,"2014-12-26",0.0299048394663259,0.952596535793536,0.911560129117154,2014,12,26,"Winter",0.972676325472476,0.759944499131137,0.337694942951202,0.0972765758633614,4,25,22,FALSE,TRUE,TRUE,0.974465821685151
171,1633000,"2014-12-27",0.0282760445261374,0.945534068423186,0.992586087493519,2014,12,27,"Winter",0.972676325472476,0.759944499131137,0.337694942951202,0.0972765758633614,4,25,22,FALSE,TRUE,TRUE,0.974465821685151
171,1633000,"2014-12-28",0.0267221031244844,0.945043890413434,0.999481586093911,2014,12,28,"Winter",0.972676325472476,0.759944499131137,0.337694942951202,0.0972765758633614,4,25,22,FALSE,TRUE,TRUE,0.974465821685151
171,1633000,"2014-12-29",0.0252344299806282,0.944327991815394,0.999242470529356,2014,12,29,"Winter",0.972676325472476,0.759944499131137,0.337694942951202,0.0972765758633614,4,25,22,FALSE,TRUE,TRUE,0.974465821685151
171,1633000,"2014-12-30",0.023836437962018,0.944599817801177,1.00028785124251,2014,12,30,"Winter",0.972676325472476,0.759944499131137,0.337694942951202,0.0972765758633614,4,25,22,FALSE,TRUE,TRUE,0.974465821685151
171,1633000,"2014-12-31",0.0225177321699448,0.944676893662784,1.00008159631217,2014,12,31,"Winter",0.972676325472476,0.759944499131137,0.337694942951202,0.0972765758633614,4,25,22,FALSE,TRUE,TRUE,0.974465821685151
171,1633000,"2015-01-01",0.0212747479090467,0.944799758185367,1.00013005983676,2015,1,1,"Winter",0.972676325472476,0.759944499131137,0.337694942951202,0.0972765758633614,4,25,22,FALSE,TRUE,TRUE,0.974465821685151
171,1633000,"2015-01-02",0.0200951211736538,0.94455272793661,0.999738536926351,2015,1,2,"Winter",0.972676325472476,0.759944499131137,0.337694942951202,0.0972765758633614,4,25,22,FALSE,TRUE,TRUE,0.974465821685151
172,1633000,"2015-01-07",0.0324688225518912,0.953729971931508,0.997655554812463,2015,1,7,"Winter",0.97919625928488,0.803993814576894,0.685328602790833,0.685328602790833,1,16,16,FALSE,TRUE,TRUE,0.979391665669513
172,1633000,"2015-01-08",0.0309127634391189,0.952075283595965,0.998265034774788,2015,1,8,"Winter",0.97919625928488,0.803993814576894,0.685328602790833,0.685328602790833,1,16,16,FALSE,TRUE,TRUE,0.979391665669513
172,1633000,"2015-01-09",0.0293935269583017,0.950854070882104,0.998717314969833,2015,1,9,"Winter",0.97919625928488,0.803993814576894,0.685328602790833,0.685328602790833,1,16,16,FALSE,TRUE,TRUE,0.979391665669513
172,1633000,"2015-01-10",0.0279336078092456,0.950331950598267,0.999450893360164,2015,1,10,"Winter",0.97919625928488,0.803993814576894,0.685328602790833,0.685328602790833,1,16,16,FALSE,TRUE,TRUE,0.979391665669513
172,1633000,"2015-01-11",0.0268227392807603,0.960231827694037,1.01041728323407,2015,1,11,"Winter",0.97919625928488,0.803993814576894,0.685328602790833,0.685328602790833,1,16,16,FALSE,TRUE,TRUE,0.979391665669513
172,1633000,"2015-01-12",0.0271476802881807,1.01211438563449,1.05403128332566,2015,1,12,"Winter",0.97919625928488,0.803993814576894,0.685328602790833,0.685328602790833,1,16,16,FALSE,TRUE,TRUE,0.979391665669513
172,1633000,"2015-01-13",0.0284817945212126,1.04914284457714,1.03658525110226,2015,1,13,"Winter",0.97919625928488,0.803993814576894,0.685328602790833,0.685328602790833,1,16,16,FALSE,TRUE,TRUE,0.979391665669513
172,1633000,"2015-01-14",0.0269241828937083,0.945312026377265,0.901032715672078,2015,1,14,"Winter",0.97919625928488,0.803993814576894,0.685328602790833,0.685328602790833,1,16,16,FALSE,TRUE,TRUE,0.979391665669513
172,1633000,"2015-01-15",0.0253757594618946,0.942489492144418,0.99701417716681,2015,1,15,"Winter",0.97919625928488,0.803993814576894,0.685328602790833,0.685328602790833,1,16,16,FALSE,TRUE,TRUE,0.979391665669513
172,1633000,"2015-01-16",0.0239172755391337,0.942524521287686,1.00003716661412,2015,1,16,"Winter",0.97919625928488,0.803993814576894,0.685328602790833,0.685328602790833,1,16,16,FALSE,TRUE,TRUE,0.979391665669513
172,1633000,"2015-01-17",0.0225413258303888,0.942470466316552,0.999942648737605,2015,1,17,"Winter",0.97919625928488,0.803993814576894,0.685328602790833,0.685328602790833,1,16,16,FALSE,TRUE,TRUE,0.979391665669513
172,1633000,"2015-01-18",0.0227097813040018,1.00747318391476,1.06897056185989,2015,1,18,"Winter",0.97919625928488,0.803993814576894,0.685328602790833,0.685328602790833,1,16,16,FALSE,TRUE,TRUE,0.979391665669513
172,1633000,"2015-01-19",0.0242658746428788,1.06852084210088,1.0605948219375,2015,1,19,"Winter",0.97919625928488,0.803993814576894,0.685328602790833,0.685328602790833,1,16,16,FALSE,TRUE,TRUE,0.979391665669513
172,1633000,"2015-01-20",0.0242340649710968,0.998689119092137,0.934646363217922,2015,1,20,"Winter",0.97919625928488,0.803993814576894,0.685328602790833,0.685328602790833,1,16,16,FALSE,TRUE,TRUE,0.979391665669513
172,1633000,"2015-01-21",0.0238577702548355,0.98447248875869,0.985764708895226,2015,1,21,"Winter",0.97919625928488,0.803993814576894,0.685328602790833,0.685328602790833,1,16,16,FALSE,TRUE,TRUE,0.979391665669513
172,1633000,"2015-01-22",0.0236966488882899,0.993246587387482,1.00891248737672,2015,1,22,"Winter",0.97919625928488,0.803993814576894,0.685328602790833,0.685328602790833,1,16,16,FALSE,TRUE,TRUE,0.979391665669513
173,1633000,"2015-02-06",0.0414853111142292,0.954292630308734,0.990701140186683,2015,2,6,"Winter",0.961364700040357,0.972063878363198,0.338287830352783,0.038119912147522,2,26,25,FALSE,TRUE,TRUE,0.948474414920315
173,1633000,"2015-02-07",0.0392203833907843,0.945404104185008,0.990685743721137,2015,2,7,"Winter",0.961364700040357,0.972063878363198,0.338287830352783,0.038119912147522,2,26,25,FALSE,TRUE,TRUE,0.948474414920315
173,1633000,"2015-02-08",0.038084601983428,0.971041042713948,1.02711743942665,2015,2,8,"Winter",0.961364700040357,0.972063878363198,0.338287830352783,0.038119912147522,2,26,25,FALSE,TRUE,TRUE,0.948474414920315
173,1633000,"2015-02-09",0.0410355178173631,1.07748317378292,1.10961651092674,2015,2,9,"Winter",0.961364700040357,0.972063878363198,0.338287830352783,0.038119912147522,2,26,25,FALSE,TRUE,TRUE,0.948474414920315
173,1633000,"2015-02-10",0.0423496735747904,1.03202483671039,0.957810629271424,2015,2,10,"Winter",0.961364700040357,0.972063878363198,0.338287830352783,0.038119912147522,2,26,25,FALSE,TRUE,TRUE,0.948474414920315
173,1633000,"2015-02-11",0.0402270796475932,0.949879332046123,0.920403558381303,2015,2,11,"Winter",0.961364700040357,0.972063878363198,0.338287830352783,0.038119912147522,2,26,25,FALSE,TRUE,TRUE,0.948474414920315
173,1633000,"2015-02-12",0.0378513939213008,0.940943122217558,0.990592268378642,2015,2,12,"Winter",0.961364700040357,0.972063878363198,0.338287830352783,0.038119912147522,2,26,25,FALSE,TRUE,TRUE,0.948474414920315
173,1633000,"2015-02-13",0.0355884793680162,0.940215819845642,0.9992270495902,2015,2,13,"Winter",0.961364700040357,0.972063878363198,0.338287830352783,0.038119912147522,2,26,25,FALSE,TRUE,TRUE,0.948474414920315
173,1633000,"2015-02-14",0.0334614628227428,0.940233002841224,1.00001827558654,2015,2,14,"Winter",0.961364700040357,0.972063878363198,0.338287830352783,0.038119912147522,2,26,25,FALSE,TRUE,TRUE,0.948474414920315
173,1633000,"2015-02-15",0.0314657129347324,0.940356765076813,1.00013162932509,2015,2,15,"Winter",0.961364700040357,0.972063878363198,0.338287830352783,0.038119912147522,2,26,25,FALSE,TRUE,TRUE,0.948474414920315
173,1633000,"2015-02-16",0.0295940155629069,0.940516289088764,1.00016964201022,2015,2,16,"Winter",0.961364700040357,0.972063878363198,0.338287830352783,0.038119912147522,2,26,25,FALSE,TRUE,TRUE,0.948474414920315
173,1633000,"2015-02-17",0.0278417530935258,0.940789972700515,1.00029099295241,2015,2,17,"Winter",0.961364700040357,0.972063878363198,0.338287830352783,0.038119912147522,2,26,25,FALSE,TRUE,TRUE,0.948474414920315
173,1633000,"2015-02-18",0.0262012340826914,0.941077021790848,1.00030511495516,2015,2,18,"Winter",0.961364700040357,0.972063878363198,0.338287830352783,0.038119912147522,2,26,25,FALSE,TRUE,TRUE,0.948474414920315
173,1633000,"2015-02-19",0.0246641309931874,0.941334706424406,1.00027381885605,2015,2,19,"Winter",0.961364700040357,0.972063878363198,0.338287830352783,0.038119912147522,2,26,25,FALSE,TRUE,TRUE,0.948474414920315
173,1633000,"2015-02-20",0.023224777134601,0.941641817464237,1.00032625062875,2015,2,20,"Winter",0.961364700040357,0.972063878363198,0.338287830352783,0.038119912147522,2,26,25,FALSE,TRUE,TRUE,0.948474414920315
173,1633000,"2015-02-21",0.0218774649547413,0.941988154631096,1.00036780138736,2015,2,21,"Winter",0.961364700040357,0.972063878363198,0.338287830352783,0.038119912147522,2,26,25,FALSE,TRUE,TRUE,0.948474414920315
173,1633000,"2015-02-22",0.0206155115156434,0.94231719983515,1.00034930927999,2015,2,22,"Winter",0.961364700040357,0.972063878363198,0.338287830352783,0.038119912147522,2,26,25,FALSE,TRUE,TRUE,0.948474414920315
173,1633000,"2015-02-23",0.0194137670914643,0.941706786015603,0.999352220441638,2015,2,23,"Winter",0.961364700040357,0.972063878363198,0.338287830352783,0.038119912147522,2,26,25,FALSE,TRUE,TRUE,0.948474414920315
173,1633000,"2015-02-24",0.0182853693258949,0.941876413771054,1.00018012799522,2015,2,24,"Winter",0.961364700040357,0.972063878363198,0.338287830352783,0.038119912147522,2,26,25,FALSE,TRUE,TRUE,0.948474414920315
173,1633000,"2015-02-25",0.0172316207899712,0.942372039790775,1.00052621130806,2015,2,25,"Winter",0.961364700040357,0.972063878363198,0.338287830352783,0.038119912147522,2,26,25,FALSE,TRUE,TRUE,0.948474414920315
173,1633000,"2015-02-26",0.0162476862897165,0.942899480423377,1.00055969469629,2015,2,26,"Winter",0.961364700040357,0.972063878363198,0.338287830352783,0.038119912147522,2,26,25,FALSE,TRUE,TRUE,0.948474414920315
173,1633000,"2015-02-27",0.0153287827270105,0.943444035887894,1.00057753289277,2015,2,27,"Winter",0.961364700040357,0.972063878363198,0.338287830352783,0.038119912147522,2,26,25,FALSE,TRUE,TRUE,0.948474414920315
173,1633000,"2015-02-28",0.0144696831703186,0.94395513512119,1.00054173773309,2015,2,28,"Winter",0.961364700040357,0.972063878363198,0.338287830352783,0.038119912147522,2,26,25,FALSE,TRUE,TRUE,0.948474414920315
173,1633000,"2015-03-01",0.0136662835720927,0.944477042878592,1.00055289466415,2015,3,1,"Spring",0.961364700040357,0.972063878363198,0.338287830352783,0.038119912147522,2,26,25,FALSE,TRUE,TRUE,0.948474414920315
173,1633000,"2015-03-02",0.0129122686339542,0.944826628676272,1.00037013689249,2015,3,2,"Spring",0.961364700040357,0.972063878363198,0.338287830352783,0.038119912147522,2,26,25,FALSE,TRUE,TRUE,0.948474414920315
174,1633000,"2015-04-16",0.0414361805887893,0.947018157029769,0.795338758924711,2015,4,16,"Spring",0.970796686675636,0.767948880187133,0.337694942951202,3.81486534024589e-05,5,26,22,FALSE,TRUE,TRUE,0.976236678579181
174,1633000,"2015-04-17",0.039187888847664,0.945740854751136,0.998651237815081,2015,4,17,"Spring",0.970796686675636,0.767948880187133,0.337694942951202,3.81486534024589e-05,5,26,22,FALSE,TRUE,TRUE,0.976236678579181
174,1633000,"2015-04-18",0.0370061692083255,0.944326686037628,0.99850469744814,2015,4,18,"Spring",0.970796686675636,0.767948880187133,0.337694942951202,3.81486534024589e-05,5,26,22,FALSE,TRUE,TRUE,0.976236678579181
174,1633000,"2015-04-19",0.0349271263694391,0.943819020358945,0.999462404604053,2015,4,19,"Spring",0.970796686675636,0.767948880187133,0.337694942951202,3.81486534024589e-05,5,26,22,FALSE,TRUE,TRUE,0.976236678579181
174,1633000,"2015-04-20",0.0436851477716118,1.25075127308028,1.32520244464305,2015,4,20,"Spring",0.970796686675636,0.767948880187133,0.337694942951202,3.81486534024589e-05,5,26,22,FALSE,TRUE,TRUE,0.976236678579181
174,1633000,"2015-04-21",0.0433338218135759,0.99195777109711,0.793089555411102,2015,4,21,"Spring",0.970796686675636,0.767948880187133,0.337694942951202,3.81486534024589e-05,5,26,22,FALSE,TRUE,TRUE,0.976236678579181
174,1633000,"2015-04-22",0.041909433202818,0.967129864130478,0.9749708024978,2015,4,22,"Spring",0.970796686675636,0.767948880187133,0.337694942951202,3.81486534024589e-05,5,26,22,FALSE,TRUE,TRUE,0.976236678579181
174,1633000,"2015-04-23",0.0403238859726116,0.962167294829942,0.994868766352285,2015,4,23,"Spring",0.970796686675636,0.767948880187133,0.337694942951202,3.81486534024589e-05,5,26,22,FALSE,TRUE,TRUE,0.976236678579181
174,1633000,"2015-04-24",0.0386060221353546,0.957398355941592,0.995043545011377,2015,4,24,"Spring",0.970796686675636,0.767948880187133,0.337694942951202,3.81486534024589e-05,5,26,22,FALSE,TRUE,TRUE,0.976236678579181
174,1633000,"2015-04-25",0.0369730094680563,0.957700571647271,1.00031566348929,2015,4,25,"Spring",0.970796686675636,0.767948880187133,0.337694942951202,3.81486534024589e-05,5,26,22,FALSE,TRUE,TRUE,0.976236678579181
174,1633000,"2015-04-26",0.0392646983964369,1.06198275340179,1.10888808552672,2015,4,26,"Spring",0.970796686675636,0.767948880187133,0.337694942951202,3.81486534024589e-05,5,26,22,FALSE,TRUE,TRUE,0.976236678579181
174,1633000,"2015-04-27",0.0370822270633653,0.94441644983399,0.889295468131468,2015,4,27,"Spring",0.970796686675636,0.767948880187133,0.337694942951202,3.81486534024589e-05,5,26,22,FALSE,TRUE,TRUE,0.976236678579181
174,1633000,"2015-04-28",0.0349097774596885,0.941415341641575,0.996822261839104,2015,4,28,"Spring",0.970796686675636,0.767948880187133,0.337694942951202,3.81486534024589e-05,5,26,22,FALSE,TRUE,TRUE,0.976236678579181
174,1633000,"2015-04-29",0.03281005541794,0.939852895247668,0.998340321933588,2015,4,29,"Spring",0.970796686675636,0.767948880187133,0.337694942951202,3.81486534024589e-05,5,26,22,FALSE,TRUE,TRUE,0.976236678579181
174,1633000,"2015-04-30",0.0307516892207787,0.937264165788764,0.997245601442529,2015,4,30,"Spring",0.970796686675636,0.767948880187133,0.337694942951202,3.81486534024589e-05,5,26,22,FALSE,TRUE,TRUE,0.976236678579181
174,1633000,"2015-05-01",0.0317298468435183,1.03180825663648,1.10087240534599,2015,5,1,"Spring",0.970796686675636,0.767948880187133,0.337694942951202,3.81486534024589e-05,5,26,22,FALSE,TRUE,TRUE,0.976236678579181
174,1633000,"2015-05-02",0.029758719727397,0.937877824439483,0.90896522528014,2015,5,2,"Spring",0.970796686675636,0.767948880187133,0.337694942951202,3.81486534024589e-05,5,26,22,FALSE,TRUE,TRUE,0.976236678579181
174,1633000,"2015-05-03",0.0278004189021886,0.934194049907142,0.996072223442811,2015,5,3,"Spring",0.970796686675636,0.767948880187133,0.337694942951202,3.81486534024589e-05,5,26,22,FALSE,TRUE,TRUE,0.976236678579181
174,1633000,"2015-05-04",0.0258523444645107,0.929926435837824,0.995431769160012,2015,5,4,"Spring",0.970796686675636,0.767948880187133,0.337694942951202,3.81486534024589e-05,5,26,22,FALSE,TRUE,TRUE,0.976236678579181
174,1633000,"2015-05-05",0.0244858426740393,0.947142055439218,1.01851288331844,2015,5,5,"Spring",0.970796686675636,0.767948880187133,0.337694942951202,3.81486534024589e-05,5,26,22,FALSE,TRUE,TRUE,0.976236678579181
174,1633000,"2015-05-06",0.0266508983913809,1.08842071502963,1.14916311526775,2015,5,6,"Spring",0.970796686675636,0.767948880187133,0.337694942951202,3.81486534024589e-05,5,26,22,FALSE,TRUE,TRUE,0.976236678579181
174,1633000,"2015-05-07",0.0279341714922339,1.04815121359166,0.963001897260955,2015,5,7,"Spring",0.970796686675636,0.767948880187133,0.337694942951202,3.81486534024589e-05,5,26,22,FALSE,TRUE,TRUE,0.976236678579181
176,1633000,"2015-07-20",0.0188880831119604,0.907105924420836,0.986322029177195,2015,7,20,"Summer",0.923516761927419,0.644117404245225,0.350201368331909,4.94256710226182e-05,5,15,11,FALSE,TRUE,TRUE,0.950405583754083
176,1633000,"2015-07-21",0.0170453276368789,0.902438195334146,0.994854262373305,2015,7,21,"Summer",0.923516761927419,0.644117404245225,0.350201368331909,4.94256710226182e-05,5,15,11,FALSE,TRUE,TRUE,0.950405583754083
176,1633000,"2015-07-22",0.0154366741189733,0.905624957632074,1.00353128038508,2015,7,22,"Summer",0.923516761927419,0.644117404245225,0.350201368331909,4.94256710226182e-05,5,15,11,FALSE,TRUE,TRUE,0.950405583754083
176,1633000,"2015-07-23",0.0138965637888759,0.900230430581908,0.994043310086913,2015,7,23,"Summer",0.923516761927419,0.644117404245225,0.350201368331909,4.94256710226182e-05,5,15,11,FALSE,TRUE,TRUE,0.950405583754083
176,1633000,"2015-07-24",0.012387872178806,0.891434196756062,0.990228908591592,2015,7,24,"Summer",0.923516761927419,0.644117404245225,0.350201368331909,4.94256710226182e-05,5,15,11,FALSE,TRUE,TRUE,0.950405583754083
176,1633000,"2015-07-25",0.0109148123301566,0.881088549559816,0.988394379266698,2015,7,25,"Summer",0.923516761927419,0.644117404245225,0.350201368331909,4.94256710226182e-05,5,15,11,FALSE,TRUE,TRUE,0.950405583754083
176,1633000,"2015-07-26",0.00983921712031588,0.901455455457633,1.02311561750291,2015,7,26,"Summer",0.923516761927419,0.644117404245225,0.350201368331909,4.94256710226182e-05,5,15,11,FALSE,TRUE,TRUE,0.950405583754083
176,1633000,"2015-07-27",0.0136500847875141,1.3873141145884,1.53897134482825,2015,7,27,"Summer",0.923516761927419,0.644117404245225,0.350201368331909,4.94256710226182e-05,5,15,11,FALSE,TRUE,TRUE,0.950405583754083
176,1633000,"2015-07-28",0.0127009326824918,0.930465479167542,0.67069560482602,2015,7,28,"Summer",0.923516761927419,0.644117404245225,0.350201368331909,4.94256710226182e-05,5,15,11,FALSE,TRUE,TRUE,0.950405583754083
176,1633000,"2015-07-29",0.0114084198721684,0.898234811361128,0.96536070544471,2015,7,29,"Summer",0.923516761927419,0.644117404245225,0.350201368331909,4.94256710226182e-05,5,15,11,FALSE,TRUE,TRUE,0.950405583754083
176,1633000,"2015-07-30",0.0100840792583767,0.883915509016062,0.984058397465839,2015,7,30,"Summer",0.923516761927419,0.644117404245225,0.350201368331909,4.94256710226182e-05,5,15,11,FALSE,TRUE,TRUE,0.950405583754083
177,1633000,"2015-10-14",0.0281830824678764,0.930861993304676,0.997582381791683,2015,10,14,"Fall",0.967089348175917,0.207099050107674,0.402267217636108,0.00149138597771525,8,33,26,FALSE,TRUE,TRUE,0.983292859860993
177,1633000,"2015-10-15",0.0262109013274312,0.930022518200658,0.999098174476929,2015,10,15,"Fall",0.967089348175917,0.207099050107674,0.402267217636108,0.00149138597771525,8,33,26,FALSE,TRUE,TRUE,0.983292859860993
177,1633000,"2015-10-16",0.0243593429913744,0.929359226799309,0.999286800708189,2015,10,16,"Fall",0.967089348175917,0.207099050107674,0.402267217636108,0.00149138597771525,8,33,26,FALSE,TRUE,TRUE,0.983292859860993
177,1633000,"2015-10-17",0.0226316800108179,0.929075961483515,0.999695203633186,2015,10,17,"Fall",0.967089348175917,0.207099050107674,0.402267217636108,0.00149138597771525,8,33,26,FALSE,TRUE,TRUE,0.983292859860993
177,1633000,"2015-10-18",0.0210405457764864,0.929694382671945,1.00066563038338,2015,10,18,"Fall",0.967089348175917,0.207099050107674,0.402267217636108,0.00149138597771525,8,33,26,FALSE,TRUE,TRUE,0.983292859860993
177,1633000,"2015-10-19",0.0195619993028231,0.929728701461935,1.00003691405545,2015,10,19,"Fall",0.967089348175917,0.207099050107674,0.402267217636108,0.00149138597771525,8,33,26,FALSE,TRUE,TRUE,0.983292859860993
177,1633000,"2015-10-20",0.0181475764256902,0.927695382499642,0.997812997534555,2015,10,20,"Fall",0.967089348175917,0.207099050107674,0.402267217636108,0.00149138597771525,8,33,26,FALSE,TRUE,TRUE,0.983292859860993
177,1633000,"2015-10-21",0.0167754780850373,0.924392199351176,0.996439366616695,2015,10,21,"Fall",0.967089348175917,0.207099050107674,0.402267217636108,0.00149138597771525,8,33,26,FALSE,TRUE,TRUE,0.983292859860993
177,1633000,"2015-10-22",0.0154593883198686,0.921546810260949,0.996921881110394,2015,10,22,"Fall",0.967089348175917,0.207099050107674,0.402267217636108,0.00149138597771525,8,33,26,FALSE,TRUE,TRUE,0.983292859860993
177,1633000,"2015-10-23",0.0142248494667001,0.920143098315097,0.998476787147194,2015,10,23,"Fall",0.967089348175917,0.207099050107674,0.402267217636108,0.00149138597771525,8,33,26,FALSE,TRUE,TRUE,0.983292859860993
177,1633000,"2015-10-24",0.013089511252474,0.920186275652065,1.00004692458928,2015,10,24,"Fall",0.967089348175917,0.207099050107674,0.402267217636108,0.00149138597771525,8,33,26,FALSE,TRUE,TRUE,0.983292859860993
177,1633000,"2015-10-25",0.0120493715512566,0.920536398865098,1.00038049167032,2015,10,25,"Fall",0.967089348175917,0.207099050107674,0.402267217636108,0.00149138597771525,8,33,26,FALSE,TRUE,TRUE,0.983292859860993
177,1633000,"2015-10-26",0.011089033796452,0.92029976412301,0.999742938201706,2015,10,26,"Fall",0.967089348175917,0.207099050107674,0.402267217636108,0.00149138597771525,8,33,26,FALSE,TRUE,TRUE,0.983292859860993
177,1633000,"2015-10-27",0.0103671446850058,0.934900630235505,1.01586533723217,2015,10,27,"Fall",0.967089348175917,0.207099050107674,0.402267217636108,0.00149138597771525,8,33,26,FALSE,TRUE,TRUE,0.983292859860993
177,1633000,"2015-10-28",0.0182050737203099,1.75603546332678,1.87831241795658,2015,10,28,"Fall",0.967089348175917,0.207099050107674,0.402267217636108,0.00149138597771525,8,33,26,FALSE,TRUE,TRUE,0.983292859860993
177,1633000,"2015-10-29",0.0250313620781526,1.37496625735864,0.782994584149108,2015,10,29,"Fall",0.967089348175917,0.207099050107674,0.402267217636108,0.00149138597771525,8,33,26,FALSE,TRUE,TRUE,0.983292859860993
177,1633000,"2015-10-30",0.0235032600467093,0.938952501798653,0.682891304985488,2015,10,30,"Fall",0.967089348175917,0.207099050107674,0.402267217636108,0.00149138597771525,8,33,26,FALSE,TRUE,TRUE,0.983292859860993
177,1633000,"2015-10-31",0.021997282456141,0.935924736075955,0.996775379247727,2015,10,31,"Fall",0.967089348175917,0.207099050107674,0.402267217636108,0.00149138597771525,8,33,26,FALSE,TRUE,TRUE,0.983292859860993
177,1633000,"2015-11-01",0.0205239662900567,0.93302281002111,0.996899402331204,2015,11,1,"Fall",0.967089348175917,0.207099050107674,0.402267217636108,0.00149138597771525,8,33,26,FALSE,TRUE,TRUE,0.983292859860993
177,1633000,"2015-11-02",0.0190807700273581,0.929682389733908,0.996419787114179,2015,11,2,"Fall",0.967089348175917,0.207099050107674,0.402267217636108,0.00149138597771525,8,33,26,FALSE,TRUE,TRUE,0.983292859860993
177,1633000,"2015-11-03",0.0176915297633968,0.927191603799566,0.997320820570717,2015,11,3,"Fall",0.967089348175917,0.207099050107674,0.402267217636108,0.00149138597771525,8,33,26,FALSE,TRUE,TRUE,0.983292859860993
177,1633000,"2015-11-04",0.0163689399487339,0.925241636401656,0.997896909991507,2015,11,4,"Fall",0.967089348175917,0.207099050107674,0.402267217636108,0.00149138597771525,8,33,26,FALSE,TRUE,TRUE,0.983292859860993
177,1633000,"2015-11-05",0.015096568968147,0.922269188806862,0.996787382368183,2015,11,5,"Fall",0.967089348175917,0.207099050107674,0.402267217636108,0.00149138597771525,8,33,26,FALSE,TRUE,TRUE,0.983292859860993
177,1633000,"2015-11-06",0.0138675485504791,0.918589421194902,0.996010093737686,2015,11,6,"Fall",0.967089348175917,0.207099050107674,0.402267217636108,0.00149138597771525,8,33,26,FALSE,TRUE,TRUE,0.983292859860993
177,1633000,"2015-11-07",0.0128206320805475,0.924506017330984,1.00644095827751,2015,11,7,"Fall",0.967089348175917,0.207099050107674,0.402267217636108,0.00149138597771525,8,33,26,FALSE,TRUE,TRUE,0.983292859860993
177,1633000,"2015-11-08",0.0119229690462816,0.929982934645799,1.0059241553999,2015,11,8,"Fall",0.967089348175917,0.207099050107674,0.402267217636108,0.00149138597771525,8,33,26,FALSE,TRUE,TRUE,0.983292859860993
178,1633000,"2015-11-13",0.0209908374235965,0.979470895357984,0.988072446374659,2015,11,13,"Fall",0.978886549317752,0.519006039671805,0.558350920677185,0.558350920677185,1,16,16,FALSE,TRUE,TRUE,0.977245544785208
178,1633000,"2015-11-14",0.0196194222080521,0.934666007464631,0.954256029346357,2015,11,14,"Fall",0.978886549317752,0.519006039671805,0.558350920677185,0.558350920677185,1,16,16,FALSE,TRUE,TRUE,0.977245544785208
178,1633000,"2015-11-15",0.0183001573896036,0.932757203323392,0.997957768736646,2015,11,15,"Fall",0.978886549317752,0.519006039671805,0.558350920677185,0.558350920677185,1,16,16,FALSE,TRUE,TRUE,0.977245544785208
178,1633000,"2015-11-16",0.0170380770578049,0.931034454790228,0.998153057915794,2015,11,16,"Fall",0.978886549317752,0.519006039671805,0.558350920677185,0.558350920677185,1,16,16,FALSE,TRUE,TRUE,0.977245544785208
178,1633000,"2015-11-17",0.0158463174011558,0.930053159602119,0.998946016247776,2015,11,17,"Fall",0.978886549317752,0.519006039671805,0.558350920677185,0.558350920677185,1,16,16,FALSE,TRUE,TRUE,0.977245544785208
178,1633000,"2015-11-18",0.0147207963746041,0.928972707155946,0.998838289580528,2015,11,18,"Fall",0.978886549317752,0.519006039671805,0.558350920677185,0.558350920677185,1,16,16,FALSE,TRUE,TRUE,0.977245544785208
178,1633000,"2015-11-19",0.0194365307688713,1.32034505975524,1.42129585679377,2015,11,19,"Fall",0.978886549317752,0.519006039671805,0.558350920677185,0.558350920677185,1,16,16,FALSE,TRUE,TRUE,0.977245544785208
178,1633000,"2015-11-20",0.0201754496665671,1.03801701581844,0.786171015030624,2015,11,20,"Fall",0.978886549317752,0.519006039671805,0.558350920677185,0.558350920677185,1,16,16,FALSE,TRUE,TRUE,0.977245544785208
178,1633000,"2015-11-21",0.0190900673624128,0.946202819659929,0.91154846716446,2015,11,21,"Fall",0.978886549317752,0.519006039671805,0.558350920677185,0.558350920677185,1,16,16,FALSE,TRUE,TRUE,0.977245544785208
178,1633000,"2015-11-22",0.0180647448287345,0.946290261096875,1.00009241299553,2015,11,22,"Fall",0.978886549317752,0.519006039671805,0.558350920677185,0.558350920677185,1,16,16,FALSE,TRUE,TRUE,0.977245544785208
178,1633000,"2015-11-23",0.0170908289728686,0.946087483377193,0.999785712980448,2015,11,23,"Fall",0.978886549317752,0.519006039671805,0.558350920677185,0.558350920677185,1,16,16,FALSE,TRUE,TRUE,0.977245544785208
178,1633000,"2015-11-24",0.0161482427502051,0.944848419923933,0.998690328880754,2015,11,24,"Fall",0.978886549317752,0.519006039671805,0.558350920677185,0.558350920677185,1,16,16,FALSE,TRUE,TRUE,0.977245544785208
178,1633000,"2015-11-25",0.0152270416147076,0.942953474892131,0.99799444546676,2015,11,25,"Fall",0.978886549317752,0.519006039671805,0.558350920677185,0.558350920677185,1,16,16,FALSE,TRUE,TRUE,0.977245544785208
178,1633000,"2015-11-26",0.0143322630901821,0.941237533385263,0.998180247962855,2015,11,26,"Fall",0.978886549317752,0.519006039671805,0.558350920677185,0.558350920677185,1,16,16,FALSE,TRUE,TRUE,0.977245544785208
178,1633000,"2015-11-27",0.0134557644487359,0.938844365615459,0.997457424204922,2015,11,27,"Fall",0.978886549317752,0.519006039671805,0.558350920677185,0.558350920677185,1,16,16,FALSE,TRUE,TRUE,0.977245544785208
178,1633000,"2015-11-28",0.0126022062613629,0.936565611665923,0.997572809687107,2015,11,28,"Fall",0.978886549317752,0.519006039671805,0.558350920677185,0.558350920677185,1,16,16,FALSE,TRUE,TRUE,0.977245544785208
179,1633000,"2015-12-05",0.0344631496118382,0.940987283660658,0.999990031679522,2015,12,5,"Winter",0.962207373161255,0.569866975396891,0.303096532821655,0.303096532821655,1,17,17,FALSE,TRUE,TRUE,0.969217337218415
179,1633000,"2015-12-06",0.0324313663877547,0.941044760941248,1.00006108188876,2015,12,6,"Winter",0.962207373161255,0.569866975396891,0.303096532821655,0.303096532821655,1,17,17,FALSE,TRUE,TRUE,0.969217337218415
179,1633000,"2015-12-07",0.030511945602484,0.940815913757016,0.999756815835197,2015,12,7,"Winter",0.962207373161255,0.569866975396891,0.303096532821655,0.303096532821655,1,17,17,FALSE,TRUE,TRUE,0.969217337218415
179,1633000,"2015-12-08",0.0286670763744041,0.939536165536107,0.998639746413516,2015,12,8,"Winter",0.962207373161255,0.569866975396891,0.303096532821655,0.303096532821655,1,17,17,FALSE,TRUE,TRUE,0.969217337218415
179,1633000,"2015-12-09",0.0268937466898933,0.938140546271604,0.998514565680708,2015,12,9,"Winter",0.962207373161255,0.569866975396891,0.303096532821655,0.303096532821655,1,17,17,FALSE,TRUE,TRUE,0.969217337218415
179,1633000,"2015-12-10",0.0252007695380599,0.937049412588181,0.998836918745535,2015,12,10,"Winter",0.962207373161255,0.569866975396891,0.303096532821655,0.303096532821655,1,17,17,FALSE,TRUE,TRUE,0.969217337218415
179,1633000,"2015-12-11",0.0235784231917933,0.935623142626005,0.998477913818614,2015,12,11,"Winter",0.962207373161255,0.569866975396891,0.303096532821655,0.303096532821655,1,17,17,FALSE,TRUE,TRUE,0.969217337218415
179,1633000,"2015-12-12",0.022018316492904,0.933833289605545,0.998086993642081,2015,12,12,"Winter",0.962207373161255,0.569866975396891,0.303096532821655,0.303096532821655,1,17,17,FALSE,TRUE,TRUE,0.969217337218415
179,1633000,"2015-12-13",0.0205205289530568,0.931975383298269,0.998010451835508,2015,12,13,"Winter",0.962207373161255,0.569866975396891,0.303096532821655,0.303096532821655,1,17,17,FALSE,TRUE,TRUE,0.969217337218415
179,1633000,"2015-12-14",0.0190887548378669,0.93022723154626,0.998124251151546,2015,12,14,"Winter",0.962207373161255,0.569866975396891,0.303096532821655,0.303096532821655,1,17,17,FALSE,TRUE,TRUE,0.969217337218415
179,1633000,"2015-12-15",0.0177785207051784,0.93136094293121,1.00121874671747,2015,12,15,"Winter",0.962207373161255,0.569866975396891,0.303096532821655,0.303096532821655,1,17,17,FALSE,TRUE,TRUE,0.969217337218415
179,1633000,"2015-12-16",0.0165707494015805,0.932065703124217,1.00075669932088,2015,12,16,"Winter",0.962207373161255,0.569866975396891,0.303096532821655,0.303096532821655,1,17,17,FALSE,TRUE,TRUE,0.969217337218415
179,1633000,"2015-12-17",0.0204320094780996,1.23301662362662,1.3228859505222,2015,12,17,"Winter",0.962207373161255,0.569866975396891,0.303096532821655,0.303096532821655,1,17,17,FALSE,TRUE,TRUE,0.969217337218415
179,1633000,"2015-12-18",0.0244172655511648,1.19504963901552,0.969208051308,2015,12,18,"Winter",0.962207373161255,0.569866975396891,0.303096532821655,0.303096532821655,1,17,17,FALSE,TRUE,TRUE,0.969217337218415
179,1633000,"2015-12-19",0.0228985109715722,0.937799972875339,0.784737254636463,2015,12,19,"Winter",0.962207373161255,0.569866975396891,0.303096532821655,0.303096532821655,1,17,17,FALSE,TRUE,TRUE,0.969217337218415
179,1633000,"2015-12-20",0.0214854281512089,0.938289314003097,1.00052179690969,2015,12,20,"Winter",0.962207373161255,0.569866975396891,0.303096532821655,0.303096532821655,1,17,17,FALSE,TRUE,TRUE,0.969217337218415
179,1633000,"2015-12-21",0.0201700506149791,0.938778155735483,1.00052099253939,2015,12,21,"Winter",0.962207373161255,0.569866975396891,0.303096532821655,0.303096532821655,1,17,17,FALSE,TRUE,TRUE,0.969217337218415
180,1633000,"2015-12-31",0.0366752952104434,0.956785372620459,0.970351511068031,2015,12,31,"Winter",0.988319832389725,0.339139928301049,0.324235081672668,0.324235081672668,1,31,31,FALSE,TRUE,TRUE,0.988185736133936
180,1633000,"2016-01-01",0.034989302395843,0.954029195813525,0.997119336388489,2016,1,1,"Winter",0.988319832389725,0.339139928301049,0.324235081672668,0.324235081672668,1,31,31,FALSE,TRUE,TRUE,0.988185736133936
180,1633000,"2016-01-02",0.0332846026867628,0.951279402778756,0.997117705572497,2016,1,2,"Winter",0.988319832389725,0.339139928301049,0.324235081672668,0.324235081672668,1,31,31,FALSE,TRUE,TRUE,0.988185736133936
180,1633000,"2016-01-03",0.0315865443553775,0.94898366829355,0.997586687487924,2016,1,3,"Winter",0.988319832389725,0.339139928301049,0.324235081672668,0.324235081672668,1,31,31,FALSE,TRUE,TRUE,0.988185736133936
180,1633000,"2016-01-04",0.0299160509603098,0.947113765397279,0.998029573154158,2016,1,4,"Winter",0.988319832389725,0.339139928301049,0.324235081672668,0.324235081672668,1,31,31,FALSE,TRUE,TRUE,0.988185736133936
180,1633000,"2016-01-05",0.0283254120731726,0.946829917850872,0.999700302585838,2016,1,5,"Winter",0.988319832389725,0.339139928301049,0.324235081672668,0.324235081672668,1,31,31,FALSE,TRUE,TRUE,0.988185736133936
180,1633000,"2016-01-06",0.0268081577960402,0.946434873631743,0.999582771718889,2016,1,6,"Winter",0.988319832389725,0.339139928301049,0.324235081672668,0.324235081672668,1,31,31,FALSE,TRUE,TRUE,0.988185736133936
180,1633000,"2016-01-07",0.0253495828947052,0.945592124888552,0.999109554427178,2016,1,7,"Winter",0.988319832389725,0.339139928301049,0.324235081672668,0.324235081672668,1,31,31,FALSE,TRUE,TRUE,0.988185736133936
180,1633000,"2016-01-08",0.0239297149819322,0.943988509843702,0.998304115482096,2016,1,8,"Winter",0.988319832389725,0.339139928301049,0.324235081672668,0.324235081672668,1,31,31,FALSE,TRUE,TRUE,0.988185736133936
180,1633000,"2016-01-09",0.022554284078069,0.942522052397964,0.998446530407472,2016,1,9,"Winter",0.988319832389725,0.339139928301049,0.324235081672668,0.324235081672668,1,31,31,FALSE,TRUE,TRUE,0.988185736133936
180,1633000,"2016-01-10",0.0307513160514645,1.36343569784891,1.4465822782396,2016,1,10,"Winter",0.988319832389725,0.339139928301049,0.324235081672668,0.324235081672668,1,31,31,FALSE,TRUE,TRUE,0.988185736133936
180,1633000,"2016-01-11",0.0329941239906475,1.07293372210248,0.786933864057723,2016,1,11,"Winter",0.988319832389725,0.339139928301049,0.324235081672668,0.324235081672668,1,31,31,FALSE,TRUE,TRUE,0.988185736133936
180,1633000,"2016-01-12",0.0323008719133213,0.978988619988132,0.912440908344036,2016,1,12,"Winter",0.988319832389725,0.339139928301049,0.324235081672668,0.324235081672668,1,31,31,FALSE,TRUE,TRUE,0.988185736133936
180,1633000,"2016-01-13",0.0314165875315666,0.972623513565589,0.993498283542233,2016,1,13,"Winter",0.988319832389725,0.339139928301049,0.324235081672668,0.324235081672668,1,31,31,FALSE,TRUE,TRUE,0.988185736133936
180,1633000,"2016-01-14",0.0303924020845443,0.967399850604613,0.994629306316248,2016,1,14,"Winter",0.988319832389725,0.339139928301049,0.324235081672668,0.324235081672668,1,31,31,FALSE,TRUE,TRUE,0.988185736133936
180,1633000,"2016-01-15",0.0300441269064322,0.988540715632043,1.02185328539612,2016,1,15,"Winter",0.988319832389725,0.339139928301049,0.324235081672668,0.324235081672668,1,31,31,FALSE,TRUE,TRUE,0.988185736133936
180,1633000,"2016-01-16",0.0368733659852296,1.2273069575317,1.24153404925461,2016,1,16,"Winter",0.988319832389725,0.339139928301049,0.324235081672668,0.324235081672668,1,31,31,FALSE,TRUE,TRUE,0.988185736133936
180,1633000,"2016-01-17",0.0355544361518696,0.964230826285608,0.785647649406976,2016,1,17,"Winter",0.988319832389725,0.339139928301049,0.324235081672668,0.324235081672668,1,31,31,FALSE,TRUE,TRUE,0.988185736133936
180,1633000,"2016-01-18",0.03408133960329,0.958567855153507,0.994126954897391,2016,1,18,"Winter",0.988319832389725,0.339139928301049,0.324235081672668,0.324235081672668,1,31,31,FALSE,TRUE,TRUE,0.988185736133936
180,1633000,"2016-01-19",0.0325817362172529,0.955999282789569,0.997320406322694,2016,1,19,"Winter",0.988319832389725,0.339139928301049,0.324235081672668,0.324235081672668,1,31,31,FALSE,TRUE,TRUE,0.988185736133936
180,1633000,"2016-01-20",0.0310843321494758,0.954041612215122,0.997952225896306,2016,1,20,"Winter",0.988319832389725,0.339139928301049,0.324235081672668,0.324235081672668,1,31,31,FALSE,TRUE,TRUE,0.988185736133936
180,1633000,"2016-01-21",0.0296090483898297,0.952539312971181,0.998425331531973,2016,1,21,"Winter",0.988319832389725,0.339139928301049,0.324235081672668,0.324235081672668,1,31,31,FALSE,TRUE,TRUE,0.988185736133936
180,1633000,"2016-01-22",0.0281746825203299,0.95155650223489,0.998968220289801,2016,1,22,"Winter",0.988319832389725,0.339139928301049,0.324235081672668,0.324235081672668,1,31,31,FALSE,TRUE,TRUE,0.988185736133936
180,1633000,"2016-01-23",0.0267953848233446,0.951044782989477,0.999462229258892,2016,1,23,"Winter",0.988319832389725,0.339139928301049,0.324235081672668,0.324235081672668,1,31,31,FALSE,TRUE,TRUE,0.988185736133936
180,1633000,"2016-01-24",0.0254650524584576,0.950352182898006,0.999271748182778,2016,1,24,"Winter",0.988319832389725,0.339139928301049,0.324235081672668,0.324235081672668,1,31,31,FALSE,TRUE,TRUE,0.988185736133936
180,1633000,"2016-01-25",0.0241871057078242,0.949815663929293,0.99943545247923,2016,1,25,"Winter",0.988319832389725,0.339139928301049,0.324235081672668,0.324235081672668,1,31,31,FALSE,TRUE,TRUE,0.988185736133936
180,1633000,"2016-01-26",0.0229590139933862,0.94922535464668,0.999378501213414,2016,1,26,"Winter",0.988319832389725,0.339139928301049,0.324235081672668,0.324235081672668,1,31,31,FALSE,TRUE,TRUE,0.988185736133936
180,1633000,"2016-01-27",0.021753165172413,0.947478196523572,0.998159385319244,2016,1,27,"Winter",0.988319832389725,0.339139928301049,0.324235081672668,0.324235081672668,1,31,31,FALSE,TRUE,TRUE,0.988185736133936
180,1633000,"2016-01-28",0.0209523102384992,0.963184441088627,1.01657689287488,2016,1,28,"Winter",0.988319832389725,0.339139928301049,0.324235081672668,0.324235081672668,1,31,31,FALSE,TRUE,TRUE,0.988185736133936
180,1633000,"2016-01-29",0.0199386274325661,0.951619520979102,0.987993036830564,2016,1,29,"Winter",0.988319832389725,0.339139928301049,0.324235081672668,0.324235081672668,1,31,31,FALSE,TRUE,TRUE,0.988185736133936
180,1633000,"2016-01-30",0.0188556875218637,0.945686336014603,0.99376517102298,2016,1,30,"Winter",0.988319832389725,0.339139928301049,0.324235081672668,0.324235081672668,1,31,31,FALSE,TRUE,TRUE,0.988185736133936
181,1633000,"2016-03-18",0.0245862422743812,0.918509764054602,0.998250615374447,2016,3,18,"Spring",0.938884750973948,0.955921337536111,0.489265024662018,0.000193402855074964,2,29,28,FALSE,TRUE,TRUE,0.952404071046825
181,1633000,"2016-03-19",0.0234105736017227,0.952181847899402,1.0366594729447,2016,3,19,"Spring",0.938884750973948,0.955921337536111,0.489265024662018,0.000193402855074964,2,29,28,FALSE,TRUE,TRUE,0.952404071046825
181,1633000,"2016-03-20",0.0251662896480411,1.07499671200663,1.1289825723712,2016,3,20,"Spring",0.938884750973948,0.955921337536111,0.489265024662018,0.000193402855074964,2,29,28,FALSE,TRUE,TRUE,0.952404071046825
181,1633000,"2016-03-21",0.0234374353312887,0.931302772838945,0.866330810538518,2016,3,21,"Spring",0.938884750973948,0.955921337536111,0.489265024662018,0.000193402855074964,2,29,28,FALSE,TRUE,TRUE,0.952404071046825
181,1633000,"2016-03-22",0.0216547689051367,0.923939355951112,0.992093423210385,2016,3,22,"Spring",0.938884750973948,0.955921337536111,0.489265024662018,0.000193402855074964,2,29,28,FALSE,TRUE,TRUE,0.952404071046825
181,1633000,"2016-03-23",0.01999998051906,0.923583188842798,0.999614512461214,2016,3,23,"Spring",0.938884750973948,0.955921337536111,0.489265024662018,0.000193402855074964,2,29,28,FALSE,TRUE,TRUE,0.952404071046825
181,1633000,"2016-03-24",0.0183781429077499,0.918908040447111,0.994938032164114,2016,3,24,"Spring",0.938884750973948,0.955921337536111,0.489265024662018,0.000193402855074964,2,29,28,FALSE,TRUE,TRUE,0.952404071046825
181,1633000,"2016-03-25",0.0168522286694497,0.916971249708984,0.997892291009681,2016,3,25,"Spring",0.938884750973948,0.955921337536111,0.489265024662018,0.000193402855074964,2,29,28,FALSE,TRUE,TRUE,0.952404071046825
181,1633000,"2016-03-26",0.0154654514044523,0.917709562800358,1.00080516492923,2016,3,26,"Spring",0.938884750973948,0.955921337536111,0.489265024662018,0.000193402855074964,2,29,28,FALSE,TRUE,TRUE,0.952404071046825
181,1633000,"2016-03-27",0.014180539350491,0.91691726155556,0.999136653602715,2016,3,27,"Spring",0.938884750973948,0.955921337536111,0.489265024662018,0.000193402855074964,2,29,28,FALSE,TRUE,TRUE,0.952404071046825
181,1633000,"2016-03-28",0.0161632965900935,1.13982241370346,1.24310279835908,2016,3,28,"Spring",0.938884750973948,0.955921337536111,0.489265024662018,0.000193402855074964,2,29,28,FALSE,TRUE,TRUE,0.952404071046825
181,1633000,"2016-03-29",0.016032129584346,0.991884885300691,0.870210019890648,2016,3,29,"Spring",0.938884750973948,0.955921337536111,0.489265024662018,0.000193402855074964,2,29,28,FALSE,TRUE,TRUE,0.952404071046825
181,1633000,"2016-03-30",0.0148349684313871,0.925327377959333,0.932897951841275,2016,3,30,"Spring",0.938884750973948,0.955921337536111,0.489265024662018,0.000193402855074964,2,29,28,FALSE,TRUE,TRUE,0.952404071046825
181,1633000,"2016-03-31",0.0136120124370791,0.917562615656092,0.991608632265518,2016,3,31,"Spring",0.938884750973948,0.955921337536111,0.489265024662018,0.000193402855074964,2,29,28,FALSE,TRUE,TRUE,0.952404071046825
181,1633000,"2016-04-01",0.0123964714002796,0.910700857612471,0.992521754999014,2016,4,1,"Spring",0.938884750973948,0.955921337536111,0.489265024662018,0.000193402855074964,2,29,28,FALSE,TRUE,TRUE,0.952404071046825
181,1633000,"2016-04-02",0.0113393008359708,0.914720041681787,1.00441328679524,2016,4,2,"Spring",0.938884750973948,0.955921337536111,0.489265024662018,0.000193402855074964,2,29,28,FALSE,TRUE,TRUE,0.952404071046825
181,1633000,"2016-04-03",0.0104715816560201,0.92347683578532,1.00957319584628,2016,4,3,"Spring",0.938884750973948,0.955921337536111,0.489265024662018,0.000193402855074964,2,29,28,FALSE,TRUE,TRUE,0.952404071046825
181,1633000,"2016-04-04",0.00972164850099944,0.928383965321078,1.00531375487246,2016,4,4,"Spring",0.938884750973948,0.955921337536111,0.489265024662018,0.000193402855074964,2,29,28,FALSE,TRUE,TRUE,0.952404071046825
181,1633000,"2016-04-05",0.00901990639977157,0.927816552804216,0.999388816978688,2016,4,5,"Spring",0.938884750973948,0.955921337536111,0.489265024662018,0.000193402855074964,2,29,28,FALSE,TRUE,TRUE,0.952404071046825
181,1633000,"2016-04-06",0.00832460128003732,0.922914375280894,0.994716436661422,2016,4,6,"Spring",0.938884750973948,0.955921337536111,0.489265024662018,0.000193402855074964,2,29,28,FALSE,TRUE,TRUE,0.952404071046825
181,1633000,"2016-04-07",0.00915064450236968,1.09922916360129,1.1910413284729,2016,4,7,"Spring",0.938884750973948,0.955921337536111,0.489265024662018,0.000193402855074964,2,29,28,FALSE,TRUE,TRUE,0.952404071046825
181,1633000,"2016-04-08",0.0104181676579174,1.13851736401949,1.03574159212578,2016,4,8,"Spring",0.938884750973948,0.955921337536111,0.489265024662018,0.000193402855074964,2,29,28,FALSE,TRUE,TRUE,0.952404071046825
181,1633000,"2016-04-09",0.00969639324466698,0.930719639292629,0.817483921375394,2016,4,9,"Spring",0.938884750973948,0.955921337536111,0.489265024662018,0.000193402855074964,2,29,28,FALSE,TRUE,TRUE,0.952404071046825
181,1633000,"2016-04-10",0.00902886388939805,0.931156942749195,1.00046985519388,2016,4,10,"Spring",0.938884750973948,0.955921337536111,0.489265024662018,0.000193402855074964,2,29,28,FALSE,TRUE,TRUE,0.952404071046825
181,1633000,"2016-04-11",0.00840291098575108,0.930672019058568,0.999479224534164,2016,4,11,"Spring",0.938884750973948,0.955921337536111,0.489265024662018,0.000193402855074964,2,29,28,FALSE,TRUE,TRUE,0.952404071046825
181,1633000,"2016-04-12",0.00772256692289375,0.91903471737223,0.987495807923709,2016,4,12,"Spring",0.938884750973948,0.955921337536111,0.489265024662018,0.000193402855074964,2,29,28,FALSE,TRUE,TRUE,0.952404071046825
181,1633000,"2016-04-13",0.00700922575197183,0.907629007550947,0.987589467943176,2016,4,13,"Spring",0.938884750973948,0.955921337536111,0.489265024662018,0.000193402855074964,2,29,28,FALSE,TRUE,TRUE,0.952404071046825
181,1633000,"2016-04-14",0.00636794054298662,0.908508409961713,1.00096890073306,2016,4,14,"Spring",0.938884750973948,0.955921337536111,0.489265024662018,0.000193402855074964,2,29,28,FALSE,TRUE,TRUE,0.952404071046825
182,1633000,"2016-06-07",0.0281619486631826,0.923955834347358,0.956901136571372,2016,6,7,"Summer",0.954001815122848,0.310639164831615,0.511220335960388,0.00762124359607697,14,27,14,FALSE,TRUE,TRUE,0.964103684140762
182,1633000,"2016-06-08",0.025793417589739,0.915896051733802,0.991276874592985,2016,6,8,"Summer",0.954001815122848,0.310639164831615,0.511220335960388,0.00762124359607697,14,27,14,FALSE,TRUE,TRUE,0.964103684140762
182,1633000,"2016-06-09",0.0235792506136932,0.914157673431898,0.998101991706795,2016,6,9,"Summer",0.954001815122848,0.310639164831615,0.511220335960388,0.00762124359607697,14,27,14,FALSE,TRUE,TRUE,0.964103684140762
182,1633000,"2016-06-10",0.0214541776222177,0.909875295602424,0.99531549320874,2016,6,10,"Summer",0.954001815122848,0.310639164831615,0.511220335960388,0.00762124359607697,14,27,14,FALSE,TRUE,TRUE,0.964103684140762
182,1633000,"2016-06-11",0.0193317788653076,0.901072938134334,0.990325753968007,2016,6,11,"Summer",0.954001815122848,0.310639164831615,0.511220335960388,0.00762124359607697,14,27,14,FALSE,TRUE,TRUE,0.964103684140762
182,1633000,"2016-06-12",0.0172453651903197,0.892073373613222,0.990012390628726,2016,6,12,"Summer",0.954001815122848,0.310639164831615,0.511220335960388,0.00762124359607697,14,27,14,FALSE,TRUE,TRUE,0.964103684140762
182,1633000,"2016-06-13",0.0153805655427277,0.891866618827024,0.999768231187799,2016,6,13,"Summer",0.954001815122848,0.310639164831615,0.511220335960388,0.00762124359607697,14,27,14,FALSE,TRUE,TRUE,0.964103684140762
182,1633000,"2016-06-14",0.0137114937533624,0.891481767381796,0.999568487667209,2016,6,14,"Summer",0.954001815122848,0.310639164831615,0.511220335960388,0.00762124359607697,14,27,14,FALSE,TRUE,TRUE,0.964103684140762
182,1633000,"2016-06-15",0.012058645952493,0.879455307306385,0.986509583801437,2016,6,15,"Summer",0.954001815122848,0.310639164831615,0.511220335960388,0.00762124359607697,14,27,14,FALSE,TRUE,TRUE,0.964103684140762
182,1633000,"2016-06-16",0.0108918487676419,0.90323978418076,1.02704455436993,2016,6,16,"Summer",0.954001815122848,0.310639164831615,0.511220335960388,0.00762124359607697,14,27,14,FALSE,TRUE,TRUE,0.964103684140762
182,1633000,"2016-06-17",0.0197177008958533,1.81031717539374,2.00424871346395,2016,6,17,"Summer",0.954001815122848,0.310639164831615,0.511220335960388,0.00762124359607697,14,27,14,FALSE,TRUE,TRUE,0.964103684140762
182,1633000,"2016-06-18",0.0201054582721554,1.01966544570029,0.563252373429268,2016,6,18,"Summer",0.954001815122848,0.310639164831615,0.511220335960388,0.00762124359607697,14,27,14,FALSE,TRUE,TRUE,0.964103684140762
182,1633000,"2016-06-19",0.0184174422756769,0.91604190396315,0.898374959969369,2016,6,19,"Summer",0.954001815122848,0.310639164831615,0.511220335960388,0.00762124359607697,14,27,14,FALSE,TRUE,TRUE,0.964103684140762
182,1633000,"2016-06-20",0.016632319893688,0.903074359877514,0.98584394007574,2016,6,20,"Summer",0.954001815122848,0.310639164831615,0.511220335960388,0.00762124359607697,14,27,14,FALSE,TRUE,TRUE,0.964103684140762
183,1633000,"2016-10-13",0.0222827733960003,0.940558125325935,0.994645374219547,2016,10,13,"Fall",0.954574411364187,0.809841665780145,0.379349589347839,1.58757156896172e-05,11,53,43,FALSE,TRUE,TRUE,0.957103670833085
183,1633000,"2016-10-14",0.0208943888428621,0.937692470839946,0.996953240412446,2016,10,14,"Fall",0.954574411364187,0.809841665780145,0.379349589347839,1.58757156896172e-05,11,53,43,FALSE,TRUE,TRUE,0.957103670833085
183,1633000,"2016-10-15",0.0195451301406138,0.93542483044632,0.997581680066606,2016,10,15,"Fall",0.954574411364187,0.809841665780145,0.379349589347839,1.58757156896172e-05,11,53,43,FALSE,TRUE,TRUE,0.957103670833085
183,1633000,"2016-10-16",0.0182080289814621,0.931589037804705,0.995899411137307,2016,10,16,"Fall",0.954574411364187,0.809841665780145,0.379349589347839,1.58757156896172e-05,11,53,43,FALSE,TRUE,TRUE,0.957103670833085
183,1633000,"2016-10-17",0.0168780536623672,0.926956656294373,0.995027440939786,2016,10,17,"Fall",0.954574411364187,0.809841665780145,0.379349589347839,1.58757156896172e-05,11,53,43,FALSE,TRUE,TRUE,0.957103670833085
183,1633000,"2016-10-18",0.0155821091029793,0.923217179817515,0.995965856168716,2016,10,18,"Fall",0.954574411364187,0.809841665780145,0.379349589347839,1.58757156896172e-05,11,53,43,FALSE,TRUE,TRUE,0.957103670833085
183,1633000,"2016-10-19",0.0143201217288151,0.919010490439778,0.995443445518888,2016,10,19,"Fall",0.954574411364187,0.809841665780145,0.379349589347839,1.58757156896172e-05,11,53,43,FALSE,TRUE,TRUE,0.957103670833085
183,1633000,"2016-10-20",0.0131101406295784,0.915504831442737,0.996185398280532,2016,10,20,"Fall",0.954574411364187,0.809841665780145,0.379349589347839,1.58757156896172e-05,11,53,43,FALSE,TRUE,TRUE,0.957103670833085
183,1633000,"2016-10-21",0.0120941610075533,0.922504292613548,1.00764546611926,2016,10,21,"Fall",0.954574411364187,0.809841665780145,0.379349589347839,1.58757156896172e-05,11,53,43,FALSE,TRUE,TRUE,0.957103670833085
183,1633000,"2016-10-22",0.0113184206711594,0.935858276079717,1.01447579547661,2016,10,22,"Fall",0.954574411364187,0.809841665780145,0.379349589347839,1.58757156896172e-05,11,53,43,FALSE,TRUE,TRUE,0.957103670833085
183,1633000,"2016-10-23",0.0106078756798524,0.93722224929159,1.00145745701752,2016,10,23,"Fall",0.954574411364187,0.809841665780145,0.379349589347839,1.58757156896172e-05,11,53,43,FALSE,TRUE,TRUE,0.957103670833085
183,1633000,"2016-10-24",0.00984900677576661,0.928461746065977,0.990652693923737,2016,10,24,"Fall",0.954574411364187,0.809841665780145,0.379349589347839,1.58757156896172e-05,11,53,43,FALSE,TRUE,TRUE,0.957103670833085
183,1633000,"2016-10-25",0.00907082000048831,0.920988299328515,0.991950721966598,2016,10,25,"Fall",0.954574411364187,0.809841665780145,0.379349589347839,1.58757156896172e-05,11,53,43,FALSE,TRUE,TRUE,0.957103670833085
183,1633000,"2016-10-26",0.00837255964870564,0.923021253674411,1.00220736175191,2016,10,26,"Fall",0.954574411364187,0.809841665780145,0.379349589347839,1.58757156896172e-05,11,53,43,FALSE,TRUE,TRUE,0.957103670833085
183,1633000,"2016-10-27",0.00769572230638005,0.919160045347634,0.995816772028372,2016,10,27,"Fall",0.954574411364187,0.809841665780145,0.379349589347839,1.58757156896172e-05,11,53,43,FALSE,TRUE,TRUE,0.957103670833085
183,1633000,"2016-10-28",0.00704823891283013,0.915864506569691,0.996414619200842,2016,10,28,"Fall",0.954574411364187,0.809841665780145,0.379349589347839,1.58757156896172e-05,11,53,43,FALSE,TRUE,TRUE,0.957103670833085
183,1633000,"2016-10-29",0.00641749301576055,0.910510142339045,0.994153759434678,2016,10,29,"Fall",0.954574411364187,0.809841665780145,0.379349589347839,1.58757156896172e-05,11,53,43,FALSE,TRUE,TRUE,0.957103670833085
183,1633000,"2016-10-30",0.0057866704009939,0.901702641013019,0.99032684984332,2016,10,30,"Fall",0.954574411364187,0.809841665780145,0.379349589347839,1.58757156896172e-05,11,53,43,FALSE,TRUE,TRUE,0.957103670833085
183,1633000,"2016-10-31",0.00542487374332268,0.937477576464511,1.03967487043323,2016,10,31,"Fall",0.954574411364187,0.809841665780145,0.379349589347839,1.58757156896172e-05,11,53,43,FALSE,TRUE,TRUE,0.957103670833085
183,1633000,"2016-11-01",0.00508363665721845,0.937097690702157,0.999594778827899,2016,11,1,"Fall",0.954574411364187,0.809841665780145,0.379349589347839,1.58757156896172e-05,11,53,43,FALSE,TRUE,TRUE,0.957103670833085
183,1633000,"2016-11-02",0.00461593629734125,0.907998861560437,0.968947923540483,2016,11,2,"Fall",0.954574411364187,0.809841665780145,0.379349589347839,1.58757156896172e-05,11,53,43,FALSE,TRUE,TRUE,0.957103670833085
183,1633000,"2016-11-03",0.00420395942637697,0.910749012892232,1.00302880482369,2016,11,3,"Fall",0.954574411364187,0.809841665780145,0.379349589347839,1.58757156896172e-05,11,53,43,FALSE,TRUE,TRUE,0.957103670833085
183,1633000,"2016-11-04",0.00593871442833915,1.41264789357333,1.55108363948398,2016,11,4,"Fall",0.954574411364187,0.809841665780145,0.379349589347839,1.58757156896172e-05,11,53,43,FALSE,TRUE,TRUE,0.957103670833085
183,1633000,"2016-11-05",0.00558138619817328,0.939830710084201,0.665297215505611,2016,11,5,"Fall",0.954574411364187,0.809841665780145,0.379349589347839,1.58757156896172e-05,11,53,43,FALSE,TRUE,TRUE,0.957103670833085
183,1633000,"2016-11-06",0.00513925224367995,0.920784203279459,0.979734108919429,2016,11,6,"Fall",0.954574411364187,0.809841665780145,0.379349589347839,1.58757156896172e-05,11,53,43,FALSE,TRUE,TRUE,0.957103670833085
183,1633000,"2016-11-07",0.00465008000901435,0.904816457439471,0.982658536296434,2016,11,7,"Fall",0.954574411364187,0.809841665780145,0.379349589347839,1.58757156896172e-05,11,53,43,FALSE,TRUE,TRUE,0.957103670833085
183,1633000,"2016-11-08",0.00418679202266503,0.900369889238204,0.995085668298021,2016,11,8,"Fall",0.954574411364187,0.809841665780145,0.379349589347839,1.58757156896172e-05,11,53,43,FALSE,TRUE,TRUE,0.957103670833085
183,1633000,"2016-11-09",0.00381800903414841,0.911917528618516,1.01282543932037,2016,11,9,"Fall",0.954574411364187,0.809841665780145,0.379349589347839,1.58757156896172e-05,11,53,43,FALSE,TRUE,TRUE,0.957103670833085
183,1633000,"2016-11-10",0.00354398581839632,0.928228767061257,1.01788674735472,2016,11,10,"Fall",0.954574411364187,0.809841665780145,0.379349589347839,1.58757156896172e-05,11,53,43,FALSE,TRUE,TRUE,0.957103670833085
183,1633000,"2016-11-11",0.00320929029840045,0.905559576943418,0.975578013823458,2016,11,11,"Fall",0.954574411364187,0.809841665780145,0.379349589347839,1.58757156896172e-05,11,53,43,FALSE,TRUE,TRUE,0.957103670833085
183,1633000,"2016-11-12",0.00289178959064884,0.901068249291798,0.995040273698192,2016,11,12,"Fall",0.954574411364187,0.809841665780145,0.379349589347839,1.58757156896172e-05,11,53,43,FALSE,TRUE,TRUE,0.957103670833085
183,1633000,"2016-11-13",0.00262226789345732,0.906797611395009,1.00635841081707,2016,11,13,"Fall",0.954574411364187,0.809841665780145,0.379349589347839,1.58757156896172e-05,11,53,43,FALSE,TRUE,TRUE,0.957103670833085
183,1633000,"2016-11-14",0.00282497965963557,1.07730398815622,1.18803134747885,2016,11,14,"Fall",0.954574411364187,0.809841665780145,0.379349589347839,1.58757156896172e-05,11,53,43,FALSE,TRUE,TRUE,0.957103670833085
183,1633000,"2016-11-15",0.00584075241931714,2.06753786682861,1.91917777113882,2016,11,15,"Fall",0.954574411364187,0.809841665780145,0.379349589347839,1.58757156896172e-05,11,53,43,FALSE,TRUE,TRUE,0.957103670833085
183,1633000,"2016-11-16",0.00550366411334835,0.942286835364921,0.455753120889773,2016,11,16,"Fall",0.954574411364187,0.809841665780145,0.379349589347839,1.58757156896172e-05,11,53,43,FALSE,TRUE,TRUE,0.957103670833085
183,1633000,"2016-11-17",0.00516797404270619,0.939006076001624,0.996518300754965,2016,11,17,"Fall",0.954574411364187,0.809841665780145,0.379349589347839,1.58757156896172e-05,11,53,43,FALSE,TRUE,TRUE,0.957103670833085
183,1633000,"2016-11-18",0.00477465086441953,0.923892191594542,0.983904380606951,2016,11,18,"Fall",0.954574411364187,0.809841665780145,0.379349589347839,1.58757156896172e-05,11,53,43,FALSE,TRUE,TRUE,0.957103670833085
183,1633000,"2016-11-19",0.0043565887172008,0.912441315796698,0.987605831175951,2016,11,19,"Fall",0.954574411364187,0.809841665780145,0.379349589347839,1.58757156896172e-05,11,53,43,FALSE,TRUE,TRUE,0.957103670833085
183,1633000,"2016-11-20",0.00403276232827921,0.925669736130232,1.01449783137229,2016,11,20,"Fall",0.954574411364187,0.809841665780145,0.379349589347839,1.58757156896172e-05,11,53,43,FALSE,TRUE,TRUE,0.957103670833085
183,1633000,"2016-11-21",0.00377653051691595,0.936462456622732,1.01165936410282,2016,11,21,"Fall",0.954574411364187,0.809841665780145,0.379349589347839,1.58757156896172e-05,11,53,43,FALSE,TRUE,TRUE,0.957103670833085
183,1633000,"2016-11-22",0.00352457522240002,0.933283924653231,0.996605809504671,2016,11,22,"Fall",0.954574411364187,0.809841665780145,0.379349589347839,1.58757156896172e-05,11,53,43,FALSE,TRUE,TRUE,0.957103670833085
183,1633000,"2016-11-23",0.00325589196290821,0.923768612516986,0.989804482982196,2016,11,23,"Fall",0.954574411364187,0.809841665780145,0.379349589347839,1.58757156896172e-05,11,53,43,FALSE,TRUE,TRUE,0.957103670833085
183,1633000,"2016-11-24",0.00297371203487273,0.913332527230594,0.988702706343359,2016,11,24,"Fall",0.954574411364187,0.809841665780145,0.379349589347839,1.58757156896172e-05,11,53,43,FALSE,TRUE,TRUE,0.957103670833085
186,1633000,"2017-04-10",0.0194169976748526,0.946705257113158,0.993086892264575,2017,4,10,"Spring",0.940767783703241,0.998825128517885,0.303673207759857,0.000358992314431816,8,19,12,FALSE,TRUE,TRUE,0.924634702396503
186,1633000,"2017-04-11",0.0181545272935182,0.93498117461437,0.987615910643046,2017,4,11,"Spring",0.940767783703241,0.998825128517885,0.303673207759857,0.000358992314431816,8,19,12,FALSE,TRUE,TRUE,0.924634702396503
186,1633000,"2017-04-12",0.0168618117459118,0.928793764403445,0.993382315731141,2017,4,12,"Spring",0.940767783703241,0.998825128517885,0.303673207759857,0.000358992314431816,8,19,12,FALSE,TRUE,TRUE,0.924634702396503
186,1633000,"2017-04-13",0.0156079191947356,0.925637139705331,0.996601371780159,2017,4,13,"Spring",0.940767783703241,0.998825128517885,0.303673207759857,0.000358992314431816,8,19,12,FALSE,TRUE,TRUE,0.924634702396503
186,1633000,"2017-04-14",0.0144021767773665,0.922748035639772,0.996878794139052,2017,4,14,"Spring",0.940767783703241,0.998825128517885,0.303673207759857,0.000358992314431816,8,19,12,FALSE,TRUE,TRUE,0.924634702396503
186,1633000,"2017-04-15",0.0132100269547664,0.917224330666897,0.994013853446955,2017,4,15,"Spring",0.940767783703241,0.998825128517885,0.303673207759857,0.000358992314431816,8,19,12,FALSE,TRUE,TRUE,0.924634702396503
186,1633000,"2017-04-16",0.0120450439862907,0.91181070466663,0.994097816837969,2017,4,16,"Spring",0.940767783703241,0.998825128517885,0.303673207759857,0.000358992314431816,8,19,12,FALSE,TRUE,TRUE,0.924634702396503
186,1633000,"2017-04-17",0.0110916762496345,0.920849792018915,1.00991333761056,2017,4,17,"Spring",0.940767783703241,0.998825128517885,0.303673207759857,0.000358992314431816,8,19,12,FALSE,TRUE,TRUE,0.924634702396503
186,1633000,"2017-04-18",0.0103784708771855,0.935699045266263,1.01612559765561,2017,4,18,"Spring",0.940767783703241,0.998825128517885,0.303673207759857,0.000358992314431816,8,19,12,FALSE,TRUE,TRUE,0.924634702396503
186,1633000,"2017-04-19",0.00970398273784667,0.935010836632833,0.999264497877911,2017,4,19,"Spring",0.940767783703241,0.998825128517885,0.303673207759857,0.000358992314431816,8,19,12,FALSE,TRUE,TRUE,0.924634702396503
186,1633000,"2017-04-20",0.00899912929162383,0.927364519778685,0.991822215791975,2017,4,20,"Spring",0.940767783703241,0.998825128517885,0.303673207759857,0.000358992314431816,8,19,12,FALSE,TRUE,TRUE,0.924634702396503
186,1633000,"2017-04-21",0.00832924651331268,0.925561378595298,0.99805562845577,2017,4,21,"Spring",0.940767783703241,0.998825128517885,0.303673207759857,0.000358992314431816,8,19,12,FALSE,TRUE,TRUE,0.924634702396503
188,1633000,"2017-11-11",0.0122716546757147,0.939733484495099,1.00023078812334,2017,11,11,"Fall",0.92986621479136,0.996546653150285,0.375963449478149,0.074118971824646,2,37,36,FALSE,TRUE,TRUE,0.928309697895471
188,1633000,"2017-11-12",0.0115346865495667,0.939945496705801,1.00022560887124,2017,11,12,"Fall",0.92986621479136,0.996546653150285,0.375963449478149,0.074118971824646,2,37,36,FALSE,TRUE,TRUE,0.928309697895471
188,1633000,"2017-11-13",0.0108443667413667,0.940152703306365,1.0002204453357,2017,11,13,"Fall",0.92986621479136,0.996546653150285,0.375963449478149,0.074118971824646,2,37,36,FALSE,TRUE,TRUE,0.928309697895471
188,1633000,"2017-11-14",0.0101890969381202,0.939575097479237,0.999385625521156,2017,11,14,"Fall",0.92986621479136,0.996546653150285,0.375963449478149,0.074118971824646,2,37,36,FALSE,TRUE,TRUE,0.928309697895471
188,1633000,"2017-11-15",0.00953853817190975,0.936151479354708,0.996356205976814,2017,11,15,"Fall",0.92986621479136,0.996546653150285,0.375963449478149,0.074118971824646,2,37,36,FALSE,TRUE,TRUE,0.928309697895471
188,1633000,"2017-11-16",0.0089122208300978,0.934338225572509,0.998063076518931,2017,11,16,"Fall",0.92986621479136,0.996546653150285,0.375963449478149,0.074118971824646,2,37,36,FALSE,TRUE,TRUE,0.928309697895471
188,1633000,"2017-11-17",0.00831981224473566,0.933528511393985,0.999133382156095,2017,11,17,"Fall",0.92986621479136,0.996546653150285,0.375963449478149,0.074118971824646,2,37,36,FALSE,TRUE,TRUE,0.928309697895471
188,1633000,"2017-11-18",0.00775239049107768,0.931798730912826,0.998147051257625,2017,11,18,"Fall",0.92986621479136,0.996546653150285,0.375963449478149,0.074118971824646,2,37,36,FALSE,TRUE,TRUE,0.928309697895471
188,1633000,"2017-11-19",0.00725373814930208,0.9356776026247,1.00416277848766,2017,11,19,"Fall",0.92986621479136,0.996546653150285,0.375963449478149,0.074118971824646,2,37,36,FALSE,TRUE,TRUE,0.928309697895471
188,1633000,"2017-11-20",0.0068280894192867,0.94132008610535,1.00603037142796,2017,11,20,"Fall",0.92986621479136,0.996546653150285,0.375963449478149,0.074118971824646,2,37,36,FALSE,TRUE,TRUE,0.928309697895471
188,1633000,"2017-11-21",0.00642851393786259,0.941480631420048,1.00017055337187,2017,11,21,"Fall",0.92986621479136,0.996546653150285,0.375963449478149,0.074118971824646,2,37,36,FALSE,TRUE,TRUE,0.928309697895471
188,1633000,"2017-11-22",0.00603018248511944,0.938036775436223,0.996342085148761,2017,11,22,"Fall",0.92986621479136,0.996546653150285,0.375963449478149,0.074118971824646,2,37,36,FALSE,TRUE,TRUE,0.928309697895471
188,1633000,"2017-11-23",0.00563210803375114,0.9339863341863,0.995682001648561,2017,11,23,"Fall",0.92986621479136,0.996546653150285,0.375963449478149,0.074118971824646,2,37,36,FALSE,TRUE,TRUE,0.928309697895471
188,1633000,"2017-11-24",0.00525464421662037,0.932980011237574,0.998922550671362,2017,11,24,"Fall",0.92986621479136,0.996546653150285,0.375963449478149,0.074118971824646,2,37,36,FALSE,TRUE,TRUE,0.928309697895471
188,1633000,"2017-11-25",0.00486941066628788,0.92668703446867,0.993254971496596,2017,11,25,"Fall",0.92986621479136,0.996546653150285,0.375963449478149,0.074118971824646,2,37,36,FALSE,TRUE,TRUE,0.928309697895471
188,1633000,"2017-11-26",0.00450334273045883,0.924822948624271,0.997988440784144,2017,11,26,"Fall",0.92986621479136,0.996546653150285,0.375963449478149,0.074118971824646,2,37,36,FALSE,TRUE,TRUE,0.928309697895471
188,1633000,"2017-11-27",0.00416529008361977,0.92493295157115,1.0001189448716,2017,11,27,"Fall",0.92986621479136,0.996546653150285,0.375963449478149,0.074118971824646,2,37,36,FALSE,TRUE,TRUE,0.928309697895471
188,1633000,"2017-11-28",0.00383688656438608,0.921157107274437,0.995917710261809,2017,11,28,"Fall",0.92986621479136,0.996546653150285,0.375963449478149,0.074118971824646,2,37,36,FALSE,TRUE,TRUE,0.928309697895471
188,1633000,"2017-11-29",0.00351930498436559,0.917229353880754,0.995736065691005,2017,11,29,"Fall",0.92986621479136,0.996546653150285,0.375963449478149,0.074118971824646,2,37,36,FALSE,TRUE,TRUE,0.928309697895471
188,1633000,"2017-11-30",0.00322054950811435,0.915109523733107,0.997688876682066,2017,11,30,"Fall",0.92986621479136,0.996546653150285,0.375963449478149,0.074118971824646,2,37,36,FALSE,TRUE,TRUE,0.928309697895471
188,1633000,"2017-12-01",0.00294398501137039,0.914125059699551,0.998924211793207,2017,12,1,"Winter",0.92986621479136,0.996546653150285,0.375963449478149,0.074118971824646,2,37,36,FALSE,TRUE,TRUE,0.928309697895471
188,1633000,"2017-12-02",0.0026943021293846,0.915188806661224,1.00116367771607,2017,12,2,"Winter",0.92986621479136,0.996546653150285,0.375963449478149,0.074118971824646,2,37,36,FALSE,TRUE,TRUE,0.928309697895471
188,1633000,"2017-12-03",0.00245783528953325,0.912234475387007,0.996771888759222,2017,12,3,"Winter",0.92986621479136,0.996546653150285,0.375963449478149,0.074118971824646,2,37,36,FALSE,TRUE,TRUE,0.928309697895471
188,1633000,"2017-12-04",0.002224671690783,0.905134571163826,0.992217018305334,2017,12,4,"Winter",0.92986621479136,0.996546653150285,0.375963449478149,0.074118971824646,2,37,36,FALSE,TRUE,TRUE,0.928309697895471
188,1633000,"2017-12-05",0.00200239587866236,0.900086015819076,0.994422315194238,2017,12,5,"Winter",0.92986621479136,0.996546653150285,0.375963449478149,0.074118971824646,2,37,36,FALSE,TRUE,TRUE,0.928309697895471
188,1633000,"2017-12-06",0.00184243053081445,0.920113025824463,1.02225010682692,2017,12,6,"Winter",0.92986621479136,0.996546653150285,0.375963449478149,0.074118971824646,2,37,36,FALSE,TRUE,TRUE,0.928309697895471
188,1633000,"2017-12-07",0.00173834102315595,0.943504242945601,1.025422112789,2017,12,7,"Winter",0.92986621479136,0.996546653150285,0.375963449478149,0.074118971824646,2,37,36,FALSE,TRUE,TRUE,0.928309697895471
188,1633000,"2017-12-08",0.00164027174469084,0.943584557253862,1.00008512342034,2017,12,8,"Winter",0.92986621479136,0.996546653150285,0.375963449478149,0.074118971824646,2,37,36,FALSE,TRUE,TRUE,0.928309697895471
188,1633000,"2017-12-09",0.00154786297935061,0.943662526871338,1.00008263129878,2017,12,9,"Winter",0.92986621479136,0.996546653150285,0.375963449478149,0.074118971824646,2,37,36,FALSE,TRUE,TRUE,0.928309697895471
188,1633000,"2017-12-10",0.0014607774464821,0.943738215830286,1.00008020765559,2017,12,10,"Winter",0.92986621479136,0.996546653150285,0.375963449478149,0.074118971824646,2,37,36,FALSE,TRUE,TRUE,0.928309697895471
188,1633000,"2017-12-11",0.00137869878017227,0.943811655562254,1.00007781790621,2017,12,11,"Winter",0.92986621479136,0.996546653150285,0.375963449478149,0.074118971824646,2,37,36,FALSE,TRUE,TRUE,0.928309697895471
188,1633000,"2017-12-12",0.00130133031052537,0.943882978095309,1.00007556860803,2017,12,12,"Winter",0.92986621479136,0.996546653150285,0.375963449478149,0.074118971824646,2,37,36,FALSE,TRUE,TRUE,0.928309697895471
188,1633000,"2017-12-13",0.00122839358300553,0.94395217960427,1.00007331577173,2017,12,13,"Winter",0.92986621479136,0.996546653150285,0.375963449478149,0.074118971824646,2,37,36,FALSE,TRUE,TRUE,0.928309697895471
188,1633000,"2017-12-14",0.0011596273361647,0.944019369856547,1.00007117972047,2017,12,14,"Winter",0.92986621479136,0.996546653150285,0.375963449478149,0.074118971824646,2,37,36,FALSE,TRUE,TRUE,0.928309697895471
188,1633000,"2017-12-15",0.00109478627200588,0.944084567397937,1.00006906377504,2017,12,15,"Winter",0.92986621479136,0.996546653150285,0.375963449478149,0.074118971824646,2,37,36,FALSE,TRUE,TRUE,0.928309697895471
188,1633000,"2017-12-16",0.00103364011010854,0.944147854735785,1.00006703566612,2017,12,16,"Winter",0.92986621479136,0.996546653150285,0.375963449478149,0.074118971824646,2,37,36,FALSE,TRUE,TRUE,0.928309697895471
189,1633000,"2017-12-29",0.00188620441622334,0.944164552262041,1.00006650941841,2017,12,29,"Winter",0.951261804042406,0.990919280067802,0.324423551559448,0.0188755989074707,4,17,14,FALSE,TRUE,TRUE,0.947710661276537
189,1633000,"2017-12-30",0.00189897954987828,1.00677293168495,1.06631087692597,2017,12,30,"Winter",0.951261804042406,0.990919280067802,0.324423551559448,0.0188755989074707,4,17,14,FALSE,TRUE,TRUE,0.947710661276537
189,1633000,"2017-12-31",0.00184909142262768,0.97372898130799,0.967178348426927,2017,12,31,"Winter",0.951261804042406,0.990919280067802,0.324423551559448,0.0188755989074707,4,17,14,FALSE,TRUE,TRUE,0.947710661276537
189,1633000,"2018-01-01",0.00174604899802944,0.944274023805803,0.969750353468354,2018,1,1,"Winter",0.951261804042406,0.990919280067802,0.324423551559448,0.0188755989074707,4,17,14,FALSE,TRUE,TRUE,0.947710661276537
189,1633000,"2018-01-02",0.0016488494729856,0.944331731152143,1.00006111292367,2018,1,2,"Winter",0.951261804042406,0.990919280067802,0.324423551559448,0.0188755989074707,4,17,14,FALSE,TRUE,TRUE,0.947710661276537
189,1633000,"2018-01-03",0.00155715322034666,0.944387735726474,1.00005930603885,2018,1,3,"Winter",0.951261804042406,0.990919280067802,0.324423551559448,0.0188755989074707,4,17,14,FALSE,TRUE,TRUE,0.947710661276537
189,1633000,"2018-01-04",0.00147064103657613,0.94444208659744,1.00005755143667,2018,1,4,"Winter",0.951261804042406,0.990919280067802,0.324423551559448,0.0188755989074707,4,17,14,FALSE,TRUE,TRUE,0.947710661276537
189,1633000,"2018-01-05",0.00138901289392379,0.944494855901494,1.00005587352025,2018,1,5,"Winter",0.951261804042406,0.990919280067802,0.324423551559448,0.0188755989074707,4,17,14,FALSE,TRUE,TRUE,0.947710661276537
189,1633000,"2018-01-06",0.00131198663075338,0.944546041647734,1.0000541937798,2018,1,6,"Winter",0.951261804042406,0.990919280067802,0.324423551559448,0.0188755989074707,4,17,14,FALSE,TRUE,TRUE,0.947710661276537
189,1633000,"2018-01-07",0.00123929695837433,0.944595721728265,1.00005259678019,2018,1,7,"Winter",0.951261804042406,0.990919280067802,0.324423551559448,0.0188755989074707,4,17,14,FALSE,TRUE,TRUE,0.947710661276537
189,1633000,"2018-01-08",0.00117087714170339,0.944791426938794,1.00020718409583,2018,1,8,"Winter",0.951261804042406,0.990919280067802,0.324423551559448,0.0188755989074707,4,17,14,FALSE,TRUE,TRUE,0.947710661276537
189,1633000,"2018-01-09",0.00110632632640773,0.944869693841873,1.00008284040355,2018,1,9,"Winter",0.951261804042406,0.990919280067802,0.324423551559448,0.0188755989074707,4,17,14,FALSE,TRUE,TRUE,0.947710661276537
189,1633000,"2018-01-10",0.00104518627995276,0.944735974372507,0.999858478401586,2018,1,10,"Winter",0.951261804042406,0.990919280067802,0.324423551559448,0.0188755989074707,4,17,14,FALSE,TRUE,TRUE,0.947710661276537
189,1633000,"2018-01-11",0.000984751459327526,0.942177943028525,0.997292332023578,2018,1,11,"Winter",0.951261804042406,0.990919280067802,0.324423551559448,0.0188755989074707,4,17,14,FALSE,TRUE,TRUE,0.947710661276537
191,1633000,"2018-02-28",0.0339012799086049,0.938677454897506,0.996933212921664,2018,2,28,"Winter",0.93759601974467,0.999934352136944,0.693011879920959,0.693011879920959,1,22,22,FALSE,TRUE,TRUE,0.93759601974467
191,1633000,"2018-03-01",0.0317235641414299,0.935763022132324,0.996895171232699,2018,3,1,"Spring",0.93759601974467,0.999934352136944,0.693011879920959,0.693011879920959,1,22,22,FALSE,TRUE,TRUE,0.93759601974467
191,1633000,"2018-03-02",0.02969064633362,0.935917736142546,1.00016533460562,2018,3,2,"Spring",0.93759601974467,0.999934352136944,0.693011879920959,0.693011879920959,1,22,22,FALSE,TRUE,TRUE,0.93759601974467
191,1633000,"2018-03-03",0.0278426493750885,0.937758277884342,1.00196656358857,2018,3,3,"Spring",0.93759601974467,0.999934352136944,0.693011879920959,0.693011879920959,1,22,22,FALSE,TRUE,TRUE,0.93759601974467
191,1633000,"2018-03-04",0.0261213659541681,0.938178174148167,1.00044776599016,2018,3,4,"Spring",0.93759601974467,0.999934352136944,0.693011879920959,0.693011879920959,1,22,22,FALSE,TRUE,TRUE,0.93759601974467
191,1633000,"2018-03-05",0.0245130764087662,0.938430113179234,1.00026854070795,2018,3,5,"Spring",0.93759601974467,0.999934352136944,0.693011879920959,0.693011879920959,1,22,22,FALSE,TRUE,TRUE,0.93759601974467
191,1633000,"2018-03-06",0.0229946257313713,0.938055483037949,0.999600790579902,2018,3,6,"Spring",0.93759601974467,0.999934352136944,0.693011879920959,0.693011879920959,1,22,22,FALSE,TRUE,TRUE,0.93759601974467
191,1633000,"2018-03-07",0.0215487881796435,0.937122805623431,0.999005733209407,2018,3,7,"Spring",0.93759601974467,0.999934352136944,0.693011879920959,0.693011879920959,1,22,22,FALSE,TRUE,TRUE,0.93759601974467
191,1633000,"2018-03-08",0.0201893977937289,0.936915692215176,0.999778990109928,2018,3,8,"Spring",0.93759601974467,0.999934352136944,0.693011879920959,0.693011879920959,1,22,22,FALSE,TRUE,TRUE,0.93759601974467
191,1633000,"2018-03-09",0.0189521276624873,0.93871683821962,1.00192242057574,2018,3,9,"Spring",0.93759601974467,0.999934352136944,0.693011879920959,0.693011879920959,1,22,22,FALSE,TRUE,TRUE,0.93759601974467
191,1633000,"2018-03-10",0.017772170365788,0.937740114581709,0.998959511965543,2018,3,10,"Spring",0.93759601974467,0.999934352136944,0.693011879920959,0.693011879920959,1,22,22,FALSE,TRUE,TRUE,0.93759601974467
191,1633000,"2018-03-11",0.0166299607371911,0.935730436683429,0.997856892472627,2018,3,11,"Spring",0.93759601974467,0.999934352136944,0.693011879920959,0.693011879920959,1,22,22,FALSE,TRUE,TRUE,0.93759601974467
191,1633000,"2018-03-12",0.0155687241931446,0.936185264606596,1.00048606725328,2018,3,12,"Spring",0.93759601974467,0.999934352136944,0.693011879920959,0.693011879920959,1,22,22,FALSE,TRUE,TRUE,0.93759601974467
191,1633000,"2018-03-13",0.0146135018439963,0.938644789560287,1.00262717759687,2018,3,13,"Spring",0.93759601974467,0.999934352136944,0.693011879920959,0.693011879920959,1,22,22,FALSE,TRUE,TRUE,0.93759601974467
191,1633000,"2018-03-14",0.0137288031401113,0.939460184606707,1.0008686939463,2018,3,14,"Spring",0.93759601974467,0.999934352136944,0.693011879920959,0.693011879920959,1,22,22,FALSE,TRUE,TRUE,0.93759601974467
191,1633000,"2018-03-15",0.0129040279425681,0.939923736313658,1.00049342347291,2018,3,15,"Spring",0.93759601974467,0.999934352136944,0.693011879920959,0.693011879920959,1,22,22,FALSE,TRUE,TRUE,0.93759601974467
191,1633000,"2018-03-16",0.0121347532258369,0.940384915457796,1.00049065591847,2018,3,16,"Spring",0.93759601974467,0.999934352136944,0.693011879920959,0.693011879920959,1,22,22,FALSE,TRUE,TRUE,0.93759601974467
191,1633000,"2018-03-17",0.0114052949647885,0.939886848337774,0.999470358241785,2018,3,17,"Spring",0.93759601974467,0.999934352136944,0.693011879920959,0.693011879920959,1,22,22,FALSE,TRUE,TRUE,0.93759601974467
191,1633000,"2018-03-18",0.0106678154552355,0.935338848155198,0.995161119457497,2018,3,18,"Spring",0.93759601974467,0.999934352136944,0.693011879920959,0.693011879920959,1,22,22,FALSE,TRUE,TRUE,0.93759601974467
191,1633000,"2018-03-19",0.00992270983988419,0.930153870914062,0.99445657875607,2018,3,19,"Spring",0.93759601974467,0.999934352136944,0.693011879920959,0.693011879920959,1,22,22,FALSE,TRUE,TRUE,0.93759601974467
191,1633000,"2018-03-20",0.00925836336682551,0.933047878676412,1.00311132152738,2018,3,20,"Spring",0.93759601974467,0.999934352136944,0.693011879920959,0.693011879920959,1,22,22,FALSE,TRUE,TRUE,0.93759601974467
191,1633000,"2018-03-21",0.00870108333765529,0.939807932882926,1.00724513110314,2018,3,21,"Spring",0.93759601974467,0.999934352136944,0.693011879920959,0.693011879920959,1,22,22,FALSE,TRUE,TRUE,0.93759601974467
195,1633000,"2018-10-05",0.0472937335725874,0.915126542592755,0.999656254892115,2018,10,5,"Fall",0.949234028520068,0.888626682003753,0.34921932220459,0.34921932220459,1,21,21,FALSE,TRUE,TRUE,0.947816410223404
195,1633000,"2018-10-06",0.0432789735496044,0.915110106145014,0.999982039153082,2018,10,6,"Fall",0.949234028520068,0.888626682003753,0.34921932220459,0.34921932220459,1,21,21,FALSE,TRUE,TRUE,0.947816410223404
195,1633000,"2018-10-07",0.039476785226725,0.912146984758743,0.996762005613998,2018,10,7,"Fall",0.949234028520068,0.888626682003753,0.34921932220459,0.34921932220459,1,21,21,FALSE,TRUE,TRUE,0.947816410223404
195,1633000,"2018-10-08",0.0359669324243441,0.911090713637826,0.998841994614283,2018,10,8,"Fall",0.949234028520068,0.888626682003753,0.34921932220459,0.34921932220459,1,21,21,FALSE,TRUE,TRUE,0.947816410223404
195,1633000,"2018-10-09",0.0327313776360825,0.910040846684171,0.998847681204582,2018,10,9,"Fall",0.949234028520068,0.888626682003753,0.34921932220459,0.34921932220459,1,21,21,FALSE,TRUE,TRUE,0.947816410223404
195,1633000,"2018-10-10",0.0298849868122488,0.913037854517439,1.00329326737826,2018,10,10,"Fall",0.949234028520068,0.888626682003753,0.34921932220459,0.34921932220459,1,21,21,FALSE,TRUE,TRUE,0.947816410223404
195,1633000,"2018-10-11",0.0340502429753542,1.13937620883936,1.2478959149416,2018,10,11,"Fall",0.949234028520068,0.888626682003753,0.34921932220459,0.34921932220459,1,21,21,FALSE,TRUE,TRUE,0.947816410223404
195,1633000,"2018-10-12",0.0401847009779885,1.18015900817725,1.0357939713165,2018,10,12,"Fall",0.949234028520068,0.888626682003753,0.34921932220459,0.34921932220459,1,21,21,FALSE,TRUE,TRUE,0.947816410223404
195,1633000,"2018-10-13",0.0369298080913722,0.919001689513648,0.778710057836222,2018,10,13,"Fall",0.949234028520068,0.888626682003753,0.34921932220459,0.34921932220459,1,21,21,FALSE,TRUE,TRUE,0.947816410223404
195,1633000,"2018-10-14",0.0339609413640574,0.919607848490053,1.00065958418066,2018,10,14,"Fall",0.949234028520068,0.888626682003753,0.34921932220459,0.34921932220459,1,21,21,FALSE,TRUE,TRUE,0.947816410223404
195,1633000,"2018-10-15",0.032103885547258,0.945317893373686,1.027957617941,2018,10,15,"Fall",0.949234028520068,0.888626682003753,0.34921932220459,0.34921932220459,1,21,21,FALSE,TRUE,TRUE,0.947816410223404
195,1633000,"2018-10-16",0.0300335191423074,0.935510410355065,0.989625201122958,2018,10,16,"Fall",0.949234028520068,0.888626682003753,0.34921932220459,0.34921932220459,1,21,21,FALSE,TRUE,TRUE,0.947816410223404
195,1633000,"2018-10-17",0.027677612262778,0.921557414954724,0.985085152184415,2018,10,17,"Fall",0.949234028520068,0.888626682003753,0.34921932220459,0.34921932220459,1,21,21,FALSE,TRUE,TRUE,0.947816410223404
195,1633000,"2018-10-18",0.0254770028404892,0.920491355923491,0.998843198466061,2018,10,18,"Fall",0.949234028520068,0.888626682003753,0.34921932220459,0.34921932220459,1,21,21,FALSE,TRUE,TRUE,0.947816410223404
195,1633000,"2018-10-19",0.0233988793916069,0.918431400196745,0.997762112904711,2018,10,19,"Fall",0.949234028520068,0.888626682003753,0.34921932220459,0.34921932220459,1,21,21,FALSE,TRUE,TRUE,0.947816410223404
195,1633000,"2018-10-20",0.0214718619245104,0.917644882267838,0.9991436290955,2018,10,20,"Fall",0.949234028520068,0.888626682003753,0.34921932220459,0.34921932220459,1,21,21,FALSE,TRUE,TRUE,0.947816410223404
195,1633000,"2018-10-21",0.0197524814866483,0.919924017586037,1.00248367899417,2018,10,21,"Fall",0.949234028520068,0.888626682003753,0.34921932220459,0.34921932220459,1,21,21,FALSE,TRUE,TRUE,0.947816410223404
195,1633000,"2018-10-22",0.0182236410910264,0.922600084619476,1.00290900876842,2018,10,22,"Fall",0.949234028520068,0.888626682003753,0.34921932220459,0.34921932220459,1,21,21,FALSE,TRUE,TRUE,0.947816410223404
195,1633000,"2018-10-23",0.0167483347468078,0.919044370065814,0.996145985012425,2018,10,23,"Fall",0.949234028520068,0.888626682003753,0.34921932220459,0.34921932220459,1,21,21,FALSE,TRUE,TRUE,0.947816410223404
195,1633000,"2018-10-24",0.0153755908249877,0.918036990389047,0.998903883523387,2018,10,24,"Fall",0.949234028520068,0.888626682003753,0.34921932220459,0.34921932220459,1,21,21,FALSE,TRUE,TRUE,0.947816410223404
195,1633000,"2018-10-25",0.0141247708816081,0.918648983468861,1.0006666322667,2018,10,25,"Fall",0.949234028520068,0.888626682003753,0.34921932220459,0.34921932220459,1,21,21,FALSE,TRUE,TRUE,0.947816410223404
196,1633000,"2019-01-29",0.0490184461232275,0.953119526141659,1.01327596587286,2019,1,29,"Winter",0.947356060087765,0.987019877041634,0.552615165710449,0.552615165710449,1,15,15,FALSE,TRUE,TRUE,0.947862412417678
196,1633000,"2019-01-30",0.0475133006693795,0.969294305044592,1.01697035729444,2019,1,30,"Winter",0.947356060087765,0.987019877041634,0.552615165710449,0.552615165710449,1,15,15,FALSE,TRUE,TRUE,0.947862412417678
196,1633000,"2019-01-31",0.0445243614958599,0.937092579732187,0.96677817547796,2019,1,31,"Winter",0.947356060087765,0.987019877041634,0.552615165710449,0.552615165710449,1,15,15,FALSE,TRUE,TRUE,0.947862412417678
196,1633000,"2019-02-01",0.0419395730132237,0.941946646828915,1.00517992266902,2019,2,1,"Winter",0.947356060087765,0.987019877041634,0.552615165710449,0.552615165710449,1,15,15,FALSE,TRUE,TRUE,0.947862412417678
196,1633000,"2019-02-02",0.0395305479178205,0.942559617985532,1.00065074933775,2019,2,2,"Winter",0.947356060087765,0.987019877041634,0.552615165710449,0.552615165710449,1,15,15,FALSE,TRUE,TRUE,0.947862412417678
196,1633000,"2019-02-03",0.0370160149177536,0.936390130354523,0.993454538563624,2019,2,3,"Winter",0.947356060087765,0.987019877041634,0.552615165710449,0.552615165710449,1,15,15,FALSE,TRUE,TRUE,0.947862412417678
196,1633000,"2019-02-04",0.0346669580321759,0.936539444054226,1.00015945672094,2019,2,4,"Winter",0.947356060087765,0.987019877041634,0.552615165710449,0.552615165710449,1,15,15,FALSE,TRUE,TRUE,0.947862412417678
196,1633000,"2019-02-05",0.032460902351886,0.936364313296762,0.99981300226213,2019,2,5,"Winter",0.947356060087765,0.987019877041634,0.552615165710449,0.552615165710449,1,15,15,FALSE,TRUE,TRUE,0.947862412417678
196,1633000,"2019-02-06",0.0303076005075127,0.933664757035065,0.997116980833889,2019,2,6,"Winter",0.947356060087765,0.987019877041634,0.552615165710449,0.552615165710449,1,15,15,FALSE,TRUE,TRUE,0.947862412417678
196,1633000,"2019-02-07",0.0284067613538355,0.937281766888606,1.00387399205795,2019,2,7,"Winter",0.947356060087765,0.987019877041634,0.552615165710449,0.552615165710449,1,15,15,FALSE,TRUE,TRUE,0.947862412417678
196,1633000,"2019-02-08",0.0291158370673657,1.02496151196886,1.09354683743749,2019,2,8,"Winter",0.947356060087765,0.987019877041634,0.552615165710449,0.552615165710449,1,15,15,FALSE,TRUE,TRUE,0.947862412417678
196,1633000,"2019-02-09",0.0279660599771887,0.960510251258903,0.937118360097105,2019,2,9,"Winter",0.947356060087765,0.987019877041634,0.552615165710449,0.552615165710449,1,15,15,FALSE,TRUE,TRUE,0.947862412417678
196,1633000,"2019-02-10",0.0261782601010054,0.936072515125781,0.974557547823052,2019,2,10,"Winter",0.947356060087765,0.987019877041634,0.552615165710449,0.552615165710449,1,15,15,FALSE,TRUE,TRUE,0.947862412417678
196,1633000,"2019-02-11",0.0245205833343789,0.936677351350678,1.0006461424891,2019,2,11,"Winter",0.947356060087765,0.987019877041634,0.552615165710449,0.552615165710449,1,15,15,FALSE,TRUE,TRUE,0.947862412417678
196,1633000,"2019-02-12",0.0234336059656925,0.955670819333145,1.02027749251658,2019,2,12,"Winter",0.947356060087765,0.987019877041634,0.552615165710449,0.552615165710449,1,15,15,FALSE,TRUE,TRUE,0.947862412417678
197,1633000,"2019-03-17",0.0446196503471583,0.913125387812776,0.999451694779905,2019,3,17,"Spring",0.958338670501606,0.826741073268917,0.471939027309418,0.182137563824654,2,25,24,FALSE,TRUE,TRUE,0.959567881973665
197,1633000,"2019-03-18",0.0407380608376116,0.913007173311614,0.999870538588961,2019,3,18,"Spring",0.958338670501606,0.826741073268917,0.471939027309418,0.182137563824654,2,25,24,FALSE,TRUE,TRUE,0.959567881973665
197,1633000,"2019-03-19",0.037197008728981,0.913077548714315,1.00007708088694,2019,3,19,"Spring",0.958338670501606,0.826741073268917,0.471939027309418,0.182137563824654,2,25,24,FALSE,TRUE,TRUE,0.959567881973665
197,1633000,"2019-03-20",0.0339674736605957,0.913177559735628,1.00010953179328,2019,3,20,"Spring",0.958338670501606,0.826741073268917,0.471939027309418,0.182137563824654,2,25,24,FALSE,TRUE,TRUE,0.959567881973665
197,1633000,"2019-03-21",0.0360239866422489,1.06054359538781,1.16137719776518,2019,3,21,"Spring",0.958338670501606,0.826741073268917,0.471939027309418,0.182137563824654,2,25,24,FALSE,TRUE,TRUE,0.959567881973665
197,1633000,"2019-03-22",0.0476290185470134,1.32214735198558,1.24666949829829,2019,3,22,"Spring",0.958338670501606,0.826741073268917,0.471939027309418,0.182137563824654,2,25,24,FALSE,TRUE,TRUE,0.959567881973665
197,1633000,"2019-03-23",0.0453528366051614,0.952210185905778,0.720199745115976,2019,3,23,"Spring",0.958338670501606,0.826741073268917,0.471939027309418,0.182137563824654,2,25,24,FALSE,TRUE,TRUE,0.959567881973665
197,1633000,"2019-03-24",0.0427040534559637,0.941596086430981,0.988853196876169,2019,3,24,"Spring",0.958338670501606,0.826741073268917,0.471939027309418,0.182137563824654,2,25,24,FALSE,TRUE,TRUE,0.959567881973665
197,1633000,"2019-03-25",0.0401630483102053,0.940497331280773,0.998833092908901,2019,3,25,"Spring",0.958338670501606,0.826741073268917,0.471939027309418,0.182137563824654,2,25,24,FALSE,TRUE,TRUE,0.959567881973665
197,1633000,"2019-03-26",0.0376554856775329,0.937565430459736,0.996882605911232,2019,3,26,"Spring",0.958338670501606,0.826741073268917,0.471939027309418,0.182137563824654,2,25,24,FALSE,TRUE,TRUE,0.959567881973665
197,1633000,"2019-03-27",0.0351667769718915,0.933908468823011,0.996099513145517,2019,3,27,"Spring",0.958338670501606,0.826741073268917,0.471939027309418,0.182137563824654,2,25,24,FALSE,TRUE,TRUE,0.959567881973665
197,1633000,"2019-03-28",0.0327113070525229,0.930176429835146,0.996003849293102,2019,3,28,"Spring",0.958338670501606,0.826741073268917,0.471939027309418,0.182137563824654,2,25,24,FALSE,TRUE,TRUE,0.959567881973665
197,1633000,"2019-03-29",0.0302922143600881,0.926047201704579,0.995560811908232,2019,3,29,"Spring",0.958338670501606,0.826741073268917,0.471939027309418,0.182137563824654,2,25,24,FALSE,TRUE,TRUE,0.959567881973665
197,1633000,"2019-03-30",0.0279203901300207,0.92170185375446,0.99530763880921,2019,3,30,"Spring",0.958338670501606,0.826741073268917,0.471939027309418,0.182137563824654,2,25,24,FALSE,TRUE,TRUE,0.959567881973665
197,1633000,"2019-03-31",0.0256494524655864,0.918663827623507,0.996703894954123,2019,3,31,"Spring",0.958338670501606,0.826741073268917,0.471939027309418,0.182137563824654,2,25,24,FALSE,TRUE,TRUE,0.959567881973665
197,1633000,"2019-04-01",0.0235605535563081,0.91855970757735,0.999886661428233,2019,4,1,"Spring",0.958338670501606,0.826741073268917,0.471939027309418,0.182137563824654,2,25,24,FALSE,TRUE,TRUE,0.959567881973665
197,1633000,"2019-04-02",0.021646153065376,0.91874552156184,1.00020228841191,2019,4,2,"Spring",0.958338670501606,0.826741073268917,0.471939027309418,0.182137563824654,2,25,24,FALSE,TRUE,TRUE,0.959567881973665
197,1633000,"2019-04-03",0.0198622840689495,0.917589560092327,0.998741804512366,2019,4,3,"Spring",0.958338670501606,0.826741073268917,0.471939027309418,0.182137563824654,2,25,24,FALSE,TRUE,TRUE,0.959567881973665
197,1633000,"2019-04-04",0.0182008549454622,0.916352564603352,0.998651907625399,2019,4,4,"Spring",0.958338670501606,0.826741073268917,0.471939027309418,0.182137563824654,2,25,24,FALSE,TRUE,TRUE,0.959567881973665
197,1633000,"2019-04-05",0.0204456530045718,1.12333475904489,1.22587615557243,2019,4,5,"Spring",0.958338670501606,0.826741073268917,0.471939027309418,0.182137563824654,2,25,24,FALSE,TRUE,TRUE,0.959567881973665
197,1633000,"2019-04-06",0.0235089994384907,1.14982874028205,1.02358511656818,2019,4,6,"Spring",0.958338670501606,0.826741073268917,0.471939027309418,0.182137563824654,2,25,24,FALSE,TRUE,TRUE,0.959567881973665
197,1633000,"2019-04-07",0.021636774239596,0.920361340609444,0.800433410964906,2019,4,7,"Spring",0.958338670501606,0.826741073268917,0.471939027309418,0.182137563824654,2,25,24,FALSE,TRUE,TRUE,0.959567881973665
197,1633000,"2019-04-08",0.0198728796676733,0.918477008060899,0.997952616580683,2019,4,8,"Spring",0.958338670501606,0.826741073268917,0.471939027309418,0.182137563824654,2,25,24,FALSE,TRUE,TRUE,0.959567881973665
197,1633000,"2019-04-09",0.0181573395966552,0.913674308922191,0.994771018657453,2019,4,9,"Spring",0.958338670501606,0.826741073268917,0.471939027309418,0.182137563824654,2,25,24,FALSE,TRUE,TRUE,0.959567881973665
199,1633000,"2019-11-03",0.00479403702775017,0.939622604313105,0.995666210449748,2019,11,3,"Fall",0.912957491457315,0.997599337845057,0.820338189601898,0.820338189601898,1,20,20,FALSE,TRUE,TRUE,0.913612740258793
199,1633000,"2019-11-04",0.0044065967813367,0.919182884034734,0.978246883179963,2019,11,4,"Fall",0.912957491457315,0.997599337845057,0.820338189601898,0.820338189601898,1,20,20,FALSE,TRUE,TRUE,0.913612740258793
199,1633000,"2019-11-05",0.00395884869794827,0.898391410513259,0.977380482292913,2019,11,5,"Fall",0.912957491457315,0.997599337845057,0.820338189601898,0.820338189601898,1,20,20,FALSE,TRUE,TRUE,0.913612740258793
199,1633000,"2019-11-06",0.00352930997905787,0.891499081762581,0.992328144870908,2019,11,6,"Fall",0.912957491457315,0.997599337845057,0.820338189601898,0.820338189601898,1,20,20,FALSE,TRUE,TRUE,0.913612740258793
199,1633000,"2019-11-07",0.00311932148906635,0.883833244338327,0.991401183039811,2019,11,7,"Fall",0.912957491457315,0.997599337845057,0.820338189601898,0.820338189601898,1,20,20,FALSE,TRUE,TRUE,0.913612740258793
199,1633000,"2019-11-08",0.00283348295488395,0.908365157235539,1.02775626856577,2019,11,8,"Fall",0.912957491457315,0.997599337845057,0.820338189601898,0.820338189601898,1,20,20,FALSE,TRUE,TRUE,0.913612740258793
199,1633000,"2019-11-09",0.00267566510592587,0.944302523971054,1.03956268737221,2019,11,9,"Fall",0.912957491457315,0.997599337845057,0.820338189601898,0.820338189601898,1,20,20,FALSE,TRUE,TRUE,0.913612740258793
199,1633000,"2019-11-10",0.00249767724744743,0.933479022436608,0.988538099539404,2019,11,10,"Fall",0.912957491457315,0.997599337845057,0.820338189601898,0.820338189601898,1,20,20,FALSE,TRUE,TRUE,0.913612740258793
199,1633000,"2019-11-11",0.0021972177491989,0.879704433967362,0.9423933616324,2019,11,11,"Fall",0.912957491457315,0.997599337845057,0.820338189601898,0.820338189601898,1,20,20,FALSE,TRUE,TRUE,0.913612740258793
199,1633000,"2019-11-12",0.00194622157141566,0.885766361629498,1.00689086860094,2019,11,12,"Fall",0.912957491457315,0.997599337845057,0.820338189601898,0.820338189601898,1,20,20,FALSE,TRUE,TRUE,0.913612740258793
199,1633000,"2019-11-13",0.00183848800952546,0.944644760148334,1.06647170300137,2019,11,13,"Fall",0.912957491457315,0.997599337845057,0.820338189601898,0.820338189601898,1,20,20,FALSE,TRUE,TRUE,0.913612740258793
199,1633000,"2019-11-14",0.00172373142413562,0.937580998736314,0.992522309221393,2019,11,14,"Fall",0.912957491457315,0.997599337845057,0.820338189601898,0.820338189601898,1,20,20,FALSE,TRUE,TRUE,0.913612740258793
199,1633000,"2019-11-15",0.00159273514145752,0.924004238221864,0.985519373224555,2019,11,15,"Fall",0.912957491457315,0.997599337845057,0.820338189601898,0.820338189601898,1,20,20,FALSE,TRUE,TRUE,0.913612740258793
199,1633000,"2019-11-16",0.0014612361046602,0.917438227251653,0.992893960115544,2019,11,16,"Fall",0.912957491457315,0.997599337845057,0.820338189601898,0.820338189601898,1,20,20,FALSE,TRUE,TRUE,0.913612740258793
199,1633000,"2019-11-17",0.0013436070876196,0.919500334911344,1.00224768011452,2019,11,17,"Fall",0.912957491457315,0.997599337845057,0.820338189601898,0.820338189601898,1,20,20,FALSE,TRUE,TRUE,0.913612740258793
199,1633000,"2019-11-18",0.00120281442650594,0.895212921685982,0.973586292137998,2019,11,18,"Fall",0.912957491457315,0.997599337845057,0.820338189601898,0.820338189601898,1,20,20,FALSE,TRUE,TRUE,0.913612740258793
199,1633000,"2019-11-19",0.00108457096212078,0.901694341388434,1.00724008729705,2019,11,19,"Fall",0.912957491457315,0.997599337845057,0.820338189601898,0.820338189601898,1,20,20,FALSE,TRUE,TRUE,0.913612740258793
199,1633000,"2019-11-20",0.00102496158069698,0.945038744807222,1.04806995167791,2019,11,20,"Fall",0.912957491457315,0.997599337845057,0.820338189601898,0.820338189601898,1,20,20,FALSE,TRUE,TRUE,0.913612740258793
199,1633000,"2019-11-21",0.000926449491089443,0.903887041755702,0.956455009619828,2019,11,21,"Fall",0.912957491457315,0.997599337845057,0.820338189601898,0.820338189601898,1,20,20,FALSE,TRUE,TRUE,0.913612740258793
199,1633000,"2019-11-22",0.000818871456431225,0.883881381885468,0.977867079683569,2019,11,22,"Fall",0.912957491457315,0.997599337845057,0.820338189601898,0.820338189601898,1,20,20,FALSE,TRUE,TRUE,0.913612740258793
200,1633000,"2019-12-24",0.00584705999062862,0.942674297952445,1.0001142110689,2019,12,24,"Winter",0.951835652178874,0.920784289677881,0.876269578933716,0.165856719017029,5,15,11,FALSE,TRUE,TRUE,0.958572046171038
200,1633000,"2019-12-25",0.00551248432020657,0.942778820303144,1.0001108785409,2019,12,25,"Winter",0.951835652178874,0.920784289677881,0.876269578933716,0.165856719017029,5,15,11,FALSE,TRUE,TRUE,0.958572046171038
200,1633000,"2019-12-26",0.0051976128743263,0.942880300860707,1.00010763983596,2019,12,26,"Winter",0.951835652178874,0.920784289677881,0.876269578933716,0.165856719017029,5,15,11,FALSE,TRUE,TRUE,0.958572046171038
200,1633000,"2019-12-27",0.00485020744963549,0.933160581003094,0.989691459405038,2019,12,27,"Winter",0.951835652178874,0.920784289677881,0.876269578933716,0.165856719017029,5,15,11,FALSE,TRUE,TRUE,0.958572046171038
200,1633000,"2019-12-28",0.00443985364108812,0.915394586147401,0.980961481638459,2019,12,28,"Winter",0.951835652178874,0.920784289677881,0.876269578933716,0.165856719017029,5,15,11,FALSE,TRUE,TRUE,0.958572046171038
200,1633000,"2019-12-29",0.00420369720086456,0.946809859217412,1.03431883205933,2019,12,29,"Winter",0.951835652178874,0.920784289677881,0.876269578933716,0.165856719017029,5,15,11,FALSE,TRUE,TRUE,0.958572046171038
200,1633000,"2019-12-30",0.0045011026377324,1.0707485393588,1.13090134089207,2019,12,30,"Winter",0.951835652178874,0.920784289677881,0.876269578933716,0.165856719017029,5,15,11,FALSE,TRUE,TRUE,0.958572046171038
200,1633000,"2019-12-31",0.00436349050141871,0.969427016580316,0.905373186089837,2019,12,31,"Winter",0.951835652178874,0.920784289677881,0.876269578933716,0.165856719017029,5,15,11,FALSE,TRUE,TRUE,0.958572046171038
200,1633000,"2020-01-01",0.00411583589448128,0.943243922071811,0.972991164821395,2020,1,1,"Winter",0.951835652178874,0.920784289677881,0.876269578933716,0.165856719017029,5,15,11,FALSE,TRUE,TRUE,0.958572046171038
200,1633000,"2020-01-02",0.00387957267230377,0.942596539746809,0.999313663931616,2020,1,2,"Winter",0.951835652178874,0.920784289677881,0.876269578933716,0.165856719017029,5,15,11,FALSE,TRUE,TRUE,0.958572046171038
200,1633000,"2020-01-03",0.0036536003171932,0.941753287230889,0.999105394004367,2020,1,3,"Winter",0.951835652178874,0.920784289677881,0.876269578933716,0.165856719017029,5,15,11,FALSE,TRUE,TRUE,0.958572046171038
202,1633000,"2020-05-02",0.0158786259707995,0.939301951101376,0.838501175941911,2020,5,2,"Spring",0.927445579582961,0.909896660607286,0.536186754703522,1.15037124714945e-07,4,11,8,FALSE,TRUE,TRUE,0.95421387451444
202,1633000,"2020-05-03",0.0148350959643722,0.934280837123668,0.994654419729652,2020,5,3,"Spring",0.927445579582961,0.909896660607286,0.536186754703522,1.15037124714945e-07,4,11,8,FALSE,TRUE,TRUE,0.95421387451444
202,1633000,"2020-05-04",0.0156282868701965,1.05346719075692,1.12757015759864,2020,5,4,"Spring",0.927445579582961,0.909896660607286,0.536186754703522,1.15037124714945e-07,4,11,8,FALSE,TRUE,TRUE,0.95421387451444
202,1633000,"2020-05-05",0.0147545749205165,0.944094195548317,0.896178071639784,2020,5,5,"Spring",0.927445579582961,0.909896660607286,0.536186754703522,1.15037124714945e-07,4,11,8,FALSE,TRUE,TRUE,0.95421387451444
202,1633000,"2020-05-06",0.0138598516350612,0.939359602680852,0.994985041863629,2020,5,6,"Spring",0.927445579582961,0.909896660607286,0.536186754703522,1.15037124714945e-07,4,11,8,FALSE,TRUE,TRUE,0.95421387451444
202,1633000,"2020-05-07",0.0130226134206168,0.939592555787076,1.00024799140346,2020,5,7,"Spring",0.927445579582961,0.909896660607286,0.536186754703522,1.15037124714945e-07,4,11,8,FALSE,TRUE,TRUE,0.95421387451444
202,1633000,"2020-05-08",0.0121697237482294,0.934507026751087,0.994587516679793,2020,5,8,"Spring",0.927445579582961,0.909896660607286,0.536186754703522,1.15037124714945e-07,4,11,8,FALSE,TRUE,TRUE,0.95421387451444
202,1633000,"2020-05-09",0.0113717364438344,0.934428478336563,0.999915946683893,2020,5,9,"Spring",0.927445579582961,0.909896660607286,0.536186754703522,1.15037124714945e-07,4,11,8,FALSE,TRUE,TRUE,0.95421387451444
203,1633000,"2021-01-26",0.007942730007926,0.94807705250841,1.00023143622272,2021,1,26,"Winter",0.965625642626581,0.434274749724944,0.417930245399475,0,19,46,28,FALSE,TRUE,TRUE,0.985064868282526
203,1633000,"2021-01-27",0.00780056783696637,0.982101598465795,1.0358879543254,2021,1,27,"Winter",0.965625642626581,0.434274749724944,0.417930245399475,0,19,46,28,FALSE,TRUE,TRUE,0.985064868282526
203,1633000,"2021-01-28",0.00786920957034454,1.00879958162185,1.0271845430226,2021,1,28,"Winter",0.965625642626581,0.434274749724944,0.417930245399475,0,19,46,28,FALSE,TRUE,TRUE,0.985064868282526
203,1633000,"2021-01-29",0.00749814510345459,0.952846030649848,0.944534522028601,2021,1,29,"Winter",0.965625642626581,0.434274749724944,0.417930245399475,0,19,46,28,FALSE,TRUE,TRUE,0.985064868282526
203,1633000,"2021-01-30",0.00710697888280265,0.947831601648824,0.994737419436377,2021,1,30,"Winter",0.965625642626581,0.434274749724944,0.417930245399475,0,19,46,28,FALSE,TRUE,TRUE,0.985064868282526
203,1633000,"2021-01-31",0.00673808125429787,0.948093608467385,1.00027642760392,2021,1,31,"Winter",0.965625642626581,0.434274749724944,0.417930245399475,0,19,46,28,FALSE,TRUE,TRUE,0.985064868282526
203,1633000,"2021-02-01",0.00639022400719114,0.948374435691934,1.00029620200162,2021,2,1,"Winter",0.965625642626581,0.434274749724944,0.417930245399475,0,19,46,28,FALSE,TRUE,TRUE,0.985064868282526
203,1633000,"2021-02-02",0.00606382824480534,0.948922641519531,1.00057804787536,2021,2,2,"Winter",0.965625642626581,0.434274749724944,0.417930245399475,0,19,46,28,FALSE,TRUE,TRUE,0.985064868282526
203,1633000,"2021-02-03",0.00575681807822548,0.949370240352229,1.0004716915933,2021,2,3,"Winter",0.965625642626581,0.434274749724944,0.417930245399475,0,19,46,28,FALSE,TRUE,TRUE,0.985064868282526
203,1633000,"2021-02-04",0.00546575740736443,0.949440703717571,1.00007422116509,2021,2,4,"Winter",0.965625642626581,0.434274749724944,0.417930245399475,0,19,46,28,FALSE,TRUE,TRUE,0.985064868282526
203,1633000,"2021-02-05",0.00518947214004584,0.94945160446632,1.00001148123175,2021,2,5,"Winter",0.965625642626581,0.434274749724944,0.417930245399475,0,19,46,28,FALSE,TRUE,TRUE,0.985064868282526
203,1633000,"2021-02-06",0.00501048201113008,0.965508991264345,1.01691227517284,2021,2,6,"Winter",0.965625642626581,0.434274749724944,0.417930245399475,0,19,46,28,FALSE,TRUE,TRUE,0.985064868282526
203,1633000,"2021-02-07",0.00484881174634211,0.967733590415284,1.00230406880833,2021,2,7,"Winter",0.965625642626581,0.434274749724944,0.417930245399475,0,19,46,28,FALSE,TRUE,TRUE,0.985064868282526
203,1633000,"2021-02-08",0.00497151860326994,1.02530658300364,1.05949260536017,2021,2,8,"Winter",0.965625642626581,0.434274749724944,0.417930245399475,0,19,46,28,FALSE,TRUE,TRUE,0.985064868282526
203,1633000,"2021-02-09",0.00475657117203809,0.956764230734152,0.933149407791089,2021,2,9,"Winter",0.965625642626581,0.434274749724944,0.417930245399475,0,19,46,28,FALSE,TRUE,TRUE,0.985064868282526
203,1633000,"2021-02-10",0.00471724449016619,0.991732136354212,1.03654809042477,2021,2,10,"Winter",0.965625642626581,0.434274749724944,0.417930245399475,0,19,46,28,FALSE,TRUE,TRUE,0.985064868282526
203,1633000,"2021-02-11",0.00469687418080866,0.995681735513181,1.00398252614208,2021,2,11,"Winter",0.965625642626581,0.434274749724944,0.417930245399475,0,19,46,28,FALSE,TRUE,TRUE,0.985064868282526
203,1633000,"2021-02-12",0.0048264170618495,1.02758065812581,1.03203726800933,2021,2,12,"Winter",0.965625642626581,0.434274749724944,0.417930245399475,0,19,46,28,FALSE,TRUE,TRUE,0.985064868282526
203,1633000,"2021-02-13",0.00460122393269558,0.953341552073076,0.927753499965503,2021,2,13,"Winter",0.965625642626581,0.434274749724944,0.417930245399475,0,19,46,28,FALSE,TRUE,TRUE,0.985064868282526
203,1633000,"2021-02-14",0.00436658113903832,0.949004265584658,0.995450438010399,2021,2,14,"Winter",0.965625642626581,0.434274749724944,0.417930245399475,0,19,46,28,FALSE,TRUE,TRUE,0.985064868282526
203,1633000,"2021-02-15",0.00414491195988376,0.949235071536223,1.0002432085502,2021,2,15,"Winter",0.965625642626581,0.434274749724944,0.417930245399475,0,19,46,28,FALSE,TRUE,TRUE,0.985064868282526
203,1633000,"2021-02-16",0.00514537916751579,1.24137236624444,1.30776074701436,2021,2,16,"Winter",0.965625642626581,0.434274749724944,0.417930245399475,0,19,46,28,FALSE,TRUE,TRUE,0.985064868282526
203,1633000,"2021-02-17",0.00634697204804979,1.23352853918327,0.993681326188291,2021,2,17,"Winter",0.965625642626581,0.434274749724944,0.417930245399475,0,19,46,28,FALSE,TRUE,TRUE,0.985064868282526
203,1633000,"2021-02-18",0.00604597738129087,0.952576651593824,0.772237221381624,2021,2,18,"Winter",0.965625642626581,0.434274749724944,0.417930245399475,0,19,46,28,FALSE,TRUE,TRUE,0.985064868282526
203,1633000,"2021-02-19",0.0057248084776802,0.946878910826806,0.994018601277404,2021,2,19,"Winter",0.965625642626581,0.434274749724944,0.417930245399475,0,19,46,28,FALSE,TRUE,TRUE,0.985064868282526
203,1633000,"2021-02-20",0.00542215687164571,0.947133322064055,1.00026868402532,2021,2,20,"Winter",0.965625642626581,0.434274749724944,0.417930245399475,0,19,46,28,FALSE,TRUE,TRUE,0.985064868282526
203,1633000,"2021-02-21",0.00513694820983801,0.947399407918433,1.00028093811946,2021,2,21,"Winter",0.965625642626581,0.434274749724944,0.417930245399475,0,19,46,28,FALSE,TRUE,TRUE,0.985064868282526
203,1633000,"2021-02-22",0.0050038248882629,0.974085134570724,1.02816734571422,2021,2,22,"Winter",0.965625642626581,0.434274749724944,0.417930245399475,0,19,46,28,FALSE,TRUE,TRUE,0.985064868282526
204,1633000,"2021-03-08",0.0162123328191228,0.937528854747249,0.998131189475964,2021,3,8,"Spring",0.948996023302999,0.906712399134873,0.39803558588028,0.0873682498931885,5,27,23,FALSE,TRUE,TRUE,0.95183707429016
204,1633000,"2021-03-09",0.0151387909427285,0.933782393417927,0.996003897575684,2021,3,9,"Spring",0.948996023302999,0.906712399134873,0.39803558588028,0.0873682498931885,5,27,23,FALSE,TRUE,TRUE,0.95183707429016
204,1633000,"2021-03-10",0.0140640949830413,0.929010449793982,0.994889662026633,2021,3,10,"Spring",0.948996023302999,0.906712399134873,0.39803558588028,0.0873682498931885,5,27,23,FALSE,TRUE,TRUE,0.95183707429016
204,1633000,"2021-03-11",0.0130088327568956,0.924967640831624,0.995648263199564,2021,3,11,"Spring",0.948996023302999,0.906712399134873,0.39803558588028,0.0873682498931885,5,27,23,FALSE,TRUE,TRUE,0.95183707429016
204,1633000,"2021-03-12",0.0119949968357105,0.922065573435273,0.996862520083685,2021,3,12,"Spring",0.948996023302999,0.906712399134873,0.39803558588028,0.0873682498931885,5,27,23,FALSE,TRUE,TRUE,0.95183707429016
204,1633000,"2021-03-13",0.0110766834986862,0.923441969214166,1.00149273090607,2021,3,13,"Spring",0.948996023302999,0.906712399134873,0.39803558588028,0.0873682498931885,5,27,23,FALSE,TRUE,TRUE,0.95183707429016
204,1633000,"2021-03-14",0.0102591024769936,0.926189005780513,1.00297477985399,2021,3,14,"Spring",0.948996023302999,0.906712399134873,0.39803558588028,0.0873682498931885,5,27,23,FALSE,TRUE,TRUE,0.95183707429016
204,1633000,"2021-03-15",0.00951862460351549,0.927822353355117,1.00176351431987,2021,3,15,"Spring",0.948996023302999,0.906712399134873,0.39803558588028,0.0873682498931885,5,27,23,FALSE,TRUE,TRUE,0.95183707429016
204,1633000,"2021-03-16",0.00883112649898976,0.9277733776504,0.999947214351389,2021,3,16,"Spring",0.948996023302999,0.906712399134873,0.39803558588028,0.0873682498931885,5,27,23,FALSE,TRUE,TRUE,0.95183707429016
204,1633000,"2021-03-17",0.00815426182816736,0.923354662522405,0.995237290447819,2021,3,17,"Spring",0.948996023302999,0.906712399134873,0.39803558588028,0.0873682498931885,5,27,23,FALSE,TRUE,TRUE,0.95183707429016
204,1633000,"2021-03-18",0.00922535883728415,1.13135425764928,1.22526511596169,2021,3,18,"Spring",0.948996023302999,0.906712399134873,0.39803558588028,0.0873682498931885,5,27,23,FALSE,TRUE,TRUE,0.95183707429016
204,1633000,"2021-03-19",0.0107165000226814,1.16163503357407,1.02676507002122,2021,3,19,"Spring",0.948996023302999,0.906712399134873,0.39803558588028,0.0873682498931885,5,27,23,FALSE,TRUE,TRUE,0.95183707429016
204,1633000,"2021-03-20",0.0100708734244108,0.939753968468796,0.808992447117748,2021,3,20,"Spring",0.948996023302999,0.906712399134873,0.39803558588028,0.0873682498931885,5,27,23,FALSE,TRUE,TRUE,0.95183707429016
204,1633000,"2021-03-21",0.00945525302086025,0.938871200380857,0.999060639148587,2021,3,21,"Spring",0.948996023302999,0.906712399134873,0.39803558588028,0.0873682498931885,5,27,23,FALSE,TRUE,TRUE,0.95183707429016
204,1633000,"2021-03-22",0.00881697100703605,0.932494454414279,0.993208071603442,2021,3,22,"Spring",0.948996023302999,0.906712399134873,0.39803558588028,0.0873682498931885,5,27,23,FALSE,TRUE,TRUE,0.95183707429016
204,1633000,"2021-03-23",0.00810061412630603,0.918752496729505,0.985263228516028,2021,3,23,"Spring",0.948996023302999,0.906712399134873,0.39803558588028,0.0873682498931885,5,27,23,FALSE,TRUE,TRUE,0.95183707429016
204,1633000,"2021-03-24",0.00741967107751407,0.915939330256374,0.996938058418187,2021,3,24,"Spring",0.948996023302999,0.906712399134873,0.39803558588028,0.0873682498931885,5,27,23,FALSE,TRUE,TRUE,0.95183707429016
204,1633000,"2021-03-25",0.00671724588028155,0.905329334697696,0.98841626818699,2021,3,25,"Spring",0.948996023302999,0.906712399134873,0.39803558588028,0.0873682498931885,5,27,23,FALSE,TRUE,TRUE,0.95183707429016
204,1633000,"2021-03-26",0.00616200469085015,0.917340946077125,1.01326767058028,2021,3,26,"Spring",0.948996023302999,0.906712399134873,0.39803558588028,0.0873682498931885,5,27,23,FALSE,TRUE,TRUE,0.95183707429016
204,1633000,"2021-03-27",0.00567286174918991,0.920619511636114,1.00357398802812,2021,3,27,"Spring",0.948996023302999,0.906712399134873,0.39803558588028,0.0873682498931885,5,27,23,FALSE,TRUE,TRUE,0.95183707429016
204,1633000,"2021-03-28",0.00521711022884119,0.91966109161504,0.998958940138722,2021,3,28,"Spring",0.948996023302999,0.906712399134873,0.39803558588028,0.0873682498931885,5,27,23,FALSE,TRUE,TRUE,0.95183707429016
204,1633000,"2021-03-29",0.00496428708720487,0.951539620489774,1.03466334410076,2021,3,29,"Spring",0.948996023302999,0.906712399134873,0.39803558588028,0.0873682498931885,5,27,23,FALSE,TRUE,TRUE,0.95183707429016
204,1633000,"2021-03-30",0.00467067130375654,0.940854390914437,0.988770588901136,2021,3,30,"Spring",0.948996023302999,0.906712399134873,0.39803558588028,0.0873682498931885,5,27,23,FALSE,TRUE,TRUE,0.95183707429016
206,1633000,"2021-11-19",0.00345451082102954,0.919376248261889,1.00910645606127,2021,11,19,"Fall",0.900447019377862,0.998934971158804,0.474274337291718,3.34778383148659e-06,5,14,10,FALSE,TRUE,TRUE,0.923041808770499
206,1633000,"2021-11-20",0.00321280217031017,0.930031004897146,1.01158911452781,2021,11,20,"Fall",0.900447019377862,0.998934971158804,0.474274337291718,3.34778383148659e-06,5,14,10,FALSE,TRUE,TRUE,0.923041808770499
206,1633000,"2021-11-21",0.00295935440954054,0.921113175560024,0.990411255871939,2021,11,21,"Fall",0.900447019377862,0.998934971158804,0.474274337291718,3.34778383148659e-06,5,14,10,FALSE,TRUE,TRUE,0.923041808770499
206,1633000,"2021-11-22",0.00273113955336157,0.922883566955268,1.00192201288855,2021,11,22,"Fall",0.900447019377862,0.998934971158804,0.474274337291718,3.34778383148659e-06,5,14,10,FALSE,TRUE,TRUE,0.923041808770499
206,1633000,"2021-11-23",0.00254622229113011,0.932293001284441,1.01019568953884,2021,11,23,"Fall",0.900447019377862,0.998934971158804,0.474274337291718,3.34778383148659e-06,5,14,10,FALSE,TRUE,TRUE,0.923041808770499
206,1633000,"2021-11-24",0.00237089054280659,0.93114043933466,0.998763734203525,2021,11,24,"Fall",0.900447019377862,0.998934971158804,0.474274337291718,3.34778383148659e-06,5,14,10,FALSE,TRUE,TRUE,0.923041808770499
206,1633000,"2021-11-25",0.00216412865120219,0.912791464695944,0.980294084690569,2021,11,25,"Fall",0.900447019377862,0.998934971158804,0.474274337291718,3.34778383148659e-06,5,14,10,FALSE,TRUE,TRUE,0.923041808770499
206,1633000,"2021-11-26",0.00197682048747083,0.913448692790372,1.00072001998249,2021,11,26,"Fall",0.900447019377862,0.998934971158804,0.474274337291718,3.34778383148659e-06,5,14,10,FALSE,TRUE,TRUE,0.923041808770499
206,1633000,"2021-11-27",0.00183710510464152,0.929323181485203,1.01737863201308,2021,11,27,"Fall",0.900447019377862,0.998934971158804,0.474274337291718,3.34778383148659e-06,5,14,10,FALSE,TRUE,TRUE,0.923041808770499
206,1633000,"2021-11-28",0.00167518773378106,0.911862761443875,0.981211681372864,2021,11,28,"Fall",0.900447019377862,0.998934971158804,0.474274337291718,3.34778383148659e-06,5,14,10,FALSE,TRUE,TRUE,0.923041808770499
209,1633000,"2022-11-19",0.00982651609228924,0.943410495927092,0.979335777061187,2022,11,19,"Fall",0.954806666737886,0.983763476502625,0.35457843542099,0.0222238656133413,6,31,26,FALSE,TRUE,TRUE,0.95182160658031
209,1633000,"2022-11-20",0.00935382294119336,0.951896160688446,1.00899466859653,2022,11,20,"Fall",0.954806666737886,0.983763476502625,0.35457843542099,0.0222238656133413,6,31,26,FALSE,TRUE,TRUE,0.95182160658031
209,1633000,"2022-11-21",0.00883788202190772,0.944841705628884,0.992589049782006,2022,11,21,"Fall",0.954806666737886,0.983763476502625,0.35457843542099,0.0222238656133413,6,31,26,FALSE,TRUE,TRUE,0.95182160658031
209,1633000,"2022-11-22",0.00832465104758739,0.941928284056281,0.99691649769983,2022,11,22,"Fall",0.954806666737886,0.983763476502625,0.35457843542099,0.0222238656133413,6,31,26,FALSE,TRUE,TRUE,0.95182160658031
209,1633000,"2022-11-23",0.00784229108830914,0.942056434975968,1.00013605167384,2022,11,23,"Fall",0.954806666737886,0.983763476502625,0.35457843542099,0.0222238656133413,6,31,26,FALSE,TRUE,TRUE,0.95182160658031
209,1633000,"2022-11-24",0.00738886359613389,0.942181756954776,1.00013303022426,2022,11,24,"Fall",0.954806666737886,0.983763476502625,0.35457843542099,0.0222238656133413,6,31,26,FALSE,TRUE,TRUE,0.95182160658031
209,1633000,"2022-11-25",0.00696254961076193,0.942303172899954,1.00012886679697,2022,11,25,"Fall",0.954806666737886,0.983763476502625,0.35457843542099,0.0222238656133413,6,31,26,FALSE,TRUE,TRUE,0.95182160658031
209,1633000,"2022-11-26",0.00656165365944616,0.942421099492619,1.00012514718835,2022,11,26,"Fall",0.954806666737886,0.983763476502625,0.35457843542099,0.0222238656133413,6,31,26,FALSE,TRUE,TRUE,0.95182160658031
209,1633000,"2022-11-27",0.00618261005729437,0.942233524988609,0.999800965296606,2022,11,27,"Fall",0.954806666737886,0.983763476502625,0.35457843542099,0.0222238656133413,6,31,26,FALSE,TRUE,TRUE,0.95182160658031
209,1633000,"2022-11-28",0.00580124741827603,0.938316886317553,0.995843239953594,2022,11,28,"Fall",0.954806666737886,0.983763476502625,0.35457843542099,0.0222238656133413,6,31,26,FALSE,TRUE,TRUE,0.95182160658031
209,1633000,"2022-11-29",0.00538470213359688,0.928197290229876,0.989215161492626,2022,11,29,"Fall",0.954806666737886,0.983763476502625,0.35457843542099,0.0222238656133413,6,31,26,FALSE,TRUE,TRUE,0.95182160658031
209,1633000,"2022-11-30",0.00502490546205081,0.933181694619433,1.0053699837761,2022,11,30,"Fall",0.954806666737886,0.983763476502625,0.35457843542099,0.0222238656133413,6,31,26,FALSE,TRUE,TRUE,0.95182160658031
209,1633000,"2022-12-01",0.00473850010894239,0.943002837511786,1.01052436299274,2022,12,1,"Winter",0.954806666737886,0.983763476502625,0.35457843542099,0.0222238656133413,6,31,26,FALSE,TRUE,TRUE,0.95182160658031
209,1633000,"2022-12-02",0.00446887788712047,0.943099669595217,1.00010268482721,2022,12,2,"Winter",0.954806666737886,0.983763476502625,0.35457843542099,0.0222238656133413,6,31,26,FALSE,TRUE,TRUE,0.95182160658031
209,1633000,"2022-12-03",0.00467498759098817,1.04612113131614,1.10923708812786,2022,12,3,"Winter",0.954806666737886,0.983763476502625,0.35457843542099,0.0222238656133413,6,31,26,FALSE,TRUE,TRUE,0.95182160658031
209,1633000,"2022-12-04",0.00467766734072938,1.00057321002229,0.95646018426513,2022,12,4,"Winter",0.954806666737886,0.983763476502625,0.35457843542099,0.0222238656133413,6,31,26,FALSE,TRUE,TRUE,0.95182160658031
209,1633000,"2022-12-05",0.00441147014498711,0.943091892528473,0.942551612497668,2022,12,5,"Winter",0.954806666737886,0.983763476502625,0.35457843542099,0.0222238656133413,6,31,26,FALSE,TRUE,TRUE,0.95182160658031
209,1633000,"2022-12-06",0.00416083670279477,0.943185959792305,1.0000997434763,2022,12,6,"Winter",0.954806666737886,0.983763476502625,0.35457843542099,0.0222238656133413,6,31,26,FALSE,TRUE,TRUE,0.95182160658031
209,1633000,"2022-12-07",0.0040610281721456,0.976012389387421,1.03480377252683,2022,12,7,"Winter",0.954806666737886,0.983763476502625,0.35457843542099,0.0222238656133413,6,31,26,FALSE,TRUE,TRUE,0.95182160658031
209,1633000,"2022-12-08",0.00394223781768233,0.970748699731253,0.994606943811982,2022,12,8,"Winter",0.954806666737886,0.983763476502625,0.35457843542099,0.0222238656133413,6,31,26,FALSE,TRUE,TRUE,0.95182160658031
209,1633000,"2022-12-09",0.00371893349802122,0.943355949085692,0.971781831226614,2022,12,9,"Winter",0.954806666737886,0.983763476502625,0.35457843542099,0.0222238656133413,6,31,26,FALSE,TRUE,TRUE,0.95182160658031
209,1633000,"2022-12-10",0.0035014160675928,0.941510803959212,0.998044062659203,2022,12,10,"Winter",0.954806666737886,0.983763476502625,0.35457843542099,0.0222238656133413,6,31,26,FALSE,TRUE,TRUE,0.95182160658031
209,1633000,"2022-12-11",0.00326135064824484,0.931437619890458,0.98930104250913,2022,12,11,"Winter",0.954806666737886,0.983763476502625,0.35457843542099,0.0222238656133413,6,31,26,FALSE,TRUE,TRUE,0.95182160658031
209,1633000,"2022-12-12",0.00301037300960161,0.923044877502423,0.990989474540419,2022,12,12,"Winter",0.954806666737886,0.983763476502625,0.35457843542099,0.0222238656133413,6,31,26,FALSE,TRUE,TRUE,0.95182160658031
209,1633000,"2022-12-13",0.00279785233578878,0.92940387349508,1.00688915148943,2022,12,13,"Winter",0.954806666737886,0.983763476502625,0.35457843542099,0.0222238656133413,6,31,26,FALSE,TRUE,TRUE,0.95182160658031
209,1633000,"2022-12-14",0.0026134508807445,0.934091784371354,1.00504399756657,2022,12,14,"Winter",0.954806666737886,0.983763476502625,0.35457843542099,0.0222238656133413,6,31,26,FALSE,TRUE,TRUE,0.95182160658031
210,1633000,"2023-01-28",0.00950226612621918,0.940000794333509,1.00019067489703,2023,1,28,"Winter",0.96745615946053,0.0346147481085377,0.441488146781921,0.441488146781921,1,19,19,FALSE,TRUE,TRUE,0.988670342331715
210,1633000,"2023-01-29",0.00893392783473246,0.940189183933869,1.00020041429911,2023,1,29,"Winter",0.96745615946053,0.0346147481085377,0.441488146781921,0.441488146781921,1,19,19,FALSE,TRUE,TRUE,0.988670342331715
210,1633000,"2023-01-30",0.00839563272893429,0.939747094922187,0.999529787175564,2023,1,30,"Winter",0.96745615946053,0.0346147481085377,0.441488146781921,0.441488146781921,1,19,19,FALSE,TRUE,TRUE,0.988670342331715
210,1633000,"2023-01-31",0.00788197919609956,0.938818961069546,0.999012357837916,2023,1,31,"Winter",0.96745615946053,0.0346147481085377,0.441488146781921,0.441488146781921,1,19,19,FALSE,TRUE,TRUE,0.988670342331715
210,1633000,"2023-02-01",0.00741360135725699,0.940576113284548,1.00187166246941,2023,2,1,"Winter",0.96745615946053,0.0346147481085377,0.441488146781921,0.441488146781921,1,19,19,FALSE,TRUE,TRUE,0.988670342331715
210,1633000,"2023-02-02",0.00697539016255177,0.940890914740612,1.00033469003903,2023,2,2,"Winter",0.96745615946053,0.0346147481085377,0.441488146781921,0.441488146781921,1,19,19,FALSE,TRUE,TRUE,0.988670342331715
210,1633000,"2023-02-03",0.00656421994790434,0.941054162553538,1.00017350344271,2023,2,3,"Winter",0.96745615946053,0.0346147481085377,0.441488146781921,0.441488146781921,1,19,19,FALSE,TRUE,TRUE,0.988670342331715
210,1633000,"2023-02-04",0.00617833493743092,0.941213881689534,1.00016972363797,2023,2,4,"Winter",0.96745615946053,0.0346147481085377,0.441488146781921,0.441488146781921,1,19,19,FALSE,TRUE,TRUE,0.988670342331715
210,1633000,"2023-02-05",0.00581100923591293,0.940546165716498,0.999290579977596,2023,2,5,"Winter",0.96745615946053,0.0346147481085377,0.441488146781921,0.441488146781921,1,19,19,FALSE,TRUE,TRUE,0.988670342331715
210,1633000,"2023-02-06",0.00542582562775351,0.933714851840378,0.99273686489284,2023,2,6,"Winter",0.96745615946053,0.0346147481085377,0.441488146781921,0.441488146781921,1,19,19,FALSE,TRUE,TRUE,0.988670342331715
210,1633000,"2023-02-07",0.00507164957525675,0.93472402602009,1.00108081624462,2023,2,7,"Winter",0.96745615946053,0.0346147481085377,0.441488146781921,0.441488146781921,1,19,19,FALSE,TRUE,TRUE,0.988670342331715
210,1633000,"2023-02-08",0.00477646288345568,0.941796709843439,1.00756660107846,2023,2,8,"Winter",0.96745615946053,0.0346147481085377,0.441488146781921,0.441488146781921,1,19,19,FALSE,TRUE,TRUE,0.988670342331715
210,1633000,"2023-02-09",0.00444710392912384,0.931045427889192,0.988584285927232,2023,2,9,"Winter",0.96745615946053,0.0346147481085377,0.441488146781921,0.441488146781921,1,19,19,FALSE,TRUE,TRUE,0.988670342331715
210,1633000,"2023-02-10",0.004060295628733,0.913020179749421,0.98063977589081,2023,2,10,"Winter",0.96745615946053,0.0346147481085377,0.441488146781921,0.441488146781921,1,19,19,FALSE,TRUE,TRUE,0.988670342331715
210,1633000,"2023-02-11",0.00371999171329662,0.916187404427355,1.00346895364219,2023,2,11,"Winter",0.96745615946053,0.0346147481085377,0.441488146781921,0.441488146781921,1,19,19,FALSE,TRUE,TRUE,0.988670342331715
210,1633000,"2023-02-12",0.00457714743970427,1.23041871930625,1.34297711730199,2023,2,12,"Winter",0.96745615946053,0.0346147481085377,0.441488146781921,0.441488146781921,1,19,19,FALSE,TRUE,TRUE,0.988670342331715
210,1633000,"2023-02-13",0.011393948312616,2.48931205793802,2.02314221888755,2023,2,13,"Winter",0.96745615946053,0.0346147481085377,0.441488146781921,0.441488146781921,1,19,19,FALSE,TRUE,TRUE,0.988670342331715
210,1633000,"2023-02-14",0.0107611802231986,0.944464546261217,0.379407854169778,2023,2,14,"Winter",0.96745615946053,0.0346147481085377,0.441488146781921,0.441488146781921,1,19,19,FALSE,TRUE,TRUE,0.988670342331715
210,1633000,"2023-02-15",0.0101250898442231,0.940890277294657,0.996215560466817,2023,2,15,"Winter",0.96745615946053,0.0346147481085377,0.441488146781921,0.441488146781921,1,19,19,FALSE,TRUE,TRUE,0.988670342331715
211,1633000,"2023-03-01",0.0175338414264843,0.953707583556224,0.760067437705963,2023,3,1,"Spring",0.97054840509019,0.749554543393632,0.303096532821655,1.10946966742631e-05,10,26,17,FALSE,TRUE,TRUE,0.961135103774631
211,1633000,"2023-03-02",0.0165008908952586,0.941088178790906,0.986768056600471,2023,3,2,"Spring",0.97054840509019,0.749554543393632,0.303096532821655,1.10946966742631e-05,10,26,17,FALSE,TRUE,TRUE,0.961135103774631
211,1633000,"2023-03-03",0.016216461895965,0.982762809529556,1.04428344939174,2023,3,3,"Spring",0.97054840509019,0.749554543393632,0.303096532821655,1.10946966742631e-05,10,26,17,FALSE,TRUE,TRUE,0.961135103774631
211,1633000,"2023-03-04",0.0219230475486256,1.35190078386214,1.37561247816173,2023,3,4,"Spring",0.97054840509019,0.749554543393632,0.303096532821655,1.10946966742631e-05,10,26,17,FALSE,TRUE,TRUE,0.961135103774631
211,1633000,"2023-03-05",0.0207943909917958,0.948517351233836,0.701617576198227,2023,3,5,"Spring",0.97054840509019,0.749554543393632,0.303096532821655,1.10946966742631e-05,10,26,17,FALSE,TRUE,TRUE,0.961135103774631
211,1633000,"2023-03-06",0.0196310525061563,0.944055178817282,0.995295634380594,2023,3,6,"Spring",0.97054840509019,0.749554543393632,0.303096532821655,1.10946966742631e-05,10,26,17,FALSE,TRUE,TRUE,0.961135103774631
211,1633000,"2023-03-07",0.0184463640325703,0.939652320056987,0.995336227310558,2023,3,7,"Spring",0.97054840509019,0.749554543393632,0.303096532821655,1.10946966742631e-05,10,26,17,FALSE,TRUE,TRUE,0.961135103774631
211,1633000,"2023-03-08",0.0173203579033725,0.938957827829397,0.999260905110575,2023,3,8,"Spring",0.97054840509019,0.749554543393632,0.303096532821655,1.10946966742631e-05,10,26,17,FALSE,TRUE,TRUE,0.961135103774631
211,1633000,"2023-03-09",0.0162502474850044,0.938216610514742,0.999210595734243,2023,3,9,"Spring",0.97054840509019,0.749554543393632,0.303096532821655,1.10946966742631e-05,10,26,17,FALSE,TRUE,TRUE,0.961135103774631
211,1633000,"2023-03-10",0.0152579640853219,0.938937336148378,1.00076818681908,2023,3,10,"Spring",0.97054840509019,0.749554543393632,0.303096532821655,1.10946966742631e-05,10,26,17,FALSE,TRUE,TRUE,0.961135103774631
211,1633000,"2023-03-11",0.0143756245379336,0.942171868903725,1.00344488671482,2023,3,11,"Spring",0.97054840509019,0.749554543393632,0.303096532821655,1.10946966742631e-05,10,26,17,FALSE,TRUE,TRUE,0.961135103774631
211,1633000,"2023-03-12",0.0135503279743716,0.942590559360794,1.00044438862047,2023,3,12,"Spring",0.97054840509019,0.749554543393632,0.303096532821655,1.10946966742631e-05,10,26,17,FALSE,TRUE,TRUE,0.961135103774631
211,1633000,"2023-03-13",0.0127918846555986,0.944027678133877,1.00152464795962,2023,3,13,"Spring",0.97054840509019,0.749554543393632,0.303096532821655,1.10946966742631e-05,10,26,17,FALSE,TRUE,TRUE,0.961135103774631
211,1633000,"2023-03-14",0.012078624451533,0.944241194845873,1.00022617632612,2023,3,14,"Spring",0.97054840509019,0.749554543393632,0.303096532821655,1.10946966742631e-05,10,26,17,FALSE,TRUE,TRUE,0.961135103774631
211,1633000,"2023-03-15",0.0113986173528247,0.943701610937825,0.999428552883529,2023,3,15,"Spring",0.97054840509019,0.749554543393632,0.303096532821655,1.10946966742631e-05,10,26,17,FALSE,TRUE,TRUE,0.961135103774631
211,1633000,"2023-03-16",0.0107612041174434,0.944079776024476,1.00040072527404,2023,3,16,"Spring",0.97054840509019,0.749554543393632,0.303096532821655,1.10946966742631e-05,10,26,17,FALSE,TRUE,TRUE,0.961135103774631
211,1633000,"2023-03-17",0.0101108191884123,0.939562067410571,0.995214696121413,2023,3,17,"Spring",0.97054840509019,0.749554543393632,0.303096532821655,1.10946966742631e-05,10,26,17,FALSE,TRUE,TRUE,0.961135103774631
