"","X","site_no","Date","Flow","AGWR","delta_AGWR","Month","Season","GroupID","calc_AGWR","R_squared","AGWI","AGWET"
"1",1,1632000,1928-07-03,92,0.876190476190476,0.993015873015873,7,"Summer",1,0.944664179699939,0.644520176285086,NA,NA
"2",2,1632000,1928-07-04,80,0.869565217391304,0.992438563327032,7,"Summer",1,0.944664179699939,0.644520176285086,NA,NA
"3",3,1632000,1928-07-05,66,0.825,0.94875,7,"Summer",1,0.944664179699939,0.644520176285086,NA,NA
"4",4,1632000,1928-07-06,55,0.833333333333333,1.01010101010101,7,"Summer",1,0.944664179699939,0.644520176285086,NA,NA
"5",5,1632000,1928-07-07,46,0.836363636363636,1.00363636363636,7,"Summer",1,0.944664179699939,0.644520176285086,NA,NA
"6",6,1632000,1928-07-08,42,0.91304347826087,1.09168241965974,7,"Summer",1,0.944664179699939,0.644520176285086,NA,NA
"7",7,1632000,1928-07-09,38,0.904761904761905,0.99092970521542,7,"Summer",1,0.944664179699939,0.644520176285086,NA,NA
"8",8,1632000,1928-07-10,38,1,1.10526315789474,7,"Summer",1,0.944664179699939,0.644520176285086,NA,NA
"9",9,1632000,1928-07-11,32,0.842105263157895,0.842105263157895,7,"Summer",1,0.944664179699939,0.644520176285086,NA,NA
"10",10,1632000,1928-07-12,27,0.84375,1.001953125,7,"Summer",1,0.944664179699939,0.644520176285086,NA,NA
"11",11,1632000,1928-07-13,56,2.07407407407407,2.45816186556927,7,"Summer",1,0.944664179699939,0.644520176285086,NA,NA
"12",12,1632000,1928-07-14,61,1.08928571428571,0.525191326530612,7,"Summer",1,0.944664179699939,0.644520176285086,NA,NA
"13",13,1632000,1928-07-15,56,0.918032786885246,0.842784197796291,7,"Summer",1,0.944664179699939,0.644520176285086,NA,NA
"14",14,1632000,1928-07-16,50,0.892857142857143,0.972576530612245,7,"Summer",1,0.944664179699939,0.644520176285086,NA,NA
"15",15,1632000,1928-07-17,40,0.8,0.896,7,"Summer",1,0.944664179699939,0.644520176285086,NA,NA
"16",16,1632000,1928-07-18,35,0.875,1.09375,7,"Summer",1,0.944664179699939,0.644520176285086,NA,NA
"17",17,1632000,1928-07-19,30,0.857142857142857,0.979591836734694,7,"Summer",1,0.944664179699939,0.644520176285086,NA,NA
"18",18,1632000,1928-07-20,26,0.866666666666667,1.01111111111111,7,"Summer",1,0.944664179699939,0.644520176285086,NA,NA
"19",19,1632000,1928-09-01,45,0.882352941176471,0.986159169550173,9,"Fall",2,0.947539006357124,0.959730205152446,NA,NA
"20",20,1632000,1928-09-02,43,0.955555555555556,1.08296296296296,9,"Fall",2,0.947539006357124,0.959730205152446,NA,NA
"21",21,1632000,1928-09-03,40,0.930232558139535,0.973499188750676,9,"Fall",2,0.947539006357124,0.959730205152446,NA,NA
"22",22,1632000,1928-09-04,37,0.925,0.994375,9,"Fall",2,0.947539006357124,0.959730205152446,NA,NA
"23",23,1632000,1928-09-05,33,0.891891891891892,0.964207450693937,9,"Fall",2,0.947539006357124,0.959730205152446,NA,NA
"24",24,1632000,1928-09-06,30,0.909090909090909,1.01928374655647,9,"Fall",2,0.947539006357124,0.959730205152446,NA,NA
"25",25,1632000,1928-09-07,28,0.933333333333333,1.02666666666667,9,"Fall",2,0.947539006357124,0.959730205152446,NA,NA
"26",26,1632000,1928-09-08,28,1,1.07142857142857,9,"Fall",2,0.947539006357124,0.959730205152446,NA,NA
"27",27,1632000,1928-09-09,27,0.964285714285714,0.964285714285714,9,"Fall",2,0.947539006357124,0.959730205152446,NA,NA
"28",28,1632000,1928-09-10,26,0.962962962962963,0.998628257887517,9,"Fall",2,0.947539006357124,0.959730205152446,NA,NA
"29",29,1632000,1928-09-11,26,1,1.03846153846154,9,"Fall",2,0.947539006357124,0.959730205152446,NA,NA
"30",30,1632000,1928-09-12,25,0.961538461538462,0.961538461538462,9,"Fall",2,0.947539006357124,0.959730205152446,NA,NA
"31",31,1632000,1928-09-13,24,0.96,0.9984,9,"Fall",2,0.947539006357124,0.959730205152446,NA,NA
"32",32,1632000,1928-09-14,23,0.958333333333333,0.998263888888889,9,"Fall",2,0.947539006357124,0.959730205152446,NA,NA
"33",33,1632000,1928-09-15,21,0.91304347826087,0.952741020793951,9,"Fall",2,0.947539006357124,0.959730205152446,NA,NA
"34",34,1632000,1928-09-16,20,0.952380952380952,1.04308390022676,9,"Fall",2,0.947539006357124,0.959730205152446,NA,NA
"35",35,1632000,1928-09-17,19,0.95,0.9975,9,"Fall",2,0.947539006357124,0.959730205152446,NA,NA
"36",36,1632000,1928-09-18,17,0.894736842105263,0.941828254847645,9,"Fall",2,0.947539006357124,0.959730205152446,NA,NA
"37",37,1632000,1928-09-19,15,0.882352941176471,0.986159169550173,9,"Fall",2,0.947539006357124,0.959730205152446,NA,NA
"38",38,1632000,1930-01-05,166,0.873684210526316,0.993240997229917,1,"Winter",3,0.94009479658775,0.981262094256738,NA,NA
"39",39,1632000,1930-01-06,144,0.867469879518072,0.992887211496589,1,"Winter",3,0.94009479658775,0.981262094256738,NA,NA
"40",40,1632000,1930-01-07,131,0.909722222222222,1.04870756172839,1,"Winter",3,0.94009479658775,0.981262094256738,NA,NA
"41",41,1632000,1930-01-08,116,0.885496183206107,0.973369850241827,1,"Winter",3,0.94009479658775,0.981262094256738,NA,NA
"42",42,1632000,1930-01-09,94,0.810344827586207,0.91513079667063,1,"Winter",3,0.94009479658775,0.981262094256738,NA,NA
"43",43,1632000,1930-01-10,86,0.914893617021277,1.12901765504753,1,"Winter",3,0.94009479658775,0.981262094256738,NA,NA
"44",44,1632000,1930-01-11,83,0.965116279069767,1.05489453758789,1,"Winter",3,0.94009479658775,0.981262094256738,NA,NA
"45",45,1632000,1930-01-12,82,0.987951807228916,1.02366090869502,1,"Winter",3,0.94009479658775,0.981262094256738,NA,NA
"46",46,1632000,1930-01-13,80,0.975609756097561,0.98750743604997,1,"Winter",3,0.94009479658775,0.981262094256738,NA,NA
"47",47,1632000,1930-01-14,77,0.9625,0.9865625,1,"Winter",3,0.94009479658775,0.981262094256738,NA,NA
"48",48,1632000,1930-01-15,74,0.961038961038961,0.998482037443076,1,"Winter",3,0.94009479658775,0.981262094256738,NA,NA
"49",49,1632000,1930-01-16,68,0.918918918918919,0.956172388604821,1,"Winter",3,0.94009479658775,0.981262094256738,NA,NA
"50",50,1632000,1930-01-17,61,0.897058823529412,0.97621107266436,1,"Winter",3,0.94009479658775,0.981262094256738,NA,NA
"51",51,1632000,1930-01-18,60,0.983606557377049,1.09647944101048,1,"Winter",3,0.94009479658775,0.981262094256738,NA,NA
"52",52,1632000,1930-01-19,57,0.95,0.965833333333333,1,"Winter",3,0.94009479658775,0.981262094256738,NA,NA
"53",53,1632000,1930-01-20,55,0.964912280701754,1.01569713758079,1,"Winter",3,0.94009479658775,0.981262094256738,NA,NA
"54",54,1632000,1930-01-21,52,0.945454545454545,0.979834710743802,1,"Winter",3,0.94009479658775,0.981262094256738,NA,NA
"55",55,1632000,1930-01-22,47,0.903846153846154,0.955991124260355,1,"Winter",3,0.94009479658775,0.981262094256738,NA,NA
"56",56,1632000,1930-01-23,46,0.978723404255319,1.08284291534631,1,"Winter",3,0.94009479658775,0.981262094256738,NA,NA
"57",57,1632000,1930-01-24,45,0.978260869565217,0.99952741020794,1,"Winter",3,0.94009479658775,0.981262094256738,NA,NA
"58",58,1632000,1930-01-25,42,0.933333333333333,0.954074074074074,1,"Winter",3,0.94009479658775,0.981262094256738,NA,NA
"59",59,1632000,1930-01-26,40,0.952380952380952,1.02040816326531,1,"Winter",3,0.94009479658775,0.981262094256738,NA,NA
"60",60,1632000,1930-01-27,38,0.95,0.9975,1,"Winter",3,0.94009479658775,0.981262094256738,NA,NA
"61",61,1632000,1930-01-28,35,0.921052631578947,0.969529085872576,1,"Winter",3,0.94009479658775,0.981262094256738,NA,NA
"62",62,1632000,1930-01-29,32,0.914285714285714,0.99265306122449,1,"Winter",3,0.94009479658775,0.981262094256738,NA,NA
"63",63,1632000,1930-01-30,31,0.96875,1.0595703125,1,"Winter",3,0.94009479658775,0.981262094256738,NA,NA
"64",64,1632000,1930-01-31,30,0.967741935483871,0.998959417273673,1,"Winter",3,0.94009479658775,0.981262094256738,NA,NA
"65",65,1632000,1930-03-21,109,0.886178861788618,0.979840042302862,3,"Spring",4,0.961558422674047,0.876102636406162,NA,NA
"66",66,1632000,1930-03-22,94,0.862385321100917,0.973150408214797,3,"Spring",4,0.961558422674047,0.876102636406162,NA,NA
"67",67,1632000,1930-03-23,82,0.872340425531915,1.01154368492531,3,"Spring",4,0.961558422674047,0.876102636406162,NA,NA
"68",68,1632000,1930-03-24,74,0.902439024390244,1.03450327186199,3,"Spring",4,0.961558422674047,0.876102636406162,NA,NA
"69",69,1632000,1930-03-25,73,0.986486486486487,1.09313367421476,3,"Spring",4,0.961558422674047,0.876102636406162,NA,NA
"70",70,1632000,1930-03-26,71,0.972602739726027,0.985926064927754,3,"Spring",4,0.961558422674047,0.876102636406162,NA,NA
"71",71,1632000,1930-03-27,68,0.957746478873239,0.984725252926007,3,"Spring",4,0.961558422674047,0.876102636406162,NA,NA
"72",72,1632000,1930-03-28,68,1,1.04411764705882,3,"Spring",4,0.961558422674047,0.876102636406162,NA,NA
"73",73,1632000,1930-03-29,67,0.985294117647059,0.985294117647059,3,"Spring",4,0.961558422674047,0.876102636406162,NA,NA
"74",74,1632000,1930-03-30,67,1,1.01492537313433,3,"Spring",4,0.961558422674047,0.876102636406162,NA,NA
"75",75,1632000,1930-03-31,66,0.985074626865672,0.985074626865672,3,"Spring",4,0.961558422674047,0.876102636406162,NA,NA
"76",76,1632000,1930-04-01,60,0.909090909090909,0.922865013774105,4,"Spring",4,0.961558422674047,0.876102636406162,NA,NA
"77",77,1632000,1930-04-02,59,0.983333333333333,1.08166666666667,4,"Spring",4,0.961558422674047,0.876102636406162,NA,NA
"78",78,1632000,1930-04-03,57,0.966101694915254,0.982476299913818,4,"Spring",4,0.961558422674047,0.876102636406162,NA,NA
"79",79,1632000,1930-04-04,57,1,1.03508771929825,4,"Spring",4,0.961558422674047,0.876102636406162,NA,NA
"80",80,1632000,1930-04-05,56,0.982456140350877,0.982456140350877,4,"Spring",4,0.961558422674047,0.876102636406162,NA,NA
"81",81,1632000,1930-06-16,74,0.961038961038961,0.998482037443076,6,"Summer",5,0.87596365789813,0.968940870705012,NA,NA
"82",82,1632000,1930-06-17,74,1,1.04054054054054,6,"Summer",5,0.87596365789813,0.968940870705012,NA,NA
"83",83,1632000,1930-06-18,68,0.918918918918919,0.918918918918919,6,"Summer",5,0.87596365789813,0.968940870705012,NA,NA
"84",84,1632000,1930-06-19,63,0.926470588235294,1.00821799307958,6,"Summer",5,0.87596365789813,0.968940870705012,NA,NA
"85",85,1632000,1930-06-20,60,0.952380952380952,1.02796674225246,6,"Summer",5,0.87596365789813,0.968940870705012,NA,NA
"86",86,1632000,1930-06-21,52,0.866666666666667,0.91,6,"Summer",5,0.87596365789813,0.968940870705012,NA,NA
"87",87,1632000,1930-06-22,47,0.903846153846154,1.04289940828402,6,"Summer",5,0.87596365789813,0.968940870705012,NA,NA
"88",88,1632000,1930-06-23,40,0.851063829787234,0.941602535083748,6,"Summer",5,0.87596365789813,0.968940870705012,NA,NA
"89",89,1632000,1930-06-24,34,0.85,0.99875,6,"Summer",5,0.87596365789813,0.968940870705012,NA,NA
"90",90,1632000,1930-06-25,26,0.764705882352941,0.899653979238754,6,"Summer",5,0.87596365789813,0.968940870705012,NA,NA
"91",91,1632000,1930-06-26,20,0.769230769230769,1.00591715976331,6,"Summer",5,0.87596365789813,0.968940870705012,NA,NA
"92",92,1632000,1930-06-27,17,0.85,1.105,6,"Summer",5,0.87596365789813,0.968940870705012,NA,NA
"93",93,1632000,1930-06-28,16,0.941176470588235,1.10726643598616,6,"Summer",5,0.87596365789813,0.968940870705012,NA,NA
"94",94,1632000,1930-06-29,15,0.9375,0.99609375,6,"Summer",5,0.87596365789813,0.968940870705012,NA,NA
"95",95,1632000,1930-06-30,14,0.933333333333333,0.995555555555556,6,"Summer",5,0.87596365789813,0.968940870705012,NA,NA
"96",96,1632000,1931-03-13,92,0.844036697247706,0.983418904132649,3,"Spring",6,0.988621829752553,0.0355441638401445,NA,NA
"97",97,1632000,1931-03-14,71,0.771739130434783,0.914343100189036,3,"Spring",6,0.988621829752553,0.0355441638401445,NA,NA
"98",98,1632000,1931-03-15,63,0.887323943661972,1.14977187066058,3,"Spring",6,0.988621829752553,0.0355441638401445,NA,NA
"99",99,1632000,1931-03-16,59,0.936507936507937,1.0554295792391,3,"Spring",6,0.988621829752553,0.0355441638401445,NA,NA
"100",100,1632000,1931-03-17,55,0.932203389830508,0.995403619649526,3,"Spring",6,0.988621829752553,0.0355441638401445,NA,NA
"101",101,1632000,1931-03-18,48,0.872727272727273,0.936198347107438,3,"Spring",6,0.988621829752553,0.0355441638401445,NA,NA
"102",102,1632000,1931-03-19,47,0.979166666666667,1.12196180555556,3,"Spring",6,0.988621829752553,0.0355441638401445,NA,NA
"103",103,1632000,1931-03-20,45,0.957446808510638,0.977818017202354,3,"Spring",6,0.988621829752553,0.0355441638401445,NA,NA
"104",104,1632000,1931-03-21,45,1,1.04444444444444,3,"Spring",6,0.988621829752553,0.0355441638401445,NA,NA
"105",105,1632000,1931-03-22,43,0.955555555555556,0.955555555555556,3,"Spring",6,0.988621829752553,0.0355441638401445,NA,NA
"106",106,1632000,1931-03-23,43,1,1.04651162790698,3,"Spring",6,0.988621829752553,0.0355441638401445,NA,NA
"107",107,1632000,1931-03-24,42,0.976744186046512,0.976744186046512,3,"Spring",6,0.988621829752553,0.0355441638401445,NA,NA
"108",108,1632000,1931-03-25,97,2.30952380952381,2.36451247165533,3,"Spring",6,0.988621829752553,0.0355441638401445,NA,NA
"109",109,1632000,1931-03-26,88,0.907216494845361,0.392815389520672,3,"Spring",6,0.988621829752553,0.0355441638401445,NA,NA
"110",110,1632000,1931-03-27,86,0.977272727272727,1.07722107438017,3,"Spring",6,0.988621829752553,0.0355441638401445,NA,NA
"111",111,1632000,1931-03-28,83,0.965116279069767,0.987560843699297,3,"Spring",6,0.988621829752553,0.0355441638401445,NA,NA
"112",112,1632000,1937-12-20,74,0.986666666666667,0.986666666666667,12,"Winter",7,0.983267257625563,0.911966006983228,NA,NA
"113",113,1632000,1937-12-21,74,1,1.01351351351351,12,"Winter",7,0.983267257625563,0.911966006983228,NA,NA
"114",114,1632000,1937-12-22,74,1,1,12,"Winter",7,0.983267257625563,0.911966006983228,NA,NA
"115",115,1632000,1937-12-23,75,1.01351351351351,1.01351351351351,12,"Winter",7,0.983267257625563,0.911966006983228,NA,NA
"116",116,1632000,1937-12-24,74,0.986666666666667,0.973511111111111,12,"Winter",7,0.983267257625563,0.911966006983228,NA,NA
"117",117,1632000,1937-12-25,72,0.972972972972973,0.986121256391527,12,"Winter",7,0.983267257625563,0.911966006983228,NA,NA
"118",118,1632000,1937-12-26,69,0.958333333333333,0.984953703703704,12,"Winter",7,0.983267257625563,0.911966006983228,NA,NA
"119",119,1632000,1937-12-27,65,0.942028985507246,0.982986767485822,12,"Winter",7,0.983267257625563,0.911966006983228,NA,NA
"120",120,1632000,1937-12-28,65,1,1.06153846153846,12,"Winter",7,0.983267257625563,0.911966006983228,NA,NA
"121",121,1632000,1937-12-29,64,0.984615384615385,0.984615384615385,12,"Winter",7,0.983267257625563,0.911966006983228,NA,NA
"122",122,1632000,1937-12-30,63,0.984375,0.999755859375,12,"Winter",7,0.983267257625563,0.911966006983228,NA,NA
"123",123,1632000,1937-12-31,62,0.984126984126984,0.999748047367095,12,"Winter",7,0.983267257625563,0.911966006983228,NA,NA
"124",124,1632000,1938-01-01,62,1,1.01612903225806,1,"Winter",7,0.983267257625563,0.911966006983228,NA,NA
"125",125,1632000,1938-01-02,63,1.01612903225806,1.01612903225806,1,"Winter",7,0.983267257625563,0.911966006983228,NA,NA
"126",126,1632000,1938-01-03,62,0.984126984126984,0.968505920886873,1,"Winter",7,0.983267257625563,0.911966006983228,NA,NA
"127",127,1632000,1938-01-04,60,0.967741935483871,0.983350676378772,1,"Winter",7,0.983267257625563,0.911966006983228,NA,NA
"128",128,1632000,1938-01-05,58,0.966666666666667,0.998888888888889,1,"Winter",7,0.983267257625563,0.911966006983228,NA,NA
"129",129,1632000,1938-04-23,131,0.935714285714286,0.9825,4,"Spring",8,0.925561675987348,0.998805413711171,NA,NA
"130",130,1632000,1938-04-24,122,0.931297709923664,0.995279995338267,4,"Spring",8,0.925561675987348,0.998805413711171,NA,NA
"131",131,1632000,1938-04-25,116,0.950819672131147,1.02096210696049,4,"Spring",8,0.925561675987348,0.998805413711171,NA,NA
"132",132,1632000,1938-04-26,105,0.905172413793103,0.951991676575505,4,"Spring",8,0.925561675987348,0.998805413711171,NA,NA
"133",133,1632000,1938-04-27,98,0.933333333333333,1.03111111111111,4,"Spring",8,0.925561675987348,0.998805413711171,NA,NA
"134",134,1632000,1938-04-28,89,0.908163265306122,0.973032069970845,4,"Spring",8,0.925561675987348,0.998805413711171,NA,NA
"135",135,1632000,1938-04-29,81,0.910112359550562,1.00214619366242,4,"Spring",8,0.925561675987348,0.998805413711171,NA,NA
"136",136,1632000,1938-04-30,78,0.962962962962963,1.05807041609511,4,"Spring",8,0.925561675987348,0.998805413711171,NA,NA
"137",137,1632000,1938-05-01,72,0.923076923076923,0.958579881656805,5,"Spring",8,0.925561675987348,0.998805413711171,NA,NA
"138",138,1632000,1938-05-02,65,0.902777777777778,0.978009259259259,5,"Spring",8,0.925561675987348,0.998805413711171,NA,NA
"139",139,1632000,1938-05-03,60,0.923076923076923,1.02248520710059,5,"Spring",8,0.925561675987348,0.998805413711171,NA,NA
"140",140,1632000,1938-05-04,56,0.933333333333333,1.01111111111111,5,"Spring",8,0.925561675987348,0.998805413711171,NA,NA
"141",141,1632000,1938-05-05,53,0.946428571428571,1.0140306122449,5,"Spring",8,0.925561675987348,0.998805413711171,NA,NA
"142",142,1632000,1938-05-06,49,0.924528301886792,0.97686009255963,5,"Spring",8,0.925561675987348,0.998805413711171,NA,NA
"143",143,1632000,1938-05-07,45,0.918367346938776,0.993336109954186,5,"Spring",8,0.925561675987348,0.998805413711171,NA,NA
"144",144,1632000,1938-05-08,38,0.844444444444444,0.919506172839506,5,"Spring",8,0.925561675987348,0.998805413711171,NA,NA
"145",145,1632000,1938-05-09,36,0.947368421052632,1.1218836565097,5,"Spring",8,0.925561675987348,0.998805413711171,NA,NA
"146",146,1632000,1938-05-10,35,0.972222222222222,1.02623456790123,5,"Spring",8,0.925561675987348,0.998805413711171,NA,NA
"147",147,1632000,1938-12-14,194,0.801652892561983,0.993784577556178,12,"Winter",9,0.888182592876809,0.932846081624506,NA,NA
"148",148,1632000,1938-12-15,151,0.778350515463918,0.970932086300351,12,"Winter",9,0.888182592876809,0.932846081624506,NA,NA
"149",149,1632000,1938-12-16,117,0.774834437086093,0.99548265426955,12,"Winter",9,0.888182592876809,0.932846081624506,NA,NA
"150",150,1632000,1938-12-17,97,0.829059829059829,1.06998319818833,12,"Winter",9,0.888182592876809,0.932846081624506,NA,NA
"151",151,1632000,1938-12-18,85,0.876288659793814,1.05696673397811,12,"Winter",9,0.888182592876809,0.932846081624506,NA,NA
"152",152,1632000,1938-12-19,74,0.870588235294118,0.993494809688581,12,"Winter",9,0.888182592876809,0.932846081624506,NA,NA
"153",153,1632000,1938-12-20,63,0.851351351351351,0.977903579254931,12,"Winter",9,0.888182592876809,0.932846081624506,NA,NA
"154",154,1632000,1938-12-21,56,0.888888888888889,1.04409171075838,12,"Winter",9,0.888182592876809,0.932846081624506,NA,NA
"155",155,1632000,1938-12-22,50,0.892857142857143,1.00446428571429,12,"Winter",9,0.888182592876809,0.932846081624506,NA,NA
"156",156,1632000,1938-12-23,45,0.9,1.008,12,"Winter",9,0.888182592876809,0.932846081624506,NA,NA
"157",157,1632000,1938-12-24,42,0.933333333333333,1.03703703703704,12,"Winter",9,0.888182592876809,0.932846081624506,NA,NA
"158",158,1632000,1938-12-25,39,0.928571428571429,0.994897959183674,12,"Winter",9,0.888182592876809,0.932846081624506,NA,NA
"159",159,1632000,1938-12-26,37,0.948717948717949,1.02169625246548,12,"Winter",9,0.888182592876809,0.932846081624506,NA,NA
"160",160,1632000,1938-12-27,40,1.08108108108108,1.13951789627465,12,"Winter",9,0.888182592876809,0.932846081624506,NA,NA
"161",161,1632000,1938-12-28,40,1,0.925,12,"Winter",9,0.888182592876809,0.932846081624506,NA,NA
"162",162,1632000,1938-12-29,35,0.875,0.875,12,"Winter",9,0.888182592876809,0.932846081624506,NA,NA
"163",163,1632000,1938-12-30,30,0.857142857142857,0.979591836734694,12,"Winter",9,0.888182592876809,0.932846081624506,NA,NA
"164",164,1632000,1939-03-16,316,0.806122448979592,1.01793523531862,3,"Spring",10,0.931332180822566,0.942557619093234,NA,NA
"165",165,1632000,1939-03-17,259,0.819620253164557,1.01674411152059,3,"Spring",10,0.931332180822566,0.942557619093234,NA,NA
"166",166,1632000,1939-03-18,216,0.833976833976834,1.01751613720726,3,"Spring",10,0.931332180822566,0.942557619093234,NA,NA
"167",167,1632000,1939-03-19,181,0.837962962962963,1.00477966392318,3,"Spring",10,0.931332180822566,0.942557619093234,NA,NA
"168",168,1632000,1939-03-20,158,0.87292817679558,1.04172644302677,3,"Spring",10,0.931332180822566,0.942557619093234,NA,NA
"169",169,1632000,1939-03-21,142,0.89873417721519,1.02956257010095,3,"Spring",10,0.931332180822566,0.942557619093234,NA,NA
"170",170,1632000,1939-03-22,124,0.873239436619718,0.97163261257687,3,"Spring",10,0.931332180822566,0.942557619093234,NA,NA
"171",171,1632000,1939-03-23,113,0.911290322580645,1.04357440166493,3,"Spring",10,0.931332180822566,0.942557619093234,NA,NA
"172",172,1632000,1939-03-24,102,0.902654867256637,0.990523925131177,3,"Spring",10,0.931332180822566,0.942557619093234,NA,NA
"173",173,1632000,1939-03-25,95,0.931372549019608,1.03181468665898,3,"Spring",10,0.931332180822566,0.942557619093234,NA,NA
"174",174,1632000,1939-03-26,88,0.926315789473684,0.994570637119114,3,"Spring",10,0.931332180822566,0.942557619093234,NA,NA
"175",175,1632000,1939-03-27,82,0.931818181818182,1.00594008264463,3,"Spring",10,0.931332180822566,0.942557619093234,NA,NA
"176",176,1632000,1939-03-28,81,0.98780487804878,1.06008328375967,3,"Spring",10,0.931332180822566,0.942557619093234,NA,NA
"177",177,1632000,1939-03-29,76,0.938271604938272,0.949855204999238,3,"Spring",10,0.931332180822566,0.942557619093234,NA,NA
"178",178,1632000,1939-03-30,72,0.947368421052632,1.00969529085873,3,"Spring",10,0.931332180822566,0.942557619093234,NA,NA
"179",179,1632000,1939-03-31,68,0.944444444444444,0.996913580246914,3,"Spring",10,0.931332180822566,0.942557619093234,NA,NA
"180",180,1632000,1939-04-01,65,0.955882352941177,1.0121107266436,4,"Spring",10,0.931332180822566,0.942557619093234,NA,NA
"181",181,1632000,1939-04-02,61,0.938461538461538,0.981775147928994,4,"Spring",10,0.931332180822566,0.942557619093234,NA,NA
"182",182,1632000,1939-04-03,55,0.901639344262295,0.960763235689331,4,"Spring",10,0.931332180822566,0.942557619093234,NA,NA
"183",183,1632000,1939-04-04,52,0.945454545454545,1.04859504132231,4,"Spring",10,0.931332180822566,0.942557619093234,NA,NA
"184",184,1632000,1939-04-05,49,0.942307692307692,0.996671597633136,4,"Spring",10,0.931332180822566,0.942557619093234,NA,NA
"185",185,1632000,1939-04-06,48,0.979591836734694,1.03956684714702,4,"Spring",10,0.931332180822566,0.942557619093234,NA,NA
"186",186,1632000,1939-04-07,45,0.9375,0.95703125,4,"Spring",10,0.931332180822566,0.942557619093234,NA,NA
"187",187,1632000,1939-04-08,43,0.955555555555556,1.01925925925926,4,"Spring",10,0.931332180822566,0.942557619093234,NA,NA
"188",188,1632000,1939-04-09,42,0.976744186046512,1.02217414818821,4,"Spring",10,0.931332180822566,0.942557619093234,NA,NA
"189",189,1632000,1939-04-10,40,0.952380952380952,0.975056689342404,4,"Spring",10,0.931332180822566,0.942557619093234,NA,NA
"190",190,1632000,1939-04-11,38,0.95,0.9975,4,"Spring",10,0.931332180822566,0.942557619093234,NA,NA
"191",191,1632000,1939-04-12,41,1.07894736842105,1.13573407202216,4,"Spring",10,0.931332180822566,0.942557619093234,NA,NA
"192",192,1632000,1939-04-13,38,0.926829268292683,0.85901249256395,4,"Spring",10,0.931332180822566,0.942557619093234,NA,NA
"193",193,1632000,1939-04-14,36,0.947368421052632,1.02216066481994,4,"Spring",10,0.931332180822566,0.942557619093234,NA,NA
"194",194,1632000,1939-04-23,195,0.805785123966942,1.01222594085103,4,"Spring",11,0.955112358947235,0.92719800954887,NA,NA
"195",195,1632000,1939-04-24,169,0.866666666666667,1.07555555555556,4,"Spring",11,0.955112358947235,0.92719800954887,NA,NA
"196",196,1632000,1939-04-25,153,0.905325443786982,1.04460628129267,4,"Spring",11,0.955112358947235,0.92719800954887,NA,NA
"197",197,1632000,1939-04-26,145,0.947712418300654,1.04681959929941,4,"Spring",11,0.955112358947235,0.92719800954887,NA,NA
"198",198,1632000,1939-04-27,140,0.96551724137931,1.01878715814507,4,"Spring",11,0.955112358947235,0.92719800954887,NA,NA
"199",199,1632000,1939-04-28,130,0.928571428571429,0.961734693877551,4,"Spring",11,0.955112358947235,0.92719800954887,NA,NA
"200",200,1632000,1939-04-29,123,0.946153846153846,1.0189349112426,4,"Spring",11,0.955112358947235,0.92719800954887,NA,NA
"201",201,1632000,1939-04-30,118,0.959349593495935,1.0139467248331,4,"Spring",11,0.955112358947235,0.92719800954887,NA,NA
"202",202,1632000,1939-05-01,124,1.05084745762712,1.09537489227234,5,"Spring",11,0.955112358947235,0.92719800954887,NA,NA
"203",203,1632000,1939-05-02,124,1,0.951612903225806,5,"Spring",11,0.955112358947235,0.92719800954887,NA,NA
"204",204,1632000,1939-05-03,124,1,1,5,"Spring",11,0.955112358947235,0.92719800954887,NA,NA
"205",205,1632000,1939-05-04,122,0.983870967741935,0.983870967741935,5,"Spring",11,0.955112358947235,0.92719800954887,NA,NA
"206",206,1632000,1939-05-05,113,0.926229508196721,0.941413598495028,5,"Spring",11,0.955112358947235,0.92719800954887,NA,NA
"207",207,1632000,1939-05-06,106,0.938053097345133,1.01276529093899,5,"Spring",11,0.955112358947235,0.92719800954887,NA,NA
"208",208,1632000,1939-05-07,97,0.915094339622642,0.975525097899608,5,"Spring",11,0.955112358947235,0.92719800954887,NA,NA
"209",209,1632000,1939-05-08,92,0.948453608247423,1.03645445849718,5,"Spring",11,0.955112358947235,0.92719800954887,NA,NA
"210",210,1632000,1939-05-09,85,0.923913043478261,0.974125708884688,5,"Spring",11,0.955112358947235,0.92719800954887,NA,NA
"211",211,1632000,1939-05-10,80,0.941176470588235,1.01868512110727,5,"Spring",11,0.955112358947235,0.92719800954887,NA,NA
"212",212,1632000,1939-05-11,74,0.925,0.9828125,5,"Spring",11,0.955112358947235,0.92719800954887,NA,NA
"213",213,1632000,1939-05-29,85,0.85,1.02,5,"Spring",12,0.927346733323879,0.954283446554154,NA,NA
"214",214,1632000,1939-05-30,75,0.882352941176471,1.03806228373702,5,"Spring",12,0.927346733323879,0.954283446554154,NA,NA
"215",215,1632000,1939-05-31,70,0.933333333333333,1.05777777777778,5,"Spring",12,0.927346733323879,0.954283446554154,NA,NA
"216",216,1632000,1939-06-01,65,0.928571428571429,0.994897959183674,6,"Summer",12,0.927346733323879,0.954283446554154,NA,NA
"217",217,1632000,1939-06-02,60,0.923076923076923,0.994082840236686,6,"Summer",12,0.927346733323879,0.954283446554154,NA,NA
"218",218,1632000,1939-06-03,80,1.33333333333333,1.44444444444444,6,"Summer",12,0.927346733323879,0.954283446554154,NA,NA
"219",219,1632000,1939-06-04,70,0.875,0.65625,6,"Summer",12,0.927346733323879,0.954283446554154,NA,NA
"220",220,1632000,1939-06-05,60,0.857142857142857,0.979591836734694,6,"Summer",12,0.927346733323879,0.954283446554154,NA,NA
"221",221,1632000,1939-06-06,50,0.833333333333333,0.972222222222222,6,"Summer",12,0.927346733323879,0.954283446554154,NA,NA
"222",222,1632000,1939-06-07,45,0.9,1.08,6,"Summer",12,0.927346733323879,0.954283446554154,NA,NA
"223",223,1632000,1939-06-08,42,0.933333333333333,1.03703703703704,6,"Summer",12,0.927346733323879,0.954283446554154,NA,NA
"224",224,1632000,1939-06-09,40,0.952380952380952,1.02040816326531,6,"Summer",12,0.927346733323879,0.954283446554154,NA,NA
"225",225,1632000,1939-06-10,45,1.125,1.18125,6,"Summer",12,0.927346733323879,0.954283446554154,NA,NA
"226",226,1632000,1939-06-11,40,0.888888888888889,0.790123456790123,6,"Summer",12,0.927346733323879,0.954283446554154,NA,NA
"227",227,1632000,1939-06-12,35,0.875,0.984375,6,"Summer",12,0.927346733323879,0.954283446554154,NA,NA
"228",228,1632000,1939-06-13,30,0.857142857142857,0.979591836734694,6,"Summer",12,0.927346733323879,0.954283446554154,NA,NA
"229",229,1632000,1939-06-14,25,0.833333333333333,0.972222222222222,6,"Summer",12,0.927346733323879,0.954283446554154,NA,NA
"230",230,1632000,1939-06-15,22,0.88,1.056,6,"Summer",12,0.927346733323879,0.954283446554154,NA,NA
"231",231,1632000,1939-06-16,19,0.863636363636364,0.981404958677686,6,"Summer",12,0.927346733323879,0.954283446554154,NA,NA
"232",232,1632000,1941-01-23,167,0.922651933701657,1.02969994810903,1,"Winter",13,0.95203045555163,0.95990240962687,NA,NA
"233",233,1632000,1941-01-24,155,0.92814371257485,1.00595216752125,1,"Winter",13,0.95203045555163,0.95990240962687,NA,NA
"234",234,1632000,1941-01-25,161,1.03870967741935,1.11912591050989,1,"Winter",13,0.95203045555163,0.95990240962687,NA,NA
"235",235,1632000,1941-01-26,150,0.93167701863354,0.896956135951545,1,"Winter",13,0.95203045555163,0.95990240962687,NA,NA
"236",236,1632000,1941-01-27,148,0.986666666666667,1.05902222222222,1,"Winter",13,0.95203045555163,0.95990240962687,NA,NA
"237",237,1632000,1941-01-28,142,0.959459459459459,0.972425127830533,1,"Winter",13,0.95203045555163,0.95990240962687,NA,NA
"238",238,1632000,1941-01-29,134,0.943661971830986,0.983535012894267,1,"Winter",13,0.95203045555163,0.95990240962687,NA,NA
"239",239,1632000,1941-01-30,130,0.970149253731343,1.02806861216307,1,"Winter",13,0.95203045555163,0.95990240962687,NA,NA
"240",240,1632000,1941-01-31,137,1.05384615384615,1.08627218934911,1,"Winter",13,0.95203045555163,0.95990240962687,NA,NA
"241",241,1632000,1941-02-01,132,0.963503649635037,0.914273536150035,2,"Winter",13,0.95203045555163,0.95990240962687,NA,NA
"242",242,1632000,1941-02-02,130,0.984848484848485,1.02215335169881,2,"Winter",13,0.95203045555163,0.95990240962687,NA,NA
"243",243,1632000,1941-02-03,123,0.946153846153846,0.960710059171598,2,"Winter",13,0.95203045555163,0.95990240962687,NA,NA
"244",244,1632000,1941-02-04,109,0.886178861788618,0.936611805142442,2,"Winter",13,0.95203045555163,0.95990240962687,NA,NA
"245",245,1632000,1941-02-05,98,0.899082568807339,1.01456106388351,2,"Winter",13,0.95203045555163,0.95990240962687,NA,NA
"246",246,1632000,1941-02-06,98,1,1.11224489795918,2,"Winter",13,0.95203045555163,0.95990240962687,NA,NA
"247",247,1632000,1941-02-07,97,0.989795918367347,0.989795918367347,2,"Winter",13,0.95203045555163,0.95990240962687,NA,NA
"248",248,1632000,1941-02-08,88,0.907216494845361,0.916569242214901,2,"Winter",13,0.95203045555163,0.95990240962687,NA,NA
"249",249,1632000,1941-02-09,79,0.897727272727273,0.989540289256198,2,"Winter",13,0.95203045555163,0.95990240962687,NA,NA
"250",250,1632000,1941-02-10,71,0.89873417721519,1.00112161512578,2,"Winter",13,0.95203045555163,0.95990240962687,NA,NA
"251",251,1632000,1941-02-11,65,0.915492957746479,1.01864709383059,2,"Winter",13,0.95203045555163,0.95990240962687,NA,NA
"252",252,1632000,1941-02-12,61,0.938461538461538,1.02508875739645,2,"Winter",13,0.95203045555163,0.95990240962687,NA,NA
"253",253,1632000,1941-02-13,60,0.983606557377049,1.04810534802472,2,"Winter",13,0.95203045555163,0.95990240962687,NA,NA
"254",254,1632000,1941-02-14,59,0.983333333333333,0.999722222222222,2,"Winter",13,0.95203045555163,0.95990240962687,NA,NA
"255",255,1632000,1941-02-15,58,0.983050847457627,0.999712726228095,2,"Winter",13,0.95203045555163,0.95990240962687,NA,NA
"256",256,1632000,1941-04-22,108,0.885245901639344,0.994087610857296,4,"Spring",14,0.939598857698121,0.995654867843052,NA,NA
"257",257,1632000,1941-04-23,98,0.907407407407407,1.02503429355281,4,"Spring",14,0.939598857698121,0.995654867843052,NA,NA
"258",258,1632000,1941-04-24,102,1.04081632653061,1.14702207413578,4,"Spring",14,0.939598857698121,0.995654867843052,NA,NA
"259",259,1632000,1941-04-25,92,0.901960784313726,0.866589773164168,4,"Spring",14,0.939598857698121,0.995654867843052,NA,NA
"260",260,1632000,1941-04-26,84,0.91304347826087,1.01228733459357,4,"Spring",14,0.939598857698121,0.995654867843052,NA,NA
"261",261,1632000,1941-04-27,78,0.928571428571429,1.01700680272109,4,"Spring",14,0.939598857698121,0.995654867843052,NA,NA
"262",262,1632000,1941-04-28,72,0.923076923076923,0.994082840236686,4,"Spring",14,0.939598857698121,0.995654867843052,NA,NA
"263",263,1632000,1941-04-29,67,0.930555555555556,1.00810185185185,4,"Spring",14,0.939598857698121,0.995654867843052,NA,NA
"264",264,1632000,1941-04-30,62,0.925373134328358,0.994430830920027,4,"Spring",14,0.939598857698121,0.995654867843052,NA,NA
"265",265,1632000,1941-05-01,59,0.951612903225806,1.0283558792924,5,"Spring",14,0.939598857698121,0.995654867843052,NA,NA
"266",266,1632000,1941-05-02,56,0.949152542372881,0.997414536052858,5,"Spring",14,0.939598857698121,0.995654867843052,NA,NA
"267",267,1632000,1941-05-03,53,0.946428571428571,0.997130102040816,5,"Spring",14,0.939598857698121,0.995654867843052,NA,NA
"268",268,1632000,1941-05-04,50,0.943396226415094,0.996796012815949,5,"Spring",14,0.939598857698121,0.995654867843052,NA,NA
"269",269,1632000,1941-05-05,47,0.94,0.9964,5,"Spring",14,0.939598857698121,0.995654867843052,NA,NA
"270",270,1632000,1941-05-06,44,0.936170212765957,0.995925758261657,5,"Spring",14,0.939598857698121,0.995654867843052,NA,NA
"271",271,1632000,1941-05-07,43,0.977272727272727,1.04390495867769,5,"Spring",14,0.939598857698121,0.995654867843052,NA,NA
"272",272,1632000,1941-05-08,42,0.976744186046512,0.999459167117361,5,"Spring",14,0.939598857698121,0.995654867843052,NA,NA
"273",273,1632000,1941-05-09,38,0.904761904761905,0.926303854875283,5,"Spring",14,0.939598857698121,0.995654867843052,NA,NA
"274",274,1632000,1941-05-10,37,0.973684210526316,1.07617728531856,5,"Spring",14,0.939598857698121,0.995654867843052,NA,NA
"275",275,1632000,1941-05-11,33,0.891891891891892,0.91599707815924,5,"Spring",14,0.939598857698121,0.995654867843052,NA,NA
"276",276,1632000,1941-05-12,30,0.909090909090909,1.01928374655647,5,"Spring",14,0.939598857698121,0.995654867843052,NA,NA
"277",277,1632000,1941-05-13,28,0.933333333333333,1.02666666666667,5,"Spring",14,0.939598857698121,0.995654867843052,NA,NA
"278",278,1632000,1941-07-28,16,0.842105263157895,1.01939058171745,7,"Summer",15,0.891804466401329,0.997576903457568,NA,NA
"279",279,1632000,1941-07-29,14,0.875,1.0390625,7,"Summer",15,0.891804466401329,0.997576903457568,NA,NA
"280",280,1632000,1941-07-30,12,0.857142857142857,0.979591836734694,7,"Summer",15,0.891804466401329,0.997576903457568,NA,NA
"281",281,1632000,1941-07-31,11,0.916666666666667,1.06944444444444,7,"Summer",15,0.891804466401329,0.997576903457568,NA,NA
"282",282,1632000,1941-08-01,9.8,0.890909090909091,0.971900826446281,8,"Summer",15,0.891804466401329,0.997576903457568,NA,NA
"283",283,1632000,1941-08-02,9,0.918367346938775,1.03082049146189,8,"Summer",15,0.891804466401329,0.997576903457568,NA,NA
"284",284,1632000,1941-08-03,7.8,0.866666666666667,0.943703703703704,8,"Summer",15,0.891804466401329,0.997576903457568,NA,NA
"285",285,1632000,1941-08-04,7,0.897435897435897,1.03550295857988,8,"Summer",15,0.891804466401329,0.997576903457568,NA,NA
"286",286,1632000,1941-08-05,6.1,0.871428571428571,0.971020408163265,8,"Summer",15,0.891804466401329,0.997576903457568,NA,NA
"287",287,1632000,1941-08-06,5.8,0.950819672131148,1.09110454178984,8,"Summer",15,0.891804466401329,0.997576903457568,NA,NA
"288",288,1632000,1941-08-07,5.2,0.896551724137931,0.942925089179548,8,"Summer",15,0.891804466401329,0.997576903457568,NA,NA
"289",289,1632000,1941-08-08,4.6,0.884615384615384,0.986686390532544,8,"Summer",15,0.891804466401329,0.997576903457568,NA,NA
"290",290,1632000,1941-08-09,4,0.869565217391304,0.982986767485823,8,"Summer",15,0.891804466401329,0.997576903457568,NA,NA
"291",291,1632000,1941-08-10,3.4,0.85,0.9775,8,"Summer",15,0.891804466401329,0.997576903457568,NA,NA
"292",292,1632000,1942-04-16,188,0.850678733031674,1.02389385966708,4,"Spring",16,0.938113064380917,0.923636308792987,NA,NA
"293",293,1632000,1942-04-17,164,0.872340425531915,1.02546401086464,4,"Spring",16,0.938113064380917,0.923636308792987,NA,NA
"294",294,1632000,1942-04-18,145,0.884146341463415,1.01353361094587,4,"Spring",16,0.938113064380917,0.923636308792987,NA,NA
"295",295,1632000,1942-04-19,128,0.882758620689655,0.998430439952438,4,"Spring",16,0.938113064380917,0.923636308792987,NA,NA
"296",296,1632000,1942-04-20,114,0.890625,1.0089111328125,4,"Spring",16,0.938113064380917,0.923636308792987,NA,NA
"297",297,1632000,1942-04-21,103,0.903508771929825,1.01446598953524,4,"Spring",16,0.938113064380917,0.923636308792987,NA,NA
"298",298,1632000,1942-04-22,93,0.902912621359223,0.999340182863606,4,"Spring",16,0.938113064380917,0.923636308792987,NA,NA
"299",299,1632000,1942-04-23,84,0.903225806451613,1.00034686090878,4,"Spring",16,0.938113064380917,0.923636308792987,NA,NA
"300",300,1632000,1942-04-24,75,0.892857142857143,0.988520408163265,4,"Spring",16,0.938113064380917,0.923636308792987,NA,NA
"301",301,1632000,1942-04-25,69,0.92,1.0304,4,"Spring",16,0.938113064380917,0.923636308792987,NA,NA
"302",302,1632000,1942-04-26,63,0.91304347826087,0.992438563327032,4,"Spring",16,0.938113064380917,0.923636308792987,NA,NA
"303",303,1632000,1942-04-27,60,0.952380952380952,1.04308390022676,4,"Spring",16,0.938113064380917,0.923636308792987,NA,NA
"304",304,1632000,1942-04-28,56,0.933333333333333,0.98,4,"Spring",16,0.938113064380917,0.923636308792987,NA,NA
"305",305,1632000,1942-04-29,55,0.982142857142857,1.05229591836735,4,"Spring",16,0.938113064380917,0.923636308792987,NA,NA
"306",306,1632000,1942-04-30,50,0.909090909090909,0.925619834710744,4,"Spring",16,0.938113064380917,0.923636308792987,NA,NA
"307",307,1632000,1942-05-01,45,0.9,0.99,5,"Spring",16,0.938113064380917,0.923636308792987,NA,NA
"308",308,1632000,1942-05-02,49,1.08888888888889,1.20987654320988,5,"Spring",16,0.938113064380917,0.923636308792987,NA,NA
"309",309,1632000,1942-05-03,64,1.30612244897959,1.19950020824656,5,"Spring",16,0.938113064380917,0.923636308792987,NA,NA
"310",310,1632000,1942-05-04,55,0.859375,0.657958984375,5,"Spring",16,0.938113064380917,0.923636308792987,NA,NA
"311",311,1632000,1942-05-05,48,0.872727272727273,1.01553719008264,5,"Spring",16,0.938113064380917,0.923636308792987,NA,NA
"312",312,1632000,1942-05-06,43,0.895833333333333,1.02647569444444,5,"Spring",16,0.938113064380917,0.923636308792987,NA,NA
"313",313,1632000,1942-05-07,45,1.04651162790698,1.16819902650081,5,"Spring",16,0.938113064380917,0.923636308792987,NA,NA
"314",314,1632000,1942-05-08,43,0.955555555555556,0.913086419753086,5,"Spring",16,0.938113064380917,0.923636308792987,NA,NA
"315",315,1632000,1942-05-09,40,0.930232558139535,0.973499188750676,5,"Spring",16,0.938113064380917,0.923636308792987,NA,NA
"316",316,1632000,1942-05-10,36,0.9,0.9675,5,"Spring",16,0.938113064380917,0.923636308792987,NA,NA
"317",317,1632000,1942-05-11,34,0.944444444444444,1.04938271604938,5,"Spring",16,0.938113064380917,0.923636308792987,NA,NA
"318",318,1632000,1942-05-12,32,0.941176470588235,0.996539792387543,5,"Spring",16,0.938113064380917,0.923636308792987,NA,NA
"319",319,1632000,1942-11-03,162,0.970059880239521,0.970059880239521,11,"Fall",17,0.963705441858808,0.975735978397394,NA,NA
"320",320,1632000,1942-11-04,146,0.901234567901235,0.929050449626581,11,"Fall",17,0.963705441858808,0.975735978397394,NA,NA
"321",321,1632000,1942-11-05,136,0.931506849315068,1.03358979170576,11,"Fall",17,0.963705441858808,0.975735978397394,NA,NA
"322",322,1632000,1942-11-06,130,0.955882352941177,1.0261678200692,11,"Fall",17,0.963705441858808,0.975735978397394,NA,NA
"323",323,1632000,1942-11-07,126,0.969230769230769,1.01396449704142,11,"Fall",17,0.963705441858808,0.975735978397394,NA,NA
"324",324,1632000,1942-11-08,121,0.96031746031746,0.990803728898967,11,"Fall",17,0.963705441858808,0.975735978397394,NA,NA
"325",325,1632000,1942-11-09,116,0.958677685950413,0.998292466361587,11,"Fall",17,0.963705441858808,0.975735978397394,NA,NA
"326",326,1632000,1942-11-10,111,0.956896551724138,0.99814209274673,11,"Fall",17,0.963705441858808,0.975735978397394,NA,NA
"327",327,1632000,1942-11-11,110,0.990990990990991,1.03563022481941,11,"Fall",17,0.963705441858808,0.975735978397394,NA,NA
"328",328,1632000,1942-11-12,106,0.963636363636364,0.972396694214876,11,"Fall",17,0.963705441858808,0.975735978397394,NA,NA
"329",329,1632000,1942-11-13,100,0.943396226415094,0.978996084015664,11,"Fall",17,0.963705441858808,0.975735978397394,NA,NA
"330",330,1632000,1942-11-14,95,0.95,1.007,11,"Fall",17,0.963705441858808,0.975735978397394,NA,NA
"331",331,1632000,1942-11-15,92,0.968421052631579,1.01939058171745,11,"Fall",17,0.963705441858808,0.975735978397394,NA,NA
"332",332,1632000,1942-11-16,89,0.967391304347826,0.998936672967864,11,"Fall",17,0.963705441858808,0.975735978397394,NA,NA
"333",333,1632000,1942-11-17,86,0.966292134831461,0.99886377982578,11,"Fall",17,0.963705441858808,0.975735978397394,NA,NA
"334",334,1632000,1942-11-18,84,0.976744186046512,1.01081665765279,11,"Fall",17,0.963705441858808,0.975735978397394,NA,NA
"335",335,1632000,1942-11-19,82,0.976190476190476,0.999433106575964,11,"Fall",17,0.963705441858808,0.975735978397394,NA,NA
"336",336,1632000,1942-11-20,80,0.975609756097561,0.99940511600238,11,"Fall",17,0.963705441858808,0.975735978397394,NA,NA
"337",337,1632000,1942-11-21,78,0.975,0.999375,11,"Fall",17,0.963705441858808,0.975735978397394,NA,NA
"338",338,1632000,1942-11-22,77,0.987179487179487,1.01249178172255,11,"Fall",17,0.963705441858808,0.975735978397394,NA,NA
"339",339,1632000,1942-12-07,130,0.948905109489051,0.983536682828067,12,"Winter",18,0.966141827579679,0.969002597987891,NA,NA
"340",340,1632000,1942-12-08,121,0.930769230769231,0.980887573964497,12,"Winter",18,0.966141827579679,0.969002597987891,NA,NA
"341",341,1632000,1942-12-09,115,0.950413223140496,1.02110511577078,12,"Winter",18,0.966141827579679,0.969002597987891,NA,NA
"342",342,1632000,1942-12-10,109,0.947826086956522,0.997277882797731,12,"Winter",18,0.966141827579679,0.969002597987891,NA,NA
"343",343,1632000,1942-12-11,105,0.963302752293578,1.01632859186937,12,"Winter",18,0.966141827579679,0.969002597987891,NA,NA
"344",344,1632000,1942-12-12,104,0.990476190476191,1.02820861678005,12,"Winter",18,0.966141827579679,0.969002597987891,NA,NA
"345",345,1632000,1942-12-13,100,0.961538461538462,0.970784023668639,12,"Winter",18,0.966141827579679,0.969002597987891,NA,NA
"346",346,1632000,1942-12-14,94,0.94,0.9776,12,"Winter",18,0.966141827579679,0.969002597987891,NA,NA
"347",347,1632000,1942-12-15,90,0.957446808510638,1.01856043458579,12,"Winter",18,0.966141827579679,0.969002597987891,NA,NA
"348",348,1632000,1942-12-16,89,0.988888888888889,1.03283950617284,12,"Winter",18,0.966141827579679,0.969002597987891,NA,NA
"349",349,1632000,1942-12-17,87,0.97752808988764,0.988511551571771,12,"Winter",18,0.966141827579679,0.969002597987891,NA,NA
"350",350,1632000,1942-12-18,85,0.977011494252874,0.999471528603514,12,"Winter",18,0.966141827579679,0.969002597987891,NA,NA
"351",351,1632000,1942-12-19,83,0.976470588235294,0.999446366782007,12,"Winter",18,0.966141827579679,0.969002597987891,NA,NA
"352",352,1632000,1942-12-20,82,0.987951807228916,1.01175787487299,12,"Winter",18,0.966141827579679,0.969002597987891,NA,NA
"353",353,1632000,1943-04-01,169,0.971264367816092,1.00475624256837,4,"Spring",19,0.963058499878712,0.881866538213246,NA,NA
"354",354,1632000,1943-04-02,160,0.946745562130177,0.97475578586184,4,"Spring",19,0.963058499878712,0.881866538213246,NA,NA
"355",355,1632000,1943-04-03,147,0.91875,0.9704296875,4,"Spring",19,0.963058499878712,0.881866538213246,NA,NA
"356",356,1632000,1943-04-04,136,0.925170068027211,1.00698782914526,4,"Spring",19,0.963058499878712,0.881866538213246,NA,NA
"357",357,1632000,1943-04-05,127,0.933823529411765,1.00935337370242,4,"Spring",19,0.963058499878712,0.881866538213246,NA,NA
"358",358,1632000,1943-04-06,118,0.929133858267717,0.99497798995598,4,"Spring",19,0.963058499878712,0.881866538213246,NA,NA
"359",359,1632000,1943-04-07,111,0.940677966101695,1.01242459063487,4,"Spring",19,0.963058499878712,0.881866538213246,NA,NA
"360",360,1632000,1943-04-08,105,0.945945945945946,1.00560019478938,4,"Spring",19,0.963058499878712,0.881866538213246,NA,NA
"361",361,1632000,1943-04-09,99,0.942857142857143,0.996734693877551,4,"Spring",19,0.963058499878712,0.881866538213246,NA,NA
"362",362,1632000,1943-04-10,106,1.07070707070707,1.13559840832568,4,"Spring",19,0.963058499878712,0.881866538213246,NA,NA
"363",363,1632000,1943-04-11,100,0.943396226415094,0.881096475614098,4,"Spring",19,0.963058499878712,0.881866538213246,NA,NA
"364",364,1632000,1943-04-12,94,0.94,0.9964,4,"Spring",19,0.963058499878712,0.881866538213246,NA,NA
"365",365,1632000,1943-04-13,94,1,1.06382978723404,4,"Spring",19,0.963058499878712,0.881866538213246,NA,NA
"366",366,1632000,1943-04-14,96,1.02127659574468,1.02127659574468,4,"Spring",19,0.963058499878712,0.881866538213246,NA,NA
"367",367,1632000,1943-04-15,92,0.958333333333333,0.938368055555556,4,"Spring",19,0.963058499878712,0.881866538213246,NA,NA
"368",368,1632000,1943-04-16,89,0.967391304347826,1.00945179584121,4,"Spring",19,0.963058499878712,0.881866538213246,NA,NA
"369",369,1632000,1943-04-17,88,0.98876404494382,1.02209317005429,4,"Spring",19,0.963058499878712,0.881866538213246,NA,NA
"370",370,1632000,1943-04-18,87,0.988636363636364,0.999870867768595,4,"Spring",19,0.963058499878712,0.881866538213246,NA,NA
"371",371,1632000,1945-03-11,215,0.877551020408163,0.985006247396918,3,"Spring",20,0.96512179446674,0.797547978117916,NA,NA
"372",372,1632000,1945-03-12,188,0.874418604651163,0.996430502974581,3,"Spring",20,0.96512179446674,0.797547978117916,NA,NA
"373",373,1632000,1945-03-13,170,0.904255319148936,1.03412177455862,3,"Spring",20,0.96512179446674,0.797547978117916,NA,NA
"374",374,1632000,1945-03-14,155,0.911764705882353,1.0083044982699,3,"Spring",20,0.96512179446674,0.797547978117916,NA,NA
"375",375,1632000,1945-03-15,141,0.909677419354839,0.997710718002081,3,"Spring",20,0.96512179446674,0.797547978117916,NA,NA
"376",376,1632000,1945-03-16,131,0.929078014184397,1.0213268950254,3,"Spring",20,0.96512179446674,0.797547978117916,NA,NA
"377",377,1632000,1945-03-17,122,0.931297709923664,1.00238913816211,3,"Spring",20,0.96512179446674,0.797547978117916,NA,NA
"378",378,1632000,1945-03-18,110,0.901639344262295,0.96815372211771,3,"Spring",20,0.96512179446674,0.797547978117916,NA,NA
"379",379,1632000,1945-03-19,105,0.954545454545455,1.05867768595041,3,"Spring",20,0.96512179446674,0.797547978117916,NA,NA
"380",380,1632000,1945-03-20,98,0.933333333333333,0.977777777777778,3,"Spring",20,0.96512179446674,0.797547978117916,NA,NA
"381",381,1632000,1945-03-21,107,1.09183673469388,1.1698250728863,3,"Spring",20,0.96512179446674,0.797547978117916,NA,NA
"382",382,1632000,1945-03-22,122,1.14018691588785,1.04428334352345,3,"Spring",20,0.96512179446674,0.797547978117916,NA,NA
"383",383,1632000,1945-03-23,114,0.934426229508197,0.819537758667025,3,"Spring",20,0.96512179446674,0.797547978117916,NA,NA
"384",384,1632000,1945-03-24,107,0.93859649122807,1.00446291166513,3,"Spring",20,0.96512179446674,0.797547978117916,NA,NA
"385",385,1632000,1945-03-25,105,0.981308411214953,1.04550615774303,3,"Spring",20,0.96512179446674,0.797547978117916,NA,NA
"386",386,1632000,1945-03-26,103,0.980952380952381,0.999637188208617,3,"Spring",20,0.96512179446674,0.797547978117916,NA,NA
"387",387,1632000,1945-03-27,103,1,1.01941747572816,3,"Spring",20,0.96512179446674,0.797547978117916,NA,NA
"388",388,1632000,1945-03-28,99,0.961165048543689,0.961165048543689,3,"Spring",20,0.96512179446674,0.797547978117916,NA,NA
"389",389,1632000,1945-03-29,94,0.94949494949495,0.987858381797776,3,"Spring",20,0.96512179446674,0.797547978117916,NA,NA
"390",390,1632000,1945-03-30,92,0.978723404255319,1.03078315980081,3,"Spring",20,0.96512179446674,0.797547978117916,NA,NA
"391",391,1632000,1945-03-31,94,1.02173913043478,1.04395085066163,3,"Spring",20,0.96512179446674,0.797547978117916,NA,NA
"392",392,1632000,1945-04-01,91,0.968085106382979,0.947487550928022,4,"Spring",20,0.96512179446674,0.797547978117916,NA,NA
"393",393,1632000,1945-04-02,89,0.978021978021978,1.01026446081391,4,"Spring",20,0.96512179446674,0.797547978117916,NA,NA
"394",394,1632000,1947-02-09,52,0.896551724137931,0.989298454221165,2,"Winter",21,0.951547018367198,0.983965047010794,NA,NA
"395",395,1632000,1947-02-10,48,0.923076923076923,1.02958579881657,2,"Winter",21,0.951547018367198,0.983965047010794,NA,NA
"396",396,1632000,1947-02-11,44,0.916666666666667,0.993055555555555,2,"Winter",21,0.951547018367198,0.983965047010794,NA,NA
"397",397,1632000,1947-02-12,41,0.931818181818182,1.01652892561983,2,"Winter",21,0.951547018367198,0.983965047010794,NA,NA
"398",398,1632000,1947-02-13,39,0.951219512195122,1.02082093991672,2,"Winter",21,0.951547018367198,0.983965047010794,NA,NA
"399",399,1632000,1947-02-14,36,0.923076923076923,0.970414201183432,2,"Winter",21,0.951547018367198,0.983965047010794,NA,NA
"400",400,1632000,1947-02-15,34,0.944444444444444,1.02314814814815,2,"Winter",21,0.951547018367198,0.983965047010794,NA,NA
"401",401,1632000,1947-02-16,33,0.970588235294118,1.02768166089965,2,"Winter",21,0.951547018367198,0.983965047010794,NA,NA
"402",402,1632000,1947-02-17,32,0.96969696969697,0.999081726354454,2,"Winter",21,0.951547018367198,0.983965047010794,NA,NA
"403",403,1632000,1947-02-18,30,0.9375,0.966796875,2,"Winter",21,0.951547018367198,0.983965047010794,NA,NA
"404",404,1632000,1947-02-19,28,0.933333333333333,0.995555555555556,2,"Winter",21,0.951547018367198,0.983965047010794,NA,NA
"405",405,1632000,1947-02-20,27,0.964285714285714,1.03316326530612,2,"Winter",21,0.951547018367198,0.983965047010794,NA,NA
"406",406,1632000,1947-02-21,26,0.962962962962963,0.998628257887517,2,"Winter",21,0.951547018367198,0.983965047010794,NA,NA
"407",407,1632000,1947-02-22,25,0.961538461538462,0.998520710059172,2,"Winter",21,0.951547018367198,0.983965047010794,NA,NA
"408",408,1632000,1947-02-23,24,0.96,0.9984,2,"Winter",21,0.951547018367198,0.983965047010794,NA,NA
"409",409,1632000,1947-02-24,23,0.958333333333333,0.998263888888889,2,"Winter",21,0.951547018367198,0.983965047010794,NA,NA
"410",410,1632000,1947-02-25,22,0.956521739130435,0.998109640831758,2,"Winter",21,0.951547018367198,0.983965047010794,NA,NA
"411",411,1632000,1947-02-26,22,1,1.04545454545455,2,"Winter",21,0.951547018367198,0.983965047010794,NA,NA
"412",412,1632000,1947-02-27,21,0.954545454545455,0.954545454545455,2,"Winter",21,0.951547018367198,0.983965047010794,NA,NA
"413",413,1632000,1947-02-28,20,0.952380952380952,0.997732426303855,2,"Winter",21,0.951547018367198,0.983965047010794,NA,NA
"414",414,1632000,1950-04-02,187,0.894736842105263,1.0103248552002,4,"Spring",22,0.925038804614483,0.982126994865326,NA,NA
"415",415,1632000,1950-04-03,169,0.903743315508021,1.01006605850896,4,"Spring",22,0.925038804614483,0.982126994865326,NA,NA
"416",416,1632000,1950-04-04,150,0.887573964497041,0.982108469591401,4,"Spring",22,0.925038804614483,0.982126994865326,NA,NA
"417",417,1632000,1950-04-05,137,0.913333333333333,1.02902222222222,4,"Spring",22,0.925038804614483,0.982126994865326,NA,NA
"418",418,1632000,1950-04-06,122,0.89051094890511,0.97501198785231,4,"Spring",22,0.925038804614483,0.982126994865326,NA,NA
"419",419,1632000,1950-04-07,111,0.909836065573771,1.02170115560333,4,"Spring",22,0.925038804614483,0.982126994865326,NA,NA
"420",420,1632000,1950-04-08,104,0.936936936936937,1.02978654330006,4,"Spring",22,0.925038804614483,0.982126994865326,NA,NA
"421",421,1632000,1950-04-09,95,0.913461538461538,0.974944526627219,4,"Spring",22,0.925038804614483,0.982126994865326,NA,NA
"422",422,1632000,1950-04-10,90,0.947368421052632,1.03711911357341,4,"Spring",22,0.925038804614483,0.982126994865326,NA,NA
"423",423,1632000,1950-04-11,81,0.9,0.95,4,"Spring",22,0.925038804614483,0.982126994865326,NA,NA
"424",424,1632000,1950-04-12,75,0.925925925925926,1.02880658436214,4,"Spring",22,0.925038804614483,0.982126994865326,NA,NA
"425",425,1632000,1950-04-13,73,0.973333333333333,1.0512,4,"Spring",22,0.925038804614483,0.982126994865326,NA,NA
"426",426,1632000,1950-04-14,69,0.945205479452055,0.971101519984988,4,"Spring",22,0.925038804614483,0.982126994865326,NA,NA
"427",427,1632000,1950-04-15,66,0.956521739130435,1.0119722747322,4,"Spring",22,0.925038804614483,0.982126994865326,NA,NA
"428",428,1632000,1950-04-16,62,0.939393939393939,0.982093663911846,4,"Spring",22,0.925038804614483,0.982126994865326,NA,NA
"429",429,1632000,1950-12-12,379,0.768762677484787,1.0260564742089,12,"Winter",23,0.917049094754492,0.942463850385034,NA,NA
"430",430,1632000,1950-12-13,290,0.765171503957784,0.995328631797328,12,"Winter",23,0.917049094754492,0.942463850385034,NA,NA
"431",431,1632000,1950-12-14,236,0.813793103448276,1.06354340071344,12,"Winter",23,0.917049094754492,0.942463850385034,NA,NA
"432",432,1632000,1950-12-15,209,0.885593220338983,1.08822895719621,12,"Winter",23,0.917049094754492,0.942463850385034,NA,NA
"433",433,1632000,1950-12-16,198,0.947368421052632,1.06975572903551,12,"Winter",23,0.917049094754492,0.942463850385034,NA,NA
"434",434,1632000,1950-12-17,182,0.919191919191919,0.970258136924804,12,"Winter",23,0.917049094754492,0.942463850385034,NA,NA
"435",435,1632000,1950-12-18,155,0.851648351648352,0.926518536408646,12,"Winter",23,0.917049094754492,0.942463850385034,NA,NA
"436",436,1632000,1950-12-19,141,0.909677419354839,1.06813735691988,12,"Winter",23,0.917049094754492,0.942463850385034,NA,NA
"437",437,1632000,1950-12-20,126,0.893617021276596,0.98234495246718,12,"Winter",23,0.917049094754492,0.942463850385034,NA,NA
"438",438,1632000,1950-12-21,120,0.952380952380952,1.06575963718821,12,"Winter",23,0.917049094754492,0.942463850385034,NA,NA
"439",439,1632000,1950-12-22,120,1,1.05,12,"Winter",23,0.917049094754492,0.942463850385034,NA,NA
"440",440,1632000,1950-12-23,115,0.958333333333333,0.958333333333333,12,"Winter",23,0.917049094754492,0.942463850385034,NA,NA
"441",441,1632000,1950-12-24,110,0.956521739130435,0.998109640831758,12,"Winter",23,0.917049094754492,0.942463850385034,NA,NA
"442",442,1632000,1950-12-25,105,0.954545454545455,0.997933884297521,12,"Winter",23,0.917049094754492,0.942463850385034,NA,NA
"443",443,1632000,1950-12-26,100,0.952380952380952,0.997732426303855,12,"Winter",23,0.917049094754492,0.942463850385034,NA,NA
"444",444,1632000,1950-12-27,95,0.95,0.9975,12,"Winter",23,0.917049094754492,0.942463850385034,NA,NA
"445",445,1632000,1952-07-12,82,0.694915254237288,0.977592645791439,7,"Summer",24,0.886157765229531,0.965001184437166,NA,NA
"446",446,1632000,1952-07-13,60,0.731707317073171,1.05294467578822,7,"Summer",24,0.886157765229531,0.965001184437166,NA,NA
"447",447,1632000,1952-07-14,48,0.8,1.09333333333333,7,"Summer",24,0.886157765229531,0.965001184437166,NA,NA
"448",448,1632000,1952-07-15,39,0.8125,1.015625,7,"Summer",24,0.886157765229531,0.965001184437166,NA,NA
"449",449,1632000,1952-07-16,34,0.871794871794872,1.07297830374753,7,"Summer",24,0.886157765229531,0.965001184437166,NA,NA
"450",450,1632000,1952-07-17,29,0.852941176470588,0.978373702422145,7,"Summer",24,0.886157765229531,0.965001184437166,NA,NA
"451",451,1632000,1952-07-18,38,1.31034482758621,1.53626634958383,7,"Summer",24,0.886157765229531,0.965001184437166,NA,NA
"452",452,1632000,1952-07-19,33,0.868421052631579,0.662742382271468,7,"Summer",24,0.886157765229531,0.965001184437166,NA,NA
"453",453,1632000,1952-07-20,27,0.818181818181818,0.942148760330578,7,"Summer",24,0.886157765229531,0.965001184437166,NA,NA
"454",454,1632000,1952-07-21,22,0.814814814814815,0.995884773662551,7,"Summer",24,0.886157765229531,0.965001184437166,NA,NA
"455",455,1632000,1952-07-22,19,0.863636363636364,1.0599173553719,7,"Summer",24,0.886157765229531,0.965001184437166,NA,NA
"456",456,1632000,1952-07-23,16,0.842105263157895,0.975069252077562,7,"Summer",24,0.886157765229531,0.965001184437166,NA,NA
"457",457,1632000,1952-07-24,14,0.875,1.0390625,7,"Summer",24,0.886157765229531,0.965001184437166,NA,NA
"458",458,1632000,1952-07-25,12,0.857142857142857,0.979591836734694,7,"Summer",24,0.886157765229531,0.965001184437166,NA,NA
"459",459,1632000,1952-07-26,12,1,1.16666666666667,7,"Summer",24,0.886157765229531,0.965001184437166,NA,NA
"460",460,1632000,1952-07-27,11,0.916666666666667,0.916666666666667,7,"Summer",24,0.886157765229531,0.965001184437166,NA,NA
"461",461,1632000,1952-07-28,10,0.909090909090909,0.991735537190083,7,"Summer",24,0.886157765229531,0.965001184437166,NA,NA
"462",462,1632000,1952-07-29,8.9,0.89,0.979,7,"Summer",24,0.886157765229531,0.965001184437166,NA,NA
"463",463,1632000,1954-04-30,111,0.917355371900826,1.00833276415545,4,"Spring",25,0.96091104946148,0.677010645855264,NA,NA
"464",464,1632000,1954-05-01,101,0.90990990990991,0.991883775667559,5,"Spring",25,0.96091104946148,0.677010645855264,NA,NA
"465",465,1632000,1954-05-02,94,0.930693069306931,1.02284089795118,5,"Spring",25,0.96091104946148,0.677010645855264,NA,NA
"466",466,1632000,1954-05-03,118,1.25531914893617,1.34880036215482,5,"Spring",25,0.96091104946148,0.677010645855264,NA,NA
"467",467,1632000,1954-05-04,166,1.40677966101695,1.12065498419994,5,"Spring",25,0.96091104946148,0.677010645855264,NA,NA
"468",468,1632000,1954-05-05,138,0.831325301204819,0.590942081579329,5,"Spring",25,0.96091104946148,0.677010645855264,NA,NA
"469",469,1632000,1954-05-06,118,0.855072463768116,1.02856542743121,5,"Spring",25,0.96091104946148,0.677010645855264,NA,NA
"470",470,1632000,1954-05-07,111,0.940677966101695,1.10011490950876,5,"Spring",25,0.96091104946148,0.677010645855264,NA,NA
"471",471,1632000,1954-05-08,101,0.90990990990991,0.967291615940265,5,"Spring",25,0.96091104946148,0.677010645855264,NA,NA
"472",472,1632000,1954-05-09,92,0.910891089108911,1.00107832565435,5,"Spring",25,0.96091104946148,0.677010645855264,NA,NA
"473",473,1632000,1954-05-10,87,0.945652173913043,1.03816162570888,5,"Spring",25,0.96091104946148,0.677010645855264,NA,NA
"474",474,1632000,1954-05-11,77,0.885057471264368,0.935922843176113,5,"Spring",25,0.96091104946148,0.677010645855264,NA,NA
"475",475,1632000,1954-05-12,68,0.883116883116883,0.997807387417777,5,"Spring",25,0.96091104946148,0.677010645855264,NA,NA
"476",476,1632000,1954-05-13,62,0.911764705882353,1.03243944636678,5,"Spring",25,0.96091104946148,0.677010645855264,NA,NA
"477",477,1632000,1954-05-14,56,0.903225806451613,0.990634755463059,5,"Spring",25,0.96091104946148,0.677010645855264,NA,NA
"478",478,1632000,1955-01-03,354,0.723926380368098,0.999284880876209,1,"Winter",26,0.904723566877868,0.941071538931529,NA,NA
"479",479,1632000,1955-01-04,286,0.807909604519774,1.11601072488748,1,"Winter",26,0.904723566877868,0.941071538931529,NA,NA
"480",480,1632000,1955-01-05,241,0.842657342657343,1.04300943811433,1,"Winter",26,0.904723566877868,0.941071538931529,NA,NA
"481",481,1632000,1955-01-06,205,0.850622406639004,1.00945231659235,1,"Winter",26,0.904723566877868,0.941071538931529,NA,NA
"482",482,1632000,1955-01-07,175,0.853658536585366,1.00356930398572,1,"Winter",26,0.904723566877868,0.941071538931529,NA,NA
"483",483,1632000,1955-01-08,151,0.862857142857143,1.01077551020408,1,"Winter",26,0.904723566877868,0.941071538931529,NA,NA
"484",484,1632000,1955-01-09,139,0.920529801324503,1.06683917372045,1,"Winter",26,0.904723566877868,0.941071538931529,NA,NA
"485",485,1632000,1955-01-10,127,0.913669064748201,0.99254696961855,1,"Winter",26,0.904723566877868,0.941071538931529,NA,NA
"486",486,1632000,1955-01-11,119,0.937007874015748,1.0255440510881,1,"Winter",26,0.904723566877868,0.941071538931529,NA,NA
"487",487,1632000,1955-01-12,103,0.865546218487395,0.923734199562178,1,"Winter",26,0.904723566877868,0.941071538931529,NA,NA
"488",488,1632000,1955-01-13,100,0.970873786407767,1.12168913186917,1,"Winter",26,0.904723566877868,0.941071538931529,NA,NA
"489",489,1632000,1955-01-14,91,0.91,0.9373,1,"Winter",26,0.904723566877868,0.941071538931529,NA,NA
"490",490,1632000,1955-01-15,85,0.934065934065934,1.02644608139114,1,"Winter",26,0.904723566877868,0.941071538931529,NA,NA
"491",491,1632000,1955-01-16,83,0.976470588235294,1.04539792387543,1,"Winter",26,0.904723566877868,0.941071538931529,NA,NA
"492",492,1632000,1955-01-17,78,0.939759036144578,0.962403832196255,1,"Winter",26,0.904723566877868,0.941071538931529,NA,NA
"493",493,1632000,1955-01-18,72,0.923076923076923,0.982248520710059,1,"Winter",26,0.904723566877868,0.941071538931529,NA,NA
"494",494,1632000,1956-04-16,158,0.913294797687861,1.00831968993284,4,"Spring",27,0.958601868193075,0.953448303339115,NA,NA
"495",495,1632000,1956-04-17,135,0.854430379746835,0.935547187950649,4,"Spring",27,0.958601868193075,0.953448303339115,NA,NA
"496",496,1632000,1956-04-18,120,0.888888888888889,1.040329218107,4,"Spring",27,0.958601868193075,0.953448303339115,NA,NA
"497",497,1632000,1956-04-19,107,0.891666666666667,1.003125,4,"Spring",27,0.958601868193075,0.953448303339115,NA,NA
"498",498,1632000,1956-04-20,97,0.906542056074766,1.01668267971002,4,"Spring",27,0.958601868193075,0.953448303339115,NA,NA
"499",499,1632000,1956-04-21,89,0.917525773195876,1.01211605909236,4,"Spring",27,0.958601868193075,0.953448303339115,NA,NA
"500",500,1632000,1956-04-22,81,0.910112359550562,0.991920212094433,4,"Spring",27,0.958601868193075,0.953448303339115,NA,NA
"501",501,1632000,1956-04-23,79,0.975308641975309,1.07163542142966,4,"Spring",27,0.958601868193075,0.953448303339115,NA,NA
"502",502,1632000,1956-04-24,77,0.974683544303797,0.999359077070982,4,"Spring",27,0.958601868193075,0.953448303339115,NA,NA
"503",503,1632000,1956-04-25,73,0.948051948051948,0.972676673975375,4,"Spring",27,0.958601868193075,0.953448303339115,NA,NA
"504",504,1632000,1956-04-26,70,0.958904109589041,1.01144680052543,4,"Spring",27,0.958601868193075,0.953448303339115,NA,NA
"505",505,1632000,1956-04-27,65,0.928571428571429,0.968367346938776,4,"Spring",27,0.958601868193075,0.953448303339115,NA,NA
"506",506,1632000,1956-04-28,63,0.969230769230769,1.04378698224852,4,"Spring",27,0.958601868193075,0.953448303339115,NA,NA
"507",507,1632000,1956-04-29,60,0.952380952380952,0.982615268329554,4,"Spring",27,0.958601868193075,0.953448303339115,NA,NA
"508",508,1632000,1956-04-30,58,0.966666666666667,1.015,4,"Spring",27,0.958601868193075,0.953448303339115,NA,NA
"509",509,1632000,1956-05-01,57,0.982758620689655,1.0166468489893,5,"Spring",27,0.958601868193075,0.953448303339115,NA,NA
"510",510,1632000,1956-05-02,55,0.964912280701754,0.981840566328101,5,"Spring",27,0.958601868193075,0.953448303339115,NA,NA
"511",511,1632000,1956-05-03,57,1.03636363636364,1.07404958677686,5,"Spring",27,0.958601868193075,0.953448303339115,NA,NA
"512",512,1632000,1956-05-04,55,0.964912280701754,0.931055709449061,5,"Spring",27,0.958601868193075,0.953448303339115,NA,NA
"513",513,1632000,1956-05-05,54,0.981818181818182,1.01752066115702,5,"Spring",27,0.958601868193075,0.953448303339115,NA,NA
"514",514,1632000,1956-05-06,51,0.944444444444444,0.961934156378601,5,"Spring",27,0.958601868193075,0.953448303339115,NA,NA
"515",515,1632000,1956-05-07,50,0.980392156862745,1.03806228373702,5,"Spring",27,0.958601868193075,0.953448303339115,NA,NA
"516",516,1632000,1956-05-08,48,0.96,0.9792,5,"Spring",27,0.958601868193075,0.953448303339115,NA,NA
"517",517,1632000,1956-05-09,44,0.916666666666667,0.954861111111111,5,"Spring",27,0.958601868193075,0.953448303339115,NA,NA
"518",518,1632000,1956-05-10,42,0.954545454545455,1.04132231404959,5,"Spring",27,0.958601868193075,0.953448303339115,NA,NA
"519",519,1632000,1956-05-11,41,0.976190476190476,1.02267573696145,5,"Spring",27,0.958601868193075,0.953448303339115,NA,NA
"520",520,1632000,1956-05-12,40,0.975609756097561,0.99940511600238,5,"Spring",27,0.958601868193075,0.953448303339115,NA,NA
"521",521,1632000,1956-05-13,40,1,1.025,5,"Spring",27,0.958601868193075,0.953448303339115,NA,NA
"522",522,1632000,1956-05-14,38,0.95,0.95,5,"Spring",27,0.958601868193075,0.953448303339115,NA,NA
"523",523,1632000,1956-05-15,35,0.921052631578947,0.969529085872576,5,"Spring",27,0.958601868193075,0.953448303339115,NA,NA
"524",524,1632000,1956-05-16,33,0.942857142857143,1.02367346938776,5,"Spring",27,0.958601868193075,0.953448303339115,NA,NA
"525",525,1632000,1956-05-17,32,0.96969696969697,1.02846648301194,5,"Spring",27,0.958601868193075,0.953448303339115,NA,NA
"526",526,1632000,1956-05-18,32,1,1.03125,5,"Spring",27,0.958601868193075,0.953448303339115,NA,NA
"527",527,1632000,1956-05-19,30,0.9375,0.9375,5,"Spring",27,0.958601868193075,0.953448303339115,NA,NA
"528",528,1632000,1956-05-20,28,0.933333333333333,0.995555555555556,5,"Spring",27,0.958601868193075,0.953448303339115,NA,NA
"529",529,1632000,1956-11-03,161,0.693965517241379,1.00505350772889,11,"Fall",28,0.9242042533411,0.921619801080706,NA,NA
"530",530,1632000,1956-11-04,125,0.77639751552795,1.11878399753096,11,"Fall",28,0.9242042533411,0.921619801080706,NA,NA
"531",531,1632000,1956-11-05,107,0.856,1.102528,11,"Fall",28,0.9242042533411,0.921619801080706,NA,NA
"532",532,1632000,1956-11-06,93,0.869158878504673,1.01537252161761,11,"Fall",28,0.9242042533411,0.921619801080706,NA,NA
"533",533,1632000,1956-11-07,83,0.89247311827957,1.02682391027864,11,"Fall",28,0.9242042533411,0.921619801080706,NA,NA
"534",534,1632000,1956-11-08,72,0.867469879518072,0.971984322833503,11,"Fall",28,0.9242042533411,0.921619801080706,NA,NA
"535",535,1632000,1956-11-09,63,0.875,1.00868055555556,11,"Fall",28,0.9242042533411,0.921619801080706,NA,NA
"536",536,1632000,1956-11-10,57,0.904761904761905,1.03401360544218,11,"Fall",28,0.9242042533411,0.921619801080706,NA,NA
"537",537,1632000,1956-11-11,50,0.87719298245614,0.969529085872576,11,"Fall",28,0.9242042533411,0.921619801080706,NA,NA
"538",538,1632000,1956-11-12,44,0.88,1.0032,11,"Fall",28,0.9242042533411,0.921619801080706,NA,NA
"539",539,1632000,1956-11-13,40,0.909090909090909,1.03305785123967,11,"Fall",28,0.9242042533411,0.921619801080706,NA,NA
"540",540,1632000,1956-11-14,36,0.9,0.99,11,"Fall",28,0.9242042533411,0.921619801080706,NA,NA
"541",541,1632000,1956-11-15,33,0.916666666666667,1.01851851851852,11,"Fall",28,0.9242042533411,0.921619801080706,NA,NA
"542",542,1632000,1956-11-16,31,0.939393939393939,1.02479338842975,11,"Fall",28,0.9242042533411,0.921619801080706,NA,NA
"543",543,1632000,1956-11-17,30,0.967741935483871,1.03017689906348,11,"Fall",28,0.9242042533411,0.921619801080706,NA,NA
"544",544,1632000,1956-11-18,31,1.03333333333333,1.06777777777778,11,"Fall",28,0.9242042533411,0.921619801080706,NA,NA
"545",545,1632000,1956-11-19,28,0.903225806451613,0.874089490114464,11,"Fall",28,0.9242042533411,0.921619801080706,NA,NA
"546",546,1632000,1956-11-20,26,0.928571428571429,1.0280612244898,11,"Fall",28,0.9242042533411,0.921619801080706,NA,NA
"547",547,1632000,1956-11-21,24,0.923076923076923,0.994082840236686,11,"Fall",28,0.9242042533411,0.921619801080706,NA,NA
"548",548,1632000,1956-11-22,23,0.958333333333333,1.03819444444444,11,"Fall",28,0.9242042533411,0.921619801080706,NA,NA
"549",549,1632000,1956-11-23,22,0.956521739130435,0.998109640831758,11,"Fall",28,0.9242042533411,0.921619801080706,NA,NA
"550",550,1632000,1956-11-24,20,0.909090909090909,0.950413223140496,11,"Fall",28,0.9242042533411,0.921619801080706,NA,NA
"551",551,1632000,1956-11-25,20,1,1.1,11,"Fall",28,0.9242042533411,0.921619801080706,NA,NA
"552",552,1632000,1956-11-26,19,0.95,0.95,11,"Fall",28,0.9242042533411,0.921619801080706,NA,NA
"553",553,1632000,1956-11-27,18,0.947368421052632,0.997229916897507,11,"Fall",28,0.9242042533411,0.921619801080706,NA,NA
"554",554,1632000,1956-11-28,18,1,1.05555555555556,11,"Fall",28,0.9242042533411,0.921619801080706,NA,NA
"555",555,1632000,1956-11-29,18,1,1,11,"Fall",28,0.9242042533411,0.921619801080706,NA,NA
"556",556,1632000,1956-11-30,17,0.944444444444444,0.944444444444444,11,"Fall",28,0.9242042533411,0.921619801080706,NA,NA
"557",557,1632000,1956-12-01,16,0.941176470588235,0.996539792387543,12,"Winter",28,0.9242042533411,0.921619801080706,NA,NA
"558",558,1632000,1957-03-16,191,0.918269230769231,0.988905325443787,3,"Spring",29,0.958543918359518,0.914542150068374,NA,NA
"559",559,1632000,1957-03-17,167,0.87434554973822,0.952166881390313,3,"Spring",29,0.958543918359518,0.914542150068374,NA,NA
"560",560,1632000,1957-03-18,149,0.892215568862275,1.020438165585,3,"Spring",29,0.958543918359518,0.914542150068374,NA,NA
"561",561,1632000,1957-03-19,143,0.959731543624161,1.075672267015,3,"Spring",29,0.958543918359518,0.914542150068374,NA,NA
"562",562,1632000,1957-03-20,132,0.923076923076923,0.961807423345885,3,"Spring",29,0.958543918359518,0.914542150068374,NA,NA
"563",563,1632000,1957-03-21,120,0.909090909090909,0.984848484848485,3,"Spring",29,0.958543918359518,0.914542150068374,NA,NA
"564",564,1632000,1957-03-22,113,0.941666666666667,1.03583333333333,3,"Spring",29,0.958543918359518,0.914542150068374,NA,NA
"565",565,1632000,1957-03-23,120,1.06194690265487,1.12773122405827,3,"Spring",29,0.958543918359518,0.914542150068374,NA,NA
"566",566,1632000,1957-03-24,115,0.958333333333333,0.902430555555556,3,"Spring",29,0.958543918359518,0.914542150068374,NA,NA
"567",567,1632000,1957-03-25,111,0.965217391304348,1.00718336483932,3,"Spring",29,0.958543918359518,0.914542150068374,NA,NA
"568",568,1632000,1957-03-26,109,0.981981981981982,1.01736872007142,3,"Spring",29,0.958543918359518,0.914542150068374,NA,NA
"569",569,1632000,1957-03-27,111,1.01834862385321,1.03703391970373,3,"Spring",29,0.958543918359518,0.914542150068374,NA,NA
"570",570,1632000,1957-03-28,107,0.963963963963964,0.946595243892541,3,"Spring",29,0.958543918359518,0.914542150068374,NA,NA
"571",571,1632000,1957-03-29,101,0.94392523364486,0.979212158267098,3,"Spring",29,0.958543918359518,0.914542150068374,NA,NA
"572",572,1632000,1957-03-30,95,0.940594059405941,0.996470934222135,3,"Spring",29,0.958543918359518,0.914542150068374,NA,NA
"573",573,1632000,1957-03-31,91,0.957894736842105,1.01839335180055,3,"Spring",29,0.958543918359518,0.914542150068374,NA,NA
"574",574,1632000,1957-07-02,29,0.828571428571429,1.01795918367347,7,"Summer",30,0.890989778592914,0.992048486067105,NA,NA
"575",575,1632000,1957-07-03,26,0.896551724137931,1.0820451843044,7,"Summer",30,0.890989778592914,0.992048486067105,NA,NA
"576",576,1632000,1957-07-04,23,0.884615384615385,0.986686390532544,7,"Summer",30,0.890989778592914,0.992048486067105,NA,NA
"577",577,1632000,1957-07-05,20,0.869565217391304,0.982986767485822,7,"Summer",30,0.890989778592914,0.992048486067105,NA,NA
"578",578,1632000,1957-07-06,18,0.9,1.035,7,"Summer",30,0.890989778592914,0.992048486067105,NA,NA
"579",579,1632000,1957-07-07,16,0.888888888888889,0.987654320987654,7,"Summer",30,0.890989778592914,0.992048486067105,NA,NA
"580",580,1632000,1957-07-08,15,0.9375,1.0546875,7,"Summer",30,0.890989778592914,0.992048486067105,NA,NA
"581",581,1632000,1957-07-09,14,0.933333333333333,0.995555555555556,7,"Summer",30,0.890989778592914,0.992048486067105,NA,NA
"582",582,1632000,1957-07-10,12,0.857142857142857,0.918367346938775,7,"Summer",30,0.890989778592914,0.992048486067105,NA,NA
"583",583,1632000,1957-07-11,9.6,0.8,0.933333333333333,7,"Summer",30,0.890989778592914,0.992048486067105,NA,NA
"584",584,1632000,1957-07-12,8.8,0.916666666666667,1.14583333333333,7,"Summer",30,0.890989778592914,0.992048486067105,NA,NA
"585",585,1632000,1957-07-13,8.3,0.943181818181818,1.02892561983471,7,"Summer",30,0.890989778592914,0.992048486067105,NA,NA
"586",586,1632000,1957-07-14,7.8,0.939759036144578,0.99637102627377,7,"Summer",30,0.890989778592914,0.992048486067105,NA,NA
"587",587,1632000,1957-07-15,6.5,0.833333333333333,0.886752136752137,7,"Summer",30,0.890989778592914,0.992048486067105,NA,NA
"588",588,1632000,1957-07-16,5.3,0.815384615384615,0.978461538461538,7,"Summer",30,0.890989778592914,0.992048486067105,NA,NA
"589",589,1632000,1958-08-30,64,0.831168831168831,0.993084837240681,8,"Summer",31,0.905467546204731,0.983249542841355,NA,NA
"590",590,1632000,1958-08-31,54,0.84375,1.01513671875,8,"Summer",31,0.905467546204731,0.983249542841355,NA,NA
"591",591,1632000,1958-09-01,49,0.907407407407407,1.07544581618656,9,"Fall",31,0.905467546204731,0.983249542841355,NA,NA
"592",592,1632000,1958-09-02,42,0.857142857142857,0.944606413994169,9,"Fall",31,0.905467546204731,0.983249542841355,NA,NA
"593",593,1632000,1958-09-03,35,0.833333333333333,0.972222222222222,9,"Fall",31,0.905467546204731,0.983249542841355,NA,NA
"594",594,1632000,1958-09-04,31,0.885714285714286,1.06285714285714,9,"Fall",31,0.905467546204731,0.983249542841355,NA,NA
"595",595,1632000,1958-09-05,27,0.870967741935484,0.983350676378772,9,"Fall",31,0.905467546204731,0.983249542841355,NA,NA
"596",596,1632000,1958-09-06,26,0.962962962962963,1.10562414266118,9,"Fall",31,0.905467546204731,0.983249542841355,NA,NA
"597",597,1632000,1958-09-07,25,0.961538461538462,0.998520710059172,9,"Fall",31,0.905467546204731,0.983249542841355,NA,NA
"598",598,1632000,1958-09-08,22,0.88,0.9152,9,"Fall",31,0.905467546204731,0.983249542841355,NA,NA
"599",599,1632000,1958-09-09,19,0.863636363636364,0.981404958677686,9,"Fall",31,0.905467546204731,0.983249542841355,NA,NA
"600",600,1632000,1958-09-10,18,0.947368421052632,1.09695290858726,9,"Fall",31,0.905467546204731,0.983249542841355,NA,NA
"601",601,1632000,1958-09-11,16,0.888888888888889,0.938271604938272,9,"Fall",31,0.905467546204731,0.983249542841355,NA,NA
"602",602,1632000,1958-09-12,15,0.9375,1.0546875,9,"Fall",31,0.905467546204731,0.983249542841355,NA,NA
"603",603,1632000,1958-09-13,14,0.933333333333333,0.995555555555556,9,"Fall",31,0.905467546204731,0.983249542841355,NA,NA
"604",604,1632000,1958-09-14,13,0.928571428571429,0.994897959183674,9,"Fall",31,0.905467546204731,0.983249542841355,NA,NA
"605",605,1632000,1958-09-15,12,0.923076923076923,0.994082840236686,9,"Fall",31,0.905467546204731,0.983249542841355,NA,NA
"606",606,1632000,1958-09-16,11,0.916666666666667,0.993055555555555,9,"Fall",31,0.905467546204731,0.983249542841355,NA,NA
"607",607,1632000,1959-10-28,213,0.655384615384615,1.0224,10,"Fall",32,0.876173170880002,0.914497183909783,NA,NA
"608",608,1632000,1959-10-29,147,0.690140845070423,1.05303180585863,10,"Fall",32,0.876173170880002,0.914497183909783,NA,NA
"609",609,1632000,1959-10-30,113,0.768707482993197,1.11384145494933,10,"Fall",32,0.876173170880002,0.914497183909783,NA,NA
"610",610,1632000,1959-10-31,95,0.84070796460177,1.09366434333151,10,"Fall",32,0.876173170880002,0.914497183909783,NA,NA
"611",611,1632000,1959-11-01,79,0.831578947368421,0.989141274238227,11,"Fall",32,0.876173170880002,0.914497183909783,NA,NA
"612",612,1632000,1959-11-02,65,0.822784810126582,0.989424771671207,11,"Fall",32,0.876173170880002,0.914497183909783,NA,NA
"613",613,1632000,1959-11-03,58,0.892307692307692,1.08449704142012,11,"Fall",32,0.876173170880002,0.914497183909783,NA,NA
"614",614,1632000,1959-11-04,52,0.896551724137931,1.00475624256837,11,"Fall",32,0.876173170880002,0.914497183909783,NA,NA
"615",615,1632000,1959-11-05,46,0.884615384615385,0.986686390532544,11,"Fall",32,0.876173170880002,0.914497183909783,NA,NA
"616",616,1632000,1959-11-06,42,0.91304347826087,1.03213610586011,11,"Fall",32,0.876173170880002,0.914497183909783,NA,NA
"617",617,1632000,1959-11-07,39,0.928571428571429,1.01700680272109,11,"Fall",32,0.876173170880002,0.914497183909783,NA,NA
"618",618,1632000,1959-11-08,36,0.923076923076923,0.994082840236686,11,"Fall",32,0.876173170880002,0.914497183909783,NA,NA
"619",619,1632000,1959-11-09,34,0.944444444444444,1.02314814814815,11,"Fall",32,0.876173170880002,0.914497183909783,NA,NA
"620",620,1632000,1959-11-10,31,0.911764705882353,0.965397923875433,11,"Fall",32,0.876173170880002,0.914497183909783,NA,NA
"621",621,1632000,1959-11-11,29,0.935483870967742,1.02601456815817,11,"Fall",32,0.876173170880002,0.914497183909783,NA,NA
"622",622,1632000,1960-04-10,545,0.838461538461538,1.01905325443787,4,"Spring",33,0.919480486956995,0.9871955962179,NA,NA
"623",623,1632000,1960-04-11,469,0.860550458715596,1.02634458378924,4,"Spring",33,0.919480486956995,0.9871955962179,NA,NA
"624",624,1632000,1960-04-12,421,0.897654584221748,1.04311673433018,4,"Spring",33,0.919480486956995,0.9871955962179,NA,NA
"625",625,1632000,1960-04-13,381,0.904988123515439,1.00816966728917,4,"Spring",33,0.919480486956995,0.9871955962179,NA,NA
"626",626,1632000,1960-04-14,341,0.89501312335958,0.988977755733289,4,"Spring",33,0.919480486956995,0.9871955962179,NA,NA
"627",627,1632000,1960-04-15,305,0.894428152492669,0.99934641084958,4,"Spring",33,0.919480486956995,0.9871955962179,NA,NA
"628",628,1632000,1960-04-16,289,0.947540983606557,1.05938188658963,4,"Spring",33,0.919480486956995,0.9871955962179,NA,NA
"629",629,1632000,1960-04-17,265,0.916955017301038,0.967720692999365,4,"Spring",33,0.919480486956995,0.9871955962179,NA,NA
"630",630,1632000,1960-04-18,249,0.939622641509434,1.02472054111784,4,"Spring",33,0.919480486956995,0.9871955962179,NA,NA
"631",631,1632000,1960-04-19,225,0.903614457831325,0.961678037451009,4,"Spring",33,0.919480486956995,0.9871955962179,NA,NA
"632",632,1632000,1960-04-20,201,0.893333333333333,0.988622222222222,4,"Spring",33,0.919480486956995,0.9871955962179,NA,NA
"633",633,1632000,1960-04-21,189,0.940298507462687,1.05257295611495,4,"Spring",33,0.919480486956995,0.9871955962179,NA,NA
"634",634,1632000,1960-04-22,177,0.936507936507937,0.99596875787352,4,"Spring",33,0.919480486956995,0.9871955962179,NA,NA
"635",635,1632000,1960-04-23,169,0.954802259887006,1.01953461648951,4,"Spring",33,0.919480486956995,0.9871955962179,NA,NA
"636",636,1632000,1960-04-24,158,0.93491124260355,0.979167396099576,4,"Spring",33,0.919480486956995,0.9871955962179,NA,NA
"637",637,1632000,1960-04-25,151,0.955696202531646,1.0222320141003,4,"Spring",33,0.919480486956995,0.9871955962179,NA,NA
"638",638,1632000,1962-11-17,44,0.862745098039216,0.998077662437524,11,"Fall",34,0.961762335598798,0.20324174062375,NA,NA
"639",639,1632000,1962-11-18,82,1.86363636363636,2.16012396694215,11,"Fall",34,0.961762335598798,0.20324174062375,NA,NA
"640",640,1632000,1962-11-19,236,2.8780487804878,1.54431885782272,11,"Fall",34,0.961762335598798,0.20324174062375,NA,NA
"641",641,1632000,1962-11-20,180,0.76271186440678,0.265010054582017,11,"Fall",34,0.961762335598798,0.20324174062375,NA,NA
"642",642,1632000,1962-11-21,136,0.755555555555556,0.990617283950617,11,"Fall",34,0.961762335598798,0.20324174062375,NA,NA
"643",643,1632000,1962-11-22,207,1.52205882352941,2.01448961937716,11,"Fall",34,0.961762335598798,0.20324174062375,NA,NA
"644",644,1632000,1962-11-23,202,0.975845410628019,0.641135149011646,11,"Fall",34,0.961762335598798,0.20324174062375,NA,NA
"645",645,1632000,1962-11-24,154,0.762376237623762,0.781246936574846,11,"Fall",34,0.961762335598798,0.20324174062375,NA,NA
"646",646,1632000,1962-11-25,120,0.779220779220779,1.02209478832855,11,"Fall",34,0.961762335598798,0.20324174062375,NA,NA
"647",647,1632000,1962-11-26,97,0.808333333333333,1.03736111111111,11,"Fall",34,0.961762335598798,0.20324174062375,NA,NA
"648",648,1632000,1962-11-27,80,0.824742268041237,1.02029971304071,11,"Fall",34,0.961762335598798,0.20324174062375,NA,NA
"649",649,1632000,1962-11-28,70,0.875,1.0609375,11,"Fall",34,0.961762335598798,0.20324174062375,NA,NA
"650",650,1632000,1962-11-29,62,0.885714285714286,1.01224489795918,11,"Fall",34,0.961762335598798,0.20324174062375,NA,NA
"651",651,1632000,1962-11-30,53,0.854838709677419,0.965140478668054,11,"Fall",34,0.961762335598798,0.20324174062375,NA,NA
"652",652,1632000,1962-12-01,47,0.886792452830189,1.0373798504806,12,"Winter",34,0.961762335598798,0.20324174062375,NA,NA
"653",653,1632000,1962-12-02,44,0.936170212765957,1.05568130375736,12,"Winter",34,0.961762335598798,0.20324174062375,NA,NA
"654",654,1632000,1962-12-03,40,0.909090909090909,0.971074380165289,12,"Winter",34,0.961762335598798,0.20324174062375,NA,NA
"655",655,1632000,1962-12-04,36,0.9,0.99,12,"Winter",34,0.961762335598798,0.20324174062375,NA,NA
"656",656,1632000,1963-01-23,70,0.875,0.984375,1,"Winter",35,0.968945592732174,0.939975688542827,NA,NA
"657",657,1632000,1963-01-24,60,0.857142857142857,0.979591836734694,1,"Winter",35,0.968945592732174,0.939975688542827,NA,NA
"658",658,1632000,1963-01-25,60,1,1.16666666666667,1,"Winter",35,0.968945592732174,0.939975688542827,NA,NA
"659",659,1632000,1963-01-26,58,0.966666666666667,0.966666666666667,1,"Winter",35,0.968945592732174,0.939975688542827,NA,NA
"660",660,1632000,1963-01-27,56,0.96551724137931,0.998810939357907,1,"Winter",35,0.968945592732174,0.939975688542827,NA,NA
"661",661,1632000,1963-01-28,55,0.982142857142857,1.0172193877551,1,"Winter",35,0.968945592732174,0.939975688542827,NA,NA
"662",662,1632000,1963-01-29,53,0.963636363636364,0.981157024793389,1,"Winter",35,0.968945592732174,0.939975688542827,NA,NA
"663",663,1632000,1963-01-30,51,0.962264150943396,0.998576005695977,1,"Winter",35,0.968945592732174,0.939975688542827,NA,NA
"664",664,1632000,1963-01-31,51,1,1.03921568627451,1,"Winter",35,0.968945592732174,0.939975688542827,NA,NA
"665",665,1632000,1963-02-01,50,0.980392156862745,0.980392156862745,2,"Winter",35,0.968945592732174,0.939975688542827,NA,NA
"666",666,1632000,1963-02-02,49,0.98,0.9996,2,"Winter",35,0.968945592732174,0.939975688542827,NA,NA
"667",667,1632000,1963-02-03,47,0.959183673469388,0.978758850478967,2,"Winter",35,0.968945592732174,0.939975688542827,NA,NA
"668",668,1632000,1963-02-04,45,0.957446808510638,0.99818922589407,2,"Winter",35,0.968945592732174,0.939975688542827,NA,NA
"669",669,1632000,1963-02-05,42,0.933333333333333,0.974814814814815,2,"Winter",35,0.968945592732174,0.939975688542827,NA,NA
"670",670,1632000,1963-04-27,58,0.966666666666667,1.015,4,"Spring",36,0.960437342843351,0.941070112663475,NA,NA
"671",671,1632000,1963-04-28,55,0.948275862068966,0.980975029726516,4,"Spring",36,0.960437342843351,0.941070112663475,NA,NA
"672",672,1632000,1963-04-29,52,0.945454545454545,0.99702479338843,4,"Spring",36,0.960437342843351,0.941070112663475,NA,NA
"673",673,1632000,1963-04-30,60,1.15384615384615,1.22041420118343,4,"Spring",36,0.960437342843351,0.941070112663475,NA,NA
"674",674,1632000,1963-05-01,62,1.03333333333333,0.895555555555556,5,"Spring",36,0.960437342843351,0.941070112663475,NA,NA
"675",675,1632000,1963-05-02,59,0.951612903225806,0.920915712799168,5,"Spring",36,0.960437342843351,0.941070112663475,NA,NA
"676",676,1632000,1963-05-03,56,0.949152542372881,0.997414536052858,5,"Spring",36,0.960437342843351,0.941070112663475,NA,NA
"677",677,1632000,1963-05-04,53,0.946428571428571,0.997130102040816,5,"Spring",36,0.960437342843351,0.941070112663475,NA,NA
"678",678,1632000,1963-05-05,52,0.981132075471698,1.03666785332859,5,"Spring",36,0.960437342843351,0.941070112663475,NA,NA
"679",679,1632000,1963-05-06,52,1,1.01923076923077,5,"Spring",36,0.960437342843351,0.941070112663475,NA,NA
"680",680,1632000,1963-05-07,50,0.961538461538462,0.961538461538462,5,"Spring",36,0.960437342843351,0.941070112663475,NA,NA
"681",681,1632000,1963-05-08,47,0.94,0.9776,5,"Spring",36,0.960437342843351,0.941070112663475,NA,NA
"682",682,1632000,1963-05-09,45,0.957446808510638,1.01856043458579,5,"Spring",36,0.960437342843351,0.941070112663475,NA,NA
"683",683,1632000,1963-05-10,42,0.933333333333333,0.974814814814815,5,"Spring",36,0.960437342843351,0.941070112663475,NA,NA
"684",684,1632000,1963-05-11,39,0.928571428571429,0.994897959183674,5,"Spring",36,0.960437342843351,0.941070112663475,NA,NA
"685",685,1632000,1963-05-12,37,0.948717948717949,1.02169625246548,5,"Spring",36,0.960437342843351,0.941070112663475,NA,NA
"686",686,1632000,1963-05-13,34,0.918918918918919,0.968590211833455,5,"Spring",36,0.960437342843351,0.941070112663475,NA,NA
"687",687,1632000,1963-05-14,34,1,1.08823529411765,5,"Spring",36,0.960437342843351,0.941070112663475,NA,NA
"688",688,1632000,1963-05-15,31,0.911764705882353,0.911764705882353,5,"Spring",36,0.960437342843351,0.941070112663475,NA,NA
"689",689,1632000,1963-05-16,29,0.935483870967742,1.02601456815817,5,"Spring",36,0.960437342843351,0.941070112663475,NA,NA
"690",690,1632000,1963-05-17,30,1.03448275862069,1.10582639714625,5,"Spring",36,0.960437342843351,0.941070112663475,NA,NA
"691",691,1632000,1963-05-18,36,1.2,1.16,5,"Spring",36,0.960437342843351,0.941070112663475,NA,NA
"692",692,1632000,1963-05-19,31,0.861111111111111,0.717592592592593,5,"Spring",36,0.960437342843351,0.941070112663475,NA,NA
"693",693,1632000,1963-05-20,27,0.870967741935484,1.01144640998959,5,"Spring",36,0.960437342843351,0.941070112663475,NA,NA
"694",694,1632000,1963-05-21,26,0.962962962962963,1.10562414266118,5,"Spring",36,0.960437342843351,0.941070112663475,NA,NA
"695",695,1632000,1963-05-22,24,0.923076923076923,0.958579881656805,5,"Spring",36,0.960437342843351,0.941070112663475,NA,NA
"696",696,1632000,1963-05-23,22,0.916666666666667,0.993055555555555,5,"Spring",36,0.960437342843351,0.941070112663475,NA,NA
"697",697,1632000,1963-05-24,20,0.909090909090909,0.991735537190083,5,"Spring",36,0.960437342843351,0.941070112663475,NA,NA
"698",698,1632000,1963-05-25,19,0.95,1.045,5,"Spring",36,0.960437342843351,0.941070112663475,NA,NA
"699",699,1632000,1963-05-26,18,0.947368421052632,0.997229916897507,5,"Spring",36,0.960437342843351,0.941070112663475,NA,NA
"700",700,1632000,1964-03-22,171,0.95,0.992222222222222,3,"Spring",37,0.961547148583787,0.918799055596113,NA,NA
"701",701,1632000,1964-03-23,150,0.87719298245614,0.923361034164358,3,"Spring",37,0.961547148583787,0.918799055596113,NA,NA
"702",702,1632000,1964-03-24,136,0.906666666666667,1.0336,3,"Spring",37,0.961547148583787,0.918799055596113,NA,NA
"703",703,1632000,1964-03-25,127,0.933823529411765,1.02995242214533,3,"Spring",37,0.961547148583787,0.918799055596113,NA,NA
"704",704,1632000,1964-03-26,124,0.976377952755906,1.04557009114018,3,"Spring",37,0.961547148583787,0.918799055596113,NA,NA
"705",705,1632000,1964-03-27,117,0.943548387096774,0.966376170655567,3,"Spring",37,0.961547148583787,0.918799055596113,NA,NA
"706",706,1632000,1964-03-28,108,0.923076923076923,0.978303747534517,3,"Spring",37,0.961547148583787,0.918799055596113,NA,NA
"707",707,1632000,1964-03-29,103,0.953703703703704,1.03317901234568,3,"Spring",37,0.961547148583787,0.918799055596113,NA,NA
"708",708,1632000,1964-03-30,100,0.970873786407767,1.01800358186445,3,"Spring",37,0.961547148583787,0.918799055596113,NA,NA
"709",709,1632000,1964-03-31,94,0.94,0.9682,3,"Spring",37,0.961547148583787,0.918799055596113,NA,NA
"710",710,1632000,1964-04-01,89,0.946808510638298,1.00724309642372,4,"Spring",37,0.961547148583787,0.918799055596113,NA,NA
"711",711,1632000,1964-04-02,86,0.966292134831461,1.02057820982199,4,"Spring",37,0.961547148583787,0.918799055596113,NA,NA
"712",712,1632000,1964-04-03,89,1.03488372093023,1.0709843158464,4,"Spring",37,0.961547148583787,0.918799055596113,NA,NA
"713",713,1632000,1964-04-04,84,0.943820224719101,0.912006059840929,4,"Spring",37,0.961547148583787,0.918799055596113,NA,NA
"714",714,1632000,1964-04-05,80,0.952380952380952,1.00907029478458,4,"Spring",37,0.961547148583787,0.918799055596113,NA,NA
"715",715,1632000,1964-04-06,76,0.95,0.9975,4,"Spring",37,0.961547148583787,0.918799055596113,NA,NA
"716",716,1632000,1964-04-07,76,1,1.05263157894737,4,"Spring",37,0.961547148583787,0.918799055596113,NA,NA
"717",717,1632000,1964-04-08,80,1.05263157894737,1.05263157894737,4,"Spring",37,0.961547148583787,0.918799055596113,NA,NA
"718",718,1632000,1964-04-09,78,0.975,0.92625,4,"Spring",37,0.961547148583787,0.918799055596113,NA,NA
"719",719,1632000,1964-04-10,74,0.948717948717949,0.973044049967127,4,"Spring",37,0.961547148583787,0.918799055596113,NA,NA
"720",720,1632000,1964-04-11,70,0.945945945945946,0.997078159240321,4,"Spring",37,0.961547148583787,0.918799055596113,NA,NA
"721",721,1632000,1964-04-12,66,0.942857142857143,0.996734693877551,4,"Spring",37,0.961547148583787,0.918799055596113,NA,NA
"722",722,1632000,1966-03-11,90,0.865384615384615,1.01516272189349,3,"Spring",38,0.965929723428963,0.889769567580978,NA,NA
"723",723,1632000,1966-03-12,80,0.888888888888889,1.02716049382716,3,"Spring",38,0.965929723428963,0.889769567580978,NA,NA
"724",724,1632000,1966-03-13,72,0.9,1.0125,3,"Spring",38,0.965929723428963,0.889769567580978,NA,NA
"725",725,1632000,1966-03-14,66,0.916666666666667,1.01851851851852,3,"Spring",38,0.965929723428963,0.889769567580978,NA,NA
"726",726,1632000,1966-03-15,62,0.939393939393939,1.02479338842975,3,"Spring",38,0.965929723428963,0.889769567580978,NA,NA
"727",727,1632000,1966-03-16,57,0.919354838709677,0.978668054110302,3,"Spring",38,0.965929723428963,0.889769567580978,NA,NA
"728",728,1632000,1966-03-17,52,0.912280701754386,0.992305324715297,3,"Spring",38,0.965929723428963,0.889769567580978,NA,NA
"729",729,1632000,1966-03-18,48,0.923076923076923,1.01183431952663,3,"Spring",38,0.965929723428963,0.889769567580978,NA,NA
"730",730,1632000,1966-03-19,45,0.9375,1.015625,3,"Spring",38,0.965929723428963,0.889769567580978,NA,NA
"731",731,1632000,1966-03-20,43,0.955555555555556,1.01925925925926,3,"Spring",38,0.965929723428963,0.889769567580978,NA,NA
"732",732,1632000,1966-03-21,40,0.930232558139535,0.973499188750676,3,"Spring",38,0.965929723428963,0.889769567580978,NA,NA
"733",733,1632000,1966-03-22,38,0.95,1.02125,3,"Spring",38,0.965929723428963,0.889769567580978,NA,NA
"734",734,1632000,1966-03-23,36,0.947368421052632,0.997229916897507,3,"Spring",38,0.965929723428963,0.889769567580978,NA,NA
"735",735,1632000,1966-03-24,40,1.11111111111111,1.17283950617284,3,"Spring",38,0.965929723428963,0.889769567580978,NA,NA
"736",736,1632000,1966-03-25,45,1.125,1.0125,3,"Spring",38,0.965929723428963,0.889769567580978,NA,NA
"737",737,1632000,1966-03-26,43,0.955555555555556,0.849382716049383,3,"Spring",38,0.965929723428963,0.889769567580978,NA,NA
"738",738,1632000,1966-03-27,41,0.953488372093023,0.997836668469443,3,"Spring",38,0.965929723428963,0.889769567580978,NA,NA
"739",739,1632000,1966-03-28,39,0.951219512195122,0.997620464009518,3,"Spring",38,0.965929723428963,0.889769567580978,NA,NA
"740",740,1632000,1966-03-29,38,0.974358974358974,1.02432610124918,3,"Spring",38,0.965929723428963,0.889769567580978,NA,NA
"741",741,1632000,1966-03-30,38,1,1.02631578947368,3,"Spring",38,0.965929723428963,0.889769567580978,NA,NA
"742",742,1632000,1966-03-31,38,1,1,3,"Spring",38,0.965929723428963,0.889769567580978,NA,NA
"743",743,1632000,1966-04-01,36,0.947368421052632,0.947368421052632,4,"Spring",38,0.965929723428963,0.889769567580978,NA,NA
"744",744,1632000,1966-04-02,34,0.944444444444444,0.996913580246914,4,"Spring",38,0.965929723428963,0.889769567580978,NA,NA
"745",745,1632000,1966-04-03,33,0.970588235294118,1.02768166089965,4,"Spring",38,0.965929723428963,0.889769567580978,NA,NA
"746",746,1632000,1966-04-04,33,1,1.03030303030303,4,"Spring",38,0.965929723428963,0.889769567580978,NA,NA
"747",747,1632000,1966-04-05,31,0.939393939393939,0.939393939393939,4,"Spring",38,0.965929723428963,0.889769567580978,NA,NA
"748",748,1632000,1966-04-06,29,0.935483870967742,0.995837669094693,4,"Spring",38,0.965929723428963,0.889769567580978,NA,NA
"749",749,1632000,1966-04-07,28,0.96551724137931,1.0321046373365,4,"Spring",38,0.965929723428963,0.889769567580978,NA,NA
"750",750,1632000,1966-04-08,27,0.964285714285714,0.998724489795918,4,"Spring",38,0.965929723428963,0.889769567580978,NA,NA
"751",751,1632000,1966-04-09,26,0.962962962962963,0.998628257887517,4,"Spring",38,0.965929723428963,0.889769567580978,NA,NA
"752",752,1632000,1966-04-10,25,0.961538461538462,0.998520710059172,4,"Spring",38,0.965929723428963,0.889769567580978,NA,NA
"753",753,1632000,1966-04-11,24,0.96,0.9984,4,"Spring",38,0.965929723428963,0.889769567580978,NA,NA
"754",754,1632000,1966-06-02,98,0.859649122807018,1.00292397660819,6,"Summer",39,0.902265168147592,0.994690222694231,NA,NA
"755",755,1632000,1966-06-03,83,0.846938775510204,0.98521449396085,6,"Summer",39,0.902265168147592,0.994690222694231,NA,NA
"756",756,1632000,1966-06-04,71,0.855421686746988,1.0100159674844,6,"Summer",39,0.902265168147592,0.994690222694231,NA,NA
"757",757,1632000,1966-06-05,62,0.873239436619718,1.02082920055545,6,"Summer",39,0.902265168147592,0.994690222694231,NA,NA
"758",758,1632000,1966-06-06,71,1.14516129032258,1.31139438085328,6,"Summer",39,0.902265168147592,0.994690222694231,NA,NA
"759",759,1632000,1966-06-07,76,1.07042253521127,0.934735171592938,6,"Summer",39,0.902265168147592,0.994690222694231,NA,NA
"760",760,1632000,1966-06-08,64,0.842105263157895,0.786703601108033,6,"Summer",39,0.902265168147592,0.994690222694231,NA,NA
"761",761,1632000,1966-06-09,55,0.859375,1.0205078125,6,"Summer",39,0.902265168147592,0.994690222694231,NA,NA
"762",762,1632000,1966-06-10,47,0.854545454545454,0.994380165289256,6,"Summer",39,0.902265168147592,0.994690222694231,NA,NA
"763",763,1632000,1966-06-11,41,0.872340425531915,1.0208239022182,6,"Summer",39,0.902265168147592,0.994690222694231,NA,NA
"764",764,1632000,1966-06-12,36,0.878048780487805,1.00654372397383,6,"Summer",39,0.902265168147592,0.994690222694231,NA,NA
"765",765,1632000,1966-06-13,31,0.861111111111111,0.98070987654321,6,"Summer",39,0.902265168147592,0.994690222694231,NA,NA
"766",766,1632000,1966-06-14,27,0.870967741935484,1.01144640998959,6,"Summer",39,0.902265168147592,0.994690222694231,NA,NA
"767",767,1632000,1966-06-15,25,0.925925925925926,1.06310013717421,6,"Summer",39,0.902265168147592,0.994690222694231,NA,NA
"768",768,1632000,1966-06-16,23,0.92,0.9936,6,"Summer",39,0.902265168147592,0.994690222694231,NA,NA
"769",769,1632000,1966-06-17,22,0.956521739130435,1.03969754253308,6,"Summer",39,0.902265168147592,0.994690222694231,NA,NA
"770",770,1632000,1966-06-18,20,0.909090909090909,0.950413223140496,6,"Summer",39,0.902265168147592,0.994690222694231,NA,NA
"771",771,1632000,1966-06-19,18,0.9,0.99,6,"Summer",39,0.902265168147592,0.994690222694231,NA,NA
"772",772,1632000,1966-06-20,16,0.888888888888889,0.987654320987654,6,"Summer",39,0.902265168147592,0.994690222694231,NA,NA
"773",773,1632000,1966-06-21,14,0.875,0.984375,6,"Summer",39,0.902265168147592,0.994690222694231,NA,NA
"774",774,1632000,1966-06-22,13,0.928571428571429,1.06122448979592,6,"Summer",39,0.902265168147592,0.994690222694231,NA,NA
"775",775,1632000,1966-06-23,11,0.846153846153846,0.911242603550296,6,"Summer",39,0.902265168147592,0.994690222694231,NA,NA
"776",776,1632000,1966-06-24,9.6,0.872727272727273,1.03140495867769,6,"Summer",39,0.902265168147592,0.994690222694231,NA,NA
"777",777,1632000,1966-06-25,8.6,0.895833333333333,1.02647569444444,6,"Summer",39,0.902265168147592,0.994690222694231,NA,NA
"778",778,1632000,1966-06-26,7.7,0.895348837209302,0.999459167117361,6,"Summer",39,0.902265168147592,0.994690222694231,NA,NA
"779",779,1632000,1966-06-27,7.1,0.922077922077922,1.0298532636195,6,"Summer",39,0.902265168147592,0.994690222694231,NA,NA
"780",780,1632000,1966-06-28,6.8,0.957746478873239,1.03868280103154,6,"Summer",39,0.902265168147592,0.994690222694231,NA,NA
"781",781,1632000,1966-06-29,6.3,0.926470588235294,0.967344290657439,6,"Summer",39,0.902265168147592,0.994690222694231,NA,NA
"782",782,1632000,1966-06-30,5.6,0.888888888888889,0.959435626102293,6,"Summer",39,0.902265168147592,0.994690222694231,NA,NA
"783",783,1632000,1966-07-01,4.9,0.875,0.984375,7,"Summer",39,0.902265168147592,0.994690222694231,NA,NA
"784",784,1632000,1966-07-02,4.4,0.897959183673469,1.02623906705539,7,"Summer",39,0.902265168147592,0.994690222694231,NA,NA
"785",785,1632000,1966-11-07,105,0.867768595041322,0.982514855542654,11,"Fall",40,0.940073512549655,0.976636083725443,NA,NA
"786",786,1632000,1966-11-08,93,0.885714285714286,1.02068027210884,11,"Fall",40,0.940073512549655,0.976636083725443,NA,NA
"787",787,1632000,1966-11-09,83,0.89247311827957,1.00763093999306,11,"Fall",40,0.940073512549655,0.976636083725443,NA,NA
"788",788,1632000,1966-11-10,78,0.939759036144578,1.05298301640296,11,"Fall",40,0.940073512549655,0.976636083725443,NA,NA
"789",789,1632000,1966-11-11,74,0.948717948717949,1.00953320184089,11,"Fall",40,0.940073512549655,0.976636083725443,NA,NA
"790",790,1632000,1966-11-12,68,0.918918918918919,0.968590211833455,11,"Fall",40,0.940073512549655,0.976636083725443,NA,NA
"791",791,1632000,1966-11-13,62,0.911764705882353,0.992214532871972,11,"Fall",40,0.940073512549655,0.976636083725443,NA,NA
"792",792,1632000,1966-11-14,57,0.919354838709677,1.00832466181061,11,"Fall",40,0.940073512549655,0.976636083725443,NA,NA
"793",793,1632000,1966-11-15,53,0.929824561403509,1.01138811942136,11,"Fall",40,0.940073512549655,0.976636083725443,NA,NA
"794",794,1632000,1966-11-16,50,0.943396226415094,1.01459594161623,11,"Fall",40,0.940073512549655,0.976636083725443,NA,NA
"795",795,1632000,1966-11-17,48,0.96,1.0176,11,"Fall",40,0.940073512549655,0.976636083725443,NA,NA
"796",796,1632000,1966-11-18,45,0.9375,0.9765625,11,"Fall",40,0.940073512549655,0.976636083725443,NA,NA
"797",797,1632000,1966-11-19,44,0.977777777777778,1.04296296296296,11,"Fall",40,0.940073512549655,0.976636083725443,NA,NA
"798",798,1632000,1966-11-20,42,0.954545454545455,0.976239669421488,11,"Fall",40,0.940073512549655,0.976636083725443,NA,NA
"799",799,1632000,1966-11-21,40,0.952380952380952,0.997732426303855,11,"Fall",40,0.940073512549655,0.976636083725443,NA,NA
"800",800,1632000,1966-11-22,38,0.95,0.9975,11,"Fall",40,0.940073512549655,0.976636083725443,NA,NA
"801",801,1632000,1966-11-23,36,0.947368421052632,0.997229916897507,11,"Fall",40,0.940073512549655,0.976636083725443,NA,NA
"802",802,1632000,1966-11-24,34,0.944444444444444,0.996913580246914,11,"Fall",40,0.940073512549655,0.976636083725443,NA,NA
"803",803,1632000,1966-11-25,33,0.970588235294118,1.02768166089965,11,"Fall",40,0.940073512549655,0.976636083725443,NA,NA
"804",804,1632000,1967-03-25,369,0.832957110609481,0.985258523610311,3,"Spring",41,0.933207614210647,0.930432762685861,NA,NA
"805",805,1632000,1967-03-26,316,0.856368563685637,1.02810643282585,3,"Spring",41,0.933207614210647,0.930432762685861,NA,NA
"806",806,1632000,1967-03-27,268,0.848101265822785,0.99034609838167,3,"Spring",41,0.933207614210647,0.930432762685861,NA,NA
"807",807,1632000,1967-03-28,230,0.858208955223881,1.01191802183114,3,"Spring",41,0.933207614210647,0.930432762685861,NA,NA
"808",808,1632000,1967-03-29,204,0.88695652173913,1.03349716446125,3,"Spring",41,0.933207614210647,0.930432762685861,NA,NA
"809",809,1632000,1967-03-30,178,0.872549019607843,0.983756247597078,3,"Spring",41,0.933207614210647,0.930432762685861,NA,NA
"810",810,1632000,1967-03-31,156,0.876404494382023,1.00441863401086,3,"Spring",41,0.933207614210647,0.930432762685861,NA,NA
"811",811,1632000,1967-04-01,140,0.897435897435897,1.02399737015122,4,"Spring",41,0.933207614210647,0.930432762685861,NA,NA
"812",812,1632000,1967-04-02,129,0.921428571428571,1.02673469387755,4,"Spring",41,0.933207614210647,0.930432762685861,NA,NA
"813",813,1632000,1967-04-03,122,0.945736434108527,1.02638062616429,4,"Spring",41,0.933207614210647,0.930432762685861,NA,NA
"814",814,1632000,1967-04-04,114,0.934426229508197,0.988040849234077,4,"Spring",41,0.933207614210647,0.930432762685861,NA,NA
"815",815,1632000,1967-04-05,106,0.929824561403509,0.99507540781779,4,"Spring",41,0.933207614210647,0.930432762685861,NA,NA
"816",816,1632000,1967-04-06,103,0.971698113207547,1.04503381986472,4,"Spring",41,0.933207614210647,0.930432762685861,NA,NA
"817",817,1632000,1967-04-07,105,1.01941747572816,1.04910924686587,4,"Spring",41,0.933207614210647,0.930432762685861,NA,NA
"818",818,1632000,1967-04-08,94,0.895238095238095,0.878185941043084,4,"Spring",41,0.933207614210647,0.930432762685861,NA,NA
"819",819,1632000,1967-04-09,85,0.904255319148936,1.01007243096424,4,"Spring",41,0.933207614210647,0.930432762685861,NA,NA
"820",820,1632000,1967-04-10,81,0.952941176470588,1.05384083044983,4,"Spring",41,0.933207614210647,0.930432762685861,NA,NA
"821",821,1632000,1967-04-11,77,0.950617283950617,0.997561347355586,4,"Spring",41,0.933207614210647,0.930432762685861,NA,NA
"822",822,1632000,1967-04-12,71,0.922077922077922,0.969978073874178,4,"Spring",41,0.933207614210647,0.930432762685861,NA,NA
"823",823,1632000,1967-04-13,67,0.943661971830986,1.02340805395755,4,"Spring",41,0.933207614210647,0.930432762685861,NA,NA
"824",824,1632000,1967-04-14,66,0.985074626865672,1.04388505235019,4,"Spring",41,0.933207614210647,0.930432762685861,NA,NA
"825",825,1632000,1967-04-15,62,0.939393939393939,0.953627180899908,4,"Spring",41,0.933207614210647,0.930432762685861,NA,NA
"826",826,1632000,1967-04-16,60,0.967741935483871,1.03017689906348,4,"Spring",41,0.933207614210647,0.930432762685861,NA,NA
"827",827,1632000,1967-04-17,59,0.983333333333333,1.01611111111111,4,"Spring",41,0.933207614210647,0.930432762685861,NA,NA
"828",828,1632000,1967-04-18,59,1,1.01694915254237,4,"Spring",41,0.933207614210647,0.930432762685861,NA,NA
"829",829,1632000,1967-04-19,55,0.932203389830508,0.932203389830508,4,"Spring",41,0.933207614210647,0.930432762685861,NA,NA
"830",830,1632000,1967-04-20,52,0.945454545454545,1.01421487603306,4,"Spring",41,0.933207614210647,0.930432762685861,NA,NA
"831",831,1632000,1967-04-21,50,0.961538461538462,1.01701183431953,4,"Spring",41,0.933207614210647,0.930432762685861,NA,NA
"832",832,1632000,1967-11-03,90,0.9,1.008,11,"Fall",42,0.929541483322545,0.964966247161165,NA,NA
"833",833,1632000,1967-11-04,80,0.888888888888889,0.987654320987654,11,"Fall",42,0.929541483322545,0.964966247161165,NA,NA
"834",834,1632000,1967-11-05,71,0.8875,0.9984375,11,"Fall",42,0.929541483322545,0.964966247161165,NA,NA
"835",835,1632000,1967-11-06,64,0.901408450704225,1.01567149375124,11,"Fall",42,0.929541483322545,0.964966247161165,NA,NA
"836",836,1632000,1967-11-07,58,0.90625,1.00537109375,11,"Fall",42,0.929541483322545,0.964966247161165,NA,NA
"837",837,1632000,1967-11-08,52,0.896551724137931,0.989298454221165,11,"Fall",42,0.929541483322545,0.964966247161165,NA,NA
"838",838,1632000,1967-11-09,48,0.923076923076923,1.02958579881657,11,"Fall",42,0.929541483322545,0.964966247161165,NA,NA
"839",839,1632000,1967-11-10,45,0.9375,1.015625,11,"Fall",42,0.929541483322545,0.964966247161165,NA,NA
"840",840,1632000,1967-11-11,41,0.911111111111111,0.971851851851852,11,"Fall",42,0.929541483322545,0.964966247161165,NA,NA
"841",841,1632000,1967-11-12,39,0.951219512195122,1.04402141582391,11,"Fall",42,0.929541483322545,0.964966247161165,NA,NA
"842",842,1632000,1967-11-13,36,0.923076923076923,0.970414201183432,11,"Fall",42,0.929541483322545,0.964966247161165,NA,NA
"843",843,1632000,1967-11-14,35,0.972222222222222,1.05324074074074,11,"Fall",42,0.929541483322545,0.964966247161165,NA,NA
"844",844,1632000,1967-11-15,34,0.971428571428571,0.999183673469388,11,"Fall",42,0.929541483322545,0.964966247161165,NA,NA
"845",845,1632000,1967-11-16,32,0.941176470588235,0.968858131487889,11,"Fall",42,0.929541483322545,0.964966247161165,NA,NA
"846",846,1632000,1967-11-17,31,0.96875,1.029296875,11,"Fall",42,0.929541483322545,0.964966247161165,NA,NA
"847",847,1632000,1967-11-18,29,0.935483870967742,0.965660770031217,11,"Fall",42,0.929541483322545,0.964966247161165,NA,NA
"848",848,1632000,1967-11-19,27,0.931034482758621,0.995243757431629,11,"Fall",42,0.929541483322545,0.964966247161165,NA,NA
"849",849,1632000,1968-03-31,152,0.878612716763006,0.995422499916469,3,"Spring",43,0.956466895142208,0.975208683868113,NA,NA
"850",850,1632000,1968-04-01,141,0.927631578947368,1.05579120498615,4,"Spring",43,0.956466895142208,0.975208683868113,NA,NA
"851",851,1632000,1968-04-02,125,0.886524822695035,0.955686333685428,4,"Spring",43,0.956466895142208,0.975208683868113,NA,NA
"852",852,1632000,1968-04-03,112,0.896,1.010688,4,"Spring",43,0.956466895142208,0.975208683868113,NA,NA
"853",853,1632000,1968-04-04,106,0.946428571428571,1.0562818877551,4,"Spring",43,0.956466895142208,0.975208683868113,NA,NA
"854",854,1632000,1968-04-05,115,1.08490566037736,1.14631541473834,4,"Spring",43,0.956466895142208,0.975208683868113,NA,NA
"855",855,1632000,1968-04-06,105,0.91304347826087,0.841587901701323,4,"Spring",43,0.956466895142208,0.975208683868113,NA,NA
"856",856,1632000,1968-04-07,96,0.914285714285714,1.00136054421769,4,"Spring",43,0.956466895142208,0.975208683868113,NA,NA
"857",857,1632000,1968-04-08,92,0.958333333333333,1.04817708333333,4,"Spring",43,0.956466895142208,0.975208683868113,NA,NA
"858",858,1632000,1968-04-09,88,0.956521739130435,0.998109640831758,4,"Spring",43,0.956466895142208,0.975208683868113,NA,NA
"859",859,1632000,1968-04-10,83,0.943181818181818,0.986053719008264,4,"Spring",43,0.956466895142208,0.975208683868113,NA,NA
"860",860,1632000,1968-04-11,80,0.963855421686747,1.02191900130643,4,"Spring",43,0.956466895142208,0.975208683868113,NA,NA
"861",861,1632000,1968-04-12,76,0.95,0.985625,4,"Spring",43,0.956466895142208,0.975208683868113,NA,NA
"862",862,1632000,1968-04-13,72,0.947368421052632,0.997229916897507,4,"Spring",43,0.956466895142208,0.975208683868113,NA,NA
"863",863,1632000,1968-04-14,67,0.930555555555556,0.982253086419753,4,"Spring",43,0.956466895142208,0.975208683868113,NA,NA
"864",864,1632000,1968-04-15,71,1.05970149253731,1.13878369347293,4,"Spring",43,0.956466895142208,0.975208683868113,NA,NA
"865",865,1632000,1968-04-16,68,0.957746478873239,0.903788930767705,4,"Spring",43,0.956466895142208,0.975208683868113,NA,NA
"866",866,1632000,1968-04-17,64,0.941176470588235,0.982698961937716,4,"Spring",43,0.956466895142208,0.975208683868113,NA,NA
"867",867,1632000,1968-04-18,61,0.953125,1.0126953125,4,"Spring",43,0.956466895142208,0.975208683868113,NA,NA
"868",868,1632000,1968-04-19,58,0.950819672131147,0.997581295350712,4,"Spring",43,0.956466895142208,0.975208683868113,NA,NA
"869",869,1632000,1968-04-20,56,0.96551724137931,1.01545778834721,4,"Spring",43,0.956466895142208,0.975208683868113,NA,NA
"870",870,1632000,1968-04-21,55,0.982142857142857,1.0172193877551,4,"Spring",43,0.956466895142208,0.975208683868113,NA,NA
"871",871,1632000,1968-04-22,52,0.945454545454545,0.962644628099174,4,"Spring",43,0.956466895142208,0.975208683868113,NA,NA
"872",872,1632000,1968-04-23,49,0.942307692307692,0.996671597633136,4,"Spring",43,0.956466895142208,0.975208683868113,NA,NA
"873",873,1632000,1968-06-01,268,0.656862745098039,0.996563821607074,6,"Summer",44,0.863887515907668,0.958889766415228,NA,NA
"874",874,1632000,1968-06-02,192,0.716417910447761,1.09066607262196,6,"Summer",44,0.863887515907668,0.958889766415228,NA,NA
"875",875,1632000,1968-06-03,157,0.817708333333333,1.14138454861111,6,"Summer",44,0.863887515907668,0.958889766415228,NA,NA
"876",876,1632000,1968-06-04,128,0.815286624203822,0.997038419408495,6,"Summer",44,0.863887515907668,0.958889766415228,NA,NA
"877",877,1632000,1968-06-05,104,0.8125,0.99658203125,6,"Summer",44,0.863887515907668,0.958889766415228,NA,NA
"878",878,1632000,1968-06-06,85,0.817307692307692,1.00591715976331,6,"Summer",44,0.863887515907668,0.958889766415228,NA,NA
"879",879,1632000,1968-06-07,73,0.858823529411765,1.05079584775086,6,"Summer",44,0.863887515907668,0.958889766415228,NA,NA
"880",880,1632000,1968-06-08,63,0.863013698630137,1.00487896415838,6,"Summer",44,0.863887515907668,0.958889766415228,NA,NA
"881",881,1632000,1968-06-09,59,0.936507936507937,1.08515998992189,6,"Summer",44,0.863887515907668,0.958889766415228,NA,NA
"882",882,1632000,1968-06-10,55,0.932203389830508,0.995403619649526,6,"Summer",44,0.863887515907668,0.958889766415228,NA,NA
"883",883,1632000,1968-06-11,48,0.872727272727273,0.936198347107438,6,"Summer",44,0.863887515907668,0.958889766415228,NA,NA
"884",884,1632000,1968-06-12,43,0.895833333333333,1.02647569444444,6,"Summer",44,0.863887515907668,0.958889766415228,NA,NA
"885",885,1632000,1968-06-13,38,0.883720930232558,0.986479177934018,6,"Summer",44,0.863887515907668,0.958889766415228,NA,NA
"886",886,1632000,1968-06-14,34,0.894736842105263,1.01246537396122,6,"Summer",44,0.863887515907668,0.958889766415228,NA,NA
"887",887,1632000,1969-02-07,124,0.905109489051095,0.984389152325643,2,"Winter",45,0.936032399882627,0.930279333033005,NA,NA
"888",888,1632000,1969-02-08,111,0.895161290322581,0.989008844953174,2,"Winter",45,0.936032399882627,0.930279333033005,NA,NA
"889",889,1632000,1969-02-09,117,1.05405405405405,1.17750182615047,2,"Winter",45,0.936032399882627,0.930279333033005,NA,NA
"890",890,1632000,1969-02-10,121,1.03418803418803,0.98115275038352,2,"Winter",45,0.936032399882627,0.930279333033005,NA,NA
"891",891,1632000,1969-02-11,114,0.942148760330578,0.911003346765931,2,"Winter",45,0.936032399882627,0.930279333033005,NA,NA
"892",892,1632000,1969-02-12,107,0.93859649122807,0.996229609110496,2,"Winter",45,0.936032399882627,0.930279333033005,NA,NA
"893",893,1632000,1969-02-13,82,0.766355140186916,0.816490523189798,2,"Winter",45,0.936032399882627,0.930279333033005,NA,NA
"894",894,1632000,1969-02-14,71,0.865853658536585,1.12983343248067,2,"Winter",45,0.936032399882627,0.930279333033005,NA,NA
"895",895,1632000,1969-02-15,66,0.929577464788732,1.07359650862924,2,"Winter",45,0.936032399882627,0.930279333033005,NA,NA
"896",896,1632000,1969-02-16,62,0.939393939393939,1.01056014692378,2,"Winter",45,0.936032399882627,0.930279333033005,NA,NA
"897",897,1632000,1969-02-17,58,0.935483870967742,0.995837669094693,2,"Winter",45,0.936032399882627,0.930279333033005,NA,NA
"898",898,1632000,1969-02-18,54,0.931034482758621,0.995243757431629,2,"Winter",45,0.936032399882627,0.930279333033005,NA,NA
"899",899,1632000,1969-02-19,50,0.925925925925926,0.994513031550069,2,"Winter",45,0.936032399882627,0.930279333033005,NA,NA
"900",900,1632000,1969-02-20,48,0.96,1.0368,2,"Winter",45,0.936032399882627,0.930279333033005,NA,NA
"901",901,1632000,1969-02-21,46,0.958333333333333,0.998263888888889,2,"Winter",45,0.936032399882627,0.930279333033005,NA,NA
"902",902,1632000,1969-02-22,45,0.978260869565217,1.02079395085066,2,"Winter",45,0.936032399882627,0.930279333033005,NA,NA
"903",903,1632000,1969-02-23,45,1,1.02222222222222,2,"Winter",45,0.936032399882627,0.930279333033005,NA,NA
"904",904,1632000,1969-02-24,45,1,1,2,"Winter",45,0.936032399882627,0.930279333033005,NA,NA
"905",905,1632000,1969-02-25,44,0.977777777777778,0.977777777777778,2,"Winter",45,0.936032399882627,0.930279333033005,NA,NA
"906",906,1632000,1969-04-23,108,0.972972972972973,0.972972972972973,4,"Spring",46,0.927612314226811,0.993905449924044,NA,NA
"907",907,1632000,1969-04-24,99,0.916666666666667,0.94212962962963,4,"Spring",46,0.927612314226811,0.993905449924044,NA,NA
"908",908,1632000,1969-04-25,89,0.898989898989899,0.980716253443526,4,"Spring",46,0.927612314226811,0.993905449924044,NA,NA
"909",909,1632000,1969-04-26,80,0.898876404494382,0.999873753313975,4,"Spring",46,0.927612314226811,0.993905449924044,NA,NA
"910",910,1632000,1969-04-27,74,0.925,1.0290625,4,"Spring",46,0.927612314226811,0.993905449924044,NA,NA
"911",911,1632000,1969-04-28,68,0.918918918918919,0.993425858290723,4,"Spring",46,0.927612314226811,0.993905449924044,NA,NA
"912",912,1632000,1969-04-29,64,0.941176470588235,1.0242214532872,4,"Spring",46,0.927612314226811,0.993905449924044,NA,NA
"913",913,1632000,1969-04-30,61,0.953125,1.0126953125,4,"Spring",46,0.927612314226811,0.993905449924044,NA,NA
"914",914,1632000,1969-05-01,56,0.918032786885246,0.963181940338619,5,"Spring",46,0.927612314226811,0.993905449924044,NA,NA
"915",915,1632000,1969-05-02,51,0.910714285714286,0.99202806122449,5,"Spring",46,0.927612314226811,0.993905449924044,NA,NA
"916",916,1632000,1969-05-03,47,0.92156862745098,1.01191849288735,5,"Spring",46,0.927612314226811,0.993905449924044,NA,NA
"917",917,1632000,1969-05-04,44,0.936170212765957,1.01584427342689,5,"Spring",46,0.927612314226811,0.993905449924044,NA,NA
"918",918,1632000,1969-05-05,42,0.954545454545455,1.01962809917355,5,"Spring",46,0.927612314226811,0.993905449924044,NA,NA
"919",919,1632000,1969-05-06,39,0.928571428571429,0.972789115646258,5,"Spring",46,0.927612314226811,0.993905449924044,NA,NA
"920",920,1632000,1969-05-07,37,0.948717948717949,1.02169625246548,5,"Spring",46,0.927612314226811,0.993905449924044,NA,NA
"921",921,1632000,1969-10-07,38,0.926829268292683,0.972040452111838,10,"Fall",47,0.947999648120171,0.998456497494712,NA,NA
"922",922,1632000,1969-10-08,36,0.947368421052632,1.02216066481994,10,"Fall",47,0.947999648120171,0.998456497494712,NA,NA
"923",923,1632000,1969-10-09,34,0.944444444444444,0.996913580246914,10,"Fall",47,0.947999648120171,0.998456497494712,NA,NA
"924",924,1632000,1969-10-10,33,0.970588235294118,1.02768166089965,10,"Fall",47,0.947999648120171,0.998456497494712,NA,NA
"925",925,1632000,1969-10-11,31,0.939393939393939,0.967860422405877,10,"Fall",47,0.947999648120171,0.998456497494712,NA,NA
"926",926,1632000,1969-10-12,29,0.935483870967742,0.995837669094693,10,"Fall",47,0.947999648120171,0.998456497494712,NA,NA
"927",927,1632000,1969-10-13,27,0.931034482758621,0.995243757431629,10,"Fall",47,0.947999648120171,0.998456497494712,NA,NA
"928",928,1632000,1969-10-14,26,0.962962962962963,1.03429355281207,10,"Fall",47,0.947999648120171,0.998456497494712,NA,NA
"929",929,1632000,1969-10-15,25,0.961538461538462,0.998520710059172,10,"Fall",47,0.947999648120171,0.998456497494712,NA,NA
"930",930,1632000,1969-10-16,24,0.96,0.9984,10,"Fall",47,0.947999648120171,0.998456497494712,NA,NA
"931",931,1632000,1969-10-17,22,0.916666666666667,0.954861111111111,10,"Fall",47,0.947999648120171,0.998456497494712,NA,NA
"932",932,1632000,1969-10-18,21,0.954545454545455,1.04132231404959,10,"Fall",47,0.947999648120171,0.998456497494712,NA,NA
"933",933,1632000,1969-10-19,20,0.952380952380952,0.997732426303855,10,"Fall",47,0.947999648120171,0.998456497494712,NA,NA
"934",934,1632000,1969-10-20,19,0.95,0.9975,10,"Fall",47,0.947999648120171,0.998456497494712,NA,NA
"935",935,1632000,1969-10-21,18,0.947368421052632,0.997229916897507,10,"Fall",47,0.947999648120171,0.998456497494712,NA,NA
"936",936,1632000,1969-10-22,17,0.944444444444444,0.996913580246914,10,"Fall",47,0.947999648120171,0.998456497494712,NA,NA
"937",937,1632000,1969-11-23,87,0.87,1.0005,11,"Fall",48,0.934950091790373,0.933921620678194,NA,NA
"938",938,1632000,1969-11-24,78,0.896551724137931,1.03051922314705,11,"Fall",48,0.934950091790373,0.933921620678194,NA,NA
"939",939,1632000,1969-11-25,68,0.871794871794872,0.972386587771203,11,"Fall",48,0.934950091790373,0.933921620678194,NA,NA
"940",940,1632000,1969-11-26,60,0.882352941176471,1.0121107266436,11,"Fall",48,0.934950091790373,0.933921620678194,NA,NA
"941",941,1632000,1969-11-27,55,0.916666666666667,1.03888888888889,11,"Fall",48,0.934950091790373,0.933921620678194,NA,NA
"942",942,1632000,1969-11-28,51,0.927272727272727,1.01157024793388,11,"Fall",48,0.934950091790373,0.933921620678194,NA,NA
"943",943,1632000,1969-11-29,47,0.92156862745098,0.993848519800077,11,"Fall",48,0.934950091790373,0.933921620678194,NA,NA
"944",944,1632000,1969-11-30,44,0.936170212765957,1.01584427342689,11,"Fall",48,0.934950091790373,0.933921620678194,NA,NA
"945",945,1632000,1969-12-01,41,0.931818181818182,0.995351239669421,12,"Winter",48,0.934950091790373,0.933921620678194,NA,NA
"946",946,1632000,1969-12-02,39,0.951219512195122,1.02082093991672,12,"Winter",48,0.934950091790373,0.933921620678194,NA,NA
"947",947,1632000,1969-12-03,38,0.974358974358974,1.02432610124918,12,"Winter",48,0.934950091790373,0.933921620678194,NA,NA
"948",948,1632000,1969-12-04,37,0.973684210526316,0.999307479224377,12,"Winter",48,0.934950091790373,0.933921620678194,NA,NA
"949",949,1632000,1969-12-05,36,0.972972972972973,0.99926953981008,12,"Winter",48,0.934950091790373,0.933921620678194,NA,NA
"950",950,1632000,1969-12-06,35,0.972222222222222,0.999228395061728,12,"Winter",48,0.934950091790373,0.933921620678194,NA,NA
"951",951,1632000,1970-11-19,183,0.820627802690583,1.01566490377848,11,"Fall",49,0.920292107282402,0.919196500737483,NA,NA
"952",952,1632000,1970-11-20,202,1.10382513661202,1.34509839051629,11,"Fall",49,0.920292107282402,0.919196500737483,NA,NA
"953",953,1632000,1970-11-21,285,1.41089108910891,1.27818351142045,11,"Fall",49,0.920292107282402,0.919196500737483,NA,NA
"954",954,1632000,1970-11-22,258,0.905263157894737,0.641625115420129,11,"Fall",49,0.920292107282402,0.919196500737483,NA,NA
"955",955,1632000,1970-11-23,232,0.89922480620155,0.993329727780782,11,"Fall",49,0.920292107282402,0.919196500737483,NA,NA
"956",956,1632000,1970-11-24,190,0.818965517241379,0.910746135552913,11,"Fall",49,0.920292107282402,0.919196500737483,NA,NA
"957",957,1632000,1970-11-25,156,0.821052631578947,1.00254847645429,11,"Fall",49,0.920292107282402,0.919196500737483,NA,NA
"958",958,1632000,1970-11-26,135,0.865384615384615,1.05399408284024,11,"Fall",49,0.920292107282402,0.919196500737483,NA,NA
"959",959,1632000,1970-11-27,121,0.896296296296296,1.03572016460905,11,"Fall",49,0.920292107282402,0.919196500737483,NA,NA
"960",960,1632000,1970-11-28,107,0.884297520661157,0.986612936274845,11,"Fall",49,0.920292107282402,0.919196500737483,NA,NA
"961",961,1632000,1970-11-29,93,0.869158878504673,0.982880600925845,11,"Fall",49,0.920292107282402,0.919196500737483,NA,NA
"962",962,1632000,1970-11-30,82,0.881720430107527,1.01445253786565,11,"Fall",49,0.920292107282402,0.919196500737483,NA,NA
"963",963,1632000,1970-12-01,72,0.878048780487805,0.995835812016657,12,"Winter",49,0.920292107282402,0.919196500737483,NA,NA
"964",964,1632000,1970-12-02,65,0.902777777777778,1.02816358024691,12,"Winter",49,0.920292107282402,0.919196500737483,NA,NA
"965",965,1632000,1970-12-03,60,0.923076923076923,1.02248520710059,12,"Winter",49,0.920292107282402,0.919196500737483,NA,NA
"966",966,1632000,1970-12-04,55,0.916666666666667,0.993055555555555,12,"Winter",49,0.920292107282402,0.919196500737483,NA,NA
"967",967,1632000,1970-12-05,49,0.890909090909091,0.971900826446281,12,"Winter",49,0.920292107282402,0.919196500737483,NA,NA
"968",968,1632000,1970-12-06,47,0.959183673469388,1.07663473552686,12,"Winter",49,0.920292107282402,0.919196500737483,NA,NA
"969",969,1632000,1970-12-07,44,0.936170212765957,0.976007243096424,12,"Winter",49,0.920292107282402,0.919196500737483,NA,NA
"970",970,1632000,1970-12-08,41,0.931818181818182,0.995351239669421,12,"Winter",49,0.920292107282402,0.919196500737483,NA,NA
"971",971,1632000,1970-12-09,39,0.951219512195122,1.02082093991672,12,"Winter",49,0.920292107282402,0.919196500737483,NA,NA
"972",972,1632000,1970-12-10,37,0.948717948717949,0.997370151216305,12,"Winter",49,0.920292107282402,0.919196500737483,NA,NA
"973",973,1632000,1970-12-11,35,0.945945945945946,0.997078159240321,12,"Winter",49,0.920292107282402,0.919196500737483,NA,NA
"974",974,1632000,1970-12-12,38,1.08571428571429,1.14775510204082,12,"Winter",49,0.920292107282402,0.919196500737483,NA,NA
"975",975,1632000,1970-12-13,41,1.07894736842105,0.993767313019391,12,"Winter",49,0.920292107282402,0.919196500737483,NA,NA
"976",976,1632000,1970-12-14,39,0.951219512195122,0.881618084473528,12,"Winter",49,0.920292107282402,0.919196500737483,NA,NA
"977",977,1632000,1970-12-15,36,0.923076923076923,0.970414201183432,12,"Winter",49,0.920292107282402,0.919196500737483,NA,NA
"978",978,1632000,1971-04-15,203,0.808764940239044,0.985984349454771,4,"Spring",50,0.936417379256581,0.951465481035096,NA,NA
"979",979,1632000,1971-04-16,175,0.862068965517241,1.06590793273314,4,"Spring",50,0.936417379256581,0.951465481035096,NA,NA
"980",980,1632000,1971-04-17,157,0.897142857142857,1.04068571428571,4,"Spring",50,0.936417379256581,0.951465481035096,NA,NA
"981",981,1632000,1971-04-18,142,0.904458598726115,1.00815448902592,4,"Spring",50,0.936417379256581,0.951465481035096,NA,NA
"982",982,1632000,1971-04-19,123,0.866197183098592,0.957696885538584,4,"Spring",50,0.936417379256581,0.951465481035096,NA,NA
"983",983,1632000,1971-04-20,109,0.886178861788618,1.02306827946328,4,"Spring",50,0.936417379256581,0.951465481035096,NA,NA
"984",984,1632000,1971-04-21,99,0.908256880733945,1.02491372780069,4,"Spring",50,0.936417379256581,0.951465481035096,NA,NA
"985",985,1632000,1971-04-22,94,0.94949494949495,1.04540353025202,4,"Spring",50,0.936417379256581,0.951465481035096,NA,NA
"986",986,1632000,1971-04-23,87,0.925531914893617,0.974762335898597,4,"Spring",50,0.936417379256581,0.951465481035096,NA,NA
"987",987,1632000,1971-04-24,80,0.919540229885057,0.993526225393051,4,"Spring",50,0.936417379256581,0.951465481035096,NA,NA
"988",988,1632000,1971-04-25,73,0.9125,0.99234375,4,"Spring",50,0.936417379256581,0.951465481035096,NA,NA
"989",989,1632000,1971-04-26,66,0.904109589041096,0.990805029086132,4,"Spring",50,0.936417379256581,0.951465481035096,NA,NA
"990",990,1632000,1971-04-27,62,0.939393939393939,1.03902662993572,4,"Spring",50,0.936417379256581,0.951465481035096,NA,NA
"991",991,1632000,1971-04-28,59,0.951612903225806,1.01300728407908,4,"Spring",50,0.936417379256581,0.951465481035096,NA,NA
"992",992,1632000,1971-04-29,54,0.915254237288136,0.961792588336685,4,"Spring",50,0.936417379256581,0.951465481035096,NA,NA
"993",993,1632000,1971-04-30,51,0.944444444444444,1.03189300411523,4,"Spring",50,0.936417379256581,0.951465481035096,NA,NA
"994",994,1632000,1971-05-01,47,0.92156862745098,0.975778546712803,5,"Spring",50,0.936417379256581,0.951465481035096,NA,NA
"995",995,1632000,1971-05-02,45,0.957446808510638,1.0389316432775,5,"Spring",50,0.936417379256581,0.951465481035096,NA,NA
"996",996,1632000,1971-05-03,44,0.977777777777778,1.02123456790123,5,"Spring",50,0.936417379256581,0.951465481035096,NA,NA
"997",997,1632000,1971-05-04,42,0.954545454545455,0.976239669421488,5,"Spring",50,0.936417379256581,0.951465481035096,NA,NA
"998",998,1632000,1971-05-05,39,0.928571428571429,0.972789115646258,5,"Spring",50,0.936417379256581,0.951465481035096,NA,NA
"999",999,1632000,1971-05-06,38,0.974358974358974,1.04930966469428,5,"Spring",50,0.936417379256581,0.951465481035096,NA,NA
"1000",1000,1632000,1971-05-07,37,0.973684210526316,0.999307479224377,5,"Spring",50,0.936417379256581,0.951465481035096,NA,NA
"1001",1001,1632000,1971-05-08,40,1.08108108108108,1.11029948867787,5,"Spring",50,0.936417379256581,0.951465481035096,NA,NA
"1002",1002,1632000,1971-05-09,38,0.95,0.87875,5,"Spring",50,0.936417379256581,0.951465481035096,NA,NA
"1003",1003,1632000,1971-05-10,35,0.921052631578947,0.969529085872576,5,"Spring",50,0.936417379256581,0.951465481035096,NA,NA
"1004",1004,1632000,1971-05-11,33,0.942857142857143,1.02367346938776,5,"Spring",50,0.936417379256581,0.951465481035096,NA,NA
"1005",1005,1632000,1971-05-12,31,0.939393939393939,0.996326905417815,5,"Spring",50,0.936417379256581,0.951465481035096,NA,NA
"1006",1006,1632000,1971-06-26,46,0.807017543859649,0.991074176669745,6,"Summer",51,0.931836141557134,0.979036043694259,NA,NA
"1007",1007,1632000,1971-06-27,39,0.847826086956522,1.05056710775047,6,"Summer",51,0.931836141557134,0.979036043694259,NA,NA
"1008",1008,1632000,1971-06-28,34,0.871794871794872,1.02827087442472,6,"Summer",51,0.931836141557134,0.979036043694259,NA,NA
"1009",1009,1632000,1971-06-29,39,1.14705882352941,1.31574394463668,6,"Summer",51,0.931836141557134,0.979036043694259,NA,NA
"1010",1010,1632000,1971-06-30,36,0.923076923076923,0.804733727810651,6,"Summer",51,0.931836141557134,0.979036043694259,NA,NA
"1011",1011,1632000,1971-07-01,31,0.861111111111111,0.93287037037037,7,"Summer",51,0.931836141557134,0.979036043694259,NA,NA
"1012",1012,1632000,1971-07-02,27,0.870967741935484,1.01144640998959,7,"Summer",51,0.931836141557134,0.979036043694259,NA,NA
"1013",1013,1632000,1971-07-03,24,0.888888888888889,1.02057613168724,7,"Summer",51,0.931836141557134,0.979036043694259,NA,NA
"1014",1014,1632000,1971-07-04,21,0.875,0.984375,7,"Summer",51,0.931836141557134,0.979036043694259,NA,NA
"1015",1015,1632000,1971-07-05,19,0.904761904761905,1.03401360544218,7,"Summer",51,0.931836141557134,0.979036043694259,NA,NA
"1016",1016,1632000,1971-07-06,18,0.947368421052632,1.04709141274238,7,"Summer",51,0.931836141557134,0.979036043694259,NA,NA
"1017",1017,1632000,1971-07-07,17,0.944444444444444,0.996913580246914,7,"Summer",51,0.931836141557134,0.979036043694259,NA,NA
"1018",1018,1632000,1971-07-08,15,0.882352941176471,0.934256055363322,7,"Summer",51,0.931836141557134,0.979036043694259,NA,NA
"1019",1019,1632000,1971-07-09,14,0.933333333333333,1.05777777777778,7,"Summer",51,0.931836141557134,0.979036043694259,NA,NA
"1020",1020,1632000,1971-07-10,13,0.928571428571429,0.994897959183674,7,"Summer",51,0.931836141557134,0.979036043694259,NA,NA
"1021",1021,1632000,1971-07-11,17,1.30769230769231,1.40828402366864,7,"Summer",51,0.931836141557134,0.979036043694259,NA,NA
"1022",1022,1632000,1971-07-12,19,1.11764705882353,0.854671280276817,7,"Summer",51,0.931836141557134,0.979036043694259,NA,NA
"1023",1023,1632000,1971-07-13,15,0.789473684210526,0.706371191135734,7,"Summer",51,0.931836141557134,0.979036043694259,NA,NA
"1024",1024,1632000,1971-07-14,12,0.8,1.01333333333333,7,"Summer",51,0.931836141557134,0.979036043694259,NA,NA
"1025",1025,1632000,1971-07-15,10,0.833333333333333,1.04166666666667,7,"Summer",51,0.931836141557134,0.979036043694259,NA,NA
"1026",1026,1632000,1971-07-16,9.6,0.96,1.152,7,"Summer",51,0.931836141557134,0.979036043694259,NA,NA
"1027",1027,1632000,1971-07-17,8.8,0.916666666666667,0.954861111111111,7,"Summer",51,0.931836141557134,0.979036043694259,NA,NA
"1028",1028,1632000,1971-07-18,8.1,0.920454545454545,1.00413223140496,7,"Summer",51,0.931836141557134,0.979036043694259,NA,NA
"1029",1029,1632000,1971-07-19,8.8,1.08641975308642,1.18030787989636,7,"Summer",51,0.931836141557134,0.979036043694259,NA,NA
"1030",1030,1632000,1971-07-20,9.4,1.06818181818182,0.983212809917355,7,"Summer",51,0.931836141557134,0.979036043694259,NA,NA
"1031",1031,1632000,1971-07-21,8.2,0.872340425531915,0.816659121774559,7,"Summer",51,0.931836141557134,0.979036043694259,NA,NA
"1032",1032,1632000,1971-07-22,7.1,0.865853658536585,0.992563950029744,7,"Summer",51,0.931836141557134,0.979036043694259,NA,NA
"1033",1033,1632000,1971-11-01,136,0.819277108433735,1.02162868340833,11,"Fall",52,0.933917845942549,0.92009077155799,NA,NA
"1034",1034,1632000,1971-11-02,116,0.852941176470588,1.04108996539792,11,"Fall",52,0.933917845942549,0.92009077155799,NA,NA
"1035",1035,1632000,1971-11-03,105,0.905172413793103,1.06123662306778,11,"Fall",52,0.933917845942549,0.92009077155799,NA,NA
"1036",1036,1632000,1971-11-04,93,0.885714285714286,0.978503401360544,11,"Fall",52,0.933917845942549,0.92009077155799,NA,NA
"1037",1037,1632000,1971-11-05,79,0.849462365591398,0.959070412764481,11,"Fall",52,0.933917845942549,0.92009077155799,NA,NA
"1038",1038,1632000,1971-11-06,68,0.860759493670886,1.01329915077712,11,"Fall",52,0.933917845942549,0.92009077155799,NA,NA
"1039",1039,1632000,1971-11-07,60,0.882352941176471,1.02508650519031,11,"Fall",52,0.933917845942549,0.92009077155799,NA,NA
"1040",1040,1632000,1971-11-08,54,0.9,1.02,11,"Fall",52,0.933917845942549,0.92009077155799,NA,NA
"1041",1041,1632000,1971-11-09,49,0.907407407407407,1.0082304526749,11,"Fall",52,0.933917845942549,0.92009077155799,NA,NA
"1042",1042,1632000,1971-11-10,46,0.938775510204082,1.03456892961266,11,"Fall",52,0.933917845942549,0.92009077155799,NA,NA
"1043",1043,1632000,1971-11-11,43,0.934782608695652,0.995746691871456,11,"Fall",52,0.933917845942549,0.92009077155799,NA,NA
"1044",1044,1632000,1971-11-12,41,0.953488372093023,1.02001081665765,11,"Fall",52,0.933917845942549,0.92009077155799,NA,NA
"1045",1045,1632000,1971-11-13,39,0.951219512195122,0.997620464009518,11,"Fall",52,0.933917845942549,0.92009077155799,NA,NA
"1046",1046,1632000,1971-11-14,36,0.923076923076923,0.970414201183432,11,"Fall",52,0.933917845942549,0.92009077155799,NA,NA
"1047",1047,1632000,1971-11-15,35,0.972222222222222,1.05324074074074,11,"Fall",52,0.933917845942549,0.92009077155799,NA,NA
"1048",1048,1632000,1971-11-16,33,0.942857142857143,0.969795918367347,11,"Fall",52,0.933917845942549,0.92009077155799,NA,NA
"1049",1049,1632000,1971-11-17,32,0.96969696969697,1.02846648301194,11,"Fall",52,0.933917845942549,0.92009077155799,NA,NA
"1050",1050,1632000,1971-11-18,30,0.9375,0.966796875,11,"Fall",52,0.933917845942549,0.92009077155799,NA,NA
"1051",1051,1632000,1971-11-19,29,0.966666666666667,1.03111111111111,11,"Fall",52,0.933917845942549,0.92009077155799,NA,NA
"1052",1052,1632000,1971-11-20,28,0.96551724137931,0.998810939357907,11,"Fall",52,0.933917845942549,0.92009077155799,NA,NA
"1053",1053,1632000,1971-11-21,27,0.964285714285714,0.998724489795918,11,"Fall",52,0.933917845942549,0.92009077155799,NA,NA
"1054",1054,1632000,1971-11-22,26,0.962962962962963,0.998628257887517,11,"Fall",52,0.933917845942549,0.92009077155799,NA,NA
"1055",1055,1632000,1971-11-23,25,0.961538461538462,0.998520710059172,11,"Fall",52,0.933917845942549,0.92009077155799,NA,NA
"1056",1056,1632000,1971-12-11,240,0.8,0.986666666666667,12,"Winter",53,0.921426193525189,0.978050072631515,NA,NA
"1057",1057,1632000,1971-12-12,200,0.833333333333333,1.04166666666667,12,"Winter",53,0.921426193525189,0.978050072631515,NA,NA
"1058",1058,1632000,1971-12-13,170,0.85,1.02,12,"Winter",53,0.921426193525189,0.978050072631515,NA,NA
"1059",1059,1632000,1971-12-14,150,0.882352941176471,1.03806228373702,12,"Winter",53,0.921426193525189,0.978050072631515,NA,NA
"1060",1060,1632000,1971-12-15,135,0.9,1.02,12,"Winter",53,0.921426193525189,0.978050072631515,NA,NA
"1061",1061,1632000,1971-12-16,124,0.918518518518519,1.02057613168724,12,"Winter",53,0.921426193525189,0.978050072631515,NA,NA
"1062",1062,1632000,1971-12-17,110,0.887096774193548,0.965790842872008,12,"Winter",53,0.921426193525189,0.978050072631515,NA,NA
"1063",1063,1632000,1971-12-18,100,0.909090909090909,1.02479338842975,12,"Winter",53,0.921426193525189,0.978050072631515,NA,NA
"1064",1064,1632000,1971-12-19,92,0.92,1.012,12,"Winter",53,0.921426193525189,0.978050072631515,NA,NA
"1065",1065,1632000,1971-12-20,85,0.923913043478261,1.00425330812854,12,"Winter",53,0.921426193525189,0.978050072631515,NA,NA
"1066",1066,1632000,1971-12-21,79,0.929411764705882,1.00595155709343,12,"Winter",53,0.921426193525189,0.978050072631515,NA,NA
"1067",1067,1632000,1971-12-22,73,0.924050632911392,0.99423169363884,12,"Winter",53,0.921426193525189,0.978050072631515,NA,NA
"1068",1068,1632000,1971-12-23,68,0.931506849315068,1.00806905610809,12,"Winter",53,0.921426193525189,0.978050072631515,NA,NA
"1069",1069,1632000,1971-12-24,63,0.926470588235294,0.994593425605536,12,"Winter",53,0.921426193525189,0.978050072631515,NA,NA
"1070",1070,1632000,1971-12-25,59,0.936507936507937,1.01083396321492,12,"Winter",53,0.921426193525189,0.978050072631515,NA,NA
"1071",1071,1632000,1971-12-26,55,0.932203389830508,0.995403619649526,12,"Winter",53,0.921426193525189,0.978050072631515,NA,NA
"1072",1072,1632000,1971-12-27,51,0.927272727272727,0.994710743801653,12,"Winter",53,0.921426193525189,0.978050072631515,NA,NA
"1073",1073,1632000,1971-12-28,48,0.941176470588235,1.01499423298731,12,"Winter",53,0.921426193525189,0.978050072631515,NA,NA
"1074",1074,1632000,1971-12-29,45,0.9375,0.99609375,12,"Winter",53,0.921426193525189,0.978050072631515,NA,NA
"1075",1075,1632000,1971-12-30,42,0.933333333333333,0.995555555555556,12,"Winter",53,0.921426193525189,0.978050072631515,NA,NA
"1076",1076,1632000,1971-12-31,40,0.952380952380952,1.02040816326531,12,"Winter",53,0.921426193525189,0.978050072631515,NA,NA
"1077",1077,1632000,1972-01-01,38,0.95,0.9975,1,"Winter",53,0.921426193525189,0.978050072631515,NA,NA
"1078",1078,1632000,1972-03-06,298,0.768041237113402,1.00755925178021,3,"Spring",54,0.940543487711801,0.78452312234746,NA,NA
"1079",1079,1632000,1972-03-07,240,0.805369127516778,1.0486014143507,3,"Spring",54,0.940543487711801,0.78452312234746,NA,NA
"1080",1080,1632000,1972-03-08,206,0.858333333333333,1.06576388888889,3,"Spring",54,0.940543487711801,0.78452312234746,NA,NA
"1081",1081,1632000,1972-03-09,176,0.854368932038835,0.995381280045245,3,"Spring",54,0.940543487711801,0.78452312234746,NA,NA
"1082",1082,1632000,1972-03-10,152,0.863636363636364,1.01084710743802,3,"Spring",54,0.940543487711801,0.78452312234746,NA,NA
"1083",1083,1632000,1972-03-11,132,0.868421052631579,1.00554016620499,3,"Spring",54,0.940543487711801,0.78452312234746,NA,NA
"1084",1084,1632000,1972-03-12,121,0.916666666666667,1.05555555555556,3,"Spring",54,0.940543487711801,0.78452312234746,NA,NA
"1085",1085,1632000,1972-03-13,113,0.933884297520661,1.01878287002254,3,"Spring",54,0.940543487711801,0.78452312234746,NA,NA
"1086",1086,1632000,1972-03-14,114,1.00884955752212,1.08027253504581,3,"Spring",54,0.940543487711801,0.78452312234746,NA,NA
"1087",1087,1632000,1972-03-15,112,0.982456140350877,0.97383810403201,3,"Spring",54,0.940543487711801,0.78452312234746,NA,NA
"1088",1088,1632000,1972-03-16,107,0.955357142857143,0.972417091836735,3,"Spring",54,0.940543487711801,0.78452312234746,NA,NA
"1089",1089,1632000,1972-03-17,126,1.17757009345794,1.23259673333916,3,"Spring",54,0.940543487711801,0.78452312234746,NA,NA
"1090",1090,1632000,1972-03-18,117,0.928571428571429,0.788548752834467,3,"Spring",54,0.940543487711801,0.78452312234746,NA,NA
"1091",1091,1632000,1972-03-19,107,0.914529914529915,0.984878369493754,3,"Spring",54,0.940543487711801,0.78452312234746,NA,NA
"1092",1092,1632000,1972-03-20,99,0.925233644859813,1.01170407895886,3,"Spring",54,0.940543487711801,0.78452312234746,NA,NA
"1093",1093,1632000,1972-03-21,94,0.94949494949495,1.0262218141006,3,"Spring",54,0.940543487711801,0.78452312234746,NA,NA
"1094",1094,1632000,1972-12-28,275,0.846153846153846,1.01538461538462,12,"Winter",55,0.941651127467117,0.924241166269752,NA,NA
"1095",1095,1632000,1972-12-29,245,0.890909090909091,1.05289256198347,12,"Winter",55,0.941651127467117,0.924241166269752,NA,NA
"1096",1096,1632000,1972-12-30,225,0.918367346938776,1.03082049146189,12,"Winter",55,0.941651127467117,0.924241166269752,NA,NA
"1097",1097,1632000,1972-12-31,210,0.933333333333333,1.0162962962963,12,"Winter",55,0.941651127467117,0.924241166269752,NA,NA
"1098",1098,1632000,1973-01-01,225,1.07142857142857,1.14795918367347,1,"Winter",55,0.941651127467117,0.924241166269752,NA,NA
"1099",1099,1632000,1973-01-02,200,0.888888888888889,0.82962962962963,1,"Winter",55,0.941651127467117,0.924241166269752,NA,NA
"1100",1100,1632000,1973-01-03,180,0.9,1.0125,1,"Winter",55,0.941651127467117,0.924241166269752,NA,NA
"1101",1101,1632000,1973-01-04,210,1.16666666666667,1.2962962962963,1,"Winter",55,0.941651127467117,0.924241166269752,NA,NA
"1102",1102,1632000,1973-01-05,250,1.19047619047619,1.02040816326531,1,"Winter",55,0.941651127467117,0.924241166269752,NA,NA
"1103",1103,1632000,1973-01-06,235,0.94,0.7896,1,"Winter",55,0.941651127467117,0.924241166269752,NA,NA
"1104",1104,1632000,1973-01-07,215,0.914893617021277,0.973291081937528,1,"Winter",55,0.941651127467117,0.924241166269752,NA,NA
"1105",1105,1632000,1973-01-08,185,0.86046511627907,0.940508382909681,1,"Winter",55,0.941651127467117,0.924241166269752,NA,NA
"1106",1106,1632000,1973-01-09,155,0.837837837837838,0.973703433162893,1,"Winter",55,0.941651127467117,0.924241166269752,NA,NA
"1107",1107,1632000,1973-01-10,135,0.870967741935484,1.03954214360042,1,"Winter",55,0.941651127467117,0.924241166269752,NA,NA
"1108",1108,1632000,1973-01-11,120,0.888888888888889,1.02057613168724,1,"Winter",55,0.941651127467117,0.924241166269752,NA,NA
"1109",1109,1632000,1973-01-12,110,0.916666666666667,1.03125,1,"Winter",55,0.941651127467117,0.924241166269752,NA,NA
"1110",1110,1632000,1973-01-13,105,0.954545454545455,1.04132231404959,1,"Winter",55,0.941651127467117,0.924241166269752,NA,NA
"1111",1111,1632000,1973-01-14,95,0.904761904761905,0.947845804988662,1,"Winter",55,0.941651127467117,0.924241166269752,NA,NA
"1112",1112,1632000,1973-01-15,85,0.894736842105263,0.988919667590028,1,"Winter",55,0.941651127467117,0.924241166269752,NA,NA
"1113",1113,1632000,1973-01-16,84,0.988235294117647,1.10449826989619,1,"Winter",55,0.941651127467117,0.924241166269752,NA,NA
"1114",1114,1632000,1973-01-17,81,0.964285714285714,0.975765306122449,1,"Winter",55,0.941651127467117,0.924241166269752,NA,NA
"1115",1115,1632000,1973-01-18,78,0.962962962962963,0.998628257887517,1,"Winter",55,0.941651127467117,0.924241166269752,NA,NA
"1116",1116,1632000,1973-01-19,76,0.974358974358974,1.01183431952663,1,"Winter",55,0.941651127467117,0.924241166269752,NA,NA
"1117",1117,1632000,1973-10-12,85,0.739130434782609,1.00907372400756,10,"Fall",56,0.909278086731853,0.936622540769743,NA,NA
"1118",1118,1632000,1973-10-13,66,0.776470588235294,1.05051903114187,10,"Fall",56,0.909278086731853,0.936622540769743,NA,NA
"1119",1119,1632000,1973-10-14,54,0.818181818181818,1.05371900826446,10,"Fall",56,0.909278086731853,0.936622540769743,NA,NA
"1120",1120,1632000,1973-10-15,45,0.833333333333333,1.01851851851852,10,"Fall",56,0.909278086731853,0.936622540769743,NA,NA
"1121",1121,1632000,1973-10-16,39,0.866666666666667,1.04,10,"Fall",56,0.909278086731853,0.936622540769743,NA,NA
"1122",1122,1632000,1973-10-17,35,0.897435897435897,1.03550295857988,10,"Fall",56,0.909278086731853,0.936622540769743,NA,NA
"1123",1123,1632000,1973-10-18,32,0.914285714285714,1.01877551020408,10,"Fall",56,0.909278086731853,0.936622540769743,NA,NA
"1124",1124,1632000,1973-10-19,28,0.875,0.95703125,10,"Fall",56,0.909278086731853,0.936622540769743,NA,NA
"1125",1125,1632000,1973-10-20,27,0.964285714285714,1.10204081632653,10,"Fall",56,0.909278086731853,0.936622540769743,NA,NA
"1126",1126,1632000,1973-10-21,25,0.925925925925926,0.960219478737997,10,"Fall",56,0.909278086731853,0.936622540769743,NA,NA
"1127",1127,1632000,1973-10-22,23,0.92,0.9936,10,"Fall",56,0.909278086731853,0.936622540769743,NA,NA
"1128",1128,1632000,1973-10-23,22,0.956521739130435,1.03969754253308,10,"Fall",56,0.909278086731853,0.936622540769743,NA,NA
"1129",1129,1632000,1973-10-24,21,0.954545454545455,0.997933884297521,10,"Fall",56,0.909278086731853,0.936622540769743,NA,NA
"1130",1130,1632000,1973-10-25,20,0.952380952380952,0.997732426303855,10,"Fall",56,0.909278086731853,0.936622540769743,NA,NA
"1131",1131,1632000,1973-10-26,19,0.95,0.9975,10,"Fall",56,0.909278086731853,0.936622540769743,NA,NA
"1132",1132,1632000,1973-10-27,18,0.947368421052632,0.997229916897507,10,"Fall",56,0.909278086731853,0.936622540769743,NA,NA
"1133",1133,1632000,1974-04-25,78,0.917647058823529,0.971626297577855,4,"Spring",57,0.969919947470283,0.605648440796132,NA,NA
"1134",1134,1632000,1974-04-26,68,0.871794871794872,0.950032873109796,4,"Spring",57,0.969919947470283,0.605648440796132,NA,NA
"1135",1135,1632000,1974-04-27,62,0.911764705882353,1.04584775086505,4,"Spring",57,0.969919947470283,0.605648440796132,NA,NA
"1136",1136,1632000,1974-04-28,58,0.935483870967742,1.02601456815817,4,"Spring",57,0.969919947470283,0.605648440796132,NA,NA
"1137",1137,1632000,1974-04-29,55,0.948275862068966,1.01367419738407,4,"Spring",57,0.969919947470283,0.605648440796132,NA,NA
"1138",1138,1632000,1974-04-30,51,0.927272727272727,0.977851239669421,4,"Spring",57,0.969919947470283,0.605648440796132,NA,NA
"1139",1139,1632000,1974-05-01,48,0.941176470588235,1.01499423298731,5,"Spring",57,0.969919947470283,0.605648440796132,NA,NA
"1140",1140,1632000,1974-05-02,49,1.02083333333333,1.08463541666667,5,"Spring",57,0.969919947470283,0.605648440796132,NA,NA
"1141",1141,1632000,1974-05-03,66,1.3469387755102,1.31945022907122,5,"Spring",57,0.969919947470283,0.605648440796132,NA,NA
"1142",1142,1632000,1974-05-04,58,0.878787878787879,0.652433425160698,5,"Spring",57,0.969919947470283,0.605648440796132,NA,NA
"1143",1143,1632000,1974-05-05,52,0.896551724137931,1.02021403091558,5,"Spring",57,0.969919947470283,0.605648440796132,NA,NA
"1144",1144,1632000,1974-05-06,54,1.03846153846154,1.15828402366864,5,"Spring",57,0.969919947470283,0.605648440796132,NA,NA
"1145",1145,1632000,1974-05-07,50,0.925925925925926,0.891632373113855,5,"Spring",57,0.969919947470283,0.605648440796132,NA,NA
"1146",1146,1632000,1974-05-08,47,0.94,1.0152,5,"Spring",57,0.969919947470283,0.605648440796132,NA,NA
"1147",1147,1632000,1974-07-01,106,0.768115942028985,1.00745641671918,7,"Summer",58,0.8924703069843,0.970676043322781,NA,NA
"1148",1148,1632000,1974-07-02,81,0.764150943396226,0.994838020647917,7,"Summer",58,0.8924703069843,0.970676043322781,NA,NA
"1149",1149,1632000,1974-07-03,65,0.802469135802469,1.05014479500076,7,"Summer",58,0.8924703069843,0.970676043322781,NA,NA
"1150",1150,1632000,1974-07-04,52,0.8,0.996923076923077,7,"Summer",58,0.8924703069843,0.970676043322781,NA,NA
"1151",1151,1632000,1974-07-05,47,0.903846153846154,1.12980769230769,7,"Summer",58,0.8924703069843,0.970676043322781,NA,NA
"1152",1152,1632000,1974-07-06,46,0.978723404255319,1.08284291534631,7,"Summer",58,0.8924703069843,0.970676043322781,NA,NA
"1153",1153,1632000,1974-07-07,39,0.847826086956522,0.866257088846881,7,"Summer",58,0.8924703069843,0.970676043322781,NA,NA
"1154",1154,1632000,1974-07-08,33,0.846153846153846,0.998027613412229,7,"Summer",58,0.8924703069843,0.970676043322781,NA,NA
"1155",1155,1632000,1974-07-09,29,0.878787878787879,1.03856749311295,7,"Summer",58,0.8924703069843,0.970676043322781,NA,NA
"1156",1156,1632000,1974-07-10,26,0.896551724137931,1.02021403091558,7,"Summer",58,0.8924703069843,0.970676043322781,NA,NA
"1157",1157,1632000,1974-07-11,23,0.884615384615385,0.986686390532544,7,"Summer",58,0.8924703069843,0.970676043322781,NA,NA
"1158",1158,1632000,1974-07-12,21,0.91304347826087,1.03213610586011,7,"Summer",58,0.8924703069843,0.970676043322781,NA,NA
"1159",1159,1632000,1974-07-13,19,0.904761904761905,0.99092970521542,7,"Summer",58,0.8924703069843,0.970676043322781,NA,NA
"1160",1160,1632000,1974-07-14,17,0.894736842105263,0.988919667590028,7,"Summer",58,0.8924703069843,0.970676043322781,NA,NA
"1161",1161,1632000,1974-07-15,15,0.882352941176471,0.986159169550173,7,"Summer",58,0.8924703069843,0.970676043322781,NA,NA
"1162",1162,1632000,1974-07-16,14,0.933333333333333,1.05777777777778,7,"Summer",58,0.8924703069843,0.970676043322781,NA,NA
"1163",1163,1632000,1974-07-17,13,0.928571428571429,0.994897959183674,7,"Summer",58,0.8924703069843,0.970676043322781,NA,NA
"1164",1164,1632000,1974-07-18,12,0.923076923076923,0.994082840236686,7,"Summer",58,0.8924703069843,0.970676043322781,NA,NA
"1165",1165,1632000,1974-07-19,11,0.916666666666667,0.993055555555555,7,"Summer",58,0.8924703069843,0.970676043322781,NA,NA
"1166",1166,1632000,1974-07-20,11,1,1.09090909090909,7,"Summer",58,0.8924703069843,0.970676043322781,NA,NA
"1167",1167,1632000,1974-07-21,9.6,0.872727272727273,0.872727272727273,7,"Summer",58,0.8924703069843,0.970676043322781,NA,NA
"1168",1168,1632000,1974-07-22,8.9,0.927083333333333,1.06228298611111,7,"Summer",58,0.8924703069843,0.970676043322781,NA,NA
"1169",1169,1632000,1974-07-23,8.4,0.943820224719101,1.0180532761015,7,"Summer",58,0.8924703069843,0.970676043322781,NA,NA
"1170",1170,1632000,1974-09-19,30,0.857142857142857,1.00408163265306,9,"Fall",59,0.943203281124138,0.943318086550833,NA,NA
"1171",1171,1632000,1974-09-20,26,0.866666666666667,1.01111111111111,9,"Fall",59,0.943203281124138,0.943318086550833,NA,NA
"1172",1172,1632000,1974-09-21,23,0.884615384615385,1.0207100591716,9,"Fall",59,0.943203281124138,0.943318086550833,NA,NA
"1173",1173,1632000,1974-09-22,21,0.91304347826087,1.03213610586011,9,"Fall",59,0.943203281124138,0.943318086550833,NA,NA
"1174",1174,1632000,1974-09-23,19,0.904761904761905,0.99092970521542,9,"Fall",59,0.943203281124138,0.943318086550833,NA,NA
"1175",1175,1632000,1974-09-24,17,0.894736842105263,0.988919667590028,9,"Fall",59,0.943203281124138,0.943318086550833,NA,NA
"1176",1176,1632000,1974-09-25,16,0.941176470588235,1.05190311418685,9,"Fall",59,0.943203281124138,0.943318086550833,NA,NA
"1177",1177,1632000,1974-09-26,15,0.9375,0.99609375,9,"Fall",59,0.943203281124138,0.943318086550833,NA,NA
"1178",1178,1632000,1974-09-27,14,0.933333333333333,0.995555555555556,9,"Fall",59,0.943203281124138,0.943318086550833,NA,NA
"1179",1179,1632000,1974-09-28,13,0.928571428571429,0.994897959183674,9,"Fall",59,0.943203281124138,0.943318086550833,NA,NA
"1180",1180,1632000,1974-09-29,12,0.923076923076923,0.994082840236686,9,"Fall",59,0.943203281124138,0.943318086550833,NA,NA
"1181",1181,1632000,1974-09-30,10,0.833333333333333,0.902777777777778,9,"Fall",59,0.943203281124138,0.943318086550833,NA,NA
"1182",1182,1632000,1974-10-01,9.5,0.95,1.14,10,"Fall",59,0.943203281124138,0.943318086550833,NA,NA
"1183",1183,1632000,1974-10-02,9,0.947368421052632,0.997229916897507,10,"Fall",59,0.943203281124138,0.943318086550833,NA,NA
"1184",1184,1632000,1974-10-03,8.5,0.944444444444444,0.996913580246914,10,"Fall",59,0.943203281124138,0.943318086550833,NA,NA
"1185",1185,1632000,1974-10-04,8.3,0.976470588235294,1.03391003460208,10,"Fall",59,0.943203281124138,0.943318086550833,NA,NA
"1186",1186,1632000,1974-10-05,8.1,0.975903614457831,0.999419364203803,10,"Fall",59,0.943203281124138,0.943318086550833,NA,NA
"1187",1187,1632000,1974-10-06,7.8,0.962962962962963,0.986739826245999,10,"Fall",59,0.943203281124138,0.943318086550833,NA,NA
"1188",1188,1632000,1974-10-07,7.7,0.987179487179487,1.02514792899408,10,"Fall",59,0.943203281124138,0.943318086550833,NA,NA
"1189",1189,1632000,1974-10-08,7.4,0.961038961038961,0.973519986506999,10,"Fall",59,0.943203281124138,0.943318086550833,NA,NA
"1190",1190,1632000,1974-10-09,7.2,0.972972972972973,1.01241782322863,10,"Fall",59,0.943203281124138,0.943318086550833,NA,NA
"1191",1191,1632000,1974-10-10,7.1,0.986111111111111,1.01350308641975,10,"Fall",59,0.943203281124138,0.943318086550833,NA,NA
"1192",1192,1632000,1974-10-11,6.8,0.957746478873239,0.971235865899623,10,"Fall",59,0.943203281124138,0.943318086550833,NA,NA
"1193",1193,1632000,1974-10-12,6.7,0.985294117647059,1.02876297577855,10,"Fall",59,0.943203281124138,0.943318086550833,NA,NA
"1194",1194,1632000,1974-10-13,6.5,0.970149253731343,0.984629093339274,10,"Fall",59,0.943203281124138,0.943318086550833,NA,NA
"1195",1195,1632000,1974-10-14,6.3,0.969230769230769,0.99905325443787,10,"Fall",59,0.943203281124138,0.943318086550833,NA,NA
"1196",1196,1632000,1974-10-15,6.1,0.968253968253968,0.99899218946838,10,"Fall",59,0.943203281124138,0.943318086550833,NA,NA
"1197",1197,1632000,1975-05-28,188,0.817391304347826,0.980869565217391,5,"Spring",60,0.926896804195022,0.64947309659131,NA,NA
"1198",1198,1632000,1975-05-29,150,0.797872340425532,0.976120416478044,5,"Spring",60,0.926896804195022,0.64947309659131,NA,NA
"1199",1199,1632000,1975-05-30,128,0.853333333333333,1.06951111111111,5,"Spring",60,0.926896804195022,0.64947309659131,NA,NA
"1200",1200,1632000,1975-05-31,108,0.84375,0.98876953125,5,"Spring",60,0.926896804195022,0.64947309659131,NA,NA
"1201",1201,1632000,1975-06-01,276,2.55555555555556,3.02880658436214,6,"Summer",60,0.926896804195022,0.64947309659131,NA,NA
"1202",1202,1632000,1975-06-02,386,1.39855072463768,0.547258979206049,6,"Summer",60,0.926896804195022,0.64947309659131,NA,NA
"1203",1203,1632000,1975-06-03,274,0.709844559585492,0.507557249859057,6,"Summer",60,0.926896804195022,0.64947309659131,NA,NA
"1204",1204,1632000,1975-06-04,199,0.726277372262774,1.02314987479354,6,"Summer",60,0.926896804195022,0.64947309659131,NA,NA
"1205",1205,1632000,1975-06-05,151,0.758793969849246,1.04477159667685,6,"Summer",60,0.926896804195022,0.64947309659131,NA,NA
"1206",1206,1632000,1975-06-06,122,0.80794701986755,1.06477786062015,6,"Summer",60,0.926896804195022,0.64947309659131,NA,NA
"1207",1207,1632000,1975-06-07,98,0.80327868852459,0.994221983337812,6,"Summer",60,0.926896804195022,0.64947309659131,NA,NA
"1208",1208,1632000,1975-06-08,79,0.806122448979592,1.00354019158684,6,"Summer",60,0.926896804195022,0.64947309659131,NA,NA
"1209",1209,1632000,1975-06-09,65,0.822784810126582,1.02066976446082,6,"Summer",60,0.926896804195022,0.64947309659131,NA,NA
"1210",1210,1632000,1975-06-10,53,0.815384615384615,0.991005917159763,6,"Summer",60,0.926896804195022,0.64947309659131,NA,NA
"1211",1211,1632000,1975-11-24,78,0.886363636363636,1.02737603305785,11,"Fall",61,0.969348965897226,0.87529914715803,NA,NA
"1212",1212,1632000,1975-11-25,72,0.923076923076923,1.0414201183432,11,"Fall",61,0.969348965897226,0.87529914715803,NA,NA
"1213",1213,1632000,1975-11-26,68,0.944444444444444,1.02314814814815,11,"Fall",61,0.969348965897226,0.87529914715803,NA,NA
"1214",1214,1632000,1975-11-27,64,0.941176470588235,0.996539792387543,11,"Fall",61,0.969348965897226,0.87529914715803,NA,NA
"1215",1215,1632000,1975-11-28,62,0.96875,1.029296875,11,"Fall",61,0.969348965897226,0.87529914715803,NA,NA
"1216",1216,1632000,1975-11-29,57,0.919354838709677,0.94901144640999,11,"Fall",61,0.969348965897226,0.87529914715803,NA,NA
"1217",1217,1632000,1975-11-30,52,0.912280701754386,0.992305324715297,11,"Fall",61,0.969348965897226,0.87529914715803,NA,NA
"1218",1218,1632000,1975-12-01,51,0.980769230769231,1.07507396449704,12,"Winter",61,0.969348965897226,0.87529914715803,NA,NA
"1219",1219,1632000,1975-12-02,49,0.96078431372549,0.979623221837755,12,"Winter",61,0.969348965897226,0.87529914715803,NA,NA
"1220",1220,1632000,1975-12-03,47,0.959183673469388,0.998334027488546,12,"Winter",61,0.969348965897226,0.87529914715803,NA,NA
"1221",1221,1632000,1975-12-04,44,0.936170212765957,0.976007243096424,12,"Winter",61,0.969348965897226,0.87529914715803,NA,NA
"1222",1222,1632000,1975-12-05,43,0.977272727272727,1.04390495867769,12,"Winter",61,0.969348965897226,0.87529914715803,NA,NA
"1223",1223,1632000,1975-12-06,42,0.976744186046512,0.999459167117361,12,"Winter",61,0.969348965897226,0.87529914715803,NA,NA
"1224",1224,1632000,1975-12-07,41,0.976190476190476,0.999433106575964,12,"Winter",61,0.969348965897226,0.87529914715803,NA,NA
"1225",1225,1632000,1975-12-08,39,0.951219512195122,0.97441998810232,12,"Winter",61,0.969348965897226,0.87529914715803,NA,NA
"1226",1226,1632000,1975-12-09,43,1.1025641025641,1.15910585141354,12,"Winter",61,0.969348965897226,0.87529914715803,NA,NA
"1227",1227,1632000,1975-12-10,45,1.04651162790698,0.949161709031909,12,"Winter",61,0.969348965897226,0.87529914715803,NA,NA
"1228",1228,1632000,1975-12-11,43,0.955555555555556,0.913086419753086,12,"Winter",61,0.969348965897226,0.87529914715803,NA,NA
"1229",1229,1632000,1975-12-12,41,0.953488372093023,0.997836668469443,12,"Winter",61,0.969348965897226,0.87529914715803,NA,NA
"1230",1230,1632000,1975-12-13,40,0.975609756097561,1.0232004759072,12,"Winter",61,0.969348965897226,0.87529914715803,NA,NA
"1231",1231,1632000,1975-12-14,38,0.95,0.97375,12,"Winter",61,0.969348965897226,0.87529914715803,NA,NA
"1232",1232,1632000,1975-12-15,37,0.973684210526316,1.02493074792244,12,"Winter",61,0.969348965897226,0.87529914715803,NA,NA
"1233",1233,1632000,1975-12-16,36,0.972972972972973,0.99926953981008,12,"Winter",61,0.969348965897226,0.87529914715803,NA,NA
"1234",1234,1632000,1976-04-05,191,0.86036036036036,0.999878256635013,4,"Spring",62,0.912349041877,0.989139955158464,NA,NA
"1235",1235,1632000,1976-04-06,166,0.869109947643979,1.0101696773663,4,"Spring",62,0.912349041877,0.989139955158464,NA,NA
"1236",1236,1632000,1976-04-07,146,0.879518072289157,1.01197561329656,4,"Spring",62,0.912349041877,0.989139955158464,NA,NA
"1237",1237,1632000,1976-04-08,128,0.876712328767123,0.996809908050291,4,"Spring",62,0.912349041877,0.989139955158464,NA,NA
"1238",1238,1632000,1976-04-09,116,0.90625,1.03369140625,4,"Spring",62,0.912349041877,0.989139955158464,NA,NA
"1239",1239,1632000,1976-04-10,105,0.905172413793103,0.998810939357907,4,"Spring",62,0.912349041877,0.989139955158464,NA,NA
"1240",1240,1632000,1976-04-11,96,0.914285714285714,1.01006802721088,4,"Spring",62,0.912349041877,0.989139955158464,NA,NA
"1241",1241,1632000,1976-04-12,89,0.927083333333333,1.01399739583333,4,"Spring",62,0.912349041877,0.989139955158464,NA,NA
"1242",1242,1632000,1976-04-13,80,0.898876404494382,0.969574548668097,4,"Spring",62,0.912349041877,0.989139955158464,NA,NA
"1243",1243,1632000,1976-04-14,73,0.9125,1.01515625,4,"Spring",62,0.912349041877,0.989139955158464,NA,NA
"1244",1244,1632000,1976-04-15,68,0.931506849315068,1.02082942390692,4,"Spring",62,0.912349041877,0.989139955158464,NA,NA
"1245",1245,1632000,1976-04-16,64,0.941176470588235,1.01038062283737,4,"Spring",62,0.912349041877,0.989139955158464,NA,NA
"1246",1246,1632000,1976-04-17,60,0.9375,0.99609375,4,"Spring",62,0.912349041877,0.989139955158464,NA,NA
"1247",1247,1632000,1976-04-18,55,0.916666666666667,0.977777777777778,4,"Spring",62,0.912349041877,0.989139955158464,NA,NA
"1248",1248,1632000,1976-04-19,51,0.927272727272727,1.01157024793388,4,"Spring",62,0.912349041877,0.989139955158464,NA,NA
"1249",1249,1632000,1976-08-03,7,0.972222222222222,0.985725308641975,8,"Summer",63,0.952879595865723,0.89972798264682,NA,NA
"1250",1250,1632000,1976-08-04,6.5,0.928571428571429,0.955102040816327,8,"Summer",63,0.952879595865723,0.89972798264682,NA,NA
"1251",1251,1632000,1976-08-05,5.9,0.907692307692308,0.977514792899408,8,"Summer",63,0.952879595865723,0.89972798264682,NA,NA
"1252",1252,1632000,1976-08-06,7.8,1.32203389830508,1.45647802355645,8,"Summer",63,0.952879595865723,0.89972798264682,NA,NA
"1253",1253,1632000,1976-08-07,9.2,1.17948717948718,0.892176199868508,8,"Summer",63,0.952879595865723,0.89972798264682,NA,NA
"1254",1254,1632000,1976-08-08,8.3,0.902173913043478,0.764886578449906,8,"Summer",63,0.952879595865723,0.89972798264682,NA,NA
"1255",1255,1632000,1976-08-09,7.3,0.879518072289157,0.974887501814487,8,"Summer",63,0.952879595865723,0.89972798264682,NA,NA
"1256",1256,1632000,1976-08-10,6.4,0.876712328767123,0.996809908050291,8,"Summer",63,0.952879595865723,0.89972798264682,NA,NA
"1257",1257,1632000,1976-08-11,6,0.9375,1.0693359375,8,"Summer",63,0.952879595865723,0.89972798264682,NA,NA
"1258",1258,1632000,1976-08-12,5.5,0.916666666666667,0.977777777777778,8,"Summer",63,0.952879595865723,0.89972798264682,NA,NA
"1259",1259,1632000,1976-08-13,5.2,0.945454545454545,1.03140495867769,8,"Summer",63,0.952879595865723,0.89972798264682,NA,NA
"1260",1260,1632000,1976-08-14,5,0.961538461538461,1.01701183431953,8,"Summer",63,0.952879595865723,0.89972798264682,NA,NA
"1261",1261,1632000,1976-08-15,4.6,0.92,0.9568,8,"Summer",63,0.952879595865723,0.89972798264682,NA,NA
"1262",1262,1632000,1976-08-16,4.4,0.956521739130435,1.03969754253308,8,"Summer",63,0.952879595865723,0.89972798264682,NA,NA
"1263",1263,1632000,1976-08-17,4.1,0.931818181818182,0.974173553719008,8,"Summer",63,0.952879595865723,0.89972798264682,NA,NA
"1264",1264,1632000,1976-08-18,3.9,0.951219512195122,1.02082093991672,8,"Summer",63,0.952879595865723,0.89972798264682,NA,NA
"1265",1265,1632000,1976-08-19,3.6,0.923076923076923,0.970414201183432,8,"Summer",63,0.952879595865723,0.89972798264682,NA,NA
"1266",1266,1632000,1976-08-20,3.4,0.944444444444444,1.02314814814815,8,"Summer",63,0.952879595865723,0.89972798264682,NA,NA
"1267",1267,1632000,1976-08-21,3.2,0.941176470588235,0.996539792387543,8,"Summer",63,0.952879595865723,0.89972798264682,NA,NA
"1268",1268,1632000,1976-08-22,3,0.9375,0.99609375,8,"Summer",63,0.952879595865723,0.89972798264682,NA,NA
"1269",1269,1632000,1976-08-23,2.8,0.933333333333333,0.995555555555555,8,"Summer",63,0.952879595865723,0.89972798264682,NA,NA
"1270",1270,1632000,1976-11-03,275,0.808823529411765,0.994377162629758,11,"Fall",64,0.934748047632261,0.902365341744245,NA,NA
"1271",1271,1632000,1976-11-04,226,0.821818181818182,1.01606611570248,11,"Fall",64,0.934748047632261,0.902365341744245,NA,NA
"1272",1272,1632000,1976-11-05,187,0.827433628318584,1.00683295481244,11,"Fall",64,0.934748047632261,0.902365341744245,NA,NA
"1273",1273,1632000,1976-11-06,157,0.839572192513369,1.01467013640653,11,"Fall",64,0.934748047632261,0.902365341744245,NA,NA
"1274",1274,1632000,1976-11-07,133,0.847133757961783,1.00900645056595,11,"Fall",64,0.934748047632261,0.902365341744245,NA,NA
"1275",1275,1632000,1976-11-08,118,0.887218045112782,1.04731754197524,11,"Fall",64,0.934748047632261,0.902365341744245,NA,NA
"1276",1276,1632000,1976-11-09,104,0.88135593220339,0.993392703246194,11,"Fall",64,0.934748047632261,0.902365341744245,NA,NA
"1277",1277,1632000,1976-11-10,95,0.913461538461538,1.0364275147929,11,"Fall",64,0.934748047632261,0.902365341744245,NA,NA
"1278",1278,1632000,1976-11-11,86,0.905263157894737,0.991024930747923,11,"Fall",64,0.934748047632261,0.902365341744245,NA,NA
"1279",1279,1632000,1976-11-12,83,0.965116279069767,1.06611681990265,11,"Fall",64,0.934748047632261,0.902365341744245,NA,NA
"1280",1280,1632000,1976-11-13,75,0.903614457831325,0.936275221367397,11,"Fall",64,0.934748047632261,0.902365341744245,NA,NA
"1281",1281,1632000,1976-11-14,67,0.893333333333333,0.988622222222222,11,"Fall",64,0.934748047632261,0.902365341744245,NA,NA
"1282",1282,1632000,1976-11-15,63,0.940298507462687,1.05257295611495,11,"Fall",64,0.934748047632261,0.902365341744245,NA,NA
"1283",1283,1632000,1976-11-16,61,0.968253968253968,1.02973041068279,11,"Fall",64,0.934748047632261,0.902365341744245,NA,NA
"1284",1284,1632000,1976-11-17,59,0.967213114754098,0.998925020155872,11,"Fall",64,0.934748047632261,0.902365341744245,NA,NA
"1285",1285,1632000,1976-11-18,58,0.983050847457627,1.01637460499856,11,"Fall",64,0.934748047632261,0.902365341744245,NA,NA
"1286",1286,1632000,1976-11-19,58,1,1.01724137931034,11,"Fall",64,0.934748047632261,0.902365341744245,NA,NA
"1287",1287,1632000,1976-11-20,57,0.982758620689655,0.982758620689655,11,"Fall",64,0.934748047632261,0.902365341744245,NA,NA
"1288",1288,1632000,1976-11-21,57,1,1.01754385964912,11,"Fall",64,0.934748047632261,0.902365341744245,NA,NA
"1289",1289,1632000,1976-11-22,55,0.964912280701754,0.964912280701754,11,"Fall",64,0.934748047632261,0.902365341744245,NA,NA
"1290",1290,1632000,1976-11-23,52,0.945454545454545,0.979834710743802,11,"Fall",64,0.934748047632261,0.902365341744245,NA,NA
"1291",1291,1632000,1976-11-24,49,0.942307692307692,0.996671597633136,11,"Fall",64,0.934748047632261,0.902365341744245,NA,NA
"1292",1292,1632000,1976-11-25,46,0.938775510204082,0.99625156184923,11,"Fall",64,0.934748047632261,0.902365341744245,NA,NA
"1293",1293,1632000,1976-11-26,44,0.956521739130435,1.01890359168242,11,"Fall",64,0.934748047632261,0.902365341744245,NA,NA
"1294",1294,1632000,1976-11-27,43,0.977272727272727,1.02169421487603,11,"Fall",64,0.934748047632261,0.902365341744245,NA,NA
"1295",1295,1632000,1976-11-28,42,0.976744186046512,0.999459167117361,11,"Fall",64,0.934748047632261,0.902365341744245,NA,NA
"1296",1296,1632000,1976-12-13,220,0.836501901140684,1.01461637438737,12,"Winter",65,0.905553678242789,0.989656661442837,NA,NA
"1297",1297,1632000,1976-12-14,182,0.827272727272727,0.98896694214876,12,"Winter",65,0.905553678242789,0.989656661442837,NA,NA
"1298",1298,1632000,1976-12-15,166,0.912087912087912,1.1025238497766,12,"Winter",65,0.905553678242789,0.989656661442837,NA,NA
"1299",1299,1632000,1976-12-16,157,0.94578313253012,1.03694295253302,12,"Winter",65,0.905553678242789,0.989656661442837,NA,NA
"1300",1300,1632000,1976-12-17,146,0.929936305732484,0.983244756379569,12,"Winter",65,0.905553678242789,0.989656661442837,NA,NA
"1301",1301,1632000,1976-12-18,129,0.883561643835616,0.950131356727341,12,"Winter",65,0.905553678242789,0.989656661442837,NA,NA
"1302",1302,1632000,1976-12-19,112,0.868217054263566,0.982633255213028,12,"Winter",65,0.905553678242789,0.989656661442837,NA,NA
"1303",1303,1632000,1976-12-20,104,0.928571428571429,1.06951530612245,12,"Winter",65,0.905553678242789,0.989656661442837,NA,NA
"1304",1304,1632000,1976-12-21,94,0.903846153846154,0.973372781065089,12,"Winter",65,0.905553678242789,0.989656661442837,NA,NA
"1305",1305,1632000,1976-12-22,80,0.851063829787234,0.941602535083748,12,"Winter",65,0.905553678242789,0.989656661442837,NA,NA
"1306",1306,1632000,1976-12-23,68,0.85,0.99875,12,"Winter",65,0.905553678242789,0.989656661442837,NA,NA
"1307",1307,1632000,1976-12-24,60,0.882352941176471,1.03806228373702,12,"Winter",65,0.905553678242789,0.989656661442837,NA,NA
"1308",1308,1632000,1976-12-25,54,0.9,1.02,12,"Winter",65,0.905553678242789,0.989656661442837,NA,NA
"1309",1309,1632000,1976-12-26,58,1.07407407407407,1.19341563786008,12,"Winter",65,0.905553678242789,0.989656661442837,NA,NA
"1310",1310,1632000,1976-12-27,52,0.896551724137931,0.834720570749108,12,"Winter",65,0.905553678242789,0.989656661442837,NA,NA
"1311",1311,1632000,1976-12-28,47,0.903846153846154,1.00813609467456,12,"Winter",65,0.905553678242789,0.989656661442837,NA,NA
"1312",1312,1632000,1976-12-29,40,0.851063829787234,0.941602535083748,12,"Winter",65,0.905553678242789,0.989656661442837,NA,NA
"1313",1313,1632000,1976-12-30,37,0.925,1.086875,12,"Winter",65,0.905553678242789,0.989656661442837,NA,NA
"1314",1314,1632000,1976-12-31,35,0.945945945945946,1.02264426588751,12,"Winter",65,0.905553678242789,0.989656661442837,NA,NA
"1315",1315,1632000,1977-01-01,24,0.685714285714286,0.724897959183674,1,"Winter",65,0.905553678242789,0.989656661442837,NA,NA
"1316",1316,1632000,1977-01-02,30,1.25,1.82291666666667,1,"Winter",65,0.905553678242789,0.989656661442837,NA,NA
"1317",1317,1632000,1977-01-03,27,0.9,0.72,1,"Winter",65,0.905553678242789,0.989656661442837,NA,NA
"1318",1318,1632000,1977-01-04,25,0.925925925925926,1.02880658436214,1,"Winter",65,0.905553678242789,0.989656661442837,NA,NA
"1319",1319,1632000,1977-04-12,198,0.846153846153846,1.02695595003287,4,"Spring",66,0.925706429235031,0.984344891865678,NA,NA
"1320",1320,1632000,1977-04-13,175,0.883838383838384,1.044536271809,4,"Spring",66,0.925706429235031,0.984344891865678,NA,NA
"1321",1321,1632000,1977-04-14,159,0.908571428571429,1.02798367346939,4,"Spring",66,0.925706429235031,0.984344891865678,NA,NA
"1322",1322,1632000,1977-04-15,144,0.905660377358491,0.996796012815949,4,"Spring",66,0.925706429235031,0.984344891865678,NA,NA
"1323",1323,1632000,1977-04-16,127,0.881944444444444,0.973813657407407,4,"Spring",66,0.925706429235031,0.984344891865678,NA,NA
"1324",1324,1632000,1977-04-17,114,0.897637795275591,1.01779403558807,4,"Spring",66,0.925706429235031,0.984344891865678,NA,NA
"1325",1325,1632000,1977-04-18,103,0.903508771929825,1.006540473992,4,"Spring",66,0.925706429235031,0.984344891865678,NA,NA
"1326",1326,1632000,1977-04-19,97,0.941747572815534,1.04232255632011,4,"Spring",66,0.925706429235031,0.984344891865678,NA,NA
"1327",1327,1632000,1977-04-20,92,0.948453608247423,1.00712084174726,4,"Spring",66,0.925706429235031,0.984344891865678,NA,NA
"1328",1328,1632000,1977-04-21,82,0.891304347826087,0.939744801512287,4,"Spring",66,0.925706429235031,0.984344891865678,NA,NA
"1329",1329,1632000,1977-04-22,74,0.902439024390244,1.01249256395003,4,"Spring",66,0.925706429235031,0.984344891865678,NA,NA
"1330",1330,1632000,1977-04-23,68,0.918918918918919,1.01826150474799,4,"Spring",66,0.925706429235031,0.984344891865678,NA,NA
"1331",1331,1632000,1977-04-24,67,0.985294117647059,1.07223183391003,4,"Spring",66,0.925706429235031,0.984344891865678,NA,NA
"1332",1332,1632000,1977-04-25,64,0.955223880597015,0.969480953441746,4,"Spring",66,0.925706429235031,0.984344891865678,NA,NA
"1333",1333,1632000,1977-04-26,61,0.953125,0.997802734375,4,"Spring",66,0.925706429235031,0.984344891865678,NA,NA
"1334",1334,1632000,1977-04-27,57,0.934426229508197,0.980381617844665,4,"Spring",66,0.925706429235031,0.984344891865678,NA,NA
"1335",1335,1632000,1977-04-28,52,0.912280701754386,0.976300400123115,4,"Spring",66,0.925706429235031,0.984344891865678,NA,NA
"1336",1336,1632000,1977-04-29,52,1,1.09615384615385,4,"Spring",66,0.925706429235031,0.984344891865678,NA,NA
"1337",1337,1632000,1977-04-30,48,0.923076923076923,0.923076923076923,4,"Spring",66,0.925706429235031,0.984344891865678,NA,NA
"1338",1338,1632000,1977-05-01,43,0.895833333333333,0.970486111111111,5,"Spring",66,0.925706429235031,0.984344891865678,NA,NA
"1339",1339,1632000,1977-05-02,39,0.906976744186046,1.0124391563007,5,"Spring",66,0.925706429235031,0.984344891865678,NA,NA
"1340",1340,1632000,1978-09-28,8.9,0.908163265306122,1.01936693044565,9,"Fall",67,0.964278019358335,0.923819835813159,NA,NA
"1341",1341,1632000,1978-09-29,8.1,0.910112359550562,1.00214619366242,9,"Fall",67,0.964278019358335,0.923819835813159,NA,NA
"1342",1342,1632000,1978-09-30,7.3,0.901234567901235,0.990245389422344,9,"Fall",67,0.964278019358335,0.923819835813159,NA,NA
"1343",1343,1632000,1978-10-01,6.8,0.931506849315068,1.03358979170576,10,"Fall",67,0.964278019358335,0.923819835813159,NA,NA
"1344",1344,1632000,1978-10-02,6.4,0.941176470588235,1.01038062283737,10,"Fall",67,0.964278019358335,0.923819835813159,NA,NA
"1345",1345,1632000,1978-10-03,6,0.9375,0.99609375,10,"Fall",67,0.964278019358335,0.923819835813159,NA,NA
"1346",1346,1632000,1978-10-04,7,1.16666666666667,1.24444444444444,10,"Fall",67,0.964278019358335,0.923819835813159,NA,NA
"1347",1347,1632000,1978-10-05,6.6,0.942857142857143,0.808163265306122,10,"Fall",67,0.964278019358335,0.923819835813159,NA,NA
"1348",1348,1632000,1978-10-06,6.2,0.939393939393939,0.996326905417815,10,"Fall",67,0.964278019358335,0.923819835813159,NA,NA
"1349",1349,1632000,1978-10-07,5.9,0.951612903225806,1.01300728407908,10,"Fall",67,0.964278019358335,0.923819835813159,NA,NA
"1350",1350,1632000,1978-10-08,5.6,0.949152542372881,0.997414536052858,10,"Fall",67,0.964278019358335,0.923819835813159,NA,NA
"1351",1351,1632000,1978-10-09,5.4,0.964285714285714,1.01594387755102,10,"Fall",67,0.964278019358335,0.923819835813159,NA,NA
"1352",1352,1632000,1978-10-10,5.2,0.962962962962963,0.998628257887517,10,"Fall",67,0.964278019358335,0.923819835813159,NA,NA
"1353",1353,1632000,1978-10-11,5,0.961538461538461,0.998520710059172,10,"Fall",67,0.964278019358335,0.923819835813159,NA,NA
"1354",1354,1632000,1978-10-12,4.9,0.98,1.0192,10,"Fall",67,0.964278019358335,0.923819835813159,NA,NA
"1355",1355,1632000,1978-10-13,4.8,0.979591836734694,0.999583506872136,10,"Fall",67,0.964278019358335,0.923819835813159,NA,NA
"1356",1356,1632000,1979-06-21,55,0.833333333333333,1.02272727272727,6,"Summer",68,0.939459899286696,0.96101722060611,NA,NA
"1357",1357,1632000,1979-06-22,62,1.12727272727273,1.35272727272727,6,"Summer",68,0.939459899286696,0.96101722060611,NA,NA
"1358",1358,1632000,1979-06-23,54,0.870967741935484,0.772632674297607,6,"Summer",68,0.939459899286696,0.96101722060611,NA,NA
"1359",1359,1632000,1979-06-24,47,0.87037037037037,0.999314128943759,6,"Summer",68,0.939459899286696,0.96101722060611,NA,NA
"1360",1360,1632000,1979-06-25,43,0.914893617021277,1.05115436849253,6,"Summer",68,0.939459899286696,0.96101722060611,NA,NA
"1361",1361,1632000,1979-06-26,37,0.86046511627907,0.940508382909681,6,"Summer",68,0.939459899286696,0.96101722060611,NA,NA
"1362",1362,1632000,1979-06-27,32,0.864864864864865,1.00511322132944,6,"Summer",68,0.939459899286696,0.96101722060611,NA,NA
"1363",1363,1632000,1979-06-28,30,0.9375,1.083984375,6,"Summer",68,0.939459899286696,0.96101722060611,NA,NA
"1364",1364,1632000,1979-06-29,27,0.9,0.96,6,"Summer",68,0.939459899286696,0.96101722060611,NA,NA
"1365",1365,1632000,1979-06-30,25,0.925925925925926,1.02880658436214,6,"Summer",68,0.939459899286696,0.96101722060611,NA,NA
"1366",1366,1632000,1979-07-01,25,1,1.08,7,"Summer",68,0.939459899286696,0.96101722060611,NA,NA
"1367",1367,1632000,1979-07-02,23,0.92,0.92,7,"Summer",68,0.939459899286696,0.96101722060611,NA,NA
"1368",1368,1632000,1979-07-03,22,0.956521739130435,1.03969754253308,7,"Summer",68,0.939459899286696,0.96101722060611,NA,NA
"1369",1369,1632000,1979-07-04,21,0.954545454545455,0.997933884297521,7,"Summer",68,0.939459899286696,0.96101722060611,NA,NA
"1370",1370,1632000,1979-07-05,22,1.04761904761905,1.09750566893424,7,"Summer",68,0.939459899286696,0.96101722060611,NA,NA
"1371",1371,1632000,1979-07-06,20,0.909090909090909,0.867768595041322,7,"Summer",68,0.939459899286696,0.96101722060611,NA,NA
"1372",1372,1632000,1979-07-07,18,0.9,0.99,7,"Summer",68,0.939459899286696,0.96101722060611,NA,NA
"1373",1373,1632000,1979-07-08,16,0.888888888888889,0.987654320987654,7,"Summer",68,0.939459899286696,0.96101722060611,NA,NA
"1374",1374,1632000,1979-07-09,15,0.9375,1.0546875,7,"Summer",68,0.939459899286696,0.96101722060611,NA,NA
"1375",1375,1632000,1979-07-10,17,1.13333333333333,1.20888888888889,7,"Summer",68,0.939459899286696,0.96101722060611,NA,NA
"1376",1376,1632000,1979-07-11,16,0.941176470588235,0.830449826989619,7,"Summer",68,0.939459899286696,0.96101722060611,NA,NA
"1377",1377,1632000,1979-07-12,15,0.9375,0.99609375,7,"Summer",68,0.939459899286696,0.96101722060611,NA,NA
"1378",1378,1632000,1979-07-13,14,0.933333333333333,0.995555555555556,7,"Summer",68,0.939459899286696,0.96101722060611,NA,NA
"1379",1379,1632000,1981-03-01,110,0.808823529411765,1.02292387543253,3,"Spring",69,0.910834804311929,0.974185128303854,NA,NA
"1380",1380,1632000,1981-03-02,93,0.845454545454545,1.04528925619835,3,"Spring",69,0.910834804311929,0.974185128303854,NA,NA
"1381",1381,1632000,1981-03-03,80,0.860215053763441,1.0174586657417,3,"Spring",69,0.910834804311929,0.974185128303854,NA,NA
"1382",1382,1632000,1981-03-04,68,0.85,0.988125,3,"Spring",69,0.910834804311929,0.974185128303854,NA,NA
"1383",1383,1632000,1981-03-05,70,1.02941176470588,1.21107266435986,3,"Spring",69,0.910834804311929,0.974185128303854,NA,NA
"1384",1384,1632000,1981-03-06,61,0.871428571428571,0.846530612244898,3,"Spring",69,0.910834804311929,0.974185128303854,NA,NA
"1385",1385,1632000,1981-03-07,53,0.868852459016393,0.997043805428648,3,"Spring",69,0.910834804311929,0.974185128303854,NA,NA
"1386",1386,1632000,1981-03-08,47,0.886792452830189,1.02064791740833,3,"Spring",69,0.910834804311929,0.974185128303854,NA,NA
"1387",1387,1632000,1981-03-09,42,0.893617021276596,1.0076957899502,3,"Spring",69,0.910834804311929,0.974185128303854,NA,NA
"1388",1388,1632000,1981-03-10,38,0.904761904761905,1.0124716553288,3,"Spring",69,0.910834804311929,0.974185128303854,NA,NA
"1389",1389,1632000,1981-03-11,36,0.947368421052632,1.04709141274238,3,"Spring",69,0.910834804311929,0.974185128303854,NA,NA
"1390",1390,1632000,1981-03-12,34,0.944444444444444,0.996913580246914,3,"Spring",69,0.910834804311929,0.974185128303854,NA,NA
"1391",1391,1632000,1981-03-13,32,0.941176470588235,0.996539792387543,3,"Spring",69,0.910834804311929,0.974185128303854,NA,NA
"1392",1392,1632000,1981-03-14,30,0.9375,0.99609375,3,"Spring",69,0.910834804311929,0.974185128303854,NA,NA
"1393",1393,1632000,1981-03-15,28,0.933333333333333,0.995555555555556,3,"Spring",69,0.910834804311929,0.974185128303854,NA,NA
"1394",1394,1632000,1981-09-22,19,0.826086956521739,1.00567107750473,9,"Fall",70,0.931765389216329,0.975868044419912,NA,NA
"1395",1395,1632000,1981-09-23,16,0.842105263157895,1.01939058171745,9,"Fall",70,0.931765389216329,0.975868044419912,NA,NA
"1396",1396,1632000,1981-09-24,14,0.875,1.0390625,9,"Fall",70,0.931765389216329,0.975868044419912,NA,NA
"1397",1397,1632000,1981-09-25,13,0.928571428571429,1.06122448979592,9,"Fall",70,0.931765389216329,0.975868044419912,NA,NA
"1398",1398,1632000,1981-09-26,12,0.923076923076923,0.994082840236686,9,"Fall",70,0.931765389216329,0.975868044419912,NA,NA
"1399",1399,1632000,1981-09-27,11,0.916666666666667,0.993055555555555,9,"Fall",70,0.931765389216329,0.975868044419912,NA,NA
"1400",1400,1632000,1981-09-28,9.6,0.872727272727273,0.952066115702479,9,"Fall",70,0.931765389216329,0.975868044419912,NA,NA
"1401",1401,1632000,1981-09-29,8.7,0.90625,1.03841145833333,9,"Fall",70,0.931765389216329,0.975868044419912,NA,NA
"1402",1402,1632000,1981-09-30,8.3,0.954022988505747,1.05271502179945,9,"Fall",70,0.931765389216329,0.975868044419912,NA,NA
"1403",1403,1632000,1981-10-01,7.9,0.951807228915663,0.997677456815212,10,"Fall",70,0.931765389216329,0.975868044419912,NA,NA
"1404",1404,1632000,1981-10-02,8,1.0126582278481,1.06393206216952,10,"Fall",70,0.931765389216329,0.975868044419912,NA,NA
"1405",1405,1632000,1981-10-03,7.4,0.925,0.9134375,10,"Fall",70,0.931765389216329,0.975868044419912,NA,NA
"1406",1406,1632000,1981-10-04,7,0.945945945945946,1.02264426588751,10,"Fall",70,0.931765389216329,0.975868044419912,NA,NA
"1407",1407,1632000,1981-10-05,6.7,0.957142857142857,1.01183673469388,10,"Fall",70,0.931765389216329,0.975868044419912,NA,NA
"1408",1408,1632000,1981-10-06,6.4,0.955223880597015,0.99799509913121,10,"Fall",70,0.931765389216329,0.975868044419912,NA,NA
"1409",1409,1632000,1981-10-07,5.8,0.90625,0.94873046875,10,"Fall",70,0.931765389216329,0.975868044419912,NA,NA
"1410",1410,1632000,1981-10-08,5.4,0.931034482758621,1.02734839476813,10,"Fall",70,0.931765389216329,0.975868044419912,NA,NA
"1411",1411,1632000,1981-10-09,5.2,0.962962962962963,1.03429355281207,10,"Fall",70,0.931765389216329,0.975868044419912,NA,NA
"1412",1412,1632000,1981-10-10,5.1,0.980769230769231,1.01849112426035,10,"Fall",70,0.931765389216329,0.975868044419912,NA,NA
"1413",1413,1632000,1981-11-08,28,0.933333333333333,0.995555555555556,11,"Fall",71,0.949704938173652,0.977761874472385,NA,NA
"1414",1414,1632000,1981-11-09,26,0.928571428571429,0.994897959183674,11,"Fall",71,0.949704938173652,0.977761874472385,NA,NA
"1415",1415,1632000,1981-11-10,25,0.961538461538462,1.03550295857988,11,"Fall",71,0.949704938173652,0.977761874472385,NA,NA
"1416",1416,1632000,1981-11-11,23,0.92,0.9568,11,"Fall",71,0.949704938173652,0.977761874472385,NA,NA
"1417",1417,1632000,1981-11-12,21,0.91304347826087,0.992438563327032,11,"Fall",71,0.949704938173652,0.977761874472385,NA,NA
"1418",1418,1632000,1981-11-13,20,0.952380952380952,1.04308390022676,11,"Fall",71,0.949704938173652,0.977761874472385,NA,NA
"1419",1419,1632000,1981-11-14,19,0.95,0.9975,11,"Fall",71,0.949704938173652,0.977761874472385,NA,NA
"1420",1420,1632000,1981-11-15,18,0.947368421052632,0.997229916897507,11,"Fall",71,0.949704938173652,0.977761874472385,NA,NA
"1421",1421,1632000,1981-11-16,17,0.944444444444444,0.996913580246914,11,"Fall",71,0.949704938173652,0.977761874472385,NA,NA
"1422",1422,1632000,1981-11-17,17,1,1.05882352941176,11,"Fall",71,0.949704938173652,0.977761874472385,NA,NA
"1423",1423,1632000,1981-11-18,16,0.941176470588235,0.941176470588235,11,"Fall",71,0.949704938173652,0.977761874472385,NA,NA
"1424",1424,1632000,1981-11-19,15,0.9375,0.99609375,11,"Fall",71,0.949704938173652,0.977761874472385,NA,NA
"1425",1425,1632000,1981-11-20,15,1,1.06666666666667,11,"Fall",71,0.949704938173652,0.977761874472385,NA,NA
"1426",1426,1632000,1981-11-21,15,1,1,11,"Fall",71,0.949704938173652,0.977761874472385,NA,NA
"1427",1427,1632000,1981-11-22,14,0.933333333333333,0.933333333333333,11,"Fall",71,0.949704938173652,0.977761874472385,NA,NA
"1428",1428,1632000,1981-11-23,13,0.928571428571429,0.994897959183674,11,"Fall",71,0.949704938173652,0.977761874472385,NA,NA
"1429",1429,1632000,1982-05-03,185,0.844748858447489,1.0221846917287,5,"Spring",72,0.890910869328628,0.996154509932442,NA,NA
"1430",1430,1632000,1982-05-04,158,0.854054054054054,1.01101533966399,5,"Spring",72,0.890910869328628,0.996154509932442,NA,NA
"1431",1431,1632000,1982-05-05,136,0.860759493670886,1.00785130588047,5,"Spring",72,0.890910869328628,0.996154509932442,NA,NA
"1432",1432,1632000,1982-05-06,118,0.867647058823529,1.00800173010381,5,"Spring",72,0.890910869328628,0.996154509932442,NA,NA
"1433",1433,1632000,1982-05-07,106,0.898305084745763,1.03533467394427,5,"Spring",72,0.890910869328628,0.996154509932442,NA,NA
"1434",1434,1632000,1982-05-08,98,0.924528301886792,1.02919188323247,5,"Spring",72,0.890910869328628,0.996154509932442,NA,NA
"1435",1435,1632000,1982-05-09,88,0.897959183673469,0.971261974177426,5,"Spring",72,0.890910869328628,0.996154509932442,NA,NA
"1436",1436,1632000,1982-05-10,76,0.863636363636364,0.961776859504132,5,"Spring",72,0.890910869328628,0.996154509932442,NA,NA
"1437",1437,1632000,1982-05-11,66,0.868421052631579,1.00554016620499,5,"Spring",72,0.890910869328628,0.996154509932442,NA,NA
"1438",1438,1632000,1982-05-12,60,0.909090909090909,1.04683195592286,5,"Spring",72,0.890910869328628,0.996154509932442,NA,NA
"1439",1439,1632000,1982-05-13,54,0.9,0.99,5,"Spring",72,0.890910869328628,0.996154509932442,NA,NA
"1440",1440,1632000,1982-05-14,48,0.888888888888889,0.987654320987654,5,"Spring",72,0.890910869328628,0.996154509932442,NA,NA
"1441",1441,1632000,1982-05-15,42,0.875,0.984375,5,"Spring",72,0.890910869328628,0.996154509932442,NA,NA
"1442",1442,1632000,1982-05-16,38,0.904761904761905,1.03401360544218,5,"Spring",72,0.890910869328628,0.996154509932442,NA,NA
"1443",1443,1632000,1982-05-17,35,0.921052631578947,1.0180055401662,5,"Spring",72,0.890910869328628,0.996154509932442,NA,NA
"1444",1444,1632000,1982-05-18,33,0.942857142857143,1.02367346938776,5,"Spring",72,0.890910869328628,0.996154509932442,NA,NA
"1445",1445,1632000,1982-08-13,94,0.734375,1.021240234375,8,"Summer",73,0.886668315869113,0.954018412609366,NA,NA
"1446",1446,1632000,1982-08-14,72,0.765957446808511,1.04300588501584,8,"Summer",73,0.886668315869113,0.954018412609366,NA,NA
"1447",1447,1632000,1982-08-15,58,0.805555555555556,1.0516975308642,8,"Summer",73,0.886668315869113,0.954018412609366,NA,NA
"1448",1448,1632000,1982-08-16,46,0.793103448275862,0.984542211652794,8,"Summer",73,0.886668315869113,0.954018412609366,NA,NA
"1449",1449,1632000,1982-08-17,38,0.826086956521739,1.04158790170132,8,"Summer",73,0.886668315869113,0.954018412609366,NA,NA
"1450",1450,1632000,1982-08-18,33,0.868421052631579,1.05124653739612,8,"Summer",73,0.886668315869113,0.954018412609366,NA,NA
"1451",1451,1632000,1982-08-19,28,0.848484848484849,0.977043158861341,8,"Summer",73,0.886668315869113,0.954018412609366,NA,NA
"1452",1452,1632000,1982-08-20,24,0.857142857142857,1.01020408163265,8,"Summer",73,0.886668315869113,0.954018412609366,NA,NA
"1453",1453,1632000,1982-08-21,24,1,1.16666666666667,8,"Summer",73,0.886668315869113,0.954018412609366,NA,NA
"1454",1454,1632000,1982-08-22,21,0.875,0.875,8,"Summer",73,0.886668315869113,0.954018412609366,NA,NA
"1455",1455,1632000,1982-08-23,19,0.904761904761905,1.03401360544218,8,"Summer",73,0.886668315869113,0.954018412609366,NA,NA
"1456",1456,1632000,1982-08-24,17,0.894736842105263,0.988919667590028,8,"Summer",73,0.886668315869113,0.954018412609366,NA,NA
"1457",1457,1632000,1982-08-25,15,0.882352941176471,0.986159169550173,8,"Summer",73,0.886668315869113,0.954018412609366,NA,NA
"1458",1458,1632000,1982-08-26,14,0.933333333333333,1.05777777777778,8,"Summer",73,0.886668315869113,0.954018412609366,NA,NA
"1459",1459,1632000,1982-08-27,13,0.928571428571429,0.994897959183674,8,"Summer",73,0.886668315869113,0.954018412609366,NA,NA
"1460",1460,1632000,1982-08-28,12,0.923076923076923,0.994082840236686,8,"Summer",73,0.886668315869113,0.954018412609366,NA,NA
"1461",1461,1632000,1982-08-29,11,0.916666666666667,0.993055555555555,8,"Summer",73,0.886668315869113,0.954018412609366,NA,NA
"1462",1462,1632000,1982-08-30,10,0.909090909090909,0.991735537190083,8,"Summer",73,0.886668315869113,0.954018412609366,NA,NA
"1463",1463,1632000,1982-12-22,135,0.798816568047337,0.997339028745492,12,"Winter",74,0.931180989806912,0.966941467502045,NA,NA
"1464",1464,1632000,1982-12-23,112,0.82962962962963,1.03857338820302,12,"Winter",74,0.931180989806912,0.966941467502045,NA,NA
"1465",1465,1632000,1982-12-24,98,0.875,1.0546875,12,"Winter",74,0.931180989806912,0.966941467502045,NA,NA
"1466",1466,1632000,1982-12-25,87,0.887755102040816,1.01457725947522,12,"Winter",74,0.931180989806912,0.966941467502045,NA,NA
"1467",1467,1632000,1982-12-26,79,0.908045977011494,1.02285638789801,12,"Winter",74,0.931180989806912,0.966941467502045,NA,NA
"1468",1468,1632000,1982-12-27,73,0.924050632911392,1.01762538054799,12,"Winter",74,0.931180989806912,0.966941467502045,NA,NA
"1469",1469,1632000,1982-12-28,68,0.931506849315068,1.00806905610809,12,"Winter",74,0.931180989806912,0.966941467502045,NA,NA
"1470",1470,1632000,1982-12-29,65,0.955882352941177,1.0261678200692,12,"Winter",74,0.931180989806912,0.966941467502045,NA,NA
"1471",1471,1632000,1982-12-30,61,0.938461538461538,0.981775147928994,12,"Winter",74,0.931180989806912,0.966941467502045,NA,NA
"1472",1472,1632000,1982-12-31,56,0.918032786885246,0.97823165815641,12,"Winter",74,0.931180989806912,0.966941467502045,NA,NA
"1473",1473,1632000,1983-01-01,52,0.928571428571429,1.01147959183673,1,"Winter",74,0.931180989806912,0.966941467502045,NA,NA
"1474",1474,1632000,1983-01-02,48,0.923076923076923,0.994082840236686,1,"Winter",74,0.931180989806912,0.966941467502045,NA,NA
"1475",1475,1632000,1983-01-03,45,0.9375,1.015625,1,"Winter",74,0.931180989806912,0.966941467502045,NA,NA
"1476",1476,1632000,1983-01-04,42,0.933333333333333,0.995555555555556,1,"Winter",74,0.931180989806912,0.966941467502045,NA,NA
"1477",1477,1632000,1983-01-05,39,0.928571428571429,0.994897959183674,1,"Winter",74,0.931180989806912,0.966941467502045,NA,NA
"1478",1478,1632000,1983-01-06,37,0.948717948717949,1.02169625246548,1,"Winter",74,0.931180989806912,0.966941467502045,NA,NA
"1479",1479,1632000,1983-01-07,36,0.972972972972973,1.02556610664719,1,"Winter",74,0.931180989806912,0.966941467502045,NA,NA
"1480",1480,1632000,1983-01-08,35,0.972222222222222,0.999228395061728,1,"Winter",74,0.931180989806912,0.966941467502045,NA,NA
"1481",1481,1632000,1983-01-09,34,0.971428571428571,0.999183673469388,1,"Winter",74,0.931180989806912,0.966941467502045,NA,NA
"1482",1482,1632000,1983-05-25,341,0.741304347826087,1.01365311909263,5,"Spring",75,0.889675006927821,0.977435112654204,NA,NA
"1483",1483,1632000,1983-05-26,266,0.780058651026393,1.05227853217637,5,"Spring",75,0.889675006927821,0.977435112654204,NA,NA
"1484",1484,1632000,1983-05-27,211,0.793233082706767,1.01688902707898,5,"Spring",75,0.889675006927821,0.977435112654204,NA,NA
"1485",1485,1632000,1983-05-28,173,0.819905213270142,1.03362458165809,5,"Spring",75,0.889675006927821,0.977435112654204,NA,NA
"1486",1486,1632000,1983-05-29,157,0.907514450867052,1.10685288516155,5,"Spring",75,0.889675006927821,0.977435112654204,NA,NA
"1487",1487,1632000,1983-05-30,136,0.866242038216561,0.954521481601688,5,"Spring",75,0.889675006927821,0.977435112654204,NA,NA
"1488",1488,1632000,1983-05-31,115,0.845588235294118,0.976157006920415,5,"Spring",75,0.889675006927821,0.977435112654204,NA,NA
"1489",1489,1632000,1983-06-01,101,0.878260869565217,1.03863894139887,6,"Summer",75,0.889675006927821,0.977435112654204,NA,NA
"1490",1490,1632000,1983-06-02,88,0.871287128712871,0.992059601999804,6,"Summer",75,0.889675006927821,0.977435112654204,NA,NA
"1491",1491,1632000,1983-06-03,75,0.852272727272727,0.978176652892562,6,"Summer",75,0.889675006927821,0.977435112654204,NA,NA
"1492",1492,1632000,1983-06-04,76,1.01333333333333,1.18897777777778,6,"Summer",75,0.889675006927821,0.977435112654204,NA,NA
"1493",1493,1632000,1983-06-05,66,0.868421052631579,0.856994459833795,6,"Summer",75,0.889675006927821,0.977435112654204,NA,NA
"1494",1494,1632000,1983-06-06,57,0.863636363636364,0.994490358126722,6,"Summer",75,0.889675006927821,0.977435112654204,NA,NA
"1495",1495,1632000,1983-06-07,57,1,1.15789473684211,6,"Summer",75,0.889675006927821,0.977435112654204,NA,NA
"1496",1496,1632000,1983-06-08,50,0.87719298245614,0.87719298245614,6,"Summer",75,0.889675006927821,0.977435112654204,NA,NA
"1497",1497,1632000,1983-06-09,43,0.86,0.9804,6,"Summer",75,0.889675006927821,0.977435112654204,NA,NA
"1498",1498,1632000,1983-06-10,39,0.906976744186046,1.05462412114657,6,"Summer",75,0.889675006927821,0.977435112654204,NA,NA
"1499",1499,1632000,1983-06-11,35,0.897435897435897,0.98948060486522,6,"Summer",75,0.889675006927821,0.977435112654204,NA,NA
"1500",1500,1632000,1983-06-12,32,0.914285714285714,1.01877551020408,6,"Summer",75,0.889675006927821,0.977435112654204,NA,NA
"1501",1501,1632000,1983-06-13,29,0.90625,0.9912109375,6,"Summer",75,0.889675006927821,0.977435112654204,NA,NA
"1502",1502,1632000,1983-06-14,27,0.931034482758621,1.02734839476813,6,"Summer",75,0.889675006927821,0.977435112654204,NA,NA
"1503",1503,1632000,1983-06-15,25,0.925925925925926,0.994513031550069,6,"Summer",75,0.889675006927821,0.977435112654204,NA,NA
"1504",1504,1632000,1983-11-19,106,0.898305084745763,0.997270899166906,11,"Fall",76,1.03960253442948,0.182043666348911,NA,NA
"1505",1505,1632000,1983-11-20,100,0.943396226415094,1.0501957992168,11,"Fall",76,1.03960253442948,0.182043666348911,NA,NA
"1506",1506,1632000,1983-11-21,119,1.19,1.2614,11,"Fall",76,1.03960253442948,0.182043666348911,NA,NA
"1507",1507,1632000,1983-11-22,108,0.907563025210084,0.762658004378222,11,"Fall",76,1.03960253442948,0.182043666348911,NA,NA
"1508",1508,1632000,1983-11-23,97,0.898148148148148,0.989626200274348,11,"Fall",76,1.03960253442948,0.182043666348911,NA,NA
"1509",1509,1632000,1983-11-24,105,1.08247422680412,1.20522903602933,11,"Fall",76,1.03960253442948,0.182043666348911,NA,NA
"1510",1510,1632000,1983-11-25,977,9.30476190476191,8.59582766439909,11,"Fall",76,1.03960253442948,0.182043666348911,NA,NA
"1511",1511,1632000,1983-11-26,623,0.637666325486182,0.0685311813470308,11,"Fall",76,1.03960253442948,0.182043666348911,NA,NA
"1512",1512,1632000,1983-11-27,391,0.62760834670947,0.984226893635879,11,"Fall",76,1.03960253442948,0.182043666348911,NA,NA
"1513",1513,1632000,1983-11-28,302,0.772378516624041,1.23066960577181,11,"Fall",76,1.03960253442948,0.182043666348911,NA,NA
"1514",1514,1632000,1983-11-29,258,0.854304635761589,1.10606990921451,11,"Fall",76,1.03960253442948,0.182043666348911,NA,NA
"1515",1515,1632000,1983-11-30,219,0.848837209302326,0.993600144222102,11,"Fall",76,1.03960253442948,0.182043666348911,NA,NA
"1516",1516,1632000,1983-12-01,191,0.872146118721461,1.02745981109652,12,"Winter",76,1.03960253442948,0.182043666348911,NA,NA
"1517",1517,1632000,1983-12-02,167,0.87434554973822,1.00252186069461,12,"Winter",76,1.03960253442948,0.182043666348911,NA,NA
"1518",1518,1632000,1983-12-03,146,0.874251497005988,0.999892430707447,12,"Winter",76,1.03960253442948,0.182043666348911,NA,NA
"1519",1519,1632000,1984-09-09,9.3,0.93,1.023,9,"Fall",77,0.932040443913431,0.989465365378949,0,0.00958386316233374
"1520",1520,1632000,1984-09-10,8.5,0.913978494623656,0.982772574864146,9,"Fall",77,0.932040443913431,0.989465365378949,0,0.0103503770696989
"1521",1521,1632000,1984-09-11,7.6,0.894117647058823,0.978269896193772,9,"Fall",77,0.932040443913431,0.989465365378949,0,0.0119557367370362
"1522",1522,1632000,1984-09-12,7,0.921052631578947,1.03012465373961,9,"Fall",77,0.932040443913431,0.989465365378949,0,0.0116813898348482
"1523",1523,1632000,1984-09-13,6.7,0.957142857142857,1.03918367346939,9,"Fall",77,0.932040443913431,0.989465365378949,0,0.0112862489768304
"1524",1524,1632000,1984-09-14,6.2,0.925373134328358,0.966807752283359,9,"Fall",77,0.932040443913431,0.989465365378949,0,0.00357925140997395
"1525",1525,1632000,1984-09-15,5.6,0.903225806451613,0.976066597294485,9,"Fall",77,0.932040443913431,0.989465365378949,0,0
"1526",1526,1632000,1984-09-16,5.2,0.928571428571429,1.0280612244898,9,"Fall",77,0.932040443913431,0.989465365378949,0,0.00463634408879443
"1527",1527,1632000,1984-09-17,4.9,0.942307692307692,1.01479289940828,9,"Fall",77,0.932040443913431,0.989465365378949,0,0.00598493703000713
"1528",1528,1632000,1984-09-18,4.6,0.938775510204081,0.996251561849229,9,"Fall",77,0.932040443913431,0.989465365378949,0,0
"1529",1529,1632000,1984-09-19,4.4,0.956521739130435,1.01890359168242,9,"Fall",77,0.932040443913431,0.989465365378949,0,0
"1530",1530,1632000,1984-09-20,4.2,0.954545454545454,0.99793388429752,9,"Fall",77,0.932040443913431,0.989465365378949,0,0
"1531",1531,1632000,1984-09-21,3.9,0.928571428571428,0.972789115646258,9,"Fall",77,0.932040443913431,0.989465365378949,0,0
"1532",1532,1632000,1984-09-22,3.7,0.948717948717949,1.02169625246548,9,"Fall",77,0.932040443913431,0.989465365378949,0,0
"1533",1533,1632000,1985-03-27,316,0.818652849740933,1.00953045719348,3,"Spring",78,0.93212040948313,0.992392756821825,0.00128312808010378,0
"1534",1534,1632000,1985-03-28,267,0.844936708860759,1.03210623297548,3,"Spring",78,0.93212040948313,0.992392756821825,0.00124519957898883,9.04492153495084e-05
"1535",1535,1632000,1985-03-29,237,0.887640449438202,1.05054075663847,3,"Spring",78,0.93212040948313,0.992392756821825,0.00119522902241442,0
"1536",1536,1632000,1985-03-30,219,0.924050632911392,1.04101906745714,3,"Spring",78,0.93212040948313,0.992392756821825,0.00116814954890287,0
"1537",1537,1632000,1985-03-31,199,0.908675799086758,0.983361481203478,3,"Spring",78,0.93212040948313,0.992392756821825,0.046917104813474,0
"1538",1538,1632000,1985-04-01,204,1.0251256281407,1.12815332946138,4,"Spring",78,0.93212040948313,0.992392756821825,0.0168848417233676,0
"1539",1539,1632000,1985-04-02,197,0.965686274509804,0.942017493271818,4,"Spring",78,0.93212040948313,0.992392756821825,0.00123321168211987,0
"1540",1540,1632000,1985-04-03,193,0.979695431472081,1.01450694426551,4,"Spring",78,0.93212040948313,0.992392756821825,0.00120512028661324,0
"1541",1541,1632000,1985-04-04,181,0.937823834196891,0.957260597599936,4,"Spring",78,0.93212040948313,0.992392756821825,0.00109701973633491,0.000779352079007367
"1542",1542,1632000,1985-04-05,162,0.895027624309392,0.954366472329904,4,"Spring",78,0.93212040948313,0.992392756821825,0.000661876295453112,0.00339838959189365
"1543",1543,1632000,1985-04-06,151,0.932098765432099,1.04141899100747,4,"Spring",78,0.93212040948313,0.992392756821825,0.000263378398358327,0.00201743220077333
"1544",1544,1632000,1985-04-07,137,0.907284768211921,0.973378360598219,4,"Spring",78,0.93212040948313,0.992392756821825,0.000121488769309508,0.00188368729141075
"1545",1545,1632000,1985-04-08,125,0.912408759124088,1.00564761042144,4,"Spring",78,0.93212040948313,0.992392756821825,5.96232800944563e-05,0.00135535128356423
"1546",1546,1632000,1985-04-09,115,0.92,1.00832,4,"Spring",78,0.93212040948313,0.992392756821825,3.91415883314039e-05,0
"1547",1547,1632000,1985-04-10,105,0.91304347826087,0.992438563327032,4,"Spring",78,0.93212040948313,0.992392756821825,3.78860854652885e-05,0.000197477591427742
"1548",1548,1632000,1985-04-11,96,0.914285714285714,1.00136054421769,4,"Spring",78,0.93212040948313,0.992392756821825,2.38654611735001e-05,0.00206934109701251
"1549",1549,1632000,1985-04-12,89,0.927083333333333,1.01399739583333,4,"Spring",78,0.93212040948313,0.992392756821825,4.16100929179208e-06,0.00275950687318982
"1550",1550,1632000,1985-04-13,81,0.910112359550562,0.981694230526449,4,"Spring",78,0.93212040948313,0.992392756821825,7.14058727702138e-08,0.00397117179090856
"1551",1551,1632000,1985-04-14,76,0.938271604938272,1.030940405426,4,"Spring",78,0.93212040948313,0.992392756821825,0,0.00251365535950754
"1552",1552,1632000,1985-04-15,74,0.973684210526316,1.03774238227147,4,"Spring",78,0.93212040948313,0.992392756821825,0,0
"1553",1553,1632000,1985-04-16,73,0.986486486486487,1.01314828341855,4,"Spring",78,0.93212040948313,0.992392756821825,0,0.0017440962838009
"1554",1554,1632000,1985-04-17,69,0.945205479452055,0.958153499718521,4,"Spring",78,0.93212040948313,0.992392756821825,0,0.00231626956701802
"1555",1555,1632000,1985-04-18,63,0.91304347826087,0.965973534971645,4,"Spring",78,0.93212040948313,0.992392756821825,0,0.00452581885110703
"1556",1556,1632000,1985-04-19,57,0.904761904761905,0.99092970521542,4,"Spring",78,0.93212040948313,0.992392756821825,0,0.0067466939217411
"1557",1557,1632000,1985-04-20,53,0.929824561403509,1.02770083102493,4,"Spring",78,0.93212040948313,0.992392756821825,0,0.00716991099761799
"1558",1558,1632000,1985-04-21,50,0.943396226415094,1.01459594161623,4,"Spring",78,0.93212040948313,0.992392756821825,0,0.00883741782308789
"1559",1559,1632000,1985-04-22,48,0.96,1.0176,4,"Spring",78,0.93212040948313,0.992392756821825,0,0.00907554663717746
"1560",1560,1632000,1985-04-23,45,0.9375,0.9765625,4,"Spring",78,0.93212040948313,0.992392756821825,0,0.00879953842013492
"1561",1561,1632000,1985-04-24,42,0.933333333333333,0.995555555555556,4,"Spring",78,0.93212040948313,0.992392756821825,0,0.00619972187269013
"1562",1562,1632000,1985-12-17,214,0.91063829787234,0.976514259846084,12,"Winter",79,0.925530347648834,0.974331032540076,0.00648805749369785,0
"1563",1563,1632000,1985-12-18,186,0.869158878504673,0.954450170320552,12,"Winter",79,0.925530347648834,0.974331032540076,0.00605934203485958,0
"1564",1564,1632000,1985-12-19,150,0.806451612903226,0.927852930974679,12,"Winter",79,0.925530347648834,0.974331032540076,0.00567590787250083,0
"1565",1565,1632000,1985-12-20,136,0.906666666666667,1.12426666666667,12,"Winter",79,0.925530347648834,0.974331032540076,0.0121934063645313,0
"1566",1566,1632000,1985-12-21,126,0.926470588235294,1.02184256055363,12,"Winter",79,0.925530347648834,0.974331032540076,0.0107735810743179,0
"1567",1567,1632000,1985-12-22,109,0.865079365079365,0.933736457545981,12,"Winter",79,0.925530347648834,0.974331032540076,0.00526958756381646,0
"1568",1568,1632000,1985-12-23,111,1.01834862385321,1.17717363858261,12,"Winter",79,0.925530347648834,0.974331032540076,0.00459964136825874,0
"1569",1569,1632000,1985-12-24,108,0.972972972972973,0.955441928414901,12,"Winter",79,0.925530347648834,0.974331032540076,0.00425671934499405,0
"1570",1570,1632000,1985-12-25,102,0.944444444444444,0.970679012345679,12,"Winter",79,0.925530347648834,0.974331032540076,0.00403081717377063,0
"1571",1571,1632000,1985-12-26,78,0.764705882352941,0.809688581314879,12,"Winter",79,0.925530347648834,0.974331032540076,0.00382642993645277,0
"1572",1572,1632000,1985-12-27,76,0.974358974358974,1.2741617357002,12,"Winter",79,0.925530347648834,0.974331032540076,0.00363946275319904,0
"1573",1573,1632000,1985-12-28,71,0.934210526315789,0.958795013850416,12,"Winter",79,0.925530347648834,0.974331032540076,0.00346468109637499,0
"1574",1574,1632000,1985-12-29,66,0.929577464788732,0.995040666534418,12,"Winter",79,0.925530347648834,0.974331032540076,0.00330140457663219,0
"1575",1575,1632000,1985-12-30,59,0.893939393939394,0.961662075298439,12,"Winter",79,0.925530347648834,0.974331032540076,0.00314857964986004,0
"1576",1576,1632000,1985-12-31,57,0.966101694915254,1.0807239299052,12,"Winter",79,0.925530347648834,0.974331032540076,0.00299028928566258,0
"1577",1577,1632000,1986-01-01,56,0.982456140350877,1.01692828562635,1,"Winter",79,0.925530347648834,0.974331032540076,0.00283141453110147,0
"1578",1578,1632000,1986-01-02,52,0.928571428571429,0.94515306122449,1,"Winter",79,0.925530347648834,0.974331032540076,0.00269735983602004,0
"1579",1579,1632000,1986-01-03,51,0.980769230769231,1.05621301775148,1,"Winter",79,0.925530347648834,0.974331032540076,0.00262569051119499,0
"1580",1580,1632000,1986-01-04,50,0.980392156862745,0.999615532487505,1,"Winter",79,0.925530347648834,0.974331032540076,0.00780985842720839,0
"1581",1581,1632000,1986-01-05,47,0.94,0.9588,1,"Winter",79,0.925530347648834,0.974331032540076,0.00253056197107071,0
"1582",1582,1632000,1986-01-06,43,0.914893617021277,0.973291081937528,1,"Winter",79,0.925530347648834,0.974331032540076,0.00243563331605401,0
"1583",1583,1632000,1986-03-21,245,0.772870662460568,0.97523111982406,3,"Spring",80,0.91932037771221,0.971843800142139,0.00627317492035218,0
"1584",1584,1632000,1986-03-22,206,0.840816326530612,1.0879133694294,3,"Spring",80,0.91932037771221,0.971843800142139,0.00586154864868149,4.32492388426908e-05
"1585",1585,1632000,1986-03-23,180,0.87378640776699,1.03921198981996,3,"Spring",80,0.91932037771221,0.971843800142139,0.00504009483847767,0.000435750284395908
"1586",1586,1632000,1986-03-24,159,0.883333333333333,1.01092592592593,3,"Spring",80,0.91932037771221,0.971843800142139,0.00385914539219812,0.000538556002993573
"1587",1587,1632000,1986-03-25,141,0.886792452830189,1.00391598433606,3,"Spring",80,0.91932037771221,0.971843800142139,0.00284893031493994,0.000775934994635464
"1588",1588,1632000,1986-03-26,128,0.907801418439716,1.02369096121925,3,"Spring",80,0.91932037771221,0.971843800142139,0.00180334119431791,0.00138026913373324
"1589",1589,1632000,1986-03-27,120,0.9375,1.03271484375,3,"Spring",80,0.91932037771221,0.971843800142139,0.00100974956694699,0.00124325605065678
"1590",1590,1632000,1986-03-28,113,0.941666666666667,1.00444444444444,3,"Spring",80,0.91932037771221,0.971843800142139,0.000589756546105491,0.00104597632525838
"1591",1591,1632000,1986-03-29,104,0.920353982300885,0.977367060850497,3,"Spring",80,0.91932037771221,0.971843800142139,0.000313102756535955,0.00175378174935759
"1592",1592,1632000,1986-03-30,96,0.923076923076923,1.00295857988166,3,"Spring",80,0.91932037771221,0.971843800142139,0.000104708763728922,0.00245588876350667
"1593",1593,1632000,1986-03-31,90,0.9375,1.015625,3,"Spring",80,0.91932037771221,0.971843800142139,1.52296302093902e-05,0.00281048046599608
"1594",1594,1632000,1986-04-01,83,0.922222222222222,0.983703703703704,4,"Spring",80,0.91932037771221,0.971843800142139,1.55597611684044e-07,0.00309702934100642
"1595",1595,1632000,1986-04-02,78,0.939759036144578,1.01901582232545,4,"Spring",80,0.91932037771221,0.971843800142139,0,0.00278963297387236
"1596",1596,1632000,1986-04-03,73,0.935897435897436,0.995890861275477,4,"Spring",80,0.91932037771221,0.971843800142139,0,0.00208015653515758
"1597",1597,1632000,1986-04-04,69,0.945205479452055,1.00994558078439,4,"Spring",80,0.91932037771221,0.971843800142139,0,0.00187959284812678
"1598",1598,1632000,1986-04-21,267,0.898989898989899,0.99282386151073,4,"Spring",81,0.911818511410826,0.985464389011673,0,0
"1599",1599,1632000,1986-04-22,228,0.853932584269663,0.949880065648277,4,"Spring",81,0.911818511410826,0.985464389011673,0,0.000175570414285176
"1600",1600,1632000,1986-04-23,190,0.833333333333333,0.975877192982456,4,"Spring",81,0.911818511410826,0.985464389011673,0,0.000998437990347155
"1601",1601,1632000,1986-04-24,160,0.842105263157895,1.01052631578947,4,"Spring",81,0.911818511410826,0.985464389011673,0,0.0019225341834499
"1602",1602,1632000,1986-04-25,143,0.89375,1.061328125,4,"Spring",81,0.911818511410826,0.985464389011673,0,0.00324877547245705
"1603",1603,1632000,1986-04-26,136,0.951048951048951,1.06411071446036,4,"Spring",81,0.911818511410826,0.985464389011673,0,0.00186205434147269
"1604",1604,1632000,1986-04-27,123,0.904411764705882,0.950962370242215,4,"Spring",81,0.911818511410826,0.985464389011673,0,0.00454599337899708
"1605",1605,1632000,1986-04-28,112,0.910569105691057,1.00680811686166,4,"Spring",81,0.911818511410826,0.985464389011673,0,0.00489787396145402
"1606",1606,1632000,1986-04-29,112,1,1.09821428571429,4,"Spring",81,0.911818511410826,0.985464389011673,0,0.0028198251966387
"1607",1607,1632000,1986-04-30,95,0.848214285714286,0.848214285714286,4,"Spring",81,0.911818511410826,0.985464389011673,0,0.00498524877430384
"1608",1608,1632000,1986-05-01,89,0.936842105263158,1.10448753462604,5,"Spring",81,0.911818511410826,0.985464389011673,0,0.00650403383707499
"1609",1609,1632000,1986-05-02,81,0.910112359550562,0.971468248958465,5,"Spring",81,0.911818511410826,0.985464389011673,0,0.00414435198592855
"1610",1610,1632000,1986-05-03,74,0.91358024691358,1.0038103947569,5,"Spring",81,0.911818511410826,0.985464389011673,0,0.0031823672083533
"1611",1611,1632000,1986-05-04,69,0.932432432432432,1.02063550036523,5,"Spring",81,0.911818511410826,0.985464389011673,0,0.00391926733436776
"1612",1612,1632000,1986-05-05,63,0.91304347826087,0.979206049149338,5,"Spring",81,0.911818511410826,0.985464389011673,0,0.0065589246073614
"1613",1613,1632000,1986-05-06,59,0.936507936507937,1.02569916855631,5,"Spring",81,0.911818511410826,0.985464389011673,0,0.00924680660682497
"1614",1614,1632000,1986-05-07,57,0.966101694915254,1.03160011490951,5,"Spring",81,0.911818511410826,0.985464389011673,0,0.00841318072343712
"1615",1615,1632000,1986-05-08,52,0.912280701754386,0.94429055093875,5,"Spring",81,0.911818511410826,0.985464389011673,0,0.00573139484276908
"1616",1616,1632000,1986-05-09,47,0.903846153846154,0.990754437869823,5,"Spring",81,0.911818511410826,0.985464389011673,0,0.0059109953845109
"1617",1617,1632000,1986-07-27,6,0.895522388059702,1.02918244597906,7,"Summer",82,0.925329994652804,0.932893014071316,0,0
"1618",1618,1632000,1986-07-28,5.4,0.9,1.005,7,"Summer",82,0.925329994652804,0.932893014071316,0,0
"1619",1619,1632000,1986-07-29,4.5,0.833333333333333,0.925925925925926,7,"Summer",82,0.925329994652804,0.932893014071316,0,0
"1620",1620,1632000,1986-07-30,4,0.888888888888889,1.06666666666667,7,"Summer",82,0.925329994652804,0.932893014071316,0,0
"1621",1621,1632000,1986-07-31,3.6,0.9,1.0125,7,"Summer",82,0.925329994652804,0.932893014071316,0,0
"1622",1622,1632000,1986-08-01,3.1,0.861111111111111,0.95679012345679,8,"Summer",82,0.925329994652804,0.932893014071316,0,0
"1623",1623,1632000,1986-08-02,2.8,0.903225806451613,1.04890738813736,8,"Summer",82,0.925329994652804,0.932893014071316,0,0
"1624",1624,1632000,1986-08-03,2.6,0.928571428571429,1.0280612244898,8,"Summer",82,0.925329994652804,0.932893014071316,0,0
"1625",1625,1632000,1986-08-04,2.3,0.884615384615384,0.952662721893491,8,"Summer",82,0.925329994652804,0.932893014071316,0,0
"1626",1626,1632000,1986-08-05,2,0.869565217391304,0.982986767485823,8,"Summer",82,0.925329994652804,0.932893014071316,0,0
"1627",1627,1632000,1986-08-06,1.9,0.95,1.0925,8,"Summer",82,0.925329994652804,0.932893014071316,0.0521811479702592,0
"1628",1628,1632000,1986-08-07,1.8,0.947368421052632,0.997229916897507,8,"Summer",82,0.925329994652804,0.932893014071316,0.0390244256923324,0
"1629",1629,1632000,1986-08-08,1.8,1,1.05555555555556,8,"Summer",82,0.925329994652804,0.932893014071316,0,0.00288334086508257
"1630",1630,1632000,1986-08-09,1.8,1,1,8,"Summer",82,0.925329994652804,0.932893014071316,0,0.0162759411578008
"1631",1631,1632000,1986-08-10,1.7,0.944444444444444,0.944444444444444,8,"Summer",82,0.925329994652804,0.932893014071316,0,0.0168015434319386
"1632",1632,1632000,1986-08-11,1.6,0.941176470588235,0.996539792387543,8,"Summer",82,0.925329994652804,0.932893014071316,0,0.00840796397824307
"1633",1633,1632000,1986-08-12,1.5,0.9375,0.99609375,8,"Summer",82,0.925329994652804,0.932893014071316,0,0.0131613466801355
"1634",1634,1632000,1986-08-13,1.4,0.933333333333333,0.995555555555555,8,"Summer",82,0.925329994652804,0.932893014071316,0,0.0136189052427653
"1635",1635,1632000,1986-08-14,1.5,1.07142857142857,1.14795918367347,8,"Summer",82,0.925329994652804,0.932893014071316,0,0
"1636",1636,1632000,1986-08-15,1.4,0.933333333333333,0.871111111111111,8,"Summer",82,0.925329994652804,0.932893014071316,0,0
"1637",1637,1632000,1986-08-16,1.3,0.928571428571429,0.994897959183674,8,"Summer",82,0.925329994652804,0.932893014071316,0,0
"1638",1638,1632000,1987-01-02,96,0.888888888888889,1.02880658436214,1,"Winter",83,0.959486031063946,0.632888037000556,0.0217773681506514,0
"1639",1639,1632000,1987-01-03,80,0.833333333333333,0.9375,1,"Winter",83,0.959486031063946,0.632888037000556,0.00874240067787469,0
"1640",1640,1632000,1987-01-04,69,0.8625,1.035,1,"Winter",83,0.959486031063946,0.632888037000556,0,0
"1641",1641,1632000,1987-01-05,59,0.855072463768116,0.99138836378912,1,"Winter",83,0.959486031063946,0.632888037000556,0,0
"1642",1642,1632000,1987-01-06,51,0.864406779661017,1.01091640333238,1,"Winter",83,0.959486031063946,0.632888037000556,0,0
"1643",1643,1632000,1987-01-07,49,0.96078431372549,1.11149557862361,1,"Winter",83,0.959486031063946,0.632888037000556,0.0619955654256046,0
"1644",1644,1632000,1987-01-08,48,0.979591836734694,1.01957517700958,1,"Winter",83,0.959486031063946,0.632888037000556,0.00672895344905555,0
"1645",1645,1632000,1987-01-09,47,0.979166666666667,0.999565972222222,1,"Winter",83,0.959486031063946,0.632888037000556,0,0
"1646",1646,1632000,1987-01-10,47,1,1.02127659574468,1,"Winter",83,0.959486031063946,0.632888037000556,0.0324598485603929,0
"1647",1647,1632000,1987-01-11,48,1.02127659574468,1.02127659574468,1,"Winter",83,0.959486031063946,0.632888037000556,0.0213202824816108,0
"1648",1648,1632000,1987-01-12,47,0.979166666666667,0.958767361111111,1,"Winter",83,0.959486031063946,0.632888037000556,0.00816662516444921,0
"1649",1649,1632000,1987-01-13,45,0.957446808510638,0.977818017202354,1,"Winter",83,0.959486031063946,0.632888037000556,0.00551295280456543,0
"1650",1650,1632000,1987-01-14,44,0.977777777777778,1.02123456790123,1,"Winter",83,0.959486031063946,0.632888037000556,0.0734701923793182,0
"1651",1651,1632000,1987-01-15,45,1.02272727272727,1.04597107438017,1,"Winter",83,0.959486031063946,0.632888037000556,0.104282990603224,0
"1652",1652,1632000,1987-01-16,45,1,0.977777777777778,1,"Winter",83,0.959486031063946,0.632888037000556,0.00954817794263363,0
"1653",1653,1632000,1987-01-17,44,0.977777777777778,0.977777777777778,1,"Winter",83,0.959486031063946,0.632888037000556,0.0040328511968255,0
"1654",1654,1632000,1987-09-26,92,0.754098360655738,1.01370599301263,9,"Fall",84,0.88543033636892,0.961208231330219,0.000544980797712924,0.00353215016139075
"1655",1655,1632000,1987-09-27,71,0.771739130434783,1.02339319470699,9,"Fall",84,0.88543033636892,0.961208231330219,0.000295158924927818,0.00436537088944533
"1656",1656,1632000,1987-09-28,55,0.774647887323944,1.00376909343384,9,"Fall",84,0.88543033636892,0.961208231330219,0.000134290314690588,0.00436022977528694
"1657",1657,1632000,1987-09-29,45,0.818181818181818,1.05619834710744,9,"Fall",84,0.88543033636892,0.961208231330219,5.46498199582856e-05,0.00392070187081117
"1658",1658,1632000,1987-09-30,43,0.955555555555556,1.1679012345679,9,"Fall",84,0.88543033636892,0.961208231330219,0.117766831322569,0
"1659",1659,1632000,1987-10-01,35,0.813953488372093,0.851811790156841,10,"Fall",84,0.88543033636892,0.961208231330219,0.000106259020412836,0
"1660",1660,1632000,1987-10-02,29,0.828571428571429,1.01795918367347,10,"Fall",84,0.88543033636892,0.961208231330219,9.25941917557793e-05,0.00166853395057842
"1661",1661,1632000,1987-10-03,26,0.896551724137931,1.0820451843044,10,"Fall",84,0.88543033636892,0.961208231330219,0.00880076046860267,0
"1662",1662,1632000,1987-10-04,23,0.884615384615385,0.986686390532544,10,"Fall",84,0.88543033636892,0.961208231330219,7.21365975095978e-05,0
"1663",1663,1632000,1987-10-05,21,0.91304347826087,1.03213610586011,10,"Fall",84,0.88543033636892,0.961208231330219,7.18010717264406e-05,0
"1664",1664,1632000,1987-10-06,19,0.904761904761905,0.99092970521542,10,"Fall",84,0.88543033636892,0.961208231330219,5.72826317011277e-05,0.00241067758906865
"1665",1665,1632000,1987-10-07,18,0.947368421052632,1.04709141274238,10,"Fall",84,0.88543033636892,0.961208231330219,3.88748924251558e-05,0
"1666",1666,1632000,1987-10-08,16,0.888888888888889,0.938271604938272,10,"Fall",84,0.88543033636892,0.961208231330219,3.8749925238335e-05,0
"1667",1667,1632000,1987-10-09,15,0.9375,1.0546875,10,"Fall",84,0.88543033636892,0.961208231330219,3.7703209841311e-05,0.000291724580165465
"1668",1668,1632000,1987-10-10,14,0.933333333333333,0.995555555555556,10,"Fall",84,0.88543033636892,0.961208231330219,2.45290817133537e-05,0.00318836519727483
"1669",1669,1632000,1987-10-11,13,0.928571428571429,0.994897959183674,10,"Fall",84,0.88543033636892,0.961208231330219,8.42959785529729e-06,0.00304990590666421
"1670",1670,1632000,1987-10-12,12,0.923076923076923,0.994082840236686,10,"Fall",84,0.88543033636892,0.961208231330219,2.12526336440533e-06,0.0022211754358068
"1671",1671,1632000,1988-03-14,92,0.958333333333333,0.998263888888889,3,"Spring",85,0.960640198940033,0.627900629828031,0.000230166110668506,0
"1672",1672,1632000,1988-03-15,87,0.945652173913043,0.986767485822306,3,"Spring",85,0.960640198940033,0.627900629828031,0.000228491147936438,0
"1673",1673,1632000,1988-03-16,79,0.908045977011494,0.960232527414454,3,"Spring",85,0.960640198940033,0.627900629828031,0.000224509622967162,8.13802980701438e-05
"1674",1674,1632000,1988-03-17,71,0.89873417721519,0.989745233135715,3,"Spring",85,0.960640198940033,0.627900629828031,0.000208269352697243,0.000316854770971986
"1675",1675,1632000,1988-03-18,65,0.915492957746479,1.01864709383059,3,"Spring",85,0.960640198940033,0.627900629828031,0.000167454029906366,0.000759362164671983
"1676",1676,1632000,1988-03-19,63,0.969230769230769,1.05869822485207,3,"Spring",85,0.960640198940033,0.627900629828031,0.000130145881939825,0.000262071179349732
"1677",1677,1632000,1988-03-20,61,0.968253968253968,0.99899218946838,3,"Spring",85,0.960640198940033,0.627900629828031,0.000120984156183113,0
"1678",1678,1632000,1988-03-21,59,0.967213114754098,0.998925020155872,3,"Spring",85,0.960640198940033,0.627900629828031,0.000120193101338373,0
"1679",1679,1632000,1988-03-22,54,0.915254237288136,0.946279804653835,3,"Spring",85,0.960640198940033,0.627900629828031,0.000119053573598649,0
"1680",1680,1632000,1988-03-23,50,0.925925925925926,1.0116598079561,3,"Spring",85,0.960640198940033,0.627900629828031,0.000110643104108021,0.000476685294415801
"1681",1681,1632000,1988-03-24,47,0.94,1.0152,3,"Spring",85,0.960640198940033,0.627900629828031,6.7738603320322e-05,0.00205350622945844
"1682",1682,1632000,1988-03-25,45,0.957446808510638,1.01856043458579,3,"Spring",85,0.960640198940033,0.627900629828031,1.6092598485784e-05,0.00254839394642659
"1683",1683,1632000,1988-03-26,56,1.24444444444444,1.29975308641975,3,"Spring",85,0.960640198940033,0.627900629828031,0.142721910830005,0
"1684",1684,1632000,1988-03-27,66,1.17857142857143,0.947066326530612,3,"Spring",85,0.960640198940033,0.627900629828031,0.00510667391699826,0
"1685",1685,1632000,1988-03-28,63,0.954545454545455,0.809917355371901,3,"Spring",85,0.960640198940033,0.627900629828031,0.000157550334733969,0
"1686",1686,1632000,1988-03-29,61,0.968253968253968,1.01436130007559,3,"Spring",85,0.960640198940033,0.627900629828031,0.000148995125982765,0.000418890998844291
"1687",1687,1632000,1989-04-01,143,0.866666666666667,0.971717171717172,4,"Spring",86,0.925471774371237,0.982380881580313,0.000210155688364466,0
"1688",1688,1632000,1989-04-02,124,0.867132867132867,1.00053792361485,4,"Spring",86,0.925471774371237,0.982380881580313,0.000208524435038271,0
"1689",1689,1632000,1989-04-03,109,0.879032258064516,1.01372268470343,4,"Spring",86,0.925471774371237,0.982380881580313,0.00019641301696538,0.000628843619779218
"1690",1690,1632000,1989-04-04,99,0.908256880733945,1.03324635973403,4,"Spring",86,0.925471774371237,0.982380881580313,0.000116718242679781,0.00330700436461484
"1691",1691,1632000,1989-04-05,92,0.929292929292929,1.02316090194878,4,"Spring",86,0.925471774371237,0.982380881580313,5.39218940502906e-05,0
"1692",1692,1632000,1989-04-06,84,0.91304347826087,0.982514177693762,4,"Spring",86,0.925471774371237,0.982380881580313,0.00907384968218139,0
"1693",1693,1632000,1989-04-07,78,0.928571428571429,1.01700680272109,4,"Spring",86,0.925471774371237,0.982380881580313,5.3406746701512e-05,0
"1694",1694,1632000,1989-04-08,74,0.948717948717949,1.02169625246548,4,"Spring",86,0.925471774371237,0.982380881580313,5.32397950792074e-05,0
"1695",1695,1632000,1989-04-09,72,0.972972972972973,1.02556610664719,4,"Spring",86,0.925471774371237,0.982380881580313,0.00273137075396334,0
"1696",1696,1632000,1989-04-10,65,0.902777777777778,0.927854938271605,4,"Spring",86,0.925471774371237,0.982380881580313,5.26496494330786e-05,0
"1697",1697,1632000,1989-04-11,59,0.907692307692308,1.00544378698225,4,"Spring",86,0.925471774371237,0.982380881580313,5.24866197793017e-05,0
"1698",1698,1632000,1989-04-12,54,0.915254237288136,1.00833093938523,4,"Spring",86,0.925471774371237,0.982380881580313,5.23244300438819e-05,0
"1699",1699,1632000,1989-04-13,50,0.925925925925926,1.0116598079561,4,"Spring",86,0.925471774371237,0.982380881580313,4.71606323344531e-05,0.000781989889219404
"1700",1700,1632000,1989-04-14,47,0.94,1.0152,4,"Spring",86,0.925471774371237,0.982380881580313,2.37136442535757e-05,0.00269342262345163
"1701",1701,1632000,1989-04-15,46,0.978723404255319,1.04119511090991,4,"Spring",86,0.925471774371237,0.982380881580313,8.78435375284425e-06,0
"1702",1702,1632000,1989-04-16,45,0.978260869565217,0.99952741020794,4,"Spring",86,0.925471774371237,0.982380881580313,5.95684121407203e-06,0.0019647236331366
"1703",1703,1632000,1989-05-22,193,0.787755102040816,1.00318200749688,5,"Spring",87,0.866878090732565,0.994482948835128,0.000821576350062969,0.00360268816702003
"1704",1704,1632000,1989-05-23,163,0.844559585492228,1.07210931837096,5,"Spring",87,0.866878090732565,0.994482948835128,0.000399305343307788,0
"1705",1705,1632000,1989-05-24,146,0.895705521472393,1.0605592984305,5,"Spring",87,0.866878090732565,0.994482948835128,0.000369860383216292,0.000798988039605319
"1706",1706,1632000,1989-05-25,122,0.835616438356164,0.932914242822293,5,"Spring",87,0.866878090732565,0.994482948835128,0.000152171557033398,0.00568852849210089
"1707",1707,1632000,1989-05-26,105,0.860655737704918,1.02996506315507,5,"Spring",87,0.866878090732565,0.994482948835128,1.00643446483417e-05,0.00409000336003373
"1708",1708,1632000,1989-05-27,90,0.857142857142857,0.995918367346939,5,"Spring",87,0.866878090732565,0.994482948835128,0,0.00471694703810499
"1709",1709,1632000,1989-05-28,74,0.822222222222222,0.959259259259259,5,"Spring",87,0.866878090732565,0.994482948835128,0,0.00530134826135509
"1710",1710,1632000,1989-05-29,63,0.851351351351351,1.0354273192111,5,"Spring",87,0.866878090732565,0.994482948835128,0,0.00685552653476407
"1711",1711,1632000,1989-05-30,54,0.857142857142857,1.00680272108844,5,"Spring",87,0.866878090732565,0.994482948835128,0,0.00957104288863776
"1712",1712,1632000,1989-05-31,48,0.888888888888889,1.03703703703704,5,"Spring",87,0.866878090732565,0.994482948835128,0,0.0119822722481331
"1713",1713,1632000,1989-06-01,43,0.895833333333333,1.0078125,6,"Summer",87,0.866878090732565,0.994482948835128,0,0.0134554698161082
"1714",1714,1632000,1989-06-02,38,0.883720930232558,0.986479177934018,6,"Summer",87,0.866878090732565,0.994482948835128,0,0.0134769988089829
"1715",1715,1632000,1989-06-03,34,0.894736842105263,1.01246537396122,6,"Summer",87,0.866878090732565,0.994482948835128,0,0.0133579323669437
"1716",1716,1632000,1989-06-04,31,0.911764705882353,1.01903114186851,6,"Summer",87,0.866878090732565,0.994482948835128,0,0.0079860848672979
"1717",1717,1632000,1989-10-28,121,0.896296296296296,1.00916323731139,10,"Fall",88,0.961644128311289,0.692553130910843,1.90831807467262e-06,0.00311042955217999
"1718",1718,1632000,1989-10-29,109,0.900826446280992,1.0050542995697,10,"Fall",88,0.961644128311289,0.692553130910843,3.06038008268672e-08,0.00272256241623836
"1719",1719,1632000,1989-10-30,100,0.917431192660551,1.01843279185254,10,"Fall",88,0.961644128311289,0.692553130910843,0.00431863265112042,0.00326697876880644
"1720",1720,1632000,1989-10-31,93,0.93,1.0137,10,"Fall",88,0.961644128311289,0.692553130910843,0.000853816047310829,0
"1721",1721,1632000,1989-11-01,88,0.946236559139785,1.0174586657417,11,"Fall",88,0.961644128311289,0.692553130910843,0,0
"1722",1722,1632000,1989-11-02,80,0.909090909090909,0.960743801652893,11,"Fall",88,0.961644128311289,0.692553130910843,0,0
"1723",1723,1632000,1989-11-03,73,0.9125,1.00375,11,"Fall",88,0.961644128311289,0.692553130910843,0,0.00132171095174272
"1724",1724,1632000,1989-11-04,67,0.917808219178082,1.00581722649653,11,"Fall",88,0.961644128311289,0.692553130910843,0,0.00175639280587347
"1725",1725,1632000,1989-11-05,62,0.925373134328358,1.00824237023836,11,"Fall",88,0.961644128311289,0.692553130910843,0,0.00245782527690608
"1726",1726,1632000,1989-11-06,58,0.935483870967742,1.01092611862643,11,"Fall",88,0.961644128311289,0.692553130910843,0,0.0033672723275231
"1727",1727,1632000,1989-11-07,55,0.948275862068966,1.01367419738407,11,"Fall",88,0.961644128311289,0.692553130910843,0.0317489672452211,0.00117676501758979
"1728",1728,1632000,1989-11-08,57,1.03636363636364,1.09289256198347,11,"Fall",88,0.961644128311289,0.692553130910843,0.0937389463651925,0
"1729",1729,1632000,1989-11-09,79,1.3859649122807,1.33733456448138,11,"Fall",88,0.961644128311289,0.692553130910843,0.0484010539075825,0
"1730",1730,1632000,1989-11-10,73,0.924050632911392,0.666720076910751,11,"Fall",88,0.961644128311289,0.692553130910843,0,0
"1731",1731,1632000,1989-11-11,67,0.917808219178082,0.993244511165322,11,"Fall",88,0.961644128311289,0.692553130910843,0,0.00023817714713914
"1732",1732,1632000,1989-11-12,65,0.970149253731343,1.05702829137893,11,"Fall",88,0.961644128311289,0.692553130910843,0,0.00231462475608169
"1733",1733,1632000,1989-11-13,62,0.953846153846154,0.983195266272189,11,"Fall",88,0.961644128311289,0.692553130910843,0,0.00234600153810938
"1734",1734,1632000,1989-11-14,60,0.967741935483871,1.01456815816857,11,"Fall",88,0.961644128311289,0.692553130910843,0,0.00298274896817929
"1735",1735,1632000,1990-01-14,148,0.875739644970414,0.989741255558279,1,"Winter",89,0.97409448351465,0.679318793613558,0.00494601088576019,0
"1736",1736,1632000,1990-01-15,141,0.952702702702703,1.08788349159971,1,"Winter",89,0.97409448351465,0.679318793613558,0.00461156704113819,0
"1737",1737,1632000,1990-01-16,132,0.936170212765957,0.982646748151501,1,"Winter",89,0.97409448351465,0.679318793613558,0.00432263767288532,0
"1738",1738,1632000,1990-01-17,124,0.939393939393939,1.0034435261708,1,"Winter",89,0.97409448351465,0.679318793613558,0.0042243235220667,0
"1739",1739,1632000,1990-01-18,118,0.951612903225806,1.01300728407908,1,"Winter",89,0.97409448351465,0.679318793613558,0.00400077378435526,0
"1740",1740,1632000,1990-01-19,113,0.957627118644068,1.0063200229819,1,"Winter",89,0.97409448351465,0.679318793613558,0.00379539173445664,0
"1741",1741,1632000,1990-01-20,108,0.955752212389381,0.998042133291566,1,"Winter",89,0.97409448351465,0.679318793613558,0.015978551513399,0
"1742",1742,1632000,1990-01-21,108,1,1.0462962962963,1,"Winter",89,0.97409448351465,0.679318793613558,0.0186380997038213,0
"1743",1743,1632000,1990-01-22,105,0.972222222222222,0.972222222222222,1,"Winter",89,0.97409448351465,0.679318793613558,0.00324281409848481,0
"1744",1744,1632000,1990-01-23,99,0.942857142857143,0.969795918367347,1,"Winter",89,0.97409448351465,0.679318793613558,0.00309767940780148,0
"1745",1745,1632000,1990-01-24,93,0.939393939393939,0.996326905417815,1,"Winter",89,0.97409448351465,0.679318793613558,0.00270634377375245,0.00101443248058786
"1746",1746,1632000,1990-01-25,96,1.03225806451613,1.09885535900104,1,"Winter",89,0.97409448351465,0.679318793613558,0.171729379944736,0
"1747",1747,1632000,1990-01-26,112,1.16666666666667,1.13020833333333,1,"Winter",89,0.97409448351465,0.679318793613558,0.0637811914930353,0
"1748",1748,1632000,1990-01-27,111,0.991071428571429,0.849489795918367,1,"Winter",89,0.97409448351465,0.679318793613558,0.00291620097414125,0
"1749",1749,1632000,1990-01-28,107,0.963963963963964,0.972648323999675,1,"Winter",89,0.97409448351465,0.679318793613558,0.00279617287014844,0
"1750",1750,1632000,1990-02-28,122,0.968253968253968,0.983623078861174,2,"Winter",90,0.957858661441756,0.860311183792933,0.00371064276259858,0
"1751",1751,1632000,1990-03-01,115,0.942622950819672,0.97352862133835,3,"Spring",90,0.957858661441756,0.860311183792933,0.0035406091628829,0
"1752",1752,1632000,1990-03-02,110,0.956521739130435,1.01474480151229,3,"Spring",90,0.957858661441756,0.860311183792933,0.00338359926536213,0
"1753",1753,1632000,1990-03-03,109,0.990909090909091,1.03595041322314,3,"Spring",90,0.957858661441756,0.860311183792933,0.00309394227951998,0.000491084655777739
"1754",1754,1632000,1990-03-04,103,0.944954128440367,0.953623432371012,3,"Spring",90,0.957858661441756,0.860311183792933,0.00266339047811925,0.00017760816945156
"1755",1755,1632000,1990-03-05,95,0.922330097087379,0.976058063908003,3,"Spring",90,0.957858661441756,0.860311183792933,0.002257850515889,0.000843236306081963
"1756",1756,1632000,1990-03-06,87,0.91578947368421,0.992908587257618,3,"Spring",90,0.957858661441756,0.860311183792933,0.00169487948733149,0.000965854271498755
"1757",1757,1632000,1990-03-07,80,0.919540229885057,1.00409565332276,3,"Spring",90,0.957858661441756,0.860311183792933,0.00139504005710478,5.85042798775248e-05
"1758",1758,1632000,1990-03-08,72,0.9,0.97875,3,"Spring",90,0.957858661441756,0.860311183792933,0.00125542325258721,0.000626347609340882
"1759",1759,1632000,1990-03-09,69,0.958333333333333,1.06481481481481,3,"Spring",90,0.957858661441756,0.860311183792933,0.00093339561681205,0.00137096999696951
"1760",1760,1632000,1990-03-10,67,0.971014492753623,1.01323251417769,3,"Spring",90,0.957858661441756,0.860311183792933,0.000555367891138303,0.00196763072199246
"1761",1761,1632000,1990-03-11,66,0.985074626865672,1.01447983960793,3,"Spring",90,0.957858661441756,0.860311183792933,0.000276674747510697,0.0022743460485799
"1762",1762,1632000,1990-03-12,63,0.954545454545455,0.96900826446281,3,"Spring",90,0.957858661441756,0.860311183792933,8.77763083622085e-05,0.00371230704513437
"1763",1763,1632000,1990-03-13,61,0.968253968253968,1.01436130007559,3,"Spring",90,0.957858661441756,0.860311183792933,9.4464532871541e-06,0.00417575861138175
"1764",1764,1632000,1990-03-14,58,0.950819672131147,0.981994087610857,3,"Spring",90,0.957858661441756,0.860311183792933,0,0.00448985190450912
"1765",1765,1632000,1990-03-15,56,0.96551724137931,1.01545778834721,3,"Spring",90,0.957858661441756,0.860311183792933,0,0.00454324013844598
"1766",1766,1632000,1990-03-16,56,1,1.03571428571429,3,"Spring",90,0.957858661441756,0.860311183792933,0,0
"1767",1767,1632000,1990-03-17,74,1.32142857142857,1.32142857142857,3,"Spring",90,0.957858661441756,0.860311183792933,0.139418995240703,0
"1768",1768,1632000,1990-03-18,70,0.945945945945946,0.715850986121256,3,"Spring",90,0.957858661441756,0.860311183792933,0.0335768966469914,0
"1769",1769,1632000,1990-03-19,65,0.928571428571429,0.981632653061224,3,"Spring",90,0.957858661441756,0.860311183792933,0.0603230996057392,0
"1770",1770,1632000,1990-04-25,114,0.942148760330578,1.00443958745987,4,"Spring",91,0.952471171044308,0.993109795507014,1.27728033660901e-06,0.00454548974812496
"1771",1771,1632000,1990-04-26,109,0.956140350877193,1.01485072329948,4,"Spring",91,0.952471171044308,0.993109795507014,0,0.00568673969246447
"1772",1772,1632000,1990-04-27,104,0.954128440366973,0.997895800016834,4,"Spring",91,0.952471171044308,0.993109795507014,0,0.00705201713572023
"1773",1773,1632000,1990-04-28,99,0.951923076923077,0.997688609467456,4,"Spring",91,0.952471171044308,0.993109795507014,0,0.00652331747551216
"1774",1774,1632000,1990-04-29,103,1.04040404040404,1.09294969901031,4,"Spring",91,0.952471171044308,0.993109795507014,0.0675746649503709,0
"1775",1775,1632000,1990-04-30,103,1,0.961165048543689,4,"Spring",91,0.952471171044308,0.993109795507014,0.0166587257990614,0
"1776",1776,1632000,1990-05-01,93,0.902912621359223,0.902912621359223,5,"Spring",91,0.952471171044308,0.993109795507014,0,0
"1777",1777,1632000,1990-05-02,85,0.913978494623656,1.01225575211007,5,"Spring",91,0.952471171044308,0.993109795507014,0,0.00471478897611632
"1778",1778,1632000,1990-05-03,78,0.917647058823529,1.00401384083045,5,"Spring",91,0.952471171044308,0.993109795507014,0,0.0047195946121974
"1779",1779,1632000,1990-05-04,75,0.961538461538462,1.04783037475345,5,"Spring",91,0.952471171044308,0.993109795507014,0.0280817430466414,0
"1780",1780,1632000,1990-05-05,77,1.02666666666667,1.06773333333333,5,"Spring",91,0.952471171044308,0.993109795507014,0.0830712642055005,0
"1781",1781,1632000,1990-05-06,71,0.922077922077922,0.898127846179794,5,"Spring",91,0.952471171044308,0.993109795507014,0,0
"1782",1782,1632000,1990-05-07,66,0.929577464788732,1.00813330688355,5,"Spring",91,0.952471171044308,0.993109795507014,0,0.0034180123693659
"1783",1783,1632000,1990-05-08,61,0.924242424242424,0.994260789715335,5,"Spring",91,0.952471171044308,0.993109795507014,0,0.00659538632316981
"1784",1784,1632000,1990-05-09,56,0.918032786885246,0.993281375974201,5,"Spring",91,0.952471171044308,0.993109795507014,0,0.00733362356822909
"1785",1785,1632000,1990-09-24,16,0.888888888888889,0.987654320987654,9,"Fall",92,0.932178096961565,0.991172112048736,0,0.000697460298397345
"1786",1786,1632000,1990-09-25,14,0.875,0.984375,9,"Fall",92,0.932178096961565,0.991172112048736,0,0.00449684201157652
"1787",1787,1632000,1990-09-26,13,0.928571428571429,1.06122448979592,9,"Fall",92,0.932178096961565,0.991172112048736,0,0.00411299365077866
"1788",1788,1632000,1990-09-27,12,0.923076923076923,0.994082840236686,9,"Fall",92,0.932178096961565,0.991172112048736,0,0.00569433916848539
"1789",1789,1632000,1990-09-28,11,0.916666666666667,0.993055555555555,9,"Fall",92,0.932178096961565,0.991172112048736,0,0.0056810204819584
"1790",1790,1632000,1990-09-29,10,0.909090909090909,0.991735537190083,9,"Fall",92,0.932178096961565,0.991172112048736,0,0.00618049676995724
"1791",1791,1632000,1990-09-30,9.8,0.98,1.078,9,"Fall",92,0.932178096961565,0.991172112048736,0,0.00301469333498971
"1792",1792,1632000,1990-10-01,9.2,0.938775510204081,0.957934194085797,10,"Fall",92,0.932178096961565,0.991172112048736,0,0
"1793",1793,1632000,1990-10-02,8.6,0.934782608695652,0.995746691871456,10,"Fall",92,0.932178096961565,0.991172112048736,0,0.00239085154316854
"1794",1794,1632000,1990-10-03,7.7,0.895348837209302,0.957815035154137,10,"Fall",92,0.932178096961565,0.991172112048736,0,0.00438868801575154
"1795",1795,1632000,1990-10-04,7.4,0.961038961038961,1.07336819025131,10,"Fall",92,0.932178096961565,0.991172112048736,0,0
"1796",1796,1632000,1990-10-05,6.9,0.932432432432432,0.970233747260774,10,"Fall",92,0.932178096961565,0.991172112048736,0,0
"1797",1797,1632000,1990-10-06,6.6,0.956521739130435,1.02583490863264,10,"Fall",92,0.932178096961565,0.991172112048736,0,0.00550384145753924
"1798",1798,1632000,1990-10-07,6.1,0.924242424242424,0.966253443526171,10,"Fall",92,0.932178096961565,0.991172112048736,0,0.00657398704788648
"1799",1799,1632000,1990-10-08,5.7,0.934426229508197,1.01101854340231,10,"Fall",92,0.932178096961565,0.991172112048736,0,0.00792391804861836
"1800",1800,1632000,1990-11-14,78,0.975,0.999375,11,"Fall",93,0.949906946343422,0.99403705651307,0.00191842215281213,0.000614505441262736
"1801",1801,1632000,1990-11-15,74,0.948717948717949,0.973044049967127,11,"Fall",93,0.949906946343422,0.99403705651307,0.00158548267063452,0.00102528343949704
"1802",1802,1632000,1990-11-16,70,0.945945945945946,0.997078159240321,11,"Fall",93,0.949906946343422,0.99403705651307,0.00122954150720034,0.00126751035350026
"1803",1803,1632000,1990-11-17,67,0.957142857142857,1.01183673469388,11,"Fall",93,0.949906946343422,0.99403705651307,0.00103576403853367,0
"1804",1804,1632000,1990-11-18,65,0.970149253731343,1.01358877255513,11,"Fall",93,0.949906946343422,0.99403705651307,0.00101254962646635,0
"1805",1805,1632000,1990-11-19,61,0.938461538461538,0.967337278106509,11,"Fall",93,0.949906946343422,0.99403705651307,0.000990189790172735,0
"1806",1806,1632000,1990-11-20,57,0.934426229508197,0.995700080623488,11,"Fall",93,0.949906946343422,0.99403705651307,0.000899630871572299,0.000815925654023885
"1807",1807,1632000,1990-11-21,53,0.929824561403509,0.99507540781779,11,"Fall",93,0.949906946343422,0.99403705651307,0.000733181934265304,0.000909016254809104
"1808",1808,1632000,1990-11-22,50,0.943396226415094,1.01459594161623,11,"Fall",93,0.949906946343422,0.99403705651307,0.000581708938625525,0.000962863719905727
"1809",1809,1632000,1990-11-23,49,0.98,1.0388,11,"Fall",93,0.949906946343422,0.99403705651307,0.000509551455252222,0
"1810",1810,1632000,1990-11-24,46,0.938775510204082,0.957934194085798,11,"Fall",93,0.949906946343422,0.99403705651307,0.000502385168147157,0
"1811",1811,1632000,1990-11-25,45,0.978260869565217,1.04206049149338,11,"Fall",93,0.949906946343422,0.99403705651307,0.000478677096907631,0.00041592397246859
"1812",1812,1632000,1990-11-26,43,0.955555555555556,0.97679012345679,11,"Fall",93,0.949906946343422,0.99403705651307,0.000384112406209169,0.00138083546698908
"1813",1813,1632000,1990-11-27,40,0.930232558139535,0.973499188750676,11,"Fall",93,0.949906946343422,0.99403705651307,0.000264163906649628,0.00150275247142417
"1814",1814,1632000,1991-01-26,159,0.832460732984293,1.00679805926373,1,"Winter",94,0.949581142314623,0.787443963365966,0.0109348968544509,0
"1815",1815,1632000,1991-01-27,150,0.943396226415094,1.13326213361813,1,"Winter",94,0.949581142314623,0.787443963365966,0.00997024800744839,0
"1816",1816,1632000,1991-01-28,141,0.94,0.9964,1,"Winter",94,0.949581142314623,0.787443963365966,0.00902612632489763,0
"1817",1817,1632000,1991-01-29,128,0.907801418439716,0.965746189829485,1,"Winter",94,0.949581142314623,0.787443963365966,0.00826242807670497,0
"1818",1818,1632000,1991-01-30,118,0.921875,1.0155029296875,1,"Winter",94,0.949581142314623,0.787443963365966,0.0600142632029019,0
"1819",1819,1632000,1991-01-31,117,0.991525423728814,1.07555300201092,1,"Winter",94,0.949581142314623,0.787443963365966,0.0175765636668075,0
"1820",1820,1632000,1991-02-01,101,0.863247863247863,0.87062605011323,2,"Winter",94,0.949581142314623,0.787443963365966,0.00712511173333041,0
"1821",1821,1632000,1991-02-02,92,0.910891089108911,1.05519066758161,2,"Winter",94,0.949581142314623,0.787443963365966,0.00653420068556443,0
"1822",1822,1632000,1991-02-03,86,0.934782608695652,1.02622873345936,2,"Winter",94,0.949581142314623,0.787443963365966,0.00612495333189145,0
"1823",1823,1632000,1991-02-04,81,0.941860465116279,1.00757166035695,2,"Winter",94,0.949581142314623,0.787443963365966,0.0056440571352141,0.000170245139088365
"1824",1824,1632000,1991-02-05,78,0.962962962962963,1.02240512117055,2,"Winter",94,0.949581142314623,0.787443963365966,0.00479264282330405,0.000379318022169173
"1825",1825,1632000,1991-02-06,87,1.11538461538462,1.15828402366864,2,"Winter",94,0.949581142314623,0.787443963365966,0.0660605434968602,0
"1826",1826,1632000,1991-02-07,93,1.06896551724138,0.958382877526754,2,"Winter",94,0.949581142314623,0.787443963365966,0.115064287398127,0
"1827",1827,1632000,1991-02-08,91,0.978494623655914,0.915365938258758,2,"Winter",94,0.949581142314623,0.787443963365966,0.00483253832499031,0
"1828",1828,1632000,1991-02-09,89,0.978021978021978,0.999516966549933,2,"Winter",94,0.949581142314623,0.787443963365966,0.00458249845542014,0
"1829",1829,1632000,1991-07-15,64,0.771084337349398,1.01262882856728,7,"Summer",95,0.915091034459308,0.8944899890095,0,0.0141201655351324
"1830",1830,1632000,1991-07-16,52,0.8125,1.0537109375,7,"Summer",95,0.915091034459308,0.8944899890095,0,0.015441909301444
"1831",1831,1632000,1991-07-17,44,0.846153846153846,1.0414201183432,7,"Summer",95,0.915091034459308,0.8944899890095,0,0.0149296341696754
"1832",1832,1632000,1991-07-18,38,0.863636363636364,1.02066115702479,7,"Summer",95,0.915091034459308,0.8944899890095,0,0.0179662329974235
"1833",1833,1632000,1991-07-19,35,0.921052631578947,1.06648199445983,7,"Summer",95,0.915091034459308,0.8944899890095,0,0.0172227505754563
"1834",1834,1632000,1991-07-20,32,0.914285714285714,0.99265306122449,7,"Summer",95,0.915091034459308,0.8944899890095,0,0.0174872128191055
"1835",1835,1632000,1991-07-21,29,0.90625,0.9912109375,7,"Summer",95,0.915091034459308,0.8944899890095,0,0.0160072677244898
"1836",1836,1632000,1991-07-22,25,0.862068965517241,0.951248513674197,7,"Summer",95,0.915091034459308,0.8944899890095,0,0
"1837",1837,1632000,1991-07-23,23,0.92,1.0672,7,"Summer",95,0.915091034459308,0.8944899890095,0,0
"1838",1838,1632000,1991-07-24,21,0.91304347826087,0.992438563327032,7,"Summer",95,0.915091034459308,0.8944899890095,0,0
"1839",1839,1632000,1991-07-25,22,1.04761904761905,1.14739229024943,7,"Summer",95,0.915091034459308,0.8944899890095,0,0
"1840",1840,1632000,1991-07-26,24,1.09090909090909,1.04132231404959,7,"Summer",95,0.915091034459308,0.8944899890095,0,0
"1841",1841,1632000,1991-07-27,22,0.916666666666667,0.840277777777778,7,"Summer",95,0.915091034459308,0.8944899890095,0,0
"1842",1842,1632000,1991-07-28,20,0.909090909090909,0.991735537190083,7,"Summer",95,0.915091034459308,0.8944899890095,0,0
"1843",1843,1632000,1991-12-13,69,0.884615384615385,1.00936883629191,12,"Winter",96,0.92787254554474,0.977082339553702,0,0
"1844",1844,1632000,1991-12-14,63,0.91304347826087,1.03213610586011,12,"Winter",96,0.92787254554474,0.977082339553702,0,0
"1845",1845,1632000,1991-12-15,56,0.888888888888889,0.973544973544974,12,"Winter",96,0.92787254554474,0.977082339553702,0,0
"1846",1846,1632000,1991-12-16,52,0.928571428571429,1.04464285714286,12,"Winter",96,0.92787254554474,0.977082339553702,0,0
"1847",1847,1632000,1991-12-17,48,0.923076923076923,0.994082840236686,12,"Winter",96,0.92787254554474,0.977082339553702,0,0
"1848",1848,1632000,1991-12-18,44,0.916666666666667,0.993055555555555,12,"Winter",96,0.92787254554474,0.977082339553702,0,0
"1849",1849,1632000,1991-12-19,39,0.886363636363636,0.966942148760331,12,"Winter",96,0.92787254554474,0.977082339553702,0,0
"1850",1850,1632000,1991-12-20,35,0.897435897435897,1.01249178172255,12,"Winter",96,0.92787254554474,0.977082339553702,0,0.000197615237993887
"1851",1851,1632000,1991-12-21,35,1,1.11428571428571,12,"Winter",96,0.92787254554474,0.977082339553702,0,0.00144331598403369
"1852",1852,1632000,1991-12-22,33,0.942857142857143,0.942857142857143,12,"Winter",96,0.92787254554474,0.977082339553702,0,0.00112137989344774
"1853",1853,1632000,1991-12-23,31,0.939393939393939,0.996326905417815,12,"Winter",96,0.92787254554474,0.977082339553702,0,0
"1854",1854,1632000,1991-12-24,30,0.967741935483871,1.03017689906348,12,"Winter",96,0.92787254554474,0.977082339553702,0.00100021468824707,0
"1855",1855,1632000,1991-12-25,28,0.933333333333333,0.964444444444444,12,"Winter",96,0.92787254554474,0.977082339553702,0,0
"1856",1856,1632000,1991-12-26,26,0.928571428571429,0.994897959183674,12,"Winter",96,0.92787254554474,0.977082339553702,0,0
"1857",1857,1632000,1992-05-18,303,0.793193717277487,0.986301088237713,5,"Spring",97,0.902907877461327,0.972926722832715,0.0566451396098273,0.00275440603581956
"1858",1858,1632000,1992-05-19,270,0.891089108910891,1.12341927262033,5,"Spring",97,0.902907877461327,0.972926722832715,0.0174635262665106,0
"1859",1859,1632000,1992-05-20,234,0.866666666666667,0.972592592592593,5,"Spring",97,0.902907877461327,0.972926722832715,0.00162341332179494,0
"1860",1860,1632000,1992-05-21,188,0.803418803418803,0.927021696252465,5,"Spring",97,0.902907877461327,0.972926722832715,0.00131125965344836,0.00230917857425084
"1861",1861,1632000,1992-05-22,157,0.835106382978723,1.03944092349479,5,"Spring",97,0.902907877461327,0.972926722832715,0.000565417741199781,0.00468635049019639
"1862",1862,1632000,1992-05-23,136,0.866242038216561,1.03728345977524,5,"Spring",97,0.902907877461327,0.972926722832715,0.000119917319750584,0.00609998825865432
"1863",1863,1632000,1992-05-24,121,0.889705882352941,1.02708693771626,5,"Spring",97,0.902907877461327,0.972926722832715,1.24375820576006e-05,0.000557677063625306
"1864",1864,1632000,1992-05-25,116,0.958677685950413,1.07752202718394,5,"Spring",97,0.902907877461327,0.972926722832715,1.04099379996114e-05,0
"1865",1865,1632000,1992-05-26,111,0.956896551724138,0.99814209274673,5,"Spring",97,0.902907877461327,0.972926722832715,0.0375609954753315,0
"1866",1866,1632000,1992-05-27,114,1.02702702702703,1.07328950572194,5,"Spring",97,0.902907877461327,0.972926722832715,0.00308531006055545,0
"1867",1867,1632000,1992-05-28,100,0.87719298245614,0.854108956602031,5,"Spring",97,0.902907877461327,0.972926722832715,1.45593563161128e-05,0
"1868",1868,1632000,1992-05-29,88,0.88,1.0032,5,"Spring",97,0.902907877461327,0.972926722832715,1.0876802022608e-05,0.00150106900946412
"1869",1869,1632000,1992-05-30,81,0.920454545454545,1.04597107438017,5,"Spring",97,0.902907877461327,0.972926722832715,4.53149232271244e-06,0
"1870",1870,1632000,1992-05-31,79,0.975308641975309,1.05959457399787,5,"Spring",97,0.902907877461327,0.972926722832715,3.86952113728967e-06,0.000742146248740027
"1871",1871,1632000,1992-06-01,70,0.886075949367089,0.908508251882711,6,"Summer",97,0.902907877461327,0.972926722832715,8.24502044860509e-07,0.00530517479319315
"1872",1872,1632000,1992-06-02,62,0.885714285714286,0.999591836734694,6,"Summer",97,0.902907877461327,0.972926722832715,0,0.00653377130583976
"1873",1873,1632000,1992-06-03,56,0.903225806451613,1.01977107180021,6,"Summer",97,0.902907877461327,0.972926722832715,0,0.00768814149887476
"1874",1874,1632000,1992-08-06,26,0.8125,0.990234375,8,"Summer",98,0.940929129830128,0.941492051298881,0,0.0113693667699408
"1875",1875,1632000,1992-08-07,23,0.884615384615385,1.0887573964497,8,"Summer",98,0.940929129830128,0.941492051298881,0,0.0133107897127047
"1876",1876,1632000,1992-08-08,20,0.869565217391304,0.982986767485822,8,"Summer",98,0.940929129830128,0.941492051298881,0,0.0083913803100586
"1877",1877,1632000,1992-08-09,19,0.95,1.0925,8,"Summer",98,0.940929129830128,0.941492051298881,0,0
"1878",1878,1632000,1992-08-10,17,0.894736842105263,0.941828254847645,8,"Summer",98,0.940929129830128,0.941492051298881,0,0.0143769112601149
"1879",1879,1632000,1992-08-11,16,0.941176470588235,1.05190311418685,8,"Summer",98,0.940929129830128,0.941492051298881,0,0
"1880",1880,1632000,1992-08-12,15,0.9375,0.99609375,8,"Summer",98,0.940929129830128,0.941492051298881,0,0.00341957078489941
"1881",1881,1632000,1992-08-13,16,1.06666666666667,1.13777777777778,8,"Summer",98,0.940929129830128,0.941492051298881,0,0.00458305650499824
"1882",1882,1632000,1992-08-14,17,1.0625,0.99609375,8,"Summer",98,0.940929129830128,0.941492051298881,0.00596168503398076,0
"1883",1883,1632000,1992-08-15,16,0.941176470588235,0.885813148788927,8,"Summer",98,0.940929129830128,0.941492051298881,0,0
"1884",1884,1632000,1992-08-16,15,0.9375,0.99609375,8,"Summer",98,0.940929129830128,0.941492051298881,0,0
"1885",1885,1632000,1992-08-17,14,0.933333333333333,0.995555555555556,8,"Summer",98,0.940929129830128,0.941492051298881,0,0.00782337581040338
"1886",1886,1632000,1992-08-18,14,1,1.07142857142857,8,"Summer",98,0.940929129830128,0.941492051298881,0,0.0111068404657999
"1887",1887,1632000,1992-08-19,13,0.928571428571429,0.928571428571429,8,"Summer",98,0.940929129830128,0.941492051298881,0,0.00782299498678185
"1888",1888,1632000,1992-08-20,12,0.923076923076923,0.994082840236686,8,"Summer",98,0.940929129830128,0.941492051298881,0,0.00962393509689717
"1889",1889,1632000,1992-08-21,11,0.916666666666667,0.993055555555555,8,"Summer",98,0.940929129830128,0.941492051298881,0,0.0115224159126228
"1890",1890,1632000,1992-08-22,10,0.909090909090909,0.991735537190083,8,"Summer",98,0.940929129830128,0.941492051298881,0,0.012396347388858
"1891",1891,1632000,1992-08-23,9.1,0.91,1.001,8,"Summer",98,0.940929129830128,0.941492051298881,0,0.00716076020762557
"1892",1892,1632000,1992-08-24,8,0.879120879120879,0.966066900132834,8,"Summer",98,0.940929129830128,0.941492051298881,0,0
"1893",1893,1632000,1992-08-25,7,0.875,0.9953125,8,"Summer",98,0.940929129830128,0.941492051298881,0,0
"1894",1894,1632000,1992-08-26,6.5,0.928571428571429,1.06122448979592,8,"Summer",98,0.940929129830128,0.941492051298881,0,0
"1895",1895,1632000,1992-08-27,6.1,0.938461538461538,1.01065088757396,8,"Summer",98,0.940929129830128,0.941492051298881,0,0
"1896",1896,1632000,1993-01-26,205,0.833333333333333,0.972222222222222,1,"Winter",99,0.931740730521851,0.924488522260553,0.00318261135544162,0
"1897",1897,1632000,1993-01-27,185,0.902439024390244,1.08292682926829,1,"Winter",99,0.931740730521851,0.924488522260553,0.00304765946930274,0
"1898",1898,1632000,1993-01-28,168,0.908108108108108,1.00628195763331,1,"Winter",99,0.931740730521851,0.924488522260553,0.00292208926839521,0
"1899",1899,1632000,1993-01-29,151,0.898809523809524,0.989760487528345,1,"Winter",99,0.931740730521851,0.924488522260553,0.00280519747320796,0
"1900",1900,1632000,1993-01-30,131,0.867549668874172,0.965220823648086,1,"Winter",99,0.931740730521851,0.924488522260553,0.00269554401165806,0
"1901",1901,1632000,1993-01-31,120,0.916030534351145,1.05588252432842,1,"Winter",99,0.931740730521851,0.924488522260553,0.00259285527135944,0
"1902",1902,1632000,1993-02-01,113,0.941666666666667,1.02798611111111,2,"Winter",99,0.931740730521851,0.924488522260553,0.00249652708589565,0
"1903",1903,1632000,1993-02-02,97,0.858407079646018,0.911582739447098,2,"Winter",99,0.931740730521851,0.924488522260553,0.00240602115081856,0
"1904",1904,1632000,1993-02-03,91,0.938144329896907,1.09288978637475,2,"Winter",99,0.931740730521851,0.924488522260553,0.00232085629977519,0
"1905",1905,1632000,1993-02-04,85,0.934065934065934,0.995652698949402,2,"Winter",99,0.931740730521851,0.924488522260553,0.00219484847184503,0.000241915689912275
"1906",1906,1632000,1993-02-05,75,0.882352941176471,0.944636678200692,2,"Winter",99,0.931740730521851,0.924488522260553,0.00190156658936758,0.000693594163749368
"1907",1907,1632000,1993-02-06,72,0.96,1.088,2,"Winter",99,0.931740730521851,0.924488522260553,0.00161445363482926,0.000279320831396035
"1908",1908,1632000,1993-02-07,67,0.930555555555556,0.969328703703704,2,"Winter",99,0.931740730521851,0.924488522260553,0.00149084495205898,0.000128606885937188
"1909",1909,1632000,1993-02-08,63,0.940298507462687,1.01047003787035,2,"Winter",99,0.931740730521851,0.924488522260553,0.00133265574913821,0.000614736194620491
"1910",1910,1632000,1993-02-09,61,0.968253968253968,1.02973041068279,2,"Winter",99,0.931740730521851,0.924488522260553,0.00115225716217537,0.000290172286440793
"1911",1911,1632000,1993-02-10,57,0.934426229508197,0.965063155065843,2,"Winter",99,0.931740730521851,0.924488522260553,0.000980868644546717,0.000836767105283798
"1912",1912,1632000,1993-02-11,54,0.947368421052632,1.01385041551247,2,"Winter",99,0.931740730521851,0.924488522260553,0.000753491729483358,0.000965677773820061
"1913",1913,1632000,1993-02-12,62,1.14814814814815,1.2119341563786,2,"Winter",99,0.931740730521851,0.924488522260553,0.000631845610769233,0
"1914",1914,1632000,1993-02-13,63,1.01612903225806,0.885015608740895,2,"Winter",99,0.931740730521851,0.924488522260553,0.0798151779508772,0
"1915",1915,1632000,1993-02-14,61,0.968253968253968,0.952884857646762,2,"Winter",99,0.931740730521851,0.924488522260553,0.00927326838063891,0
"1916",1916,1632000,1993-02-15,59,0.967213114754098,0.998925020155872,2,"Winter",99,0.931740730521851,0.924488522260553,0.0210926844629285,0
"1917",1917,1632000,1993-04-29,430,0.769230769230769,1.0279344984175,4,"Spring",100,0.916085368286384,0.90960922541354,0.0126184230903164,1.41692103170499e-05
"1918",1918,1632000,1993-04-30,338,0.786046511627907,1.02186046511628,4,"Spring",100,0.916085368286384,0.90960922541354,0.00894606512156315,0.00061621842393933
"1919",1919,1632000,1993-05-01,270,0.798816568047337,1.01624592976436,5,"Spring",100,0.916085368286384,0.90960922541354,0.00431560759898275,0.00132133213439545
"1920",1920,1632000,1993-05-02,220,0.814814814814815,1.02002743484225,5,"Spring",100,0.916085368286384,0.90960922541354,0.00166105526659521,0.00217066799450549
"1921",1921,1632000,1993-05-03,183,0.831818181818182,1.02086776859504,5,"Spring",100,0.916085368286384,0.90960922541354,0.000467184752778848,0.00245948414624308
"1922",1922,1632000,1993-05-04,165,0.901639344262295,1.08393800949566,5,"Spring",100,0.916085368286384,0.90960922541354,0.000135988710553647,0.000651432172162458
"1923",1923,1632000,1993-05-05,231,1.4,1.55272727272727,5,"Spring",100,0.916085368286384,0.90960922541354,9.39950950851198e-05,0
"1924",1924,1632000,1993-05-06,204,0.883116883116883,0.630797773654917,5,"Spring",100,0.916085368286384,0.90960922541354,9.36527867452241e-05,0
"1925",1925,1632000,1993-05-07,178,0.872549019607843,0.988033448673587,5,"Spring",100,0.916085368286384,0.90960922541354,6.26654353368395e-05,0.00176546598072491
"1926",1926,1632000,1993-05-08,159,0.893258426966292,1.0237343769726,5,"Spring",100,0.916085368286384,0.90960922541354,6.43364446384354e-06,0.00363396420243589
"1927",1927,1632000,1993-05-09,144,0.905660377358491,1.01388394446422,5,"Spring",100,0.916085368286384,0.90960922541354,0,0.00502962185419165
"1928",1928,1632000,1993-05-10,131,0.909722222222222,1.0044849537037,5,"Spring",100,0.916085368286384,0.90960922541354,0,0.00635355796248405
"1929",1929,1632000,1993-05-11,120,0.916030534351145,1.00693432783637,5,"Spring",100,0.916085368286384,0.90960922541354,0,0.00705845191259868
"1930",1930,1632000,1993-05-12,111,0.925,1.00979166666667,5,"Spring",100,0.916085368286384,0.90960922541354,0,0.00451080623315647
"1931",1931,1632000,1993-05-21,54,0.857142857142857,1.02040816326531,5,"Spring",101,0.930049874703733,0.981991898230292,0,0
"1932",1932,1632000,1993-05-22,49,0.907407407407407,1.05864197530864,5,"Spring",101,0.930049874703733,0.981991898230292,0,0.00268695892918913
"1933",1933,1632000,1993-05-23,45,0.918367346938776,1.01207830070804,5,"Spring",101,0.930049874703733,0.981991898230292,0,0.00519599531433812
"1934",1934,1632000,1993-05-24,41,0.911111111111111,0.992098765432099,5,"Spring",101,0.930049874703733,0.981991898230292,0,0.00765588449939969
"1935",1935,1632000,1993-05-25,37,0.902439024390244,0.990481856038073,5,"Spring",101,0.930049874703733,0.981991898230292,0,0.00873510286692181
"1936",1936,1632000,1993-05-26,34,0.918918918918919,1.01826150474799,5,"Spring",101,0.930049874703733,0.981991898230292,0,0.00741365352496359
"1937",1937,1632000,1993-05-27,32,0.941176470588235,1.0242214532872,5,"Spring",101,0.930049874703733,0.981991898230292,0,0.00848729309450391
"1938",1938,1632000,1993-05-28,29,0.90625,0.962890625,5,"Spring",101,0.930049874703733,0.981991898230292,0,0.0112223281512342
"1939",1939,1632000,1993-05-29,27,0.931034482758621,1.02734839476813,5,"Spring",101,0.930049874703733,0.981991898230292,0,0.00991803797478497
"1940",1940,1632000,1993-05-30,25,0.925925925925926,0.994513031550069,5,"Spring",101,0.930049874703733,0.981991898230292,0,0.00812426621223494
"1941",1941,1632000,1993-05-31,24,0.96,1.0368,5,"Spring",101,0.930049874703733,0.981991898230292,0,0.00756528071360663
"1942",1942,1632000,1993-06-01,23,0.958333333333333,0.998263888888889,6,"Summer",101,0.930049874703733,0.981991898230292,0,0.00395633588050259
"1943",1943,1632000,1993-06-02,22,0.956521739130435,0.998109640831758,6,"Summer",101,0.930049874703733,0.981991898230292,0,0.00793084425458801
"1944",1944,1632000,1993-06-03,21,0.954545454545455,0.997933884297521,6,"Summer",101,0.930049874703733,0.981991898230292,0,0.00306002004072071
"1945",1945,1632000,1994-04-19,242,0.846153846153846,1.02958579881657,4,"Spring",102,0.999010941464117,0.000227572275062866,0.0054453535558423,0.000834885919630324
"1946",1946,1632000,1994-04-20,210,0.867768595041322,1.02554470323065,4,"Spring",102,0.999010941464117,0.000227572275062866,0.00271376847376814,0.000956343680627469
"1947",1947,1632000,1994-04-21,179,0.852380952380952,0.982267573696145,4,"Spring",102,0.999010941464117,0.000227572275062866,0.00149889593740227,0.00095769771724008
"1948",1948,1632000,1994-04-22,169,0.94413407821229,1.1076433319809,4,"Spring",102,0.999010941464117,0.000227572275062866,0.000996195132756839,0
"1949",1949,1632000,1994-04-23,153,0.905325443786982,0.958894996673786,4,"Spring",102,0.999010941464117,0.000227572275062866,0.000858805518873851,0.0006430661851482
"1950",1950,1632000,1994-04-24,138,0.901960784313726,0.996283480712546,4,"Spring",102,0.999010941464117,0.000227572275062866,0.000434687007327739,0.00173969092429615
"1951",1951,1632000,1994-04-25,127,0.920289855072464,1.0203213610586,4,"Spring",102,0.999010941464117,0.000227572275062866,0.000104283002201555,0.00250586933543673
"1952",1952,1632000,1994-04-26,119,0.937007874015748,1.01816603633207,4,"Spring",102,0.999010941464117,0.000227572275062866,6.52398570366586e-06,0.00361723229434574
"1953",1953,1632000,1994-04-27,115,0.966386554621849,1.03135371795777,4,"Spring",102,0.999010941464117,0.000227572275062866,0,0.000189188082003966
"1954",1954,1632000,1994-04-28,107,0.930434782608696,0.962797731568998,4,"Spring",102,0.999010941464117,0.000227572275062866,0,0
"1955",1955,1632000,1994-04-29,101,0.94392523364486,1.01449908288934,4,"Spring",102,0.999010941464117,0.000227572275062866,0.0392793715000153,0
"1956",1956,1632000,1994-04-30,230,2.27722772277228,2.41250857759043,4,"Spring",102,0.999010941464117,0.000227572275062866,0.00240088230930269,0
"1957",1957,1632000,1994-05-01,164,0.71304347826087,0.313119092627599,5,"Spring",102,0.999010941464117,0.000227572275062866,0.047668129322119,0
"1958",1958,1632000,1994-05-02,136,0.829268292682927,1.16299821534801,5,"Spring",102,0.999010941464117,0.000227572275062866,0,0
"1959",1959,1632000,1994-05-03,115,0.845588235294118,1.01967993079585,5,"Spring",102,0.999010941464117,0.000227572275062866,0.00712850829586387,0
"1960",1960,1632000,1994-05-04,240,2.08695652173913,2.46805293005671,5,"Spring",102,0.999010941464117,0.000227572275062866,0.266647240850944,0
"1961",1961,1632000,1994-05-05,360,1.5,0.71875,5,"Spring",102,0.999010941464117,0.000227572275062866,0.0375093164566352,0
"1962",1962,1632000,1994-05-06,340,0.944444444444444,0.62962962962963,5,"Spring",102,0.999010941464117,0.000227572275062866,0.000608761665716884,0
"1963",1963,1632000,1994-05-07,330,0.970588235294118,1.02768166089965,5,"Spring",102,0.999010941464117,0.000227572275062866,0.233811221216456,0
"1964",1964,1632000,1994-05-15,150,0.833333333333333,0.972222222222222,5,"Spring",103,0.913117109626482,0.980114179592334,0.000825753371827887,0.00226822576496488
"1965",1965,1632000,1994-05-16,136,0.906666666666667,1.088,5,"Spring",103,0.913117109626482,0.980114179592334,0.000284683679637965,0
"1966",1966,1632000,1994-05-17,115,0.845588235294118,0.932634083044983,5,"Spring",103,0.913117109626482,0.980114179592334,0.000282656944364135,0
"1967",1967,1632000,1994-05-18,99,0.860869565217391,1.01807183364839,5,"Spring",103,0.913117109626482,0.980114179592334,0.000201552702947083,0.00130820031836265
"1968",1968,1632000,1994-05-19,86,0.868686868686869,1.0090807060504,5,"Spring",103,0.913117109626482,0.980114179592334,5.50962422209977e-05,0.00185065286177632
"1969",1969,1632000,1994-05-20,77,0.895348837209302,1.03069226608978,5,"Spring",103,0.913117109626482,0.980114179592334,4.25964347572361e-06,0.00221253290237655
"1970",1970,1632000,1994-05-21,68,0.883116883116883,0.986338336987688,5,"Spring",103,0.913117109626482,0.980114179592334,0,0.0030388788854907
"1971",1971,1632000,1994-05-22,59,0.867647058823529,0.982482698961938,5,"Spring",103,0.913117109626482,0.980114179592334,0,0.00436767050961451
"1972",1972,1632000,1994-05-23,53,0.898305084745763,1.03533467394427,5,"Spring",103,0.913117109626482,0.980114179592334,0,0.00593485073841293
"1973",1973,1632000,1994-05-24,48,0.905660377358491,1.00818796724813,5,"Spring",103,0.913117109626482,0.980114179592334,0,0.00662553245274466
"1974",1974,1632000,1994-05-25,46,0.958333333333333,1.05815972222222,5,"Spring",103,0.913117109626482,0.980114179592334,0,0.0060776405443903
"1975",1975,1632000,1994-05-26,45,0.978260869565217,1.02079395085066,5,"Spring",103,0.913117109626482,0.980114179592334,0,0
"1976",1976,1632000,1994-05-27,41,0.911111111111111,0.931358024691358,5,"Spring",103,0.913117109626482,0.980114179592334,0,0
"1977",1977,1632000,1994-05-28,37,0.902439024390244,0.990481856038073,5,"Spring",103,0.913117109626482,0.980114179592334,0,0.00400197829185345
"1978",1978,1632000,1994-05-29,34,0.918918918918919,1.01826150474799,5,"Spring",103,0.913117109626482,0.980114179592334,0,0.00701633353764919
"1979",1979,1632000,1994-05-30,31,0.911764705882353,0.992214532871972,5,"Spring",103,0.913117109626482,0.980114179592334,0,0.00890670803210013
"1980",1980,1632000,1994-05-31,28,0.903225806451613,0.990634755463059,5,"Spring",103,0.913117109626482,0.980114179592334,0,0.00969512112260419
"1981",1981,1632000,1994-06-01,25,0.892857142857143,0.988520408163265,6,"Summer",103,0.913117109626482,0.980114179592334,0,0.0109406603394291
"1982",1982,1632000,1994-06-02,24,0.96,1.0752,6,"Summer",103,0.913117109626482,0.980114179592334,0,0.00819935696654284
"1983",1983,1632000,1994-06-03,22,0.916666666666667,0.954861111111111,6,"Summer",103,0.913117109626482,0.980114179592334,0,0.00837082954694779
"1984",1984,1632000,1994-06-04,21,0.954545454545455,1.04132231404959,6,"Summer",103,0.913117109626482,0.980114179592334,0,0.010815704408742
"1985",1985,1632000,1994-06-05,20,0.952380952380952,0.997732426303855,6,"Summer",103,0.913117109626482,0.980114179592334,0,0.0127810744370436
"1986",1986,1632000,1994-06-06,19,0.95,0.9975,6,"Summer",103,0.913117109626482,0.980114179592334,0,0.0119616657375445
"1987",1987,1632000,1994-08-21,235,0.476673427991886,1.00555854992203,8,"Summer",104,0.898137329009405,0.926220671879388,0.00861330737825483,0.000198680823814357
"1988",1988,1632000,1994-08-22,169,0.719148936170213,1.50868266183794,8,"Summer",104,0.898137329009405,0.926220671879388,0.0420787759940139,0
"1989",1989,1632000,1994-08-23,125,0.739644970414201,1.02850040264697,8,"Summer",104,0.898137329009405,0.926220671879388,0.00734349308186211,0
"1990",1990,1632000,1994-08-24,94,0.752,1.016704,8,"Summer",104,0.898137329009405,0.926220671879388,0.00665107381064445,0.000367455921150395
"1991",1991,1632000,1994-08-25,73,0.776595744680851,1.03270710728837,8,"Summer",104,0.898137329009405,0.926220671879388,0.00456022331491113,0.00300461236474803
"1992",1992,1632000,1994-08-26,60,0.821917808219178,1.05835991743291,8,"Summer",104,0.898137329009405,0.926220671879388,0.00226004348223796,0.00380814116942929
"1993",1993,1632000,1994-08-27,51,0.85,1.03416666666667,8,"Summer",104,0.898137329009405,0.926220671879388,0.000958476468440494,0.00370730491613358
"1994",1994,1632000,1994-08-28,44,0.862745098039216,1.01499423298731,8,"Summer",104,0.898137329009405,0.926220671879388,0.000343450289165048,0.00560463657529908
"1995",1995,1632000,1994-08-29,38,0.863636363636364,1.00103305785124,8,"Summer",104,0.898137329009405,0.926220671879388,6.17983933466348e-05,0.00534511768637458
"1996",1996,1632000,1994-08-30,35,0.921052631578947,1.06648199445983,8,"Summer",104,0.898137329009405,0.926220671879388,4.58190995722418e-06,0.00462725920442608
"1997",1997,1632000,1994-08-31,32,0.914285714285714,0.99265306122449,8,"Summer",104,0.898137329009405,0.926220671879388,0,0.0022049053441151
"1998",1998,1632000,1994-09-01,29,0.90625,0.9912109375,9,"Fall",104,0.898137329009405,0.926220671879388,0.00904885027557612,0
"1999",1999,1632000,1994-09-02,27,0.931034482758621,1.02734839476813,9,"Fall",104,0.898137329009405,0.926220671879388,0,0.000117091763968347
"2000",2000,1632000,1994-09-03,24,0.888888888888889,0.954732510288066,9,"Fall",104,0.898137329009405,0.926220671879388,0,0.00443246214126702
"2001",2001,1632000,1994-09-04,23,0.958333333333333,1.078125,9,"Fall",104,0.898137329009405,0.926220671879388,0,0.00437355791655136
"2002",2002,1632000,1994-09-05,22,0.956521739130435,0.998109640831758,9,"Fall",104,0.898137329009405,0.926220671879388,0,0.00542232653970132
"2003",2003,1632000,1994-09-06,21,0.954545454545455,0.997933884297521,9,"Fall",104,0.898137329009405,0.926220671879388,0,0.00632255413802341
"2004",2004,1632000,1994-09-07,19,0.904761904761905,0.947845804988662,9,"Fall",104,0.898137329009405,0.926220671879388,0,0.00648308681411436
"2005",2005,1632000,1994-09-08,17,0.894736842105263,0.988919667590028,9,"Fall",104,0.898137329009405,0.926220671879388,0,0.00640017738987808
"2006",2006,1632000,1994-09-09,16,0.941176470588235,1.05190311418685,9,"Fall",104,0.898137329009405,0.926220671879388,0,0.00717015853297198
"2007",2007,1632000,1994-09-10,15,0.9375,0.99609375,9,"Fall",104,0.898137329009405,0.926220671879388,0,0.00689662210334063
"2008",2008,1632000,1994-09-11,14,0.933333333333333,0.995555555555556,9,"Fall",104,0.898137329009405,0.926220671879388,0,0.0037519600809901
"2009",2009,1632000,1994-09-12,13,0.928571428571429,0.994897959183674,9,"Fall",104,0.898137329009405,0.926220671879388,0,0.00656348665961559
"2010",2010,1632000,1994-09-13,12,0.923076923076923,0.994082840236686,9,"Fall",104,0.898137329009405,0.926220671879388,0,0.00802033328864128
"2011",2011,1632000,1994-09-14,11,0.916666666666667,0.993055555555555,9,"Fall",104,0.898137329009405,0.926220671879388,0,0.00992959881023125
"2012",2012,1632000,1994-09-15,10,0.909090909090909,0.991735537190083,9,"Fall",104,0.898137329009405,0.926220671879388,0,0.0100807890921715
"2013",2013,1632000,1994-09-21,6.6,0.942857142857143,0.983265306122449,9,"Fall",105,0.977797322722341,0.971226155218496,0,0.0070444564371428
"2014",2014,1632000,1994-09-22,7.4,1.12121212121212,1.18916437098255,9,"Fall",105,0.977797322722341,0.971226155218496,0.105215234216302,0
"2015",2015,1632000,1994-09-23,8,1.08108108108108,0.964207450693937,9,"Fall",105,0.977797322722341,0.971226155218496,0.0425284093362279,0
"2016",2016,1632000,1994-09-24,7.4,0.925,0.855625,9,"Fall",105,0.977797322722341,0.971226155218496,0,0
"2017",2017,1632000,1994-09-25,6.7,0.905405405405405,0.97881665449233,9,"Fall",105,0.977797322722341,0.971226155218496,0,0.00451993830210994
"2018",2018,1632000,1994-09-26,7.1,1.05970149253731,1.17041657384718,9,"Fall",105,0.977797322722341,0.971226155218496,0.0441760268295183,0
"2019",2019,1632000,1994-09-27,6.8,0.957746478873239,0.903788930767705,9,"Fall",105,0.977797322722341,0.971226155218496,0,0
"2020",2020,1632000,1994-09-28,6.3,0.926470588235294,0.967344290657439,9,"Fall",105,0.977797322722341,0.971226155218496,0,0.00382996822008863
"2021",2021,1632000,1994-09-29,6,0.952380952380952,1.02796674225246,9,"Fall",105,0.977797322722341,0.971226155218496,0,0.00416772677272093
"2022",2022,1632000,1994-09-30,5.7,0.95,0.9975,9,"Fall",105,0.977797322722341,0.971226155218496,0,0.00426987875835039
"2023",2023,1632000,1994-10-01,5.6,0.982456140350877,1.03416435826408,10,"Fall",105,0.977797322722341,0.971226155218496,0,0.00418767175142421
"2024",2024,1632000,1994-10-02,5.4,0.964285714285714,0.981505102040817,10,"Fall",105,0.977797322722341,0.971226155218496,0,0.000426349462941289
"2025",2025,1632000,1994-10-03,5.4,1,1.03703703703704,10,"Fall",105,0.977797322722341,0.971226155218496,0,0.00384780664899154
"2026",2026,1632000,1994-10-04,5.4,1,1,10,"Fall",105,0.977797322722341,0.971226155218496,0,0.00365522723586764
"2027",2027,1632000,1994-10-05,5.2,0.962962962962963,0.962962962962963,10,"Fall",105,0.977797322722341,0.971226155218496,0,0.00414934139553225
"2028",2028,1632000,1994-10-06,5,0.961538461538461,0.998520710059172,10,"Fall",105,0.977797322722341,0.971226155218496,0,0.00440568885096581
"2029",2029,1632000,1994-10-07,4.9,0.98,1.0192,10,"Fall",105,0.977797322722341,0.971226155218496,0,0.00462721636722563
"2030",2030,1632000,1994-10-08,4.7,0.959183673469388,0.978758850478967,10,"Fall",105,0.977797322722341,0.971226155218496,0,0.0052719200757565
"2031",2031,1632000,1994-10-09,4.7,1,1.04255319148936,10,"Fall",105,0.977797322722341,0.971226155218496,0,0.00534095295370207
"2032",2032,1632000,1994-10-10,4.6,0.978723404255319,0.978723404255319,10,"Fall",105,0.977797322722341,0.971226155218496,0,0
"2033",2033,1632000,1994-10-11,4.4,0.956521739130435,0.977315689981097,10,"Fall",105,0.977797322722341,0.971226155218496,0,0.00315650687844027
"2034",2034,1632000,1994-10-12,4.3,0.977272727272727,1.02169421487603,10,"Fall",105,0.977797322722341,0.971226155218496,0,0.00366957945516333
"2035",2035,1632000,1995-03-15,262,0.891156462585034,0.997246517654681,3,"Spring",106,0.942680851012004,0.951217396888777,0.00175738131656544,0.00167852883350861
"2036",2036,1632000,1995-03-16,231,0.881679389312977,0.989365421595478,3,"Spring",106,0.942680851012004,0.951217396888777,0.000967549332926865,0.00207022675022017
"2037",2037,1632000,1995-03-17,195,0.844155844155844,0.957440827570698,3,"Spring",106,0.942680851012004,0.951217396888777,0.000478683863548213,0.00193142951684422
"2038",2038,1632000,1995-03-18,169,0.866666666666667,1.02666666666667,3,"Spring",106,0.942680851012004,0.951217396888777,0.000254975094321708,0.00115740599903802
"2039",2039,1632000,1995-03-19,147,0.869822485207101,1.00364132908512,3,"Spring",106,0.942680851012004,0.951217396888777,0.000145895111018035,0.00149784971836198
"2040",2040,1632000,1995-03-20,130,0.884353741496599,1.01670600212874,3,"Spring",106,0.942680851012004,0.951217396888777,6.20842965872725e-05,0.00207049904020096
"2041",2041,1632000,1995-03-21,123,0.946153846153846,1.06988165680473,3,"Spring",106,0.942680851012004,0.951217396888777,0.0122513052198201,0
"2042",2042,1632000,1995-03-22,123,1,1.05691056910569,3,"Spring",106,0.942680851012004,0.951217396888777,0.00433729788642268,0
"2043",2043,1632000,1995-03-23,120,0.975609756097561,0.975609756097561,3,"Spring",106,0.942680851012004,0.951217396888777,2.85120056560117e-05,0
"2044",2044,1632000,1995-03-24,112,0.933333333333333,0.956666666666667,3,"Spring",106,0.942680851012004,0.951217396888777,2.84807654225006e-05,0
"2045",2045,1632000,1995-03-25,100,0.892857142857143,0.956632653061225,3,"Spring",106,0.942680851012004,0.951217396888777,2.73360153641988e-05,0.000209356980121811
"2046",2046,1632000,1995-03-26,95,0.95,1.064,3,"Spring",106,0.942680851012004,0.951217396888777,1.58950898452304e-05,0.00167448881984456
"2047",2047,1632000,1995-03-27,91,0.957894736842105,1.00831024930748,3,"Spring",106,0.942680851012004,0.951217396888777,3.19322449904291e-06,0.00167880603657977
"2048",2048,1632000,1995-03-28,96,1.05494505494505,1.10131626615143,3,"Spring",106,0.942680851012004,0.951217396888777,2.43203146288451e-07,0.000523084439919331
"2049",2049,1632000,1995-03-29,92,0.958333333333333,0.908420138888889,3,"Spring",106,0.942680851012004,0.951217396888777,0,0.00107689890137408
"2050",2050,1632000,1995-03-30,87,0.945652173913043,0.986767485822306,3,"Spring",106,0.942680851012004,0.951217396888777,0,0.00133306595307659
"2051",2051,1632000,1995-03-31,82,0.942528735632184,0.996697053771965,3,"Spring",106,0.942680851012004,0.951217396888777,0,0.00131361594321788
"2052",2052,1632000,1995-04-01,79,0.963414634146341,1.02215942891136,4,"Spring",106,0.942680851012004,0.951217396888777,0,0.00146444687015901
"2053",2053,1632000,1995-04-02,75,0.949367088607595,0.985419003364845,4,"Spring",106,0.942680851012004,0.951217396888777,0,0.00182182942444342
"2054",2054,1632000,1995-04-03,71,0.946666666666667,0.997155555555556,4,"Spring",106,0.942680851012004,0.951217396888777,0,0.0025095577002503
"2055",2055,1632000,1995-04-04,67,0.943661971830986,0.996826026582027,4,"Spring",106,0.942680851012004,0.951217396888777,0,0.00287773475065478
"2056",2056,1632000,1995-04-05,62,0.925373134328358,0.980619291601693,4,"Spring",106,0.942680851012004,0.951217396888777,0,0.000889826331331278
"2057",2057,1632000,1995-04-06,59,0.951612903225806,1.0283558792924,4,"Spring",106,0.942680851012004,0.951217396888777,0,0.00273884052876383
"2058",2058,1632000,1995-08-11,84,0.730434782608696,1.02896030245747,8,"Summer",107,0.908315533844623,0.974935376438297,0.00444374913058709,0.00311881915331469
"2059",2059,1632000,1995-08-12,87,1.03571428571429,1.41794217687075,8,"Summer",107,0.908315533844623,0.974935376438297,0.00280266208574176,0.000519444150086201
"2060",2060,1632000,1995-08-13,59,0.67816091954023,0.654776060245739,8,"Summer",107,0.908315533844623,0.974935376438297,0.00152026744763134,0.00709234927853686
"2061",2061,1632000,1995-08-14,45,0.76271186440678,1.12467681700661,8,"Summer",107,0.908315533844623,0.974935376438297,0.0246963432346093,0
"2062",2062,1632000,1995-08-15,34,0.755555555555556,0.990617283950617,8,"Summer",107,0.908315533844623,0.974935376438297,0.000444462902123632,0.00774510979817933
"2063",2063,1632000,1995-08-16,30,0.882352941176471,1.16782006920415,8,"Summer",107,0.908315533844623,0.974935376438297,3.58098091588488e-05,0.00918352577150472
"2064",2064,1632000,1995-08-17,26,0.866666666666667,0.982222222222222,8,"Summer",107,0.908315533844623,0.974935376438297,0,0.00882390785466214
"2065",2065,1632000,1995-08-18,23,0.884615384615385,1.0207100591716,8,"Summer",107,0.908315533844623,0.974935376438297,0,0.0100043113242236
"2066",2066,1632000,1995-08-19,21,0.91304347826087,1.03213610586011,8,"Summer",107,0.908315533844623,0.974935376438297,0,0.00801695643895073
"2067",2067,1632000,1995-08-20,19,0.904761904761905,0.99092970521542,8,"Summer",107,0.908315533844623,0.974935376438297,0,0.00844117013912182
"2068",2068,1632000,1995-08-21,17,0.894736842105263,0.988919667590028,8,"Summer",107,0.908315533844623,0.974935376438297,0,0.00993870543607045
"2069",2069,1632000,1995-08-22,16,0.941176470588235,1.05190311418685,8,"Summer",107,0.908315533844623,0.974935376438297,0,0.00975124799151673
"2070",2070,1632000,1995-08-23,14,0.875,0.9296875,8,"Summer",107,0.908315533844623,0.974935376438297,0,0.00870227971972781
"2071",2071,1632000,1995-08-24,13,0.928571428571429,1.06122448979592,8,"Summer",107,0.908315533844623,0.974935376438297,0,0.0108345603948692
"2072",2072,1632000,1995-08-25,12,0.923076923076923,0.994082840236686,8,"Summer",107,0.908315533844623,0.974935376438297,0,0.00937539072765503
"2073",2073,1632000,1995-08-26,11,0.916666666666667,0.993055555555555,8,"Summer",107,0.908315533844623,0.974935376438297,0,0.0106060259531659
"2074",2074,1632000,1995-08-27,10,0.909090909090909,0.991735537190083,8,"Summer",107,0.908315533844623,0.974935376438297,0,0.0120978354898398
"2075",2075,1632000,1995-08-28,9.9,0.99,1.089,8,"Summer",107,0.908315533844623,0.974935376438297,0,0.0121587774083309
"2076",2076,1632000,1995-08-29,9,0.909090909090909,0.918273645546373,8,"Summer",107,0.908315533844623,0.974935376438297,0,0.0126827941057854
"2077",2077,1632000,1995-08-30,8.3,0.922222222222222,1.01444444444444,8,"Summer",107,0.908315533844623,0.974935376438297,0,0.0130841354985023
"2078",2078,1632000,1995-08-31,7.4,0.891566265060241,0.966758600667731,8,"Summer",107,0.908315533844623,0.974935376438297,0,0.0141313148633344
"2079",2079,1632000,1995-09-01,6.7,0.905405405405405,1.01552227903579,9,"Fall",107,0.908315533844623,0.974935376438297,0,0.0137745124957291
"2080",2080,1632000,1995-09-02,5.8,0.865671641791045,0.956114947649811,9,"Fall",107,0.908315533844623,0.974935376438297,0,0.00971035851398482
"2081",2081,1632000,1995-09-03,5.3,0.913793103448276,1.05558858501784,9,"Fall",107,0.908315533844623,0.974935376438297,0,0.0107018767630507
"2082",2082,1632000,1995-09-04,5,0.943396226415094,1.03239587041652,9,"Fall",107,0.908315533844623,0.974935376438297,0,0.010999229238223
"2083",2083,1632000,1995-09-05,4.6,0.92,0.9752,9,"Fall",107,0.908315533844623,0.974935376438297,0,0.0029335052731767
"2084",2084,1632000,1995-09-06,4.3,0.934782608695652,1.01606805293006,9,"Fall",107,0.908315533844623,0.974935376438297,0,0
"2085",2085,1632000,1995-09-07,3.9,0.906976744186047,0.97025419145484,9,"Fall",107,0.908315533844623,0.974935376438297,0,0
"2086",2086,1632000,1995-09-08,3.6,0.923076923076923,1.01775147928994,9,"Fall",107,0.908315533844623,0.974935376438297,0,0
"2087",2087,1632000,1995-09-09,3.4,0.944444444444444,1.02314814814815,9,"Fall",107,0.908315533844623,0.974935376438297,0,0
"2088",2088,1632000,1995-09-10,3.2,0.941176470588235,0.996539792387543,9,"Fall",107,0.908315533844623,0.974935376438297,0,0
"2089",2089,1632000,1995-11-22,363,0.937984496124031,0.984035414538389,11,"Fall",108,0.945915026632257,0.90389234868504,0.0161577059479896,0
"2090",2090,1632000,1995-11-23,297,0.818181818181818,0.872276483846732,11,"Fall",108,0.945915026632257,0.90389234868504,0.08539866207866,0
"2091",2091,1632000,1995-11-24,269,0.905723905723906,1.10699588477366,11,"Fall",108,0.945915026632257,0.90389234868504,0.0375184685981367,0
"2092",2092,1632000,1995-11-25,243,0.903345724907063,0.997374276198505,11,"Fall",108,0.945915026632257,0.90389234868504,0.00906470898189582,0
"2093",2093,1632000,1995-11-26,217,0.893004115226337,0.988551880641501,11,"Fall",108,0.945915026632257,0.90389234868504,0.00824337406083941,0
"2094",2094,1632000,1995-11-27,196,0.903225806451613,1.01144640998959,11,"Fall",108,0.945915026632257,0.90389234868504,0.0187898196745664,0
"2095",2095,1632000,1995-11-28,177,0.903061224489796,0.99981778425656,11,"Fall",108,0.945915026632257,0.90389234868504,0.00978458925965242,0
"2096",2096,1632000,1995-11-29,186,1.05084745762712,1.16365029206167,11,"Fall",108,0.945915026632257,0.90389234868504,0.169798691524193,0
"2097",2097,1632000,1995-11-30,171,0.919354838709677,0.874869927159209,11,"Fall",108,0.945915026632257,0.90389234868504,0.0192073677899316,0
"2098",2098,1632000,1995-12-01,159,0.929824561403509,1.01138811942136,12,"Winter",108,0.945915026632257,0.90389234868504,0.0115182904992253,0
"2099",2099,1632000,1995-12-02,178,1.11949685534591,1.20398718405126,12,"Winter",108,0.945915026632257,0.90389234868504,0.0107422294968273,0
"2100",2100,1632000,1995-12-03,176,0.98876404494382,0.883221815427345,12,"Winter",108,0.945915026632257,0.90389234868504,0.00957579477108084,0
"2101",2101,1632000,1995-12-04,172,0.977272727272727,0.988378099173554,12,"Winter",108,0.945915026632257,0.90389234868504,0.00875442416872829,0
"2102",2102,1632000,1995-12-05,159,0.924418604651163,0.945916711736074,12,"Winter",108,0.945915026632257,0.90389234868504,0.00804424937814474,0
"2103",2103,1632000,1995-12-06,145,0.911949685534591,0.986511609509118,12,"Winter",108,0.945915026632257,0.90389234868504,0.00742607825668529,0
"2104",2104,1632000,1995-12-07,133,0.917241379310345,1.00580261593341,12,"Winter",108,0.945915026632257,0.90389234868504,0.00688249466475099,0
"2105",2105,1632000,1995-12-08,121,0.909774436090226,0.991859347617163,12,"Winter",108,0.945915026632257,0.90389234868504,0.00640218213084154,0
"2106",2106,1632000,1995-12-09,111,0.917355371900826,1.00833276415545,12,"Winter",108,0.945915026632257,0.90389234868504,0.00596190938085783,0
"2107",2107,1632000,1995-12-10,101,0.90990990990991,0.991883775667559,12,"Winter",108,0.945915026632257,0.90389234868504,0.00556044996483251,0
"2108",2108,1632000,1996-10-22,279,0.823008849557522,0.992951679849636,10,"Fall",109,0.898794634259806,0.983739769478557,0.0145967321004718,0
"2109",2109,1632000,1996-10-23,236,0.845878136200717,1.02778741280302,10,"Fall",109,0.898794634259806,0.983739769478557,0.0121247488714289,5.02921523093392e-05
"2110",2110,1632000,1996-10-24,201,0.851694915254237,1.00687661591497,10,"Fall",109,0.898794634259806,0.983739769478557,0.00928259029751644,0.000258949651652074
"2111",2111,1632000,1996-10-25,170,0.845771144278607,0.993044726615678,10,"Fall",109,0.898794634259806,0.983739769478557,0.00635614540078677,0.000454049803920498
"2112",2112,1632000,1996-10-26,150,0.882352941176471,1.04325259515571,10,"Fall",109,0.898794634259806,0.983739769478557,0.010207820116193,0.000626970544544747
"2113",2113,1632000,1996-10-27,132,0.88,0.997333333333333,10,"Fall",109,0.898794634259806,0.983739769478557,0.00445166275312659,0
"2114",2114,1632000,1996-10-28,119,0.901515151515151,1.02444903581267,10,"Fall",109,0.898794634259806,0.983739769478557,0.00293179283471545,0.000233837853556906
"2115",2115,1632000,1996-10-29,108,0.907563025210084,1.00670856577925,10,"Fall",109,0.898794634259806,0.983739769478557,0.00215895907604136,0.000765461853461602
"2116",2116,1632000,1996-10-30,96.7,0.89537037037037,0.986565500685871,10,"Fall",109,0.898794634259806,0.983739769478557,0.00129026677313959,0.00109341123879858
"2117",2117,1632000,1996-10-31,89,0.920372285418821,1.02792354524543,10,"Fall",109,0.898794634259806,0.983739769478557,0.000704034897353267,0.000878015689522726
"2118",2118,1632000,1996-11-01,82.5,0.926966292134832,1.00716449943189,11,"Fall",109,0.898794634259806,0.983739769478557,0.000416538289755408,0.000848339871481585
"2119",2119,1632000,1996-11-02,75.4,0.913939393939394,0.985946740128558,11,"Fall",109,0.898794634259806,0.983739769478557,0.000245228095081984,0.000696565936323168
"2120",2120,1632000,1996-11-03,69.2,0.917771883289125,1.00419337362537,11,"Fall",109,0.898794634259806,0.983739769478557,0.000169095207184,0.000283847590594632
"2121",2121,1632000,1996-11-04,62.4,0.901734104046243,0.982525309900097,11,"Fall",109,0.898794634259806,0.983739769478557,0.000119647095061737,0.000701524616943061
"2122",2122,1632000,1996-11-05,57.8,0.926282051282051,1.02722304404997,11,"Fall",109,0.898794634259806,0.983739769478557,5.666025708706e-05,0.00114115212204524
"2123",2123,1632000,1996-11-06,53.6,0.927335640138408,1.00113743848852,11,"Fall",109,0.898794634259806,0.983739769478557,1.48486655220381e-05,0.00168646608335621
"2124",2124,1632000,1997-05-04,84.7,0.990643274853801,1.01729215827092,5,"Spring",110,0.964217591798553,0.871330747567754,0,0.00218578034514394
"2125",2125,1632000,1997-05-05,79.2,0.935064935064935,0.943896717214309,5,"Spring",110,0.964217591798553,0.871330747567754,0,0.00278965222446459
"2126",2126,1632000,1997-05-06,72.4,0.914141414141414,0.977623456790124,5,"Spring",110,0.964217591798553,0.871330747567754,0,0.00325175312468673
"2127",2127,1632000,1997-05-07,67.8,0.93646408839779,1.02441927902079,5,"Spring",110,0.964217591798553,0.871330747567754,0,0.00298790899364576
"2128",2128,1632000,1997-05-08,63.4,0.935103244837758,0.998546827820851,5,"Spring",110,0.964217591798553,0.871330747567754,0,0.00282623950261041
"2129",2129,1632000,1997-05-09,62.9,0.99211356466877,1.06096687199594,5,"Spring",110,0.964217591798553,0.871330747567754,0.00951425731182098,0
"2130",2130,1632000,1997-05-10,62.4,0.992050874403816,0.999936811402256,5,"Spring",110,0.964217591798553,0.871330747567754,0,0
"2131",2131,1632000,1997-05-11,57.9,0.927884615384615,0.9353195882643,5,"Spring",110,0.964217591798553,0.871330747567754,0,0
"2132",2132,1632000,1997-05-12,52.9,0.913644214162349,0.98465283184336,5,"Spring",110,0.964217591798553,0.871330747567754,0,0.00313871505477437
"2133",2133,1632000,1997-05-13,52.8,0.998109640831758,1.09244892635461,5,"Spring",110,0.964217591798553,0.871330747567754,0.017180214943437,0.000713576184352859
"2134",2134,1632000,1997-05-14,55.4,1.04924242424242,1.05122962580349,5,"Spring",110,0.964217591798553,0.871330747567754,0.00161683326587081,0
"2135",2135,1632000,1997-05-15,51.6,0.931407942238267,0.887695656140442,5,"Spring",110,0.964217591798553,0.871330747567754,0,0
"2136",2136,1632000,1997-05-16,46.8,0.906976744186046,0.973769605191996,5,"Spring",110,0.964217591798553,0.871330747567754,0,0
"2137",2137,1632000,1997-05-17,44.2,0.944444444444445,1.04131054131054,5,"Spring",110,0.964217591798553,0.871330747567754,0,0.00209870678190782
"2138",2138,1632000,1997-05-18,42.2,0.95475113122172,1.01091296247006,5,"Spring",110,0.964217591798553,0.871330747567754,0,0.00610994930502784
"2139",2139,1632000,1997-05-19,39.8,0.943127962085308,0.987825969767076,5,"Spring",110,0.964217591798553,0.871330747567754,0,0.00755236692202743
"2140",2140,1632000,1997-05-20,40,1.00502512562814,1.06562965581677,5,"Spring",110,0.964217591798553,0.871330747567754,0,0
"2141",2141,1632000,1997-05-21,37.7,0.9425,0.9377875,5,"Spring",110,0.964217591798553,0.871330747567754,0,0.0018827038766176
"2142",2142,1632000,1997-05-22,35.2,0.93368700265252,0.990649339684371,5,"Spring",110,0.964217591798553,0.871330747567754,0,0.00416874066769579
"2143",2143,1632000,1997-05-23,32.8,0.931818181818182,0.997998450413223,5,"Spring",110,0.964217591798553,0.871330747567754,0,0.00514675238376583
"2144",2144,1632000,1997-05-24,31.3,0.954268292682927,1.02409280190363,5,"Spring",110,0.964217591798553,0.871330747567754,0,0.00791356628531048
"2145",2145,1632000,1997-05-25,29.5,0.942492012779553,0.987659361634803,5,"Spring",110,0.964217591798553,0.871330747567754,0.0376773565076292,0.00247845554258675
"2146",2146,1632000,1997-05-26,41.7,1.4135593220339,1.49981039931054,5,"Spring",110,0.964217591798553,0.871330747567754,0.0950302790297428,0
"2147",2147,1632000,1997-05-27,48.2,1.15587529976019,0.817705547791982,5,"Spring",110,0.964217591798553,0.871330747567754,0,0
"2148",2148,1632000,1997-05-28,43.1,0.894190871369295,0.773604965479245,5,"Spring",110,0.964217591798553,0.871330747567754,0,0.00140373630529211
"2149",2149,1632000,1997-05-29,38.4,0.890951276102088,0.996377065153611,5,"Spring",110,0.964217591798553,0.871330747567754,0,0.00404517795550418
"2150",2150,1632000,1997-05-30,35.8,0.932291666666667,1.04640028211806,5,"Spring",110,0.964217591798553,0.871330747567754,0,0.00497302204166772
"2151",2151,1632000,1997-05-31,34.3,0.958100558659218,1.02768328079648,5,"Spring",110,0.964217591798553,0.871330747567754,0,0.00715139241037832
"2152",2152,1632000,1997-08-01,28.7,0.883076923076923,1.02708639053254,8,"Summer",111,0.927121532617786,0.983248328098418,0,0.0106548177936929
"2153",2153,1632000,1997-08-02,25.3,0.881533101045296,0.998251769476381,8,"Summer",111,0.927121532617786,0.983248328098418,0,0.0108968098211335
"2154",2154,1632000,1997-08-03,22.9,0.905138339920948,1.02677748441625,8,"Summer",111,0.927121532617786,0.983248328098418,0,0.012640033790376
"2155",2155,1632000,1997-08-04,22.2,0.96943231441048,1.07103220762381,8,"Summer",111,0.927121532617786,0.983248328098418,0.0463871801039205,0
"2156",2156,1632000,1997-08-05,22.5,1.01351351351351,1.0454711468225,8,"Summer",111,0.927121532617786,0.983248328098418,0,0
"2157",2157,1632000,1997-08-06,19.4,0.862222222222222,0.850725925925926,8,"Summer",111,0.927121532617786,0.983248328098418,0,0.00381703150196699
"2158",2158,1632000,1997-08-07,17.2,0.88659793814433,1.02827080454884,8,"Summer",111,0.927121532617786,0.983248328098418,0,0.00819979157677153
"2159",2159,1632000,1997-08-08,15.5,0.901162790697674,1.01642779881017,8,"Summer",111,0.927121532617786,0.983248328098418,0,0.0100325671446626
"2160",2160,1632000,1997-08-09,14.1,0.909677419354839,1.00944849115505,8,"Summer",111,0.927121532617786,0.983248328098418,0,0.0113358062590123
"2161",2161,1632000,1997-08-10,12.7,0.900709219858156,0.990141340978824,8,"Summer",111,0.927121532617786,0.983248328098418,0,0.0112146631017822
"2162",2162,1632000,1997-08-11,11.7,0.921259842519685,1.02281604563209,8,"Summer",111,0.927121532617786,0.983248328098418,0,0.00863517248944846
"2163",2163,1632000,1997-08-12,10.9,0.931623931623932,1.01124990868581,8,"Summer",111,0.927121532617786,0.983248328098418,0,0.0104223325615749
"2164",2164,1632000,1997-08-13,10.7,0.981651376146789,1.05369918357041,8,"Summer",111,0.927121532617786,0.983248328098418,0,0
"2165",2165,1632000,1997-08-14,10.6,0.990654205607477,1.00917110664687,8,"Summer",111,0.927121532617786,0.983248328098418,0,0.00743800732197996
"2166",2166,1632000,1997-08-15,9.98,0.941509433962264,0.950391598433606,8,"Summer",111,0.927121532617786,0.983248328098418,0,0.0144438835704932
"2167",2167,1632000,1997-08-16,9.19,0.920841683366733,0.978048280930598,8,"Summer",111,0.927121532617786,0.983248328098418,0,0.00140670826658607
"2168",2168,1632000,1997-08-17,8.31,0.90424374319913,0.981975251047586,8,"Summer",111,0.927121532617786,0.983248328098418,0,0
"2169",2169,1632000,1997-10-04,16.9,0.918478260869565,0.983370746691872,10,"Fall",112,0.966738093732948,0.940583296208331,0.0051180915615987,0.00251094011764508
"2170",2170,1632000,1997-10-05,15.7,0.928994082840237,1.01144917895032,10,"Fall",112,0.966738093732948,0.940583296208331,0.00317245831683977,0.00308620058058295
"2171",2171,1632000,1997-10-06,14.4,0.917197452229299,0.987301716093959,10,"Fall",112,0.966738093732948,0.940583296208331,0.00184712900954764,0.00357854140747804
"2172",2172,1632000,1997-10-07,13.6,0.944444444444444,1.02970679012346,10,"Fall",112,0.966738093732948,0.940583296208331,0.00100580919570348,0.00378349240054377
"2173",2173,1632000,1997-10-08,12.8,0.941176470588235,0.996539792387543,10,"Fall",112,0.966738093732948,0.940583296208331,0.000515816195729713,0.00381579777604202
"2174",2174,1632000,1997-10-09,12.2,0.953125,1.0126953125,10,"Fall",112,0.966738093732948,0.940583296208331,0.000239816909925139,0.00415480554511305
"2175",2175,1632000,1997-10-10,11.9,0.975409836065574,1.02338081160978,10,"Fall",112,0.966738093732948,0.940583296208331,9.30926001956322e-05,0.00414217913203174
"2176",2176,1632000,1997-10-11,11.7,0.983193277310924,1.00797966245322,10,"Fall",112,0.966738093732948,0.940583296208331,2.98029175382908e-05,0.00322066702938173
"2177",2177,1632000,1997-10-12,11.4,0.974358974358974,0.991014683322376,10,"Fall",112,0.966738093732948,0.940583296208331,8.1672960305923e-06,0.00333565442997497
"2178",2178,1632000,1997-10-13,11.1,0.973684210526316,0.999307479224377,10,"Fall",112,0.966738093732948,0.940583296208331,1.02311027472268e-06,0.00408946858078707
"2179",2179,1632000,1997-10-14,10.5,0.945945945945946,0.971512052593134,10,"Fall",112,0.966738093732948,0.940583296208331,0,0.00393610243554576
"2180",2180,1632000,1997-10-15,10.5,1,1.05714285714286,10,"Fall",112,0.966738093732948,0.940583296208331,0.00482756865469014,0
"2181",2181,1632000,1997-10-16,10.4,0.990476190476191,0.990476190476191,10,"Fall",112,0.966738093732948,0.940583296208331,0,0
"2182",2182,1632000,1997-10-17,10.1,0.971153846153846,0.980491863905325,10,"Fall",112,0.966738093732948,0.940583296208331,0.0232365711126476,0.00108312037627911
"2183",2183,1632000,1997-10-18,10.4,1.02970297029703,1.06028820703853,10,"Fall",112,0.966738093732948,0.940583296208331,0.000924849976399856,0
"2184",2184,1632000,1997-10-19,9.9,0.951923076923077,0.92446375739645,10,"Fall",112,0.966738093732948,0.940583296208331,0,0
"2185",2185,1632000,1997-10-20,9.34,0.943434343434343,0.991082542597694,10,"Fall",112,0.966738093732948,0.940583296208331,0,0.00201245461357757
"2186",2186,1632000,1997-10-21,8.81,0.943254817987152,0.999809710714433,10,"Fall",112,0.966738093732948,0.940583296208331,0,0.00255819185622386
"2187",2187,1632000,1998-07-04,29.7,0.916666666666667,0.984567901234568,7,"Summer",113,0.936425330978848,0.964682631496236,0,0.0106143233210787
"2188",2188,1632000,1998-07-05,28.3,0.952861952861953,1.03948576675849,7,"Summer",113,0.936425330978848,0.964682631496236,0,0.00584045067080297
"2189",2189,1632000,1998-07-06,24.7,0.872791519434629,0.91596848506037,7,"Summer",113,0.936425330978848,0.964682631496236,0,0.0115316088704276
"2190",2190,1632000,1998-07-07,22.1,0.894736842105263,1.02514383123801,7,"Summer",113,0.936425330978848,0.964682631496236,0,0.0124872481603688
"2191",2191,1632000,1998-07-08,26.4,1.19457013574661,1.33510779877562,7,"Summer",113,0.936425330978848,0.964682631496236,0,0
"2192",2192,1632000,1998-07-09,20.9,0.791666666666667,0.66272095959596,7,"Summer",113,0.936425330978848,0.964682631496236,0,0.00267357937264023
"2193",2193,1632000,1998-07-10,18.2,0.870813397129187,1.09997481742634,7,"Summer",113,0.936425330978848,0.964682631496236,0,0.0118466065541725
"2194",2194,1632000,1998-07-11,16.3,0.895604395604396,1.02846878396329,7,"Summer",113,0.936425330978848,0.964682631496236,0,0.0102527131239185
"2195",2195,1632000,1998-07-12,14.5,0.889570552147239,0.993262825096917,7,"Summer",113,0.936425330978848,0.964682631496236,0,0.0114314476595609
"2196",2196,1632000,1998-07-13,13.2,0.910344827586207,1.0233531510107,7,"Summer",113,0.936425330978848,0.964682631496236,0,0.0140828069925192
"2197",2197,1632000,1998-07-14,12,0.909090909090909,0.998622589531681,7,"Summer",113,0.936425330978848,0.964682631496236,0,0.0149941992567619
"2198",2198,1632000,1998-07-15,11.1,0.925,1.0175,7,"Summer",113,0.936425330978848,0.964682631496236,0,0.00235386189888231
"2199",2199,1632000,1998-07-16,10.3,0.927927927927928,1.00316532748965,7,"Summer",113,0.936425330978848,0.964682631496236,0,0
"2200",2200,1632000,1998-07-17,9.79,0.950485436893204,1.02430954849656,7,"Summer",113,0.936425330978848,0.964682631496236,0,0
"2201",2201,1632000,1998-07-18,8.96,0.915219611848825,0.96289703800234,7,"Summer",113,0.936425330978848,0.964682631496236,0,0
"2202",2202,1632000,1998-07-19,8.1,0.904017857142857,0.987760582748724,7,"Summer",113,0.936425330978848,0.964682631496236,0,0
"2203",2203,1632000,1998-07-20,7.65,0.944444444444445,1.04471879286694,7,"Summer",113,0.936425330978848,0.964682631496236,0,0
"2204",2204,1632000,1998-07-21,7.1,0.928104575163399,0.982698961937716,7,"Summer",113,0.936425330978848,0.964682631496236,0,0
"2205",2205,1632000,1998-07-22,6.25,0.880281690140845,0.948472525292601,7,"Summer",113,0.936425330978848,0.964682631496236,0,0
"2206",2206,1632000,1998-07-23,5.82,0.9312,1.0578432,7,"Summer",113,0.936425330978848,0.964682631496236,0,0
"2207",2207,1632000,1998-07-24,5.4,0.927835051546392,0.996386438516314,7,"Summer",113,0.936425330978848,0.964682631496236,0,0
"2208",2208,1632000,1998-07-25,4.98,0.922222222222222,0.993950617283951,7,"Summer",113,0.936425330978848,0.964682631496236,0,0
"2209",2209,1632000,1998-07-26,4.52,0.907630522088353,0.984177674553636,7,"Summer",113,0.936425330978848,0.964682631496236,0,0
"2210",2210,1632000,1998-07-27,4.34,0.960176991150443,1.05789411856841,7,"Summer",113,0.936425330978848,0.964682631496236,0,0
"2211",2211,1632000,1998-07-28,4.26,0.981566820276498,1.02227696489626,7,"Summer",113,0.936425330978848,0.964682631496236,0,0
"2212",2212,1632000,1998-07-29,4.02,0.943661971830986,0.961383323414666,7,"Summer",113,0.936425330978848,0.964682631496236,0,0
"2213",2213,1632000,1998-07-30,3.74,0.930348258706468,0.985891438330735,7,"Summer",113,0.936425330978848,0.964682631496236,0,0
"2214",2214,1632000,1998-07-31,4.25,1.13636363636364,1.22143898881867,7,"Summer",113,0.936425330978848,0.964682631496236,0,0
"2215",2215,1632000,1998-08-01,4.17,0.981176470588235,0.863435294117647,8,"Summer",113,0.936425330978848,0.964682631496236,0,0
"2216",2216,1632000,1998-08-02,4,0.959232613908873,0.977635158060602,8,"Summer",113,0.936425330978848,0.964682631496236,0,0
"2217",2217,1632000,1998-08-03,3.8,0.95,0.990375,8,"Summer",113,0.936425330978848,0.964682631496236,0,0
"2218",2218,1632000,1998-08-04,3.55,0.934210526315789,0.983379501385042,8,"Summer",113,0.936425330978848,0.964682631496236,0,0
"2219",2219,1632000,1998-08-05,3.18,0.895774647887324,0.95885736956953,8,"Summer",113,0.936425330978848,0.964682631496236,0,0
"2220",2220,1632000,1998-08-06,3.03,0.952830188679245,1.06369407855702,8,"Summer",113,0.936425330978848,0.964682631496236,0,0
"2221",2221,1632000,1998-08-07,2.89,0.953795379537954,1.00101297258439,8,"Summer",113,0.936425330978848,0.964682631496236,0,0
"2222",2222,1632000,1998-08-08,2.81,0.972318339100346,1.01942026556195,8,"Summer",113,0.936425330978848,0.964682631496236,0,0
"2223",2223,1632000,1998-12-17,6.72,0.976744186046512,1.00939697133586,12,"Winter",114,0.998357644407675,0.0450818900411495,0,0
"2224",2224,1632000,1998-12-18,6.57,0.977678571428572,1.00095663265306,12,"Winter",114,0.998357644407675,0.0450818900411495,0,0
"2225",2225,1632000,1998-12-19,6.56,0.998477929984779,1.02127422975612,12,"Winter",114,0.998357644407675,0.0450818900411495,0,0
"2226",2226,1632000,1998-12-20,6.66,1.01524390243902,1.01679153033908,12,"Winter",114,0.998357644407675,0.0450818900411495,0,0.00199522345792502
"2227",2227,1632000,1998-12-21,6.67,1.0015015015015,0.986463941418896,12,"Winter",114,0.998357644407675,0.0450818900411495,0,0.00269680172641529
"2228",2228,1632000,1998-12-22,6.52,0.977511244377811,0.976045710278294,12,"Winter",114,0.998357644407675,0.0450818900411495,0,0
"2229",2229,1632000,1998-12-23,6.45,0.989263803680982,1.01202294026873,12,"Winter",114,0.998357644407675,0.0450818900411495,0,0
"2230",2230,1632000,1998-12-24,6.82,1.05736434108527,1.06883961300403,12,"Winter",114,0.998357644407675,0.0450818900411495,0,0
"2231",2231,1632000,1998-12-25,6.58,0.964809384164223,0.912466353058539,12,"Winter",114,0.998357644407675,0.0450818900411495,0,0
"2232",2232,1632000,1998-12-26,6.26,0.951367781155015,0.986068125756414,12,"Winter",114,0.998357644407675,0.0450818900411495,0,0
"2233",2233,1632000,1998-12-27,6.21,0.992012779552716,1.04272269799631,12,"Winter",114,0.998357644407675,0.0450818900411495,0,0
"2234",2234,1632000,1998-12-28,6.13,0.987117552334944,0.995065358714452,12,"Winter",114,0.998357644407675,0.0450818900411495,0,0
"2235",2235,1632000,1998-12-29,6.37,1.03915171288744,1.05271323605726,12,"Winter",114,0.998357644407675,0.0450818900411495,0,0
"2236",2236,1632000,1998-12-30,6.29,0.987441130298273,0.950237696817648,12,"Winter",114,0.998357644407675,0.0450818900411495,0,0
"2237",2237,1632000,1998-12-31,6.18,0.982511923688394,0.995008100778231,12,"Winter",114,0.998357644407675,0.0450818900411495,0,0
"2238",2238,1632000,1999-01-01,6.09,0.985436893203884,1.00297703207968,1,"Winter",114,0.998357644407675,0.0450818900411495,0,0
"2239",2239,1632000,1999-01-02,5.97,0.980295566502463,0.994782693101022,1,"Winter",114,0.998357644407675,0.0450818900411495,0,0
"2240",2240,1632000,1999-01-03,11.2,1.87604690117253,1.91375638662323,1,"Winter",114,0.998357644407675,0.0450818900411495,0.0106942073907703,0
"2241",2241,1632000,1999-01-04,12.4,1.10714285714286,0.590146683673469,1,"Winter",114,0.998357644407675,0.0450818900411495,0.00200572563335299,0
"2242",2242,1632000,1999-01-05,9.3,0.75,0.67741935483871,1,"Winter",114,0.998357644407675,0.0450818900411495,0,0
"2243",2243,1632000,1999-01-06,7.15,0.768817204301075,1.02508960573477,1,"Winter",114,0.998357644407675,0.0450818900411495,0,0
"2244",2244,1632000,1999-03-25,254,0.824675324675325,1.01210153482881,3,"Spring",115,0.963433082958725,0.795765931202269,0.0154056544415653,0
"2245",2245,1632000,1999-03-26,213,0.838582677165354,1.01686403372807,3,"Spring",115,0.963433082958725,0.795765931202269,0.0133456774055958,0.000200542639049672
"2246",2246,1632000,1999-03-27,183,0.859154929577465,1.02453216954308,3,"Spring",115,0.963433082958725,0.795765931202269,0.0109853342291899,0.000446971097517235
"2247",2247,1632000,1999-03-28,155,0.846994535519126,0.985846098718982,3,"Spring",115,0.963433082958725,0.795765931202269,0.00851265102392062,0.000809485756690266
"2248",2248,1632000,1999-03-29,133,0.858064516129032,1.01306971904266,3,"Spring",115,0.963433082958725,0.795765931202269,0.00627052127674688,0.00110328849223151
"2249",2249,1632000,1999-03-30,113,0.849624060150376,0.990163378370739,3,"Spring",115,0.963433082958725,0.795765931202269,0.00449949750327505,0.00122062746777374
"2250",2250,1632000,1999-03-31,95.8,0.847787610619469,0.997838515153888,3,"Spring",115,0.963433082958725,0.795765931202269,0.0031287964375224,0.00161882055363094
"2251",2251,1632000,1999-04-01,91.7,0.957202505219207,1.12905932244019,4,"Spring",115,0.963433082958725,0.795765931202269,0.0811114334719605,0
"2252",2252,1632000,1999-04-02,88.8,0.968375136314068,1.01167217076213,4,"Spring",115,0.963433082958725,0.795765931202269,0.00437368232815061,0
"2253",2253,1632000,1999-04-03,79.4,0.894144144144144,0.923344797500203,4,"Spring",115,0.963433082958725,0.795765931202269,0.00373817175568547,0.00129414480761625
"2254",2254,1632000,1999-04-04,72.4,0.91183879093199,1.01978947902721,4,"Spring",115,0.963433082958725,0.795765931202269,0.00255818109144457,0.00142459919234739
"2255",2255,1632000,1999-04-05,67.8,0.93646408839779,1.02700619639205,4,"Spring",115,0.963433082958725,0.795765931202269,0.0020197023259243,0.000236942170886323
"2256",2256,1632000,1999-04-06,62.3,0.918879056047198,0.98122188285866,4,"Spring",115,0.963433082958725,0.795765931202269,0.00155306222950458,0.00204037874709684
"2257",2257,1632000,1999-04-07,56.4,0.905296950240771,0.985218831883214,4,"Spring",115,0.963433082958725,0.795765931202269,0.000871698590344749,0.00275125610050964
"2258",2258,1632000,1999-04-08,52.3,0.927304964539007,1.02431027111312,4,"Spring",115,0.963433082958725,0.795765931202269,0.000379625890673197,0.00368359955018605
"2259",2259,1632000,1999-04-09,52.1,0.996175908221797,1.07427000427743,4,"Spring",115,0.963433082958725,0.795765931202269,0.0491200142178059,0.000205325297429226
"2260",2260,1632000,1999-04-10,53.3,1.02303262955854,1.02695981815569,4,"Spring",115,0.963433082958725,0.795765931202269,0.00278755371982697,0
"2261",2261,1632000,1999-04-11,52.8,0.9906191369606,0.968316267085315,4,"Spring",115,0.963433082958725,0.795765931202269,0.133587581023676,0
"2262",2262,1632000,1999-04-12,52,0.984848484848485,0.994174701561065,4,"Spring",115,0.963433082958725,0.795765931202269,0.0171179039025446,0
"2263",2263,1632000,1999-04-13,49.7,0.955769230769231,0.970473372781065,4,"Spring",115,0.963433082958725,0.795765931202269,0.003074763197219,0
"2264",2264,1632000,1999-04-14,47.2,0.949698189134809,0.993648004728573,4,"Spring",115,0.963433082958725,0.795765931202269,0.00293873396003619,4.35101828770712e-05
"2265",2265,1632000,1999-04-15,46.9,0.99364406779661,1.04627352054007,4,"Spring",115,0.963433082958725,0.795765931202269,0.00264101687207585,0.00041223261905543
"2266",2266,1632000,1999-04-16,47,1.00213219616205,1.00854242342961,4,"Spring",115,0.963433082958725,0.795765931202269,0.00244720694172429,0
"2267",2267,1632000,1999-04-17,44.2,0.940425531914894,0.938424626527841,4,"Spring",115,0.963433082958725,0.795765931202269,0.00235827745200368,0
"2268",2268,1632000,1999-04-18,42,0.950226244343891,1.01042157203988,4,"Spring",115,0.963433082958725,0.795765931202269,0.00206663546123309,0.0010507573151699
"2269",2269,1632000,1999-04-19,40.3,0.959523809523809,1.00978458049887,4,"Spring",115,0.963433082958725,0.795765931202269,0.00145186982263112,0.00172884022776998
"2270",2270,1632000,1999-04-20,38.7,0.96029776674938,1.00080660554526,4,"Spring",115,0.963433082958725,0.795765931202269,0.00109856059134472,0.000153734530613292
"2271",2271,1632000,1999-04-21,38.2,0.987080103359173,1.02788961667635,4,"Spring",115,0.963433082958725,0.795765931202269,0.0244288162721205,0.000304360844893381
"2272",2272,1632000,1999-04-22,38.1,0.997382198952879,1.01043693977687,4,"Spring",115,0.963433082958725,0.795765931202269,0.0159068901448336,0
"2273",2273,1632000,1999-04-23,38.1,1,1.00262467191601,4,"Spring",115,0.963433082958725,0.795765931202269,0.0312874853952962,0
"2274",2274,1632000,1999-04-24,46.6,1.22309711286089,1.22309711286089,4,"Spring",115,0.963433082958725,0.795765931202269,0.00834756871336139,0
"2275",2275,1632000,1999-04-25,45.1,0.967811158798283,0.791279080476708,4,"Spring",115,0.963433082958725,0.795765931202269,0.00182083668914856,0
"2276",2276,1632000,1999-04-26,44,0.975609756097561,1.00805797414959,4,"Spring",115,0.963433082958725,0.795765931202269,0.00175542910437798,0.000112961042759707
"2277",2277,1632000,1999-04-27,44,1,1.025,4,"Spring",115,0.963433082958725,0.795765931202269,0.00134351029919344,0.00224035536302836
"2278",2278,1632000,1999-04-28,43.6,0.990909090909091,0.990909090909091,4,"Spring",115,0.963433082958725,0.795765931202269,0.000754228056393913,0.00210329247784102
"2279",2279,1632000,1999-04-29,42.7,0.979357798165138,0.988342732093258,4,"Spring",115,0.963433082958725,0.795765931202269,0.000402105809371278,0.00239705793319444
"2280",2280,1632000,1999-04-30,40.7,0.953161592505855,0.973251649490756,4,"Spring",115,0.963433082958725,0.795765931202269,0.000186799949915439,0.00248590401105986
"2281",2281,1632000,1999-05-01,39.2,0.963144963144963,1.0104739539629,5,"Spring",115,0.963433082958725,0.795765931202269,6.98405850698691e-05,0.00284672180769974
"2282",2282,1632000,1999-05-02,37.2,0.948979591836735,0.985292586422324,5,"Spring",115,0.963433082958725,0.795765931202269,1.57703401555409e-05,0.00322237960006078
"2283",2283,1632000,1999-05-03,35.7,0.959677419354839,1.01127297953521,5,"Spring",115,0.963433082958725,0.795765931202269,1.025358762341e-06,0.00387534427136416
"2284",2284,1632000,1999-05-04,34.5,0.966386554621849,1.0069910317068,5,"Spring",115,0.963433082958725,0.795765931202269,0,0.00454861465186696
"2285",2285,1632000,1999-05-05,32.9,0.953623188405797,0.986792690611216,5,"Spring",115,0.963433082958725,0.795765931202269,0,0.00632453035268554
"2286",2286,1632000,1999-05-06,31.7,0.963525835866261,1.01038423517891,5,"Spring",115,0.963433082958725,0.795765931202269,0,0.00733388804746937
"2287",2287,1632000,1999-05-07,31,0.977917981072555,1.01493695827404,5,"Spring",115,0.963433082958725,0.795765931202269,0.0339814126491546,0.00791673727508169
"2288",2288,1632000,1999-05-28,37,0.880952380952381,1.01729024943311,5,"Spring",116,0.91570599396622,0.991248720944623,6.61839013389454e-05,0.00603699730140761
"2289",2289,1632000,1999-05-29,32.9,0.889189189189189,1.00934989043097,5,"Spring",116,0.91570599396622,0.991248720944623,3.3387069180435e-06,0.00798294753667506
"2290",2290,1632000,1999-05-30,29,0.88145896656535,0.991306436562855,5,"Spring",116,0.91570599396622,0.991248720944623,0,0.00949810308520683
"2291",2291,1632000,1999-05-31,25.8,0.889655172413793,1.00929845422117,5,"Spring",116,0.91570599396622,0.991248720944623,0,0.0105214073200841
"2292",2292,1632000,1999-06-01,23.7,0.918604651162791,1.03254011177213,6,"Summer",116,0.91570599396622,0.991248720944623,0,0.0101223437977751
"2293",2293,1632000,1999-06-02,22.4,0.945147679324895,1.02889494204989,6,"Summer",116,0.91570599396622,0.991248720944623,0,0.00877688196851523
"2294",2294,1632000,1999-06-03,19.8,0.883928571428572,0.93522799744898,6,"Summer",116,0.91570599396622,0.991248720944623,0,0.0111228163332271
"2295",2295,1632000,1999-06-04,17.7,0.893939393939394,1.01132537496174,6,"Summer",116,0.91570599396622,0.991248720944623,0,0.00986106375876261
"2296",2296,1632000,1999-06-05,16.4,0.926553672316384,1.03648376903189,6,"Summer",116,0.91570599396622,0.991248720944623,0,0.0109906462603249
"2297",2297,1632000,1999-06-06,15,0.914634146341463,0.987135633551458,6,"Summer",116,0.91570599396622,0.991248720944623,0,0.0126148369072325
"2298",2298,1632000,1999-06-07,13.7,0.913333333333333,0.998577777777778,6,"Summer",116,0.91570599396622,0.991248720944623,0,0.00730126589041901
"2299",2299,1632000,1999-06-08,12.4,0.905109489051095,0.990995790931856,6,"Summer",116,0.91570599396622,0.991248720944623,0,0
"2300",2300,1632000,1999-06-09,10.8,0.870967741935484,0.962278876170655,6,"Summer",116,0.91570599396622,0.991248720944623,0,0
"2301",2301,1632000,1999-06-10,9.9,0.916666666666667,1.05246913580247,6,"Summer",116,0.91570599396622,0.991248720944623,0,0
"2302",2302,1632000,1999-06-11,9.68,0.977777777777778,1.06666666666667,6,"Summer",116,0.91570599396622,0.991248720944623,0,0
"2303",2303,1632000,1999-06-12,9.45,0.976239669421488,0.998426934635612,6,"Summer",116,0.91570599396622,0.991248720944623,0,0
"2304",2304,1632000,1999-06-13,8.58,0.907936507936508,0.930034433526497,6,"Summer",116,0.91570599396622,0.991248720944623,0,0
"2305",2305,1632000,1999-06-14,8.2,0.955710955710956,1.05261870996137,6,"Summer",116,0.91570599396622,0.991248720944623,0,0
"2306",2306,1632000,1999-06-15,7.66,0.934146341463415,0.977436049970256,6,"Summer",116,0.91570599396622,0.991248720944623,0,0
"2307",2307,1632000,1999-06-21,7.55,0.986928104575163,0.975317185697808,6,"Summer",117,0.900634822309539,0.958601109812498,0,0.0105987694114447
"2308",2308,1632000,1999-06-22,7.09,0.939072847682119,0.951510898644796,6,"Summer",117,0.900634822309539,0.958601109812498,0,0.0136094168337877
"2309",2309,1632000,1999-06-23,6.52,0.919605077574048,0.979269158770672,6,"Summer",117,0.900634822309539,0.958601109812498,0,0.00138151759711036
"2310",2310,1632000,1999-06-24,5.82,0.892638036809816,0.970675411193496,6,"Summer",117,0.900634822309539,0.958601109812498,0,0
"2311",2311,1632000,1999-06-25,5.4,0.927835051546392,1.03943033266022,6,"Summer",117,0.900634822309539,0.958601109812498,0,0
"2312",2312,1632000,1999-06-26,4.96,0.918518518518518,0.989958847736625,6,"Summer",117,0.900634822309539,0.958601109812498,0,0
"2313",2313,1632000,1999-06-27,4.23,0.852822580645161,0.928476196670135,6,"Summer",117,0.900634822309539,0.958601109812498,0,0
"2314",2314,1632000,1999-06-28,2.76,0.652482269503546,0.765085592609359,6,"Summer",117,0.900634822309539,0.958601109812498,0,0
"2315",2315,1632000,1999-06-29,2.54,0.920289855072464,1.41044423440454,6,"Summer",117,0.900634822309539,0.958601109812498,0,0
"2316",2316,1632000,1999-06-30,2.34,0.921259842519685,1.001054002108,6,"Summer",117,0.900634822309539,0.958601109812498,0,0
"2317",2317,1632000,1999-07-01,2.75,1.17521367521368,1.2756592884798,7,"Summer",117,0.900634822309539,0.958601109812498,0,0
"2318",2318,1632000,1999-07-02,3.07,1.11636363636364,0.949923966942149,7,"Summer",117,0.900634822309539,0.958601109812498,0.00757188608679371,0
"2319",2319,1632000,1999-07-03,2.73,0.889250814332248,0.796560175704782,7,"Summer",117,0.900634822309539,0.958601109812498,9.41905345825945e-05,0.0011737745226128
"2320",2320,1632000,1999-07-04,2.36,0.864468864468864,0.972131653450335,7,"Summer",117,0.900634822309539,0.958601109812498,0,0.00587393614114263
"2321",2321,1632000,1999-07-05,2.09,0.885593220338983,1.02443622522264,7,"Summer",117,0.900634822309539,0.958601109812498,0,0
"2322",2322,1632000,1999-07-06,1.78,0.851674641148325,0.961699594789497,7,"Summer",117,0.900634822309539,0.958601109812498,0,0
"2323",2323,1632000,1999-07-07,1.46,0.820224719101124,0.963072844337836,7,"Summer",117,0.900634822309539,0.958601109812498,0,0
"2324",2324,1632000,1999-07-08,1.25,0.856164383561644,1.04381685119159,7,"Summer",117,0.900634822309539,0.958601109812498,0,0
"2325",2325,1632000,1999-07-09,1.05,0.84,0.98112,7,"Summer",117,0.900634822309539,0.958601109812498,0,0
"2326",2326,1632000,1999-11-06,123,0.854166666666667,0.996527777777778,11,"Fall",118,0.924370046326003,0.951711872086383,0.00419778384093661,0.00187060356938673
"2327",2327,1632000,1999-11-07,105,0.853658536585366,0.99940511600238,11,"Fall",118,0.924370046326003,0.951711872086383,0.00314818567130714,0.00123439359845179
"2328",2328,1632000,1999-11-08,90.5,0.861904761904762,1.00965986394558,11,"Fall",118,0.924370046326003,0.951711872086383,0.00250174276152393,0.00126693284346402
"2329",2329,1632000,1999-11-09,79.3,0.876243093922652,1.01663563383291,11,"Fall",118,0.924370046326003,0.951711872086383,0.00190263386321021,0.00202789114700863
"2330",2330,1632000,1999-11-10,70,0.882723833543506,1.00739605215242,11,"Fall",118,0.924370046326003,0.951711872086383,0.00130775609432021,0.00267848900284662
"2331",2331,1632000,1999-11-11,63.2,0.902857142857143,1.02280816326531,11,"Fall",118,0.924370046326003,0.951711872086383,0.000867621067300206,0.00208903902239399
"2332",2332,1632000,1999-11-12,57.7,0.912974683544304,1.01120613683705,11,"Fall",118,0.924370046326003,0.951711872086383,0.000624074313236633,0.00167886329984412
"2333",2333,1632000,1999-11-13,52.5,0.909878682842288,0.996608886579421,11,"Fall",118,0.924370046326003,0.951711872086383,0.000452307023806498,0.00190370753693081
"2334",2334,1632000,1999-11-14,48.5,0.923809523809524,1.01531065759637,11,"Fall",118,0.924370046326003,0.951711872086383,0.000312835572003678,0.00201153902912665
"2335",2335,1632000,1999-11-15,44.7,0.921649484536083,0.997661813157615,11,"Fall",118,0.924370046326003,0.951711872086383,0.000227600657126459,0.000989431518974015
"2336",2336,1632000,1999-11-16,41.8,0.935123042505593,1.01461896110786,11,"Fall",118,0.924370046326003,0.951711872086383,0.000190793023648439,0.000590700496104546
"2337",2337,1632000,1999-11-17,39.4,0.942583732057416,1.00797829720016,11,"Fall",118,0.924370046326003,0.951711872086383,0.000166991270361905,0.000625971741101238
"2338",2338,1632000,1999-11-18,37.4,0.949238578680203,1.00706021799067,11,"Fall",118,0.924370046326003,0.951711872086383,0.000140192928029137,0.000921505808946677
"2339",2339,1632000,1999-11-19,35.1,0.938502673796792,0.988689982555978,11,"Fall",118,0.924370046326003,0.951711872086383,0.000108034846789451,0.00133688401001564
"2340",2340,1632000,1999-11-20,33.5,0.954415954415954,1.01695603120105,11,"Fall",118,0.924370046326003,0.951711872086383,7.26631574252678e-05,0.00190769698019722
"2341",2341,1632000,1999-11-21,31.3,0.934328358208955,0.978952996212965,11,"Fall",118,0.924370046326003,0.951711872086383,4.20333142301388e-05,0.0020253637812857
"2342",2342,1632000,1999-11-22,30.8,0.984025559105431,1.0531902948892,11,"Fall",118,0.924370046326003,0.951711872086383,2.17897456877836e-05,0.00191145075950772
"2343",2343,1632000,1999-11-23,30.1,0.977272727272727,0.993137544273908,11,"Fall",118,0.924370046326003,0.951711872086383,1.08729732346546e-05,0.00175136394500441
"2344",2344,1632000,1999-11-24,28.7,0.953488372093023,0.975662520281233,11,"Fall",118,0.924370046326003,0.951711872086383,4.27251304557785e-06,0.00182063171814662
"2345",2345,1632000,1999-12-22,173,0.935135135135135,1.00084733382031,12,"Winter",119,0.923941323537982,0.99271958157491,0.0298713870579377,0
"2346",2346,1632000,1999-12-23,158,0.913294797687861,0.976644725851181,12,"Winter",119,0.923941323537982,0.99271958157491,0.0220539945294149,0
"2347",2347,1632000,1999-12-24,151,0.955696202531646,1.04642685467073,12,"Winter",119,0.923941323537982,0.99271958157491,0.0119796070503071,0
"2348",2348,1632000,1999-12-25,138,0.913907284768212,0.956273847638262,12,"Winter",119,0.923941323537982,0.99271958157491,0.00836225270177238,0
"2349",2349,1632000,1999-12-26,128,0.927536231884058,1.01491283343835,12,"Winter",119,0.923941323537982,0.99271958157491,0.00762634319835343,0
"2350",2350,1632000,1999-12-27,123,0.9609375,1.0360107421875,12,"Winter",119,0.923941323537982,0.99271958157491,0.00699223155970685,0
"2351",2351,1632000,1999-12-28,112,0.910569105691057,0.947584109987441,12,"Winter",119,0.923941323537982,0.99271958157491,0.00644119872595184,0
"2352",2352,1632000,1999-12-29,101,0.901785714285714,0.990353954081633,12,"Winter",119,0.923941323537982,0.99271958157491,0.00595897539460566,0
"2353",2353,1632000,1999-12-30,89.9,0.89009900990099,0.98704048622684,12,"Winter",119,0.923941323537982,0.99271958157491,0.00553409906569869,0
"2354",2354,1632000,1999-12-31,81.8,0.909899888765295,1.02224570372964,12,"Winter",119,0.923941323537982,0.99271958157491,0.00515745117445477,0
"2355",2355,1632000,2000-01-01,73.4,0.897310513447433,0.986163999497851,1,"Winter",119,0.923941323537982,0.99271958157491,0.00482169722090475,0
"2356",2356,1632000,2000-01-02,66.7,0.908719346049046,1.01271447556965,1,"Winter",119,0.923941323537982,0.99271958157491,0.00437125634925906,0.000519421453645919
"2357",2357,1632000,2000-01-03,62.1,0.931034482758621,1.02455668717365,1,"Winter",119,0.923941323537982,0.99271958157491,0.00361696354229934,0.00100150876824046
"2358",2358,1632000,2000-01-04,59.8,0.962962962962963,1.03429355281207,1,"Winter",119,0.923941323537982,0.99271958157491,0.00291777613165323,0.000679290950813538
"2359",2359,1632000,2000-01-05,57.3,0.95819397993311,0.995047594545922,1,"Winter",119,0.923941323537982,0.99271958157491,0.00262073830526788,0
"2360",2360,1632000,2000-01-06,53.3,0.930191972076789,0.970776264052216,1,"Winter",119,0.923941323537982,0.99271958157491,0.00250996476097498,0
"2361",2361,1632000,2000-01-07,49.4,0.926829268292683,0.996384935706768,1,"Winter",119,0.923941323537982,0.99271958157491,0.00240678377303993,0
"2362",2362,1632000,2000-01-08,46.1,0.933198380566802,1.00687193692734,1,"Winter",119,0.923941323537982,0.99271958157491,0.00230917210137704,1.11843934291756e-05
"2363",2363,1632000,2000-02-26,172,0.864321608040201,0.998964672609277,2,"Winter",120,0.926427831196246,0.993737061948412,0.00757475939462893,0.00119417996279481
"2364",2364,1632000,2000-02-27,151,0.877906976744186,1.0157179556517,2,"Winter",120,0.926427831196246,0.993737061948412,0.0540786939673126,0.000722616159691825
"2365",2365,1632000,2000-02-28,149,0.986754966887417,1.12398579009693,2,"Winter",120,0.926427831196246,0.993737061948412,0.0461604459851514,0
"2366",2366,1632000,2000-02-29,134,0.899328859060403,0.911400387369938,2,"Winter",120,0.926427831196246,0.993737061948412,0.00496098209987395,0
"2367",2367,1632000,2000-03-01,123,0.917910447761194,1.0206616172867,3,"Spring",120,0.926427831196246,0.993737061948412,0.00430228578625247,0.000794549916463439
"2368",2368,1632000,2000-03-02,118,0.959349593495935,1.0451450855972,3,"Spring",120,0.926427831196246,0.993737061948412,0.00338148191804067,0.000936769271447703
"2369",2369,1632000,2000-03-03,110,0.932203389830508,0.971703533467394,3,"Spring",120,0.926427831196246,0.993737061948412,0.00265226289775455,0.00075239457646603
"2370",2370,1632000,2000-03-04,101,0.918181818181818,0.98495867768595,3,"Spring",120,0.926427831196246,0.993737061948412,0.00208423787989886,0.00103147815616467
"2371",2371,1632000,2000-03-05,94.2,0.932673267326733,1.01578276639545,3,"Spring",120,0.926427831196246,0.993737061948412,0.00152730348781915,0.00137693143915385
"2372",2372,1632000,2000-03-06,85.5,0.907643312101911,0.97316321148931,3,"Spring",120,0.926427831196246,0.993737061948412,0.00104211562938872,0.00156882346254861
"2373",2373,1632000,2000-03-07,77.1,0.901754385964912,0.993511849799938,3,"Spring",120,0.926427831196246,0.993737061948412,0.000644308845949127,0.00215009142993949
"2374",2374,1632000,2000-03-08,70.1,0.909208819714656,1.00826658995594,3,"Spring",120,0.926427831196246,0.993737061948412,0.000311356433030596,0.00322958181459399
"2375",2375,1632000,2000-03-09,66.5,0.948644793152639,1.04337394510797,3,"Spring",120,0.926427831196246,0.993737061948412,9.84883424735017e-05,0.00362935266457498
"2376",2376,1632000,2000-03-10,63.4,0.953383458646617,1.0049951947538,3,"Spring",120,0.926427831196246,0.993737061948412,1.96605050888366e-05,0.00280876756733051
"2377",2377,1632000,2000-03-29,265,0.874587458745875,0.987158121752769,3,"Spring",121,0.972340414500844,0.598567686496894,0.00248195535095874,4.04335278290091e-05
"2378",2378,1632000,2000-03-30,232,0.875471698113208,1.00101103595586,3,"Spring",121,0.972340414500844,0.598567686496894,0.00205321329121944,0.00130385620650486
"2379",2379,1632000,2000-03-31,205,0.883620689655172,1.00930811533888,3,"Spring",121,0.972340414500844,0.598567686496894,0.00140701298369095,0.00126195702978293
"2380",2380,1632000,2000-04-01,185,0.902439024390244,1.02129684711481,4,"Spring",121,0.972340414500844,0.598567686496894,0.000902105181012303,0.0018254664446431
"2381",2381,1632000,2000-04-02,170,0.918918918918919,1.01826150474799,4,"Spring",121,0.972340414500844,0.598567686496894,0.000491157854412449,0.00193957976625825
"2382",2382,1632000,2000-04-03,160,0.941176470588235,1.0242214532872,4,"Spring",121,0.972340414500844,0.598567686496894,0.000280528570328897,0.00139466417476797
"2383",2383,1632000,2000-04-04,210,1.3125,1.39453125,4,"Spring",121,0.972340414500844,0.598567686496894,0.127793324939375,0
"2384",2384,1632000,2000-04-05,222,1.05714285714286,0.805442176870748,4,"Spring",121,0.972340414500844,0.598567686496894,0.000632195899015642,0
"2385",2385,1632000,2000-04-06,219,0.986486486486487,0.933162892622352,4,"Spring",121,0.972340414500844,0.598567686496894,0.000600000515987631,0.000443939938122639
"2386",2386,1632000,2000-04-07,214,0.977168949771689,0.990554825795959,4,"Spring",121,0.972340414500844,0.598567686496894,0.000369848246918991,0.00304608105670922
"2387",2387,1632000,2000-04-08,208,0.97196261682243,0.994672023757533,4,"Spring",121,0.972340414500844,0.598567686496894,0.0282817436832374,0.00108884590281377
"2388",2388,1632000,2000-04-09,201,0.966346153846154,0.994221523668639,4,"Spring",121,0.972340414500844,0.598567686496894,0.0203902126900175,0
"2389",2389,1632000,2000-04-10,186,0.925373134328358,0.95760005940447,4,"Spring",121,0.972340414500844,0.598567686496894,0.000138552495172917,0
"2390",2390,1632000,2000-04-11,168,0.903225806451613,0.976066597294485,4,"Spring",121,0.972340414500844,0.598567686496894,0.000137820962208934,0
"2391",2391,1632000,2000-04-12,155,0.922619047619048,1.02147108843537,4,"Spring",121,0.972340414500844,0.598567686496894,0.000137109715069528,0
"2392",2392,1632000,2000-04-13,143,0.92258064516129,0.999958376690947,4,"Spring",121,0.972340414500844,0.598567686496894,0.000136443296469224,0
"2393",2393,1632000,2000-04-14,132,0.923076923076923,1.00053792361485,4,"Spring",121,0.972340414500844,0.598567686496894,9.62341073318385e-05,0.00205865732277743
"2394",2394,1632000,2000-04-15,126,0.954545454545455,1.03409090909091,4,"Spring",121,0.972340414500844,0.598567686496894,3.47157436522139e-05,0.00198906502919272
"2395",2395,1632000,2000-04-16,123,0.976190476190476,1.02267573696145,4,"Spring",121,0.972340414500844,0.598567686496894,8.17260221808169e-06,0.00264823764882749
"2396",2396,1632000,2000-04-21,367,0.853488372093023,1.02220118983234,4,"Spring",122,0.937691611875869,0.954416290240717,0.0600634447182529,0
"2397",2397,1632000,2000-04-22,320,0.871934604904632,1.02161275234058,4,"Spring",122,0.937691611875869,0.954416290240717,0.0267911408488999,0
"2398",2398,1632000,2000-04-23,278,0.86875,0.99634765625,4,"Spring",122,0.937691611875869,0.954416290240717,7.67364663261105e-05,0
"2399",2399,1632000,2000-04-24,248,0.892086330935252,1.02686196366648,4,"Spring",122,0.937691611875869,0.954416290240717,7.64628425713454e-05,0
"2400",2400,1632000,2000-04-25,252,1.01612903225806,1.13904786680541,4,"Spring",122,0.937691611875869,0.954416290240717,7.62023357765429e-05,0
"2401",2401,1632000,2000-04-26,239,0.948412698412698,0.933358528596624,4,"Spring",122,0.937691611875869,0.954416290240717,7.59662545988249e-05,0
"2402",2402,1632000,2000-04-27,229,0.9581589958159,1.01027643073476,4,"Spring",122,0.937691611875869,0.954416290240717,0.00287842247553271,0
"2403",2403,1632000,2000-04-28,222,0.96943231441048,1.01176560324937,4,"Spring",122,0.937691611875869,0.954416290240717,7.53280480694229e-05,0
"2404",2404,1632000,2000-04-29,253,1.13963963963964,1.17557422287152,4,"Spring",122,0.937691611875869,0.954416290240717,7.50627325487585e-05,0
"2405",2405,1632000,2000-04-30,249,0.984189723320158,0.863597306628755,4,"Spring",122,0.937691611875869,0.954416290240717,5.21114827165547e-05,0.00221085464222881
"2406",2406,1632000,2000-05-01,226,0.907630522088353,0.922210932081741,5,"Spring",122,0.937691611875869,0.954416290240717,1.08095770841032e-05,0.00243755109841004
"2407",2407,1632000,2000-05-02,209,0.924778761061947,1.01889341373639,5,"Spring",122,0.937691611875869,0.954416290240717,1.49310856301099e-06,0
"2408",2408,1632000,2000-05-03,189,0.904306220095694,0.977862228428836,5,"Spring",122,0.937691611875869,0.954416290240717,7.15413227325712e-07,0.00333292864399937
"2409",2409,1632000,2000-05-04,167,0.883597883597884,0.977100305142633,5,"Spring",122,0.937691611875869,0.954416290240717,0,0.00530006230110303
"2410",2410,1632000,2000-05-05,159,0.952095808383233,1.07752160349959,5,"Spring",122,0.937691611875869,0.954416290240717,0,0.00682056073674175
"2411",2411,1632000,2000-05-06,151,0.949685534591195,0.997468454570626,5,"Spring",122,0.937691611875869,0.954416290240717,0,0.00552185253354765
"2412",2412,1632000,2000-05-07,138,0.913907284768212,0.962326213762554,5,"Spring",122,0.937691611875869,0.954416290240717,0,0.00867344499420141
"2413",2413,1632000,2000-05-08,135,0.978260869565217,1.07041587901701,5,"Spring",122,0.937691611875869,0.954416290240717,0,0.00474749476688885
"2414",2414,1632000,2000-05-09,121,0.896296296296296,0.916213991769547,5,"Spring",122,0.937691611875869,0.954416290240717,0,0.0104347238693663
"2415",2415,1632000,2000-05-10,109,0.900826446280992,1.0050542995697,5,"Spring",122,0.937691611875869,0.954416290240717,0,0.00656135455210461
"2416",2416,1632000,2000-05-11,97.6,0.895412844036697,0.993990404848077,5,"Spring",122,0.937691611875869,0.954416290240717,0,0.00381743098569132
"2417",2417,1632000,2000-05-12,85.8,0.879098360655738,0.981779931470035,5,"Spring",122,0.937691611875869,0.954416290240717,0,0.011065881641116
"2418",2418,1632000,2000-05-13,81.4,0.948717948717949,1.07919430996354,5,"Spring",122,0.937691611875869,0.954416290240717,0,0.00924503659189212
"2419",2419,1632000,2000-05-14,81.4,1,1.05405405405405,5,"Spring",122,0.937691611875869,0.954416290240717,0,0
"2420",2420,1632000,2000-05-15,67.3,0.826781326781327,0.826781326781327,5,"Spring",122,0.937691611875869,0.954416290240717,0,0
"2421",2421,1632000,2000-05-16,57,0.846953937592868,1.02439896760861,5,"Spring",122,0.937691611875869,0.954416290240717,0,0.00574595573652914
"2422",2422,1632000,2000-07-01,71.5,0.831395348837209,1.02474310438075,7,"Summer",123,0.934286740625124,0.952846449907748,0,0.0117958376958995
"2423",2423,1632000,2000-07-02,60.9,0.851748251748252,1.0244804146902,7,"Summer",123,0.934286740625124,0.952846449907748,0,0.0127982358817462
"2424",2424,1632000,2000-07-03,54.5,0.894909688013136,1.05067393584465,7,"Summer",123,0.934286740625124,0.952846449907748,0,0.00604875498902402
"2425",2425,1632000,2000-07-04,57.2,1.04954128440367,1.17279016917768,7,"Summer",123,0.934286740625124,0.952846449907748,0.031158662866801,0
"2426",2426,1632000,2000-07-05,50,0.874125874125874,0.832864687759792,7,"Summer",123,0.934286740625124,0.952846449907748,0,0.0105572415268398
"2427",2427,1632000,2000-07-06,44.9,0.898,1.027312,7,"Summer",123,0.934286740625124,0.952846449907748,0,0.012997239777178
"2428",2428,1632000,2000-07-07,40.1,0.893095768374165,0.994538717565885,7,"Summer",123,0.934286740625124,0.952846449907748,0,0.0117060625094894
"2429",2429,1632000,2000-07-08,36.1,0.900249376558603,1.00800990043594,7,"Summer",123,0.934286740625124,0.952846449907748,0,0.0111879779703017
"2430",2430,1632000,2000-07-09,32.6,0.903047091412742,1.00310771095986,7,"Summer",123,0.934286740625124,0.952846449907748,0,0.0136752228136174
"2431",2431,1632000,2000-07-10,30.1,0.923312883435583,1.02244156724002,7,"Summer",123,0.934286740625124,0.952846449907748,0.0607252446934582,0.0122805010178126
"2432",2432,1632000,2000-07-11,32.5,1.0797342192691,1.16941314113531,7,"Summer",123,0.934286740625124,0.952846449907748,0.0528134904161562,0
"2433",2433,1632000,2000-07-12,31.3,0.963076923076923,0.891957396449704,7,"Summer",123,0.934286740625124,0.952846449907748,0,0.0073007872706512
"2434",2434,1632000,2000-07-13,30.1,0.961661341853035,0.99853014729149,7,"Summer",123,0.934286740625124,0.952846449907748,0,0.0104214620878338
"2435",2435,1632000,2000-07-14,27.3,0.906976744186046,0.9431352854825,7,"Summer",123,0.934286740625124,0.952846449907748,0,0.00956379369290517
"2436",2436,1632000,2000-07-15,25.2,0.923076923076923,1.01775147928994,7,"Summer",123,0.934286740625124,0.952846449907748,0.00637968443334102,0
"2437",2437,1632000,2000-07-16,23.6,0.936507936507937,1.01455026455026,7,"Summer",123,0.934286740625124,0.952846449907748,0,0
"2438",2438,1632000,2000-07-17,22.4,0.949152542372881,1.01350186727952,7,"Summer",123,0.934286740625124,0.952846449907748,0,0
"2439",2439,1632000,2000-09-29,156,0.709090909090909,1.02495867768595,9,"Fall",124,0.923046365505682,0.884478305069165,0.0238468480529264,0.000718699046956317
"2440",2440,1632000,2000-09-30,117,0.75,1.05769230769231,9,"Fall",124,0.923046365505682,0.884478305069165,0.0164106620359235,0.000963970469456399
"2441",2441,1632000,2000-10-01,89.6,0.765811965811966,1.02108262108262,10,"Fall",124,0.923046365505682,0.884478305069165,0.0114589497097768,0.00133651873693452
"2442",2442,1632000,2000-10-02,72.1,0.8046875,1.05076381138393,10,"Fall",124,0.923046365505682,0.884478305069165,0.00786895994679071,0.00177621879993239
"2443",2443,1632000,2000-10-03,59.8,0.829403606102635,1.03071516098192,10,"Fall",124,0.923046365505682,0.884478305069165,0.00509034325659741,0.00271213018277194
"2444",2444,1632000,2000-10-04,50.8,0.849498327759197,1.02422791691368,10,"Fall",124,0.923046365505682,0.884478305069165,0.0029865676551708,0.00331566429667873
"2445",2445,1632000,2000-10-05,44.8,0.881889763779528,1.03813007626015,10,"Fall",124,0.923046365505682,0.884478305069165,0.00166500133855152,0.00344856574520236
"2446",2446,1632000,2000-10-06,40.6,0.90625,1.02762276785714,10,"Fall",124,0.923046365505682,0.884478305069165,0.000915281185370986,0.00320972679037368
"2447",2447,1632000,2000-10-07,36.4,0.896551724137931,0.989298454221165,10,"Fall",124,0.923046365505682,0.884478305069165,0.000554975111299427,0.00178400124787004
"2448",2448,1632000,2000-10-08,32.6,0.895604395604396,0.99894336432798,10,"Fall",124,0.923046365505682,0.884478305069165,0.000402723420847906,0.00135714225325501
"2449",2449,1632000,2000-10-09,30.1,0.923312883435583,1.03093831156611,10,"Fall",124,0.923046365505682,0.884478305069165,0.000302910809296008,0.00130221257495577
"2450",2450,1632000,2000-10-10,28.2,0.93687707641196,1.01469078707741,10,"Fall",124,0.923046365505682,0.884478305069165,0.000218227283312444,0.00171495747781592
"2451",2451,1632000,2000-10-11,25.7,0.911347517730496,0.972750364669785,10,"Fall",124,0.923046365505682,0.884478305069165,0.000138967227485409,0.00214464446617057
"2452",2452,1632000,2000-10-12,24.2,0.941634241245136,1.03323290284486,10,"Fall",124,0.923046365505682,0.884478305069165,7.5166951319261e-05,0.00255412918704678
"2453",2453,1632000,2000-10-13,22.7,0.93801652892562,0.996158049313571,10,"Fall",124,0.923046365505682,0.884478305069165,3.17794966804286e-05,0.00299026996799512
"2454",2454,1632000,2000-10-14,21.6,0.951541850220264,1.01441906499253,10,"Fall",124,0.923046365505682,0.884478305069165,8.74629358804668e-06,0.00339442530093947
"2455",2455,1632000,2000-10-15,20.5,0.949074074074074,0.997406550068587,10,"Fall",124,0.923046365505682,0.884478305069165,9.4579523546301e-07,0.00396381357131759
"2456",2456,1632000,2000-10-16,19.6,0.95609756097561,1.0074003569304,10,"Fall",124,0.923046365505682,0.884478305069165,0,0.00360075722710462
"2457",2457,1632000,2000-10-17,18.7,0.954081632653061,0.997891503540191,10,"Fall",124,0.923046365505682,0.884478305069165,0,0.00335501071458566
"2458",2458,1632000,2000-10-18,17.7,0.946524064171123,0.992078698275616,10,"Fall",124,0.923046365505682,0.884478305069165,0,0
"2459",2459,1632000,2000-10-19,16.9,0.954802259887006,1.0087458903891,10,"Fall",124,0.923046365505682,0.884478305069165,0,0.00186094321907149
"2460",2460,1632000,2000-10-20,16.1,0.952662721893491,0.997759182101467,10,"Fall",124,0.923046365505682,0.884478305069165,0,0.00355333315383177
"2461",2461,1632000,2000-10-21,15.6,0.968944099378882,1.01709039003125,10,"Fall",124,0.923046365505682,0.884478305069165,0,0.00416427744130488
"2462",2462,1632000,2000-10-22,15.3,0.980769230769231,1.01220414201183,10,"Fall",124,0.923046365505682,0.884478305069165,0,0.00394611513547716
"2463",2463,1632000,2000-10-23,14.9,0.973856209150327,0.992951428937588,10,"Fall",124,0.923046365505682,0.884478305069165,0,0.00322607750422321
"2464",2464,1632000,2000-10-24,14.8,0.993288590604027,1.0199540561236,10,"Fall",124,0.923046365505682,0.884478305069165,0,0.00346132775302976
"2465",2465,1632000,2001-03-27,334,0.8287841191067,0.997420093714018,3,"Spring",125,0.997219726729848,0.00195642637116707,0.0188567571458407,0
"2466",2466,1632000,2001-03-28,285,0.853293413173653,1.02957259134426,3,"Spring",125,0.997219726729848,0.00195642637116707,0.0159037140547298,0.00021949927577225
"2467",2467,1632000,2001-03-29,264,0.926315789473684,1.08557710064635,3,"Spring",125,0.997219726729848,0.00195642637116707,0.100884379819036,0
"2468",2468,1632000,2001-03-30,1250,4.73484848484848,5.11148415977961,3,"Spring",125,0.997219726729848,0.00195642637116707,0.103768806904554,0
"2469",2469,1632000,2001-03-31,906,0.7248,0.15307776,3,"Spring",125,0.997219726729848,0.00195642637116707,0.0926194811472668,0
"2470",2470,1632000,2001-04-01,645,0.711920529801324,0.982230311536044,4,"Spring",125,0.997219726729848,0.00195642637116707,0.0782109270803631,0
"2471",2471,1632000,2001-04-02,597,0.925581395348837,1.30011898323418,4,"Spring",125,0.997219726729848,0.00195642637116707,0.0300897367997095,0
"2472",2472,1632000,2001-04-03,506,0.847571189279732,0.915717616558504,4,"Spring",125,0.997219726729848,0.00195642637116707,0.0249785499763675,0
"2473",2473,1632000,2001-04-04,430,0.849802371541502,1.0026324423128,4,"Spring",125,0.997219726729848,0.00195642637116707,0.0212556969490834,2.21825262087805e-05
"2474",2474,1632000,2001-04-05,369,0.858139534883721,1.00981070849108,4,"Spring",125,0.997219726729848,0.00195642637116707,0.0161982977879234,0.000540354515948138
"2475",2475,1632000,2001-04-06,335,0.907859078590786,1.05793876366948,4,"Spring",125,0.997219726729848,0.00195642637116707,0.0600968430517241,0.000232874530411209
"2476",2476,1632000,2001-04-07,325,0.970149253731343,1.06861216306527,4,"Spring",125,0.997219726729848,0.00195642637116707,0.0131077222758904,0
"2477",2477,1632000,2001-04-08,300,0.923076923076923,0.951479289940828,4,"Spring",125,0.997219726729848,0.00195642637116707,0.0104033956304193,0.000939788229516125
"2478",2478,1632000,2001-04-09,278,0.926666666666667,1.00388888888889,4,"Spring",125,0.997219726729848,0.00195642637116707,0.0393889578990638,0.00172951201784599
"2479",2479,1632000,2001-04-17,239,0.847517730496454,1.00079221367134,4,"Spring",126,0.930217927050812,0.967126813157611,0.00571363713243045,0
"2480",2480,1632000,2001-04-18,199,0.832635983263598,0.982440783599727,4,"Spring",126,0.930217927050812,0.967126813157611,0.00538160630094353,0
"2481",2481,1632000,2001-04-19,169,0.849246231155779,1.01994899118709,4,"Spring",126,0.930217927050812,0.967126813157611,0.00508106526103802,0
"2482",2482,1632000,2001-04-20,148,0.875739644970414,1.03119638668114,4,"Spring",126,0.930217927050812,0.967126813157611,0.00465112537494861,0.000316989213388297
"2483",2483,1632000,2001-04-21,136,0.918918918918919,1.04930606281958,4,"Spring",126,0.930217927050812,0.967126813157611,0.00355460813443642,0.000822444979348803
"2484",2484,1632000,2001-04-22,124,0.911764705882353,0.992214532871972,4,"Spring",126,0.930217927050812,0.967126813157611,0.00237999644377851,0.00219390139682218
"2485",2485,1632000,2001-04-23,110,0.887096774193548,0.972944849115505,4,"Spring",126,0.930217927050812,0.967126813157611,0.00093201945128385,0.00373872429554467
"2486",2486,1632000,2001-04-24,99.8,0.907272727272727,1.02274380165289,4,"Spring",126,0.930217927050812,0.967126813157611,0.000233368403087297,0.00320850963908015
"2487",2487,1632000,2001-04-25,92.7,0.928857715430862,1.02379106911217,4,"Spring",126,0.930217927050812,0.967126813157611,5.58082919042135e-05,0.00205258012647391
"2488",2488,1632000,2001-04-26,83.7,0.902912621359223,0.972067741226003,4,"Spring",126,0.930217927050812,0.967126813157611,1.22385930438895e-05,0.00233187770754739
"2489",2489,1632000,2001-04-27,76.5,0.913978494623656,1.01225575211007,4,"Spring",126,0.930217927050812,0.967126813157611,6.9926678669674e-07,0.00313296513195382
"2490",2490,1632000,2001-04-28,71.6,0.935947712418301,1.0240369088812,4,"Spring",126,0.930217927050812,0.967126813157611,0,0.0029060218421364
"2491",2491,1632000,2001-04-29,67,0.935754189944134,0.999793233669361,4,"Spring",126,0.930217927050812,0.967126813157611,0,0.0028410317208909
"2492",2492,1632000,2001-04-30,61.8,0.922388059701493,0.985716195143684,4,"Spring",126,0.930217927050812,0.967126813157611,0,0.00404073760661561
"2493",2493,1632000,2001-05-01,57.3,0.927184466019418,1.00519998743205,5,"Spring",126,0.930217927050812,0.967126813157611,0,0.0057953214715667
"2494",2494,1632000,2001-05-02,53.9,0.940663176265271,1.01453724769972,5,"Spring",126,0.930217927050812,0.967126813157611,0,0.00778994596657867
"2495",2495,1632000,2001-05-03,51.4,0.953617810760668,1.01377180995522,5,"Spring",126,0.930217927050812,0.967126813157611,0,0.00900403650712177
"2496",2496,1632000,2001-05-04,49.2,0.957198443579767,1.00375478811186,5,"Spring",126,0.930217927050812,0.967126813157611,0,0.00890838731174881
"2497",2497,1632000,2001-05-05,48.1,0.977642276422764,1.02135798797012,5,"Spring",126,0.930217927050812,0.967126813157611,0,0.00842464963352541
"2498",2498,1632000,2001-05-06,45.1,0.937629937629938,0.959072618116277,5,"Spring",126,0.930217927050812,0.967126813157611,0,0.00595213796350436
"2499",2499,1632000,2001-05-07,41.9,0.929046563192905,0.990845669391989,5,"Spring",126,0.930217927050812,0.967126813157611,0,0.00546885286939869
"2500",2500,1632000,2001-05-08,39.1,0.933174224343675,1.00444290018854,5,"Spring",126,0.930217927050812,0.967126813157611,0,0.00615017030213494
"2501",2501,1632000,2001-05-09,37.5,0.959079283887468,1.02776015332186,5,"Spring",126,0.930217927050812,0.967126813157611,0,0.00715398266947886
"2502",2502,1632000,2001-05-10,35.2,0.938666666666667,0.978716444444445,5,"Spring",126,0.930217927050812,0.967126813157611,0,0.00933450087268284
"2503",2503,1632000,2001-05-11,33.8,0.960227272727273,1.02296939566116,5,"Spring",126,0.930217927050812,0.967126813157611,0,0.0108812587750435
"2504",2504,1632000,2001-05-12,31.9,0.943786982248521,0.982878750744022,5,"Spring",126,0.930217927050812,0.967126813157611,0,0.00940232097855187
"2505",2505,1632000,2001-05-13,30.2,0.946708463949843,1.00309548844842,5,"Spring",126,0.930217927050812,0.967126813157611,0,0.00631937499838387
"2506",2506,1632000,2001-05-14,28.1,0.93046357615894,0.982840664883119,5,"Spring",126,0.930217927050812,0.967126813157611,0,0.0067892346141889
"2507",2507,1632000,2001-09-04,24.5,0.868794326241135,1.01051254967054,9,"Fall",127,0.942229887676701,0.98453996453698,0,0.00830289915029425
"2508",2508,1632000,2001-09-05,23.2,0.946938775510204,1.08994585589338,9,"Fall",127,0.942229887676701,0.98453996453698,0,0.00771728534527938
"2509",2509,1632000,2001-09-06,23.2,1,1.05603448275862,9,"Fall",127,0.942229887676701,0.98453996453698,0,0.00784594439210195
"2510",2510,1632000,2001-09-07,22.3,0.961206896551724,0.961206896551724,9,"Fall",127,0.942229887676701,0.98453996453698,0,0.00893820395504009
"2511",2511,1632000,2001-09-08,21.2,0.95067264573991,0.989040600052283,9,"Fall",127,0.942229887676701,0.98453996453698,0,0.00998568429895387
"2512",2512,1632000,2001-09-09,19.2,0.905660377358491,0.952652189391243,9,"Fall",127,0.942229887676701,0.98453996453698,0,0.0106368895358173
"2513",2513,1632000,2001-09-10,18.1,0.942708333333333,1.04090711805556,9,"Fall",127,0.942229887676701,0.98453996453698,0,0.00249966350384057
"2514",2514,1632000,2001-09-11,17.9,0.988950276243094,1.04905222673301,9,"Fall",127,0.942229887676701,0.98453996453698,0,0.00836444381275215
"2515",2515,1632000,2001-09-12,17.5,0.977653631284916,0.988577135545083,9,"Fall",127,0.942229887676701,0.98453996453698,0,0.00925328947323577
"2516",2516,1632000,2001-09-13,16,0.914285714285714,0.935183673469388,9,"Fall",127,0.942229887676701,0.98453996453698,0,0.00591818745851925
"2517",2517,1632000,2001-09-14,15.3,0.95625,1.0458984375,9,"Fall",127,0.942229887676701,0.98453996453698,0,0
"2518",2518,1632000,2001-09-15,13.9,0.908496732026144,0.950061941988124,9,"Fall",127,0.942229887676701,0.98453996453698,0,0
"2519",2519,1632000,2001-09-16,12.9,0.928057553956835,1.02153097665752,9,"Fall",127,0.942229887676701,0.98453996453698,0,0
"2520",2520,1632000,2001-09-17,11.9,0.922480620155039,0.993990745748453,9,"Fall",127,0.942229887676701,0.98453996453698,0,0
"2521",2521,1632000,2001-09-18,10.7,0.899159663865546,0.9747192994845,9,"Fall",127,0.942229887676701,0.98453996453698,0,0
"2522",2522,1632000,2001-09-19,10.4,0.97196261682243,1.08096777011093,9,"Fall",127,0.942229887676701,0.98453996453698,0,0
"2523",2523,1632000,2001-09-20,10.2,0.980769230769231,1.00906065088757,9,"Fall",127,0.942229887676701,0.98453996453698,0.0130591156057562,0
"2524",2524,1632000,2001-09-21,9.38,0.919607843137255,0.93763936947328,9,"Fall",127,0.942229887676701,0.98453996453698,0.00098259543756285,0
"2525",2525,1632000,2001-09-22,8.79,0.937100213219616,1.0190215538209,9,"Fall",127,0.942229887676701,0.98453996453698,0,0.00376097784101148
"2526",2526,1632000,2001-12-17,19.2,0.979591836734694,0.994585589337776,12,"Winter",128,0.958249119410176,0.954116150684544,0.00743737919163579,0.00030903108563507
"2527",2527,1632000,2001-12-18,19.3,1.00520833333333,1.02615017361111,12,"Winter",128,0.958249119410176,0.954116150684544,0.00638112188971362,0
"2528",2528,1632000,2001-12-19,18.9,0.979274611398964,0.97420064968187,12,"Winter",128,0.958249119410176,0.954116150684544,1.11478620468119e-06,0
"2529",2529,1632000,2001-12-20,18.3,0.968253968253968,0.988746115730243,12,"Winter",128,0.958249119410176,0.954116150684544,1.11449574191624e-06,0
"2530",2530,1632000,2001-12-21,18.2,0.994535519125683,1.02714324106423,12,"Winter",128,0.958249119410176,0.954116150684544,1.11403629432516e-06,0
"2531",2531,1632000,2001-12-22,17.3,0.950549450549451,0.955772249728294,12,"Winter",128,0.958249119410176,0.954116150684544,1.11357716292559e-06,0
"2532",2532,1632000,2001-12-23,16.8,0.971098265895954,1.02161782886164,12,"Winter",128,0.958249119410176,0.954116150684544,1.06822901813075e-06,0.000246850449912017
"2533",2533,1632000,2001-12-24,16.3,0.970238095238095,0.999114229024943,12,"Winter",128,0.958249119410176,0.954116150684544,0.0175584695996705,0
"2534",2534,1632000,2001-12-25,15.2,0.932515337423313,0.961120102374948,12,"Winter",128,0.958249119410176,0.954116150684544,7.34938343072144e-07,0
"2535",2535,1632000,2001-12-26,14.2,0.934210526315789,1.00181786703601,12,"Winter",128,0.958249119410176,0.954116150684544,7.34894907594708e-07,0
"2536",2536,1632000,2001-12-27,13.4,0.943661971830986,1.01011704026979,12,"Winter",128,0.958249119410176,0.954116150684544,7.3466536676392e-07,0
"2537",2537,1632000,2001-12-28,12.8,0.955223880597015,1.01225217197594,12,"Winter",128,0.958249119410176,0.954116150684544,7.34435953830825e-07,0
"2538",2538,1632000,2001-12-29,12.3,0.9609375,1.0059814453125,12,"Winter",128,0.958249119410176,0.954116150684544,7.34206679453564e-07,0
"2539",2539,1632000,2001-12-30,11.8,0.959349593495935,0.998347544451054,12,"Winter",128,0.958249119410176,0.954116150684544,7.33977486788717e-07,0
"2540",2540,1632000,2001-12-31,10.9,0.923728813559322,0.962869864981327,12,"Winter",128,0.958249119410176,0.954116150684544,7.3374842912699e-07,0
"2541",2541,1632000,2002-01-01,9.9,0.908256880733945,0.983250568133995,1,"Winter",128,0.958249119410176,0.954116150684544,7.33519481599387e-07,0
"2542",2542,1632000,2002-01-02,8.4,0.848484848484849,0.934190388735843,1,"Winter",128,0.958249119410176,0.954116150684544,7.33290661969477e-07,0
"2543",2543,1632000,2002-01-03,8.5,1.01190476190476,1.19260204081633,1,"Winter",128,0.958249119410176,0.954116150684544,7.33061966684545e-07,0
"2544",2544,1632000,2002-01-04,8.3,0.976470588235294,0.964982698961938,1,"Winter",128,0.958249119410176,0.954116150684544,7.32833385086451e-07,0
"2545",2545,1632000,2002-01-05,8.2,0.987951807228916,1.01175787487299,1,"Winter",128,0.958249119410176,0.954116150684544,7.32604913622481e-07,0
"2546",2546,1632000,2002-01-06,8.4,1.02439024390244,1.03688280785247,1,"Winter",128,0.958249119410176,0.954116150684544,0.0444249662885277,0
"2547",2547,1632000,2002-01-07,8.8,1.04761904761905,1.02267573696145,1,"Winter",128,0.958249119410176,0.954116150684544,0.00824520251171635,0
"2548",2548,1632000,2002-01-08,8.7,0.988636363636363,0.943698347107438,1,"Winter",128,0.958249119410176,0.954116150684544,0.00328148048265575,0
"2549",2549,1632000,2002-01-09,8.69,0.998850574712644,1.01033161580129,1,"Winter",128,0.958249119410176,0.954116150684544,0.000448964002316643,0
"2550",2550,1632000,2003-04-17,302,0.877906976744186,1.0157179556517,4,"Spring",129,0.940333627389539,0.767152220203236,0.002468250815582,0.000841213921376038
"2551",2551,1632000,2003-04-18,274,0.907284768211921,1.03346344458576,4,"Spring",129,0.940333627389539,0.767152220203236,0.0881757643837772,0.000509182655832774
"2552",2552,1632000,2003-04-19,348,1.27007299270073,1.39986147370664,4,"Spring",129,0.940333627389539,0.767152220203236,0.0324354844342451,0
"2553",2553,1632000,2003-04-20,340,0.977011494252874,0.769256176509446,4,"Spring",129,0.940333627389539,0.767152220203236,0.00522198253020178,0
"2554",2554,1632000,2003-04-21,331,0.973529411764706,0.99643598615917,4,"Spring",129,0.940333627389539,0.767152220203236,0.0436667088215472,0
"2555",2555,1632000,2003-04-22,337,1.01812688821752,1.04581009665848,4,"Spring",129,0.940333627389539,0.767152220203236,0.0471001978730784,0
"2556",2556,1632000,2003-04-23,311,0.922848664688427,0.906418124664301,4,"Spring",129,0.940333627389539,0.767152220203236,0.00498686061473563,0
"2557",2557,1632000,2003-04-24,281,0.903536977491961,0.979073830915727,4,"Spring",129,0.940333627389539,0.767152220203236,0.00474651172407903,0
"2558",2558,1632000,2003-04-25,258,0.918149466192171,1.01617254087461,4,"Spring",129,0.940333627389539,0.767152220203236,0.00380157896870514,0.000526201009051874
"2559",2559,1632000,2003-04-26,247,0.957364341085271,1.04271077459287,4,"Spring",129,0.940333627389539,0.767152220203236,0.00285749069735175,0
"2560",2560,1632000,2003-04-27,211,0.854251012145749,0.892294579488272,4,"Spring",129,0.940333627389539,0.767152220203236,0.00276154814491747,0
"2561",2561,1632000,2003-04-28,177,0.838862559241706,0.981986029064936,4,"Spring",129,0.940333627389539,0.767152220203236,0.0022834276969661,0.000702179749168862
"2562",2562,1632000,2003-04-29,158,0.892655367231638,1.06412588975071,4,"Spring",129,0.940333627389539,0.767152220203236,0.00114751860382967,0.00147649742120848
"2563",2563,1632000,2003-04-30,143,0.905063291139241,1.01390001602307,4,"Spring",129,0.940333627389539,0.767152220203236,0.000348262226452789,0.00187894654027332
"2564",2564,1632000,2003-07-17,60,0.833333333333333,0.99537037037037,7,"Summer",130,0.964616918462837,0.896408620664045,0,0.00504775871195307
"2565",2565,1632000,2003-07-18,54,0.9,1.08,7,"Summer",130,0.964616918462837,0.896408620664045,0,0.00606452642387012
"2566",2566,1632000,2003-07-19,52,0.962962962962963,1.06995884773663,7,"Summer",130,0.964616918462837,0.896408620664045,0,0.00487306407376309
"2567",2567,1632000,2003-07-20,48,0.923076923076923,0.958579881656805,7,"Summer",130,0.964616918462837,0.896408620664045,0,0.0075067991783726
"2568",2568,1632000,2003-07-21,45,0.9375,1.015625,7,"Summer",130,0.964616918462837,0.896408620664045,0,0.00793524074106244
"2569",2569,1632000,2003-07-22,43,0.955555555555556,1.01925925925926,7,"Summer",130,0.964616918462837,0.896408620664045,0,0.00588328152662143
"2570",2570,1632000,2003-07-23,42,0.976744186046512,1.02217414818821,7,"Summer",130,0.964616918462837,0.896408620664045,0.0369398929178715,0
"2571",2571,1632000,2003-07-24,66,1.57142857142857,1.60884353741497,7,"Summer",130,0.964616918462837,0.896408620664045,0.0169964895176236,0
"2572",2572,1632000,2003-07-25,52,0.787878787878788,0.50137741046832,7,"Summer",130,0.964616918462837,0.896408620664045,0,0.0032595307839074
"2573",2573,1632000,2003-07-26,42,0.807692307692308,1.02514792899408,7,"Summer",130,0.964616918462837,0.896408620664045,0,0.00798384357403848
"2574",2574,1632000,2003-07-27,39,0.928571428571429,1.14965986394558,7,"Summer",130,0.964616918462837,0.896408620664045,0,0.00964247531010187
"2575",2575,1632000,2003-07-28,37,0.948717948717949,1.02169625246548,7,"Summer",130,0.964616918462837,0.896408620664045,0.0536982547491789,0.00424809989635833
"2576",2576,1632000,2003-07-29,36,0.972972972972973,1.02556610664719,7,"Summer",130,0.964616918462837,0.896408620664045,0.00691095153649712,0
"2577",2577,1632000,2003-07-30,35,0.972222222222222,0.999228395061728,7,"Summer",130,0.964616918462837,0.896408620664045,0,0.00350458938737574
"2578",2578,1632000,2004-01-01,198,0.883928571428571,1.02598852040816,1,"Winter",131,0.959711738016216,0.911692178916401,0.00895612657768652,0
"2579",2579,1632000,2004-01-02,178,0.898989898989899,1.01703907764514,1,"Winter",131,0.959711738016216,0.911692178916401,0.00832830980652943,0
"2580",2580,1632000,2004-01-03,166,0.932584269662921,1.03736901906325,1,"Winter",131,0.959711738016216,0.911692178916401,0.007770170312142,0
"2581",2581,1632000,2004-01-04,157,0.94578313253012,1.0141529975323,1,"Winter",131,0.959711738016216,0.911692178916401,0.00686209116247483,0.000104840041846188
"2582",2582,1632000,2004-01-05,148,0.942675159235669,0.996713862631344,1,"Winter",131,0.959711738016216,0.911692178916401,0.00586732043302618,3.88792697094687e-05
"2583",2583,1632000,2004-01-06,136,0.918918918918919,0.974799123447772,1,"Winter",131,0.959711738016216,0.911692178916401,0.0054429133888334,0
"2584",2584,1632000,2004-01-07,116,0.852941176470588,0.928200692041522,1,"Winter",131,0.959711738016216,0.911692178916401,0.00516446003166493,0
"2585",2585,1632000,2004-01-08,101,0.870689655172414,1.02080856123662,1,"Winter",131,0.959711738016216,0.911692178916401,0.00490897607232909,0
"2586",2586,1632000,2004-01-09,99.9,0.989108910891089,1.13600627389472,1,"Winter",131,0.959711738016216,0.911692178916401,0.00466075747681316,0
"2587",2587,1632000,2004-01-10,86.9,0.86986986986987,0.879448016585154,1,"Winter",131,0.959711738016216,0.911692178916401,0.00443527633615304,0
"2588",2588,1632000,2004-01-11,86,0.989643268124281,1.13769116784368,1,"Winter",131,0.959711738016216,0.911692178916401,0.00423832681553904,0
"2589",2589,1632000,2004-01-12,83.9,0.975581395348837,0.98579096809086,1,"Winter",131,0.959711738016216,0.911692178916401,0.00402822851901874,0
"2590",2590,1632000,2004-01-13,81.7,0.973778307508939,0.998151781236815,1,"Winter",131,0.959711738016216,0.911692178916401,0.00380986595700961,0
"2591",2591,1632000,2004-01-14,77.3,0.946144430844553,0.971622004257748,1,"Winter",131,0.959711738016216,0.911692178916401,0.00362963705265429,0
"2592",2592,1632000,2004-01-15,76.4,0.988357050452781,1.04461540778774,1,"Winter",131,0.959711738016216,0.911692178916401,0.00347899488406256,0
"2593",2593,1632000,2004-01-16,69.3,0.907068062827225,0.917753419588279,1,"Winter",131,0.959711738016216,0.911692178916401,0.003339496179251,0
"2594",2594,1632000,2004-01-17,66,0.952380952380952,1.04995533566962,1,"Winter",131,0.959711738016216,0.911692178916401,0.00322025940113235,0
"2595",2595,1632000,2004-01-18,64,0.96969696969697,1.01818181818182,1,"Winter",131,0.959711738016216,0.911692178916401,0.00307496207824442,0
"2596",2596,1632000,2004-01-19,66,1.03125,1.0634765625,1,"Winter",131,0.959711738016216,0.911692178916401,0.00291567232488887,0
"2597",2597,1632000,2004-01-20,66,1,0.96969696969697,1,"Winter",131,0.959711738016216,0.911692178916401,0.00282003528263885,0
"2598",2598,1632000,2004-01-21,62,0.939393939393939,0.939393939393939,1,"Winter",131,0.959711738016216,0.911692178916401,0.00272618269809754,0
"2599",2599,1632000,2004-01-22,58,0.935483870967742,0.995837669094693,1,"Winter",131,0.959711738016216,0.911692178916401,0.00262645394104766,0
"2600",2600,1632000,2004-01-23,60,1.03448275862069,1.10582639714625,1,"Winter",131,0.959711738016216,0.911692178916401,0.00253119764965959,0
"2601",2601,1632000,2004-01-24,61.2,1.02,0.986,1,"Winter",131,0.959711738016216,0.911692178916401,0.00246935262839543,0
"2602",2602,1632000,2004-01-25,60.4,0.986928104575163,0.967576573112905,1,"Winter",131,0.959711738016216,0.911692178916401,0.00239849435456563,0
"2603",2603,1632000,2004-01-26,58,0.960264900662252,0.972983641068374,1,"Winter",131,0.959711738016216,0.911692178916401,0.00236496391153196,0
"2604",2604,1632000,2004-01-27,56,0.96551724137931,1.00546967895363,1,"Winter",131,0.959711738016216,0.911692178916401,0.00233282607950969,0
"2605",2605,1632000,2004-01-28,54,0.964285714285714,0.998724489795918,1,"Winter",131,0.959711738016216,0.911692178916401,0.00227646651910618,0
"2606",2606,1632000,2004-01-29,51.8,0.959259259259259,0.994787379972565,1,"Winter",131,0.959711738016216,0.911692178916401,0.0022118449996924,0
"2607",2607,1632000,2004-01-30,53.1,1.02509652509653,1.06863344315082,1,"Winter",131,0.959711738016216,0.911692178916401,0.00214619265170768,0
"2608",2608,1632000,2004-01-31,50.8,0.95668549905838,0.933263820173712,1,"Winter",131,0.959711738016216,0.911692178916401,0.00208691911393544,0
"2609",2609,1632000,2004-02-01,50.1,0.986220472440945,1.03087218674437,2,"Winter",131,0.959711738016216,0.911692178916401,0.00202953263942618,0
"2610",2610,1632000,2004-02-02,49.4,0.986027944111776,0.999804781654256,2,"Winter",131,0.959711738016216,0.911692178916401,0.00197551625751657,0
"2611",2611,1632000,2004-02-03,48,0.97165991902834,0.98542837941943,2,"Winter",131,0.959711738016216,0.911692178916401,0.00193860560830217,0
"2612",2612,1632000,2004-06-01,271,0.906354515050167,0.985167951141486,6,"Summer",132,0.980102917400335,0.43627543116177,0,0
"2613",2613,1632000,2004-06-02,242,0.892988929889299,0.98525346877085,6,"Summer",132,0.980102917400335,0.43627543116177,0,0.0042334922363807
"2614",2614,1632000,2004-06-03,214,0.884297520661157,0.990267058261048,6,"Summer",132,0.980102917400335,0.43627543116177,0,0.00190326699339494
"2615",2615,1632000,2004-06-04,190,0.88785046728972,1.00401781815006,6,"Summer",132,0.980102917400335,0.43627543116177,0,0.00192916408741439
"2616",2616,1632000,2004-06-05,287,1.51052631578947,1.7013296398892,6,"Summer",132,0.980102917400335,0.43627543116177,0.167706930085842,0
"2617",2617,1632000,2004-06-06,291,1.01393728222997,0.671247678131336,6,"Summer",132,0.980102917400335,0.43627543116177,0.00111292451038025,0
"2618",2618,1632000,2004-06-07,249,0.855670103092783,0.84390831473412,6,"Summer",132,0.980102917400335,0.43627543116177,0.000648592722427566,0.00216278669722669
"2619",2619,1632000,2004-06-08,219,0.879518072289157,1.02787051821745,6,"Summer",132,0.980102917400335,0.43627543116177,5.63776818296447e-05,0.00435730208437235
"2620",2620,1632000,2004-06-09,193,0.881278538812785,1.00200162632139,6,"Summer",132,0.980102917400335,0.43627543116177,0,0.00633830323749862
"2621",2621,1632000,2004-06-10,172,0.89119170984456,1.01124862412414,6,"Summer",132,0.980102917400335,0.43627543116177,0,0.00669538132569869
"2622",2622,1632000,2004-06-11,168,0.976744186046512,1.09599783666847,6,"Summer",132,0.980102917400335,0.43627543116177,0.140704000368714,0.00243666983442381
"2623",2623,1632000,2004-06-12,339,2.01785714285714,2.06590136054422,6,"Summer",132,0.980102917400335,0.43627543116177,0.0296262721622043,0
"2624",2624,1632000,2004-06-13,298,0.87905604719764,0.435638395071397,6,"Summer",132,0.980102917400335,0.43627543116177,0.000551664205886482,0.000786027072535944
"2625",2625,1632000,2004-06-14,257,0.86241610738255,0.98107067249223,6,"Summer",132,0.980102917400335,0.43627543116177,0.000144796461938768,0.00379655215374442
"2626",2626,1632000,2004-06-15,402,1.56420233463035,1.81374434132235,6,"Summer",132,0.980102917400335,0.43627543116177,0.0366692966115205,0.00389852914668154
"2627",2627,1632000,2004-06-16,303,0.753731343283582,0.48186307269622,6,"Summer",132,0.980102917400335,0.43627543116177,0.00417061502594152,0
"2628",2628,1632000,2004-06-17,263,0.867986798679868,1.15158644577329,6,"Summer",132,0.980102917400335,0.43627543116177,0,0.000377585589376395
"2629",2629,1632000,2004-06-18,228,0.866920152091255,0.998771125793347,6,"Summer",132,0.980102917400335,0.43627543116177,0,0.000765531225624727
"2630",2630,1632000,2004-06-19,223,0.978070175438597,1.12821252693136,6,"Summer",132,0.980102917400335,0.43627543116177,0,0.00504565987648675
"2631",2631,1632000,2004-06-20,199,0.89237668161435,0.912385127390456,6,"Summer",132,0.980102917400335,0.43627543116177,0,0.00467268468810289
"2632",2632,1632000,2004-06-21,169,0.849246231155779,0.951667887174566,6,"Summer",132,0.980102917400335,0.43627543116177,0,0.00616988118417794
"2633",2633,1632000,2004-06-22,145,0.857988165680473,1.01029375722139,6,"Summer",132,0.980102917400335,0.43627543116177,0,0.00714190466351283
"2634",2634,1632000,2004-06-23,124,0.855172413793103,0.996718192627824,6,"Summer",132,0.980102917400335,0.43627543116177,0,0.00670789751166012
"2635",2635,1632000,2004-10-05,123,0.814569536423841,1.01416604534889,10,"Fall",133,0.937754962529502,0.927450705343685,0.0072375365125481,0.000985952832706972
"2636",2636,1632000,2004-10-06,107,0.869918699186992,1.06794897217265,10,"Fall",133,0.937754962529502,0.927450705343685,0.00517512411170173,0.00110821310590836
"2637",2637,1632000,2004-10-07,95.1,0.888785046728972,1.02168748362302,10,"Fall",133,0.937754962529502,0.927450705343685,0.00358780966780614,0.00146376964039519
"2638",2638,1632000,2004-10-08,84.9,0.892744479495268,1.00445488229226,10,"Fall",133,0.937754962529502,0.927450705343685,0.00233310997282388,0.00175839757503127
"2639",2639,1632000,2004-10-09,76.7,0.90341578327444,1.01195336854416,10,"Fall",133,0.937754962529502,0.927450705343685,0.00141339854599209,0.00208397367896396
"2640",2640,1632000,2004-10-10,70.4,0.917861799217731,1.01599044007282,10,"Fall",133,0.937754962529502,0.927450705343685,0.000809946890512947,0.00196976633378654
"2641",2641,1632000,2004-10-11,63.9,0.907670454545454,0.988896645790289,10,"Fall",133,0.937754962529502,0.927450705343685,0.000478656967970892,0.00156506513667409
"2642",2642,1632000,2004-10-12,59.7,0.934272300469484,1.02930782399142,10,"Fall",133,0.937754962529502,0.927450705343685,0.000288691257082974,0.00168232334544882
"2643",2643,1632000,2004-10-13,56.8,0.95142378559464,1.01835812226964,10,"Fall",133,0.937754962529502,0.927450705343685,0.0409869974505454,0.000907227982679615
"2644",2644,1632000,2004-10-14,56.4,0.992957746478873,1.04365453283079,10,"Fall",133,0.937754962529502,0.927450705343685,0.0187319374326762,0
"2645",2645,1632000,2004-10-15,54.2,0.960992907801419,0.967808460339017,10,"Fall",133,0.937754962529502,0.927450705343685,0.0431566297011159,0
"2646",2646,1632000,2004-10-16,51.5,0.950184501845018,0.988752876458654,10,"Fall",133,0.937754962529502,0.927450705343685,0.00089917966761277,0
"2647",2647,1632000,2004-10-17,46,0.893203883495146,0.940032048260911,10,"Fall",133,0.937754962529502,0.927450705343685,0.00175067687450792,0
"2648",2648,1632000,2004-10-18,42.4,0.921739130434783,1.03194706994329,10,"Fall",133,0.937754962529502,0.927450705343685,0.000865239591803402,0
"2649",2649,1632000,2004-10-19,40.1,0.945754716981132,1.02605464578142,10,"Fall",133,0.937754962529502,0.927450705343685,0.000849310072226217,0
"2650",2650,1632000,2004-10-20,41,1.02244389027431,1.08108780418032,10,"Fall",133,0.937754962529502,0.927450705343685,0.12649817120473,0
"2651",2651,1632000,2004-10-21,40.6,0.990243902439024,0.968506841165973,10,"Fall",133,0.937754962529502,0.927450705343685,0.0245096526195994,0
"2652",2652,1632000,2004-10-22,40.1,0.987684729064039,0.997415613094227,10,"Fall",133,0.937754962529502,0.927450705343685,0.00166829030058579,0
"2653",2653,1632000,2004-12-27,191,0.90952380952381,1.00047619047619,12,"Winter",134,0.952783873210676,0.924262408160138,0.0146794028696604,0
"2654",2654,1632000,2004-12-28,163,0.853403141361257,0.938296647569968,12,"Winter",134,0.952783873210676,0.924262408160138,0.0131609796662815,0
"2655",2655,1632000,2004-12-29,158,0.969325153374233,1.13583499567165,12,"Winter",134,0.952783873210676,0.924262408160138,0.0118876665655989,0
"2656",2656,1632000,2004-12-30,147,0.930379746835443,0.959822143887198,12,"Winter",134,0.952783873210676,0.924262408160138,0.0108075019379612,0
"2657",2657,1632000,2004-12-31,137,0.931972789115646,1.00171224952566,12,"Winter",134,0.952783873210676,0.924262408160138,0.00988267941283993,0
"2658",2658,1632000,2005-01-01,127,0.927007299270073,0.994672065640151,1,"Winter",134,0.952783873210676,0.924262408160138,0.00865763766341843,0.000271871096629184
"2659",2659,1632000,2005-01-02,116,0.913385826771654,0.985305970611941,1,"Winter",134,0.952783873210676,0.924262408160138,0.00699743753648363,0.000353419349721662
"2660",2660,1632000,2005-01-03,107,0.922413793103448,1.0098840665874,1,"Winter",134,0.952783873210676,0.924262408160138,0.00548597649321891,0.000549943445548706
"2661",2661,1632000,2005-01-04,102,0.953271028037383,1.03345270329286,1,"Winter",134,0.952783873210676,0.924262408160138,0.00410474206728395,0.000701794870110461
"2662",2662,1632000,2005-01-05,99.9,0.979411764705882,1.02742214532872,1,"Winter",134,0.952783873210676,0.924262408160138,0.0603306619159412,0
"2663",2663,1632000,2005-01-06,97.4,0.974974974974975,0.995469944418893,1,"Winter",134,0.952783873210676,0.924262408160138,0.00635587579745334,0
"2664",2664,1632000,2005-01-07,94.9,0.974332648870637,0.999341187086002,1,"Winter",134,0.952783873210676,0.924262408160138,0.00873528495139908,0
"2665",2665,1632000,2005-01-08,92.3,0.972602739726027,0.998224518960117,1,"Winter",134,0.952783873210676,0.924262408160138,0.0986740021326114,0
"2666",2666,1632000,2005-01-09,85.7,0.928494041170098,0.954648802893199,1,"Winter",134,0.952783873210676,0.924262408160138,0.00400486822763924,0
"2667",2667,1632000,2005-01-10,82.4,0.961493582263711,1.03554092932253,1,"Winter",134,0.952783873210676,0.924262408160138,0.00382387208810542,0
"2668",2668,1632000,2005-01-11,82,0.995145631067961,1.03499976435102,1,"Winter",134,0.952783873210676,0.924262408160138,0.00342746874957811,0.00044634918799602
"2669",2669,1632000,2005-01-12,80.3,0.979268292682927,0.984045211183819,1,"Winter",134,0.952783873210676,0.924262408160138,0.00274493366305251,0.000592063197927929
"2670",2670,1632000,2005-01-13,78.3,0.975093399750934,0.995736722037068,1,"Winter",134,0.952783873210676,0.924262408160138,0.00194707023911178,0.0011539707729753
"2671",2671,1632000,2005-01-18,267,0.741666666666667,1.02803240740741,1,"Winter",135,0.929363903972303,0.921833174570271,0.0159855353995226,0
"2672",2672,1632000,2005-01-19,227,0.850187265917603,1.14631990910239,1,"Winter",135,0.929363903972303,0.921833174570271,0.0142636735108681,0
"2673",2673,1632000,2005-01-20,212,0.933920704845815,1.09848822992878,1,"Winter",135,0.929363903972303,0.921833174570271,0.0128304901299998,0
"2674",2674,1632000,2005-01-21,188,0.886792452830189,0.949537201851193,1,"Winter",135,0.929363903972303,0.921833174570271,0.0116224439116195,0
"2675",2675,1632000,2005-01-22,162,0.861702127659574,0.971706654594839,1,"Winter",135,0.929363903972303,0.921833174570271,0.0105935669562314,0
"2676",2676,1632000,2005-01-23,136,0.839506172839506,0.974241731443378,1,"Winter",135,0.929363903972303,0.921833174570271,0.00966703821904957,0
"2677",2677,1632000,2005-01-24,120,0.882352941176471,1.05103806228374,1,"Winter",135,0.929363903972303,0.921833174570271,0.00901011380483396,0
"2678",2678,1632000,2005-01-25,114,0.95,1.07666666666667,1,"Winter",135,0.929363903972303,0.921833174570271,0.00836104931659065,0
"2679",2679,1632000,2005-01-26,112,0.982456140350877,1.03416435826408,1,"Winter",135,0.929363903972303,0.921833174570271,0.00763910153182223,0
"2680",2680,1632000,2005-01-27,108,0.964285714285714,0.981505102040816,1,"Winter",135,0.929363903972303,0.921833174570271,0.00698053601081483,0
"2681",2681,1632000,2005-01-28,80,0.740740740740741,0.768175582990398,1,"Winter",135,0.929363903972303,0.921833174570271,0.00653964679804631,0
"2682",2682,1632000,2005-01-29,75,0.9375,1.265625,1,"Winter",135,0.929363903972303,0.921833174570271,0.00613342036376707,0
"2683",2683,1632000,2005-01-30,73,0.973333333333333,1.03822222222222,1,"Winter",135,0.929363903972303,0.921833174570271,0.00577886961400509,0
"2684",2684,1632000,2005-01-31,70,0.958904109589041,0.985175455057234,1,"Winter",135,0.929363903972303,0.921833174570271,0.00542905613838229,0
"2685",2685,1632000,2005-02-01,69,0.985714285714286,1.02795918367347,2,"Winter",135,0.929363903972303,0.921833174570271,0.00509994587628171,0
"2686",2686,1632000,2005-02-02,65,0.942028985507246,0.955681579500105,2,"Winter",135,0.929363903972303,0.921833174570271,0.00474547523481306,0
"2687",2687,1632000,2005-02-03,65.9,1.01384615384615,1.07623668639053,2,"Winter",135,0.929363903972303,0.921833174570271,0.00444367356249131,0
"2688",2688,1632000,2005-02-04,65.6,0.995447647951441,0.981852763533288,2,"Winter",135,0.929363903972303,0.921833174570271,0.0386283436673693,0
"2689",2689,1632000,2005-02-05,65.6,1,1.00457317073171,2,"Winter",135,0.929363903972303,0.921833174570271,0.0631141631311038,0
"2690",2690,1632000,2005-02-06,63.4,0.966463414634146,0.966463414634146,2,"Winter",135,0.929363903972303,0.921833174570271,0.0599695867858827,0
"2691",2691,1632000,2005-02-07,62.6,0.987381703470032,1.02164416005732,2,"Winter",135,0.929363903972303,0.921833174570271,0.0454050777334487,0
"2692",2692,1632000,2005-04-27,193,0.927884615384615,0.994799371301775,4,"Spring",136,0.936636440239375,0.900148459141849,0.000223909106807696,0.000955055715166964
"2693",2693,1632000,2005-04-28,179,0.927461139896373,0.999543611909045,4,"Spring",136,0.936636440239375,0.900148459141849,9.22116950050622e-05,0.0017992459324887
"2694",2694,1632000,2005-04-29,167,0.932960893854749,1.00592990231266,4,"Spring",136,0.936636440239375,0.900148459141849,2.22043602207123e-05,0.00116537172652897
"2695",2695,1632000,2005-04-30,193,1.15568862275449,1.23873211660511,4,"Spring",136,0.936636440239375,0.900148459141849,0.0766020872317483,0
"2696",2696,1632000,2005-05-01,216,1.11917098445596,0.968401836290907,5,"Spring",136,0.936636440239375,0.900148459141849,0.0120314319319732,0
"2697",2697,1632000,2005-05-02,211,0.976851851851852,0.872835219478738,5,"Spring",136,0.936636440239375,0.900148459141849,0.00118076521539479,0
"2698",2698,1632000,2005-05-03,204,0.966824644549763,0.989735181150468,5,"Spring",136,0.936636440239375,0.900148459141849,0.001157867081929,0
"2699",2699,1632000,2005-05-04,188,0.92156862745098,0.95319108035371,5,"Spring",136,0.936636440239375,0.900148459141849,0.000901939314644551,0.00123613930634292
"2700",2700,1632000,2005-05-05,172,0.914893617021277,0.992756903576279,5,"Spring",136,0.936636440239375,0.900148459141849,0.000404892945880419,0.00185404203170947
"2701",2701,1632000,2005-05-06,157,0.912790697674419,0.997701460248783,5,"Spring",136,0.936636440239375,0.900148459141849,0.000127185095834648,0.00198869085079423
"2702",2702,1632000,2005-05-07,148,0.942675159235669,1.03273966489513,5,"Spring",136,0.936636440239375,0.900148459141849,2.20818389209398e-05,0.00201144178936374
"2703",2703,1632000,2005-05-08,137,0.925675675675676,0.981966764061359,5,"Spring",136,0.936636440239375,0.900148459141849,1.63949580844758e-06,0.00241959397362734
"2704",2704,1632000,2005-05-09,123,0.897810218978102,0.969897170866855,5,"Spring",136,0.936636440239375,0.900148459141849,0,0.00346601134788216
"2705",2705,1632000,2005-05-10,110,0.894308943089431,0.996100204904488,5,"Spring",136,0.936636440239375,0.900148459141849,0,0.00441200146224219
"2706",2706,1632000,2005-05-11,98.8,0.898181818181818,1.0043305785124,5,"Spring",136,0.936636440239375,0.900148459141849,0,0.00602993029317478
"2707",2707,1632000,2005-05-12,90.1,0.911943319838057,1.01532150994116,5,"Spring",136,0.936636440239375,0.900148459141849,0,0.00486776245907094
"2708",2708,1632000,2005-05-13,79.1,0.877913429522753,0.962684204626503,5,"Spring",136,0.936636440239375,0.900148459141849,0,0.00452696236425254
"2709",2709,1632000,2005-05-14,70.3,0.888748419721871,1.01234175242656,5,"Spring",136,0.936636440239375,0.900148459141849,0.021568244381342,0.00521833384846104
"2710",2710,1632000,2005-05-15,65.7,0.934566145092461,1.05155308786364,5,"Spring",136,0.936636440239375,0.900148459141849,0.028131076200225,0
"2711",2711,1632000,2005-05-16,61.5,0.936073059360731,1.00161242120334,5,"Spring",136,0.936636440239375,0.900148459141849,0,0
"2712",2712,1632000,2005-05-17,57.3,0.931707317073171,0.995336109458655,5,"Spring",136,0.936636440239375,0.900148459141849,0,0.00336571713887679
"2713",2713,1632000,2005-05-18,53.2,0.928446771378709,0.99650046142741,5,"Spring",136,0.936636440239375,0.900148459141849,0,0.00545754805170873
"2714",2714,1632000,2005-05-19,50.7,0.953007518796993,1.02645358697496,5,"Spring",136,0.936636440239375,0.900148459141849,0.0202037692070007,0.00541413341125008
"2715",2715,1632000,2006-02-21,250,0.830564784053156,1.00440392490149,2,"Winter",137,0.957213034345053,0.912511759486293,0.00605782496859319,0
"2716",2716,1632000,2006-02-22,212,0.848,1.020992,2,"Winter",137,0.957213034345053,0.912511759486293,0.00790843809954822,0
"2717",2717,1632000,2006-02-23,186,0.877358490566038,1.03462086151655,2,"Winter",137,0.957213034345053,0.912511759486293,0.0165419983095489,0
"2718",2718,1632000,2006-02-24,157,0.844086021505376,0.962076540640536,2,"Winter",137,0.957213034345053,0.912511759486293,0.00503119475615676,0
"2719",2719,1632000,2006-02-25,134,0.853503184713376,1.01115663921457,2,"Winter",137,0.957213034345053,0.912511759486293,0.00475080979231279,0
"2720",2720,1632000,2006-02-26,121,0.902985074626866,1.05797505012252,2,"Winter",137,0.957213034345053,0.912511759486293,0.00449561595451087,0
"2721",2721,1632000,2006-02-27,110,0.909090909090909,1.00676183320811,2,"Winter",137,0.957213034345053,0.912511759486293,0.00426216016057879,0
"2722",2722,1632000,2006-02-28,107,0.972727272727273,1.07,2,"Winter",137,0.957213034345053,0.912511759486293,0.00404824255383573,0
"2723",2723,1632000,2006-03-01,101,0.94392523364486,0.970390427111538,3,"Spring",137,0.957213034345053,0.912511759486293,0.00381000818742905,0.000137930891469296
"2724",2724,1632000,2006-03-02,95.4,0.944554455445545,1.0006666013136,3,"Spring",137,0.957213034345053,0.912511759486293,0.00321851671469631,0.000944647382766562
"2725",2725,1632000,2006-03-03,90.2,0.945492662473794,1.0009932799775,3,"Spring",137,0.957213034345053,0.912511759486293,0.0025948248730856,0.000103577907793806
"2726",2726,1632000,2006-03-04,82.3,0.912416851441242,0.965017379462245,3,"Spring",137,0.957213034345053,0.912511759486293,0.00241806843405357,0.000154955027937831
"2727",2727,1632000,2006-03-05,75.8,0.921020656136088,1.00942968631197,3,"Spring",137,0.957213034345053,0.912511759486293,0.00216587568138493,0.000471066782210983
"2728",2728,1632000,2006-03-06,73.3,0.967018469656992,1.04994221705502,3,"Spring",137,0.957213034345053,0.912511759486293,0.00192438399244566,2.26651825414592e-05
"2729",2729,1632000,2006-03-07,71.1,0.969986357435198,1.00306911178156,3,"Spring",137,0.957213034345053,0.912511759486293,0.00179374219442252,0.000392810779885622
"2730",2730,1632000,2006-03-08,69,0.970464135021097,1.00049256113989,3,"Spring",137,0.957213034345053,0.912511759486293,0.00147074487176724,0.000908675284790661
"2731",2731,1632000,2006-03-09,67,0.971014492753623,1.00056710775047,3,"Spring",137,0.957213034345053,0.912511759486293,0.00103389482319471,0.00156908577082504
"2732",2732,1632000,2006-03-10,64,0.955223880597015,0.983738026286478,3,"Spring",137,0.957213034345053,0.912511759486293,0.000566659813557635,0.00245537014961883
"2733",2733,1632000,2006-03-11,60,0.9375,0.9814453125,3,"Spring",137,0.957213034345053,0.912511759486293,0.000236146449879015,0.00250747905556636
"2734",2734,1632000,2006-03-12,58,0.966666666666667,1.03111111111111,3,"Spring",137,0.957213034345053,0.912511759486293,8.00211111027238e-05,0.00245038927278074
"2735",2735,1632000,2006-03-13,57,0.982758620689655,1.0166468489893,3,"Spring",137,0.957213034345053,0.912511759486293,1.81541993189427e-05,0.00391265748112346
"2736",2736,1632000,2006-03-14,54,0.947368421052632,0.96398891966759,3,"Spring",137,0.957213034345053,0.912511759486293,5.72558856326566e-07,0.000364260722562903
"2737",2737,1632000,2006-03-15,51,0.944444444444444,0.996913580246914,3,"Spring",137,0.957213034345053,0.912511759486293,1.66209904506332e-07,0.000884652040440414
"2738",2738,1632000,2006-03-16,49,0.96078431372549,1.01730103806228,3,"Spring",137,0.957213034345053,0.912511759486293,0,0.00147576033396035
"2739",2739,1632000,2006-03-17,47.6,0.971428571428571,1.01107871720117,3,"Spring",137,0.957213034345053,0.912511759486293,0,0.00108468634971359
"2740",2740,1632000,2006-03-18,45.6,0.957983193277311,0.986159169550173,3,"Spring",137,0.957213034345053,0.912511759486293,0,0.000353379278749344
"2741",2741,1632000,2006-03-19,43.2,0.947368421052632,0.988919667590028,3,"Spring",137,0.957213034345053,0.912511759486293,0,0.00089471319279255
"2742",2742,1632000,2006-03-20,42,0.972222222222222,1.02623456790123,3,"Spring",137,0.957213034345053,0.912511759486293,0,0.00117268723624875
"2743",2743,1632000,2006-03-21,42,1,1.02857142857143,3,"Spring",137,0.957213034345053,0.912511759486293,0,0
"2744",2744,1632000,2006-03-22,41.4,0.985714285714286,0.985714285714286,3,"Spring",137,0.957213034345053,0.912511759486293,0,0.000294187870167661
"2745",2745,1632000,2006-03-23,40.1,0.968599033816425,0.982636700973185,3,"Spring",137,0.957213034345053,0.912511759486293,0,0.000830485041660722
"2746",2746,1632000,2006-03-24,38.4,0.957605985037406,0.988650568093482,3,"Spring",137,0.957213034345053,0.912511759486293,0,0
"2747",2747,1632000,2006-03-25,38.2,0.994791666666667,1.03883192274306,3,"Spring",137,0.957213034345053,0.912511759486293,0,0.000873373828653712
"2748",2748,1632000,2006-03-26,37.3,0.976439790575916,0.981552040788355,3,"Spring",137,0.957213034345053,0.912511759486293,0,0.00161183360069117
"2749",2749,1632000,2006-03-27,35.7,0.957104557640751,0.980198233294281,3,"Spring",137,0.957213034345053,0.912511759486293,0,0.00203896562379668
"2750",2750,1632000,2006-03-28,34.5,0.966386554621849,1.0096979968458,3,"Spring",137,0.957213034345053,0.912511759486293,0,0.00166906624508556
"2751",2751,1632000,2006-03-29,34.6,1.00289855072464,1.03778197857593,3,"Spring",137,0.957213034345053,0.912511759486293,0,0
"2752",2752,1632000,2006-03-30,32.9,0.950867052023121,0.948118881352534,3,"Spring",137,0.957213034345053,0.912511759486293,0,0.00281839173476328
"2753",2753,1632000,2006-03-31,31.8,0.966565349544073,1.01650945575152,3,"Spring",137,0.957213034345053,0.912511759486293,0,0.0039728598731017
"2754",2754,1632000,2006-04-01,31.8,1,1.03459119496855,4,"Spring",137,0.957213034345053,0.912511759486293,0,0
"2755",2755,1632000,2006-04-02,32.2,1.0125786163522,1.0125786163522,4,"Spring",137,0.957213034345053,0.912511759486293,0,0.00232860307369265
"2756",2756,1632000,2006-04-03,31.4,0.975155279503105,0.963041549322943,4,"Spring",137,0.957213034345053,0.912511759486293,0.00828490484855137,0.00330562992894556
"2757",2757,1632000,2006-04-04,30.4,0.968152866242038,0.99281918130553,4,"Spring",137,0.957213034345053,0.912511759486293,6.68134453007951e-05,0
"2758",2758,1632000,2006-04-05,29.5,0.970394736842105,1.00231561634349,4,"Spring",137,0.957213034345053,0.912511759486293,0,0
"2759",2759,1632000,2006-11-26,512,0.8192,0.98304,11,"Fall",138,0.903838629641716,0.953680257392026,0.0210167679470032,0.000144410615575907
"2760",2760,1632000,2006-11-27,428,0.8359375,1.02043151855469,11,"Fall",138,0.903838629641716,0.953680257392026,0.0164586242754012,0.000416651986597571
"2761",2761,1632000,2006-11-28,367,0.857476635514019,1.02576644248406,11,"Fall",138,0.903838629641716,0.953680257392026,0.0125757985806558,0.000527454876646516
"2762",2762,1632000,2006-11-29,313,0.852861035422343,0.99461722932088,11,"Fall",138,0.903838629641716,0.953680257392026,0.00969480947242118,0.000607519308687188
"2763",2763,1632000,2006-11-30,264,0.843450479233227,0.9889658973757,11,"Fall",138,0.903838629641716,0.953680257392026,0.00772810968919657,0.000395341079638456
"2764",2764,1632000,2006-12-01,245,0.928030303030303,1.10027835169881,12,"Winter",138,0.903838629641716,0.953680257392026,0.006802843301557,0
"2765",2765,1632000,2006-12-02,220,0.897959183673469,0.967596834652228,12,"Winter",138,0.903838629641716,0.953680257392026,0.00632249022601172,0
"2766",2766,1632000,2006-12-03,182,0.827272727272727,0.921280991735537,12,"Winter",138,0.903838629641716,0.953680257392026,0.0058961587928934,0
"2767",2767,1632000,2006-12-04,151,0.82967032967033,1.0028982007004,12,"Winter",138,0.903838629641716,0.953680257392026,0.00551570631796494,0
"2768",2768,1632000,2006-12-05,134,0.887417218543046,1.06960221042937,12,"Winter",138,0.903838629641716,0.953680257392026,0.00517450309416745,0
"2769",2769,1632000,2006-12-06,119,0.888059701492537,1.0007239919804,12,"Winter",138,0.903838629641716,0.953680257392026,0.00486710295081139,0
"2770",2770,1632000,2006-12-07,107,0.899159663865546,1.01249911729398,12,"Winter",138,0.903838629641716,0.953680257392026,0.00458772084675729,3.67611482943175e-06
"2771",2771,1632000,2006-12-08,89.8,0.839252336448598,0.933374093807319,12,"Winter",138,0.903838629641716,0.953680257392026,0.00433282135054469,0
"2772",2772,1632000,2006-12-09,77.6,0.864142538975501,1.02965759098417,12,"Winter",138,0.903838629641716,0.953680257392026,0.00410291212028824,0
"2773",2773,1632000,2006-12-10,73.3,0.944587628865979,1.09309238495058,12,"Winter",138,0.903838629641716,0.953680257392026,0.00372725707711652,0.000448373511972022
"2774",2774,1632000,2006-12-11,68.9,0.939972714870396,0.995114361172479,12,"Winter",138,0.903838629641716,0.953680257392026,0.0031319628978963,0.000670327471198107
"2775",2775,1632000,2006-12-12,64,0.9288824383164,0.988201490981018,12,"Winter",138,0.903838629641716,0.953680257392026,0.00257122323091608,0.000666105045638689
"2776",2776,1632000,2006-12-13,63.4,0.990625,1.0664697265625,12,"Winter",138,0.903838629641716,0.953680257392026,0.00872188319772249,0
"2777",2777,1632000,2006-12-14,63.4,1,1.00946372239748,12,"Winter",138,0.903838629641716,0.953680257392026,0.00219575530354632,0
"2778",2778,1632000,2006-12-15,60.3,0.951104100946372,0.951104100946372,12,"Winter",138,0.903838629641716,0.953680257392026,0.00212081566860434,0
"2779",2779,1632000,2006-12-16,55.8,0.925373134328358,0.972946214202619,12,"Winter",138,0.903838629641716,0.953680257392026,0.00196746348228771,0.000438016426414834
"2780",2780,1632000,2006-12-17,53,0.949820788530466,1.02641923921841,12,"Winter",138,0.903838629641716,0.953680257392026,0.00162704315516748,0.000941560263527209
"2781",2781,1632000,2006-12-18,50,0.943396226415094,0.993236027055892,12,"Winter",138,0.903838629641716,0.953680257392026,0.00122916821783292,0.00118187673433567
"2782",2782,1632000,2006-12-19,46.5,0.93,0.9858,12,"Winter",138,0.903838629641716,0.953680257392026,0.000938539567869157,0.000777542450123292
"2783",2783,1632000,2006-12-20,43,0.924731182795699,0.994334605156665,12,"Winter",138,0.903838629641716,0.953680257392026,0.000780594358730013,0.000472500165415113
"2784",2784,1632000,2007-03-23,722,0.77384780278671,0.987008451571473,3,"Spring",139,0.90238029134166,0.990259918530833,0.0171836189110763,0.000119407478223366
"2785",2785,1632000,2007-03-24,598,0.828254847645429,1.0703071646166,3,"Spring",139,0.90238029134166,0.990259918530833,0.0141277072834782,0
"2786",2786,1632000,2007-03-25,494,0.826086956521739,0.997382579613203,3,"Spring",139,0.90238029134166,0.990259918530833,0.0123289075563662,0.000166992769720764
"2787",2787,1632000,2007-03-26,426,0.862348178137652,1.04389516300874,3,"Spring",139,0.90238029134166,0.990259918530833,0.00907016708515584,0.000709597100467363
"2788",2788,1632000,2007-03-27,392,0.92018779342723,1.06707222993674,3,"Spring",139,0.90238029134166,0.990259918530833,0.00545104111370165,0.00142469835918746
"2789",2789,1632000,2007-03-28,354,0.903061224489796,0.981387963348605,3,"Spring",139,0.90238029134166,0.990259918530833,0.0029078646475682,0.00139909530116711
"2790",2790,1632000,2007-03-29,322,0.909604519774011,1.00724568291359,3,"Spring",139,0.90238029134166,0.990259918530833,0.00203529913414968,8.89924576767954e-05
"2791",2791,1632000,2007-03-30,276,0.857142857142857,0.942324755989352,3,"Spring",139,0.90238029134166,0.990259918530833,0.00160390251403442,0.00122484810890455
"2792",2792,1632000,2007-03-31,254,0.920289855072464,1.07367149758454,3,"Spring",139,0.90238029134166,0.990259918530833,0.000943445196753601,0.00146089850568387
"2793",2793,1632000,2007-04-01,238,0.937007874015748,1.01816603633207,4,"Spring",139,0.90238029134166,0.990259918530833,0.00049700477393344,0.00155349631677382
"2794",2794,1632000,2007-04-02,242,1.01680672268908,1.08516347715557,4,"Spring",139,0.90238029134166,0.990259918530833,0.0429556743147259,0
"2795",2795,1632000,2007-04-03,214,0.884297520661157,0.869681032716345,4,"Spring",139,0.90238029134166,0.990259918530833,0.000383260934540886,0.000660379064356676
"2796",2796,1632000,2007-04-04,190,0.88785046728972,1.00401781815006,4,"Spring",139,0.90238029134166,0.990259918530833,0.000233542604746617,0.00158615415239183
"2797",2797,1632000,2007-04-05,174,0.91578947368421,1.03146814404432,4,"Spring",139,0.90238029134166,0.990259918530833,0.000130254748455627,0.000198057103261817
"2798",2798,1632000,2007-04-06,156,0.896551724137931,0.978993261989695,4,"Spring",139,0.90238029134166,0.990259918530833,0.000108902600914007,0.000439973908669344
"2799",2799,1632000,2007-04-07,142,0.91025641025641,1.01528599605523,4,"Spring",139,0.90238029134166,0.990259918530833,9.29849425119755e-05,0
"2800",2800,1632000,2007-04-08,128,0.901408450704225,0.990279706407459,4,"Spring",139,0.90238029134166,0.990259918530833,9.26318743950105e-05,0
"2801",2801,1632000,2007-04-09,109,0.8515625,0.9447021484375,4,"Spring",139,0.90238029134166,0.990259918530833,9.22810354495596e-05,0
"2802",2802,1632000,2007-04-10,95.8,0.878899082568807,1.03210167494319,4,"Spring",139,0.90238029134166,0.990259918530833,7.5876655500906e-05,0.000923768508073408
"2803",2803,1632000,2007-04-11,86.3,0.900835073068894,1.0249584860596,4,"Spring",139,0.90238029134166,0.990259918530833,3.65610736707822e-05,0.000867239854414948
"2804",2804,1632000,2007-04-23,312,0.88135593220339,1.01580005745475,4,"Spring",140,0.932842629163587,0.968200097804788,0.00275958562269807,0.00204293734714156
"2805",2805,1632000,2007-04-24,281,0.900641025641026,1.02188116370809,4,"Spring",140,0.932842629163587,0.968200097804788,0.00117849233720335,0.00222866331716887
"2806",2806,1632000,2007-04-25,255,0.907473309608541,1.00758602347995,4,"Spring",140,0.932842629163587,0.968200097804788,0.000376315584162512,0.00303344731582911
"2807",2807,1632000,2007-04-26,232,0.909803921568627,1.00256824298347,4,"Spring",140,0.932842629163587,0.968200097804788,8.08295827710026e-05,0.00219267932834555
"2808",2808,1632000,2007-04-27,299,1.28879310344828,1.41656138525565,4,"Spring",140,0.932842629163587,0.968200097804788,0.061350982121894,0
"2809",2809,1632000,2007-04-28,271,0.906354515050167,0.703258352814845,4,"Spring",140,0.932842629163587,0.968200097804788,7.51634445350646e-05,0
"2810",2810,1632000,2007-04-29,251,0.92619926199262,1.02189512670034,4,"Spring",140,0.932842629163587,0.968200097804788,6.97858670264395e-05,0.000410490330978064
"2811",2811,1632000,2007-04-30,228,0.908366533864542,0.980746337359724,4,"Spring",140,0.932842629163587,0.968200097804788,2.66036586502594e-05,0.00367728949414925
"2812",2812,1632000,2007-05-01,214,0.93859649122807,1.03327947060634,5,"Spring",140,0.932842629163587,0.968200097804788,1.54888581072044e-07,0.00424377540178966
"2813",2813,1632000,2007-05-02,198,0.925233644859813,0.985762948729147,5,"Spring",140,0.932842629163587,0.968200097804788,0,0.00538848884821164
"2814",2814,1632000,2007-05-03,183,0.924242424242424,0.998928680746862,5,"Spring",140,0.932842629163587,0.968200097804788,0,0.00265718071750598
"2815",2815,1632000,2007-05-04,165,0.901639344262295,0.97554420854609,5,"Spring",140,0.932842629163587,0.968200097804788,0,0.00431703277581619
"2816",2816,1632000,2007-05-05,151,0.915151515151515,1.01498622589532,5,"Spring",140,0.932842629163587,0.968200097804788,0,0.00361340846575331
"2817",2817,1632000,2007-05-06,141,0.933774834437086,1.0203499846498,5,"Spring",140,0.932842629163587,0.968200097804788,0,0.000777256500668953
"2818",2818,1632000,2007-05-07,119,0.843971631205674,0.903827775262814,5,"Spring",140,0.932842629163587,0.968200097804788,0,0.00377868979717277
"2819",2819,1632000,2007-05-08,107,0.899159663865546,1.06539086222724,5,"Spring",140,0.932842629163587,0.968200097804788,0,0.00497706527676201
"2820",2820,1632000,2007-05-09,97.4,0.910280373831776,1.01236789239235,5,"Spring",140,0.932842629163587,0.968200097804788,0,0.00719247473898577
"2821",2821,1632000,2007-05-10,89.3,0.916837782340862,1.00720372392682,5,"Spring",140,0.932842629163587,0.968200097804788,0,0.00807418626209255
"2822",2822,1632000,2007-05-11,82.6,0.924972004479283,1.00887204071985,5,"Spring",140,0.932842629163587,0.968200097804788,0,0.00657649459571985
"2823",2823,1632000,2007-05-12,73,0.883777239709443,0.955463771259725,5,"Spring",140,0.932842629163587,0.968200097804788,0,0.00312966250203317
"2824",2824,1632000,2007-05-13,67,0.917808219178082,1.03850628635767,5,"Spring",140,0.932842629163587,0.968200097804788,0,0
"2825",2825,1632000,2007-05-14,61,0.91044776119403,0.991980396524838,5,"Spring",140,0.932842629163587,0.968200097804788,0,0.00442352221034525
"2826",2826,1632000,2007-05-15,56,0.918032786885246,1.00833109379199,5,"Spring",140,0.932842629163587,0.968200097804788,0,0.0092640101647703
"2827",2827,1632000,2007-05-16,51,0.910714285714286,0.99202806122449,5,"Spring",140,0.932842629163587,0.968200097804788,0,0.00714700412936509
"2828",2828,1632000,2007-05-17,47,0.92156862745098,1.01191849288735,5,"Spring",140,0.932842629163587,0.968200097804788,0,0
"2829",2829,1632000,2007-05-18,51,1.08510638297872,1.17745586238117,5,"Spring",140,0.932842629163587,0.968200097804788,0.183406488555192,0
"2830",2830,1632000,2007-05-19,60,1.17647058823529,1.08419838523645,5,"Spring",140,0.932842629163587,0.968200097804788,0,0
"2831",2831,1632000,2007-05-20,54,0.9,0.765,5,"Spring",140,0.932842629163587,0.968200097804788,0,0
"2832",2832,1632000,2007-05-21,50,0.925925925925926,1.02880658436214,5,"Spring",140,0.932842629163587,0.968200097804788,0,0.00570189497739193
"2833",2833,1632000,2007-05-22,46,0.92,0.9936,5,"Spring",140,0.932842629163587,0.968200097804788,0,0.00745671990759478
"2834",2834,1632000,2007-05-23,42,0.91304347826087,0.992438563327032,5,"Spring",140,0.932842629163587,0.968200097804788,0,0.00610454567140551
"2835",2835,1632000,2007-05-24,38.8,0.923809523809524,1.01179138321995,5,"Spring",140,0.932842629163587,0.968200097804788,0,0.00181396004154521
"2836",2836,1632000,2007-05-25,37.1,0.956185567010309,1.03504623233075,5,"Spring",140,0.932842629163587,0.968200097804788,0,0.00983744198833846
"2837",2837,1632000,2007-05-26,36.2,0.975741239892183,1.02045175492767,5,"Spring",140,0.932842629163587,0.968200097804788,0,0.00308211872470565
"2838",2838,1632000,2007-05-27,35,0.966850828729282,0.990888556515369,5,"Spring",140,0.932842629163587,0.968200097804788,0.0248065241612494,0.0116558362260548
"2839",2839,1632000,2008-02-16,172,0.924731182795699,0.984391259105099,2,"Winter",141,0.928841478958857,0.996586801175544,0.0134524880850222,0
"2840",2840,1632000,2008-02-17,153,0.88953488372093,0.961938885884262,2,"Winter",141,0.928841478958857,0.996586801175544,0.0647098713379819,0
"2841",2841,1632000,2008-02-18,151,0.986928104575163,1.10948780383613,2,"Winter",141,0.928841478958857,0.996586801175544,0.0282150256389286,0
"2842",2842,1632000,2008-02-19,138,0.913907284768212,0.926012017016797,2,"Winter",141,0.928841478958857,0.996586801175544,0.00693437087466009,0
"2843",2843,1632000,2008-02-20,125,0.905797101449275,0.991125813904642,2,"Winter",141,0.928841478958857,0.996586801175544,0.00641872256528586,0
"2844",2844,1632000,2008-02-21,114,0.912,1.006848,2,"Winter",141,0.928841478958857,0.996586801175544,0.0059318477724446,0
"2845",2845,1632000,2008-02-22,105,0.921052631578947,1.00992613111727,2,"Winter",141,0.928841478958857,0.996586801175544,0.00552263791905716,0
"2846",2846,1632000,2008-02-23,98.9,0.941904761904762,1.02263945578231,2,"Winter",141,0.928841478958857,0.996586801175544,0.00509869330562651,0
"2847",2847,1632000,2008-02-24,91.9,0.929221435793731,0.98653438582752,2,"Winter",141,0.928841478958857,0.996586801175544,0.00468994982657023,0
"2848",2848,1632000,2008-02-25,85.3,0.928182807399347,0.998882259540755,2,"Winter",141,0.928841478958857,0.996586801175544,0.00428922583523672,0
"2849",2849,1632000,2008-02-26,80.6,0.944900351699883,1.01801104714208,2,"Winter",141,0.928841478958857,0.996586801175544,0.0611554011993576,0
"2850",2850,1632000,2008-02-27,76.5,0.949131513647643,1.00447789223504,2,"Winter",141,0.928841478958857,0.996586801175544,0.004374862939585,0
"2851",2851,1632000,2008-02-28,70.6,0.922875816993464,0.972337135289846,2,"Winter",141,0.928841478958857,0.996586801175544,0.00413166913494933,0
"2852",2852,1632000,2008-02-29,64.6,0.915014164305949,0.991481353674293,2,"Winter",141,0.928841478958857,0.996586801175544,0.00391021204995923,0
"2853",2853,1632000,2008-03-01,58.7,0.908668730650155,0.993065207181129,3,"Spring",141,0.928841478958857,0.996586801175544,0.00754736506496556,0
"2854",2854,1632000,2008-05-23,351,0.768052516411379,0.999980847406499,5,"Spring",142,0.930699617633705,0.585581793519105,0.0180380016099662,0.000255708272788979
"2855",2855,1632000,2008-05-24,277,0.789173789173789,1.02749977678753,5,"Spring",142,0.930699617633705,0.585581793519105,0.0114196493523195,0.00115424390567398
"2856",2856,1632000,2008-05-25,223,0.805054151624549,1.02012276974807,5,"Spring",142,0.930699617633705,0.585581793519105,0.00590302307682577,0.00193351371007111
"2857",2857,1632000,2008-05-26,180,0.807174887892377,1.0026342777856,5,"Spring",142,0.930699617633705,0.585581793519105,0.00242463143149507,0.00353013129586088
"2858",2858,1632000,2008-05-27,164,0.911111111111111,1.12876543209877,5,"Spring",142,0.930699617633705,0.585581793519105,0.0011034116432711,0
"2859",2859,1632000,2008-05-28,140,0.853658536585366,0.936942296252231,5,"Spring",142,0.930699617633705,0.585581793519105,0.000997086950519588,0.000898315131962591
"2860",2860,1632000,2008-05-29,112,0.8,0.937142857142857,5,"Spring",142,0.930699617633705,0.585581793519105,0.000485240153921041,0.0037310921848075
"2861",2861,1632000,2008-05-30,91.2,0.814285714285714,1.01785714285714,5,"Spring",142,0.930699617633705,0.585581793519105,8.10824372621255e-05,0.00575049277813378
"2862",2862,1632000,2008-05-31,76.4,0.837719298245614,1.02877808556479,5,"Spring",142,0.930699617633705,0.585581793519105,5.47082258606224e-07,0.00390794051781995
"2863",2863,1632000,2008-06-01,66.6,0.871727748691099,1.04059647487733,6,"Summer",142,0.930699617633705,0.585581793519105,0,0.00110527443757746
"2864",2864,1632000,2008-06-02,60.8,0.912912912912913,1.04724544364184,6,"Summer",142,0.930699617633705,0.585581793519105,0,0.00630410557278083
"2865",2865,1632000,2008-06-03,54.9,0.902960526315789,0.989098208102493,6,"Summer",142,0.930699617633705,0.585581793519105,0,0.00623982845718274
"2866",2866,1632000,2008-06-04,222,4.04371584699454,4.47828640250032,6,"Summer",142,0.930699617633705,0.585581793519105,0.22191204338742,0
"2867",2867,1632000,2008-06-05,293,1.31981981981982,0.326387874360847,6,"Summer",142,0.930699617633705,0.585581793519105,0.00391358495107852,0
"2868",2868,1632000,2008-06-06,215,0.733788395904437,0.555976190753532,6,"Summer",142,0.930699617633705,0.585581793519105,0.00177721165346156,0.00578507791215088
"2869",2869,1632000,2008-06-07,154,0.716279069767442,0.976138453217956,6,"Summer",142,0.930699617633705,0.585581793519105,0.00020963399740026,0.00694706433932879
"2870",2870,1632000,2008-06-08,113,0.733766233766234,1.02441389779052,6,"Summer",142,0.930699617633705,0.585581793519105,2.8115886068214e-06,0.00973977139074123
"2871",2871,1632000,2008-06-09,83.2,0.736283185840708,1.00343018247318,6,"Summer",142,0.930699617633705,0.585581793519105,0,0.0116417367607937
"2872",2872,1632000,2008-06-10,63.5,0.763221153846154,1.03658642289201,6,"Summer",142,0.930699617633705,0.585581793519105,0,0.00994240668842395
"2873",2873,1632000,2008-06-11,53.6,0.844094488188976,1.10596317192634,6,"Summer",142,0.930699617633705,0.585581793519105,0,0.00730199045574409
"2874",2874,1632000,2008-06-12,44.2,0.824626865671642,0.976936678547561,6,"Summer",142,0.930699617633705,0.585581793519105,0,0.0123231957804819
"2875",2875,1632000,2008-09-02,18.2,0.962962962962963,1.02410346854791,9,"Fall",143,0.980733388207104,0.984580379098332,0,0.0118341714987764
"2876",2876,1632000,2008-09-03,18,0.989010989010989,1.02704987320372,9,"Fall",143,0.980733388207104,0.984580379098332,0,0.0132765771631966
"2877",2877,1632000,2008-09-04,17.5,0.972222222222222,0.983024691358025,9,"Fall",143,0.980733388207104,0.984580379098332,0,0.0136327744003211
"2878",2878,1632000,2008-09-05,16.9,0.965714285714286,0.99330612244898,9,"Fall",143,0.980733388207104,0.984580379098332,0,0.013145342374628
"2879",2879,1632000,2008-09-06,16.9,1,1.03550295857988,9,"Fall",143,0.980733388207104,0.984580379098332,0.155029612360522,0
"2880",2880,1632000,2008-09-07,16.4,0.970414201183432,0.970414201183432,9,"Fall",143,0.980733388207104,0.984580379098332,0,0
"2881",2881,1632000,2008-09-08,16.3,0.99390243902439,1.02420434265318,9,"Fall",143,0.980733388207104,0.984580379098332,0,0.00750661166966893
"2882",2882,1632000,2008-09-09,15.8,0.969325153374233,0.975271933456283,9,"Fall",143,0.980733388207104,0.984580379098332,0,0.000539106604264816
"2883",2883,1632000,2008-09-10,15.3,0.968354430379747,0.99899855792341,9,"Fall",143,0.980733388207104,0.984580379098332,0,0.00345644482877105
"2884",2884,1632000,2008-09-11,15,0.980392156862745,1.01243111623734,9,"Fall",143,0.980733388207104,0.984580379098332,0,0.00914000339980703
"2885",2885,1632000,2008-09-12,14.3,0.953333333333333,0.9724,9,"Fall",143,0.980733388207104,0.984580379098332,0,0.00125474374362966
"2886",2886,1632000,2008-09-13,14.3,1,1.04895104895105,9,"Fall",143,0.980733388207104,0.984580379098332,0,0.00670509345945902
"2887",2887,1632000,2008-09-14,14.1,0.986013986013986,0.986013986013986,9,"Fall",143,0.980733388207104,0.984580379098332,0,0.00724124905536882
"2888",2888,1632000,2008-09-15,14.1,1,1.01418439716312,9,"Fall",143,0.980733388207104,0.984580379098332,0,0.0104028075616043
"2889",2889,1632000,2008-09-16,14.4,1.02127659574468,1.02127659574468,9,"Fall",143,0.980733388207104,0.984580379098332,0,0.00850052680331714
"2890",2890,1632000,2008-09-17,14.1,0.979166666666667,0.958767361111111,9,"Fall",143,0.980733388207104,0.984580379098332,0,0.00831320221914211
"2891",2891,1632000,2008-09-18,13.8,0.978723404255319,0.999547306473518,9,"Fall",143,0.980733388207104,0.984580379098332,0,0.00808427196898265
"2892",2892,1632000,2008-09-19,13.4,0.971014492753623,0.992123503465658,9,"Fall",143,0.980733388207104,0.984580379098332,0,0.00772558647804545
"2893",2893,1632000,2008-09-20,12.8,0.955223880597015,0.983738026286478,9,"Fall",143,0.980733388207104,0.984580379098332,0,0.00729680998483673
"2894",2894,1632000,2008-09-21,12.8,1,1.046875,9,"Fall",143,0.980733388207104,0.984580379098332,0,0.00816402530836058
"2895",2895,1632000,2008-09-22,12.2,0.953125,0.953125,9,"Fall",143,0.980733388207104,0.984580379098332,0,0.00862474400491919
"2896",2896,1632000,2008-09-23,11.9,0.975409836065574,1.02338081160978,9,"Fall",143,0.980733388207104,0.984580379098332,0,0.00800113699369831
"2897",2897,1632000,2008-09-24,11.7,0.983193277310924,1.00797966245322,9,"Fall",143,0.980733388207104,0.984580379098332,0,0.00730671629571589
"2898",2898,1632000,2008-09-25,11.5,0.982905982905983,0.99970779457959,9,"Fall",143,0.980733388207104,0.984580379098332,0.0273407017812133,0.00598456553416327
"2899",2899,1632000,2008-10-02,12.3,0.946153846153846,0.975266272189349,10,"Fall",144,0.98325161941637,0.922210012905624,0,0
"2900",2900,1632000,2008-10-03,11.9,0.967479674796748,1.02253949368762,10,"Fall",144,0.98325161941637,0.922210012905624,0,0.000526480973348953
"2901",2901,1632000,2008-10-04,11.7,0.983193277310924,1.01624179083398,10,"Fall",144,0.98325161941637,0.922210012905624,0,0.00498215296101989
"2902",2902,1632000,2008-10-05,11.2,0.957264957264957,0.973628460807948,10,"Fall",144,0.98325161941637,0.922210012905624,0,0.00502370689355303
"2903",2903,1632000,2008-10-06,11,0.982142857142857,1.02598852040816,10,"Fall",144,0.98325161941637,0.922210012905624,0,0.00449854636826785
"2904",2904,1632000,2008-10-07,10.7,0.972727272727273,0.990413223140496,10,"Fall",144,0.98325161941637,0.922210012905624,0,0.00391782785300165
"2905",2905,1632000,2008-10-08,10.4,0.97196261682243,0.999213905144554,10,"Fall",144,0.98325161941637,0.922210012905624,0,0.005109323279612
"2906",2906,1632000,2008-10-09,10,0.961538461538461,0.989275147928994,10,"Fall",144,0.98325161941637,0.922210012905624,0,0.00688503935816698
"2907",2907,1632000,2008-10-10,9.79,0.979,1.01816,10,"Fall",144,0.98325161941637,0.922210012905624,0,0.00604659876262303
"2908",2908,1632000,2008-10-11,9.79,1,1.02145045965271,10,"Fall",144,0.98325161941637,0.922210012905624,0,0.00579953710985137
"2909",2909,1632000,2008-10-12,9.18,0.937691521961185,0.937691521961185,10,"Fall",144,0.98325161941637,0.922210012905624,0,0.00574895684985677
"2910",2910,1632000,2008-10-13,9,0.980392156862745,1.04553804092443,10,"Fall",144,0.98325161941637,0.922210012905624,0,0.00677825037564617
"2911",2911,1632000,2008-10-14,8.85,0.983333333333333,1.003,10,"Fall",144,0.98325161941637,0.922210012905624,0,0.00723052590910811
"2912",2912,1632000,2008-10-15,8.62,0.974011299435028,0.990519965527147,10,"Fall",144,0.98325161941637,0.922210012905624,0,0.00745646348514129
"2913",2913,1632000,2008-10-16,8.62,1,1.02668213457077,10,"Fall",144,0.98325161941637,0.922210012905624,0,0.00712706677586538
"2914",2914,1632000,2008-10-17,8.29,0.961716937354988,0.961716937354988,10,"Fall",144,0.98325161941637,0.922210012905624,0,0.00453462851874065
"2915",2915,1632000,2008-10-18,8.25,0.995174909529554,1.03478983355184,10,"Fall",144,0.98325161941637,0.922210012905624,0,0.003959595980632
"2916",2916,1632000,2008-10-19,8.07,0.978181818181818,0.982924517906336,10,"Fall",144,0.98325161941637,0.922210012905624,0,0.00332006401004037
"2917",2917,1632000,2008-10-20,7.68,0.951672862453532,0.972899766448778,10,"Fall",144,0.98325161941637,0.922210012905624,0,0.00388383505560341
"2918",2918,1632000,2008-10-21,7.54,0.981770833333333,1.03162638346354,10,"Fall",144,0.98325161941637,0.922210012905624,0,0.00385444931089296
"2919",2919,1632000,2008-10-22,7.24,0.960212201591512,0.978041075361116,10,"Fall",144,0.98325161941637,0.922210012905624,0,0.00301391411812801
"2920",2920,1632000,2008-10-23,7.2,0.994475138121547,1.03568267146912,10,"Fall",144,0.98325161941637,0.922210012905624,0,0.0026820576240425
"2921",2921,1632000,2008-10-24,7.07,0.981944444444445,0.987399691358025,10,"Fall",144,0.98325161941637,0.922210012905624,0,0.00408917383174412
"2922",2922,1632000,2008-10-25,7.61,1.07637906647808,1.09617104365518,10,"Fall",144,0.98325161941637,0.922210012905624,0.109873878510257,0
"2923",2923,1632000,2008-10-26,9.47,1.24441524310118,1.15611245318336,10,"Fall",144,0.98325161941637,0.922210012905624,1.48263047208275e-05,0
"2924",2924,1632000,2008-10-27,8.78,0.92713833157339,0.745039356206282,10,"Fall",144,0.98325161941637,0.922210012905624,1.47956563978369e-05,0
"2925",2925,1632000,2008-10-28,8.25,0.939635535307517,1.01347933022348,10,"Fall",144,0.98325161941637,0.922210012905624,1.2474847693511e-05,0.0015191851707641
"2926",2926,1632000,2008-10-29,8.12,0.984242424242424,1.047472543618,10,"Fall",144,0.98325161941637,0.922210012905624,7.45265403168105e-06,0.00175118673723773
"2927",2927,1632000,2008-10-30,7.71,0.949507389162562,0.964708862141765,10,"Fall",144,0.98325161941637,0.922210012905624,3.74554872450972e-06,0.00207113018041127
"2928",2928,1632000,2008-10-31,7.54,0.977950713359274,1.02995587451067,10,"Fall",144,0.98325161941637,0.922210012905624,1.29139684013069e-06,0.00274824515690852
"2929",2929,1632000,2008-11-01,7.24,0.960212201591512,0.981861548311745,11,"Fall",144,0.98325161941637,0.922210012905624,1.78315467280754e-07,0.00366076579121
"2930",2930,1632000,2008-11-02,7.2,0.994475138121547,1.03568267146912,11,"Fall",144,0.98325161941637,0.922210012905624,0,0.00389728521076904
"2931",2931,1632000,2008-11-03,7.06,0.980555555555556,0.986003086419753,11,"Fall",144,0.98325161941637,0.922210012905624,0,0.00339933652139735
"2932",2932,1632000,2008-11-04,6.74,0.954674220963173,0.973605437809468,11,"Fall",144,0.98325161941637,0.922210012905624,0,0.00289107485878048
"2933",2933,1632000,2008-11-05,6.54,0.970326409495549,1.01639531914519,11,"Fall",144,0.98325161941637,0.922210012905624,0,0.00261866248001752
"2934",2934,1632000,2008-11-06,6.25,0.95565749235474,0.98488249212094,11,"Fall",144,0.98325161941637,0.922210012905624,0,0.00408839633837488
"2935",2935,1632000,2008-11-07,6.23,0.9968,1.04305152,11,"Fall",144,0.98325161941637,0.922210012905624,0,0.00480806855921401
"2936",2936,1632000,2008-11-08,6.22,0.998394863563403,1.00159998351064,11,"Fall",144,0.98325161941637,0.922210012905624,0,0.0039335085316452
"2937",2937,1632000,2009-02-18,47.7,0.967545638945233,0.99305901279166,2,"Winter",145,0.984479279834592,0.950393420189388,0.0294375473895343,0
"2938",2938,1632000,2009-02-19,46.7,0.979035639412998,1.01187540928849,2,"Winter",145,0.984479279834592,0.950393420189388,0.0228819654294057,0
"2939",2939,1632000,2009-02-20,46.6,0.997858672376874,1.01922609576824,2,"Winter",145,0.984479279834592,0.950393420189388,0.00394784258969594,0
"2940",2940,1632000,2009-02-21,45.3,0.972103004291845,0.97418906224097,2,"Winter",145,0.984479279834592,0.950393420189388,0.00374944522627629,0
"2941",2941,1632000,2009-02-22,43.9,0.969094922737307,0.996905593809239,2,"Winter",145,0.984479279834592,0.950393420189388,0.00356746236502659,0
"2942",2942,1632000,2009-02-23,42.7,0.972665148063781,1.0036840821706,2,"Winter",145,0.984479279834592,0.950393420189388,0.00339966753381304,0
"2943",2943,1632000,2009-02-24,41.6,0.97423887587822,1.00161795435723,2,"Winter",145,0.984479279834592,0.950393420189388,0.00324442269629799,0
"2944",2944,1632000,2009-02-25,40.7,0.978365384615385,1.00423562315089,2,"Winter",145,0.984479279834592,0.950393420189388,0.00310064866789617,0
"2945",2945,1632000,2009-02-26,40.3,0.99017199017199,1.01206768528636,2,"Winter",145,0.984479279834592,0.950393420189388,0.0029671925585717,0
"2946",2946,1632000,2009-02-27,40.2,0.997518610421836,1.00741953955754,2,"Winter",145,0.984479279834592,0.950393420189388,0.0026992098937626,0.000634981181256932
"2947",2947,1632000,2009-02-28,39.4,0.980099502487562,0.982537560951461,2,"Winter",145,0.984479279834592,0.950393420189388,0.00231427177641308,0.000313501124765026
"2948",2948,1632000,2009-03-01,39.4,1,1.02030456852792,3,"Spring",145,0.984479279834592,0.950393420189388,0.00210936690564267,0
"2949",2949,1632000,2009-03-02,39.4,1,1,3,"Spring",145,0.984479279834592,0.950393420189388,0.00203210892505012,0
"2950",2950,1632000,2009-03-03,38.7,0.982233502538071,0.982233502538071,3,"Spring",145,0.984479279834592,0.950393420189388,0.00196669098659186,0
"2951",2951,1632000,2009-03-04,38,0.981912144702842,0.999672829490749,3,"Spring",145,0.984479279834592,0.950393420189388,0.00190247088903561,0
"2952",2952,1632000,2009-03-05,37.2,0.978947368421053,0.996980609418283,3,"Spring",145,0.984479279834592,0.950393420189388,0.00179667163320119,0
"2953",2953,1632000,2009-03-06,37.2,1,1.02150537634409,3,"Spring",145,0.984479279834592,0.950393420189388,0.00170378328766674,0
"2954",2954,1632000,2009-03-07,36.8,0.989247311827957,0.989247311827957,3,"Spring",145,0.984479279834592,0.950393420189388,0.0017625219625188,0
"2955",2955,1632000,2010-04-04,264,0.859934853420195,1.01959702490212,4,"Spring",146,0.961577454018256,0.856917516935704,0.00469310030166526,0.00110484193451299
"2956",2956,1632000,2010-04-05,226,0.856060606060606,0.995494719926538,4,"Spring",146,0.961577454018256,0.856917516935704,0.00227874665142735,0.00182061171614123
"2957",2957,1632000,2010-04-06,198,0.876106194690266,1.02341608583288,4,"Spring",146,0.961577454018256,0.856917516935704,0.000816275754914386,0.00273901366017526
"2958",2958,1632000,2010-04-07,172,0.868686868686869,0.991531476379961,4,"Spring",146,0.961577454018256,0.856917516935704,0.00015929400171899,0.00344032538441752
"2959",2959,1632000,2010-04-08,158,0.918604651162791,1.05746349378042,4,"Spring",146,0.961577454018256,0.856917516935704,0.000130256177383714,0.0028568116522365
"2960",2960,1632000,2010-04-09,154,0.974683544303797,1.06104790898894,4,"Spring",146,0.961577454018256,0.856917516935704,0.0070348164299503,0
"2961",2961,1632000,2010-04-10,137,0.88961038961039,0.912717152976893,4,"Spring",146,0.961577454018256,0.856917516935704,0,0
"2962",2962,1632000,2010-04-11,120,0.875912408759124,0.984602269700037,4,"Spring",146,0.961577454018256,0.856917516935704,0,0.00128911153660738
"2963",2963,1632000,2010-04-12,108,0.9,1.0275,4,"Spring",146,0.961577454018256,0.856917516935704,0,0.00288393801383791
"2964",2964,1632000,2010-04-13,90.8,0.840740740740741,0.934156378600823,4,"Spring",146,0.961577454018256,0.856917516935704,0,0.0016501017526025
"2965",2965,1632000,2010-04-14,96.7,1.06497797356828,1.26671388926624,4,"Spring",146,0.961577454018256,0.856917516935704,0,0.00244947581813904
"2966",2966,1632000,2010-04-15,87.7,0.906928645294726,0.851593805509422,4,"Spring",146,0.961577454018256,0.856917516935704,0,0.00360397079930408
"2967",2967,1632000,2010-04-16,81.4,0.928164196123147,1.02341479777775,4,"Spring",146,0.961577454018256,0.856917516935704,0,0.00483869228992262
"2968",2968,1632000,2010-04-17,86.7,1.06511056511057,1.14754541228743,4,"Spring",146,0.961577454018256,0.856917516935704,0,0.00213851398439147
"2969",2969,1632000,2010-04-18,86.2,0.994232987312572,0.933455192240408,4,"Spring",146,0.961577454018256,0.856917516935704,0,0.00263502350662748
"2970",2970,1632000,2010-04-19,83.6,0.96983758700696,0.975463095052244,4,"Spring",146,0.961577454018256,0.856917516935704,0,0.00306995193386683
"2971",2971,1632000,2010-04-20,81,0.968899521531101,0.999032760239006,4,"Spring",146,0.961577454018256,0.856917516935704,0,0.00373774637409952
"2972",2972,1632000,2010-04-21,83.4,1.02962962962963,1.06267946959305,4,"Spring",146,0.961577454018256,0.856917516935704,0,0
"2973",2973,1632000,2010-04-22,81,0.971223021582734,0.943274157652295,4,"Spring",146,0.961577454018256,0.856917516935704,0,0.00409675162518397
"2974",2974,1632000,2010-04-23,75,0.925925925925926,0.953360768175583,4,"Spring",146,0.961577454018256,0.856917516935704,0,0.0046994104195619
"2975",2975,1632000,2010-04-24,68.3,0.910666666666667,0.98352,4,"Spring",146,0.961577454018256,0.856917516935704,0,0.000561291162739509
"2976",2976,1632000,2010-04-25,66.4,0.972181551976574,1.06754928840766,4,"Spring",146,0.961577454018256,0.856917516935704,0.0296622077003122,0
"2977",2977,1632000,2010-04-26,61.3,0.923192771084337,0.949609431702714,4,"Spring",146,0.961577454018256,0.856917516935704,0.15002012666082,0
"2978",2978,1632000,2010-04-27,59.4,0.969004893964111,1.0496235719285,4,"Spring",146,0.961577454018256,0.856917516935704,0.000524798815604299,0
"2979",2979,1632000,2010-04-28,58.2,0.97979797979798,1.01113831921913,4,"Spring",146,0.961577454018256,0.856917516935704,0,0
"2980",2980,1632000,2010-04-29,58.1,0.998281786941581,1.01886491656924,4,"Spring",146,0.961577454018256,0.856917516935704,0,0
"2981",2981,1632000,2010-04-30,60.6,1.04302925989673,1.04482449098089,4,"Spring",146,0.961577454018256,0.856917516935704,0,0.00506868408416494
"2982",2982,1632000,2010-05-01,60.2,0.993399339933993,0.952417518979621,5,"Spring",146,0.961577454018256,0.856917516935704,0,0.00833429319794732
"2983",2983,1632000,2010-05-02,60.2,1,1.00664451827243,5,"Spring",146,0.961577454018256,0.856917516935704,0,0.0097375765144534
"2984",2984,1632000,2010-05-03,60.1,0.998338870431894,0.998338870431894,5,"Spring",146,0.961577454018256,0.856917516935704,0.0486798123456538,0
"2985",2985,1632000,2010-05-04,60.1,1,1.00166389351082,5,"Spring",146,0.961577454018256,0.856917516935704,0,0.00152377067342968
"2986",2986,1632000,2010-05-05,60.8,1.01164725457571,1.01164725457571,5,"Spring",146,0.961577454018256,0.856917516935704,0,0.00721682681705715
"2987",2987,1632000,2010-05-06,59.4,0.976973684210526,0.965725631925208,5,"Spring",146,0.961577454018256,0.856917516935704,0,0.0043471319731907
"2988",2988,1632000,2010-05-07,57.6,0.96969696969697,0.992551780430568,5,"Spring",146,0.961577454018256,0.856917516935704,0,0.00652032376137868
"2989",2989,1632000,2010-05-08,56,0.972222222222222,1.00260416666667,5,"Spring",146,0.961577454018256,0.856917516935704,0,0.00650567137199687
"2990",2990,1632000,2010-05-09,54.3,0.969642857142857,0.99734693877551,5,"Spring",146,0.961577454018256,0.856917516935704,0,0.00414300600186834
"2991",2991,1632000,2010-05-10,52.7,0.970534069981584,1.00091911452981,5,"Spring",146,0.961577454018256,0.856917516935704,0,0.00436159469381892
"2992",2992,1632000,2010-06-14,53,0.946428571428571,0.985299744897959,6,"Summer",147,0.929992327523805,0.987195456802581,0,0.0140279511469998
"2993",2993,1632000,2010-06-15,50.8,0.958490566037736,1.012744749021,6,"Summer",147,0.929992327523805,0.987195456802581,0,0.00874266850587445
"2994",2994,1632000,2010-06-16,50.5,0.994094488188976,1.03714582429165,6,"Summer",147,0.929992327523805,0.987195456802581,0,0
"2995",2995,1632000,2010-06-17,48.7,0.964356435643564,0.970085285756298,6,"Summer",147,0.929992327523805,0.987195456802581,0,0.00189755070459796
"2996",2996,1632000,2010-06-18,45.8,0.940451745379877,0.975211768823075,6,"Summer",147,0.929992327523805,0.987195456802581,0,0.0106004518729605
"2997",2997,1632000,2010-06-19,43.4,0.947598253275109,1.00759901603707,6,"Summer",147,0.929992327523805,0.987195456802581,0.0183564173057676,0
"2998",2998,1632000,2010-06-20,42.4,0.976958525345622,1.03098388158593,6,"Summer",147,0.929992327523805,0.987195456802581,0.00132982062925002,0.000400787313992624
"2999",2999,1632000,2010-06-21,39.1,0.922169811320755,0.943919099323603,6,"Summer",147,0.929992327523805,0.987195456802581,0,0.017562717979672
"3000",3000,1632000,2010-06-22,36.9,0.943734015345268,1.02338420078362,6,"Summer",147,0.929992327523805,0.987195456802581,0,0
"3001",3001,1632000,2010-06-23,34.8,0.943089430894309,0.999316985039769,6,"Summer",147,0.929992327523805,0.987195456802581,0,0
"3002",3002,1632000,2010-06-24,32.8,0.942528735632184,0.999405469678954,6,"Summer",147,0.929992327523805,0.987195456802581,0,0
"3003",3003,1632000,2010-06-25,30,0.914634146341463,0.970404521118382,6,"Summer",147,0.929992327523805,0.987195456802581,0,0
"3004",3004,1632000,2010-06-26,26.9,0.896666666666667,0.980355555555555,6,"Summer",147,0.929992327523805,0.987195456802581,0,0
"3005",3005,1632000,2010-06-27,24.4,0.907063197026022,1.01159464352345,6,"Summer",147,0.929992327523805,0.987195456802581,0,0
"3006",3006,1632000,2010-06-28,22.4,0.918032786885246,1.01209352324644,6,"Summer",147,0.929992327523805,0.987195456802581,0,0
"3007",3007,1632000,2010-06-29,20.6,0.919642857142857,1.00175382653061,6,"Summer",147,0.929992327523805,0.987195456802581,0,0
"3008",3008,1632000,2010-06-30,19.2,0.932038834951456,1.01347912150061,6,"Summer",147,0.929992327523805,0.987195456802581,0,0
"3009",3009,1632000,2010-07-01,17.8,0.927083333333333,0.994683159722222,7,"Summer",147,0.929992327523805,0.987195456802581,0,0
"3010",3010,1632000,2010-07-02,16.4,0.921348314606741,0.9938139123848,7,"Summer",147,0.929992327523805,0.987195456802581,0,0
"3011",3011,1632000,2010-07-03,15,0.914634146341463,0.992712671029149,7,"Summer",147,0.929992327523805,0.987195456802581,0,0
"3012",3012,1632000,2010-07-04,13.9,0.926666666666667,1.01315555555556,7,"Summer",147,0.929992327523805,0.987195456802581,0,0
"3013",3013,1632000,2010-07-05,13,0.935251798561151,1.00926453082139,7,"Summer",147,0.929992327523805,0.987195456802581,0,0
"3014",3014,1632000,2010-07-06,12,0.923076923076923,0.98698224852071,7,"Summer",147,0.929992327523805,0.987195456802581,0,0
"3015",3015,1632000,2010-07-07,11,0.916666666666667,0.993055555555555,7,"Summer",147,0.929992327523805,0.987195456802581,0,0
"3016",3016,1632000,2010-07-08,10.2,0.927272727272727,1.01157024793388,7,"Summer",147,0.929992327523805,0.987195456802581,0,0
"3017",3017,1632000,2010-07-13,8.88,0.98121546961326,1.01807881322304,7,"Summer",148,0.911916519256951,0.946409926684624,0.0674528681265656,0.0056224699364975
"3018",3018,1632000,2010-07-14,9.41,1.05968468468468,1.07997144103563,7,"Summer",148,0.911916519256951,0.946409926684624,0.0236998876971484,0
"3019",3019,1632000,2010-07-15,8.68,0.922422954303932,0.870469270373955,7,"Summer",148,0.911916519256951,0.946409926684624,0,0.00852564848901239
"3020",3020,1632000,2010-07-16,8,0.921658986175115,0.999171781095373,7,"Summer",148,0.911916519256951,0.946409926684624,0,0.0138260147723486
"3021",3021,1632000,2010-07-17,7.54,0.9425,1.0226125,7,"Summer",148,0.911916519256951,0.946409926684624,0,0.00788563814967347
"3022",3022,1632000,2010-07-18,7.13,0.945623342175066,1.00331389090193,7,"Summer",148,0.911916519256951,0.946409926684624,0,0.0138410639920039
"3023",3023,1632000,2010-07-19,6.49,0.910238429172511,0.962580330429275,7,"Summer",148,0.911916519256951,0.946409926684624,0,0.0142842501300038
"3024",3024,1632000,2010-07-20,5.88,0.906009244992296,0.995353762218038,7,"Summer",148,0.911916519256951,0.946409926684624,0,0.0147699846420437
"3025",3025,1632000,2010-07-21,5.66,0.962585034013606,1.06244504604563,7,"Summer",148,0.911916519256951,0.946409926684624,0,0.0070811536279507
"3026",3026,1632000,2010-07-22,5.04,0.890459363957597,0.92507085866973,7,"Summer",148,0.911916519256951,0.946409926684624,0,0.0170654275279958
"3027",3027,1632000,2010-07-23,4.41,0.875,0.982638888888889,7,"Summer",148,0.911916519256951,0.946409926684624,0,0.0190866109624039
"3028",3028,1632000,2010-07-24,3.81,0.863945578231292,0.987366375121477,7,"Summer",148,0.911916519256951,0.946409926684624,0,0.0186250457481947
"3029",3029,1632000,2010-07-25,3.23,0.847769028871391,0.981275962551925,7,"Summer",148,0.911916519256951,0.946409926684624,0,0
"3030",3030,1632000,2010-07-26,2.89,0.894736842105263,1.05540166204986,7,"Summer",148,0.911916519256951,0.946409926684624,0,0
"3031",3031,1632000,2010-07-27,2.56,0.885813148788927,0.990026460411154,7,"Summer",148,0.911916519256951,0.946409926684624,0,0
"3032",3032,1632000,2010-07-28,2.3,0.8984375,1.01425170898437,7,"Summer",148,0.911916519256951,0.946409926684624,0,0
"3033",3033,1632000,2010-07-29,2.02,0.878260869565217,0.977542533081286,7,"Summer",148,0.911916519256951,0.946409926684624,0,0
"3034",3034,1632000,2010-07-30,1.7,0.841584158415842,0.958239388295265,7,"Summer",148,0.911916519256951,0.946409926684624,0,0
"3035",3035,1632000,2010-07-31,1.47,0.864705882352941,1.02747404844291,7,"Summer",148,0.911916519256951,0.946409926684624,0,0
"3036",3036,1632000,2010-08-01,1.41,0.959183673469388,1.10926003054283,8,"Summer",148,0.911916519256951,0.946409926684624,0,0
"3037",3037,1632000,2010-08-02,1.22,0.865248226950355,0.902067300437604,8,"Summer",148,0.911916519256951,0.946409926684624,0,0
"3038",3038,1632000,2010-08-03,1.07,0.877049180327869,1.01363880677237,8,"Summer",148,0.911916519256951,0.946409926684624,0,0
"3039",3039,1632000,2010-08-04,2.22,2.07476635514019,2.36562145165517,8,"Summer",148,0.911916519256951,0.946409926684624,0.0268942612165119,0
"3040",3040,1632000,2010-08-05,1.84,0.828828828828829,0.399480561642724,8,"Summer",148,0.911916519256951,0.946409926684624,0,0
"3041",3041,1632000,2010-08-06,1.51,0.820652173913043,0.990134688090737,8,"Summer",148,0.911916519256951,0.946409926684624,0,0
"3042",3042,1632000,2010-08-07,1.23,0.814569536423841,0.992588044384018,8,"Summer",148,0.911916519256951,0.946409926684624,0,0.0144841485198413
"3043",3043,1632000,2010-10-16,16,0.941176470588235,0.996539792387543,10,"Fall",149,0.964975371418833,0.883725452493375,0.000137166966396762,0.00103275200308417
"3044",3044,1632000,2010-10-17,15,0.9375,0.99609375,10,"Fall",149,0.964975371418833,0.883725452493375,0.0001095612537938,0.00378490416915156
"3045",3045,1632000,2010-10-18,14,0.933333333333333,0.995555555555556,10,"Fall",149,0.964975371418833,0.883725452493375,7.45235724934901e-05,0.00394003188193892
"3046",3046,1632000,2010-10-19,12.3,0.878571428571429,0.941326530612245,10,"Fall",149,0.964975371418833,0.883725452493375,5.88670129673119e-05,0
"3047",3047,1632000,2010-10-20,11.8,0.959349593495935,1.09194262674334,10,"Fall",149,0.964975371418833,0.883725452493375,5.84013555453566e-05,0
"3048",3048,1632000,2010-10-21,11,0.932203389830508,0.971703533467394,10,"Fall",149,0.964975371418833,0.883725452493375,4.99020576398834e-05,0.00322012256947346
"3049",3049,1632000,2010-10-22,10.6,0.963636363636364,1.03371900826446,10,"Fall",149,0.964975371418833,0.883725452493375,3.50521791006031e-05,0.00287441417458467
"3050",3050,1632000,2010-10-23,10.1,0.952830188679245,0.988786044855821,10,"Fall",149,0.964975371418833,0.883725452493375,2.33643891647262e-05,0.00370635562649113
"3051",3051,1632000,2010-10-24,9.8,0.97029702970297,1.01833153612391,10,"Fall",149,0.964975371418833,0.883725452493375,1.27393415993993e-05,0.00499061837035697
"3052",3052,1632000,2010-10-25,9.43,0.962244897959184,0.991701374427322,10,"Fall",149,0.964975371418833,0.883725452493375,5.300462703417e-06,0.00485738575662253
"3053",3053,1632000,2010-10-26,9.01,0.955461293743372,0.992950231037651,10,"Fall",149,0.964975371418833,0.883725452493375,0.00205484354031959,0.00615867134911241
"3054",3054,1632000,2010-10-27,10.9,1.20976692563818,1.26616005646704,10,"Fall",149,0.964975371418833,0.883725452493375,0.0377807684823424,0
"3055",3055,1632000,2010-10-28,10.1,0.926605504587156,0.765937210672502,10,"Fall",149,0.964975371418833,0.883725452493375,2.21859194482477e-06,0.000699199212249368
"3056",3056,1632000,2010-10-29,9.12,0.902970297029703,0.974492696794432,10,"Fall",149,0.964975371418833,0.883725452493375,1.43749530323589e-06,0.00281574364089465
"3057",3057,1632000,2010-10-30,8.83,0.968201754385965,1.07224097799323,10,"Fall",149,0.964975371418833,0.883725452493375,5.85651288353972e-07,0.00281550019644783
"3058",3058,1632000,2010-10-31,8.63,0.977349943374858,1.00944863913689,10,"Fall",149,0.964975371418833,0.883725452493375,1.581294887254e-07,0.00344626588412211
"3059",3059,1632000,2010-11-01,8.36,0.968713789107764,0.991163703107943,11,"Fall",149,0.964975371418833,0.883725452493375,1.36645470494301e-08,0.0025919342861016
"3060",3060,1632000,2010-11-02,8.25,0.986842105263158,1.01871380005037,11,"Fall",149,0.964975371418833,0.883725452493375,0,0.00207355547991028
"3061",3061,1632000,2010-11-03,8.03,0.973333333333333,0.986311111111111,11,"Fall",149,0.964975371418833,0.883725452493375,0,0.0025612273166189
"3062",3062,1632000,2010-11-22,32.6,0.936781609195402,1.02830624917426,11,"Fall",150,1.06153710273927,0.257245853130549,8.01729485022662e-08,0.00223926011676667
"3063",3063,1632000,2010-11-23,30.2,0.926380368098159,0.988896834656931,11,"Fall",150,1.06153710273927,0.257245853130549,0,0.00243862173010712
"3064",3064,1632000,2010-11-24,27.8,0.920529801324503,0.993684487522477,11,"Fall",150,1.06153710273927,0.257245853130549,0,0.00121415931062074
"3065",3065,1632000,2010-11-25,26.2,0.942446043165468,1.0238082914963,11,"Fall",150,1.06153710273927,0.257245853130549,0,0
"3066",3066,1632000,2010-11-26,24.8,0.946564885496183,1.00437037468679,11,"Fall",150,1.06153710273927,0.257245853130549,0,0
"3067",3067,1632000,2010-11-27,23,0.92741935483871,0.979773673257024,11,"Fall",150,1.06153710273927,0.257245853130549,0,0
"3068",3068,1632000,2010-11-28,21.3,0.926086956521739,0.998563327032136,11,"Fall",150,1.06153710273927,0.257245853130549,0,0
"3069",3069,1632000,2010-11-29,20.2,0.948356807511737,1.02404725693756,11,"Fall",150,1.06153710273927,0.257245853130549,0,0
"3070",3070,1632000,2010-11-30,21,1.03960396039604,1.09621605724929,11,"Fall",150,1.06153710273927,0.257245853130549,0.0910980737671672,0
"3071",3071,1632000,2010-12-01,3320,158.095238095238,152.072562358277,12,"Winter",150,1.06153710273927,0.257245853130549,0.213352244580164,0
"3072",3072,1632000,2010-12-02,1320,0.397590361445783,0.00251487879227754,12,"Winter",150,1.06153710273927,0.257245853130549,0.0198043558048084,0
"3073",3073,1632000,2010-12-03,517,0.391666666666667,0.98510101010101,12,"Winter",150,1.06153710273927,0.257245853130549,0.0157379743177444,0
"3074",3074,1632000,2010-12-04,279,0.539651837524178,1.37783447878514,12,"Winter",150,1.06153710273927,0.257245853130549,0.0128978959401138,0
"3075",3075,1632000,2010-12-05,178,0.637992831541219,1.18223044411043,12,"Winter",150,1.06153710273927,0.257245853130549,0.0108215342916083,0
"3076",3076,1632000,2010-12-06,135,0.758426966292135,1.18877035727812,12,"Winter",150,1.06153710273927,0.257245853130549,0.00949048509937711,0
"3077",3077,1632000,2010-12-07,105,0.777777777777778,1.02551440329218,12,"Winter",150,1.06153710273927,0.257245853130549,0.00855146095273085,0
"3078",3078,1632000,2010-12-08,86.6,0.824761904761905,1.06040816326531,12,"Winter",150,1.06153710273927,0.257245853130549,0.00751339399721473,0
"3079",3079,1632000,2010-12-09,73.4,0.847575057736721,1.02766028940365,12,"Winter",150,1.06153710273927,0.257245853130549,0.00667018085368909,0
"3080",3080,1632000,2010-12-10,62.8,0.85558583106267,1.00945140286141,12,"Winter",150,1.06153710273927,0.257245853130549,0.00597344063862693,0
"3081",3081,1632000,2010-12-11,55,0.875796178343949,1.02362164793704,12,"Winter",150,1.06153710273927,0.257245853130549,0.00539020607538987,0
"3082",3082,1632000,2010-12-12,53.2,0.967272727272727,1.10444958677686,12,"Winter",150,1.06153710273927,0.257245853130549,0.0442572399770142,0
"3083",3083,1632000,2010-12-13,50.6,0.951127819548872,0.983308835999774,12,"Winter",150,1.06153710273927,0.257245853130549,0.00967405312985647,0
"3084",3084,1632000,2011-07-27,7.69,0.806925498426023,1.02453289936567,7,"Summer",151,0.956475835502197,0.816665766142633,0,0
"3085",3085,1632000,2011-07-28,6.67,0.867360208062419,1.07489503027761,7,"Summer",151,0.956475835502197,0.816665766142633,0,0
"3086",3086,1632000,2011-07-29,6.05,0.907046476761619,1.04575523332786,7,"Summer",151,0.956475835502197,0.816665766142633,0,0
"3087",3087,1632000,2011-07-30,5.46,0.902479338842975,0.994964824807049,7,"Summer",151,0.956475835502197,0.816665766142633,0,0
"3088",3088,1632000,2011-07-31,5.09,0.932234432234432,1.03297038736599,7,"Summer",151,0.956475835502197,0.816665766142633,0,0
"3089",3089,1632000,2011-08-01,4.65,0.913555992141454,0.97996379510655,8,"Summer",151,0.956475835502197,0.816665766142633,0,0
"3090",3090,1632000,2011-08-02,4.25,0.913978494623656,1.0004624812117,8,"Summer",151,0.956475835502197,0.816665766142633,0,0
"3091",3091,1632000,2011-08-03,4.13,0.971764705882353,1.06322491349481,8,"Summer",151,0.956475835502197,0.816665766142633,0,0
"3092",3092,1632000,2011-08-04,4.33,1.04842615012107,1.07888889540303,8,"Summer",151,0.956475835502197,0.816665766142633,0,0
"3093",3093,1632000,2011-08-05,4.24,0.979214780600462,0.933985460480348,8,"Summer",151,0.956475835502197,0.816665766142633,0,0
"3094",3094,1632000,2011-08-06,4.14,0.976415094339622,0.997140886436454,8,"Summer",151,0.956475835502197,0.816665766142633,0.0309702180722713,0
"3095",3095,1632000,2011-08-07,4.52,1.09178743961353,1.11815911689888,8,"Summer",151,0.956475835502197,0.816665766142633,0.00582519150944627,0
"3096",3096,1632000,2011-08-08,4.22,0.933628318584071,0.855137442242932,8,"Summer",151,0.956475835502197,0.816665766142633,0,0.0111314792629855
"3097",3097,1632000,2011-08-09,3.89,0.921800947867299,0.987331820938434,8,"Summer",151,0.956475835502197,0.816665766142633,0,0.0166652912703284
"3098",3098,1632000,2011-08-10,3.61,0.928020565552699,1.00674724592092,8,"Summer",151,0.956475835502197,0.816665766142633,0,0.00401707594573964
"3099",3099,1632000,2012-04-01,190,0.837004405286344,1.02505385317006,4,"Spring",152,0.915680512938435,0.977427253869465,0.000516308928126819,0.00201530881167855
"3100",3100,1632000,2012-04-02,170,0.894736842105263,1.06897506925208,4,"Spring",152,0.915680512938435,0.977427253869465,0.000337168826263223,0
"3101",3101,1632000,2012-04-03,146,0.858823529411765,0.959861591695502,4,"Spring",152,0.915680512938435,0.977427253869465,0.00030893720122549,0.000736327387130587
"3102",3102,1632000,2012-04-04,128,0.876712328767123,1.02082942390692,4,"Spring",152,0.915680512938435,0.977427253869465,0.00016065902354967,0.00345660936000058
"3103",3103,1632000,2012-04-05,114,0.890625,1.015869140625,4,"Spring",152,0.915680512938435,0.977427253869465,3.47398803342003e-05,0.00228797518502688
"3104",3104,1632000,2012-04-06,102,0.894736842105263,1.00461680517082,4,"Spring",152,0.915680512938435,0.977427253869465,6.85806775990727e-06,0.00220711531460438
"3105",3105,1632000,2012-04-07,90.1,0.883333333333333,0.987254901960784,4,"Spring",152,0.915680512938435,0.977427253869465,4.31501502973219e-07,0.00244097870745463
"3106",3106,1632000,2012-04-08,80.5,0.893451720310766,1.0114547777103,4,"Spring",152,0.915680512938435,0.977427253869465,0,0.00289736556442222
"3107",3107,1632000,2012-04-09,73.4,0.911801242236025,1.02053778789399,4,"Spring",152,0.915680512938435,0.977427253869465,0,0.00321295021694823
"3108",3108,1632000,2012-04-10,69.9,0.952316076294278,1.04443384389223,4,"Spring",152,0.915680512938435,0.977427253869465,0,0
"3109",3109,1632000,2012-04-11,65.4,0.935622317596567,0.982470359250186,4,"Spring",152,0.915680512938435,0.977427253869465,0,0.00163122402591398
"3110",3110,1632000,2012-04-12,61.6,0.941896024464832,1.00670538394636,4,"Spring",152,0.915680512938435,0.977427253869465,0,0.00265662433957914
"3111",3111,1632000,2012-04-13,56.3,0.913961038961039,0.970341752403441,4,"Spring",152,0.915680512938435,0.977427253869465,0,0.00354071062156436
"3112",3112,1632000,2012-04-14,51.7,0.918294849023091,1.00474178862917,4,"Spring",152,0.915680512938435,0.977427253869465,0,0.00445789492732729
"3113",3113,1632000,2012-04-15,48.8,0.943907156673114,1.02789115900767,4,"Spring",152,0.915680512938435,0.977427253869465,0,0.00651485391790629
"3114",3114,1632000,2012-04-16,45.9,0.940573770491803,0.996468523246439,4,"Spring",152,0.915680512938435,0.977427253869465,0,0.00780823065360892
"3115",3115,1632000,2012-04-17,42.9,0.934640522875817,0.993691884887579,4,"Spring",152,0.915680512938435,0.977427253869465,0,0.00598770706346841
"3116",3116,1632000,2012-10-05,39.8,0.813905930470348,1.00531530062186,10,"Fall",153,0.958648745260413,0.857298280795093,0.00180648490641033,0.0027270037389826
"3117",3117,1632000,2012-10-06,34.1,0.85678391959799,1.05268175046085,10,"Fall",153,0.958648745260413,0.857298280795093,0.00124625170792569,0.00283361074980348
"3118",3118,1632000,2012-10-07,30.5,0.894428152492669,1.04393667065127,10,"Fall",153,0.958648745260413,0.857298280795093,0.000937297980271979,0.000974207895524158
"3119",3119,1632000,2012-10-08,28.9,0.947540983606557,1.05938188658963,10,"Fall",153,0.958648745260413,0.857298280795093,0.000851196808071109,0
"3120",3120,1632000,2012-10-09,27.6,0.955017301038062,1.00789023119934,10,"Fall",153,0.958648745260413,0.857298280795093,0.000827577845484484,0
"3121",3121,1632000,2012-10-10,25.5,0.923913043478261,0.967430686830498,10,"Fall",153,0.958648745260413,0.857298280795093,0.000771931649069302,0.000955585934207193
"3122",3122,1632000,2012-10-11,23.3,0.913725490196078,0.988973471741638,10,"Fall",153,0.958648745260413,0.857298280795093,0.000618495196249569,0.00214500384026906
"3123",3123,1632000,2012-10-12,21.7,0.931330472103004,1.01926725487668,10,"Fall",153,0.958648745260413,0.857298280795093,0.000454269378678873,0.0022055593362893
"3124",3124,1632000,2012-10-13,20.6,0.949308755760369,1.01930387139247,10,"Fall",153,0.958648745260413,0.857298280795093,0.000331264785017993,0.00213275855276152
"3125",3125,1632000,2012-10-14,19.5,0.946601941747573,0.99714864737487,10,"Fall",153,0.958648745260413,0.857298280795093,0.000220119407458697,0.00351932146440959
"3126",3126,1632000,2012-10-15,18.6,0.953846153846154,1.00765285996055,10,"Fall",153,0.958648745260413,0.857298280795093,0.000145606446039892,0.000749202532460913
"3127",3127,1632000,2012-10-16,17.7,0.951612903225806,0.997658688865765,10,"Fall",153,0.958648745260413,0.857298280795093,0.000137121295210818,0
"3128",3128,1632000,2012-10-17,17.1,0.966101694915254,1.01522550991095,10,"Fall",153,0.958648745260413,0.857298280795093,0.000135976654291881,0
"3129",3129,1632000,2012-10-18,16.5,0.964912280701754,0.998768851954447,10,"Fall",153,0.958648745260413,0.857298280795093,0.0605935941766802,0.00323442733133561
"3130",3130,1632000,2012-10-19,18.9,1.14545454545455,1.18710743801653,10,"Fall",153,0.958648745260413,0.857298280795093,0.0177106317059952,0
"3131",3131,1632000,2012-10-20,18.1,0.957671957671958,0.836062820189804,10,"Fall",153,0.958648745260413,0.857298280795093,0.00215899669274222,0.000346445867762668
"3132",3132,1632000,2012-10-21,17.1,0.94475138121547,0.986508348341015,10,"Fall",153,0.958648745260413,0.857298280795093,0.00181104742659954,0.00193327538727317
"3133",3133,1632000,2012-10-22,16,0.935672514619883,0.990390205533326,10,"Fall",153,0.958648745260413,0.857298280795093,0.00134792306198506,0.00244136541368789
"3134",3134,1632000,2012-10-23,16,1,1.06875,10,"Fall",153,0.958648745260413,0.857298280795093,0.000922898252611048,0.00335449590420467
"3135",3135,1632000,2012-10-24,15.2,0.95,0.95,10,"Fall",153,0.958648745260413,0.857298280795093,0.000585109042731347,0.0036795348933083
"3136",3136,1632000,2012-10-25,14.5,0.953947368421053,1.00415512465374,10,"Fall",153,0.958648745260413,0.857298280795093,0.000337584650878853,0.00388703447606531
"3137",3137,1632000,2012-10-26,14.1,0.972413793103448,1.01935790725327,10,"Fall",153,0.958648745260413,0.857298280795093,0.000187236427336757,0.00360092630216968
"3138",3138,1632000,2012-11-17,87.9,0.896938775510204,1.01592044981258,11,"Fall",154,0.948387673873776,0.957619427539659,0.00582004952593706,1.18438283607247e-05
"3139",3139,1632000,2012-11-18,78.1,0.888509670079636,0.990602362546124,11,"Fall",154,0.948387673873776,0.957619427539659,0.00518343233852648,0.000557831317564706
"3140",3140,1632000,2012-11-19,70,0.89628681177977,1.00875301863562,11,"Fall",154,0.948387673873776,0.957619427539659,0.00440013357729185,0.000644929127702199
"3141",3141,1632000,2012-11-20,64.2,0.917142857142857,1.0232693877551,11,"Fall",154,0.948387673873776,0.957619427539659,0.00370592549734283,0.000753267950130976
"3142",3142,1632000,2012-11-21,59.4,0.925233644859813,1.00882173115556,11,"Fall",154,0.948387673873776,0.957619427539659,0.00311685721680988,0.000752427808492939
"3143",3143,1632000,2012-11-22,54.8,0.922558922558923,0.99710913852328,11,"Fall",154,0.948387673873776,0.957619427539659,0.0026321564000682,0.000764033156883671
"3144",3144,1632000,2012-11-23,50.4,0.91970802919708,0.996909798071288,11,"Fall",154,0.948387673873776,0.957619427539659,0.00222061495151138,0.000838987592942431
"3145",3145,1632000,2012-11-24,46.6,0.924603174603175,1.00532249937012,11,"Fall",154,0.948387673873776,0.957619427539659,0.0019472454150673,0.000228084121772554
"3146",3146,1632000,2012-11-25,43.3,0.929184549356223,1.00495496325222,11,"Fall",154,0.948387673873776,0.957619427539659,0.00181439366861014,0.000195874126802664
"3147",3147,1632000,2012-11-26,40.9,0.944572748267898,1.016560971577,11,"Fall",154,0.948387673873776,0.957619427539659,0.00162307136633899,0.000786901679020957
"3148",3148,1632000,2012-11-27,42.6,1.04156479217604,1.10268350858735,11,"Fall",154,0.948387673873776,0.957619427539659,0.0737783721415327,0
"3149",3149,1632000,2012-11-28,41.5,0.974178403755869,0.935302739756221,11,"Fall",154,0.948387673873776,0.957619427539659,0.00173496802017326,0
"3150",3150,1632000,2012-11-29,38.3,0.92289156626506,0.947353752358833,11,"Fall",154,0.948387673873776,0.957619427539659,0.00167701672035037,0
"3151",3151,1632000,2012-11-30,35.6,0.929503916449086,1.00716481808452,11,"Fall",154,0.948387673873776,0.957619427539659,0.00162222218204988,0
"3152",3152,1632000,2012-12-01,33.7,0.946629213483146,1.0184241257417,12,"Winter",154,0.948387673873776,0.957619427539659,0.00157042823411757,0
"3153",3153,1632000,2012-12-02,32.2,0.955489614243323,1.00935994857752,12,"Winter",154,0.948387673873776,0.957619427539659,0.0014294607899501,0.000875367106345948
"3154",3154,1632000,2012-12-03,31.2,0.968944099378882,1.01408124686548,12,"Winter",154,0.948387673873776,0.957619427539659,0.00115088091479265,0.00140507156538661
"3155",3155,1632000,2012-12-04,30.4,0.974358974358974,1.00558842866535,12,"Winter",154,0.948387673873776,0.957619427539659,0.000856130915053654,0.00165647082030773
"3156",3156,1632000,2012-12-05,29.5,0.970394736842105,0.995931440443213,12,"Winter",154,0.948387673873776,0.957619427539659,0.000674420965879108,0.000635297426924808
"3157",3157,1632000,2012-12-06,28.5,0.966101694915254,0.995575983912669,12,"Winter",154,0.948387673873776,0.957619427539659,0.000593960427067941,0.000445066012616735
"3158",3158,1632000,2012-12-07,27.6,0.968421052631579,1.00240073868883,12,"Winter",154,0.948387673873776,0.957619427539659,0.000534835880898754,0.000511220601765672
"3159",3159,1632000,2012-12-08,27,0.978260869565217,1.0101606805293,12,"Winter",154,0.948387673873776,0.957619427539659,0.000448192869953346,0.00120691518532112
"3160",3160,1632000,2013-07-30,26.4,0.857142857142857,1.01855287569573,7,"Summer",155,0.939104565416341,0.935457255309504,0,0.0103528873332834
"3161",3161,1632000,2013-07-31,23.5,0.890151515151515,1.0385101010101,7,"Summer",155,0.939104565416341,0.935457255309504,0,0.00247759126068559
"3162",3162,1632000,2013-08-01,22.3,0.948936170212766,1.06603893164328,8,"Summer",155,0.939104565416341,0.935457255309504,0.0596693195402622,0
"3163",3163,1632000,2013-08-02,19.9,0.89237668161435,0.940396951477005,8,"Summer",155,0.939104565416341,0.935457255309504,0,0
"3164",3164,1632000,2013-08-03,18.2,0.914572864321608,1.02487310926492,8,"Summer",155,0.939104565416341,0.935457255309504,0,0.00297445859723666
"3165",3165,1632000,2013-08-04,17.1,0.93956043956044,1.02732157951938,8,"Summer",155,0.939104565416341,0.935457255309504,0,0.00879614746918378
"3166",3166,1632000,2013-08-05,15.4,0.900584795321637,0.958517150576246,8,"Summer",155,0.939104565416341,0.935457255309504,0,0.00976380630163476
"3167",3167,1632000,2013-08-06,14.8,0.961038961038961,1.06712767751729,8,"Summer",155,0.939104565416341,0.935457255309504,0.0182281380984932,0
"3168",3168,1632000,2013-08-07,13.6,0.918918918918919,0.956172388604821,8,"Summer",155,0.939104565416341,0.935457255309504,0,0
"3169",3169,1632000,2013-08-08,12.6,0.926470588235294,1.00821799307958,8,"Summer",155,0.939104565416341,0.935457255309504,0,0.00404927813997346
"3170",3170,1632000,2013-08-09,12.3,0.976190476190476,1.05366591080877,8,"Summer",155,0.939104565416341,0.935457255309504,0,0.00866182654863223
"3171",3171,1632000,2013-08-10,12.5,1.01626016260163,1.04104699583581,8,"Summer",155,0.939104565416341,0.935457255309504,0,0.00015565674402751
"3172",3172,1632000,2013-08-11,12.1,0.968,0.952512,8,"Summer",155,0.939104565416341,0.935457255309504,0,0.0122772003232967
"3173",3173,1632000,2013-08-12,11.8,0.975206611570248,1.00744484666348,8,"Summer",155,0.939104565416341,0.935457255309504,0,0.0142464264972659
"3174",3174,1632000,2013-09-01,40.7,0.835728952772074,1.00218831297514,9,"Fall",156,0.920292078115465,0.94417194705569,2.33988419608977e-05,0.00685337872710079
"3175",3175,1632000,2013-09-02,34.9,0.857493857493857,1.02604301867201,9,"Fall",156,0.920292078115465,0.94417194705569,7.75676291198124e-07,0.00679174509423318
"3176",3176,1632000,2013-09-03,29.2,0.836676217765043,0.975722695215967,9,"Fall",156,0.920292078115465,0.94417194705569,0,0.00675106626295019
"3177",3177,1632000,2013-09-04,24.8,0.849315068493151,1.01510602364421,9,"Fall",156,0.920292078115465,0.94417194705569,0,0.00684572325735644
"3178",3178,1632000,2013-09-05,22,0.887096774193548,1.04448491155047,9,"Fall",156,0.920292078115465,0.94417194705569,0,0.00812137625143805
"3179",3179,1632000,2013-09-06,19.4,0.881818181818182,0.994049586776859,9,"Fall",156,0.920292078115465,0.94417194705569,0,0.00677369582626852
"3180",3180,1632000,2013-09-07,17.6,0.907216494845361,1.02880221064938,9,"Fall",156,0.920292078115465,0.94417194705569,0,0.00770288814419473
"3181",3181,1632000,2013-09-08,16.1,0.914772727272727,1.00832902892562,9,"Fall",156,0.920292078115465,0.94417194705569,0,0.00926579619772383
"3182",3182,1632000,2013-09-09,14.4,0.894409937888199,0.977740056324987,9,"Fall",156,0.920292078115465,0.94417194705569,0,0.00965574755173293
"3183",3183,1632000,2013-09-10,13.3,0.923611111111111,1.03264853395062,9,"Fall",156,0.920292078115465,0.94417194705569,0,0.0116595301878988
"3184",3184,1632000,2013-09-11,12.3,0.924812030075188,1.00130024308893,9,"Fall",156,0.920292078115465,0.94417194705569,0,0.0131685133765131
"3185",3185,1632000,2013-09-12,11.5,0.934959349593496,1.010972304845,9,"Fall",156,0.920292078115465,0.94417194705569,0,0.00303376135707367
"3186",3186,1632000,2013-09-13,11,0.956521739130435,1.02306238185255,9,"Fall",156,0.920292078115465,0.94417194705569,0,0.00329978187846791
"3187",3187,1632000,2013-09-14,10.2,0.927272727272727,0.969421487603306,9,"Fall",156,0.920292078115465,0.94417194705569,0,0.00632729204517091
"3188",3188,1632000,2013-09-15,9.69,0.95,1.02450980392157,9,"Fall",156,0.920292078115465,0.94417194705569,0,0.00257489102341424
"3189",3189,1632000,2013-09-16,9.39,0.969040247678019,1.02004236597686,9,"Fall",156,0.920292078115465,0.94417194705569,0,0
"3190",3190,1632000,2013-09-17,9.25,0.985090521831736,1.01656306246534,9,"Fall",156,0.920292078115465,0.94417194705569,0,0
"3191",3191,1632000,2013-09-18,8.76,0.947027027027027,0.961360409057706,9,"Fall",156,0.920292078115465,0.94417194705569,0,0
"3192",3192,1632000,2013-09-19,8.26,0.942922374429224,0.995665749254603,9,"Fall",156,0.920292078115465,0.94417194705569,0,0
"3193",3193,1632000,2013-09-20,7.88,0.953995157384988,1.01174304826786,9,"Fall",156,0.920292078115465,0.94417194705569,0,0
"3194",3194,1632000,2014-09-11,3.41,0.934246575342466,0.982878588853443,9,"Fall",157,0.965325133564061,0.981332239271408,0,0
"3195",3195,1632000,2014-09-12,3.27,0.958944281524927,1.02643596116304,9,"Fall",157,0.965325133564061,0.981332239271408,0,0
"3196",3196,1632000,2014-09-13,3.16,0.966360856269113,1.00773410393813,9,"Fall",157,0.965325133564061,0.981332239271408,0,0
"3197",3197,1632000,2014-09-14,3,0.949367088607595,0.982414677135074,9,"Fall",157,0.965325133564061,0.981332239271408,0,0
"3198",3198,1632000,2014-09-15,3.03,1.01,1.06386666666667,9,"Fall",157,0.965325133564061,0.981332239271408,0,0
"3199",3199,1632000,2014-09-16,2.88,0.950495049504951,0.941084207430644,9,"Fall",157,0.965325133564061,0.981332239271408,0,0
"3200",3200,1632000,2014-09-17,2.74,0.951388888888889,1.00094039351852,9,"Fall",157,0.965325133564061,0.981332239271408,0,0
"3201",3201,1632000,2014-09-18,2.67,0.974452554744525,1.02424210133731,9,"Fall",157,0.965325133564061,0.981332239271408,0,0
"3202",3202,1632000,2014-09-19,2.58,0.966292134831461,0.991625636493709,9,"Fall",157,0.965325133564061,0.981332239271408,0,0
"3203",3203,1632000,2014-09-20,2.59,1.00387596899225,1.03889489814314,9,"Fall",157,0.965325133564061,0.981332239271408,0,0
"3204",3204,1632000,2014-09-21,2.37,0.915057915057915,0.911524872914834,9,"Fall",157,0.965325133564061,0.981332239271408,0,0
"3205",3205,1632000,2014-09-22,2.17,0.915611814345991,1.00060531609963,9,"Fall",157,0.965325133564061,0.981332239271408,0,0
"3206",3206,1632000,2014-09-23,2.07,0.953917050691244,1.04183567287477,9,"Fall",157,0.965325133564061,0.981332239271408,0,0
"3207",3207,1632000,2014-09-24,2.02,0.975845410628019,1.02298770099652,9,"Fall",157,0.965325133564061,0.981332239271408,0,0
"3208",3208,1632000,2014-09-25,2.02,1,1.02475247524752,9,"Fall",157,0.965325133564061,0.981332239271408,0,0
"3209",3209,1632000,2014-09-26,2.02,1,1,9,"Fall",157,0.965325133564061,0.981332239271408,0,0
"3210",3210,1632000,2014-09-27,1.97,0.975247524752475,0.975247524752475,9,"Fall",157,0.965325133564061,0.981332239271408,0,0
"3211",3211,1632000,2014-09-28,1.92,0.974619289340101,0.999355819526399,9,"Fall",157,0.965325133564061,0.981332239271408,0,0
"3212",3212,1632000,2014-10-22,26.8,0.881578947368421,1.00627596952909,10,"Fall",158,0.968177459264386,0.864466941936292,0.0301828000374371,0
"3213",3213,1632000,2014-10-23,24,0.895522388059702,1.01581644018712,10,"Fall",158,0.968177459264386,0.864466941936292,0.00870785418373998,0
"3214",3214,1632000,2014-10-24,21.9,0.9125,1.01895833333333,10,"Fall",158,0.968177459264386,0.864466941936292,0.00376588184735738,3.63096423825482e-05
"3215",3215,1632000,2014-10-25,20.2,0.922374429223744,1.01082129229999,10,"Fall",158,0.968177459264386,0.864466941936292,0.0031558960545226,0.00211640520319634
"3216",3216,1632000,2014-10-26,18.5,0.915841584158416,0.992917361043035,10,"Fall",158,0.968177459264386,0.864466941936292,0.00234905720571987,0.00222114922326
"3217",3217,1632000,2014-10-27,16.9,0.913513513513513,0.997457998539079,10,"Fall",158,0.968177459264386,0.864466941936292,0.00173327053926187,0.00246300778417208
"3218",3218,1632000,2014-10-28,15.9,0.940828402366864,1.02990091383355,10,"Fall",158,0.968177459264386,0.864466941936292,0.00119393469503848,0.00377925149587099
"3219",3219,1632000,2014-10-29,15.4,0.968553459119497,1.0294687710138,10,"Fall",158,0.968177459264386,0.864466941936292,0.000889799681317527,0.000149723628055654
"3220",3220,1632000,2014-10-30,14.6,0.948051948051948,0.978832855456232,10,"Fall",158,0.968177459264386,0.864466941936292,0.000858046263601864,0
"3221",3221,1632000,2014-10-31,13.7,0.938356164383562,0.989772940514168,10,"Fall",158,0.968177459264386,0.864466941936292,0.000774261088736239,0.00153595649771887
"3222",3222,1632000,2014-11-01,13.4,0.978102189781022,1.0423570781608,11,"Fall",158,0.968177459264386,0.864466941936292,0.000675415440127836,7.29566036170581e-05
"3223",3223,1632000,2014-11-02,12.5,0.932835820895522,0.953720204945422,11,"Fall",158,0.968177459264386,0.864466941936292,0.000610870194577729,0.00136307758384646
"3224",3224,1632000,2014-11-03,11.9,0.952,1.020544,11,"Fall",158,0.968177459264386,0.864466941936292,0.00048735881500761,0.00195649533634423
"3225",3225,1632000,2014-11-04,11.6,0.974789915966387,1.02393898735965,11,"Fall",158,0.968177459264386,0.864466941936292,0.000348984221091087,0.00309187772654695
"3226",3226,1632000,2014-11-05,11.2,0.96551724137931,0.990487514863258,11,"Fall",158,0.968177459264386,0.864466941936292,0.000239189656895178,0.00166818082288955
"3227",3227,1632000,2014-11-06,11.5,1.02678571428571,1.06345663265306,11,"Fall",158,0.968177459264386,0.864466941936292,0.0436187971072286,0
"3228",3228,1632000,2014-11-07,11,0.956521739130435,0.931568998109641,11,"Fall",158,0.968177459264386,0.864466941936292,0.00600745296196692,0
"3229",3229,1632000,2014-11-08,10.7,0.972727272727273,1.01694214876033,11,"Fall",158,0.968177459264386,0.864466941936292,0.000246900753154478,0
"3230",3230,1632000,2014-11-09,10.5,0.981308411214953,1.00882173115556,11,"Fall",158,0.968177459264386,0.864466941936292,0.000229373064030369,0.00110534002169516
"3231",3231,1632000,2014-11-10,10.1,0.961904761904762,0.980226757369614,11,"Fall",158,0.968177459264386,0.864466941936292,0.000176053763880191,0.00227114775043447
"3232",3232,1632000,2014-11-11,9.79,0.969306930693069,1.00769532398784,11,"Fall",158,0.968177459264386,0.864466941936292,0.000118144575480983,0.00260005873792579
"3233",3233,1632000,2014-11-12,9.65,0.985699693564862,1.01691183912207,11,"Fall",158,0.968177459264386,0.864466941936292,7.45676770748105e-05,0.00248064540443238
"3234",3234,1632000,2014-11-13,9.4,0.974093264248705,0.988225187253349,11,"Fall",158,0.968177459264386,0.864466941936292,4.98390879783983e-05,0.00131843470376225
"3235",3235,1632000,2014-11-14,9.21,0.979787234042553,1.00584540516071,11,"Fall",158,0.968177459264386,0.864466941936292,4.23566148128884e-05,0
"3236",3236,1632000,2014-11-15,9.01,0.97828447339848,0.998466237779122,11,"Fall",158,0.968177459264386,0.864466941936292,4.21885637251762e-05,0
"3237",3237,1632000,2014-11-16,9.09,1.00887902330744,1.03127367421326,11,"Fall",158,0.968177459264386,0.864466941936292,0.0177583217587198,0.000517734384629875
"3238",3238,1632000,2014-11-17,10.1,1.11111111111111,1.10133235545777,11,"Fall",158,0.968177459264386,0.864466941936292,0.070555003674258,0
"3239",3239,1632000,2014-11-18,9.85,0.975247524752475,0.877722772277228,11,"Fall",158,0.968177459264386,0.864466941936292,0.000164063059401087,0
"3240",3240,1632000,2014-11-19,9.56,0.970558375634518,0.995191836945039,11,"Fall",158,0.968177459264386,0.864466941936292,0.000162465188623173,0
"3241",3241,1632000,2014-11-20,9.43,0.986401673640167,1.0163239001418,11,"Fall",158,0.968177459264386,0.864466941936292,0.000160893088832381,0
"3242",3242,1632000,2014-11-21,9.18,0.973488865323436,0.986909178419093,11,"Fall",158,0.968177459264386,0.864466941936292,0.00015938137039484,0
"3243",3243,1632000,2014-11-22,8.89,0.968409586056645,0.99478239613444,11,"Fall",158,0.968177459264386,0.864466941936292,0.000157883472184039,0
"3244",3244,1632000,2014-12-09,319,0.69047619047619,0.977427334570192,12,"Winter",159,0.945339531594148,0.584881809411849,0.0235476430098061,0
"3245",3245,1632000,2014-12-10,251,0.786833855799373,1.13955248081289,12,"Winter",159,0.945339531594148,0.584881809411849,0.0560908610932529,0
"3246",3246,1632000,2014-12-11,199,0.792828685258964,1.0076189266837,12,"Winter",159,0.945339531594148,0.584881809411849,0.0134371534222737,0
"3247",3247,1632000,2014-12-12,163,0.819095477386935,1.03313047650312,12,"Winter",159,0.945339531594148,0.584881809411849,0.014882890987792,0
"3248",3248,1632000,2014-12-13,135,0.828220858895706,1.01114080319169,12,"Winter",159,0.945339531594148,0.584881809411849,0.0297226521215634,0
"3249",3249,1632000,2014-12-14,113,0.837037037037037,1.01064471879287,12,"Winter",159,0.945339531594148,0.584881809411849,0.0259661594318459,0
"3250",3250,1632000,2014-12-15,96.4,0.853097345132743,1.01918709374266,12,"Winter",159,0.945339531594148,0.584881809411849,0.00513254094403237,0
"3251",3251,1632000,2014-12-16,84.8,0.879668049792531,1.03114615795183,12,"Winter",159,0.945339531594148,0.584881809411849,0.0290826481505064,0
"3252",3252,1632000,2014-12-17,76.3,0.899764150943396,1.02284509611962,12,"Winter",159,0.945339531594148,0.584881809411849,0.00462481421709526,0
"3253",3253,1632000,2014-12-18,67.2,0.880733944954128,0.978849784169202,12,"Winter",159,0.945339531594148,0.584881809411849,0.00433753064135089,0
"3254",3254,1632000,2014-12-19,60.1,0.894345238095238,1.0154544890873,12,"Winter",159,0.945339531594148,0.584881809411849,0.00407891809300054,0
"3255",3255,1632000,2014-12-20,54.7,0.910149750415973,1.01767160113067,12,"Winter",159,0.945339531594148,0.584881809411849,0.00384540448430926,0
"3256",3256,1632000,2014-12-21,49.8,0.910420475319927,1.00029745094566,12,"Winter",159,0.945339531594148,0.584881809411849,0.00363294714770746,0
"3257",3257,1632000,2014-12-22,46.8,0.939759036144578,1.03222528668892,12,"Winter",159,0.945339531594148,0.584881809411849,0.00343936753051821,0
"3258",3258,1632000,2014-12-23,45,0.961538461538462,1.02317554240631,12,"Winter",159,0.945339531594148,0.584881809411849,0.0293994777166517,0
"3259",3259,1632000,2014-12-24,53.7,1.19333333333333,1.24106666666667,12,"Winter",159,0.945339531594148,0.584881809411849,0.119010120077292,0
"3260",3260,1632000,2014-12-25,66,1.22905027932961,1.02993040167286,12,"Winter",159,0.945339531594148,0.584881809411849,0.0331599594501313,0
"3261",3261,1632000,2014-12-26,65.1,0.986363636363636,0.80254132231405,12,"Winter",159,0.945339531594148,0.584881809411849,0.00728259515017271,0
"3262",3262,1632000,2014-12-27,63.5,0.97542242703533,0.988907529713238,12,"Winter",159,0.945339531594148,0.584881809411849,0.00669369593379088,0
"3263",3263,1632000,2014-12-28,64.7,1.01889763779528,1.0445706491413,12,"Winter",159,0.945339531594148,0.584881809411849,0.00608424308302347,0.00023768687788106
"3264",3264,1632000,2014-12-29,66.2,1.02318392581144,1.00420678962946,12,"Winter",159,0.945339531594148,0.584881809411849,0.00550185752217658,0
"3265",3265,1632000,2014-12-30,63.8,0.963746223564955,0.941909073484178,12,"Winter",159,0.945339531594148,0.584881809411849,0.00512891166727059,0
"3266",3266,1632000,2014-12-31,59.8,0.93730407523511,0.972563162704769,12,"Winter",159,0.945339531594148,0.584881809411849,0.00479642541904468,0
"3267",3267,1632000,2015-01-01,55.9,0.934782608695652,0.997309873491348,1,"Winter",159,0.945339531594148,0.584881809411849,0.00449805163952988,0
"3268",3268,1632000,2015-01-02,53,0.948121645796064,1.01426966759579,1,"Winter",159,0.945339531594148,0.584881809411849,0.00415173805959057,0.000286075923213502
"3269",3269,1632000,2015-10-11,87.8,0.798181818181818,0.994099173553719,10,"Fall",160,0.906877329574663,0.952467640755938,0.00548510003136471,0.00132674301494262
"3270",3270,1632000,2015-10-12,72.1,0.821184510250569,1.02881886250071,10,"Fall",160,0.906877329574663,0.952467640755938,0.00401902695011813,0.00211054221290397
"3271",3271,1632000,2015-10-13,60.1,0.833564493758669,1.01507576355078,10,"Fall",160,0.906877329574663,0.952467640755938,0.0027836493900395,0.0024574724084232
"3272",3272,1632000,2015-10-14,50.6,0.841930116472546,1.01003596335558,10,"Fall",160,0.906877329574663,0.952467640755938,0.0019008214949281,0.00229713344924676
"3273",3273,1632000,2015-10-15,43.9,0.867588932806324,1.03047618303676,10,"Fall",160,0.906877329574663,0.952467640755938,0.00133944652043283,0.00207862473325804
"3274",3274,1632000,2015-10-16,39,0.888382687927107,1.0239672895014,10,"Fall",160,0.906877329574663,0.952467640755938,0.000955152954702498,0.00216090271715075
"3275",3275,1632000,2015-10-17,34.8,0.892307692307692,1.00441814595661,10,"Fall",160,0.906877329574663,0.952467640755938,0.000687723755618208,0.00176652854861459
"3276",3276,1632000,2015-10-18,30.9,0.887931034482759,0.995095124851368,10,"Fall",160,0.906877329574663,0.952467640755938,0.000519627519679489,0.00147075977656641
"3277",3277,1632000,2015-10-19,28.5,0.922330097087379,1.0387406918654,10,"Fall",160,0.906877329574663,0.952467640755938,0.000396318799175788,0.00161945313266187
"3278",3278,1632000,2015-10-20,26.8,0.940350877192982,1.01953831948292,10,"Fall",160,0.906877329574663,0.952467640755938,0.000274531209470297,0.00256241011084057
"3279",3279,1632000,2015-10-21,25.3,0.944029850746269,1.00391234127868,10,"Fall",160,0.906877329574663,0.952467640755938,0.000158341108090099,0.00318311450246256
"3280",3280,1632000,2015-10-22,23.7,0.936758893280632,0.992297958099642,10,"Fall",160,0.906877329574663,0.952467640755938,7.4547725262164e-05,0.00364837730376166
"3281",3281,1632000,2015-10-23,22.5,0.949367088607595,1.01345938150937,10,"Fall",160,0.906877329574663,0.952467640755938,2.78766384553819e-05,0.00342055151850218
"3282",3282,1632000,2015-10-24,21.1,0.937777777777778,0.987792592592593,10,"Fall",160,0.906877329574663,0.952467640755938,8.11053811133888e-06,0.0031758867080498
"3283",3283,1632000,2015-10-25,20,0.947867298578199,1.01075896767817,10,"Fall",160,0.906877329574663,0.952467640755938,1.58143043815784e-06,0.0032829347801453
"3284",3284,1632000,2015-10-26,18.8,0.94,0.9917,10,"Fall",160,0.906877329574663,0.952467640755938,5.05063337818967e-08,0.0023823511601222
"3285",3285,1632000,2016-01-04,247,0.815181518151815,1.00888801751462,1,"Winter",161,1.03730848972334,0.200190959645944,0.00810650928178802,0
"3286",3286,1632000,2016-01-05,196,0.793522267206478,0.973430149650052,1,"Winter",161,1.03730848972334,0.200190959645944,0.00744693764136173,0
"3287",3287,1632000,2016-01-06,161,0.821428571428571,1.03516763848396,1,"Winter",161,1.03730848972334,0.200190959645944,0.00683224096428603,7.5977346568834e-05
"3288",3288,1632000,2016-01-07,145,0.900621118012422,1.09640831758034,1,"Winter",161,1.03730848972334,0.200190959645944,0.00612248737888876,0.000298722963151477
"3289",3289,1632000,2016-01-08,133,0.917241379310345,1.01845422116528,1,"Winter",161,1.03730848972334,0.200190959645944,0.00528216194652487,0.000468137278403447
"3290",3290,1632000,2016-01-09,124,0.932330827067669,1.01645090169032,1,"Winter",161,1.03730848972334,0.200190959645944,0.00452666961064096,0.000471464151814872
"3291",3291,1632000,2016-01-10,500,4.03225806451613,4.32492195629553,1,"Winter",161,1.03730848972334,0.200190959645944,0.18266720790416,0
"3292",3292,1632000,2016-01-11,619,1.238,0.307024,1,"Winter",161,1.03730848972334,0.200190959645944,0.0250477710505948,0
"3293",3293,1632000,2016-01-12,492,0.794830371567044,0.64202776378598,1,"Winter",161,1.03730848972334,0.200190959645944,0.0215133044985123,0
"3294",3294,1632000,2016-01-13,381,0.774390243902439,0.974283660519532,1,"Winter",161,1.03730848972334,0.200190959645944,0.0184362324653193,0
"3295",3295,1632000,2016-01-14,303,0.795275590551181,1.02697005394011,1,"Winter",161,1.03730848972334,0.200190959645944,0.0160001581534743,0
"3296",3296,1632000,2016-01-15,259,0.854785478547855,1.07482926510473,1,"Winter",161,1.03730848972334,0.200190959645944,0.109816455224063,0
"3297",3297,1632000,2016-01-16,312,1.2046332046332,1.40928131661722,1,"Winter",161,1.03730848972334,0.200190959645944,0.0392753124469891,0
"3298",3298,1632000,2016-01-17,287,0.919871794871795,0.763611522024984,1,"Winter",161,1.03730848972334,0.200190959645944,0.0165062677115202,0
"3299",3299,1632000,2016-01-18,258,0.898954703832753,0.977260862703202,1,"Winter",161,1.03730848972334,0.200190959645944,0.0144645845866762,0
"3300",3300,1632000,2016-04-05,86.9,0.923485653560043,1.01082914257901,4,"Spring",162,0.953932001012009,0.98985120544983,0,0.00013270988711156
"3301",3301,1632000,2016-04-06,78.9,0.907940161104718,0.983166503566789,4,"Spring",162,0.953932001012009,0.98985120544983,0,0.00208502980603953
"3302",3302,1632000,2016-04-07,78.8,0.998732572877059,1.09999823299134,4,"Spring",162,0.953932001012009,0.98985120544983,0.0508825676515699,0
"3303",3303,1632000,2016-04-08,80.5,1.02157360406091,1.02287001726404,4,"Spring",162,0.953932001012009,0.98985120544983,0,0
"3304",3304,1632000,2016-04-09,76,0.944099378881988,0.924161876470815,4,"Spring",162,0.953932001012009,0.98985120544983,0,0
"3305",3305,1632000,2016-04-10,70.8,0.931578947368421,0.986738227146814,4,"Spring",162,0.953932001012009,0.98985120544983,0,0
"3306",3306,1632000,2016-04-11,65,0.918079096045198,0.985508634172811,4,"Spring",162,0.953932001012009,0.98985120544983,0,0.000466739875264467
"3307",3307,1632000,2016-04-12,61.1,0.94,1.02387692307692,4,"Spring",162,0.953932001012009,0.98985120544983,0,0.00315971793315839
"3308",3308,1632000,2016-04-13,57.9,0.947626841243862,1.00811366089773,4,"Spring",162,0.953932001012009,0.98985120544983,0,0.00250128777406644
"3309",3309,1632000,2016-04-14,55,0.949913644214162,1.00241318931754,4,"Spring",162,0.953932001012009,0.98985120544983,0,0.00285394241745962
"3310",3310,1632000,2016-04-15,52.2,0.949090909090909,0.999133884297521,4,"Spring",162,0.953932001012009,0.98985120544983,0,0.00310021033692465
"3311",3311,1632000,2016-04-16,49.5,0.948275862068965,0.999141233980711,4,"Spring",162,0.953932001012009,0.98985120544983,0,0.0037846117393201
"3312",3312,1632000,2016-04-17,47.8,0.965656565656566,1.01832874196511,4,"Spring",162,0.953932001012009,0.98985120544983,0,0.00484558315656614
"3313",3313,1632000,2016-04-18,45.3,0.947698744769874,0.98140351184328,4,"Spring",162,0.953932001012009,0.98985120544983,0,0.00617603329010308
"3314",3314,1632000,2016-04-19,44,0.971302428256071,1.02490631502517,4,"Spring",162,0.953932001012009,0.98985120544983,0,0.00612132467358606
"3315",3315,1632000,2016-04-20,42.7,0.970454545454546,0.999127066115703,4,"Spring",162,0.953932001012009,0.98985120544983,0,0.00484740346655599
"3316",3316,1632000,2016-04-21,41.5,0.971896955503513,1.00148632417224,4,"Spring",162,0.953932001012009,0.98985120544983,0,0.00570014435652411
"3317",3317,1632000,2016-08-23,30.8,0.830188679245283,0.973401820678432,8,"Summer",163,0.893167668486193,0.989098961316608,0,0.00880870748369489
"3318",3318,1632000,2016-08-24,26.1,0.847402597402597,1.02073494687131,8,"Summer",163,0.893167668486193,0.989098961316608,0,0.00958461532718502
"3319",3319,1632000,2016-08-25,22.6,0.865900383141762,1.02182880462706,8,"Summer",163,0.893167668486193,0.989098961316608,0,0.010932061704807
"3320",3320,1632000,2016-08-26,20,0.884955752212389,1.0220064218028,8,"Summer",163,0.893167668486193,0.989098961316608,0,0.0132091946798027
"3321",3321,1632000,2016-08-27,17.2,0.86,0.9718,8,"Summer",163,0.893167668486193,0.989098961316608,0,0.0126610394145246
"3322",3322,1632000,2016-08-28,15,0.872093023255814,1.01406165494862,8,"Summer",163,0.893167668486193,0.989098961316608,0,0.0124875515903113
"3323",3323,1632000,2016-08-29,13.1,0.873333333333333,1.00142222222222,8,"Summer",163,0.893167668486193,0.989098961316608,0,0.0129073152929777
"3324",3324,1632000,2016-08-30,11.6,0.885496183206107,1.01392692733524,8,"Summer",163,0.893167668486193,0.989098961316608,0,0.0127193168555095
"3325",3325,1632000,2016-08-31,10.3,0.887931034482759,1.00274970273484,8,"Summer",163,0.893167668486193,0.989098961316608,0,0.0140823466426809
"3326",3326,1632000,2016-09-01,9.34,0.906796116504854,1.02124611179187,9,"Fall",163,0.893167668486193,0.989098961316608,0,0.0111158599102055
"3327",3327,1632000,2016-09-02,8.58,0.918629550321199,1.0130497182343,9,"Fall",163,0.893167668486193,0.989098961316608,0,0.000951579593674978
"3328",3328,1632000,2016-09-03,7.58,0.883449883449883,0.961704185480409,9,"Fall",163,0.893167668486193,0.989098961316608,0,0
"3329",3329,1632000,2016-09-04,6.97,0.919525065963061,1.04083444141993,9,"Fall",163,0.893167668486193,0.989098961316608,0,0
"3330",3330,1632000,2016-09-05,6.37,0.913916786226686,0.993900895207788,9,"Fall",163,0.893167668486193,0.989098961316608,0,0
"3331",3331,1632000,2016-09-06,5.81,0.912087912087912,0.997998861421153,9,"Fall",163,0.893167668486193,0.989098961316608,0,0
"3332",3332,1632000,2016-09-07,5.31,0.91394148020654,1.00203222528669,9,"Fall",163,0.893167668486193,0.989098961316608,0.0247240275784861,0
"3333",3333,1632000,2016-09-08,4.98,0.937853107344633,1.02616319278198,9,"Fall",163,0.893167668486193,0.989098961316608,0.000815311563201249,0
"3334",3334,1632000,2016-10-14,48.4,0.8,1.02082644628099,10,"Fall",164,0.927236095040183,0.945211361582037,0.00269269423733931,0.00182125675928546
"3335",3335,1632000,2016-10-15,40.5,0.836776859504132,1.04597107438017,10,"Fall",164,0.927236095040183,0.945211361582037,0.00199298108782386,0.00226099163774052
"3336",3336,1632000,2016-10-16,34.7,0.85679012345679,1.02391708581009,10,"Fall",164,0.927236095040183,0.945211361582037,0.00137716608878691,0.003062663556193
"3337",3337,1632000,2016-10-17,30.5,0.878962536023055,1.0258784642344,10,"Fall",164,0.927236095040183,0.945211361582037,0.000857000597534352,0.00369157499517314
"3338",3338,1632000,2016-10-18,27,0.885245901639344,1.00714861596345,10,"Fall",164,0.927236095040183,0.945211361582037,0.000486652473227878,0.00411113681184361
"3339",3339,1632000,2016-10-19,24.3,0.9,1.01666666666667,10,"Fall",164,0.927236095040183,0.945211361582037,0.000240587356529431,0.00483430362510262
"3340",3340,1632000,2016-10-20,22,0.905349794238683,1.00594421582076,10,"Fall",164,0.927236095040183,0.945211361582037,9.76945002548746e-05,0.00487559953762684
"3341",3341,1632000,2016-10-21,20.4,0.927272727272727,1.02421487603306,10,"Fall",164,0.927236095040183,0.945211361582037,4.5139355165702e-05,0.000627932364295702
"3342",3342,1632000,2016-10-22,19.2,0.941176470588235,1.01499423298731,10,"Fall",164,0.927236095040183,0.945211361582037,4.20705405304034e-05,0
"3343",3343,1632000,2016-10-23,17.9,0.932291666666667,0.990559895833333,10,"Fall",164,0.927236095040183,0.945211361582037,4.14900576970467e-05,0.000148089402500772
"3344",3344,1632000,2016-10-24,16.8,0.93854748603352,1.00671015261696,10,"Fall",164,0.927236095040183,0.945211361582037,2.86610439843571e-05,0.00311262358445674
"3345",3345,1632000,2016-10-25,15.9,0.946428571428571,1.00839710884354,10,"Fall",164,0.927236095040183,0.945211361582037,1.19226462516053e-05,0.00227646232087864
"3346",3346,1632000,2016-10-26,15,0.943396226415094,0.996796012815949,10,"Fall",164,0.927236095040183,0.945211361582037,4.85110081172025e-06,0.00217463703120302
"3347",3347,1632000,2016-10-27,14.3,0.953333333333333,1.01053333333333,10,"Fall",164,0.927236095040183,0.945211361582037,1.2661072572584e-06,0.00302695934624353
"3348",3348,1632000,2016-10-28,13.9,0.972027972027972,1.0196097608685,10,"Fall",164,0.927236095040183,0.945211361582037,8.7653545532973e-08,0.00291588792242692
"3349",3349,1632000,2016-10-29,13,0.935251798561151,0.962165519383055,10,"Fall",164,0.927236095040183,0.945211361582037,0,0.003792502804572
"3350",3350,1632000,2016-10-30,12.3,0.946153846153846,1.01165680473373,10,"Fall",164,0.927236095040183,0.945211361582037,0.00202523978987301,0.00479773647384718
"3351",3351,1632000,2016-10-31,11.9,0.967479674796748,1.02253949368762,10,"Fall",164,0.927236095040183,0.945211361582037,0.000619025842752308,0
"3352",3352,1632000,2016-12-13,27.5,0.958188153310105,0.988235865434812,12,"Winter",165,0.965143952976527,0.983891003367228,9.57930874392332e-05,0
"3353",3353,1632000,2016-12-14,26.4,0.96,1.00189090909091,12,"Winter",165,0.965143952976527,0.983891003367228,9.5290020453831e-05,0
"3354",3354,1632000,2016-12-15,25.2,0.954545454545455,0.994318181818182,12,"Winter",165,0.965143952976527,0.983891003367228,9.47534949773399e-05,0
"3355",3355,1632000,2016-12-16,22.9,0.908730158730159,0.952003023431595,12,"Winter",165,0.965143952976527,0.983891003367228,9.42182214203058e-05,0
"3356",3356,1632000,2016-12-17,23.2,1.01310043668122,1.11485288228676,12,"Winter",165,0.965143952976527,0.983891003367228,9.2469519813676e-05,0
"3357",3357,1632000,2016-12-18,23.1,0.995689655172414,0.982814357907253,12,"Winter",165,0.965143952976527,0.983891003367228,0.0280363731212674,0
"3358",3358,1632000,2016-12-19,21.9,0.948051948051948,0.952156069039186,12,"Winter",165,0.965143952976527,0.983891003367228,0.000145376159707666,0
"3359",3359,1632000,2016-12-20,20.5,0.936073059360731,0.98736473384625,12,"Winter",165,0.965143952976527,0.983891003367228,0.000144285352234874,0
"3360",3360,1632000,2016-12-21,19.6,0.95609756097561,1.02139202855443,12,"Winter",165,0.965143952976527,0.983891003367228,0.000143250132623507,0
"3361",3361,1632000,2016-12-22,18.8,0.959183673469388,1.00322782174094,12,"Winter",165,0.965143952976527,0.983891003367228,0.000142202911320055,0
"3362",3362,1632000,2016-12-23,18,0.957446808510638,0.99818922589407,12,"Winter",165,0.965143952976527,0.983891003367228,0.000141151403568074,0
"3363",3363,1632000,2016-12-24,18.1,1.00555555555556,1.05024691358025,12,"Winter",165,0.965143952976527,0.983891003367228,0.0621961630945407,0
"3364",3364,1632000,2016-12-25,17.5,0.966850828729282,0.961509111443485,12,"Winter",165,0.965143952976527,0.983891003367228,0.000206065382371889,0
"3365",3365,1632000,2016-12-26,16.8,0.96,0.992914285714286,12,"Winter",165,0.965143952976527,0.983891003367228,0.000204201276574167,0
"3366",3366,1632000,2016-12-27,16.1,0.958333333333333,0.998263888888889,12,"Winter",165,0.965143952976527,0.983891003367228,0.000202413657461875,0
"3367",3367,1632000,2016-12-28,15.5,0.962732919254658,1.00459087226573,12,"Winter",165,0.965143952976527,0.983891003367228,0.000197299137653317,0.000238113552768482
"3368",3368,1632000,2016-12-29,15.7,1.01290322580645,1.05211238293444,12,"Winter",165,0.965143952976527,0.983891003367228,0.0206592422646281,0
"3369",3369,1632000,2016-12-30,15.3,0.974522292993631,0.962107996267597,12,"Winter",165,0.965143952976527,0.983891003367228,0.00019233049624745,0
"3370",3370,1632000,2016-12-31,14.7,0.96078431372549,0.985902857875176,12,"Winter",165,0.965143952976527,0.983891003367228,0.000190725899301469,0
"3371",3371,1632000,2017-01-01,14.2,0.965986394557823,1.00541441066222,1,"Winter",165,0.965143952976527,0.983891003367228,0.000189086674254213,0
"3372",3372,1632000,2017-01-31,122,0.824324324324324,0.996986851716581,1,"Winter",166,0.967208204163769,0.842262307221004,0.00964720261981711,0.000126243226986844
"3373",3373,1632000,2017-02-01,101,0.827868852459016,1.00429991937651,2,"Winter",166,0.967208204163769,0.842262307221004,0.00855993427103385,5.24870174558601e-05
"3374",3374,1632000,2017-02-02,87.2,0.863366336633663,1.04287814920106,2,"Winter",166,0.967208204163769,0.842262307221004,0.00781171434209682,0.000103990243360386
"3375",3375,1632000,2017-02-03,75.5,0.865825688073394,1.00284856072721,2,"Winter",166,0.967208204163769,0.842262307221004,0.00706871462170966,0
"3376",3376,1632000,2017-02-04,65.4,0.866225165562914,1.00046138327266,2,"Winter",166,0.967208204163769,0.842262307221004,0.00651407783152536,1.24491862152354e-05
"3377",3377,1632000,2017-02-05,58.8,0.899082568807339,1.03793171169655,2,"Winter",166,0.967208204163769,0.842262307221004,0.00582870311336592,0.000463133572338847
"3378",3378,1632000,2017-02-06,53.8,0.914965986394558,1.01766625017354,2,"Winter",166,0.967208204163769,0.842262307221004,0.00487181197968312,0.000749456015910254
"3379",3379,1632000,2017-02-07,49.6,0.921933085501859,1.00761459902434,2,"Winter",166,0.967208204163769,0.842262307221004,0.00382795477344189,0.00134798676663195
"3380",3380,1632000,2017-02-08,46.4,0.935483870967742,1.01469823100937,2,"Winter",166,0.967208204163769,0.842262307221004,0.00281518417614279,0.0014131807074591
"3381",3381,1632000,2017-02-09,51,1.09913793103448,1.1749405469679,2,"Winter",166,0.967208204163769,0.842262307221004,0.0811830726888729,0
"3382",3382,1632000,2017-02-10,48.6,0.952941176470588,0.866989619377163,2,"Winter",166,0.967208204163769,0.842262307221004,0.00372280392912216,0
"3383",3383,1632000,2017-02-11,45,0.925925925925926,0.971650663008688,2,"Winter",166,0.967208204163769,0.842262307221004,0.00352952223329339,0
"3384",3384,1632000,2017-02-12,42.8,0.951111111111111,1.0272,2,"Winter",166,0.967208204163769,0.842262307221004,0.0512565975950565,0
"3385",3385,1632000,2017-02-13,41.1,0.960280373831776,1.00964057996332,2,"Winter",166,0.967208204163769,0.842262307221004,0.00373597543512005,0
"3386",3386,1632000,2017-02-14,40.2,0.978102189781022,1.01855897135347,2,"Winter",166,0.967208204163769,0.842262307221004,0.00355394544021692,0
"3387",3387,1632000,2017-02-15,40.2,1,1.02238805970149,2,"Winter",166,0.967208204163769,0.842262307221004,0.0034598464408191,0
"3388",3388,1632000,2017-02-16,39.4,0.980099502487562,0.980099502487562,2,"Winter",166,0.967208204163769,0.842262307221004,0.00329184503061697,0
"3389",3389,1632000,2017-02-17,37.9,0.961928934010152,0.981460485969749,2,"Winter",166,0.967208204163769,0.842262307221004,0.00303787633311003,0.000475852062663762
"3390",3390,1632000,2017-02-18,36.5,0.963060686015831,1.00117654430142,2,"Winter",166,0.967208204163769,0.842262307221004,0.00248518356966088,0.00124994942598278
"3391",3391,1632000,2017-02-19,35.1,0.961643835616438,0.998528804653781,2,"Winter",166,0.967208204163769,0.842262307221004,0.00195439517119667,0.000902780262549642
"3392",3392,1632000,2017-02-20,33.8,0.962962962962963,1.00137174211248,2,"Winter",166,0.967208204163769,0.842262307221004,0.00152116547542391,0.00129410348381498
"3393",3393,1632000,2017-02-21,32,0.946745562130178,0.983158852981338,2,"Winter",166,0.967208204163769,0.842262307221004,0.00115014666880597,0.0012125021621614
"3394",3394,1632000,2017-02-22,30.8,0.9625,1.016640625,2,"Winter",166,0.967208204163769,0.842262307221004,0.000860011690747342,0.00146900812615058
"3395",3395,1632000,2017-02-23,30,0.974025974025974,1.01197503794906,2,"Winter",166,0.967208204163769,0.842262307221004,0.000583556060519186,0.00197381176258205
"3396",3396,1632000,2017-02-24,29.4,0.98,1.00613333333333,2,"Winter",166,0.967208204163769,0.842262307221004,0.000338938353706908,0.00272108654229441
"3397",3397,1632000,2017-02-25,28.8,0.979591836734694,0.999583506872137,2,"Winter",166,0.967208204163769,0.842262307221004,0.000187767101579084,0.00134722626512485
"3398",3398,1632000,2017-02-26,27.6,0.958333333333333,0.978298611111111,2,"Winter",166,0.967208204163769,0.842262307221004,0.000137579479542183,0.000549475287698442
"3399",3399,1632000,2017-02-27,26.7,0.967391304347826,1.00945179584121,2,"Winter",166,0.967208204163769,0.842262307221004,0.000100816795111314,0.00157149491285935
"3400",3400,1632000,2017-02-28,26.4,0.98876404494382,1.02209317005429,2,"Winter",166,0.967208204163769,0.842262307221004,0.0647369216943615,0.00223689871472743
"3401",3401,1632000,2017-03-01,27.8,1.0530303030303,1.06499655647383,3,"Spring",166,0.967208204163769,0.842262307221004,0.015692446331741,0
"3402",3402,1632000,2017-03-02,27,0.971223021582734,0.922312509704466,3,"Spring",166,0.967208204163769,0.842262307221004,8.00797913598217e-05,0
"3403",3403,1632000,2017-03-03,25.6,0.948148148148148,0.976241426611797,3,"Spring",166,0.967208204163769,0.842262307221004,7.97520087871817e-05,0
"3404",3404,1632000,2017-03-04,24.6,0.9609375,1.01348876953125,3,"Spring",166,0.967208204163769,0.842262307221004,7.94560530721355e-05,0
"3405",3405,1632000,2017-03-05,23.7,0.963414634146341,1.00257783065636,3,"Spring",166,0.967208204163769,0.842262307221004,7.91472568835161e-05,0
"3406",3406,1632000,2017-03-06,23.1,0.974683544303798,1.01169684345457,3,"Spring",166,0.967208204163769,0.842262307221004,7.31408342744544e-05,0.000674904258630704
"3407",3407,1632000,2017-03-07,23.6,1.02164502164502,1.04818125597346,3,"Spring",166,0.967208204163769,0.842262307221004,0.0381396207711759,0.00194412755809026
"3408",3408,1632000,2017-03-08,25.4,1.07627118644068,1.05346883079575,3,"Spring",166,0.967208204163769,0.842262307221004,0.00259419631606761,0
"3409",3409,1632000,2017-03-09,25.2,0.992125984251969,0.921817843635687,3,"Spring",166,0.967208204163769,0.842262307221004,3.98388071971567e-05,0.000718367566150846
"3410",3410,1632000,2017-03-10,24.9,0.988095238095238,0.995937263794407,3,"Spring",166,0.967208204163769,0.842262307221004,3.19304436970924e-05,0
"3411",3411,1632000,2017-03-11,24.9,1,1.01204819277108,3,"Spring",166,0.967208204163769,0.842262307221004,3.18713773594937e-05,0
"3412",3412,1632000,2017-03-12,24.7,0.991967871485944,0.991967871485944,3,"Spring",166,0.967208204163769,0.842262307221004,3.18006839279406e-05,0
"3413",3413,1632000,2017-03-13,24.3,0.983805668016194,0.991771705813896,3,"Spring",166,0.967208204163769,0.842262307221004,3.17302517487405e-05,0
"3414",3414,1632000,2017-11-14,29.9,0.964516129032258,0.992518210197711,11,"Fall",167,0.964690637536421,0.929884343070338,6.16349921074288e-05,0.000390749893995235
"3415",3415,1632000,2017-11-15,28.2,0.94314381270903,0.977841411169898,11,"Fall",167,0.964690637536421,0.929884343070338,5.45696859717282e-05,0.00109983204674791
"3416",3416,1632000,2017-11-16,27.4,0.971631205673759,1.03020471807253,11,"Fall",167,0.964690637536421,0.929884343070338,4.58739500572847e-05,0.000981520639470545
"3417",3417,1632000,2017-11-17,25.5,0.930656934306569,0.957829399541798,11,"Fall",167,0.964690637536421,0.929884343070338,3.78144967498884e-05,0.00114165255217813
"3418",3418,1632000,2017-11-18,24.1,0.945098039215686,1.01551710880431,11,"Fall",167,0.964690637536421,0.929884343070338,2.98228495694275e-05,0.00138452211103868
"3419",3419,1632000,2017-11-19,23,0.954356846473029,1.00979666328059,11,"Fall",167,0.964690637536421,0.929884343070338,2.57228768987261e-05,0
"3420",3420,1632000,2017-11-20,21,0.91304347826087,0.956710775047259,11,"Fall",167,0.964690637536421,0.929884343070338,2.56334235473332e-05,0
"3421",3421,1632000,2017-11-21,20,0.952380952380952,1.04308390022676,11,"Fall",167,0.964690637536421,0.929884343070338,2.55444873573651e-05,0
"3422",3422,1632000,2017-11-22,18.7,0.935,0.98175,11,"Fall",167,0.964690637536421,0.929884343070338,2.36433498344013e-05,0.000962995007284916
"3423",3423,1632000,2017-11-23,17.5,0.935828877005348,1.00088649947096,11,"Fall",167,0.964690637536421,0.929884343070338,1.99617489329285e-05,0.000578188544750447
"3424",3424,1632000,2017-11-24,16.5,0.942857142857143,1.00751020408163,11,"Fall",167,0.964690637536421,0.929884343070338,1.66319463232867e-05,0.0011589917812671
"3425",3425,1632000,2017-11-25,15.8,0.957575757575758,1.01561065197429,11,"Fall",167,0.964690637536421,0.929884343070338,1.2162903232138e-05,0.00163975064788247
"3426",3426,1632000,2017-11-26,14.8,0.936708860759494,0.978208620413395,11,"Fall",167,0.964690637536421,0.929884343070338,8.38918293766255e-06,0.00127348743262701
"3427",3427,1632000,2017-11-27,14,0.945945945945946,1.00986121256392,11,"Fall",167,0.964690637536421,0.929884343070338,5.77498376230778e-06,0.00143781028600643
"3428",3428,1632000,2017-11-28,13.3,0.95,1.00428571428571,11,"Fall",167,0.964690637536421,0.929884343070338,3.58958072865789e-06,0.00166754737438168
"3429",3429,1632000,2017-11-29,12.7,0.954887218045113,1.00514444004749,11,"Fall",167,0.964690637536421,0.929884343070338,1.938789477407e-06,0.00173611976788379
"3430",3430,1632000,2017-11-30,12.2,0.960629921259842,1.00601401202802,11,"Fall",167,0.964690637536421,0.929884343070338,9.07404739791673e-07,0.00165977689175634
"3431",3431,1632000,2017-12-01,11.7,0.959016393442623,0.99832034399355,12,"Winter",167,0.964690637536421,0.929884343070338,3.56453096816978e-07,0.00157500999193871
"3432",3432,1632000,2017-12-02,11.3,0.965811965811966,1.00708598144496,12,"Winter",167,0.964690637536421,0.929884343070338,1.10944161857418e-07,0.00126624586482649
"3433",3433,1632000,2017-12-03,10.8,0.955752212389381,0.989584149111128,12,"Winter",167,0.964690637536421,0.929884343070338,2.04813359605538e-08,0.00171963538014097
"3434",3434,1632000,2017-12-04,10.4,0.962962962962963,1.00754458161866,12,"Winter",167,0.964690637536421,0.929884343070338,0,0.00159166786215792
"3435",3435,1632000,2017-12-05,10.3,0.990384615384615,1.02847633136095,12,"Winter",167,0.964690637536421,0.929884343070338,0,0.00168677424153429
"3436",3436,1632000,2017-12-06,10,0.970873786407767,0.980299745499104,12,"Winter",167,0.964690637536421,0.929884343070338,0,0
"3437",3437,1632000,2017-12-07,9.66,0.966,0.99498,12,"Winter",167,0.964690637536421,0.929884343070338,0,0
"3438",3438,1632000,2017-12-08,9.37,0.969979296066252,1.00411935410585,12,"Winter",167,0.964690637536421,0.929884343070338,0,0
"3439",3439,1632000,2017-12-09,9.46,1.00960512273212,1.04085223965766,12,"Winter",167,0.964690637536421,0.929884343070338,0,0
"3440",3440,1632000,2017-12-10,9.23,0.97568710359408,0.966404668147625,12,"Winter",167,0.964690637536421,0.929884343070338,0,0
"3441",3441,1632000,2017-12-11,8.97,0.971830985915493,0.996047792715121,12,"Winter",167,0.964690637536421,0.929884343070338,0,0
"3442",3442,1632000,2017-12-12,8.71,0.971014492753623,0.99915984036967,12,"Winter",167,0.964690637536421,0.929884343070338,0,0
"3443",3443,1632000,2017-12-13,8.52,0.978185993111366,1.00738557499529,12,"Winter",167,0.964690637536421,0.929884343070338,0,0
"3444",3444,1632000,2017-12-14,8.51,0.998826291079812,1.02110058630342,12,"Winter",167,0.964690637536421,0.929884343070338,0,0
"3445",3445,1632000,2017-12-15,8.46,0.994124559341951,0.995292743312975,12,"Winter",167,0.964690637536421,0.929884343070338,0,0
"3446",3446,1632000,2017-12-16,8.18,0.966903073286052,0.972617630456773,12,"Winter",167,0.964690637536421,0.929884343070338,0,0
"3447",3447,1632000,2017-12-17,7.95,0.971882640586797,1.0051500170372,12,"Winter",167,0.964690637536421,0.929884343070338,0,0
"3448",3448,1632000,2017-12-18,7.96,1.00125786163522,1.03022507021083,12,"Winter",167,0.964690637536421,0.929884343070338,0,0
"3449",3449,1632000,2017-12-19,7.83,0.983668341708543,0.982432577460165,12,"Winter",167,0.964690637536421,0.929884343070338,0,0
"3450",3450,1632000,2017-12-20,7.69,0.982120051085568,0.998426003402442,12,"Winter",167,0.964690637536421,0.929884343070338,0,0.000569332889426732
"3451",3451,1632000,2017-12-21,7.49,0.973992197659298,0.991724175249974,12,"Winter",167,0.964690637536421,0.929884343070338,0,0.000697447772836313
"3452",3452,1632000,2018-03-03,167,0.787735849056604,0.973522605909576,3,"Spring",168,0.910021672863452,0.966268137375327,0.00293094492371893,0
"3453",3453,1632000,2018-03-04,136,0.81437125748503,1.03381261429237,3,"Spring",168,0.910021672863452,0.966268137375327,0.00279045926436084,0
"3454",3454,1632000,2018-03-05,113,0.830882352941177,1.02027465397924,3,"Spring",168,0.910021672863452,0.966268137375327,0.00263689432176761,0.000191653705769568
"3455",3455,1632000,2018-03-06,99.4,0.879646017699115,1.05868901245203,3,"Spring",168,0.910021672863452,0.966268137375327,0.00241365629335633,0.000363255453748934
"3456",3456,1632000,2018-03-07,89.7,0.902414486921529,1.02588367225486,3,"Spring",168,0.910021672863452,0.966268137375327,0.00211385107104434,0.0009103167574267
"3457",3457,1632000,2018-03-08,80.3,0.89520624303233,0.992012269313418,3,"Spring",168,0.910021672863452,0.966268137375327,0.00186211731488584,0
"3458",3458,1632000,2018-03-09,72.1,0.897882938978829,1.00299003270736,3,"Spring",168,0.910021672863452,0.966268137375327,0.00178048560337629,0.000162247561092954
"3459",3459,1632000,2018-03-10,64.5,0.894590846047157,0.996333494279982,3,"Spring",168,0.910021672863452,0.966268137375327,0.00161202013259754,0.000772819861595053
"3460",3460,1632000,2018-03-11,58.1,0.90077519379845,1.00691304609098,3,"Spring",168,0.910021672863452,0.966268137375327,0.00135219754520222,0.000985799660156771
"3461",3461,1632000,2018-03-12,53.4,0.919104991394148,1.02034891471467,3,"Spring",168,0.910021672863452,0.966268137375327,0.0011750802223105,0.000182607147507951
"3462",3462,1632000,2018-03-13,49.6,0.928838951310861,1.0105906942165,3,"Spring",168,0.910021672863452,0.966268137375327,0.00112714293936733,0
"3463",3463,1632000,2018-03-14,45.8,0.923387096774194,0.994130463059313,3,"Spring",168,0.910021672863452,0.966268137375327,0.00109802203223808,0
"3464",3464,1632000,2018-03-15,42.2,0.921397379912664,0.997845197460003,3,"Spring",168,0.910021672863452,0.966268137375327,0.00107013410888612,0
"3465",3465,1632000,2018-03-16,39.4,0.933649289099526,1.01329709575257,3,"Spring",168,0.910021672863452,0.966268137375327,0.00104340728285024,0
"3466",3466,1632000,2018-03-17,37.3,0.946700507614213,1.01397871627715,3,"Spring",168,0.910021672863452,0.966268137375327,0.000988955478533171,0.000499884436067078
"3467",3467,1632000,2018-03-18,35.5,0.951742627345845,1.0053259924243,3,"Spring",168,0.910021672863452,0.966268137375327,0.000819578881419147,0.00152062107190432
"3468",3468,1632000,2018-03-19,33.7,0.949295774647887,0.997429081531442,3,"Spring",168,0.910021672863452,0.966268137375327,0.000594402026763419,0.00188821665506111
"3469",3469,1632000,2018-11-29,445,0.772569444444444,1.01936246141975,11,"Fall",169,0.886179615651265,0.958826243399952,0.0184132521389984,0
"3470",3470,1632000,2018-11-30,367,0.824719101123595,1.06750157808358,11,"Fall",169,0.886179615651265,0.958826243399952,0.0162335695931688,0
"3471",3471,1632000,2018-12-01,306,0.833787465940054,1.01099570120797,12,"Winter",169,0.886179615651265,0.958826243399952,0.0537206568405963,0
"3472",3472,1632000,2018-12-02,273,0.892156862745098,1.0700051262335,12,"Winter",169,0.886179615651265,0.958826243399952,0.0285402851295657,0
"3473",3473,1632000,2018-12-03,236,0.864468864468865,0.968965100833233,12,"Winter",169,0.886179615651265,0.958826243399952,0.012285347096622,0
"3474",3474,1632000,2018-12-04,196,0.830508474576271,0.960715311692042,12,"Winter",169,0.886179615651265,0.958826243399952,0.0111616696813144,0
"3475",3475,1632000,2018-12-05,166,0.846938775510204,1.01978342357351,12,"Winter",169,0.886179615651265,0.958826243399952,0.0101993993739597,0
"3476",3476,1632000,2018-12-06,145,0.873493975903614,1.03135433299463,12,"Winter",169,0.886179615651265,0.958826243399952,0.0093379658064805,0
"3477",3477,1632000,2018-12-07,127,0.875862068965517,1.00271105826397,12,"Winter",169,0.886179615651265,0.958826243399952,0.00862312558456324,0
"3478",3478,1632000,2018-12-08,111,0.874015748031496,0.997891995783992,12,"Winter",169,0.886179615651265,0.958826243399952,0.0080135002208408,0
"3479",3479,1632000,2018-12-09,102,0.918918918918919,1.05137570002435,12,"Winter",169,0.886179615651265,0.958826243399952,0.00745186390122399,0
"3480",3480,1632000,2018-12-10,98,0.96078431372549,1.04555940023068,12,"Winter",169,0.886179615651265,0.958826243399952,0.00695294231991284,0
"3481",3481,1632000,2018-12-11,91.2,0.930612244897959,0.9685964181591,12,"Winter",169,0.886179615651265,0.958826243399952,0.00650734643568285,0
"3482",3482,1632000,2018-12-12,86.3,0.946271929824561,1.01682729301323,12,"Winter",169,0.886179615651265,0.958826243399952,0.00610742086428217,0
"3483",3483,1632000,2018-12-13,81.1,0.939745075318656,0.99310255931705,12,"Winter",169,0.886179615651265,0.958826243399952,0.00574686795880552,0
"3484",3484,1632000,2019-03-14,449,0.816363636363636,1.0241652892562,3,"Spring",170,0.957559231419008,0.499579877489532,0.00799315312178805,0.000214782137277325
"3485",3485,1632000,2019-03-15,383,0.853006681514477,1.04488569005114,3,"Spring",170,0.957559231419008,0.499579877489532,0.00463656987994909,0.000580409300710017
"3486",3486,1632000,2019-03-16,325,0.848563968668407,0.994791702172624,3,"Spring",170,0.957559231419008,0.499579877489532,0.0027198573370697,0.000372283346905533
"3487",3487,1632000,2019-03-17,269,0.827692307692308,0.975403550295858,3,"Spring",170,0.957559231419008,0.499579877489532,0.00197807615040801,0.000365763612762748
"3488",3488,1632000,2019-03-18,226,0.840148698884758,1.01504954326225,3,"Spring",170,0.957559231419008,0.499579877489532,0.00141150548006408,0.000467937803705354
"3489",3489,1632000,2019-03-19,190,0.84070796460177,1.00066567468087,3,"Spring",170,0.957559231419008,0.499579877489532,0.00100729195037275,0.000403653637022217
"3490",3490,1632000,2019-03-20,162,0.852631578947368,1.01418282548476,3,"Spring",170,0.957559231419008,0.499579877489532,0.00068896719312761,0.000619441896105855
"3491",3491,1632000,2019-03-21,311,1.91975308641975,2.25156226185033,3,"Spring",170,0.957559231419008,0.499579877489532,0.183140113522313,0
"3492",3492,1632000,2019-03-22,566,1.81993569131833,0.948005086796042,3,"Spring",170,0.957559231419008,0.499579877489532,0.0617828636895865,0
"3493",3493,1632000,2019-03-23,486,0.858657243816254,0.471806365418472,3,"Spring",170,0.957559231419008,0.499579877489532,0.0165731913293712,0
"3494",3494,1632000,2019-03-24,416,0.8559670781893,0.99686700875544,3,"Spring",170,0.957559231419008,0.499579877489532,0.0148914766032249,0
"3495",3495,1632000,2019-03-25,381,0.915865384615385,1.06997734837278,3,"Spring",170,0.957559231419008,0.499579877489532,0.0129752412321977,0
"3496",3496,1632000,2019-03-26,335,0.879265091863517,0.960037475630507,3,"Spring",170,0.957559231419008,0.499579877489532,0.0103650236851536,1.90759212088665e-05
"3497",3497,1632000,2019-03-27,279,0.832835820895522,0.947195366451326,3,"Spring",170,0.957559231419008,0.499579877489532,0.00797766383038834,9.78180582933419e-05
"3498",3498,1632000,2019-03-28,239,0.85663082437276,1.02857106152285,3,"Spring",170,0.957559231419008,0.499579877489532,0.00577484293899033,0.000250336227054504
"3499",3499,1632000,2019-03-29,215,0.899581589958159,1.05013917823568,3,"Spring",170,0.957559231419008,0.499579877489532,0.003735231126484,0.00053751045561512
"3500",3500,1632000,2019-03-30,193,0.897674418604651,0.997879935100054,3,"Spring",170,0.957559231419008,0.499579877489532,0.00207786946702981,0.000855590310493425
"3501",3501,1632000,2019-03-31,173,0.896373056994819,0.998550296652259,3,"Spring",170,0.957559231419008,0.499579877489532,0.00108041237399448,0.00065394247394579
"3502",3502,1632000,2019-04-01,147,0.84971098265896,0.947943466203348,4,"Spring",170,0.957559231419008,0.499579877489532,0.000717802569852211,0.000307159201838658
"3503",3503,1632000,2019-04-02,125,0.850340136054422,1.00074043222731,4,"Spring",170,0.957559231419008,0.499579877489532,0.000505531550516025,0.000628690134362841
"3504",3504,1632000,2019-04-03,113,0.904,1.063104,4,"Spring",170,0.957559231419008,0.499579877489532,0.000273344058314251,0.000943124174227705
"3505",3505,1632000,2019-04-04,101,0.893805309734513,0.988722687759417,4,"Spring",170,0.957559231419008,0.499579877489532,0.000105233024441986,0.00116146942136197
"3506",3506,1632000,2019-08-28,10.3,0.944954128440367,1.01430855988553,8,"Summer",171,0.947477125312241,0.853614019341632,0,0.00265665641927626
"3507",3507,1632000,2019-08-29,9.27,0.9,0.952427184466019,8,"Summer",171,0.947477125312241,0.853614019341632,0,0.00177830082247965
"3508",3508,1632000,2019-08-30,8.28,0.893203883495146,0.992448759439051,8,"Summer",171,0.947477125312241,0.853614019341632,0,0.0104904937106767
"3509",3509,1632000,2019-08-31,7.59,0.916666666666667,1.02626811594203,8,"Summer",171,0.947477125312241,0.853614019341632,0,0.0117770735269005
"3510",3510,1632000,2019-09-01,13.8,1.81818181818182,1.98347107438017,9,"Fall",171,0.947477125312241,0.853614019341632,0.0483657095464878,0
"3511",3511,1632000,2019-09-02,13.8,1,0.55,9,"Fall",171,0.947477125312241,0.853614019341632,0,0.00406260749150533
"3512",3512,1632000,2019-09-03,11.1,0.804347826086956,0.804347826086956,9,"Fall",171,0.947477125312241,0.853614019341632,0,0.0110114817944123
"3513",3513,1632000,2019-09-04,9,0.810810810810811,1.00803506208912,9,"Fall",171,0.947477125312241,0.853614019341632,0,0.0133352852099051
"3514",3514,1632000,2019-09-05,7.78,0.864444444444444,1.06614814814815,9,"Fall",171,0.947477125312241,0.853614019341632,0,0.0111623267439427
"3515",3515,1632000,2019-09-06,6.99,0.898457583547558,1.03934681901388,9,"Fall",171,0.947477125312241,0.853614019341632,0,0.0112612761913624
"3516",3516,1632000,2019-09-07,6.31,0.902718168812589,1.00474211063833,9,"Fall",171,0.947477125312241,0.853614019341632,0,0.00676791927253362
"3517",3517,1632000,2019-09-08,5.7,0.903328050713154,1.00067560609904,9,"Fall",171,0.947477125312241,0.853614019341632,0,0
"3518",3518,1632000,2019-09-09,5.29,0.928070175438596,1.02738996614343,9,"Fall",171,0.947477125312241,0.853614019341632,0,0
"3519",3519,1632000,2019-09-10,4.95,0.935727788279773,1.00825111402546,9,"Fall",171,0.947477125312241,0.853614019341632,0,0
"3520",3520,1632000,2019-09-11,4.47,0.903030303030303,0.965056626874809,9,"Fall",171,0.947477125312241,0.853614019341632,0,0
"3521",3521,1632000,2019-09-12,3.96,0.885906040268456,0.98103689023017,9,"Fall",171,0.947477125312241,0.853614019341632,0,0
"3522",3522,1632000,2019-11-08,27.2,0.87741935483871,1.01893860561915,11,"Fall",172,0.958839331262924,0.922000952587077,0,0
"3523",3523,1632000,2019-11-09,24.1,0.886029411764706,1.00981293252595,11,"Fall",172,0.958839331262924,0.922000952587077,0,0
"3524",3524,1632000,2019-11-10,22,0.912863070539419,1.03028529123121,11,"Fall",172,0.958839331262924,0.922000952587077,0,0.00138744796004175
"3525",3525,1632000,2019-11-11,20.5,0.931818181818182,1.02076446280992,11,"Fall",172,0.958839331262924,0.922000952587077,0,0.00437982638732137
"3526",3526,1632000,2019-11-12,19,0.926829268292683,0.994646044021416,11,"Fall",172,0.958839331262924,0.922000952587077,0,0
"3527",3527,1632000,2019-11-13,17.5,0.921052631578947,0.99376731301939,11,"Fall",172,0.958839331262924,0.922000952587077,0,0
"3528",3528,1632000,2019-11-14,16.6,0.948571428571429,1.02987755102041,11,"Fall",172,0.958839331262924,0.922000952587077,0,0.000566514240290417
"3529",3529,1632000,2019-11-15,15.7,0.94578313253012,0.997060531281753,11,"Fall",172,0.958839331262924,0.922000952587077,0,0.000832844831165858
"3530",3530,1632000,2019-11-16,15,0.955414012738854,1.01018296888312,11,"Fall",172,0.958839331262924,0.922000952587077,0,0.000649294004688273
"3531",3531,1632000,2019-11-17,14.5,0.966666666666667,1.01177777777778,11,"Fall",172,0.958839331262924,0.922000952587077,0,0.000753898148104781
"3532",3532,1632000,2019-11-18,14.1,0.972413793103448,1.00594530321046,11,"Fall",172,0.958839331262924,0.922000952587077,0,0.00171172370028216
"3533",3533,1632000,2019-11-19,13.9,0.98581560283688,1.01378200291736,11,"Fall",172,0.958839331262924,0.922000952587077,0,0
"3534",3534,1632000,2019-11-20,13.2,0.949640287769784,0.963304176802443,11,"Fall",172,0.958839331262924,0.922000952587077,0,0
"3535",3535,1632000,2019-11-21,12.7,0.962121212121212,1.01314279155188,11,"Fall",172,0.958839331262924,0.922000952587077,0,0.00173621479916619
"3536",3536,1632000,2019-11-22,12.2,0.960629921259842,0.998449996899994,11,"Fall",172,0.958839331262924,0.922000952587077,0,0.000113878661068156
"3537",3537,1632000,2019-11-23,11.8,0.967213114754098,1.00685299650632,11,"Fall",172,0.958839331262924,0.922000952587077,0,0
"3538",3538,1632000,2019-11-24,12,1.01694915254237,1.05142200517093,11,"Fall",172,0.958839331262924,0.922000952587077,0.0184257493929181,0
"3539",3539,1632000,2019-11-25,11.5,0.958333333333333,0.942361111111111,11,"Fall",172,0.958839331262924,0.922000952587077,0,0
"3540",3540,1632000,2019-11-26,11.1,0.965217391304348,1.00718336483932,11,"Fall",172,0.958839331262924,0.922000952587077,0,0
"3541",3541,1632000,2019-11-27,10.8,0.972972972972973,1.00803506208912,11,"Fall",172,0.958839331262924,0.922000952587077,0,0
"3542",3542,1632000,2019-11-28,10.8,1,1.02777777777778,11,"Fall",172,0.958839331262924,0.922000952587077,0,0
"3543",3543,1632000,2019-11-29,10.7,0.990740740740741,0.990740740740741,11,"Fall",172,0.958839331262924,0.922000952587077,0,0.000895236193173333
"3544",3544,1632000,2020-02-12,258,0.816455696202532,1.02832078192597,2,"Winter",173,0.944571631870547,0.92098709532856,0.000419671003328403,0
"3545",3545,1632000,2020-02-13,242,0.937984496124031,1.14884922781083,2,"Winter",173,0.944571631870547,0.92098709532856,0.000412102788686752,0
"3546",3546,1632000,2020-02-14,224,0.925619834710744,0.986817840311454,2,"Winter",173,0.944571631870547,0.92098709532856,0.00040475937021256,0
"3547",3547,1632000,2020-02-15,198,0.883928571428571,0.954958545918367,2,"Winter",173,0.944571631870547,0.92098709532856,0.000397631525629549,0
"3548",3548,1632000,2020-02-16,185,0.934343434343434,1.05703499642894,2,"Winter",173,0.944571631870547,0.92098709532856,0.000390710483770818,0
"3549",3549,1632000,2020-02-17,171,0.924324324324324,0.989276844411979,2,"Winter",173,0.944571631870547,0.92098709532856,0.000383987937311758,0
"3550",3550,1632000,2020-02-18,152,0.888888888888889,0.961663417803769,2,"Winter",173,0.944571631870547,0.92098709532856,0.000361867754691048,0.000841368815599708
"3551",3551,1632000,2020-02-19,136,0.894736842105263,1.00657894736842,2,"Winter",173,0.944571631870547,0.92098709532856,0.000308760556436028,0.00125964934522926
"3552",3552,1632000,2020-02-20,120,0.882352941176471,0.986159169550173,2,"Winter",173,0.944571631870547,0.92098709532856,0.00026082210115419,0.000845952608869992
"3553",3553,1632000,2020-02-21,106,0.883333333333333,1.00111111111111,2,"Winter",173,0.944571631870547,0.92098709532856,0.000239204111494473,2.81462525890674e-05
"3554",3554,1632000,2020-02-22,92.9,0.876415094339623,0.992168031327875,2,"Winter",173,0.944571631870547,0.92098709532856,0.00022260344667302,0.000963233756920088
"3555",3555,1632000,2020-02-23,85.5,0.920344456404736,1.0501239222702,2,"Winter",173,0.944571631870547,0.92098709532856,0.000185671653525787,0.00133760433527641
"3556",3556,1632000,2020-02-24,80,0.935672514619883,1.01665469717178,2,"Winter",173,0.944571631870547,0.92098709532856,0.00014108015830061,0.00210929909329138
"3557",3557,1632000,2020-02-25,78.1,0.97625,1.0433671875,2,"Winter",173,0.944571631870547,0.92098709532856,0.00431990434299223,0
"3558",3558,1632000,2020-02-26,74.9,0.959026888604354,0.982357888455164,2,"Winter",173,0.944571631870547,0.92098709532856,0.0193833061312034,2.40048721025232e-05
"3559",3559,1632000,2020-02-27,77.3,1.03204272363151,1.07613533665715,2,"Winter",173,0.944571631870547,0.92098709532856,0.00805655439353358,0
"3560",3560,1632000,2020-02-28,72.9,0.943078913324709,0.913798326106348,2,"Winter",173,0.944571631870547,0.92098709532856,0.000167049660376506,0
"3561",3561,1632000,2020-02-29,67.7,0.928669410150892,0.984720787443949,2,"Winter",173,0.944571631870547,0.92098709532856,0.000165408498560282,0
"3562",3562,1632000,2020-03-01,62.7,0.926144756277696,0.9972814288426,3,"Spring",173,0.944571631870547,0.92098709532856,0.000163852211244375,0
"3563",3563,1632000,2020-03-02,59.5,0.94896331738437,1.0246382230769,3,"Spring",173,0.944571631870547,0.92098709532856,0.00016226541447395,0
"3564",3564,1632000,2020-03-03,59.1,0.99327731092437,1.04669726714215,3,"Spring",173,0.944571631870547,0.92098709532856,0.000155405674831854,0.000720920332241804
"3565",3565,1632000,2020-03-04,60.7,1.02707275803722,1.03402418110347,3,"Spring",173,0.944571631870547,0.92098709532856,0.000132565432522824,0.00119784449361759
"3566",3566,1632000,2020-03-05,57,0.939044481054366,0.914292072987035,3,"Spring",173,0.944571631870547,0.92098709532856,9.74654894889681e-05,0.00229296069664997
"3567",3567,1632000,2020-03-06,54.9,0.963157894736842,1.02567867036011,3,"Spring",173,0.944571631870547,0.92098709532856,6.46835494535481e-05,0.00200379908665127
"3568",3568,1632000,2020-03-07,53.4,0.972677595628415,1.00988384245573,3,"Spring",173,0.944571631870547,0.92098709532856,4.50815754220457e-05,0.0013926345272921
"3569",3569,1632000,2020-03-08,51.2,0.958801498127341,0.985734124479233,3,"Spring",173,0.944571631870547,0.92098709532856,2.94947907377718e-05,0.00248481829839875
"3570",3570,1632000,2020-03-09,49.3,0.962890625,1.00426483154297,3,"Spring",173,0.944571631870547,0.92098709532856,1.39399730301193e-05,0.00359510967609822
"3571",3571,1632000,2020-03-10,47.6,0.96551724137931,1.00272784500245,3,"Spring",173,0.944571631870547,0.92098709532856,4.13046571878794e-06,0.00365838053585321
"3572",3572,1632000,2020-03-11,47.6,1,1.03571428571429,3,"Spring",173,0.944571631870547,0.92098709532856,6.58833650080126e-07,0.0034263708985236
"3573",3573,1632000,2020-03-12,47.3,0.993697478991597,0.993697478991597,3,"Spring",173,0.944571631870547,0.92098709532856,1.87375701621306e-08,0.00410315737644851
"3574",3574,1632000,2020-05-06,470,0.836298932384342,0.999987335520067,5,"Spring",174,0.884258202642586,0.911705691946221,0.000105363775219303,0
"3575",3575,1632000,2020-05-07,373,0.793617021276596,0.948963331824355,5,"Spring",174,0.884258202642586,0.911705691946221,0.000104679936157481,0
"3576",3576,1632000,2020-05-08,309,0.828418230563003,1.04385138971746,5,"Spring",174,0.884258202642586,0.911705691946221,8.52099783514859e-05,0.00219419426866807
"3577",3577,1632000,2020-05-09,262,0.84789644012945,1.02351253128895,5,"Spring",174,0.884258202642586,0.911705691946221,6.65998427393788e-05,9.21488326639519e-05
"3578",3578,1632000,2020-05-10,212,0.809160305343511,0.954315016607424,5,"Spring",174,0.884258202642586,0.911705691946221,4.94641152499753e-05,0.00333990506987902
"3579",3579,1632000,2020-05-11,181,0.85377358490566,1.05513527945888,5,"Spring",174,0.884258202642586,0.911705691946221,2.05890847837509e-05,0.0036004811327075
"3580",3580,1632000,2020-05-12,155,0.856353591160221,1.00302188577882,5,"Spring",174,0.884258202642586,0.911705691946221,6.48990306473252e-06,0.00360301343607716
"3581",3581,1632000,2020-05-13,133,0.858064516129032,1.00199791883455,5,"Spring",174,0.884258202642586,0.911705691946221,1.06986264181153e-06,0.00467939813825069
"3582",3582,1632000,2020-05-14,118,0.887218045112782,1.0339759172367,5,"Spring",174,0.884258202642586,0.911705691946221,0,0.00603553069322515
"3583",3583,1632000,2020-05-15,107,0.906779661016949,1.02204826199368,5,"Spring",174,0.884258202642586,0.911705691946221,0,0.00942272978784332
"3584",3584,1632000,2020-05-16,96.2,0.899065420560748,0.991492706786619,5,"Spring",174,0.884258202642586,0.911705691946221,0,0.00953935933648609
"3585",3585,1632000,2020-05-17,88.1,0.915800415800416,1.01861376809402,5,"Spring",174,0.884258202642586,0.911705691946221,0,0.00758823792057227
"3586",3586,1632000,2020-05-18,81.7,0.927355278093076,1.01261722761128,5,"Spring",174,0.884258202642586,0.911705691946221,0,0.00849916748666147
"3587",3587,1632000,2020-05-19,87.8,1.07466340269278,1.15884756153285,5,"Spring",174,0.884258202642586,0.911705691946221,0,0.00439217302482575
"3588",3588,1632000,2020-05-20,85.3,0.971526195899772,0.904028362243866,5,"Spring",174,0.884258202642586,0.911705691946221,0,0.00398379598846077
"3589",3589,1632000,2020-05-21,81.8,0.958968347010551,0.987074101612267,5,"Spring",174,0.884258202642586,0.911705691946221,0,0.00558112903854635
"3590",3590,1632000,2021-01-10,166,0.855670103092783,0.979168880858752,1,"Winter",175,0.925754074220143,0.990746892103269,0.00246815936407074,0
"3591",3591,1632000,2021-01-11,143,0.86144578313253,1.00674989113079,1,"Winter",175,0.925754074220143,0.990746892103269,0.00230805781757226,0
"3592",3592,1632000,2021-01-12,128,0.895104895104895,1.03907281529659,1,"Winter",175,0.925754074220143,0.990746892103269,0.0021699799108319,0
"3593",3593,1632000,2021-01-13,117,0.9140625,1.02117919921875,1,"Winter",175,0.925754074220143,0.990746892103269,0.00204229464725358,0
"3594",3594,1632000,2021-01-14,109,0.931623931623932,1.01921250639199,1,"Winter",175,0.925754074220143,0.990746892103269,0.00195403373072622,0
"3595",3595,1632000,2021-01-15,103,0.944954128440367,1.01430855988553,1,"Winter",175,0.925754074220143,0.990746892103269,0.00192645689094206,0
"3596",3596,1632000,2021-01-16,101,0.980582524271845,1.03770383636535,1,"Winter",175,0.925754074220143,0.990746892103269,0.00294707012653816,0
"3597",3597,1632000,2021-01-17,93.2,0.922772277227723,0.941044995588668,1,"Winter",175,0.925754074220143,0.990746892103269,0.00168144236522494,0
"3598",3598,1632000,2021-01-18,85.2,0.914163090128755,0.990670301534381,1,"Winter",175,0.925754074220143,0.990746892103269,0.0015971088068909,0
"3599",3599,1632000,2021-01-19,77.5,0.90962441314554,0.9950351561639,1,"Winter",175,0.925754074220143,0.990746892103269,0.00151959974027704,0
"3600",3600,1632000,2021-01-20,70.8,0.913548387096774,1.00431383975026,1,"Winter",175,0.925754074220143,0.990746892103269,0.00144816603278741,0
"3601",3601,1632000,2021-01-21,65.7,0.927966101694915,1.01578210284401,1,"Winter",175,0.925754074220143,0.990746892103269,0.00138216107734479,0
"3602",3602,1632000,2021-01-22,63.3,0.963470319634703,1.03826025312233,1,"Winter",175,0.925754074220143,0.990746892103269,0.0013210241595516,0
"3603",3603,1632000,2021-01-23,59,0.932069510268562,0.967408638619977,1,"Winter",175,0.925754074220143,0.990746892103269,0.00126426689894288,0
"3604",3604,1632000,2021-01-24,53.8,0.911864406779661,0.978322321172077,1,"Winter",175,0.925754074220143,0.990746892103269,0.00121146218953072,0
"3605",3605,1632000,2021-05-09,177,0.800904977375566,1.00022522061383,5,"Spring",176,0.892298504459949,0.987934980908902,0.00163444413919933,0.00275648975639342
"3606",3606,1632000,2021-05-10,151,0.853107344632768,1.06517922691436,5,"Spring",176,0.892298504459949,0.987934980908902,0.00100238613413239,0.00383970826896984
"3607",3607,1632000,2021-05-11,126,0.834437086092715,0.978114994956362,5,"Spring",176,0.892298504459949,0.987934980908902,0.000552001651158207,0.00367958468268625
"3608",3608,1632000,2021-05-12,106,0.841269841269841,1.00818846056941,5,"Spring",176,0.892298504459949,0.987934980908902,0.000312070956169918,0.00340552043917342
"3609",3609,1632000,2021-05-13,92,0.867924528301887,1.03168387326451,5,"Spring",176,0.892298504459949,0.987934980908902,0.00015776231430209,0.00420279743320862
"3610",3610,1632000,2021-05-14,80.9,0.879347826086957,1.01316162570888,5,"Spring",176,0.892298504459949,0.987934980908902,5.97345981532271e-05,0.0049177088894794
"3611",3611,1632000,2021-05-15,72.5,0.896168108776267,1.01912813358982,5,"Spring",176,0.892298504459949,0.987934980908902,1.44918770672575e-05,0.00556793832492986
"3612",3612,1632000,2021-05-16,67.2,0.926896551724138,1.0342887039239,5,"Spring",176,0.892298504459949,0.987934980908902,1.5648148732339e-06,0.0021399427923825
"3613",3613,1632000,2021-05-17,63.8,0.949404761904762,1.02428341128118,5,"Spring",176,0.892298504459949,0.987934980908902,2.13655535930002e-07,0.00647782387841289
"3614",3614,1632000,2021-05-18,56.5,0.885579937304075,0.932773852458211,5,"Spring",176,0.892298504459949,0.987934980908902,0,0.0076266399519227
"3615",3615,1632000,2021-05-19,49.9,0.883185840707965,0.997296577648994,5,"Spring",176,0.892298504459949,0.987934980908902,0,0.00891266132202873
"3616",3616,1632000,2021-05-20,44.7,0.895791583166333,1.01427303504805,5,"Spring",176,0.892298504459949,0.987934980908902,0,0.00973911150504136
"3617",3617,1632000,2021-05-21,39.8,0.890380313199105,0.993959231065667,5,"Spring",176,0.892298504459949,0.987934980908902,0,0.00993307239150454
"3618",3618,1632000,2021-05-22,36.3,0.912060301507538,1.02434913259766,5,"Spring",176,0.892298504459949,0.987934980908902,0,0.0117785543725728
"3619",3619,1632000,2021-05-23,33.3,0.917355371900826,1.0058056143706,5,"Spring",176,0.892298504459949,0.987934980908902,0,0.0132248996556825
"3620",3620,1632000,2021-10-14,38.6,0.930120481927711,0.997358107127305,10,"Fall",177,0.949736923853125,0.971330363609892,0,0
"3621",3621,1632000,2021-10-15,36.1,0.935233160621762,1.00549679186018,10,"Fall",177,0.949736923853125,0.971330363609892,0,0
"3622",3622,1632000,2021-10-16,35,0.969529085872576,1.03667098932636,10,"Fall",177,0.949736923853125,0.971330363609892,0,0
"3623",3623,1632000,2021-10-17,32.8,0.937142857142857,0.966595918367347,10,"Fall",177,0.949736923853125,0.971330363609892,0,0
"3624",3624,1632000,2021-10-18,30.2,0.920731707317073,0.982488102320048,10,"Fall",177,0.949736923853125,0.971330363609892,0,0
"3625",3625,1632000,2021-10-19,28.3,0.937086092715232,1.01776237884303,10,"Fall",177,0.949736923853125,0.971330363609892,0,0
"3626",3626,1632000,2021-10-20,26.5,0.936395759717314,0.999263319556993,10,"Fall",177,0.949736923853125,0.971330363609892,0,0
"3627",3627,1632000,2021-10-21,25.1,0.947169811320755,1.0115058739765,10,"Fall",177,0.949736923853125,0.971330363609892,0,0
"3628",3628,1632000,2021-10-22,23.7,0.944223107569721,0.996888938270821,10,"Fall",177,0.949736923853125,0.971330363609892,0,0
"3629",3629,1632000,2021-10-23,22.4,0.945147679324895,1.00097918780822,10,"Fall",177,0.949736923853125,0.971330363609892,0,0
"3630",3630,1632000,2021-10-24,21.5,0.959821428571429,1.01552535076531,10,"Fall",177,0.949736923853125,0.971330363609892,0,0
"3631",3631,1632000,2021-10-25,21.2,0.986046511627907,1.02732287723094,10,"Fall",177,0.949736923853125,0.971330363609892,0.00245284246851441,0
"3632",3632,1632000,2021-10-26,21.6,1.0188679245283,1.03328586685653,10,"Fall",177,0.949736923853125,0.971330363609892,0.00027878811359372,0
"3633",3633,1632000,2021-10-27,20.6,0.953703703703704,0.936042524005487,10,"Fall",177,0.949736923853125,0.971330363609892,0,0.00121328383829677
"3634",3634,1632000,2021-10-28,19.5,0.946601941747573,0.992553492317843,10,"Fall",177,0.949736923853125,0.971330363609892,0,0.00120867850182549
"3635",3635,1632000,2021-11-16,140,0.813953488372093,1.01744186046512,11,"Fall",178,0.957541467745652,0.890920295992948,3.93420759792207e-05,0.00142792256701796
"3636",3636,1632000,2021-11-17,119,0.85,1.04428571428571,11,"Fall",178,0.957541467745652,0.890920295992948,3.22610169405379e-05,0.00209302893927088
"3637",3637,1632000,2021-11-18,103,0.865546218487395,1.0182896688087,11,"Fall",178,0.957541467745652,0.890920295992948,2.41467125761119e-05,0.00266515323892236
"3638",3638,1632000,2021-11-19,89.9,0.872815533980583,1.00839852955038,11,"Fall",178,0.957541467745652,0.890920295992948,1.92941833461191e-05,0.000744519296858926
"3639",3639,1632000,2021-11-20,78.1,0.868743047830923,0.995334081497053,11,"Fall",178,0.957541467745652,0.890920295992948,1.71436730624919e-05,0.00102400288596982
"3640",3640,1632000,2021-11-21,69.8,0.893725992317542,1.02875757630406,11,"Fall",178,0.957541467745652,0.890920295992948,1.42978151984607e-05,0.0016643370508973
"3641",3641,1632000,2021-11-22,63.8,0.91404011461318,1.02272969844254,11,"Fall",178,0.957541467745652,0.890920295992948,1.20743355580544e-05,0.000679073767969384
"3642",3642,1632000,2021-11-23,58.3,0.913793103448276,0.999729758944979,11,"Fall",178,0.957541467745652,0.890920295992948,1.10222914315727e-05,0.000418838400946697
"3643",3643,1632000,2021-11-24,53.5,0.917667238421955,1.00423961940516,11,"Fall",178,0.957541467745652,0.890920295992948,1.00440418009384e-05,0.000887730591784929
"3644",3644,1632000,2021-11-25,49.8,0.930841121495327,1.0143558389379,11,"Fall",178,0.957541467745652,0.890920295992948,8.16320735452791e-06,0.00184935186916846
"3645",3645,1632000,2021-11-26,46.4,0.931726907630522,1.00095159755488,11,"Fall",178,0.957541467745652,0.890920295992948,6.62297054532246e-06,0.000550459459191188
"3646",3646,1632000,2021-11-27,43.1,0.928879310344828,0.996943742568371,11,"Fall",178,0.957541467745652,0.890920295992948,6.02143774131036e-06,0.000580006553718705
"3647",3647,1632000,2021-11-28,41,0.951276102088167,1.02411162730605,11,"Fall",178,0.957541467745652,0.890920295992948,4.98944648086308e-06,0.0016412613040302
"3648",3648,1632000,2021-11-29,38.8,0.946341463414634,0.99481261154075,11,"Fall",178,0.957541467745652,0.890920295992948,3.95765854932506e-06,0.000743273849366233
"3649",3649,1632000,2021-11-30,36.7,0.945876288659794,0.999508449356999,11,"Fall",178,0.957541467745652,0.890920295992948,3.28755119483049e-06,0.00124723675253335
"3650",3650,1632000,2021-12-01,35.4,0.964577656675749,1.01977147354275,12,"Winter",178,0.957541467745652,0.890920295992948,2.45928912079308e-06,0.00151625228681951
"3651",3651,1632000,2021-12-02,34.4,0.971751412429379,1.00743719876153,12,"Winter",178,0.957541467745652,0.890920295992948,1.59695598966891e-06,0.00236617637710879
"3652",3652,1632000,2021-12-03,32.6,0.947674418604651,0.975223093564089,12,"Winter",178,0.957541467745652,0.890920295992948,8.74963033581366e-07,0.00192859715025406
"3653",3653,1632000,2021-12-04,31.3,0.960122699386503,1.01313560916858,12,"Winter",178,0.957541467745652,0.890920295992948,4.75328406857045e-07,0.00188306342533906
"3654",3654,1632000,2021-12-05,29.9,0.955271565495208,0.994947381314497,12,"Winter",178,0.957541467745652,0.890920295992948,2.32372418196292e-07,0.00174330636218656
"3655",3655,1632000,2021-12-06,29,0.969899665551839,1.01531302781848,12,"Winter",178,0.957541467745652,0.890920295992948,8.92265827889815e-08,0.00219517771620303
"3656",3656,1632000,2021-12-07,27.3,0.941379310344828,0.970594530321046,12,"Winter",178,0.957541467745652,0.890920295992948,3.0449494037299e-08,0.000449219982328941
"3657",3657,1632000,2021-12-08,26.4,0.967032967032967,1.02725113714125,12,"Winter",178,0.957541467745652,0.890920295992948,1.53743669462081e-08,0.000443016324425116
"3658",3658,1632000,2021-12-09,25.5,0.965909090909091,0.998837809917355,12,"Winter",178,0.957541467745652,0.890920295992948,0,0.000830522480100625
"3659",3659,1632000,2021-12-10,24.9,0.976470588235294,1.01093425605536,12,"Winter",178,0.957541467745652,0.890920295992948,0,0.00187839697173331
"3660",3660,1632000,2021-12-11,24.8,0.995983935742972,1.01998354865244,12,"Winter",178,0.957541467745652,0.890920295992948,0,0.0018973374099005
"3661",3661,1632000,2021-12-12,24.2,0.975806451612903,0.979741155046826,12,"Winter",178,0.957541467745652,0.890920295992948,0,0
"3662",3662,1632000,2021-12-13,23.3,0.962809917355372,0.986681237620381,12,"Winter",178,0.957541467745652,0.890920295992948,0,0
"3663",3663,1632000,2021-12-14,22.7,0.974248927038627,1.01188085984269,12,"Winter",178,0.957541467745652,0.890920295992948,0,0
"3664",3664,1632000,2021-12-15,22,0.969162995594714,0.994779638650081,12,"Winter",178,0.957541467745652,0.890920295992948,0,0
"3665",3665,1632000,2021-12-16,21.7,0.986363636363636,1.0177479338843,12,"Winter",178,0.957541467745652,0.890920295992948,0,0
"3666",3666,1632000,2021-12-17,21.4,0.986175115207373,0.999808872560471,12,"Winter",178,0.957541467745652,0.890920295992948,0,0
"3667",3667,1632000,2021-12-18,20.9,0.976635514018692,0.990326666084374,12,"Winter",178,0.957541467745652,0.890920295992948,0,0
"3668",3668,1632000,2021-12-19,20.6,0.985645933014354,1.00922597925872,12,"Winter",178,0.957541467745652,0.890920295992948,0,0
"3669",3669,1632000,2021-12-20,20.1,0.975728155339806,0.989937788669997,12,"Winter",178,0.957541467745652,0.890920295992948,0,0
"3670",3670,1632000,2021-12-21,19.5,0.970149253731343,0.994282319744561,12,"Winter",178,0.957541467745652,0.890920295992948,0,0
"3671",3671,1632000,2021-12-22,20,1.02564102564103,1.05719921104536,12,"Winter",178,0.957541467745652,0.890920295992948,0,0
"3672",3672,1632000,2021-12-23,19.5,0.975,0.950625,12,"Winter",178,0.957541467745652,0.890920295992948,0,0
"3673",3673,1632000,2021-12-24,19.4,0.994871794871795,1.02038132807364,12,"Winter",178,0.957541467745652,0.890920295992948,0,0
"3674",3674,1632000,2021-12-25,18.8,0.969072164948454,0.974067382293549,12,"Winter",178,0.957541467745652,0.890920295992948,0,0
"3675",3675,1632000,2021-12-26,18.7,0.99468085106383,1.02642598460842,12,"Winter",178,0.957541467745652,0.890920295992948,0,0
"3676",3676,1632000,2022-09-16,55.6,0.797704447632712,1.02545650656945,9,"Fall",179,0.908721772601849,0.960928140962004,0,0.0120267976637933
"3677",3677,1632000,2022-09-17,45.9,0.825539568345324,1.03489402722426,9,"Fall",179,0.908721772601849,0.960928140962004,0,0.0100621029862396
"3678",3678,1632000,2022-09-18,39.1,0.851851851851852,1.0318728314371,9,"Fall",179,0.908721772601849,0.960928140962004,0,0
"3679",3679,1632000,2022-09-19,34.4,0.879795396419437,1.0328032914489,9,"Fall",179,0.908721772601849,0.960928140962004,0,0
"3680",3680,1632000,2022-09-20,30.8,0.895348837209302,1.01767847485127,9,"Fall",179,0.908721772601849,0.960928140962004,0,0
"3681",3681,1632000,2022-09-21,27.2,0.883116883116883,0.986338336987688,9,"Fall",179,0.908721772601849,0.960928140962004,0,0
"3682",3682,1632000,2022-09-22,24.7,0.908088235294118,1.02827638408305,9,"Fall",179,0.908721772601849,0.960928140962004,0,0
"3683",3683,1632000,2022-09-23,22,0.890688259109312,0.9808388926224,9,"Fall",179,0.908721772601849,0.960928140962004,0,0
"3684",3684,1632000,2022-09-24,20.3,0.922727272727273,1.03597107438017,9,"Fall",179,0.908721772601849,0.960928140962004,0,0
"3685",3685,1632000,2022-09-25,19.3,0.950738916256158,1.03035744618894,9,"Fall",179,0.908721772601849,0.960928140962004,0.00114396121352911,0
"3686",3686,1632000,2022-09-26,17.6,0.911917098445596,0.959166689038632,9,"Fall",179,0.908721772601849,0.960928140962004,0,0
"3687",3687,1632000,2022-09-27,15.9,0.903409090909091,0.990670196280992,9,"Fall",179,0.908721772601849,0.960928140962004,0,0.00102552378666587
"3688",3688,1632000,2022-09-28,15,0.943396226415094,1.04426248961671,9,"Fall",179,0.908721772601849,0.960928140962004,0,0
"3689",3689,1632000,2022-09-29,14.2,0.946666666666667,1.00346666666667,9,"Fall",179,0.908721772601849,0.960928140962004,0,0
"3690",3690,1632000,2022-09-30,13.6,0.957746478873239,1.01170402697877,9,"Fall",179,0.908721772601849,0.960928140962004,0.008364467183128,0
"3691",3691,1632000,2022-10-08,59.9,0.784031413612565,1.01800937474302,10,"Fall",180,0.93677615995966,0.910657944824246,0,0.00467663846939104
"3692",3692,1632000,2022-10-09,49.3,0.823038397328881,1.04975181228592,10,"Fall",180,0.93677615995966,0.910657944824246,0,0.00452281171601498
"3693",3693,1632000,2022-10-10,42.3,0.858012170385396,1.04249348896725,10,"Fall",180,0.93677615995966,0.910657944824246,0,0.00530010836519068
"3694",3694,1632000,2022-10-11,37,0.874704491725768,1.01945464402081,10,"Fall",180,0.93677615995966,0.910657944824246,0,0.00587814392929431
"3695",3695,1632000,2022-10-12,32.8,0.886486486486486,1.01346968590212,10,"Fall",180,0.93677615995966,0.910657944824246,0,0.00672059402859304
"3696",3696,1632000,2022-10-13,32.1,0.978658536585366,1.1039745687091,10,"Fall",180,0.93677615995966,0.910657944824246,0.0027105635672342,0
"3697",3697,1632000,2022-10-14,29.1,0.906542056074766,0.926310885958017,10,"Fall",180,0.93677615995966,0.910657944824246,0,0
"3698",3698,1632000,2022-10-15,26.4,0.907216494845361,1.00074396854076,10,"Fall",180,0.93677615995966,0.910657944824246,0,0.000982508652668912
"3699",3699,1632000,2022-10-16,24.8,0.939393939393939,1.03546831955923,10,"Fall",180,0.93677615995966,0.910657944824246,0,0.00627951259957627
"3700",3700,1632000,2022-10-17,22.7,0.915322580645161,0.974375650364204,10,"Fall",180,0.93677615995966,0.910657944824246,0,0.00449112779460847
"3701",3701,1632000,2022-10-18,21.4,0.94273127753304,1.0299443032079,10,"Fall",180,0.93677615995966,0.910657944824246,0,0.00156658468404203
"3702",3702,1632000,2022-10-19,20.7,0.967289719626168,1.02605031007075,10,"Fall",180,0.93677615995966,0.910657944824246,0,0
"3703",3703,1632000,2022-10-20,19.4,0.93719806763285,0.96889075591029,10,"Fall",180,0.93677615995966,0.910657944824246,0,0
"3704",3704,1632000,2022-10-21,18.7,0.963917525773196,1.02850993729408,10,"Fall",180,0.93677615995966,0.910657944824246,0,0
"3705",3705,1632000,2022-10-22,18.2,0.973262032085562,1.0096943006663,10,"Fall",180,0.93677615995966,0.910657944824246,0,0
"3706",3706,1632000,2022-10-23,17.5,0.961538461538462,0.987954353338969,10,"Fall",180,0.93677615995966,0.910657944824246,0,0
"3707",3707,1632000,2022-10-24,17.1,0.977142857142857,1.01622857142857,10,"Fall",180,0.93677615995966,0.910657944824246,0,0
"3708",3708,1632000,2022-10-25,16.1,0.941520467836257,0.963544338428918,10,"Fall",180,0.93677615995966,0.910657944824246,0,0
"3709",3709,1632000,2022-10-26,15.9,0.987577639751553,1.04891786582308,10,"Fall",180,0.93677615995966,0.910657944824246,0.00142908754060045,0
"3710",3710,1632000,2022-10-27,15.7,0.987421383647799,0.999841778410664,10,"Fall",180,0.93677615995966,0.910657944824246,0,0
"3711",3711,1632000,2022-11-18,233,0.732704402515723,1.02762944503778,11,"Fall",181,0.9250680668454,0.881628182900577,0.00186333030855224,0
"3712",3712,1632000,2022-11-19,175,0.751072961373391,1.02506953526497,11,"Fall",181,0.9250680668454,0.881628182900577,0.000504950615308531,0
"3713",3713,1632000,2022-11-20,137,0.782857142857143,1.04231836734694,11,"Fall",181,0.9250680668454,0.881628182900577,0.001699587003813,0
"3714",3714,1632000,2022-11-21,109,0.795620437956204,1.01630347914114,11,"Fall",181,0.9250680668454,0.881628182900577,3.98913138610624e-06,0
"3715",3715,1632000,2022-11-22,90.7,0.832110091743119,1.04586314283309,11,"Fall",181,0.9250680668454,0.881628182900577,3.93715120594607e-06,0
"3716",3716,1632000,2022-11-23,77.2,0.851157662624035,1.02289068606417,11,"Fall",181,0.9250680668454,0.881628182900577,3.97051680067762e-06,0
"3717",3717,1632000,2022-11-24,67,0.867875647668394,1.01964146688502,11,"Fall",181,0.9250680668454,0.881628182900577,4.02925400067033e-06,0
"3718",3718,1632000,2022-11-25,59.4,0.886567164179104,1.02153709066607,11,"Fall",181,0.9250680668454,0.881628182900577,4.02391393095058e-06,0
"3719",3719,1632000,2022-11-26,53.2,0.895622895622896,1.01021437721774,11,"Fall",181,0.9250680668454,0.881628182900577,4.01858564202939e-06,0
"3720",3720,1632000,2022-11-27,49.6,0.932330827067669,1.04098592345525,11,"Fall",181,0.9250680668454,0.881628182900577,3.98307724935875e-06,5.42978923476767e-05
"3721",3721,1632000,2022-11-28,46.4,0.935483870967742,1.00338189386056,11,"Fall",181,0.9250680668454,0.881628182900577,3.60053591919041e-06,0.00113692836021073
"3722",3722,1632000,2022-11-29,42.2,0.90948275862069,0.972205707491082,11,"Fall",181,0.9250680668454,0.881628182900577,2.53294914642766e-06,0.00169061048291041
"3723",3723,1632000,2022-11-30,39.9,0.945497630331753,1.03959929022259,11,"Fall",181,0.9250680668454,0.881628182900577,1.95221054610784e-06,0
"3724",3724,1632000,2022-12-01,36.4,0.912280701754386,0.964868311128699,12,"Winter",181,0.9250680668454,0.881628182900577,1.95061386421003e-06,0
"3725",3725,1632000,2022-12-02,33.6,0.923076923076923,1.01183431952663,12,"Winter",181,0.9250680668454,0.881628182900577,1.94901929972957e-06,0
"3726",3726,1632000,2022-12-03,32.6,0.970238095238095,1.05109126984127,12,"Winter",181,0.9250680668454,0.881628182900577,0.012785319410078,0
"3727",3727,1632000,2022-12-04,30.7,0.941717791411043,0.970604840227333,12,"Winter",181,0.9250680668454,0.881628182900577,1.64667112301231e-06,0
"3728",3728,1632000,2022-12-05,29,0.944625407166124,1.00308756591582,12,"Winter",181,0.9250680668454,0.881628182900577,1.64750048270434e-06,0
"3729",3729,1632000,2022-12-06,27.6,0.951724137931034,1.00751486325803,12,"Winter",181,0.9250680668454,0.881628182900577,1.64629704357822e-06,0
"3730",3730,1632000,2022-12-07,27.6,1,1.05072463768116,12,"Winter",181,0.9250680668454,0.881628182900577,0.00436616342576457,0
"3731",3731,1632000,2022-12-08,26.7,0.967391304347826,0.967391304347826,12,"Winter",181,0.9250680668454,0.881628182900577,1.55737697582481e-06,0
"3732",3732,1632000,2022-12-09,25.4,0.951310861423221,0.983377519673442,12,"Winter",181,0.9250680668454,0.881628182900577,1.55646185362457e-06,0
"3733",3733,1632000,2022-12-10,24.4,0.960629921259842,1.00979601959204,12,"Winter",181,0.9250680668454,0.881628182900577,1.49874342270095e-06,0.00032773432758404
"3734",3734,1632000,2022-12-11,23.8,0.975409836065574,1.01538564901908,12,"Winter",181,0.9250680668454,0.881628182900577,1.19692693090201e-06,0.00124536213843385
"3735",3735,1632000,2022-12-12,23.2,0.974789915966387,0.999364451663018,12,"Winter",181,0.9250680668454,0.881628182900577,7.89857830696405e-07,0.00112524128417135
"3736",3736,1632000,2022-12-13,22.4,0.96551724137931,0.990487514863258,12,"Winter",181,0.9250680668454,0.881628182900577,5.7934223818279e-07,0.000343485406119726
"3737",3737,1632000,2022-12-14,21.7,0.96875,1.00334821428571,12,"Winter",181,0.9250680668454,0.881628182900577,4.75994763604603e-07,0.000682782745570876
"3738",3738,1632000,2023-01-07,94.9,0.921359223300971,0.983975869544726,1,"Winter",182,0.959614618654989,0.970208200459545,6.08818987757331e-06,0.00105059954489661
"3739",3739,1632000,2023-01-08,86.8,0.914646996838778,0.99271486485136,1,"Winter",182,0.959614618654989,0.970208200459545,4.54583496889427e-06,0.000578851547743397
"3740",3740,1632000,2023-01-09,81.4,0.93778801843318,1.0253004948077,1,"Winter",182,0.959614618654989,0.970208200459545,3.60984334690783e-06,0.000819052369138262
"3741",3741,1632000,2023-01-10,76.5,0.93980343980344,1.00214912254224,1,"Winter",182,0.959614618654989,0.970208200459545,2.40764290282414e-06,0.00130621952712318
"3742",3742,1632000,2023-01-11,72.3,0.945098039215686,1.00563373061643,1,"Winter",182,0.959614618654989,0.970208200459545,0.00648677052468472,0.00130425187398942
"3743",3743,1632000,2023-01-12,73.3,1.01383125864454,1.0727260205575,1,"Winter",182,0.959614618654989,0.970208200459545,0.00265307819008243,0
"3744",3744,1632000,2023-01-13,71,0.96862210095498,0.955407611173875,1,"Winter",182,0.959614618654989,0.970208200459545,0.0376744224937369,0
"3745",3745,1632000,2023-01-14,66.3,0.933802816901408,0.964052767308074,1,"Winter",182,0.959614618654989,0.970208200459545,9.53189083219286e-07,0
"3746",3746,1632000,2023-01-15,61.7,0.930618401206637,0.996589841412839,1,"Winter",182,0.959614618654989,0.970208200459545,9.53472678588696e-07,0
"3747",3747,1632000,2023-01-16,57.8,0.936790923824959,1.00663271069035,1,"Winter",182,0.959614618654989,0.970208200459545,9.5437399494358e-07,0
"3748",3748,1632000,2023-01-17,58.4,1.01038062283737,1.07855509392847,1,"Winter",182,0.959614618654989,0.970208200459545,0.0215305350853825,0
"3749",3749,1632000,2023-01-18,57.1,0.977739726027397,0.967694454869582,1,"Winter",182,0.959614618654989,0.970208200459545,8.76878477384935e-07,0
"3750",3750,1632000,2023-01-19,55.1,0.964973730297723,0.986943359884186,1,"Winter",182,0.959614618654989,0.970208200459545,8.7832885853345e-07,0
"3751",3751,1632000,2023-01-20,53.9,0.978221415607985,1.01372854503114,1,"Winter",182,0.959614618654989,0.970208200459545,8.78036889417899e-07,0
"3752",3752,1632000,2023-01-21,50.9,0.944341372912802,0.965365670639988,1,"Winter",182,0.959614618654989,0.970208200459545,8.77745087279891e-07,0
"3753",3753,1632000,2023-01-22,48.9,0.960707269155206,1.01733048737653,1,"Winter",182,0.959614618654989,0.970208200459545,0.00515751466006975,0
"3754",3754,1632000,2023-01-31,93.9,0.984276729559748,0.980149783104571,1,"Winter",183,1.02119833676427,0.0569775461823002,1.28851830822896e-05,5.27827760379296e-05
"3755",3755,1632000,2023-02-01,93.7,0.997870074547391,1.01381049107371,2,"Winter",183,1.02119833676427,0.0569775461823002,1.2732900586343e-05,0
"3756",3756,1632000,2023-02-02,89.1,0.950907150480256,0.952936834899638,2,"Winter",183,1.02119833676427,0.0569775461823002,1.2633363041914e-05,0
"3757",3757,1632000,2023-02-03,85.9,0.964085297418631,1.01385850020343,2,"Winter",183,1.02119833676427,0.0569775461823002,1.24837274029233e-05,0
"3758",3758,1632000,2023-02-04,77.2,0.89871944121071,0.932199094433926,2,"Winter",183,1.02119833676427,0.0569775461823002,1.24529408935814e-05,0
"3759",3759,1632000,2023-02-05,76.9,0.996113989637306,1.10837035893581,2,"Winter",183,1.02119833676427,0.0569775461823002,1.18243038116361e-05,0.000277740044111851
"3760",3760,1632000,2023-02-06,75.4,0.980494148244473,0.984319222945037,2,"Winter",183,1.02119833676427,0.0569775461823002,9.22496545285867e-06,0.00123188803627272
"3761",3761,1632000,2023-02-07,71.9,0.953580901856764,0.972551344201395,2,"Winter",183,1.02119833676427,0.0569775461823002,7.68559800690127e-06,0
"3762",3762,1632000,2023-02-08,68.6,0.954102920723227,1.00054743007693,2,"Winter",183,1.02119833676427,0.0569775461823002,7.88421468200795e-06,0
"3763",3763,1632000,2023-02-09,65.3,0.951895043731778,0.997685913182433,2,"Winter",183,1.02119833676427,0.0569775461823002,6.02678420591474e-06,0.00212103688318166
"3764",3764,1632000,2023-02-10,62.3,0.95405819295559,1.00227246610648,2,"Winter",183,1.02119833676427,0.0569775461823002,2.43268614497083e-06,0.00227280949184205
"3765",3765,1632000,2023-02-11,59.2,0.95024077046549,0.995998752991918,2,"Winter",183,1.02119833676427,0.0569775461823002,8.38675829228919e-07,0.00137958671257365
"3766",3766,1632000,2023-02-12,69.2,1.16891891891892,1.23012920014609,2,"Winter",183,1.02119833676427,0.0569775461823002,0.131860825575199,8.98536382010207e-05
"3767",3767,1632000,2023-02-13,286,4.13294797687861,3.53570115941061,2,"Winter",183,1.02119833676427,0.0569775461823002,0.00765589484035445,0
"3768",3768,1632000,2023-02-14,261,0.912587412587413,0.220807863465206,2,"Winter",183,1.02119833676427,0.0569775461823002,0.000614678290730808,0
"3769",3769,1632000,2023-02-15,244,0.934865900383142,1.02441244256544,2,"Winter",183,1.02119833676427,0.0569775461823002,0.00057117663709505,0.00111946973832033
"3770",3770,1632000,2023-04-05,119,0.952,0.997696,4,"Spring",184,0.951006270445437,0.985104511173993,6.50509788329146e-05,0.00636630786175374
"3771",3771,1632000,2023-04-06,113,0.949579831932773,0.997457806652073,4,"Spring",184,0.951006270445437,0.985104511173993,1.1350793101883e-05,0.00298091929289512
"3772",3772,1632000,2023-04-07,105,0.929203539823009,0.978541780875558,4,"Spring",184,0.951006270445437,0.985104511173993,3.85867501506709e-06,0
"3773",3773,1632000,2023-04-08,95.8,0.912380952380952,0.981895691609977,4,"Spring",184,0.951006270445437,0.985104511173993,2.21007302769749e-06,0.00269836338702589
"3774",3774,1632000,2023-04-09,88.8,0.926931106471816,1.01594745490126,4,"Spring",184,0.951006270445437,0.985104511173993,1.98541485474379e-07,0.00302196849702341
"3775",3775,1632000,2023-04-10,82.7,0.931306306306306,1.00472009171333,4,"Spring",184,0.951006270445437,0.985104511173993,0,0.00351082493216381
"3776",3776,1632000,2023-04-11,77.8,0.940749697702539,1.01013994142667,4,"Spring",184,0.951006270445437,0.985104511173993,0,0.00479374086899043
"3777",3777,1632000,2023-04-12,74.4,0.956298200514139,1.01652777869562,4,"Spring",184,0.951006270445437,0.985104511173993,0,0.00652849751350004
"3778",3778,1632000,2023-04-13,71.8,0.96505376344086,1.00915568273789,4,"Spring",184,0.951006270445437,0.985104511173993,0,0.00736577908537583
"3779",3779,1632000,2023-04-14,68.8,0.958217270194986,0.992915945717367,4,"Spring",184,0.951006270445437,0.985104511173993,0,0.00766983304856694
"3780",3780,1632000,2023-04-15,67.5,0.981104651162791,1.02388537723094,4,"Spring",184,0.951006270445437,0.985104511173993,0,0.00223674346489133
"3781",3781,1632000,2023-04-16,64.5,0.955555555555556,0.973958847736625,4,"Spring",184,0.951006270445437,0.985104511173993,0,0.00300344270362984
"3782",3782,1632000,2023-04-17,66.2,1.02635658914729,1.07409410492158,4,"Spring",184,0.951006270445437,0.985104511173993,0,0
"3783",3783,1632000,2023-04-18,61.6,0.930513595166163,0.906618230939842,4,"Spring",184,0.951006270445437,0.985104511173993,0,0
"3784",3784,1632000,2023-04-19,55.9,0.907467532467532,0.975232965086861,4,"Spring",184,0.951006270445437,0.985104511173993,0,0.00362282319838414
"3785",3785,1632000,2023-04-20,52,0.930232558139535,1.02508632524858,4,"Spring",184,0.951006270445437,0.985104511173993,0,0.00857658488530432
"3786",3786,1632000,2023-04-21,48.1,0.925,0.994375,4,"Spring",184,0.951006270445437,0.985104511173993,0,0.00928314780321671
"3787",3787,1632000,2023-04-22,48.7,1.01247401247401,1.09456649997191,4,"Spring",184,0.951006270445437,0.985104511173993,0.0178637086064555,0.00262119992112275
"3788",3788,1632000,2023-04-23,50.6,1.03901437371663,1.02621337527248,4,"Spring",184,0.951006270445437,0.985104511173993,0,0
"3789",3789,1632000,2023-04-24,46.1,0.911067193675889,0.876857160711775,4,"Spring",184,0.951006270445437,0.985104511173993,0,0
"3790",3790,1632000,2023-04-25,42.3,0.917570498915401,1.00713811811539,4,"Spring",184,0.951006270445437,0.985104511173993,0,0
"3791",3791,1632000,2023-04-26,40,0.945626477541371,1.03057637386896,4,"Spring",184,0.951006270445437,0.985104511173993,0,0.00506055800360627
"3792",3792,1632000,2023-04-27,38.6,0.965,1.0204875,4,"Spring",184,0.951006270445437,0.985104511173993,0,0.00656672894547228
"3793",3793,1632000,2023-06-03,24.2,0.9272030651341,1.02667312576151,6,"Summer",185,0.936226020888044,0.988584624208089,0,0
"3794",3794,1632000,2023-06-04,23.4,0.966942148760331,1.04285909432416,6,"Summer",185,0.936226020888044,0.988584624208089,0,0
"3795",3795,1632000,2023-06-05,22.4,0.957264957264957,0.989991964350939,6,"Summer",185,0.936226020888044,0.988584624208089,0,0
"3796",3796,1632000,2023-06-06,20.7,0.924107142857143,0.965361926020408,6,"Summer",185,0.936226020888044,0.988584624208089,0,0
"3797",3797,1632000,2023-06-07,19.2,0.927536231884058,1.00371070503396,6,"Summer",185,0.936226020888044,0.988584624208089,0,0
"3798",3798,1632000,2023-06-08,17.3,0.901041666666667,0.971435546875,6,"Summer",185,0.936226020888044,0.988584624208089,0,0
"3799",3799,1632000,2023-06-09,16.1,0.930635838150289,1.03284439840957,6,"Summer",185,0.936226020888044,0.988584624208089,0,0
"3800",3800,1632000,2023-06-10,15.1,0.937888198757764,1.00779290922418,6,"Summer",185,0.936226020888044,0.988584624208089,0,0
"3801",3801,1632000,2023-06-11,13.8,0.913907284768212,0.97443094601114,6,"Summer",185,0.936226020888044,0.988584624208089,0,0
"3802",3802,1632000,2023-06-12,13.5,0.978260869565217,1.07041587901701,6,"Summer",185,0.936226020888044,0.988584624208089,0,0
"3803",3803,1632000,2023-06-13,13,0.962962962962963,0.984362139917696,6,"Summer",185,0.936226020888044,0.988584624208089,0,0
"3804",3804,1632000,2023-06-14,11.6,0.892307692307692,0.926627218934911,6,"Summer",185,0.936226020888044,0.988584624208089,0,0
"3805",3805,1632000,2023-06-15,11,0.948275862068966,1.06272294887039,6,"Summer",185,0.936226020888044,0.988584624208089,0,0
"3806",3806,1632000,2023-06-16,10.6,0.963636363636364,1.01619834710744,6,"Summer",185,0.936226020888044,0.988584624208089,0,0
"3807",3807,1632000,2023-07-17,15.9,0.878453038674033,0.97066634107628,7,"Summer",186,0.894210726605934,0.99906722232488,0,0.0111660887487233
"3808",3808,1632000,2023-07-18,14.4,0.905660377358491,1.0309718761125,7,"Summer",186,0.894210726605934,0.99906722232488,0,0
"3809",3809,1632000,2023-07-19,13,0.902777777777778,0.99681712962963,7,"Summer",186,0.894210726605934,0.99906722232488,0,0
"3810",3810,1632000,2023-07-20,11.5,0.884615384615385,0.979881656804734,7,"Summer",186,0.894210726605934,0.99906722232488,0,0
"3811",3811,1632000,2023-07-21,10.8,0.939130434782609,1.06162570888469,7,"Summer",186,0.894210726605934,0.99906722232488,0,0
"3812",3812,1632000,2023-07-22,9.37,0.867592592592592,0.923825445816186,7,"Summer",186,0.894210726605934,0.99906722232488,0,0
"3813",3813,1632000,2023-07-23,8.16,0.870864461045891,1.00377120376688,7,"Summer",186,0.894210726605934,0.99906722232488,0,0
"3814",3814,1632000,2023-07-24,7.6,0.931372549019608,1.06948048827374,7,"Summer",186,0.894210726605934,0.99906722232488,0.0365304695442319,0
"3815",3815,1632000,2023-07-25,6.29,0.827631578947368,0.888614958448754,7,"Summer",186,0.894210726605934,0.99906722232488,0.0192501588553569,0
"3816",3816,1632000,2023-07-26,5.64,0.896661367249602,1.08340642147806,7,"Summer",186,0.894210726605934,0.99906722232488,0,0
"3817",3817,1632000,2023-07-27,5.11,0.906028368794326,1.01044653186459,7,"Summer",186,0.894210726605934,0.99906722232488,0,0.018337619228987
"3818",3818,1632000,2023-07-28,4.56,0.892367906066536,0.984922698672263,7,"Summer",186,0.894210726605934,0.99906722232488,0.0325439971347805,0.0186253439169377
"3819",3819,1632000,2023-07-29,4.17,0.914473684210526,1.02477204524469,7,"Summer",186,0.894210726605934,0.99906722232488,0.00665545639458287,0
"3820",3820,1632000,2023-07-30,3.63,0.870503597122302,0.951917602608561,7,"Summer",186,0.894210726605934,0.99906722232488,0,0.015333608367655
"3821",3821,1632000,2023-07-31,3.34,0.920110192837466,1.05698608929263,7,"Summer",186,0.894210726605934,0.99906722232488,0,0.012340466841124
"3822",3822,1632000,2023-08-01,3.08,0.922155688622755,1.00222309871275,8,"Summer",186,0.894210726605934,0.99906722232488,0,0.0146617527043418
"3823",3823,1632000,2023-08-20,2.98,0.886904761904762,1.00568664965986,8,"Summer",187,0.897657597350516,0.993210806137489,0,0
"3824",3824,1632000,2023-08-21,2.63,0.88255033557047,0.995090311247241,8,"Summer",187,0.897657597350516,0.993210806137489,0,0
"3825",3825,1632000,2023-08-22,2.32,0.88212927756654,0.999522907660946,8,"Summer",187,0.897657597350516,0.993210806137489,0,0
"3826",3826,1632000,2023-08-23,2.05,0.883620689655172,1.00169069560048,8,"Summer",187,0.897657597350516,0.993210806137489,0,0
"3827",3827,1632000,2023-08-24,1.81,0.882926829268293,0.999214753123141,8,"Summer",187,0.897657597350516,0.993210806137489,0,0
"3828",3828,1632000,2023-08-25,1.59,0.878453038674033,0.994932999603187,8,"Summer",187,0.897657597350516,0.993210806137489,0,0
"3829",3829,1632000,2023-08-26,1.39,0.874213836477987,0.995174241525256,8,"Summer",187,0.897657597350516,0.993210806137489,0,0
"3830",3830,1632000,2023-08-27,1.22,0.877697841726619,1.00398530096786,8,"Summer",187,0.897657597350516,0.993210806137489,0,0
"3831",3831,1632000,2023-08-28,1.1,0.901639344262295,1.02727761354475,8,"Summer",187,0.897657597350516,0.993210806137489,0,0
"3832",3832,1632000,2023-08-29,1.05,0.954545454545454,1.05867768595041,8,"Summer",187,0.897657597350516,0.993210806137489,0,0
"3833",3833,1632000,2023-08-30,0.94,0.895238095238095,0.937868480725624,8,"Summer",187,0.897657597350516,0.993210806137489,0,0
"3834",3834,1632000,2023-08-31,0.85,0.904255319148936,1.01007243096424,8,"Summer",187,0.897657597350516,0.993210806137489,0,0
"3835",3835,1632000,2023-09-01,0.77,0.905882352941176,1.00179930795848,9,"Fall",187,0.897657597350516,0.993210806137489,0,0
"3836",3836,1632000,2023-09-02,0.7,0.909090909090909,1.00354191263282,9,"Fall",187,0.897657597350516,0.993210806137489,0,0
"3837",3837,1632000,2023-09-03,0.64,0.914285714285714,1.00571428571429,9,"Fall",187,0.897657597350516,0.993210806137489,0,0
"3838",3838,1632000,2023-09-04,0.59,0.921875,1.00830078125,9,"Fall",187,0.897657597350516,0.993210806137489,0,0
"3839",3839,1632000,2024-06-05,47.2,0.981288981288981,0.987409286785586,6,"Summer",188,0.894524289574147,0.992630960736201,NA,NA
"3840",3840,1632000,2024-06-06,42.2,0.89406779661017,0.911115699511635,6,"Summer",188,0.894524289574147,0.992630960736201,NA,NA
"3841",3841,1632000,2024-06-07,37.7,0.893364928909953,0.99921385413625,6,"Summer",188,0.894524289574147,0.992630960736201,NA,NA
"3842",3842,1632000,2024-06-08,34,0.901856763925729,1.00950544927495,6,"Summer",188,0.894524289574147,0.992630960736201,NA,NA
"3843",3843,1632000,2024-06-09,31,0.911764705882353,1.01098615916955,6,"Summer",188,0.894524289574147,0.992630960736201,NA,NA
"3844",3844,1632000,2024-06-10,28.2,0.909677419354839,0.997710718002081,6,"Summer",188,0.894524289574147,0.992630960736201,NA,NA
"3845",3845,1632000,2024-06-11,27,0.957446808510638,1.05251244907198,6,"Summer",188,0.894524289574147,0.992630960736201,NA,NA
"3846",3846,1632000,2024-06-12,24.5,0.907407407407407,0.947736625514403,6,"Summer",188,0.894524289574147,0.992630960736201,NA,NA
"3847",3847,1632000,2024-06-13,21.9,0.893877551020408,0.985089546022491,6,"Summer",188,0.894524289574147,0.992630960736201,NA,NA
"3848",3848,1632000,2024-06-14,19.6,0.894977168949772,1.00123016617669,6,"Summer",188,0.894524289574147,0.992630960736201,NA,NA
"3849",3849,1632000,2024-06-15,18.6,0.948979591836735,1.06033944189921,6,"Summer",188,0.894524289574147,0.992630960736201,NA,NA
"3850",3850,1632000,2024-06-16,16.3,0.876344086021505,0.923459359463522,6,"Summer",188,0.894524289574147,0.992630960736201,NA,NA
"3851",3851,1632000,2024-06-17,14.8,0.907975460122699,1.03609469682713,6,"Summer",188,0.894524289574147,0.992630960736201,NA,NA
"3852",3852,1632000,2024-06-18,13.2,0.891891891891892,0.982286340394448,6,"Summer",188,0.894524289574147,0.992630960736201,NA,NA
"3853",3853,1632000,2024-06-19,11.4,0.863636363636364,0.96831955922865,6,"Summer",188,0.894524289574147,0.992630960736201,NA,NA
"3854",3854,1632000,2024-06-20,9.87,0.86578947368421,1.00249307479224,6,"Summer",188,0.894524289574147,0.992630960736201,NA,NA
"3855",3855,1632000,2024-06-21,8.6,0.871327254305978,1.00639622077894,6,"Summer",188,0.894524289574147,0.992630960736201,NA,NA
"3856",3856,1632000,2024-06-22,7.48,0.869767441860465,0.998209843158464,6,"Summer",188,0.894524289574147,0.992630960736201,NA,NA
"3857",3857,1632000,2024-06-23,6.48,0.866310160427808,0.996025050759244,6,"Summer",188,0.894524289574147,0.992630960736201,NA,NA
"3858",3858,1632000,2024-06-24,5.57,0.859567901234568,0.992217268709038,6,"Summer",188,0.894524289574147,0.992630960736201,NA,NA
"3859",3859,1632000,2024-06-25,4.73,0.8491921005386,0.987929050536827,6,"Summer",188,0.894524289574147,0.992630960736201,NA,NA
"3860",3860,1632000,2024-10-04,555,0.504545454545455,1.00450413223141,10,"Fall",189,0.934763546300687,0.779316815364069,NA,NA
"3861",3861,1632000,2024-10-05,308,0.554954954954955,1.09991072153234,10,"Fall",189,0.934763546300687,0.779316815364069,NA,NA
"3862",3862,1632000,2024-10-06,205,0.665584415584416,1.19934854106932,10,"Fall",189,0.934763546300687,0.779316815364069,NA,NA
"3863",3863,1632000,2024-10-07,158,0.770731707317073,1.15797739440809,10,"Fall",189,0.934763546300687,0.779316815364069,NA,NA
"3864",3864,1632000,2024-10-08,124,0.784810126582278,1.01826630347701,10,"Fall",189,0.934763546300687,0.779316815364069,NA,NA
"3865",3865,1632000,2024-10-09,97.9,0.789516129032258,1.00599635796046,10,"Fall",189,0.934763546300687,0.779316815364069,NA,NA
"3866",3866,1632000,2024-10-10,79.4,0.811031664964249,1.02725154704358,10,"Fall",189,0.934763546300687,0.779316815364069,NA,NA
"3867",3867,1632000,2024-10-11,66.6,0.838790931989924,1.03422710632007,10,"Fall",189,0.934763546300687,0.779316815364069,NA,NA
"3868",3868,1632000,2024-10-12,57.3,0.86036036036036,1.02571490409328,10,"Fall",189,0.934763546300687,0.779316815364069,NA,NA
"3869",3869,1632000,2024-10-13,49.8,0.869109947643979,1.0101696773663,10,"Fall",189,0.934763546300687,0.779316815364069,NA,NA
"3870",3870,1632000,2024-10-14,42.9,0.86144578313253,0.991181593845261,10,"Fall",189,0.934763546300687,0.779316815364069,NA,NA
"3871",3871,1632000,2024-10-15,38.6,0.8997668997669,1.04448465287626,10,"Fall",189,0.934763546300687,0.779316815364069,NA,NA
"3872",3872,1632000,2024-10-16,35.5,0.919689119170984,1.02214153400091,10,"Fall",189,0.934763546300687,0.779316815364069,NA,NA
"3873",3873,1632000,2024-10-17,32.8,0.923943661971831,1.0046260662567,10,"Fall",189,0.934763546300687,0.779316815364069,NA,NA
"3874",3874,1632000,2024-10-18,30.3,0.923780487804878,0.999823393813207,10,"Fall",189,0.934763546300687,0.779316815364069,NA,NA
"3875",3875,1632000,2024-10-19,28,0.924092409240924,1.00033765752813,10,"Fall",189,0.934763546300687,0.779316815364069,NA,NA
"3876",3876,1632000,2024-10-20,26,0.928571428571429,1.00484693877551,10,"Fall",189,0.934763546300687,0.779316815364069,NA,NA
"3877",3877,1632000,2024-10-21,24.6,0.946153846153846,1.0189349112426,10,"Fall",189,0.934763546300687,0.779316815364069,NA,NA
"3878",3878,1632000,2024-10-22,23,0.934959349593496,0.988168418269548,10,"Fall",189,0.934763546300687,0.779316815364069,NA,NA
"3879",3879,1632000,2024-10-23,21.5,0.934782608695652,0.999810964083176,10,"Fall",189,0.934763546300687,0.779316815364069,NA,NA
"3880",3880,1632000,2024-10-24,20.3,0.944186046511628,1.01005949161709,10,"Fall",189,0.934763546300687,0.779316815364069,NA,NA
"3881",3881,1632000,2024-10-25,19.2,0.945812807881773,1.00172292460385,10,"Fall",189,0.934763546300687,0.779316815364069,NA,NA
"3882",3882,1632000,2024-10-26,19,0.989583333333333,1.04627821180556,10,"Fall",189,0.934763546300687,0.779316815364069,NA,NA
"3883",3883,1632000,2024-10-27,18.3,0.963157894736842,0.973296398891967,10,"Fall",189,0.934763546300687,0.779316815364069,NA,NA
"3884",3884,1632000,2024-10-28,17.5,0.956284153005464,0.99286332825704,10,"Fall",189,0.934763546300687,0.779316815364069,NA,NA
"3885",3885,1632000,2024-10-29,18.1,1.03428571428571,1.08156734693878,10,"Fall",189,0.934763546300687,0.779316815364069,NA,NA
"3886",3886,1632000,2024-10-30,16.7,0.922651933701657,0.892066786728122,10,"Fall",189,0.934763546300687,0.779316815364069,NA,NA
"3887",3887,1632000,2024-10-31,16.1,0.964071856287425,1.04489225142529,10,"Fall",189,0.934763546300687,0.779316815364069,NA,NA
"3888",3888,1632000,2024-11-01,15.8,0.981366459627329,1.01793912271903,11,"Fall",189,0.934763546300687,0.779316815364069,NA,NA
"3889",3889,1632000,2024-11-02,14.9,0.943037974683544,0.960943759012979,11,"Fall",189,0.934763546300687,0.779316815364069,NA,NA
"3890",3890,1632000,2024-11-03,14.4,0.966442953020134,1.02481870186028,11,"Fall",189,0.934763546300687,0.779316815364069,NA,NA
"3891",3891,1632000,2024-11-04,14,0.972222222222222,1.0059799382716,11,"Fall",189,0.934763546300687,0.779316815364069,NA,NA
"3892",3892,1632000,2024-11-05,13.8,0.985714285714286,1.01387755102041,11,"Fall",189,0.934763546300687,0.779316815364069,NA,NA
"3893",3893,1632000,2024-11-06,13.6,0.985507246376812,0.999789960092417,11,"Fall",189,0.934763546300687,0.779316815364069,NA,NA
"3894",3894,1632000,2024-11-07,13.3,0.977941176470588,0.992322664359862,11,"Fall",189,0.934763546300687,0.779316815364069,NA,NA
"3895",3895,1632000,2024-11-08,13,0.977443609022556,0.999491209226073,11,"Fall",189,0.934763546300687,0.779316815364069,NA,NA
"3896",3896,1632000,2024-11-09,12.5,0.961538461538462,0.983727810650888,11,"Fall",189,0.934763546300687,0.779316815364069,NA,NA
"3897",3897,1632000,2024-11-10,12.3,0.984,1.02336,11,"Fall",189,0.934763546300687,0.779316815364069,NA,NA
"3898",3898,1632000,2024-11-11,12.9,1.04878048780488,1.06583382907,11,"Fall",189,0.934763546300687,0.779316815364069,NA,NA
"3899",3899,1632000,2024-11-12,12.2,0.945736434108527,0.9017486929872,11,"Fall",189,0.934763546300687,0.779316815364069,NA,NA
"3900",3900,1632000,2024-11-13,11.4,0.934426229508197,0.988040849234077,11,"Fall",189,0.934763546300687,0.779316815364069,NA,NA
"3901",3901,1632000,2025-02-19,340,0.807600950118765,0.989838694207322,2,"Winter",190,0.902982610104839,0.972971882751195,NA,NA
"3902",3902,1632000,2025-02-20,284,0.835294117647059,1.03429065743945,2,"Winter",190,0.902982610104839,0.972971882751195,NA,NA
"3903",3903,1632000,2025-02-21,235,0.827464788732394,0.99062685975005,2,"Winter",190,0.902982610104839,0.972971882751195,NA,NA
"3904",3904,1632000,2025-02-22,196,0.834042553191489,1.00794929832503,2,"Winter",190,0.902982610104839,0.972971882751195,NA,NA
"3905",3905,1632000,2025-02-23,177,0.903061224489796,1.08275197834236,2,"Winter",190,0.902982610104839,0.972971882751195,NA,NA
"3906",3906,1632000,2025-02-24,160,0.903954802259887,1.00098949854767,2,"Winter",190,0.902982610104839,0.972971882751195,NA,NA
"3907",3907,1632000,2025-02-25,147,0.91875,1.0163671875,2,"Winter",190,0.902982610104839,0.972971882751195,NA,NA
"3908",3908,1632000,2025-02-26,135,0.918367346938776,0.999583506872137,2,"Winter",190,0.902982610104839,0.972971882751195,NA,NA
"3909",3909,1632000,2025-02-27,122,0.903703703703704,0.9840329218107,2,"Winter",190,0.902982610104839,0.972971882751195,NA,NA
"3910",3910,1632000,2025-02-28,113,0.926229508196721,1.02492609513572,2,"Winter",190,0.902982610104839,0.972971882751195,NA,NA
"3911",3911,1632000,2025-03-01,105,0.929203539823009,1.00321090140183,3,"Spring",190,0.902982610104839,0.972971882751195,NA,NA
"3912",3912,1632000,2025-03-02,96.2,0.916190476190476,0.985995464852608,3,"Spring",190,0.902982610104839,0.972971882751195,NA,NA
"3913",3913,1632000,2025-03-03,87.7,0.911642411642412,0.995035896283297,3,"Spring",190,0.902982610104839,0.972971882751195,NA,NA
"3914",3914,1632000,2025-03-04,81.6,0.930444697833523,1.02062462863837,3,"Spring",190,0.902982610104839,0.972971882751195,NA,NA
"3915",3915,1632000,2025-03-21,255,0.82258064516129,1.01097814776275,3,"Spring",191,0.915874044131528,0.876622205046545,NA,NA
"3916",3916,1632000,2025-03-22,209,0.819607843137255,0.996386005382545,3,"Spring",191,0.915874044131528,0.876622205046545,NA,NA
"3917",3917,1632000,2025-03-23,179,0.856459330143541,1.04496234060576,3,"Spring",191,0.915874044131528,0.876622205046545,NA,NA
"3918",3918,1632000,2025-03-24,157,0.877094972067039,1.02409412939671,3,"Spring",191,0.915874044131528,0.876622205046545,NA,NA
"3919",3919,1632000,2025-03-25,141,0.898089171974522,1.0239360623149,3,"Spring",191,0.915874044131528,0.876622205046545,NA,NA
"3920",3920,1632000,2025-03-26,126,0.893617021276596,0.995020371208692,3,"Spring",191,0.915874044131528,0.876622205046545,NA,NA
"3921",3921,1632000,2025-03-27,112,0.888888888888889,0.994708994708995,3,"Spring",191,0.915874044131528,0.876622205046545,NA,NA
"3922",3922,1632000,2025-03-28,102,0.910714285714286,1.02455357142857,3,"Spring",191,0.915874044131528,0.876622205046545,NA,NA
"3923",3923,1632000,2025-03-29,95.3,0.934313725490196,1.02591311034218,3,"Spring",191,0.915874044131528,0.876622205046545,NA,NA
"3924",3924,1632000,2025-03-30,90.2,0.946484784889822,1.01302673723779,3,"Spring",191,0.915874044131528,0.876622205046545,NA,NA
"3925",3925,1632000,2025-03-31,89,0.98669623059867,1.04248504186312,3,"Spring",191,0.915874044131528,0.876622205046545,NA,NA
"3926",3926,1632000,2025-04-01,98.4,1.10561797752809,1.12052518621386,4,"Spring",191,0.915874044131528,0.876622205046545,NA,NA
"3927",3927,1632000,2025-04-02,92.3,0.938008130081301,0.848401662370282,4,"Spring",191,0.915874044131528,0.876622205046545,NA,NA
"3928",3928,1632000,2025-04-03,86.2,0.933911159263272,0.995632265130076,4,"Spring",191,0.915874044131528,0.876622205046545,NA,NA
