"site_no","Date","Flow","AGWR","delta_AGWR","Year","Month","Day","Season","GroupID","calc_AGWR","event_R_squared"
"01633000",1950-04-03,385,0.950617283950617,1.00460295686633,1950,"04",3,"Spring",1,0.959802376373756,0.958944287898092
"01633000",1950-04-04,345,0.896103896103896,0.942654747849553,1950,"04",4,"Spring",1,0.959802376373756,0.958944287898092
"01633000",1950-04-05,325,0.942028985507246,1.05124973745012,1950,"04",5,"Spring",1,0.959802376373756,0.958944287898092
"01633000",1950-04-06,306,0.941538461538462,0.999479289940828,1950,"04",6,"Spring",1,0.959802376373756,0.958944287898092
"01633000",1950-04-07,288,0.941176470588235,0.999615532487505,1950,"04",7,"Spring",1,0.959802376373756,0.958944287898092
"01633000",1950-04-08,270,0.9375,0.99609375,1950,"04",8,"Spring",1,0.959802376373756,0.958944287898092
"01633000",1950-04-09,270,1,1.06666666666667,1950,"04",9,"Spring",1,0.959802376373756,0.958944287898092
"01633000",1950-04-10,252,0.933333333333333,0.933333333333333,1950,"04",10,"Spring",1,0.959802376373756,0.958944287898092
"01633000",1950-04-11,248,0.984126984126984,1.05442176870748,1950,"04",11,"Spring",1,0.959802376373756,0.958944287898092
"01633000",1950-04-12,238,0.959677419354839,0.975156087408949,1950,"04",12,"Spring",1,0.959802376373756,0.958944287898092
"01633000",1950-04-13,227,0.953781512605042,0.993856366075842,1950,"04",13,"Spring",1,0.959802376373756,0.958944287898092
"01633000",1950-04-14,227,1,1.04845814977974,1950,"04",14,"Spring",1,0.959802376373756,0.958944287898092
"01633000",1950-04-15,216,0.951541850220264,0.951541850220264,1950,"04",15,"Spring",1,0.959802376373756,0.958944287898092
"01633000",1950-04-16,206,0.953703703703704,1.0022719478738,1950,"04",16,"Spring",1,0.959802376373756,0.958944287898092
"01633000",1950-04-17,202,0.980582524271845,1.0281836176831,1950,"04",17,"Spring",1,0.959802376373756,0.958944287898092
"01633000",1950-04-18,198,0.98019801980198,0.999607881580237,1950,"04",18,"Spring",1,0.959802376373756,0.958944287898092
"01633000",1950-10-14,131,0.949275362318841,0.997427011132115,1950,"10",14,"Fall",2,0.975293458396302,0.918693195792956
"01633000",1950-10-15,125,0.954198473282443,1.00518617796166,1950,"10",15,"Fall",2,0.975293458396302,0.918693195792956
"01633000",1950-10-16,121,0.968,1.014464,1950,"10",16,"Fall",2,0.975293458396302,0.918693195792956
"01633000",1950-10-17,118,0.975206611570248,1.00744484666348,1950,"10",17,"Fall",2,0.975293458396302,0.918693195792956
"01633000",1950-10-18,108,0.915254237288136,0.93852341281241,1950,"10",18,"Fall",2,0.975293458396302,0.918693195792956
"01633000",1950-10-19,108,1,1.09259259259259,1950,"10",19,"Fall",2,0.975293458396302,0.918693195792956
"01633000",1950-10-20,104,0.962962962962963,0.962962962962963,1950,"10",20,"Fall",2,0.975293458396302,0.918693195792956
"01633000",1950-10-21,101,0.971153846153846,1.00850591715976,1950,"10",21,"Fall",2,0.975293458396302,0.918693195792956
"01633000",1950-10-22,98,0.97029702970297,0.999117733555534,1950,"10",22,"Fall",2,0.975293458396302,0.918693195792956
"01633000",1950-10-23,101,1.03061224489796,1.06216159933361,1950,"10",23,"Fall",2,0.975293458396302,0.918693195792956
"01633000",1950-10-24,111,1.0990099009901,1.06636604254485,1950,"10",24,"Fall",2,0.975293458396302,0.918693195792956
"01633000",1950-10-25,104,0.936936936936937,0.852528203879555,1950,"10",25,"Fall",2,0.975293458396302,0.918693195792956
"01633000",1950-10-26,98,0.942307692307692,1.00573224852071,1950,"10",26,"Fall",2,0.975293458396302,0.918693195792956
"01633000",1950-10-27,94,0.959183673469388,1.01790920449813,1950,"10",27,"Fall",2,0.975293458396302,0.918693195792956
"01633000",1953-05-22,840,0.770642201834862,1.01809611985523,1953,"05",22,"Spring",3,0.92067636974669,0.910688395884411
"01633000",1953-05-23,720,0.857142857142857,1.11224489795918,1953,"05",23,"Spring",3,0.92067636974669,0.910688395884411
"01633000",1953-05-24,570,0.791666666666667,0.923611111111111,1953,"05",24,"Spring",3,0.92067636974669,0.910688395884411
"01633000",1953-05-25,498,0.873684210526316,1.10360110803324,1953,"05",25,"Spring",3,0.92067636974669,0.910688395884411
"01633000",1953-05-26,430,0.863453815261044,0.988290511443364,1953,"05",26,"Spring",3,0.92067636974669,0.910688395884411
"01633000",1953-05-27,386,0.897674418604651,1.03963223363981,1953,"05",27,"Spring",3,0.92067636974669,0.910688395884411
"01633000",1953-05-28,343,0.88860103626943,0.989892346103251,1953,"05",28,"Spring",3,0.92067636974669,0.910688395884411
"01633000",1953-05-29,322,0.938775510204082,1.05646456833462,1953,"05",29,"Spring",3,0.92067636974669,0.910688395884411
"01633000",1953-05-30,301,0.934782608695652,0.995746691871456,1953,"05",30,"Spring",3,0.92067636974669,0.910688395884411
"01633000",1953-05-31,364,1.2093023255814,1.29367225527312,1953,"05",31,"Spring",3,0.92067636974669,0.910688395884411
"01633000",1953-06-01,343,0.942307692307692,0.779215976331361,1953,"06",1,"Summer",3,0.92067636974669,0.910688395884411
"01633000",1953-06-02,301,0.877551020408163,0.931278633902541,1953,"06",2,"Summer",3,0.92067636974669,0.910688395884411
"01633000",1953-06-03,259,0.86046511627907,0.980530016224986,1953,"06",3,"Summer",3,0.92067636974669,0.910688395884411
"01633000",1953-06-04,239,0.922779922779923,1.07241991025775,1953,"06",4,"Summer",3,0.92067636974669,0.910688395884411
"01633000",1953-06-05,223,0.933054393305439,1.01113425885401,1953,"06",5,"Summer",3,0.92067636974669,0.910688395884411
"01633000",1953-06-06,208,0.932735426008969,0.999658147157594,1953,"06",6,"Summer",3,0.92067636974669,0.910688395884411
"01633000",1955-01-07,378,0.895734597156398,0.99337391343411,1955,"01",7,"Winter",4,0.952513756354852,0.985419761563923
"01633000",1955-01-08,332,0.878306878306878,0.980543657792335,1955,"01",8,"Winter",4,0.952513756354852,0.985419761563923
"01633000",1955-01-09,310,0.933734939759036,1.06310785309914,1955,"01",9,"Winter",4,0.952513756354852,0.985419761563923
"01633000",1955-01-10,290,0.935483870967742,1.00187304890739,1955,"01",10,"Winter",4,0.952513756354852,0.985419761563923
"01633000",1955-01-11,290,1,1.06896551724138,1955,"01",11,"Winter",4,0.952513756354852,0.985419761563923
"01633000",1955-01-12,270,0.931034482758621,0.931034482758621,1955,"01",12,"Winter",4,0.952513756354852,0.985419761563923
"01633000",1955-01-13,250,0.925925925925926,0.994513031550069,1955,"01",13,"Winter",4,0.952513756354852,0.985419761563923
"01633000",1955-01-14,230,0.92,0.9936,1955,"01",14,"Winter",4,0.952513756354852,0.985419761563923
"01633000",1955-01-15,226,0.982608695652174,1.06805293005671,1955,"01",15,"Winter",4,0.952513756354852,0.985419761563923
"01633000",1955-01-16,222,0.982300884955752,0.99968674132665,1955,"01",16,"Winter",4,0.952513756354852,0.985419761563923
"01633000",1955-01-17,210,0.945945945945946,0.962990017044071,1955,"01",17,"Winter",4,0.952513756354852,0.985419761563923
"01633000",1955-01-18,198,0.942857142857143,0.996734693877551,1955,"01",18,"Winter",4,0.952513756354852,0.985419761563923
"01633000",1955-01-19,190,0.95959595959596,1.01775329048056,1955,"01",19,"Winter",4,0.952513756354852,0.985419761563923
"01633000",1955-01-20,176,0.926315789473684,0.965318559556787,1955,"01",20,"Winter",4,0.952513756354852,0.985419761563923
"01633000",1955-01-21,166,0.943181818181818,1.0182076446281,1955,"01",21,"Winter",4,0.952513756354852,0.985419761563923
"01633000",1955-01-22,162,0.975903614457831,1.03469298882276,1955,"01",22,"Winter",4,0.952513756354852,0.985419761563923
"01633000",1955-01-23,162,1,1.02469135802469,1955,"01",23,"Winter",4,0.952513756354852,0.985419761563923
"01633000",1955-01-24,155,0.95679012345679,0.95679012345679,1955,"01",24,"Winter",4,0.952513756354852,0.985419761563923
"01633000",1955-01-25,148,0.954838709677419,0.9979604578564,1955,"01",25,"Winter",4,0.952513756354852,0.985419761563923
"01633000",1955-01-26,142,0.959459459459459,1.00483929875822,1955,"01",26,"Winter",4,0.952513756354852,0.985419761563923
"01633000",1955-01-27,142,1,1.04225352112676,1955,"01",27,"Winter",4,0.952513756354852,0.985419761563923
"01633000",1955-01-28,132,0.929577464788732,0.929577464788732,1955,"01",28,"Winter",4,0.952513756354852,0.985419761563923
"01633000",1955-01-29,120,0.909090909090909,0.977961432506887,1955,"01",29,"Winter",4,0.952513756354852,0.985419761563923
"01633000",1955-04-29,418,0.904761904761905,0.998763141620284,1955,"04",29,"Spring",5,0.930636018124002,0.979929072928546
"01633000",1955-04-30,372,0.889952153110048,0.983631327121632,1955,"04",30,"Spring",5,0.930636018124002,0.979929072928546
"01633000",1955-05-01,350,0.940860215053763,1.05720314487224,1955,"05",1,"Spring",5,0.930636018124002,0.979929072928546
"01633000",1955-05-02,305,0.871428571428571,0.926204081632653,1955,"05",2,"Spring",5,0.930636018124002,0.979929072928546
"01633000",1955-05-03,282,0.924590163934426,1.06100510615426,1955,"05",3,"Spring",5,0.930636018124002,0.979929072928546
"01633000",1955-05-04,260,0.921985815602837,0.997183240279664,1955,"05",4,"Spring",5,0.930636018124002,0.979929072928546
"01633000",1955-05-05,252,0.969230769230769,1.0512426035503,1955,"05",5,"Spring",5,0.930636018124002,0.979929072928546
"01633000",1955-05-06,227,0.900793650793651,0.92939027462837,1955,"05",6,"Spring",5,0.930636018124002,0.979929072928546
"01633000",1955-05-07,215,0.947136563876652,1.0514467581362,1955,"05",7,"Spring",5,0.930636018124002,0.979929072928546
"01633000",1955-05-08,204,0.948837209302326,1.00179556517036,1955,"05",8,"Spring",5,0.930636018124002,0.979929072928546
"01633000",1955-05-09,189,0.926470588235294,0.976427335640138,1955,"05",9,"Spring",5,0.930636018124002,0.979929072928546
"01633000",1955-05-10,174,0.920634920634921,0.993701184177375,1955,"05",10,"Spring",5,0.930636018124002,0.979929072928546
"01633000",1955-05-11,174,1,1.08620689655172,1955,"05",11,"Spring",5,0.930636018124002,0.979929072928546
"01633000",1955-05-12,170,0.977011494252874,0.977011494252874,1955,"05",12,"Spring",5,0.930636018124002,0.979929072928546
"01633000",1955-09-09,250,0.925925925925926,0.994513031550069,1955,"09",9,"Fall",6,0.964577227288099,0.971334334500768
"01633000",1955-09-10,230,0.92,0.9936,1955,"09",10,"Fall",6,0.964577227288099,0.971334334500768
"01633000",1955-09-11,226,0.982608695652174,1.06805293005671,1955,"09",11,"Fall",6,0.964577227288099,0.971334334500768
"01633000",1955-09-12,214,0.946902654867257,0.963661993891456,1955,"09",12,"Fall",6,0.964577227288099,0.971334334500768
"01633000",1955-09-13,198,0.925233644859813,0.977115905319242,1955,"09",13,"Fall",6,0.964577227288099,0.971334334500768
"01633000",1955-09-14,190,0.95959595959596,1.0371390674421,1955,"09",14,"Fall",6,0.964577227288099,0.971334334500768
"01633000",1955-09-15,180,0.947368421052632,0.987257617728532,1955,"09",15,"Fall",6,0.964577227288099,0.971334334500768
"01633000",1955-09-16,172,0.955555555555556,1.00864197530864,1955,"09",16,"Fall",6,0.964577227288099,0.971334334500768
"01633000",1955-09-17,169,0.982558139534884,1.0282585181179,1955,"09",17,"Fall",6,0.964577227288099,0.971334334500768
"01633000",1955-09-18,162,0.958579881656805,0.975596092573789,1955,"09",18,"Fall",6,0.964577227288099,0.971334334500768
"01633000",1955-09-19,158,0.975308641975309,1.01745160798659,1955,"09",19,"Fall",6,0.964577227288099,0.971334334500768
"01633000",1955-09-20,155,0.981012658227848,1.00584842172729,1955,"09",20,"Fall",6,0.964577227288099,0.971334334500768
"01633000",1955-09-21,145,0.935483870967742,0.953590010405827,1955,"09",21,"Fall",6,0.964577227288099,0.971334334500768
"01633000",1955-09-22,142,0.979310344827586,1.04684898929845,1955,"09",22,"Fall",6,0.964577227288099,0.971334334500768
"01633000",1955-09-23,138,0.971830985915493,0.992362626463003,1955,"09",23,"Fall",6,0.964577227288099,0.971334334500768
"01633000",1955-09-24,148,1.07246376811594,1.10354967443814,1955,"09",24,"Fall",6,0.964577227288099,0.971334334500768
"01633000",1955-09-25,145,0.97972972972973,0.913531775018261,1955,"09",25,"Fall",6,0.964577227288099,0.971334334500768
"01633000",1955-09-26,135,0.931034482758621,0.950297265160523,1955,"09",26,"Fall",6,0.964577227288099,0.971334334500768
"01633000",1955-09-27,129,0.955555555555556,1.02633744855967,1955,"09",27,"Fall",6,0.964577227288099,0.971334334500768
"01633000",1955-09-28,119,0.922480620155039,0.965386695511087,1955,"09",28,"Fall",6,0.964577227288099,0.971334334500768
"01633000",1955-09-29,116,0.974789915966387,1.05670503495516,1955,"09",29,"Fall",6,0.964577227288099,0.971334334500768
"01633000",1955-09-30,110,0.948275862068966,0.972800237812128,1955,"09",30,"Fall",6,0.964577227288099,0.971334334500768
"01633000",1957-04-11,800,0.8,1.024,1957,"04",11,"Spring",7,0.911387316583569,0.941985297923643
"01633000",1957-04-12,652,0.815,1.01875,1957,"04",12,"Spring",7,0.911387316583569,0.941985297923643
"01633000",1957-04-13,545,0.835889570552147,1.02563137491061,1957,"04",13,"Spring",7,0.911387316583569,0.941985297923643
"01633000",1957-04-14,448,0.822018348623853,0.983405437252757,1957,"04",14,"Spring",7,0.911387316583569,0.941985297923643
"01633000",1957-04-15,380,0.848214285714286,1.0318678252551,1957,"04",15,"Spring",7,0.911387316583569,0.941985297923643
"01633000",1957-04-16,338,0.889473684210526,1.04864265927978,1957,"04",16,"Spring",7,0.911387316583569,0.941985297923643
"01633000",1957-04-17,318,0.940828402366864,1.05773607366689,1957,"04",17,"Spring",7,0.911387316583569,0.941985297923643
"01633000",1957-04-18,298,0.937106918238994,0.996044460266603,1957,"04",18,"Spring",7,0.911387316583569,0.941985297923643
"01633000",1957-04-19,279,0.936241610738255,0.999076618170353,1957,"04",19,"Spring",7,0.911387316583569,0.941985297923643
"01633000",1957-04-20,260,0.931899641577061,0.995362341182667,1957,"04",20,"Spring",7,0.911387316583569,0.941985297923643
"01633000",1957-04-21,253,0.973076923076923,1.04418639053254,1957,"04",21,"Spring",7,0.911387316583569,0.941985297923643
"01633000",1957-04-22,235,0.928853754940711,0.954553265946976,1957,"04",22,"Spring",7,0.911387316583569,0.941985297923643
"01633000",1957-04-23,224,0.953191489361702,1.02620190131281,1957,"04",23,"Spring",7,0.911387316583569,0.941985297923643
"01633000",1957-04-24,217,0.96875,1.01632254464286,1957,"04",24,"Spring",7,0.911387316583569,0.941985297923643
"01633000",1957-04-25,206,0.949308755760369,0.979931618849413,1957,"04",25,"Spring",7,0.911387316583569,0.941985297923643
"01633000",1959-06-16,189,0.931034482758621,1.02734839476813,1959,"06",16,"Summer",8,0.949920705320681,0.987135121810081
"01633000",1959-06-17,179,0.947089947089947,1.0172447579855,1959,"06",17,"Summer",8,0.949920705320681,0.987135121810081
"01633000",1959-06-18,165,0.921787709497207,0.973284229580849,1959,"06",18,"Summer",8,0.949920705320681,0.987135121810081
"01633000",1959-06-19,162,0.981818181818182,1.06512396694215,1959,"06",19,"Summer",8,0.949920705320681,0.987135121810081
"01633000",1959-06-20,145,0.895061728395062,0.911636945587563,1959,"06",20,"Summer",8,0.949920705320681,0.987135121810081
"01633000",1959-06-21,138,0.951724137931034,1.06330558858502,1959,"06",21,"Summer",8,0.949920705320681,0.987135121810081
"01633000",1959-06-22,135,0.978260869565217,1.02788279773157,1959,"06",22,"Summer",8,0.949920705320681,0.987135121810081
"01633000",1959-06-23,125,0.925925925925926,0.946502057613169,1959,"06",23,"Summer",8,0.949920705320681,0.987135121810081
"01633000",1959-06-24,125,1,1.08,1959,"06",24,"Summer",8,0.949920705320681,0.987135121810081
"01633000",1959-06-25,119,0.952,0.952,1959,"06",25,"Summer",8,0.949920705320681,0.987135121810081
"01633000",1959-06-26,116,0.974789915966387,1.02393898735965,1959,"06",26,"Summer",8,0.949920705320681,0.987135121810081
"01633000",1959-06-27,113,0.974137931034483,0.999331153388823,1959,"06",27,"Summer",8,0.949920705320681,0.987135121810081
"01633000",1959-06-28,103,0.911504424778761,0.935703657295011,1959,"06",28,"Summer",8,0.949920705320681,0.987135121810081
"01633000",1959-06-29,94,0.912621359223301,1.00122537468187,1959,"06",29,"Summer",8,0.949920705320681,0.987135121810081
"01633000",1959-06-30,88,0.936170212765957,1.02580353100951,1959,"06",30,"Summer",8,0.949920705320681,0.987135121810081
"01633000",1960-01-02,253,0.923357664233577,0.997495870850871,1960,"01",2,"Winter",9,0.972196686381561,0.619128014080155
"01633000",1960-01-03,380,1.50197628458498,1.62664625287069,1960,"01",3,"Winter",9,0.972196686381561,0.619128014080155
"01633000",1960-01-04,592,1.55789473684211,1.03722991689751,1960,"01",4,"Winter",9,0.972196686381561,0.619128014080155
"01633000",1960-01-05,538,0.908783783783784,0.583340942293645,1960,"01",5,"Winter",9,0.972196686381561,0.619128014080155
"01633000",1960-01-06,482,0.895910780669145,0.985834911070881,1960,"01",6,"Winter",9,0.972196686381561,0.619128014080155
"01633000",1960-01-07,430,0.892116182572614,0.995764535734578,1960,"01",7,"Winter",9,0.972196686381561,0.619128014080155
"01633000",1960-01-08,380,0.883720930232558,0.990589507842077,1960,"01",8,"Winter",9,0.972196686381561,0.619128014080155
"01633000",1960-01-09,332,0.873684210526316,0.988642659279778,1960,"01",9,"Winter",9,0.972196686381561,0.619128014080155
"01633000",1960-01-10,283,0.852409638554217,0.975649586296995,1960,"01",10,"Winter",9,0.972196686381561,0.619128014080155
"01633000",1960-01-11,270,0.954063604240283,1.11925482900273,1960,"01",11,"Winter",9,0.972196686381561,0.619128014080155
"01633000",1960-01-12,245,0.907407407407407,0.951097393689986,1960,"01",12,"Winter",9,0.972196686381561,0.619128014080155
"01633000",1960-01-13,241,0.983673469387755,1.08404831320283,1960,"01",13,"Winter",9,0.972196686381561,0.619128014080155
"01633000",1960-01-14,237,0.983402489626556,0.999724522649403,1960,"01",14,"Winter",9,0.972196686381561,0.619128014080155
"01633000",1960-01-15,310,1.30801687763713,1.33009311185885,1960,"01",15,"Winter",9,0.972196686381561,0.619128014080155
"01633000",1960-01-16,600,1.93548387096774,1.47970863683663,1960,"01",16,"Winter",9,0.972196686381561,0.619128014080155
"01633000",1960-01-17,520,0.866666666666667,0.447777777777778,1960,"01",17,"Winter",9,0.972196686381561,0.619128014080155
"01633000",1960-01-18,450,0.865384615384615,0.998520710059172,1960,"01",18,"Winter",9,0.972196686381561,0.619128014080155
"01633000",1960-01-19,370,0.822222222222222,0.950123456790123,1960,"01",19,"Winter",9,0.972196686381561,0.619128014080155
"01633000",1960-01-20,332,0.897297297297297,1.09130752373996,1960,"01",20,"Winter",9,0.972196686381561,0.619128014080155
"01633000",1960-01-21,310,0.933734939759036,1.04060821599652,1960,"01",21,"Winter",9,0.972196686381561,0.619128014080155
"01633000",1960-01-22,292,0.941935483870968,1.0087825182102,1960,"01",22,"Winter",9,0.972196686381561,0.619128014080155
"01633000",1960-01-23,265,0.907534246575342,0.963478138487521,1960,"01",23,"Winter",9,0.972196686381561,0.619128014080155
"01633000",1960-01-24,233,0.879245283018868,0.968828764684941,1960,"01",24,"Winter",9,0.972196686381561,0.619128014080155
"01633000",1960-01-25,225,0.965665236051502,1.0982887877839,1960,"01",25,"Winter",9,0.972196686381561,0.619128014080155
"01633000",1960-01-26,211,0.937777777777778,0.971120987654321,1960,"01",26,"Winter",9,0.972196686381561,0.619128014080155
"01633000",1960-01-27,197,0.933649289099526,0.995597583163002,1960,"01",27,"Winter",9,0.972196686381561,0.619128014080155
"01633000",1960-01-28,204,1.03553299492386,1.10912417222809,1960,"01",28,"Winter",9,0.972196686381561,0.619128014080155
"01633000",1960-01-29,190,0.931372549019608,0.899413687043445,1960,"01",29,"Winter",9,0.972196686381561,0.619128014080155
"01633000",1960-01-30,183,0.963157894736842,1.03412742382271,1960,"01",30,"Winter",9,0.972196686381561,0.619128014080155
"01633000",1960-01-31,176,0.961748633879781,0.998536832989937,1960,"01",31,"Winter",9,0.972196686381561,0.619128014080155
"01633000",1960-02-01,162,0.920454545454545,0.957063533057851,1960,"02",1,"Winter",9,0.972196686381561,0.619128014080155
"01633000",1960-02-02,152,0.938271604938272,1.01935680536504,1960,"02",2,"Winter",9,0.972196686381561,0.619128014080155
"01633000",1960-02-03,148,0.973684210526316,1.03774238227147,1960,"02",3,"Winter",9,0.972196686381561,0.619128014080155
"01633000",1960-02-04,142,0.959459459459459,0.985390796201607,1960,"02",4,"Winter",9,0.972196686381561,0.619128014080155
"01633000",1964-03-14,740,0.86046511627907,0.980530016224986,1964,"03",14,"Spring",10,0.939403211084665,0.977749206632922
"01633000",1964-03-15,860,1.16216216216216,1.35062089116143,1964,"03",15,"Spring",10,0.939403211084665,0.977749206632922
"01633000",1964-03-16,800,0.930232558139535,0.800432666306111,1964,"03",16,"Spring",10,0.939403211084665,0.977749206632922
"01633000",1964-03-17,740,0.925,0.994375,1964,"03",17,"Spring",10,0.939403211084665,0.977749206632922
"01633000",1964-03-18,650,0.878378378378378,0.949598246895544,1964,"03",18,"Spring",10,0.939403211084665,0.977749206632922
"01633000",1964-03-19,565,0.869230769230769,0.989585798816568,1964,"03",19,"Spring",10,0.939403211084665,0.977749206632922
"01633000",1964-03-20,510,0.902654867256637,1.03845250215365,1964,"03",20,"Spring",10,0.939403211084665,0.977749206632922
"01633000",1964-03-21,510,1,1.1078431372549,1964,"03",21,"Spring",10,0.939403211084665,0.977749206632922
"01633000",1964-03-22,485,0.950980392156863,0.950980392156863,1964,"03",22,"Spring",10,0.939403211084665,0.977749206632922
"01633000",1964-03-23,460,0.948453608247423,0.99734296949729,1964,"03",23,"Spring",10,0.939403211084665,0.977749206632922
"01633000",1964-03-24,412,0.895652173913044,0.944328922495274,1964,"03",24,"Spring",10,0.939403211084665,0.977749206632922
"01633000",1964-03-25,389,0.944174757281553,1.05417569987746,1964,"03",25,"Spring",10,0.939403211084665,0.977749206632922
"01633000",1964-03-26,366,0.940874035989717,0.996504120379855,1964,"03",26,"Spring",10,0.939403211084665,0.977749206632922
"01633000",1964-03-27,345,0.942622950819672,1.0018588193138,1964,"03",27,"Spring",10,0.939403211084665,0.977749206632922
"01633000",1964-03-28,324,0.939130434782609,0.996294896030246,1964,"03",28,"Spring",10,0.939403211084665,0.977749206632922
"01633000",1964-03-29,324,1,1.06481481481481,1964,"03",29,"Spring",10,0.939403211084665,0.977749206632922
"01633000",1964-03-30,303,0.935185185185185,0.935185185185185,1964,"03",30,"Spring",10,0.939403211084665,0.977749206632922
"01633000",1964-03-31,282,0.930693069306931,0.995196549357906,1964,"03",31,"Spring",10,0.939403211084665,0.977749206632922
"01633000",1964-05-21,162,0.941860465116279,1.01852352623039,1964,"05",21,"Spring",11,0.964243076810037,0.905186000245053
"01633000",1964-05-22,146,0.901234567901235,0.956866331351928,1964,"05",22,"Spring",11,0.964243076810037,0.905186000245053
"01633000",1964-05-23,140,0.958904109589041,1.06398949146181,1964,"05",23,"Spring",11,0.964243076810037,0.905186000245053
"01633000",1964-05-24,134,0.957142857142857,0.998163265306123,1964,"05",24,"Spring",11,0.964243076810037,0.905186000245053
"01633000",1964-05-25,122,0.91044776119403,0.951214078859434,1964,"05",25,"Spring",11,0.964243076810037,0.905186000245053
"01633000",1964-05-26,113,0.926229508196721,1.01733404998656,1964,"05",26,"Spring",11,0.964243076810037,0.905186000245053
"01633000",1964-05-27,110,0.973451327433628,1.05098284908763,1964,"05",27,"Spring",11,0.964243076810037,0.905186000245053
"01633000",1964-05-28,107,0.972727272727273,0.999256198347108,1964,"05",28,"Spring",11,0.964243076810037,0.905186000245053
"01633000",1964-05-29,110,1.02803738317757,1.05686086121059,1964,"05",29,"Spring",11,0.964243076810037,0.905186000245053
"01633000",1964-05-30,105,0.954545454545455,0.928512396694215,1964,"05",30,"Spring",11,0.964243076810037,0.905186000245053
"01633000",1964-05-31,99,0.942857142857143,0.987755102040816,1964,"05",31,"Spring",11,0.964243076810037,0.905186000245053
"01633000",1964-06-01,102,1.03030303030303,1.09274563820018,1964,"06",1,"Summer",11,0.964243076810037,0.905186000245053
"01633000",1964-06-02,105,1.02941176470588,0.999134948096886,1964,"06",2,"Summer",11,0.964243076810037,0.905186000245053
"01633000",1964-06-03,99,0.942857142857143,0.915918367346939,1964,"06",3,"Summer",11,0.964243076810037,0.905186000245053
"01633000",1964-06-04,94,0.94949494949495,1.00704009794919,1964,"06",4,"Summer",11,0.964243076810037,0.905186000245053
"01633000",1964-06-05,88,0.936170212765957,0.98596650067904,1964,"06",5,"Summer",11,0.964243076810037,0.905186000245053
"01633000",1966-03-11,245,0.914179104477612,1.02333481844509,1966,"03",11,"Spring",12,0.944982524515003,0.92101274390781
"01633000",1966-03-12,218,0.889795918367347,0.973327780091628,1966,"03",12,"Spring",12,0.944982524515003,0.92101274390781
"01633000",1966-03-13,202,0.926605504587156,1.04136857166905,1966,"03",13,"Spring",12,0.944982524515003,0.92101274390781
"01633000",1966-03-14,195,0.965346534653465,1.04180962650721,1966,"03",14,"Spring",12,0.944982524515003,0.92101274390781
"01633000",1966-03-15,180,0.923076923076923,0.956213017751479,1966,"03",15,"Spring",12,0.944982524515003,0.92101274390781
"01633000",1966-03-16,170,0.944444444444444,1.02314814814815,1966,"03",16,"Spring",12,0.944982524515003,0.92101274390781
"01633000",1966-03-17,152,0.894117647058824,0.946712802768166,1966,"03",17,"Spring",12,0.944982524515003,0.92101274390781
"01633000",1966-03-18,139,0.914473684210526,1.02276662049861,1966,"03",18,"Spring",12,0.944982524515003,0.92101274390781
"01633000",1966-03-19,132,0.949640287769784,1.03845556648207,1966,"03",19,"Spring",12,0.944982524515003,0.92101274390781
"01633000",1966-03-20,126,0.954545454545455,1.0051652892562,1966,"03",20,"Spring",12,0.944982524515003,0.92101274390781
"01633000",1966-03-21,120,0.952380952380952,0.997732426303855,1966,"03",21,"Spring",12,0.944982524515003,0.92101274390781
"01633000",1966-03-22,114,0.95,0.9975,1966,"03",22,"Spring",12,0.944982524515003,0.92101274390781
"01633000",1966-03-23,108,0.947368421052632,0.997229916897507,1966,"03",23,"Spring",12,0.944982524515003,0.92101274390781
"01633000",1966-03-24,114,1.05555555555556,1.1141975308642,1966,"03",24,"Spring",12,0.944982524515003,0.92101274390781
"01633000",1966-03-25,126,1.10526315789474,1.04709141274238,1966,"03",25,"Spring",12,0.944982524515003,0.92101274390781
"01633000",1966-03-26,117,0.928571428571429,0.840136054421769,1966,"03",26,"Spring",12,0.944982524515003,0.92101274390781
"01633000",1966-03-27,108,0.923076923076923,0.994082840236686,1966,"03",27,"Spring",12,0.944982524515003,0.92101274390781
"01633000",1966-06-01,218,0.848249027237354,0.990173961755666,1966,"06",1,"Summer",13,0.927007443550749,0.982966400443056
"01633000",1966-06-02,195,0.894495412844037,1.05451982156384,1966,"06",2,"Summer",13,0.927007443550749,0.982966400443056
"01633000",1966-06-03,173,0.887179487179487,0.991821170282709,1966,"06",3,"Summer",13,0.927007443550749,0.982966400443056
"01633000",1966-06-04,152,0.878612716763006,0.990343813692405,1966,"06",4,"Summer",13,0.927007443550749,0.982966400443056
"01633000",1966-06-05,139,0.914473684210526,1.0408154432133,1966,"06",5,"Summer",13,0.927007443550749,0.982966400443056
"01633000",1966-06-06,126,0.906474820143885,0.991253040732881,1966,"06",6,"Summer",13,0.927007443550749,0.982966400443056
"01633000",1966-06-07,135,1.07142857142857,1.18197278911565,1966,"06",7,"Summer",13,0.927007443550749,0.982966400443056
"01633000",1966-06-08,139,1.02962962962963,0.960987654320988,1966,"06",8,"Summer",13,0.927007443550749,0.982966400443056
"01633000",1966-06-09,123,0.884892086330935,0.85942756586098,1966,"06",9,"Summer",13,0.927007443550749,0.982966400443056
"01633000",1966-06-10,108,0.878048780487805,0.992266508030934,1966,"06",10,"Summer",13,0.927007443550749,0.982966400443056
"01633000",1966-06-11,94,0.87037037037037,0.991255144032922,1966,"06",11,"Summer",13,0.927007443550749,0.982966400443056
"01633000",1966-06-12,86,0.914893617021277,1.05115436849253,1966,"06",12,"Summer",13,0.927007443550749,0.982966400443056
"01633000",1966-06-13,80,0.930232558139535,1.01676581936182,1966,"06",13,"Summer",13,0.927007443550749,0.982966400443056
"01633000",1966-06-14,75,0.9375,1.0078125,1966,"06",14,"Summer",13,0.927007443550749,0.982966400443056
"01633000",1966-06-15,71,0.946666666666667,1.00977777777778,1966,"06",15,"Summer",13,0.927007443550749,0.982966400443056
"01633000",1967-11-04,166,0.89247311827957,0.993236212278876,1967,"11",4,"Fall",14,0.95707473162897,0.93684217222756
"01633000",1967-11-05,153,0.921686746987952,1.0327333430106,1967,"11",5,"Fall",14,0.95707473162897,0.93684217222756
"01633000",1967-11-06,137,0.895424836601307,0.971506685462856,1967,"11",6,"Fall",14,0.95707473162897,0.93684217222756
"01633000",1967-11-07,128,0.934306569343066,1.04342266503277,1967,"11",7,"Fall",14,0.95707473162897,0.93684217222756
"01633000",1967-11-08,125,0.9765625,1.04522705078125,1967,"11",8,"Fall",14,0.95707473162897,0.93684217222756
"01633000",1967-11-09,116,0.928,0.950272,1967,"11",9,"Fall",14,0.95707473162897,0.93684217222756
"01633000",1967-11-10,110,0.948275862068966,1.02184898929845,1967,"11",10,"Fall",14,0.95707473162897,0.93684217222756
"01633000",1967-11-11,107,0.972727272727273,1.02578512396694,1967,"11",11,"Fall",14,0.95707473162897,0.93684217222756
"01633000",1967-11-12,105,0.981308411214953,1.00882173115556,1967,"11",12,"Fall",14,0.95707473162897,0.93684217222756
"01633000",1967-11-13,96,0.914285714285714,0.931700680272109,1967,"11",13,"Fall",14,0.95707473162897,0.93684217222756
"01633000",1967-11-14,94,0.979166666666667,1.07096354166667,1967,"11",14,"Fall",14,0.95707473162897,0.93684217222756
"01633000",1967-11-15,91,0.968085106382979,0.988682661837936,1967,"11",15,"Fall",14,0.95707473162897,0.93684217222756
"01633000",1967-11-16,88,0.967032967032967,0.998913174737351,1967,"11",16,"Fall",14,0.95707473162897,0.93684217222756
"01633000",1967-11-17,88,1,1.03409090909091,1967,"11",17,"Fall",14,0.95707473162897,0.93684217222756
"01633000",1967-11-18,88,1,1,1967,"11",18,"Fall",14,0.95707473162897,0.93684217222756
"01633000",1967-11-19,86,0.977272727272727,0.977272727272727,1967,"11",19,"Fall",14,0.95707473162897,0.93684217222756
"01633000",1967-12-17,485,0.819256756756757,1.02407094594595,1967,"12",17,"Winter",15,0.962448211975311,0.9068391375503
"01633000",1967-12-18,436,0.898969072164948,1.09729833138484,1967,"12",18,"Winter",15,0.962448211975311,0.9068391375503
"01633000",1967-12-19,412,0.944954128440367,1.05115310159078,1967,"12",19,"Winter",15,0.962448211975311,0.9068391375503
"01633000",1967-12-20,366,0.888349514563107,0.94009802997455,1967,"12",20,"Winter",15,0.962448211975311,0.9068391375503
"01633000",1967-12-21,324,0.885245901639344,0.996506315506584,1967,"12",21,"Winter",15,0.962448211975311,0.9068391375503
"01633000",1967-12-22,303,0.935185185185185,1.05641289437586,1967,"12",22,"Winter",15,0.962448211975311,0.9068391375503
"01633000",1967-12-23,282,0.930693069306931,0.995196549357906,1967,"12",23,"Winter",15,0.962448211975311,0.9068391375503
"01633000",1967-12-24,263,0.932624113475177,1.00207484532971,1967,"12",24,"Winter",15,0.962448211975311,0.9068391375503
"01633000",1967-12-25,244,0.927756653992395,0.994780898957626,1967,"12",25,"Winter",15,0.962448211975311,0.9068391375503
"01633000",1967-12-26,233,0.954918032786885,1.02927640419242,1967,"12",26,"Winter",15,0.962448211975311,0.9068391375503
"01633000",1967-12-27,263,1.12875536480687,1.18204424469045,1967,"12",27,"Winter",15,0.962448211975311,0.9068391375503
"01633000",1967-12-28,250,0.950570342205323,0.842140265147682,1967,"12",28,"Winter",15,0.962448211975311,0.9068391375503
"01633000",1967-12-29,240,0.96,1.00992,1967,"12",29,"Winter",15,0.962448211975311,0.9068391375503
"01633000",1967-12-30,237,0.9875,1.02864583333333,1967,"12",30,"Winter",15,0.962448211975311,0.9068391375503
"01633000",1967-12-31,225,0.949367088607595,0.961384393526678,1967,"12",31,"Winter",15,0.962448211975311,0.9068391375503
"01633000",1968-01-01,211,0.937777777777778,0.987792592592593,1968,"01",1,"Winter",15,0.962448211975311,0.9068391375503
"01633000",1968-01-02,200,0.947867298578199,1.01075896767817,1968,"01",2,"Winter",15,0.962448211975311,0.9068391375503
"01633000",1968-01-03,195,0.975,1.028625,1968,"01",3,"Winter",15,0.962448211975311,0.9068391375503
"01633000",1968-01-04,190,0.974358974358974,0.999342537804076,1968,"01",4,"Winter",15,0.962448211975311,0.9068391375503
"01633000",1968-01-05,180,0.947368421052632,0.972299168975069,1968,"01",5,"Winter",15,0.962448211975311,0.9068391375503
"01633000",1968-01-06,175,0.972222222222222,1.02623456790123,1968,"01",6,"Winter",15,0.962448211975311,0.9068391375503
"01633000",1968-01-07,170,0.971428571428571,0.999183673469388,1968,"01",7,"Winter",15,0.962448211975311,0.9068391375503
"01633000",1968-01-08,170,1,1.02941176470588,1968,"01",8,"Winter",15,0.962448211975311,0.9068391375503
"01633000",1968-01-09,165,0.970588235294118,0.970588235294118,1968,"01",9,"Winter",15,0.962448211975311,0.9068391375503
"01633000",1968-01-10,160,0.96969696969697,0.999081726354454,1968,"01",10,"Winter",15,0.962448211975311,0.9068391375503
"01633000",1968-02-14,310,0.911764705882353,0.981487889273356,1968,"02",14,"Winter",16,0.950386459053316,0.982175201305065
"01633000",1968-02-15,285,0.919354838709677,1.00832466181061,1968,"02",15,"Winter",16,0.950386459053316,0.982175201305065
"01633000",1968-02-16,265,0.929824561403509,1.01138811942136,1968,"02",16,"Winter",16,0.950386459053316,0.982175201305065
"01633000",1968-02-17,245,0.924528301886792,0.994304022783909,1968,"02",17,"Winter",16,0.950386459053316,0.982175201305065
"01633000",1968-02-18,230,0.938775510204082,1.01541024573095,1968,"02",18,"Winter",16,0.950386459053316,0.982175201305065
"01633000",1968-02-19,220,0.956521739130435,1.01890359168242,1968,"02",19,"Winter",16,0.950386459053316,0.982175201305065
"01633000",1968-02-20,210,0.954545454545455,0.997933884297521,1968,"02",20,"Winter",16,0.950386459053316,0.982175201305065
"01633000",1968-02-21,200,0.952380952380952,0.997732426303855,1968,"02",21,"Winter",16,0.950386459053316,0.982175201305065
"01633000",1968-02-22,190,0.95,0.9975,1968,"02",22,"Winter",16,0.950386459053316,0.982175201305065
"01633000",1968-02-23,180,0.947368421052632,0.997229916897507,1968,"02",23,"Winter",16,0.950386459053316,0.982175201305065
"01633000",1968-02-24,170,0.944444444444444,0.996913580246914,1968,"02",24,"Winter",16,0.950386459053316,0.982175201305065
"01633000",1968-02-25,165,0.970588235294118,1.02768166089965,1968,"02",25,"Winter",16,0.950386459053316,0.982175201305065
"01633000",1968-02-26,160,0.96969696969697,0.999081726354454,1968,"02",26,"Winter",16,0.950386459053316,0.982175201305065
"01633000",1968-02-27,155,0.96875,0.9990234375,1968,"02",27,"Winter",16,0.950386459053316,0.982175201305065
"01633000",1968-02-28,150,0.967741935483871,0.998959417273673,1968,"02",28,"Winter",16,0.950386459053316,0.982175201305065
"01633000",1968-04-04,345,0.942622950819672,1.0018588193138,1968,"04",4,"Spring",17,0.967916368867291,0.988934964859681
"01633000",1968-04-05,345,1,1.06086956521739,1968,"04",5,"Spring",17,0.967916368867291,0.988934964859681
"01633000",1968-04-06,324,0.939130434782609,0.939130434782609,1968,"04",6,"Spring",17,0.967916368867291,0.988934964859681
"01633000",1968-04-07,303,0.935185185185185,0.995799039780521,1968,"04",7,"Spring",17,0.967916368867291,0.988934964859681
"01633000",1968-04-08,303,1,1.06930693069307,1968,"04",8,"Spring",17,0.967916368867291,0.988934964859681
"01633000",1968-04-09,282,0.930693069306931,0.930693069306931,1968,"04",9,"Spring",17,0.967916368867291,0.988934964859681
"01633000",1968-04-10,263,0.932624113475177,1.00207484532971,1968,"04",10,"Spring",17,0.967916368867291,0.988934964859681
"01633000",1968-04-11,263,1,1.0722433460076,1968,"04",11,"Spring",17,0.967916368867291,0.988934964859681
"01633000",1968-04-12,244,0.927756653992395,0.927756653992395,1968,"04",12,"Spring",17,0.967916368867291,0.988934964859681
"01633000",1968-04-13,244,1,1.07786885245902,1968,"04",13,"Spring",17,0.967916368867291,0.988934964859681
"01633000",1968-04-14,237,0.971311475409836,0.971311475409836,1968,"04",14,"Spring",17,0.967916368867291,0.988934964859681
"01633000",1968-04-15,244,1.0295358649789,1.05994409727786,1968,"04",15,"Spring",17,0.967916368867291,0.988934964859681
"01633000",1968-04-16,229,0.938524590163934,0.911599704380543,1968,"04",16,"Spring",17,0.967916368867291,0.988934964859681
"01633000",1968-04-17,218,0.951965065502183,1.01432085581892,1968,"04",17,"Spring",17,0.967916368867291,0.988934964859681
"01633000",1968-04-18,218,1,1.05045871559633,1968,"04",18,"Spring",17,0.967916368867291,0.988934964859681
"01633000",1968-04-19,207,0.94954128440367,0.94954128440367,1968,"04",19,"Spring",17,0.967916368867291,0.988934964859681
"01633000",1968-04-20,200,0.966183574879227,1.01752666339938,1968,"04",20,"Spring",17,0.967916368867291,0.988934964859681
"01633000",1968-04-21,200,1,1.035,1968,"04",21,"Spring",17,0.967916368867291,0.988934964859681
"01633000",1968-04-22,190,0.95,0.95,1968,"04",22,"Spring",17,0.967916368867291,0.988934964859681
"01633000",1968-04-23,182,0.957894736842105,1.00831024930748,1968,"04",23,"Spring",17,0.967916368867291,0.988934964859681
"01633000",1968-06-01,485,0.713235294117647,1.02789792387543,1968,"06",1,"Summer",18,0.898999471865784,0.956243114817821
"01633000",1968-06-02,389,0.802061855670103,1.12454033372303,1968,"06",2,"Summer",18,0.898999471865784,0.956243114817821
"01633000",1968-06-03,324,0.832904884318766,1.0384546758216,1968,"06",3,"Summer",18,0.898999471865784,0.956243114817821
"01633000",1968-06-04,263,0.811728395061728,0.974575140984606,1968,"06",4,"Summer",18,0.898999471865784,0.956243114817821
"01633000",1968-06-05,229,0.870722433460076,1.07267706631584,1968,"06",5,"Summer",18,0.898999471865784,0.956243114817821
"01633000",1968-06-06,200,0.873362445414847,1.00303197879522,1968,"06",6,"Summer",18,0.898999471865784,0.956243114817821
"01633000",1968-06-07,166,0.83,0.95035,1968,"06",7,"Summer",18,0.898999471865784,0.956243114817821
"01633000",1968-06-08,153,0.921686746987952,1.11046596022645,1968,"06",8,"Summer",18,0.898999471865784,0.956243114817821
"01633000",1968-06-09,150,0.980392156862745,1.0636934512367,1968,"06",9,"Summer",18,0.898999471865784,0.956243114817821
"01633000",1968-06-10,146,0.973333333333333,0.9928,1968,"06",10,"Summer",18,0.898999471865784,0.956243114817821
"01633000",1968-06-11,134,0.917808219178082,0.942953649840495,1968,"06",11,"Summer",18,0.898999471865784,0.956243114817821
"01633000",1968-06-12,128,0.955223880597015,1.0407663176654,1968,"06",12,"Summer",18,0.898999471865784,0.956243114817821
"01633000",1968-06-13,116,0.90625,0.94873046875,1968,"06",13,"Summer",18,0.898999471865784,0.956243114817821
"01633000",1968-06-14,105,0.905172413793103,0.998810939357907,1968,"06",14,"Summer",18,0.898999471865784,0.956243114817821
"01633000",1968-06-15,96,0.914285714285714,1.01006802721088,1968,"06",15,"Summer",18,0.898999471865784,0.956243114817821
"01633000",1969-05-14,96,0.941176470588235,0.987312572087659,1969,"05",14,"Spring",19,0.962038717685933,0.963087758759156
"01633000",1969-05-15,91,0.947916666666667,1.00716145833333,1969,"05",15,"Spring",19,0.962038717685933,0.963087758759156
"01633000",1969-05-16,83,0.912087912087912,0.962202632532303,1969,"05",16,"Spring",19,0.962038717685933,0.963087758759156
"01633000",1969-05-17,78,0.939759036144578,1.03033822035128,1969,"05",17,"Spring",19,0.962038717685933,0.963087758759156
"01633000",1969-05-18,73,0.935897435897436,0.995890861275477,1969,"05",18,"Spring",19,0.962038717685933,0.963087758759156
"01633000",1969-05-19,78,1.06849315068493,1.14167761306061,1969,"05",19,"Spring",19,0.962038717685933,0.963087758759156
"01633000",1969-05-20,83,1.06410256410256,0.995890861275477,1969,"05",20,"Spring",19,0.962038717685933,0.963087758759156
"01633000",1969-05-21,76,0.91566265060241,0.86050224996371,1969,"05",21,"Spring",19,0.962038717685933,0.963087758759156
"01633000",1969-05-22,69,0.907894736842105,0.991516620498615,1969,"05",22,"Spring",19,0.962038717685933,0.963087758759156
"01633000",1969-05-23,64,0.927536231884058,1.02163411048099,1969,"05",23,"Spring",19,0.962038717685933,0.963087758759156
"01633000",1969-05-24,88,1.375,1.482421875,1969,"05",24,"Spring",19,0.962038717685933,0.963087758759156
"01633000",1969-05-25,73,0.829545454545455,0.603305785123967,1969,"05",25,"Spring",19,0.962038717685933,0.963087758759156
"01633000",1969-05-26,66,0.904109589041096,1.08988553199475,1969,"05",26,"Spring",19,0.962038717685933,0.963087758759156
"01633000",1969-05-27,59,0.893939393939394,0.988751147842057,1969,"05",27,"Spring",19,0.962038717685933,0.963087758759156
"01633000",1969-05-28,57,0.966101694915254,1.0807239299052,1969,"05",28,"Spring",19,0.962038717685933,0.963087758759156
"01633000",1969-05-29,53,0.929824561403509,0.962449984610649,1969,"05",29,"Spring",19,0.962038717685933,0.963087758759156
"01633000",1969-05-30,49,0.924528301886792,0.994304022783909,1969,"05",30,"Spring",19,0.962038717685933,0.963087758759156
"01633000",1970-04-28,740,0.804347826086957,1.01417769376181,1970,"04",28,"Spring",20,0.926426374393726,0.943435976144099
"01633000",1970-04-29,620,0.837837837837838,1.04163623082542,1970,"04",29,"Spring",20,0.926426374393726,0.943435976144099
"01633000",1970-04-30,538,0.867741935483871,1.03569198751301,1970,"04",30,"Spring",20,0.926426374393726,0.943435976144099
"01633000",1970-05-01,460,0.855018587360595,0.985337405508492,1970,"05",1,"Spring",20,0.926426374393726,0.943435976144099
"01633000",1970-05-02,412,0.895652173913044,1.0475236294896,1970,"05",2,"Spring",20,0.926426374393726,0.943435976144099
"01633000",1970-05-03,436,1.05825242718447,1.18154397209916,1970,"05",3,"Spring",20,0.926426374393726,0.943435976144099
"01633000",1970-05-04,389,0.892201834862385,0.843089807255282,1970,"05",4,"Spring",20,0.926426374393726,0.943435976144099
"01633000",1970-05-05,345,0.886889460154242,0.994045770249998,1970,"05",5,"Spring",20,0.926426374393726,0.943435976144099
"01633000",1970-05-06,324,0.939130434782609,1.05890359168242,1970,"05",6,"Spring",20,0.926426374393726,0.943435976144099
"01633000",1970-05-07,303,0.935185185185185,0.995799039780521,1970,"05",7,"Spring",20,0.926426374393726,0.943435976144099
"01633000",1970-05-08,282,0.930693069306931,0.995196549357906,1970,"05",8,"Spring",20,0.926426374393726,0.943435976144099
"01633000",1970-05-09,263,0.932624113475177,1.00207484532971,1970,"05",9,"Spring",20,0.926426374393726,0.943435976144099
"01633000",1970-05-10,244,0.927756653992395,0.994780898957626,1970,"05",10,"Spring",20,0.926426374393726,0.943435976144099
"01633000",1970-05-11,244,1,1.07786885245902,1970,"05",11,"Spring",20,0.926426374393726,0.943435976144099
"01633000",1970-05-12,229,0.938524590163934,0.938524590163934,1970,"05",12,"Spring",20,0.926426374393726,0.943435976144099
"01633000",1970-05-13,222,0.96943231441048,1.03293224766881,1970,"05",13,"Spring",20,0.926426374393726,0.943435976144099
"01633000",1970-05-14,214,0.963963963963964,0.994359224088954,1970,"05",14,"Spring",20,0.926426374393726,0.943435976144099
"01633000",1971-04-12,710,0.825581395348837,0.998377501352082,1971,"04",12,"Spring",21,0.93042352249983,0.94021506688705
"01633000",1971-04-13,592,0.833802816901408,1.00995834159889,1971,"04",13,"Spring",21,0.93042352249983,0.94021506688705
"01633000",1971-04-14,510,0.861486486486487,1.03320169831994,1971,"04",14,"Spring",21,0.93042352249983,0.94021506688705
"01633000",1971-04-15,436,0.854901960784314,0.992356785851595,1971,"04",15,"Spring",21,0.93042352249983,0.94021506688705
"01633000",1971-04-16,389,0.892201834862385,1.04363058665096,1971,"04",16,"Spring",21,0.93042352249983,0.94021506688705
"01633000",1971-04-17,366,0.940874035989717,1.0545529040913,1971,"04",17,"Spring",21,0.93042352249983,0.94021506688705
"01633000",1971-04-18,345,0.942622950819672,1.0018588193138,1971,"04",18,"Spring",21,0.93042352249983,0.94021506688705
"01633000",1971-04-19,303,0.878260869565217,0.9317202268431,1971,"04",19,"Spring",21,0.93042352249983,0.94021506688705
"01633000",1971-04-20,263,0.867986798679868,0.988301800477077,1971,"04",20,"Spring",21,0.93042352249983,0.94021506688705
"01633000",1971-04-21,263,1,1.15209125475285,1971,"04",21,"Spring",21,0.93042352249983,0.94021506688705
"01633000",1971-04-22,263,1,1,1971,"04",22,"Spring",21,0.93042352249983,0.94021506688705
"01633000",1971-04-23,244,0.927756653992395,0.927756653992395,1971,"04",23,"Spring",21,0.93042352249983,0.94021506688705
"01633000",1971-04-24,229,0.938524590163934,1.01160642300457,1971,"04",24,"Spring",21,0.93042352249983,0.94021506688705
"01633000",1971-04-25,218,0.951965065502183,1.01432085581892,1971,"04",25,"Spring",21,0.93042352249983,0.94021506688705
"01633000",1971-04-26,207,0.94954128440367,0.997453918020369,1971,"04",26,"Spring",21,0.93042352249983,0.94021506688705
"01633000",1971-04-27,186,0.898550724637681,0.946299796961423,1971,"04",27,"Spring",21,0.93042352249983,0.94021506688705
"01633000",1971-04-28,193,1.03763440860215,1.1547866805411,1971,"04",28,"Spring",21,0.93042352249983,0.94021506688705
"01633000",1971-04-29,186,0.963730569948187,0.928776611452656,1971,"04",29,"Spring",21,0.93042352249983,0.94021506688705
"01633000",1971-04-30,176,0.946236559139785,0.981847612440745,1971,"04",30,"Spring",21,0.93042352249983,0.94021506688705
"01633000",1971-05-01,166,0.943181818181818,0.996771694214876,1971,"05",1,"Spring",21,0.93042352249983,0.94021506688705
"01633000",1971-11-09,214,0.946902654867257,1.02231968047615,1971,"11",9,"Fall",22,0.971603110584368,0.902298110213971
"01633000",1971-11-10,211,0.985981308411215,1.04126997991091,1971,"11",10,"Fall",22,0.971603110584368,0.902298110213971
"01633000",1971-11-11,200,0.947867298578199,0.961344084813908,1971,"11",11,"Fall",22,0.971603110584368,0.902298110213971
"01633000",1971-11-12,190,0.95,1.00225,1971,"11",12,"Fall",22,0.971603110584368,0.902298110213971
"01633000",1971-11-13,182,0.957894736842105,1.00831024930748,1971,"11",13,"Fall",22,0.971603110584368,0.902298110213971
"01633000",1971-11-14,176,0.967032967032967,1.00953991063881,1971,"11",14,"Fall",22,0.971603110584368,0.902298110213971
"01633000",1971-11-15,172,0.977272727272727,1.01058884297521,1971,"11",15,"Fall",22,0.971603110584368,0.902298110213971
"01633000",1971-11-16,166,0.965116279069767,0.987560843699297,1971,"11",16,"Fall",22,0.971603110584368,0.902298110213971
"01633000",1971-11-17,159,0.957831325301205,0.992451734649441,1971,"11",17,"Fall",22,0.971603110584368,0.902298110213971
"01633000",1971-11-18,153,0.962264150943396,1.00462798148807,1971,"11",18,"Fall",22,0.971603110584368,0.902298110213971
"01633000",1971-11-19,150,0.980392156862745,1.01883890811226,1971,"11",19,"Fall",22,0.971603110584368,0.902298110213971
"01633000",1971-11-20,146,0.973333333333333,0.9928,1971,"11",20,"Fall",22,0.971603110584368,0.902298110213971
"01633000",1971-11-21,140,0.958904109589041,0.985175455057234,1971,"11",21,"Fall",22,0.971603110584368,0.902298110213971
"01633000",1971-11-22,137,0.978571428571429,1.02051020408163,1971,"11",22,"Fall",22,0.971603110584368,0.902298110213971
"01633000",1971-11-23,131,0.956204379562044,0.977143161596249,1971,"11",23,"Fall",22,0.971603110584368,0.902298110213971
"01633000",1971-11-24,125,0.954198473282443,0.997902220150341,1971,"11",24,"Fall",22,0.971603110584368,0.902298110213971
"01633000",1971-11-25,156,1.248,1.307904,1971,"11",25,"Fall",22,0.971603110584368,0.902298110213971
"01633000",1971-11-26,146,0.935897435897436,0.74991781722551,1971,"11",26,"Fall",22,0.971603110584368,0.902298110213971
"01633000",1971-11-27,140,0.958904109589041,1.02458247325952,1971,"11",27,"Fall",22,0.971603110584368,0.902298110213971
"01633000",1974-05-18,371,0.839366515837104,1.02926844249708,1974,"05",18,"Spring",23,0.923315608949401,0.98452409733563
"01633000",1974-05-19,326,0.878706199460916,1.04686830232271,1974,"05",19,"Spring",23,0.923315608949401,0.98452409733563
"01633000",1974-05-20,283,0.868098159509202,0.987927660054951,1974,"05",20,"Spring",23,0.923315608949401,0.98452409733563
"01633000",1974-05-21,250,0.88339222614841,1.01761790008615,1974,"05",21,"Spring",23,0.923315608949401,0.98452409733563
"01633000",1974-05-22,238,0.952,1.077664,1974,"05",22,"Spring",23,0.923315608949401,0.98452409733563
"01633000",1974-05-23,230,0.966386554621849,1.01511192712379,1974,"05",23,"Spring",23,0.923315608949401,0.98452409733563
"01633000",1974-05-24,214,0.930434782608696,0.962797731568998,1974,"05",24,"Spring",23,0.923315608949401,0.98452409733563
"01633000",1974-05-25,188,0.878504672897196,0.944187265263342,1974,"05",25,"Spring",23,0.923315608949401,0.98452409733563
"01633000",1974-05-26,177,0.941489361702128,1.07169533725668,1974,"05",26,"Spring",23,0.923315608949401,0.98452409733563
"01633000",1974-05-27,170,0.96045197740113,1.02014108334131,1974,"05",27,"Spring",23,0.923315608949401,0.98452409733563
"01633000",1974-05-28,157,0.923529411764706,0.961557093425606,1974,"05",28,"Spring",23,0.923315608949401,0.98452409733563
"01633000",1974-05-29,147,0.936305732484076,1.01383423262607,1974,"05",29,"Spring",23,0.923315608949401,0.98452409733563
"01633000",1974-05-30,132,0.897959183673469,0.959044842426767,1974,"05",30,"Spring",23,0.923315608949401,0.98452409733563
"01633000",1974-05-31,120,0.909090909090909,1.01239669421488,1974,"05",31,"Spring",23,0.923315608949401,0.98452409733563
"01633000",1974-07-03,184,0.85981308411215,1.00445453751419,1974,"07",3,"Summer",24,0.921143032334524,0.932299938101422
"01633000",1974-07-04,167,0.907608695652174,1.05558837429112,1974,"07",4,"Summer",24,0.921143032334524,0.932299938101422
"01633000",1974-07-05,160,0.958083832335329,1.0556133242497,1974,"07",5,"Summer",24,0.921143032334524,0.932299938101422
"01633000",1974-07-06,157,0.98125,1.0241796875,1974,"07",6,"Summer",24,0.921143032334524,0.932299938101422
"01633000",1974-07-07,153,0.974522292993631,0.993143738082681,1974,"07",7,"Summer",24,0.921143032334524,0.932299938101422
"01633000",1974-07-08,144,0.941176470588235,0.965782391387928,1974,"07",8,"Summer",24,0.921143032334524,0.932299938101422
"01633000",1974-07-09,135,0.9375,0.99609375,1974,"07",9,"Summer",24,0.921143032334524,0.932299938101422
"01633000",1974-07-10,123,0.911111111111111,0.971851851851852,1974,"07",10,"Summer",24,0.921143032334524,0.932299938101422
"01633000",1974-07-11,114,0.926829268292683,1.01725163593099,1974,"07",11,"Summer",24,0.921143032334524,0.932299938101422
"01633000",1974-07-12,106,0.929824561403509,1.00323176361958,1974,"07",12,"Summer",24,0.921143032334524,0.932299938101422
"01633000",1974-07-13,98,0.924528301886792,0.994304022783909,1974,"07",13,"Summer",24,0.921143032334524,0.932299938101422
"01633000",1974-07-14,82,0.836734693877551,0.905039566847147,1974,"07",14,"Summer",24,0.921143032334524,0.932299938101422
"01633000",1974-07-15,64,0.780487804878049,0.932778108268888,1974,"07",15,"Summer",24,0.921143032334524,0.932299938101422
"01633000",1974-07-16,59,0.921875,1.18115234375,1974,"07",16,"Summer",24,0.921143032334524,0.932299938101422
"01633000",1974-07-17,55,0.932203389830508,1.01120367710428,1974,"07",17,"Summer",24,0.921143032334524,0.932299938101422
"01633000",1975-10-03,250,0.833333333333333,1,1975,"10",3,"Fall",25,0.925134125401857,0.972659143399781
"01633000",1975-10-04,220,0.88,1.056,1975,"10",4,"Fall",25,0.925134125401857,0.972659143399781
"01633000",1975-10-05,190,0.863636363636364,0.981404958677686,1975,"10",5,"Fall",25,0.925134125401857,0.972659143399781
"01633000",1975-10-06,170,0.894736842105263,1.03601108033241,1975,"10",6,"Fall",25,0.925134125401857,0.972659143399781
"01633000",1975-10-07,150,0.882352941176471,0.986159169550173,1975,"10",7,"Fall",25,0.925134125401857,0.972659143399781
"01633000",1975-10-08,144,0.96,1.088,1975,"10",8,"Fall",25,0.925134125401857,0.972659143399781
"01633000",1975-10-09,135,0.9375,0.9765625,1975,"10",9,"Fall",25,0.925134125401857,0.972659143399781
"01633000",1975-10-10,125,0.925925925925926,0.987654320987654,1975,"10",10,"Fall",25,0.925134125401857,0.972659143399781
"01633000",1975-10-11,110,0.88,0.9504,1975,"10",11,"Fall",25,0.925134125401857,0.972659143399781
"01633000",1975-10-12,106,0.963636363636364,1.09504132231405,1975,"10",12,"Fall",25,0.925134125401857,0.972659143399781
"01633000",1975-10-13,100,0.943396226415094,0.978996084015664,1975,"10",13,"Fall",25,0.925134125401857,0.972659143399781
"01633000",1975-10-14,95,0.95,1.007,1975,"10",14,"Fall",25,0.925134125401857,0.972659143399781
"01633000",1975-10-15,90,0.947368421052632,0.997229916897507,1975,"10",15,"Fall",25,0.925134125401857,0.972659143399781
"01633000",1975-10-16,87,0.966666666666667,1.02037037037037,1975,"10",16,"Fall",25,0.925134125401857,0.972659143399781
"01633000",1975-11-18,415,0.882978723404255,0.976912630149389,1975,"11",18,"Fall",26,0.943093610545112,0.977317701592596
"01633000",1975-11-19,385,0.927710843373494,1.05066047321817,1975,"11",19,"Fall",26,0.943093610545112,0.977317701592596
"01633000",1975-11-20,350,0.909090909090909,0.979929161747344,1975,"11",20,"Fall",26,0.943093610545112,0.977317701592596
"01633000",1975-11-21,330,0.942857142857143,1.03714285714286,1975,"11",21,"Fall",26,0.943093610545112,0.977317701592596
"01633000",1975-11-22,320,0.96969696969697,1.02846648301194,1975,"11",22,"Fall",26,0.943093610545112,0.977317701592596
"01633000",1975-11-23,305,0.953125,0.98291015625,1975,"11",23,"Fall",26,0.943093610545112,0.977317701592596
"01633000",1975-11-24,275,0.901639344262295,0.945982262832572,1975,"11",24,"Fall",26,0.943093610545112,0.977317701592596
"01633000",1975-11-25,250,0.909090909090909,1.00826446280992,1975,"11",25,"Fall",26,0.943093610545112,0.977317701592596
"01633000",1975-11-26,230,0.92,1.012,1975,"11",26,"Fall",26,0.943093610545112,0.977317701592596
"01633000",1975-11-27,215,0.934782608695652,1.01606805293006,1975,"11",27,"Fall",26,0.943093610545112,0.977317701592596
"01633000",1975-11-28,200,0.930232558139535,0.995132504056247,1975,"11",28,"Fall",26,0.943093610545112,0.977317701592596
"01633000",1975-11-29,190,0.95,1.02125,1975,"11",29,"Fall",26,0.943093610545112,0.977317701592596
"01633000",1975-11-30,185,0.973684210526316,1.02493074792244,1975,"11",30,"Fall",26,0.943093610545112,0.977317701592596
"01633000",1975-12-01,175,0.945945945945946,0.971512052593134,1975,"12",1,"Winter",26,0.943093610545112,0.977317701592596
"01633000",1975-12-02,165,0.942857142857143,0.996734693877551,1975,"12",2,"Winter",26,0.943093610545112,0.977317701592596
"01633000",1975-12-03,160,0.96969696969697,1.02846648301194,1975,"12",3,"Winter",26,0.943093610545112,0.977317701592596
"01633000",1975-12-04,150,0.9375,0.966796875,1975,"12",4,"Winter",26,0.943093610545112,0.977317701592596
"01633000",1975-12-05,140,0.933333333333333,0.995555555555556,1975,"12",5,"Winter",26,0.943093610545112,0.977317701592596
"01633000",1975-12-06,135,0.964285714285714,1.03316326530612,1975,"12",6,"Winter",26,0.943093610545112,0.977317701592596
"01633000",1975-12-07,130,0.962962962962963,0.998628257887517,1975,"12",7,"Winter",26,0.943093610545112,0.977317701592596
"01633000",1975-12-08,130,1,1.03846153846154,1975,"12",8,"Winter",26,0.943093610545112,0.977317701592596
"01633000",1975-12-09,125,0.961538461538462,0.961538461538462,1975,"12",9,"Winter",26,0.943093610545112,0.977317701592596
"01633000",1975-12-10,120,0.96,0.9984,1975,"12",10,"Winter",26,0.943093610545112,0.977317701592596
"01633000",1976-02-24,400,0.833333333333333,1.02430555555556,1976,"02",24,"Winter",27,0.970358724692661,0.905904576875697
"01633000",1976-02-25,330,0.825,0.99,1976,"02",25,"Winter",27,0.970358724692661,0.905904576875697
"01633000",1976-02-26,320,0.96969696969697,1.17539026629936,1976,"02",26,"Winter",27,0.970358724692661,0.905904576875697
"01633000",1976-02-27,310,0.96875,0.9990234375,1976,"02",27,"Winter",27,0.970358724692661,0.905904576875697
"01633000",1976-02-28,300,0.967741935483871,0.998959417273673,1976,"02",28,"Winter",27,0.970358724692661,0.905904576875697
"01633000",1976-02-29,295,0.983333333333333,1.01611111111111,1976,"02",29,"Winter",27,0.970358724692661,0.905904576875697
"01633000",1976-03-01,290,0.983050847457627,0.999712726228095,1976,"03",1,"Spring",27,0.970358724692661,0.905904576875697
"01633000",1976-03-02,285,0.982758620689655,0.999702734839477,1976,"03",2,"Spring",27,0.970358724692661,0.905904576875697
"01633000",1976-03-03,280,0.982456140350877,0.999692212988612,1976,"03",3,"Spring",27,0.970358724692661,0.905904576875697
"01633000",1976-03-04,275,0.982142857142857,0.99968112244898,1976,"03",4,"Spring",27,0.970358724692661,0.905904576875697
"01633000",1976-03-05,270,0.981818181818182,0.999669421487603,1976,"03",5,"Spring",27,0.970358724692661,0.905904576875697
"01633000",1976-03-06,260,0.962962962962963,0.98079561042524,1976,"03",6,"Spring",27,0.970358724692661,0.905904576875697
"01633000",1976-03-07,250,0.961538461538462,0.998520710059172,1976,"03",7,"Spring",27,0.970358724692661,0.905904576875697
"01633000",1976-03-08,240,0.96,0.9984,1976,"03",8,"Spring",27,0.970358724692661,0.905904576875697
"01633000",1976-03-09,230,0.958333333333333,0.998263888888889,1976,"03",9,"Spring",27,0.970358724692661,0.905904576875697
"01633000",1976-11-03,655,0.865257595772787,1.0207067807465,1976,"11",3,"Fall",28,0.957376331967489,0.92256744665585
"01633000",1976-11-04,590,0.900763358778626,1.04103490472583,1976,"11",4,"Fall",28,0.957376331967489,0.92256744665585
"01633000",1976-11-05,527,0.893220338983051,0.99162596954898,1976,"11",5,"Fall",28,0.957376331967489,0.92256744665585
"01633000",1976-11-06,465,0.882352941176471,0.9878334635562,1976,"11",6,"Fall",28,0.957376331967489,0.92256744665585
"01633000",1976-11-07,422,0.90752688172043,1.02853046594982,1976,"11",7,"Fall",28,0.957376331967489,0.92256744665585
"01633000",1976-11-08,386,0.914691943127962,1.00789515060309,1976,"11",8,"Fall",28,0.957376331967489,0.92256744665585
"01633000",1976-11-09,359,0.930051813471503,1.01679239711133,1976,"11",9,"Fall",28,0.957376331967489,0.92256744665585
"01633000",1976-11-10,341,0.949860724233983,1.0212987174215,1976,"11",10,"Fall",28,0.957376331967489,0.92256744665585
"01633000",1976-11-11,319,0.935483870967742,0.984864251253429,1976,"11",11,"Fall",28,0.957376331967489,0.92256744665585
"01633000",1976-11-12,314,0.984326018808777,1.05221057183007,1976,"11",12,"Fall",28,0.957376331967489,0.92256744665585
"01633000",1976-11-13,302,0.961783439490446,0.977098462412268,1976,"11",13,"Fall",28,0.957376331967489,0.92256744665585
"01633000",1976-11-14,280,0.927152317880795,0.963992807333012,1976,"11",14,"Fall",28,0.957376331967489,0.92256744665585
"01633000",1976-11-15,268,0.957142857142857,1.03234693877551,1976,"11",15,"Fall",28,0.957376331967489,0.92256744665585
"01633000",1976-11-16,256,0.955223880597015,0.99799509913121,1976,"11",16,"Fall",28,0.957376331967489,0.92256744665585
"01633000",1976-11-17,248,0.96875,1.01416015625,1976,"11",17,"Fall",28,0.957376331967489,0.92256744665585
"01633000",1976-11-18,240,0.967741935483871,0.998959417273673,1976,"11",18,"Fall",28,0.957376331967489,0.92256744665585
"01633000",1976-11-19,240,1,1.03333333333333,1976,"11",19,"Fall",28,0.957376331967489,0.92256744665585
"01633000",1976-11-20,233,0.970833333333333,0.970833333333333,1976,"11",20,"Fall",28,0.957376331967489,0.92256744665585
"01633000",1976-11-21,229,0.982832618025751,1.01235977822395,1976,"11",21,"Fall",28,0.957376331967489,0.92256744665585
"01633000",1976-11-22,225,0.982532751091703,0.999694895215576,1976,"11",22,"Fall",28,0.957376331967489,0.92256744665585
"01633000",1976-11-23,218,0.968888888888889,0.986113580246914,1976,"11",23,"Fall",28,0.957376331967489,0.92256744665585
"01633000",1976-11-24,210,0.963302752293578,0.994234492046124,1976,"11",24,"Fall",28,0.957376331967489,0.92256744665585
"01633000",1976-11-25,207,0.985714285714286,1.02326530612245,1976,"11",25,"Fall",28,0.957376331967489,0.92256744665585
"01633000",1976-11-26,203,0.980676328502415,0.994889028915494,1976,"11",26,"Fall",28,0.957376331967489,0.92256744665585
"01633000",1976-11-27,199,0.980295566502463,0.999611735300541,1976,"11",27,"Fall",28,0.957376331967489,0.92256744665585
"01633000",1977-04-12,465,0.867537313432836,0.979216557139675,1977,"04",12,"Spring",29,0.946651850816191,0.980600198934843
"01633000",1977-04-13,418,0.898924731182796,1.03617990519135,1977,"04",13,"Spring",29,0.946651850816191,0.980600198934843
"01633000",1977-04-14,382,0.913875598086124,1.01663194523935,1977,"04",14,"Spring",29,0.946651850816191,0.980600198934843
"01633000",1977-04-15,354,0.926701570680628,1.01403470299608,1977,"04",15,"Spring",29,0.946651850816191,0.980600198934843
"01633000",1977-04-16,328,0.926553672316384,0.999840403460053,1977,"04",16,"Spring",29,0.946651850816191,0.980600198934843
"01633000",1977-04-17,305,0.929878048780488,1.00358789411065,1977,"04",17,"Spring",29,0.946651850816191,0.980600198934843
"01633000",1977-04-18,280,0.918032786885246,0.987261488847084,1977,"04",18,"Spring",29,0.946651850816191,0.980600198934843
"01633000",1977-04-19,264,0.942857142857143,1.02704081632653,1977,"04",19,"Spring",29,0.946651850816191,0.980600198934843
"01633000",1977-04-20,264,1,1.06060606060606,1977,"04",20,"Spring",29,0.946651850816191,0.980600198934843
"01633000",1977-04-21,240,0.909090909090909,0.909090909090909,1977,"04",21,"Spring",29,0.946651850816191,0.980600198934843
"01633000",1977-04-22,225,0.9375,1.03125,1977,"04",22,"Spring",29,0.946651850816191,0.980600198934843
"01633000",1977-04-23,210,0.933333333333333,0.995555555555556,1977,"04",23,"Spring",29,0.946651850816191,0.980600198934843
"01633000",1977-04-24,203,0.966666666666667,1.03571428571429,1977,"04",24,"Spring",29,0.946651850816191,0.980600198934843
"01633000",1977-04-25,199,0.980295566502463,1.0140988618991,1977,"04",25,"Spring",29,0.946651850816191,0.980600198934843
"01633000",1977-04-26,192,0.964824120603015,0.984217570263377,1977,"04",26,"Spring",29,0.946651850816191,0.980600198934843
"01633000",1977-04-27,181,0.942708333333333,0.977077907986111,1977,"04",27,"Spring",29,0.946651850816191,0.980600198934843
"01633000",1977-04-28,178,0.983425414364641,1.04319159976802,1977,"04",28,"Spring",29,0.946651850816191,0.980600198934843
"01633000",1977-04-29,174,0.97752808988764,0.994003282413837,1977,"04",29,"Spring",29,0.946651850816191,0.980600198934843
"01633000",1977-04-30,160,0.919540229885057,0.940679085744484,1977,"04",30,"Spring",29,0.946651850816191,0.980600198934843
"01633000",1977-05-01,147,0.91875,0.999140625,1977,"05",1,"Spring",29,0.946651850816191,0.980600198934843
"01633000",1977-05-02,140,0.952380952380952,1.03660511823777,1977,"05",2,"Spring",29,0.946651850816191,0.980600198934843
"01633000",1977-05-03,136,0.971428571428571,1.02,1977,"05",3,"Spring",29,0.946651850816191,0.980600198934843
"01633000",1978-04-02,809,0.825510204081633,0.9771345272803,1978,"04",2,"Spring",30,0.981840401818665,0.282274034412344
"01633000",1978-04-03,705,0.871446229913473,1.05564561843659,1978,"04",3,"Spring",30,0.981840401818665,0.282274034412344
"01633000",1978-04-04,655,0.929078014184397,1.06613349429103,1978,"04",4,"Spring",30,0.981840401818665,0.282274034412344
"01633000",1978-04-05,605,0.923664122137405,0.994172833750947,1978,"04",5,"Spring",30,0.981840401818665,0.282274034412344
"01633000",1978-04-06,561,0.927272727272727,1.00390683696469,1978,"04",6,"Spring",30,0.981840401818665,0.282274034412344
"01633000",1978-04-07,532,0.948306595365419,1.02268358323722,1978,"04",7,"Spring",30,0.981840401818665,0.282274034412344
"01633000",1978-04-08,488,0.917293233082707,0.967296059698117,1978,"04",8,"Spring",30,0.981840401818665,0.282274034412344
"01633000",1978-04-09,455,0.932377049180328,1.01644383230314,1978,"04",9,"Spring",30,0.981840401818665,0.282274034412344
"01633000",1978-04-10,432,0.949450549450549,1.01831179809202,1978,"04",10,"Spring",30,0.981840401818665,0.282274034412344
"01633000",1978-04-11,413,0.956018518518518,1.00691765260631,1978,"04",11,"Spring",30,0.981840401818665,0.282274034412344
"01633000",1978-04-12,390,0.944309927360775,0.987752756948801,1978,"04",12,"Spring",30,0.981840401818665,0.282274034412344
"01633000",1978-04-13,368,0.943589743589744,0.999237343852728,1978,"04",13,"Spring",30,0.981840401818665,0.282274034412344
"01633000",1978-04-14,346,0.940217391304348,0.996426039697543,1978,"04",14,"Spring",30,0.981840401818665,0.282274034412344
"01633000",1978-04-15,328,0.947976878612717,1.0082528651141,1978,"04",15,"Spring",30,0.981840401818665,0.282274034412344
"01633000",1978-04-16,314,0.957317073170732,1.00985276621059,1978,"04",16,"Spring",30,0.981840401818665,0.282274034412344
"01633000",1978-04-17,302,0.961783439490446,1.00466550367155,1978,"04",17,"Spring",30,0.981840401818665,0.282274034412344
"01633000",1978-04-18,293,0.970198675496689,1.0087496162449,1978,"04",18,"Spring",30,0.981840401818665,0.282274034412344
"01633000",1978-04-19,323,1.10238907849829,1.1362508590665,1978,"04",19,"Spring",30,0.981840401818665,0.282274034412344
"01633000",1978-04-20,332,1.02786377708978,0.932396553211475,1978,"04",20,"Spring",30,0.981840401818665,0.282274034412344
"01633000",1978-04-21,310,0.933734939759036,0.90842284801858,1978,"04",21,"Spring",30,0.981840401818665,0.282274034412344
"01633000",1978-04-22,293,0.945161290322581,1.0122372528616,1978,"04",22,"Spring",30,0.981840401818665,0.282274034412344
"01633000",1978-04-23,272,0.928327645051195,0.982189658586588,1978,"04",23,"Spring",30,0.981840401818665,0.282274034412344
"01633000",1978-04-24,264,0.970588235294118,1.04552335640138,1978,"04",24,"Spring",30,0.981840401818665,0.282274034412344
"01633000",1978-04-25,252,0.954545454545455,0.983471074380165,1978,"04",25,"Spring",30,0.981840401818665,0.282274034412344
"01633000",1978-04-26,378,1.5,1.57142857142857,1978,"04",26,"Spring",30,0.981840401818665,0.282274034412344
"01633000",1978-04-27,893,2.36243386243386,1.57495590828924,1978,"04",27,"Spring",30,0.981840401818665,0.282274034412344
"01633000",1978-04-28,731,0.818589025755879,0.34650240955848,1978,"04",28,"Spring",30,0.981840401818665,0.282274034412344
"01633000",1978-04-29,590,0.807113543091655,0.985981387114703,1978,"04",29,"Spring",30,0.981840401818665,0.282274034412344
"01633000",1978-04-30,502,0.850847457627119,1.05418557885665,1978,"04",30,"Spring",30,0.981840401818665,0.282274034412344
"01633000",1978-05-01,446,0.888446215139442,1.04418977476548,1978,"05",1,"Spring",30,0.981840401818665,0.282274034412344
"01633000",1978-05-02,395,0.885650224215247,0.996852942950793,1978,"05",2,"Spring",30,0.981840401818665,0.282274034412344
"01633000",1978-05-03,354,0.89620253164557,1.01191475725044,1978,"05",3,"Spring",30,0.981840401818665,0.282274034412344
"01633000",1978-05-22,561,0.825,0.981507352941176,1978,"05",22,"Spring",31,0.939602078249416,0.953222640310742
"01633000",1978-05-23,488,0.869875222816399,1.05439420947442,1978,"05",23,"Spring",31,0.939602078249416,0.953222640310742
"01633000",1978-05-24,455,0.932377049180328,1.07185148481591,1978,"05",24,"Spring",31,0.939602078249416,0.953222640310742
"01633000",1978-05-25,408,0.896703296703297,0.961738920420239,1978,"05",25,"Spring",31,0.939602078249416,0.953222640310742
"01633000",1978-05-26,364,0.892156862745098,0.99492983467897,1978,"05",26,"Spring",31,0.939602078249416,0.953222640310742
"01633000",1978-05-27,323,0.887362637362637,0.994626252868011,1978,"05",27,"Spring",31,0.939602078249416,0.953222640310742
"01633000",1978-05-28,297,0.919504643962848,1.03622195171045,1978,"05",28,"Spring",31,0.939602078249416,0.953222640310742
"01633000",1978-05-29,272,0.915824915824916,0.995998140779286,1978,"05",29,"Spring",31,0.939602078249416,0.953222640310742
"01633000",1978-05-30,256,0.941176470588235,1.02768166089965,1978,"05",30,"Spring",31,0.939602078249416,0.953222640310742
"01633000",1978-05-31,252,0.984375,1.0458984375,1978,"05",31,"Spring",31,0.939602078249416,0.953222640310742
"01633000",1978-06-01,233,0.924603174603175,0.939279415469892,1978,"06",1,"Summer",31,0.939602078249416,0.953222640310742
"01633000",1978-06-02,214,0.918454935622318,0.99335040247564,1978,"06",2,"Summer",31,0.939602078249416,0.953222640310742
"01633000",1978-06-03,207,0.967289719626168,1.05317058258363,1978,"06",3,"Summer",31,0.939602078249416,0.953222640310742
"01633000",1978-06-04,210,1.01449275362319,1.04879927186165,1978,"06",4,"Summer",31,0.939602078249416,0.953222640310742
"01633000",1978-06-05,192,0.914285714285714,0.901224489795918,1978,"06",5,"Summer",31,0.939602078249416,0.953222640310742
"01633000",1978-06-06,178,0.927083333333333,1.01399739583333,1978,"06",6,"Summer",31,0.939602078249416,0.953222640310742
"01633000",1978-06-07,167,0.938202247191011,1.01199343517233,1978,"06",7,"Summer",31,0.939602078249416,0.953222640310742
"01633000",1978-06-08,167,1,1.06586826347305,1978,"06",8,"Summer",31,0.939602078249416,0.953222640310742
"01633000",1978-06-09,164,0.982035928143713,0.982035928143713,1978,"06",9,"Summer",31,0.939602078249416,0.953222640310742
"01633000",1978-06-10,150,0.914634146341463,0.931365258774539,1978,"06",10,"Summer",31,0.939602078249416,0.953222640310742
"01633000",1978-06-11,143,0.953333333333333,1.04231111111111,1978,"06",11,"Summer",31,0.939602078249416,0.953222640310742
"01633000",1978-06-12,136,0.951048951048951,0.997603794806592,1978,"06",12,"Summer",31,0.939602078249416,0.953222640310742
"01633000",1978-09-05,207,0.888412017167382,1.00661275764888,1978,"09",5,"Fall",32,0.955637246050072,0.962155726898659
"01633000",1978-09-06,187,0.903381642512077,1.01684986814161,1978,"09",6,"Fall",32,0.955637246050072,0.962155726898659
"01633000",1978-09-07,178,0.951871657754011,1.05367611312877,1978,"09",7,"Fall",32,0.955637246050072,0.962155726898659
"01633000",1978-09-08,164,0.921348314606742,0.967933341749779,1978,"09",8,"Fall",32,0.955637246050072,0.962155726898659
"01633000",1978-09-09,157,0.957317073170732,1.03903926234384,1978,"09",9,"Fall",32,0.955637246050072,0.962155726898659
"01633000",1978-09-10,147,0.936305732484076,0.97805184794515,1978,"09",10,"Fall",32,0.955637246050072,0.962155726898659
"01633000",1978-09-11,140,0.952380952380952,1.01716877227081,1978,"09",11,"Fall",32,0.955637246050072,0.962155726898659
"01633000",1978-09-12,136,0.971428571428571,1.02,1978,"09",12,"Fall",32,0.955637246050072,0.962155726898659
"01633000",1978-09-13,136,1,1.02941176470588,1978,"09",13,"Fall",32,0.955637246050072,0.962155726898659
"01633000",1978-09-14,130,0.955882352941177,0.955882352941177,1978,"09",14,"Fall",32,0.955637246050072,0.962155726898659
"01633000",1978-09-15,127,0.976923076923077,1.02201183431953,1978,"09",15,"Fall",32,0.955637246050072,0.962155726898659
"01633000",1978-09-16,121,0.952755905511811,0.975261950523901,1978,"09",16,"Fall",32,0.955637246050072,0.962155726898659
"01633000",1978-09-17,121,1,1.0495867768595,1978,"09",17,"Fall",32,0.955637246050072,0.962155726898659
"01633000",1978-09-18,114,0.942148760330578,0.942148760330578,1978,"09",18,"Fall",32,0.955637246050072,0.962155726898659
"01633000",1978-09-19,105,0.921052631578947,0.977608494921514,1978,"09",19,"Fall",32,0.955637246050072,0.962155726898659
"01633000",1979-10-15,1230,0.736526946107784,1.01878876976586,1979,"10",15,"Fall",33,0.936305498995944,0.928351704919235
"01633000",1979-10-16,980,0.796747967479675,1.08176350056183,1979,"10",16,"Fall",33,0.936305498995944,0.928351704919235
"01633000",1979-10-17,864,0.881632653061225,1.10653894210746,1979,"10",17,"Fall",33,0.936305498995944,0.928351704919235
"01633000",1979-10-18,752,0.87037037037037,0.987225651577503,1979,"10",18,"Fall",33,0.936305498995944,0.928351704919235
"01633000",1979-10-19,670,0.890957446808511,1.02365323675871,1979,"10",19,"Fall",33,0.936305498995944,0.928351704919235
"01633000",1979-10-20,618,0.922388059701493,1.03527734462018,1979,"10",20,"Fall",33,0.936305498995944,0.928351704919235
"01633000",1979-10-21,572,0.925566343042071,1.00344571171228,1979,"10",21,"Fall",33,0.936305498995944,0.928351704919235
"01633000",1979-10-22,532,0.93006993006993,1.00486576360702,1979,"10",22,"Fall",33,0.936305498995944,0.928351704919235
"01633000",1979-10-23,522,0.981203007518797,1.05497766973826,1979,"10",23,"Fall",33,0.936305498995944,0.928351704919235
"01633000",1979-10-24,552,1.05747126436782,1.07772933456643,1979,"10",24,"Fall",33,0.936305498995944,0.928351704919235
"01633000",1979-10-25,497,0.90036231884058,0.851429584120983,1979,"10",25,"Fall",33,0.936305498995944,0.928351704919235
"01633000",1979-10-26,447,0.899396378269618,0.998927164597241,1979,"10",26,"Fall",33,0.936305498995944,0.928351704919235
"01633000",1979-10-27,418,0.935123042505593,1.03972293540331,1979,"10",27,"Fall",33,0.936305498995944,0.928351704919235
"01633000",1979-10-28,408,0.976076555023923,1.04379478491793,1979,"10",28,"Fall",33,0.936305498995944,0.928351704919235
"01633000",1979-10-29,389,0.95343137254902,0.976799788542868,1979,"10",29,"Fall",33,0.936305498995944,0.928351704919235
"01633000",1979-10-30,366,0.940874035989717,0.986829323094613,1979,"10",30,"Fall",33,0.936305498995944,0.928351704919235
"01633000",1979-10-31,348,0.950819672131147,1.01057063513392,1979,"10",31,"Fall",33,0.936305498995944,0.928351704919235
"01633000",1979-11-01,330,0.948275862068966,0.997324613555291,1979,"11",1,"Fall",33,0.936305498995944,0.928351704919235
"01633000",1980-06-18,170,0.96045197740113,0.998435953908519,1980,"06",18,"Summer",34,0.970293025828069,0.96497117428549
"01633000",1980-06-19,164,0.964705882352941,1.00442906574394,1980,"06",19,"Summer",34,0.970293025828069,0.96497117428549
"01633000",1980-06-20,153,0.932926829268293,0.967058298631767,1980,"06",20,"Summer",34,0.970293025828069,0.96497117428549
"01633000",1980-06-21,144,0.941176470588235,1.00884275278739,1980,"06",21,"Summer",34,0.970293025828069,0.96497117428549
"01633000",1980-06-22,141,0.979166666666667,1.04036458333333,1980,"06",22,"Summer",34,0.970293025828069,0.96497117428549
"01633000",1980-06-23,135,0.957446808510638,0.977818017202354,1980,"06",23,"Summer",34,0.970293025828069,0.96497117428549
"01633000",1980-06-24,132,0.977777777777778,1.02123456790123,1980,"06",24,"Summer",34,0.970293025828069,0.96497117428549
"01633000",1980-06-25,129,0.977272727272727,0.99948347107438,1980,"06",25,"Summer",34,0.970293025828069,0.96497117428549
"01633000",1980-06-26,129,1,1.02325581395349,1980,"06",26,"Summer",34,0.970293025828069,0.96497117428549
"01633000",1980-06-27,126,0.976744186046512,0.976744186046512,1980,"06",27,"Summer",34,0.970293025828069,0.96497117428549
"01633000",1980-06-28,120,0.952380952380952,0.975056689342404,1980,"06",28,"Summer",34,0.970293025828069,0.96497117428549
"01633000",1980-06-29,117,0.975,1.02375,1980,"06",29,"Summer",34,0.970293025828069,0.96497117428549
"01633000",1980-06-30,114,0.974358974358974,0.999342537804076,1980,"06",30,"Summer",34,0.970293025828069,0.96497117428549
"01633000",1980-07-01,112,0.982456140350877,1.00831024930748,1980,"07",1,"Summer",34,0.970293025828069,0.96497117428549
"01633000",1980-07-02,109,0.973214285714286,0.990593112244898,1980,"07",2,"Summer",34,0.970293025828069,0.96497117428549
"01633000",1981-02-28,304,0.808510638297872,1.02569035762789,1981,"02",28,"Winter",35,0.951837886888182,0.903530871203931
"01633000",1981-03-01,266,0.875,1.08223684210526,1981,"03",1,"Spring",35,0.951837886888182,0.903530871203931
"01633000",1981-03-02,234,0.879699248120301,1.00537056928034,1981,"03",2,"Spring",35,0.951837886888182,0.903530871203931
"01633000",1981-03-03,207,0.884615384615385,1.00558842866535,1981,"03",3,"Spring",35,0.951837886888182,0.903530871203931
"01633000",1981-03-04,192,0.927536231884058,1.04851921865154,1981,"03",4,"Spring",35,0.951837886888182,0.903530871203931
"01633000",1981-03-05,181,0.942708333333333,1.016357421875,1981,"03",5,"Spring",35,0.951837886888182,0.903530871203931
"01633000",1981-03-06,170,0.939226519337017,0.996306584048106,1981,"03",6,"Spring",35,0.951837886888182,0.903530871203931
"01633000",1981-03-07,157,0.923529411764706,0.983287197231834,1981,"03",7,"Spring",35,0.951837886888182,0.903530871203931
"01633000",1981-03-08,144,0.917197452229299,0.993143738082681,1981,"03",8,"Spring",35,0.951837886888182,0.903530871203931
"01633000",1981-03-09,135,0.9375,1.02213541666667,1981,"03",9,"Spring",35,0.951837886888182,0.903530871203931
"01633000",1981-03-10,123,0.911111111111111,0.971851851851852,1981,"03",10,"Spring",35,0.951837886888182,0.903530871203931
"01633000",1981-03-11,117,0.951219512195122,1.04402141582391,1981,"03",11,"Spring",35,0.951837886888182,0.903530871203931
"01633000",1981-03-12,112,0.957264957264957,1.00635546789393,1981,"03",12,"Spring",35,0.951837886888182,0.903530871203931
"01633000",1981-03-13,106,0.946428571428571,0.988679846938775,1981,"03",13,"Spring",35,0.951837886888182,0.903530871203931
"01633000",1981-03-14,103,0.971698113207547,1.02669989320043,1981,"03",14,"Spring",35,0.951837886888182,0.903530871203931
"01633000",1981-03-15,95,0.922330097087379,0.949194080497691,1981,"03",15,"Spring",35,0.951837886888182,0.903530871203931
"01633000",1981-03-16,95,1,1.08421052631579,1981,"03",16,"Spring",35,0.951837886888182,0.903530871203931
"01633000",1981-03-17,92,0.968421052631579,0.968421052631579,1981,"03",17,"Spring",35,0.951837886888182,0.903530871203931
"01633000",1981-03-18,89,0.967391304347826,0.998936672967864,1981,"03",18,"Spring",35,0.951837886888182,0.903530871203931
"01633000",1981-03-19,92,1.03370786516854,1.0685519505113,1981,"03",19,"Spring",35,0.951837886888182,0.903530871203931
"01633000",1981-03-20,89,0.967391304347826,0.935845935727788,1981,"03",20,"Spring",35,0.951837886888182,0.903530871203931
"01633000",1981-03-21,87,0.97752808988764,1.01047847494003,1981,"03",21,"Spring",35,0.951837886888182,0.903530871203931
"01633000",1981-03-22,87,1,1.02298850574713,1981,"03",22,"Spring",35,0.951837886888182,0.903530871203931
"01633000",1981-03-23,84,0.96551724137931,0.96551724137931,1981,"03",23,"Spring",35,0.951837886888182,0.903530871203931
"01633000",1981-03-24,82,0.976190476190476,1.01105442176871,1981,"03",24,"Spring",35,0.951837886888182,0.903530871203931
"01633000",1981-03-25,79,0.963414634146341,0.98691255205235,1981,"03",25,"Spring",35,0.951837886888182,0.903530871203931
"01633000",1981-07-09,153,0.813829787234043,1.01295835219556,1981,"07",9,"Summer",36,0.907755686114383,0.964595334628226
"01633000",1981-07-10,130,0.849673202614379,1.04404288948695,1981,"07",10,"Summer",36,0.907755686114383,0.964595334628226
"01633000",1981-07-11,117,0.9,1.05923076923077,1981,"07",11,"Summer",36,0.907755686114383,0.964595334628226
"01633000",1981-07-12,104,0.888888888888889,0.987654320987654,1981,"07",12,"Summer",36,0.907755686114383,0.964595334628226
"01633000",1981-07-13,88,0.846153846153846,0.951923076923077,1981,"07",13,"Summer",36,0.907755686114383,0.964595334628226
"01633000",1981-07-14,83,0.943181818181818,1.1146694214876,1981,"07",14,"Summer",36,0.907755686114383,0.964595334628226
"01633000",1981-07-15,71,0.855421686746988,0.906953113659457,1981,"07",15,"Summer",36,0.907755686114383,0.964595334628226
"01633000",1981-07-16,62,0.873239436619718,1.02082920055545,1981,"07",16,"Summer",36,0.907755686114383,0.964595334628226
"01633000",1981-07-17,60,0.967741935483871,1.10822060353798,1981,"07",17,"Summer",36,0.907755686114383,0.964595334628226
"01633000",1981-07-18,55,0.916666666666667,0.947222222222222,1981,"07",18,"Summer",36,0.907755686114383,0.964595334628226
"01633000",1981-07-19,49,0.890909090909091,0.971900826446281,1981,"07",19,"Summer",36,0.907755686114383,0.964595334628226
"01633000",1981-07-20,47,0.959183673469388,1.07663473552686,1981,"07",20,"Summer",36,0.907755686114383,0.964595334628226
"01633000",1981-07-21,46,0.978723404255319,1.02037120869172,1981,"07",21,"Summer",36,0.907755686114383,0.964595334628226
"01633000",1981-07-22,44,0.956521739130435,0.977315689981096,1981,"07",22,"Summer",36,0.907755686114383,0.964595334628226
"01633000",1981-11-03,90,0.9,0.99,1981,"11",3,"Fall",37,0.975050736424272,0.871197506196587
"01633000",1981-11-04,85,0.944444444444444,1.04938271604938,1981,"11",4,"Fall",37,0.975050736424272,0.871197506196587
"01633000",1981-11-05,80,0.941176470588235,0.996539792387543,1981,"11",5,"Fall",37,0.975050736424272,0.871197506196587
"01633000",1981-11-06,80,1,1.0625,1981,"11",6,"Fall",37,0.975050736424272,0.871197506196587
"01633000",1981-11-07,76,0.95,0.95,1981,"11",7,"Fall",37,0.975050736424272,0.871197506196587
"01633000",1981-11-08,74,0.973684210526316,1.02493074792244,1981,"11",8,"Fall",37,0.975050736424272,0.871197506196587
"01633000",1981-11-09,72,0.972972972972973,0.99926953981008,1981,"11",9,"Fall",37,0.975050736424272,0.871197506196587
"01633000",1981-11-10,70,0.972222222222222,0.999228395061728,1981,"11",10,"Fall",37,0.975050736424272,0.871197506196587
"01633000",1981-11-11,66,0.942857142857143,0.969795918367347,1981,"11",11,"Fall",37,0.975050736424272,0.871197506196587
"01633000",1981-11-12,64,0.96969696969697,1.02846648301194,1981,"11",12,"Fall",37,0.975050736424272,0.871197506196587
"01633000",1981-11-13,62,0.96875,0.9990234375,1981,"11",13,"Fall",37,0.975050736424272,0.871197506196587
"01633000",1981-11-14,60,0.967741935483871,0.998959417273673,1981,"11",14,"Fall",37,0.975050736424272,0.871197506196587
"01633000",1981-11-15,60,1,1.03333333333333,1981,"11",15,"Fall",37,0.975050736424272,0.871197506196587
"01633000",1981-11-16,57,0.95,0.95,1981,"11",16,"Fall",37,0.975050736424272,0.871197506196587
"01633000",1981-11-17,55,0.964912280701754,1.01569713758079,1981,"11",17,"Fall",37,0.975050736424272,0.871197506196587
"01633000",1981-11-18,53,0.963636363636364,0.998677685950413,1981,"11",18,"Fall",37,0.975050736424272,0.871197506196587
"01633000",1981-11-19,50,0.943396226415094,0.978996084015664,1981,"11",19,"Fall",37,0.975050736424272,0.871197506196587
"01633000",1981-11-20,55,1.1,1.166,1981,"11",20,"Fall",37,0.975050736424272,0.871197506196587
"01633000",1981-11-21,55,1,0.909090909090909,1981,"11",21,"Fall",37,0.975050736424272,0.871197506196587
"01633000",1981-11-22,53,0.963636363636364,0.963636363636364,1981,"11",22,"Fall",37,0.975050736424272,0.871197506196587
"01633000",1981-11-23,50,0.943396226415094,0.978996084015664,1981,"11",23,"Fall",37,0.975050736424272,0.871197506196587
"01633000",1981-11-24,53,1.06,1.1236,1981,"11",24,"Fall",37,0.975050736424272,0.871197506196587
"01633000",1981-11-25,57,1.07547169811321,1.01459594161623,1981,"11",25,"Fall",37,0.975050736424272,0.871197506196587
"01633000",1981-11-26,55,0.964912280701754,0.897199138196368,1981,"11",26,"Fall",37,0.975050736424272,0.871197506196587
"01633000",1981-11-27,53,0.963636363636364,0.998677685950413,1981,"11",27,"Fall",37,0.975050736424272,0.871197506196587
"01633000",1982-04-07,364,0.968085106382979,1.00155613399728,1982,"04",7,"Spring",38,0.97490237657551,0.941366488988982
"01633000",1982-04-08,343,0.942307692307692,0.973372781065089,1982,"04",8,"Spring",38,0.97490237657551,0.941366488988982
"01633000",1982-04-09,339,0.988338192419825,1.04884869399655,1982,"04",9,"Spring",38,0.97490237657551,0.941366488988982
"01633000",1982-04-10,331,0.976401179941003,0.987922137816413,1982,"04",10,"Spring",38,0.97490237657551,0.941366488988982
"01633000",1982-04-11,319,0.963746223564955,0.987039183651117,1982,"04",11,"Spring",38,0.97490237657551,0.941366488988982
"01633000",1982-04-12,300,0.940438871473354,0.975815882312477,1982,"04",12,"Spring",38,0.97490237657551,0.941366488988982
"01633000",1982-04-13,292,0.973333333333333,1.03497777777778,1982,"04",13,"Spring",38,0.97490237657551,0.941366488988982
"01633000",1982-04-14,277,0.948630136986301,0.974620003753049,1982,"04",14,"Spring",38,0.97490237657551,0.941366488988982
"01633000",1982-04-15,265,0.956678700361011,1.00848440615673,1982,"04",15,"Spring",38,0.97490237657551,0.941366488988982
"01633000",1982-04-16,254,0.958490566037736,1.00189391242435,1982,"04",16,"Spring",38,0.97490237657551,0.941366488988982
"01633000",1982-04-17,254,1,1.04330708661417,1982,"04",17,"Spring",38,0.97490237657551,0.941366488988982
"01633000",1982-04-18,284,1.11811023622047,1.11811023622047,1982,"04",18,"Spring",38,0.97490237657551,0.941366488988982
"01633000",1982-04-19,273,0.961267605633803,0.859725252926007,1982,"04",19,"Spring",38,0.97490237657551,0.941366488988982
"01633000",1982-04-20,258,0.945054945054945,0.983134082035181,1982,"04",20,"Spring",38,0.97490237657551,0.941366488988982
"01633000",1982-04-21,250,0.968992248062015,1.02532900667027,1982,"04",21,"Spring",38,0.97490237657551,0.941366488988982
"01633000",1982-04-22,239,0.956,0.986592,1982,"04",22,"Spring",38,0.97490237657551,0.941366488988982
"01633000",1982-04-23,231,0.96652719665272,1.01101171197983,1982,"04",23,"Spring",38,0.97490237657551,0.941366488988982
"01633000",1982-04-24,227,0.982683982683983,1.01671632840464,1982,"04",24,"Spring",38,0.97490237657551,0.941366488988982
"01633000",1982-04-25,224,0.986784140969163,1.00417240777038,1982,"04",25,"Spring",38,0.97490237657551,0.941366488988982
"01633000",1982-05-04,335,0.87012987012987,0.983133749367516,1982,"05",4,"Spring",39,0.936203648743575,0.996018344813747
"01633000",1982-05-05,307,0.916417910447761,1.0531967030519,1982,"05",5,"Spring",39,0.936203648743575,0.996018344813747
"01633000",1982-05-06,281,0.915309446254072,0.998790438094834,1982,"05",6,"Spring",39,0.936203648743575,0.996018344813747
"01633000",1982-05-07,265,0.943060498220641,1.03031876495992,1982,"05",7,"Spring",39,0.936203648743575,0.996018344813747
"01633000",1982-05-08,254,0.958490566037736,1.01636169455322,1982,"05",8,"Spring",39,0.936203648743575,0.996018344813747
"01633000",1982-05-09,239,0.940944881889764,0.981694463388927,1982,"05",9,"Spring",39,0.936203648743575,0.996018344813747
"01633000",1982-05-10,216,0.903765690376569,0.960487386425308,1982,"05",10,"Spring",39,0.936203648743575,0.996018344813747
"01633000",1982-05-11,201,0.930555555555556,1.02964248971193,1982,"05",11,"Spring",39,0.936203648743575,0.996018344813747
"01633000",1982-05-12,190,0.945273631840796,1.01581644018712,1982,"05",12,"Spring",39,0.936203648743575,0.996018344813747
"01633000",1982-05-13,179,0.942105263157895,0.996648199445983,1982,"05",13,"Spring",39,0.936203648743575,0.996018344813747
"01633000",1982-05-14,165,0.921787709497207,0.978433881589214,1982,"05",14,"Spring",39,0.936203648743575,0.996018344813747
"01633000",1982-05-15,158,0.957575757575758,1.0388246097337,1982,"05",15,"Spring",39,0.936203648743575,0.996018344813747
"01633000",1982-05-16,151,0.955696202531646,0.998037173529883,1982,"05",16,"Spring",39,0.936203648743575,0.996018344813747
"01633000",1982-05-17,141,0.933774834437086,0.977062409543441,1982,"05",17,"Spring",39,0.936203648743575,0.996018344813747
"01633000",1982-05-18,131,0.929078014184397,0.994970071927971,1982,"05",18,"Spring",39,0.936203648743575,0.996018344813747
"01633000",1982-08-25,138,0.958333333333333,0.984953703703704,1982,"08",25,"Summer",40,0.963876518732464,0.988007727114413
"01633000",1982-08-26,128,0.927536231884058,0.967863894139887,1982,"08",26,"Summer",40,0.963876518732464,0.988007727114413
"01633000",1982-08-27,125,0.9765625,1.0528564453125,1982,"08",27,"Summer",40,0.963876518732464,0.988007727114413
"01633000",1982-08-28,125,1,1.024,1982,"08",28,"Summer",40,0.963876518732464,0.988007727114413
"01633000",1982-08-29,122,0.976,0.976,1982,"08",29,"Summer",40,0.963876518732464,0.988007727114413
"01633000",1982-08-30,116,0.950819672131147,0.97420048374093,1982,"08",30,"Summer",40,0.963876518732464,0.988007727114413
"01633000",1982-08-31,112,0.96551724137931,1.01545778834721,1982,"08",31,"Summer",40,0.963876518732464,0.988007727114413
"01633000",1982-09-01,112,1,1.03571428571429,1982,"09",1,"Fall",40,0.963876518732464,0.988007727114413
"01633000",1982-09-02,106,0.946428571428571,0.946428571428571,1982,"09",2,"Fall",40,0.963876518732464,0.988007727114413
"01633000",1982-09-03,100,0.943396226415094,0.996796012815949,1982,"09",3,"Fall",40,0.963876518732464,0.988007727114413
"01633000",1982-09-04,92,0.92,0.9752,1982,"09",4,"Fall",40,0.963876518732464,0.988007727114413
"01633000",1982-09-05,92,1,1.08695652173913,1982,"09",5,"Fall",40,0.963876518732464,0.988007727114413
"01633000",1982-09-06,89,0.967391304347826,0.967391304347826,1982,"09",6,"Fall",40,0.963876518732464,0.988007727114413
"01633000",1982-09-07,87,0.97752808988764,1.01047847494003,1982,"09",7,"Fall",40,0.963876518732464,0.988007727114413
"01633000",1982-09-08,84,0.96551724137931,0.987713040031708,1982,"09",8,"Fall",40,0.963876518732464,0.988007727114413
"01633000",1982-12-22,311,0.854395604395604,1.02104969206618,1982,"12",22,"Winter",41,0.952963516030564,0.944944930642007
"01633000",1982-12-23,277,0.890675241157556,1.04246234013296,1982,"12",23,"Winter",41,0.952963516030564,0.944944930642007
"01633000",1982-12-24,250,0.902527075812274,1.01330657248237,1982,"12",24,"Winter",41,0.952963516030564,0.944944930642007
"01633000",1982-12-25,231,0.924,1.023792,1982,"12",25,"Winter",41,0.952963516030564,0.944944930642007
"01633000",1982-12-26,212,0.917748917748918,0.993234759468526,1982,"12",26,"Winter",41,0.952963516030564,0.944944930642007
"01633000",1982-12-27,201,0.94811320754717,1.03308561765753,1982,"12",27,"Winter",41,0.952963516030564,0.944944930642007
"01633000",1982-12-28,197,0.980099502487562,1.03373678869335,1982,"12",28,"Winter",41,0.952963516030564,0.944944930642007
"01633000",1982-12-29,186,0.944162436548223,0.963333247442604,1982,"12",29,"Winter",41,0.952963516030564,0.944944930642007
"01633000",1982-12-30,175,0.940860215053763,0.996502485836513,1982,"12",30,"Winter",41,0.952963516030564,0.944944930642007
"01633000",1982-12-31,165,0.942857142857143,1.00212244897959,1982,"12",31,"Winter",41,0.952963516030564,0.944944930642007
"01633000",1983-01-01,158,0.957575757575758,1.01561065197429,1983,"01",1,"Winter",41,0.952963516030564,0.944944930642007
"01633000",1983-01-02,154,0.974683544303797,1.01786572664637,1983,"01",2,"Winter",41,0.952963516030564,0.944944930642007
"01633000",1983-01-03,148,0.961038961038961,0.986001011975038,1983,"01",3,"Winter",41,0.952963516030564,0.944944930642007
"01633000",1983-01-04,141,0.952702702702703,0.991325785244704,1983,"01",4,"Winter",41,0.952963516030564,0.944944930642007
"01633000",1983-01-05,135,0.957446808510638,1.00497962879131,1983,"01",5,"Winter",41,0.952963516030564,0.944944930642007
"01633000",1983-01-06,135,1,1.04444444444444,1983,"01",6,"Winter",41,0.952963516030564,0.944944930642007
"01633000",1983-01-07,131,0.97037037037037,0.97037037037037,1983,"01",7,"Winter",41,0.952963516030564,0.944944930642007
"01633000",1983-01-08,131,1,1.03053435114504,1983,"01",8,"Winter",41,0.952963516030564,0.944944930642007
"01633000",1983-01-09,128,0.977099236641221,0.977099236641221,1983,"01",9,"Winter",41,0.952963516030564,0.944944930642007
"01633000",1983-05-01,723,0.883863080684597,1.0135251463107,1983,"05",1,"Spring",42,0.939250120158329,0.976282582332415
"01633000",1983-05-02,652,0.90179806362379,1.02029158512346,1983,"05",2,"Spring",42,0.939250120158329,0.976282582332415
"01633000",1983-05-03,608,0.932515337423313,1.03406225300162,1983,"05",3,"Spring",42,0.939250120158329,0.976282582332415
"01633000",1983-05-04,565,0.929276315789474,0.996526575484765,1983,"05",4,"Spring",42,0.939250120158329,0.976282582332415
"01633000",1983-05-05,520,0.920353982300885,0.990398621661837,1983,"05",5,"Spring",42,0.939250120158329,0.976282582332415
"01633000",1983-05-06,471,0.905769230769231,0.984153106508876,1983,"05",6,"Spring",42,0.939250120158329,0.976282582332415
"01633000",1983-05-07,435,0.923566878980892,1.0196492082167,1983,"05",7,"Spring",42,0.939250120158329,0.976282582332415
"01633000",1983-05-08,418,0.960919540229885,1.04044391597305,1983,"05",8,"Spring",42,0.939250120158329,0.976282582332415
"01633000",1983-05-09,401,0.95933014354067,0.998345962775578,1983,"05",9,"Spring",42,0.939250120158329,0.976282582332415
"01633000",1983-05-10,376,0.937655860349127,0.977406856922532,1983,"05",10,"Spring",42,0.939250120158329,0.976282582332415
"01633000",1983-05-11,355,0.944148936170213,1.00692479628791,1983,"05",11,"Spring",42,0.939250120158329,0.976282582332415
"01633000",1983-05-12,339,0.954929577464789,1.01141836937116,1983,"05",12,"Spring",42,0.939250120158329,0.976282582332415
"01633000",1983-05-13,327,0.964601769911504,1.01012869710497,1983,"05",13,"Spring",42,0.939250120158329,0.976282582332415
"01633000",1983-05-14,323,0.987767584097859,1.02401593580787,1983,"05",14,"Spring",42,0.939250120158329,0.976282582332415
"01633000",1983-05-25,800,0.792079207920792,1.01166552298794,1983,"05",25,"Spring",43,0.943320380043536,0.961412231033959
"01633000",1983-05-26,674,0.8425,1.06365625,1983,"05",26,"Spring",43,0.943320380043536,0.961412231033959
"01633000",1983-05-27,570,0.845697329376855,1.00379504970547,1983,"05",27,"Spring",43,0.943320380043536,0.961412231033959
"01633000",1983-05-28,495,0.868421052631579,1.02686980609418,1983,"05",28,"Spring",43,0.943320380043536,0.961412231033959
"01633000",1983-05-29,471,0.951515151515152,1.09568411386593,1983,"05",29,"Spring",43,0.943320380043536,0.961412231033959
"01633000",1983-05-30,448,0.951167728237792,0.999634873625705,1983,"05",30,"Spring",43,0.943320380043536,0.961412231033959
"01633000",1983-05-31,397,0.886160714285714,0.931655572385204,1983,"05",31,"Spring",43,0.943320380043536,0.961412231033959
"01633000",1983-06-01,372,0.937027707808564,1.05740154432805,1983,"06",1,"Summer",43,0.943320380043536,0.961412231033959
"01633000",1983-06-02,355,0.954301075268817,1.01843421204764,1983,"06",2,"Summer",43,0.943320380043536,0.961412231033959
"01633000",1983-06-03,327,0.92112676056338,0.965237056139655,1983,"06",3,"Summer",43,0.943320380043536,0.961412231033959
"01633000",1983-06-04,364,1.1131498470948,1.20846543033228,1983,"06",4,"Summer",43,0.943320380043536,0.961412231033959
"01633000",1983-06-05,323,0.887362637362637,0.797163687960391,1983,"06",5,"Summer",43,0.943320380043536,0.961412231033959
"01633000",1983-06-06,292,0.904024767801858,1.0187771377086,1983,"06",6,"Summer",43,0.943320380043536,0.961412231033959
"01633000",1983-06-07,288,0.986301369863014,1.09101144680053,1983,"06",7,"Summer",43,0.943320380043536,0.961412231033959
"01633000",1983-06-08,277,0.961805555555556,0.975163966049383,1983,"06",8,"Summer",43,0.943320380043536,0.961412231033959
"01633000",1983-06-09,258,0.931407942238267,0.968395261244119,1983,"06",9,"Summer",43,0.943320380043536,0.961412231033959
"01633000",1983-06-10,246,0.953488372093023,1.02370650802235,1983,"06",10,"Summer",43,0.943320380043536,0.961412231033959
"01633000",1983-06-11,235,0.955284552845528,1.0018837993258,1983,"06",11,"Summer",43,0.943320380043536,0.961412231033959
"01633000",1983-06-12,227,0.965957446808511,1.01117247623359,1983,"06",12,"Summer",43,0.943320380043536,0.961412231033959
"01633000",1983-06-13,216,0.951541850220264,0.985076364765472,1983,"06",13,"Summer",43,0.943320380043536,0.961412231033959
"01633000",1983-06-14,208,0.962962962962963,1.01200274348422,1983,"06",14,"Summer",43,0.943320380043536,0.961412231033959
"01633000",1983-06-15,201,0.966346153846154,1.00351331360947,1983,"06",15,"Summer",43,0.943320380043536,0.961412231033959
"01633000",1984-05-11,723,0.871084337349398,1.02221222238351,1984,"05",11,"Spring",44,0.936052136318447,0.974109905075385
"01633000",1984-05-12,657,0.908713692946058,1.04319829204043,1984,"05",12,"Spring",44,0.936052136318447,0.974109905075385
"01633000",1984-05-13,586,0.89193302891933,0.981533607166934,1984,"05",13,"Spring",44,0.936052136318447,0.974109905075385
"01633000",1984-05-14,530,0.904436860068259,1.01401880045196,1984,"05",14,"Spring",44,0.936052136318447,0.974109905075385
"01633000",1984-05-15,485,0.915094339622642,1.01178355286579,1984,"05",15,"Spring",44,0.936052136318447,0.974109905075385
"01633000",1984-05-16,446,0.919587628865979,1.00491019236901,1984,"05",16,"Spring",44,0.936052136318447,0.974109905075385
"01633000",1984-05-17,418,0.937219730941704,1.01917392266082,1984,"05",17,"Spring",44,0.936052136318447,0.974109905075385
"01633000",1984-05-18,394,0.942583732057416,1.00572331219523,1984,"05",18,"Spring",44,0.936052136318447,0.974109905075385
"01633000",1984-05-19,379,0.961928934010152,1.02052358988894,1984,"05",19,"Spring",44,0.936052136318447,0.974109905075385
"01633000",1984-05-20,352,0.928759894459103,0.965518201627669,1984,"05",20,"Spring",44,0.936052136318447,0.974109905075385
"01633000",1984-05-21,329,0.934659090909091,1.00635169163223,1984,"05",21,"Spring",44,0.936052136318447,0.974109905075385
"01633000",1984-05-22,306,0.930091185410334,0.995112757642668,1984,"05",22,"Spring",44,0.936052136318447,0.974109905075385
"01633000",1984-05-23,298,0.973856209150327,1.04705455166816,1984,"05",23,"Spring",44,0.936052136318447,0.974109905075385
"01633000",1984-05-24,293,0.983221476510067,1.00961668393316,1984,"05",24,"Spring",44,0.936052136318447,0.974109905075385
"01633000",1984-05-25,272,0.928327645051195,0.944169413738075,1984,"05",25,"Spring",44,0.936052136318447,0.974109905075385
"01633000",1984-05-26,255,0.9375,1.00988051470588,1984,"05",26,"Spring",44,0.936052136318447,0.974109905075385
"01633000",1985-03-01,646,0.8075,1.0295625,1985,"03",1,"Spring",45,0.945071195337096,0.92039930721738
"01633000",1985-03-02,545,0.843653250773994,1.04477182758389,1985,"03",2,"Spring",45,0.945071195337096,0.92039930721738
"01633000",1985-03-03,466,0.855045871559633,1.01350391381197,1985,"03",3,"Spring",45,0.945071195337096,0.92039930721738
"01633000",1985-03-04,398,0.854077253218884,0.998867173828953,1985,"03",4,"Spring",45,0.945071195337096,0.92039930721738
"01633000",1985-03-05,370,0.92964824120603,1.0884826140754,1985,"03",5,"Spring",45,0.945071195337096,0.92039930721738
"01633000",1985-03-06,329,0.889189189189189,0.956479181884587,1985,"03",6,"Spring",45,0.945071195337096,0.92039930721738
"01633000",1985-03-07,302,0.917933130699088,1.03232601324821,1985,"03",7,"Spring",45,0.945071195337096,0.92039930721738
"01633000",1985-03-08,280,0.927152317880795,1.01004341914828,1985,"03",8,"Spring",45,0.945071195337096,0.92039930721738
"01633000",1985-03-09,268,0.957142857142857,1.03234693877551,1985,"03",9,"Spring",45,0.945071195337096,0.92039930721738
"01633000",1985-03-10,251,0.936567164179104,0.978503007351303,1985,"03",10,"Spring",45,0.945071195337096,0.92039930721738
"01633000",1985-03-11,239,0.952191235059761,1.01668227488453,1985,"03",11,"Spring",45,0.945071195337096,0.92039930721738
"01633000",1985-03-12,243,1.01673640167364,1.0677859281175,1985,"03",12,"Spring",45,0.945071195337096,0.92039930721738
"01633000",1985-03-13,235,0.967078189300412,0.951159206760487,1985,"03",13,"Spring",45,0.945071195337096,0.92039930721738
"01633000",1985-03-14,228,0.970212765957447,1.00324128564962,1985,"03",14,"Spring",45,0.945071195337096,0.92039930721738
"01633000",1985-03-15,216,0.947368421052632,0.976454293628809,1985,"03",15,"Spring",45,0.945071195337096,0.92039930721738
"01633000",1985-03-16,208,0.962962962962963,1.01646090534979,1985,"03",16,"Spring",45,0.945071195337096,0.92039930721738
"01633000",1985-03-17,201,0.966346153846154,1.00351331360947,1985,"03",17,"Spring",45,0.945071195337096,0.92039930721738
"01633000",1985-03-18,190,0.945273631840796,0.978193609069082,1985,"03",18,"Spring",45,0.945071195337096,0.92039930721738
"01633000",1985-03-19,183,0.963157894736842,1.01891966759003,1985,"03",19,"Spring",45,0.945071195337096,0.92039930721738
"01633000",1985-03-20,176,0.961748633879781,0.998536832989937,1985,"03",20,"Spring",45,0.945071195337096,0.92039930721738
"01633000",1985-03-21,169,0.960227272727273,0.998418130165289,1985,"03",21,"Spring",45,0.945071195337096,0.92039930721738
"01633000",1985-03-22,166,0.982248520710059,1.0229333706803,1985,"03",22,"Spring",45,0.945071195337096,0.92039930721738
"01633000",1985-04-02,352,0.98876404494382,0.977654336573665,1985,"04",2,"Spring",46,0.959304678677818,0.954701057298227
"01633000",1985-04-03,334,0.948863636363636,0.95964617768595,1985,"04",3,"Spring",46,0.959304678677818,0.954701057298227
"01633000",1985-04-04,320,0.958083832335329,1.00971709276059,1985,"04",4,"Spring",46,0.959304678677818,0.954701057298227
"01633000",1985-04-05,293,0.915625,0.95568359375,1985,"04",5,"Spring",46,0.959304678677818,0.954701057298227
"01633000",1985-04-06,272,0.928327645051195,1.01387319596035,1985,"04",6,"Spring",46,0.959304678677818,0.954701057298227
"01633000",1985-04-07,251,0.922794117647059,0.994039251730104,1985,"04",7,"Spring",46,0.959304678677818,0.954701057298227
"01633000",1985-04-08,232,0.924302788844621,1.00163489468421,1985,"04",8,"Spring",46,0.959304678677818,0.954701057298227
"01633000",1985-04-09,216,0.931034482758621,1.00728299643282,1985,"04",9,"Spring",46,0.959304678677818,0.954701057298227
"01633000",1985-04-10,201,0.930555555555556,0.999485596707819,1985,"04",10,"Spring",46,0.959304678677818,0.954701057298227
"01633000",1985-04-11,194,0.965174129353234,1.03720204945422,1985,"04",11,"Spring",46,0.959304678677818,0.954701057298227
"01633000",1985-04-12,183,0.943298969072165,0.977335529811882,1985,"04",12,"Spring",46,0.959304678677818,0.954701057298227
"01633000",1985-04-13,176,0.961748633879781,1.01955866105288,1985,"04",13,"Spring",46,0.959304678677818,0.954701057298227
"01633000",1985-04-14,166,0.943181818181818,0.980694731404959,1985,"04",14,"Spring",46,0.959304678677818,0.954701057298227
"01633000",1985-04-15,163,0.981927710843373,1.04107998258093,1985,"04",15,"Spring",46,0.959304678677818,0.954701057298227
"01633000",1985-04-16,160,0.98159509202454,0.999661259362415,1985,"04",16,"Spring",46,0.959304678677818,0.954701057298227
"01633000",1985-04-17,156,0.975,0.99328125,1985,"04",17,"Spring",46,0.959304678677818,0.954701057298227
"01633000",1985-04-18,146,0.935897435897436,0.959894806048652,1985,"04",18,"Spring",46,0.959304678677818,0.954701057298227
"01633000",1985-04-19,140,0.958904109589041,1.02458247325952,1985,"04",19,"Spring",46,0.959304678677818,0.954701057298227
"01633000",1985-04-20,131,0.935714285714286,0.975816326530612,1985,"04",20,"Spring",46,0.959304678677818,0.954701057298227
"01633000",1985-04-21,128,0.977099236641221,1.04422819183031,1985,"04",21,"Spring",46,0.959304678677818,0.954701057298227
"01633000",1985-04-22,124,0.96875,0.991455078125,1985,"04",22,"Spring",46,0.959304678677818,0.954701057298227
"01633000",1985-04-23,121,0.975806451612903,1.00728407908429,1985,"04",23,"Spring",46,0.959304678677818,0.954701057298227
"01633000",1985-04-24,118,0.975206611570248,0.999385287890171,1985,"04",24,"Spring",46,0.959304678677818,0.954701057298227
"01633000",1985-04-25,121,1.02542372881356,1.0514938236139,1985,"04",25,"Spring",46,0.959304678677818,0.954701057298227
"01633000",1985-04-26,115,0.950413223140496,0.926849258930401,1985,"04",26,"Spring",46,0.959304678677818,0.954701057298227
"01633000",1985-04-27,112,0.973913043478261,1.0247258979206,1985,"04",27,"Spring",46,0.959304678677818,0.954701057298227
"01633000",1985-04-28,112,1,1.02678571428571,1985,"04",28,"Spring",46,0.959304678677818,0.954701057298227
"01633000",1985-04-29,109,0.973214285714286,0.973214285714286,1985,"04",29,"Spring",46,0.959304678677818,0.954701057298227
"01633000",1985-04-30,104,0.954128440366973,0.980388856156889,1985,"04",30,"Spring",46,0.959304678677818,0.954701057298227
"01633000",1985-05-01,98,0.942307692307692,0.987610946745562,1985,"05",1,"Spring",46,0.959304678677818,0.954701057298227
"01633000",1985-06-16,198,0.9,1.02681818181818,1985,"06",16,"Summer",47,0.929418168418585,0.978038147353432
"01633000",1985-06-17,176,0.888888888888889,0.987654320987654,1985,"06",17,"Summer",47,0.929418168418585,0.978038147353432
"01633000",1985-06-18,156,0.886363636363636,0.997159090909091,1985,"06",18,"Summer",47,0.929418168418585,0.978038147353432
"01633000",1985-06-19,140,0.897435897435897,1.01249178172255,1985,"06",19,"Summer",47,0.929418168418585,0.978038147353432
"01633000",1985-06-20,124,0.885714285714286,0.986938775510204,1985,"06",20,"Summer",47,0.929418168418585,0.978038147353432
"01633000",1985-06-21,115,0.92741935483871,1.04708636836629,1985,"06",21,"Summer",47,0.929418168418585,0.978038147353432
"01633000",1985-06-22,109,0.947826086956522,1.02200378071834,1985,"06",22,"Summer",47,0.929418168418585,0.978038147353432
"01633000",1985-06-23,104,0.954128440366973,1.00664927194681,1985,"06",23,"Summer",47,0.929418168418585,0.978038147353432
"01633000",1985-06-24,101,0.971153846153846,1.01784393491124,1985,"06",24,"Summer",47,0.929418168418585,0.978038147353432
"01633000",1985-06-25,93,0.920792079207921,0.948142338986374,1985,"06",25,"Summer",47,0.929418168418585,0.978038147353432
"01633000",1985-06-26,80,0.860215053763441,0.934212047635565,1985,"06",26,"Summer",47,0.929418168418585,0.978038147353432
"01633000",1985-06-27,76,0.95,1.104375,1985,"06",27,"Summer",47,0.929418168418585,0.978038147353432
"01633000",1985-06-28,74,0.973684210526316,1.02493074792244,1985,"06",28,"Summer",47,0.929418168418585,0.978038147353432
"01633000",1985-06-29,71,0.959459459459459,0.985390796201607,1985,"06",29,"Summer",47,0.929418168418585,0.978038147353432
"01633000",1985-06-30,69,0.971830985915493,1.01289426701051,1985,"06",30,"Summer",47,0.929418168418585,0.978038147353432
"01633000",1985-12-17,479,0.937377690802348,0.990575250554341,1985,"12",17,"Winter",48,0.955312956211958,0.951112604164721
"01633000",1985-12-18,441,0.920668058455115,0.982174066535623,1985,"12",18,"Winter",48,0.955312956211958,0.951112604164721
"01633000",1985-12-19,384,0.870748299319728,0.945778765020748,1985,"12",19,"Winter",48,0.955312956211958,0.951112604164721
"01633000",1985-12-20,352,0.916666666666667,1.052734375,1985,"12",20,"Winter",48,0.955312956211958,0.951112604164721
"01633000",1985-12-21,332,0.943181818181818,1.02892561983471,1985,"12",21,"Winter",48,0.955312956211958,0.951112604164721
"01633000",1985-12-22,309,0.930722891566265,0.986790535636522,1985,"12",22,"Winter",48,0.955312956211958,0.951112604164721
"01633000",1985-12-23,295,0.954692556634304,1.02575381489511,1985,"12",23,"Winter",48,0.955312956211958,0.951112604164721
"01633000",1985-12-24,295,1,1.04745762711864,1985,"12",24,"Winter",48,0.955312956211958,0.951112604164721
"01633000",1985-12-25,292,0.989830508474576,0.989830508474576,1985,"12",25,"Winter",48,0.955312956211958,0.951112604164721
"01633000",1985-12-26,243,0.832191780821918,0.840741696378307,1985,"12",26,"Winter",48,0.955312956211958,0.951112604164721
"01633000",1985-12-27,239,0.983539094650206,1.18186590797473,1985,"12",27,"Winter",48,0.955312956211958,0.951112604164721
"01633000",1985-12-28,231,0.96652719665272,0.982703384044397,1985,"12",28,"Winter",48,0.955312956211958,0.951112604164721
"01633000",1985-12-29,220,0.952380952380952,0.9853638425067,1985,"12",29,"Winter",48,0.955312956211958,0.951112604164721
"01633000",1985-12-30,206,0.936363636363636,0.983181818181818,1985,"12",30,"Winter",48,0.955312956211958,0.951112604164721
"01633000",1985-12-31,198,0.961165048543689,1.02648694504666,1985,"12",31,"Winter",48,0.955312956211958,0.951112604164721
"01633000",1986-01-01,197,0.994949494949495,1.03514947454341,1986,"01",1,"Winter",48,0.955312956211958,0.951112604164721
"01633000",1986-01-02,187,0.949238578680203,0.954057048622742,1986,"01",2,"Winter",48,0.955312956211958,0.951112604164721
"01633000",1986-01-03,184,0.983957219251337,1.03657525236638,1986,"01",3,"Winter",48,0.955312956211958,0.951112604164721
"01633000",1986-01-04,181,0.983695652173913,0.999734168241966,1986,"01",4,"Winter",48,0.955312956211958,0.951112604164721
"01633000",1986-01-05,177,0.977900552486188,0.994108848936235,1986,"01",5,"Winter",48,0.955312956211958,0.951112604164721
"01633000",1986-01-06,169,0.954802259887006,0.976379712087842,1986,"01",6,"Winter",48,0.955312956211958,0.951112604164721
"01633000",1986-01-07,163,0.964497041420118,1.01015370610273,1986,"01",7,"Winter",48,0.955312956211958,0.951112604164721
"01633000",1986-01-08,149,0.914110429447853,0.947758666114645,1986,"01",8,"Winter",48,0.955312956211958,0.951112604164721
"01633000",1986-01-09,134,0.899328859060403,0.983829557227152,1986,"01",9,"Winter",48,0.955312956211958,0.951112604164721
"01633000",1986-01-10,144,1.07462686567164,1.19492091779906,1986,"01",10,"Winter",48,0.955312956211958,0.951112604164721
"01633000",1986-01-11,141,0.979166666666667,0.911168981481481,1986,"01",11,"Winter",48,0.955312956211958,0.951112604164721
"01633000",1986-01-12,142,1.00709219858156,1.0285196921684,1986,"01",12,"Winter",48,0.955312956211958,0.951112604164721
"01633000",1986-01-13,141,0.992957746478873,0.985965086292402,1986,"01",13,"Winter",48,0.955312956211958,0.951112604164721
"01633000",1986-03-20,786,0.852494577006508,1.02632210463907,1986,"03",20,"Spring",49,0.932077367209336,0.955499138010959
"01633000",1986-03-21,660,0.83969465648855,0.98498533496494,1986,"03",21,"Spring",49,0.932077367209336,0.955499138010959
"01633000",1986-03-22,570,0.863636363636364,1.02851239669421,1986,"03",22,"Spring",49,0.932077367209336,0.955499138010959
"01633000",1986-03-23,512,0.898245614035088,1.04007386888273,1986,"03",23,"Spring",49,0.932077367209336,0.955499138010959
"01633000",1986-03-24,468,0.9140625,1.01760864257812,1986,"03",24,"Spring",49,0.932077367209336,0.955499138010959
"01633000",1986-03-25,425,0.908119658119658,0.993498429395865,1986,"03",25,"Spring",49,0.932077367209336,0.955499138010959
"01633000",1986-03-26,392,0.922352941176471,1.01567335640138,1986,"03",26,"Spring",49,0.932077367209336,0.955499138010959
"01633000",1986-03-27,372,0.948979591836735,1.02886817992503,1986,"03",27,"Spring",49,0.932077367209336,0.955499138010959
"01633000",1986-03-28,349,0.938172043010753,0.988611400161868,1986,"03",28,"Spring",49,0.932077367209336,0.955499138010959
"01633000",1986-03-29,331,0.948424068767908,1.01092766069244,1986,"03",29,"Spring",49,0.932077367209336,0.955499138010959
"01633000",1986-03-30,313,0.945619335347432,0.997042743311945,1986,"03",30,"Spring",49,0.932077367209336,0.955499138010959
"01633000",1986-03-31,296,0.945686900958466,1.00007145117333,1986,"03",31,"Spring",49,0.932077367209336,0.955499138010959
"01633000",1986-04-01,279,0.942567567567568,0.996701515704894,1986,"04",1,"Spring",49,0.932077367209336,0.955499138010959
"01633000",1986-04-02,266,0.953405017921147,1.01149779679089,1986,"04",2,"Spring",49,0.932077367209336,0.955499138010959
"01633000",1986-04-03,251,0.943609022556391,0.989725252982079,1986,"04",3,"Spring",49,0.932077367209336,0.955499138010959
"01633000",1986-04-04,241,0.960159362549801,1.01753940413644,1986,"04",4,"Spring",49,0.932077367209336,0.955499138010959
"01633000",1986-04-05,238,0.987551867219917,1.02852912312116,1986,"04",5,"Spring",49,0.932077367209336,0.955499138010959
"01633000",1986-04-21,524,0.930728241563055,1.02165195965536,1986,"04",21,"Spring",50,0.948988192018183,0.904716558878041
"01633000",1986-04-22,480,0.916030534351145,0.984208379465066,1986,"04",22,"Spring",50,0.948988192018183,0.904716558878041
"01633000",1986-04-23,416,0.866666666666667,0.946111111111111,1986,"04",23,"Spring",50,0.948988192018183,0.904716558878041
"01633000",1986-04-24,362,0.870192307692308,1.00406804733728,1986,"04",24,"Spring",50,0.948988192018183,0.904716558878041
"01633000",1986-04-25,329,0.908839779005525,1.04441256371906,1986,"04",25,"Spring",50,0.948988192018183,0.904716558878041
"01633000",1986-04-26,318,0.966565349544073,1.06351567335852,1986,"04",26,"Spring",50,0.948988192018183,0.904716558878041
"01633000",1986-04-27,293,0.921383647798742,0.953255409200585,1986,"04",27,"Spring",50,0.948988192018183,0.904716558878041
"01633000",1986-04-28,268,0.914675767918089,0.992719775419632,1986,"04",28,"Spring",50,0.948988192018183,0.904716558878041
"01633000",1986-04-29,251,0.936567164179104,1.02393350412119,1986,"04",29,"Spring",50,0.948988192018183,0.904716558878041
"01633000",1986-04-30,239,0.952191235059761,1.01668227488453,1986,"04",30,"Spring",50,0.948988192018183,0.904716558878041
"01633000",1986-05-01,224,0.937238493723849,0.984296493408729,1986,"05",1,"Spring",50,0.948988192018183,0.904716558878041
"01633000",1986-05-02,208,0.928571428571429,0.990752551020408,1986,"05",2,"Spring",50,0.948988192018183,0.904716558878041
"01633000",1986-05-03,198,0.951923076923077,1.02514792899408,1986,"05",3,"Spring",50,0.948988192018183,0.904716558878041
"01633000",1986-05-04,187,0.944444444444444,0.992143658810326,1986,"05",4,"Spring",50,0.948988192018183,0.904716558878041
"01633000",1986-05-05,176,0.941176470588235,0.996539792387543,1986,"05",5,"Spring",50,0.948988192018183,0.904716558878041
"01633000",1986-05-06,171,0.971590909090909,1.03231534090909,1986,"05",6,"Spring",50,0.948988192018183,0.904716558878041
"01633000",1986-05-07,168,0.982456140350877,1.01118292808043,1986,"05",7,"Spring",50,0.948988192018183,0.904716558878041
"01633000",1986-05-08,158,0.94047619047619,0.957270408163265,1986,"05",8,"Spring",50,0.948988192018183,0.904716558878041
"01633000",1986-05-09,147,0.930379746835443,0.989264540938952,1986,"05",9,"Spring",50,0.948988192018183,0.904716558878041
"01633000",1986-05-10,145,0.986394557823129,1.06020639548336,1986,"05",10,"Spring",50,0.948988192018183,0.904716558878041
"01633000",1986-05-11,141,0.972413793103448,0.985826397146254,1986,"05",11,"Spring",50,0.948988192018183,0.904716558878041
"01633000",1986-05-12,133,0.943262411347518,0.97002162869071,1986,"05",12,"Spring",50,0.948988192018183,0.904716558878041
"01633000",1986-05-13,133,1,1.06015037593985,1986,"05",13,"Spring",50,0.948988192018183,0.904716558878041
"01633000",1986-05-14,148,1.11278195488722,1.11278195488722,1986,"05",14,"Spring",50,0.948988192018183,0.904716558878041
"01633000",1986-05-15,143,0.966216216216216,0.868288897005113,1986,"05",15,"Spring",50,0.948988192018183,0.904716558878041
"01633000",1986-05-16,136,0.951048951048951,0.984302410875837,1986,"05",16,"Spring",50,0.948988192018183,0.904716558878041
"01633000",1986-05-17,133,0.977941176470588,1.02827638408304,1986,"05",17,"Spring",50,0.948988192018183,0.904716558878041
"01633000",1987-01-01,199,0.868995633187773,1.02078526343891,1987,"01",1,"Winter",51,0.950711644140093,0.844228735101061
"01633000",1987-01-02,186,0.934673366834171,1.07557889952274,1987,"01",2,"Winter",51,0.950711644140093,0.844228735101061
"01633000",1987-01-03,162,0.870967741935484,0.931841831425598,1987,"01",3,"Winter",51,0.950711644140093,0.844228735101061
"01633000",1987-01-04,144,0.888888888888889,1.02057613168724,1987,"01",4,"Winter",51,0.950711644140093,0.844228735101061
"01633000",1987-01-05,129,0.895833333333333,1.0078125,1987,"01",5,"Winter",51,0.950711644140093,0.844228735101061
"01633000",1987-01-06,117,0.906976744186046,1.0124391563007,1987,"01",6,"Winter",51,0.950711644140093,0.844228735101061
"01633000",1987-01-07,112,0.957264957264957,1.0554459785229,1987,"01",7,"Winter",51,0.950711644140093,0.844228735101061
"01633000",1987-01-08,108,0.964285714285714,1.00733418367347,1987,"01",8,"Winter",51,0.950711644140093,0.844228735101061
"01633000",1987-01-09,106,0.981481481481482,1.01783264746228,1987,"01",9,"Winter",51,0.950711644140093,0.844228735101061
"01633000",1987-01-10,105,0.990566037735849,1.00925596297615,1987,"01",10,"Winter",51,0.950711644140093,0.844228735101061
"01633000",1987-01-11,106,1.00952380952381,1.01913832199546,1987,"01",11,"Winter",51,0.950711644140093,0.844228735101061
"01633000",1987-01-12,103,0.971698113207547,0.962531149875401,1987,"01",12,"Winter",51,0.950711644140093,0.844228735101061
"01633000",1987-01-13,98,0.951456310679612,0.979168630408144,1987,"01",13,"Winter",51,0.950711644140093,0.844228735101061
"01633000",1987-01-14,95,0.969387755102041,1.01884631403582,1987,"01",14,"Winter",51,0.950711644140093,0.844228735101061
"01633000",1987-03-12,542,0.842923794712286,0.98843630048688,1987,"03",12,"Spring",52,0.955296835095728,0.935507079007729
"01633000",1987-03-13,473,0.872693726937269,1.03531746572078,1987,"03",13,"Spring",52,0.955296835095728,0.935507079007729
"01633000",1987-03-14,415,0.87737843551797,1.00536810158719,1987,"03",14,"Spring",52,0.955296835095728,0.935507079007729
"01633000",1987-03-15,379,0.913253012048193,1.04088837276818,1987,"03",15,"Spring",52,0.955296835095728,0.935507079007729
"01633000",1987-03-16,366,0.965699208443272,1.05742789315028,1987,"03",16,"Spring",52,0.955296835095728,0.935507079007729
"01633000",1987-03-17,347,0.948087431693989,0.981762668338858,1987,"03",17,"Spring",52,0.955296835095728,0.935507079007729
"01633000",1987-03-18,326,0.939481268011527,0.990922605453081,1987,"03",18,"Spring",52,0.955296835095728,0.935507079007729
"01633000",1987-03-19,329,1.00920245398773,1.07421242801761,1987,"03",19,"Spring",52,0.955296835095728,0.935507079007729
"01633000",1987-03-20,323,0.981762917933131,0.972810672480853,1987,"03",20,"Spring",52,0.955296835095728,0.935507079007729
"01633000",1987-03-21,312,0.96594427244582,0.983887509704876,1987,"03",21,"Spring",52,0.955296835095728,0.935507079007729
"01633000",1987-03-22,299,0.958333333333333,0.992120726495726,1987,"03",22,"Spring",52,0.955296835095728,0.935507079007729
"01633000",1987-03-23,282,0.94314381270903,0.98415006543551,1987,"03",23,"Spring",52,0.955296835095728,0.935507079007729
"01633000",1987-03-24,264,0.936170212765957,0.992606005734118,1987,"03",24,"Spring",52,0.955296835095728,0.935507079007729
"01633000",1987-03-25,253,0.958333333333333,1.02367424242424,1987,"03",25,"Spring",52,0.955296835095728,0.935507079007729
"01633000",1987-03-26,248,0.980237154150198,1.02285616085238,1987,"03",26,"Spring",52,0.955296835095728,0.935507079007729
"01633000",1987-03-27,232,0.935483870967742,0.954344432882414,1987,"03",27,"Spring",52,0.955296835095728,0.935507079007729
"01633000",1987-03-28,234,1.00862068965517,1.0781807372176,1987,"03",28,"Spring",52,0.955296835095728,0.935507079007729
"01633000",1987-03-29,226,0.965811965811966,0.957557162685368,1987,"03",29,"Spring",52,0.955296835095728,0.935507079007729
"01633000",1987-03-30,222,0.982300884955752,1.01707259769755,1987,"03",30,"Spring",52,0.955296835095728,0.935507079007729
"01633000",1987-07-14,91,0.928571428571429,0.994897959183674,1987,"07",14,"Summer",53,0.963230444381279,0.9755337302635
"01633000",1987-07-15,92,1.01098901098901,1.0887573964497,1987,"07",15,"Summer",53,0.963230444381279,0.9755337302635
"01633000",1987-07-16,88,0.956521739130435,0.946124763705104,1987,"07",16,"Summer",53,0.963230444381279,0.9755337302635
"01633000",1987-07-17,83,0.943181818181818,0.986053719008264,1987,"07",17,"Summer",53,0.963230444381279,0.9755337302635
"01633000",1987-07-18,80,0.963855421686747,1.02191900130643,1987,"07",18,"Summer",53,0.963230444381279,0.9755337302635
"01633000",1987-07-19,77,0.9625,0.99859375,1987,"07",19,"Summer",53,0.963230444381279,0.9755337302635
"01633000",1987-07-20,74,0.961038961038961,0.998482037443076,1987,"07",20,"Summer",53,0.963230444381279,0.9755337302635
"01633000",1987-07-21,68,0.918918918918919,0.956172388604821,1987,"07",21,"Summer",53,0.963230444381279,0.9755337302635
"01633000",1987-07-22,64,0.941176470588235,1.0242214532872,1987,"07",22,"Summer",53,0.963230444381279,0.9755337302635
"01633000",1987-07-23,62,0.96875,1.029296875,1987,"07",23,"Summer",53,0.963230444381279,0.9755337302635
"01633000",1987-07-24,62,1,1.03225806451613,1987,"07",24,"Summer",53,0.963230444381279,0.9755337302635
"01633000",1987-07-25,61,0.983870967741935,0.983870967741935,1987,"07",25,"Summer",53,0.963230444381279,0.9755337302635
"01633000",1987-07-26,61,1,1.01639344262295,1987,"07",26,"Summer",53,0.963230444381279,0.9755337302635
"01633000",1987-07-27,58,0.950819672131147,0.950819672131147,1987,"07",27,"Summer",53,0.963230444381279,0.9755337302635
"01633000",1987-07-28,55,0.948275862068966,0.997324613555291,1987,"07",28,"Summer",53,0.963230444381279,0.9755337302635
"01633000",1987-07-29,53,0.963636363636364,1.01619834710744,1987,"07",29,"Summer",53,0.963230444381279,0.9755337302635
"01633000",1987-09-28,202,0.874458874458874,1.00316710706321,1987,"09",28,"Fall",54,0.966658746348139,0.918219578887874
"01633000",1987-09-29,181,0.896039603960396,1.02467895304382,1987,"09",29,"Fall",54,0.966658746348139,0.918219578887874
"01633000",1987-09-30,182,1.00552486187845,1.12218796740026,1987,"09",30,"Fall",54,0.966658746348139,0.918219578887874
"01633000",1987-10-01,167,0.917582417582418,0.912540755947349,1987,"10",1,"Fall",54,0.966658746348139,0.918219578887874
"01633000",1987-10-02,149,0.892215568862275,0.972354691813977,1987,"10",2,"Fall",54,0.966658746348139,0.918219578887874
"01633000",1987-10-03,141,0.946308724832215,1.06062789964416,1987,"10",3,"Fall",54,0.966658746348139,0.918219578887874
"01633000",1987-10-04,131,0.929078014184397,0.981791660379257,1987,"10",4,"Fall",54,0.966658746348139,0.918219578887874
"01633000",1987-10-05,123,0.938931297709924,1.01060544257328,1987,"10",5,"Fall",54,0.966658746348139,0.918219578887874
"01633000",1987-10-06,120,0.975609756097561,1.03906404917708,1987,"10",6,"Fall",54,0.966658746348139,0.918219578887874
"01633000",1987-10-07,116,0.966666666666667,0.990833333333333,1987,"10",7,"Fall",54,0.966658746348139,0.918219578887874
"01633000",1987-10-08,113,0.974137931034483,1.0077288941736,1987,"10",8,"Fall",54,0.966658746348139,0.918219578887874
"01633000",1987-10-09,106,0.938053097345133,0.962957161876419,1987,"10",9,"Fall",54,0.966658746348139,0.918219578887874
"01633000",1987-10-10,102,0.962264150943396,1.02580989676041,1987,"10",10,"Fall",54,0.966658746348139,0.918219578887874
"01633000",1987-10-11,101,0.990196078431373,1.02902729719339,1987,"10",11,"Fall",54,0.966658746348139,0.918219578887874
"01633000",1987-10-12,97,0.96039603960396,0.969904911283207,1987,"10",12,"Fall",54,0.966658746348139,0.918219578887874
"01633000",1987-10-13,93,0.958762886597938,0.998299500478266,1987,"10",13,"Fall",54,0.966658746348139,0.918219578887874
"01633000",1987-10-14,90,0.967741935483871,1.00936524453694,1987,"10",14,"Fall",54,0.966658746348139,0.918219578887874
"01633000",1987-10-15,90,1,1.03333333333333,1987,"10",15,"Fall",54,0.966658746348139,0.918219578887874
"01633000",1987-10-16,88,0.977777777777778,0.977777777777778,1987,"10",16,"Fall",54,0.966658746348139,0.918219578887874
"01633000",1987-10-17,86,0.977272727272727,0.99948347107438,1987,"10",17,"Fall",54,0.966658746348139,0.918219578887874
"01633000",1987-10-18,84,0.976744186046512,0.999459167117361,1987,"10",18,"Fall",54,0.966658746348139,0.918219578887874
"01633000",1987-10-19,83,0.988095238095238,1.01162131519274,1987,"10",19,"Fall",54,0.966658746348139,0.918219578887874
"01633000",1987-10-20,82,0.987951807228916,0.999854841050951,1987,"10",20,"Fall",54,0.966658746348139,0.918219578887874
"01633000",1987-10-21,93,1.13414634146341,1.14797739440809,1987,"10",21,"Fall",54,0.966658746348139,0.918219578887874
"01633000",1987-10-22,83,0.89247311827957,0.786911781708868,1987,"10",22,"Fall",54,0.966658746348139,0.918219578887874
"01633000",1987-10-23,79,0.951807228915663,1.06648279866454,1987,"10",23,"Fall",54,0.966658746348139,0.918219578887874
"01633000",1987-10-24,77,0.974683544303797,1.02403460983817,1987,"10",24,"Fall",54,0.966658746348139,0.918219578887874
"01633000",1987-10-25,76,0.987012987012987,1.01264968797436,1987,"10",25,"Fall",54,0.966658746348139,0.918219578887874
"01633000",1988-02-24,213,0.981566820276498,1.01323026609187,1988,"02",24,"Winter",55,0.992530330893869,0.221782171179776
"01633000",1988-02-25,203,0.953051643192488,0.970949326632723,1988,"02",25,"Winter",55,0.992530330893869,0.221782171179776
"01633000",1988-02-26,195,0.960591133004926,1.00791089325147,1988,"02",26,"Winter",55,0.992530330893869,0.221782171179776
"01633000",1988-02-27,191,0.979487179487179,1.01967126890204,1988,"02",27,"Winter",55,0.992530330893869,0.221782171179776
"01633000",1988-02-28,188,0.984293193717278,1.00490666374277,1988,"02",28,"Winter",55,0.992530330893869,0.221782171179776
"01633000",1988-02-29,182,0.968085106382979,0.983533272974196,1988,"02",29,"Winter",55,0.992530330893869,0.221782171179776
"01633000",1988-03-01,175,0.961538461538462,0.99323753169907,1988,"03",1,"Spring",55,0.992530330893869,0.221782171179776
"01633000",1988-03-02,170,0.971428571428571,1.01028571428571,1988,"03",2,"Spring",55,0.992530330893869,0.221782171179776
"01633000",1988-03-03,168,0.988235294117647,1.01730103806228,1988,"03",3,"Spring",55,0.992530330893869,0.221782171179776
"01633000",1988-03-04,188,1.11904761904762,1.13236961451247,1988,"03",4,"Spring",55,0.992530330893869,0.221782171179776
"01633000",1988-03-05,284,1.51063829787234,1.34993209597103,1988,"03",5,"Spring",55,0.992530330893869,0.221782171179776
"01633000",1988-03-06,285,1.00352112676056,0.664302717714739,1988,"03",6,"Spring",55,0.992530330893869,0.221782171179776
"01633000",1988-03-07,278,0.975438596491228,0.972016004924592,1988,"03",7,"Spring",55,0.992530330893869,0.221782171179776
"01633000",1988-03-08,272,0.97841726618705,1.00305367217018,1988,"03",8,"Spring",55,0.992530330893869,0.221782171179776
"01633000",1988-03-09,263,0.966911764705882,0.988240700692042,1988,"03",9,"Spring",55,0.992530330893869,0.221782171179776
"01633000",1988-03-10,260,0.988593155893536,1.02242333993552,1988,"03",10,"Spring",55,0.992530330893869,0.221782171179776
"01633000",1988-03-11,247,0.95,0.960961538461538,1988,"03",11,"Spring",55,0.992530330893869,0.221782171179776
"01633000",1988-03-12,234,0.947368421052632,0.997229916897507,1988,"03",12,"Spring",55,0.992530330893869,0.221782171179776
"01633000",1988-03-13,226,0.965811965811966,1.01946818613485,1988,"03",13,"Spring",55,0.992530330893869,0.221782171179776
"01633000",1988-03-14,217,0.960176991150443,0.994165557208865,1988,"03",14,"Spring",55,0.992530330893869,0.221782171179776
"01633000",1988-03-15,210,0.967741935483871,1.00787869778505,1988,"03",15,"Spring",55,0.992530330893869,0.221782171179776
"01633000",1988-03-16,200,0.952380952380952,0.984126984126984,1988,"03",16,"Spring",55,0.992530330893869,0.221782171179776
"01633000",1988-03-17,189,0.945,0.99225,1988,"03",17,"Spring",55,0.992530330893869,0.221782171179776
"01633000",1988-03-18,180,0.952380952380952,1.00781053162006,1988,"03",18,"Spring",55,0.992530330893869,0.221782171179776
"01633000",1988-03-19,175,0.972222222222222,1.02083333333333,1988,"03",19,"Spring",55,0.992530330893869,0.221782171179776
"01633000",1988-03-20,170,0.971428571428571,0.999183673469388,1988,"03",20,"Spring",55,0.992530330893869,0.221782171179776
"01633000",1988-03-21,166,0.976470588235294,1.00519031141869,1988,"03",21,"Spring",55,0.992530330893869,0.221782171179776
"01633000",1988-03-22,160,0.963855421686747,0.98708085353462,1988,"03",22,"Spring",55,0.992530330893869,0.221782171179776
"01633000",1988-03-23,153,0.95625,0.992109375,1988,"03",23,"Spring",55,0.992530330893869,0.221782171179776
"01633000",1988-03-24,147,0.96078431372549,1.00474176598744,1988,"03",24,"Spring",55,0.992530330893869,0.221782171179776
"01633000",1988-03-25,141,0.959183673469388,0.998334027488546,1988,"03",25,"Spring",55,0.992530330893869,0.221782171179776
"01633000",1988-03-26,162,1.14893617021277,1.19782707107288,1988,"03",26,"Spring",55,0.992530330893869,0.221782171179776
"01633000",1988-03-27,185,1.14197530864198,0.993941472336534,1988,"03",27,"Spring",55,0.992530330893869,0.221782171179776
"01633000",1988-03-28,175,0.945945945945946,0.828341855368882,1988,"03",28,"Spring",55,0.992530330893869,0.221782171179776
"01633000",1988-03-29,166,0.948571428571429,1.00277551020408,1988,"03",29,"Spring",55,0.992530330893869,0.221782171179776
"01633000",1988-03-30,161,0.969879518072289,1.02246334736537,1988,"03",30,"Spring",55,0.992530330893869,0.221782171179776
"01633000",1988-03-31,164,1.01863354037267,1.05026812237182,1988,"03",31,"Spring",55,0.992530330893869,0.221782171179776
"01633000",1988-04-01,165,1.00609756097561,0.987693337299227,1988,"04",1,"Spring",55,0.992530330893869,0.221782171179776
"01633000",1988-04-02,164,0.993939393939394,0.98791551882461,1988,"04",2,"Spring",55,0.992530330893869,0.221782171179776
"01633000",1988-04-03,162,0.98780487804878,0.993828078524688,1988,"04",3,"Spring",55,0.992530330893869,0.221782171179776
"01633000",1988-04-12,377,0.852941176470588,1.00153047644397,1988,"04",12,"Spring",56,0.945795905209321,0.954799858391975
"01633000",1988-04-13,331,0.877984084880637,1.02936065123937,1988,"04",13,"Spring",56,0.945795905209321,0.954799858391975
"01633000",1988-04-14,290,0.876132930513595,0.997891585509442,1988,"04",14,"Spring",56,0.945795905209321,0.954799858391975
"01633000",1988-04-15,264,0.910344827586207,1.03904875148633,1988,"04",15,"Spring",56,0.945795905209321,0.954799858391975
"01633000",1988-04-16,238,0.901515151515151,0.990300734618916,1988,"04",16,"Spring",56,0.945795905209321,0.954799858391975
"01633000",1988-04-17,217,0.911764705882353,1.01136925358379,1988,"04",17,"Spring",56,0.945795905209321,0.954799858391975
"01633000",1988-04-18,205,0.944700460829493,1.03612308607106,1988,"04",18,"Spring",56,0.945795905209321,0.954799858391975
"01633000",1988-04-19,205,1,1.05853658536585,1988,"04",19,"Spring",56,0.945795905209321,0.954799858391975
"01633000",1988-04-20,192,0.936585365853659,0.936585365853659,1988,"04",20,"Spring",56,0.945795905209321,0.954799858391975
"01633000",1988-04-21,175,0.911458333333333,0.973171657986111,1988,"04",21,"Spring",56,0.945795905209321,0.954799858391975
"01633000",1988-04-22,160,0.914285714285714,1.00310204081633,1988,"04",22,"Spring",56,0.945795905209321,0.954799858391975
"01633000",1988-04-23,154,0.9625,1.052734375,1988,"04",23,"Spring",56,0.945795905209321,0.954799858391975
"01633000",1988-04-24,150,0.974025974025974,1.01197503794906,1988,"04",24,"Spring",56,0.945795905209321,0.954799858391975
"01633000",1988-04-25,145,0.966666666666667,0.992444444444444,1988,"04",25,"Spring",56,0.945795905209321,0.954799858391975
"01633000",1988-04-26,136,0.937931034482759,0.970273483947681,1988,"04",26,"Spring",56,0.945795905209321,0.954799858391975
"01633000",1988-04-27,131,0.963235294117647,1.02697880622837,1988,"04",27,"Spring",56,0.945795905209321,0.954799858391975
"01633000",1988-04-28,128,0.977099236641221,1.01439310063516,1988,"04",28,"Spring",56,0.945795905209321,0.954799858391975
"01633000",1988-04-29,125,0.9765625,0.99945068359375,1988,"04",29,"Spring",56,0.945795905209321,0.954799858391975
"01633000",1988-04-30,120,0.96,0.98304,1988,"04",30,"Spring",56,0.945795905209321,0.954799858391975
"01633000",1988-05-01,116,0.966666666666667,1.00694444444444,1988,"05",1,"Spring",56,0.945795905209321,0.954799858391975
"01633000",1988-05-02,112,0.96551724137931,0.998810939357907,1988,"05",2,"Spring",56,0.945795905209321,0.954799858391975
"01633000",1988-05-03,108,0.964285714285714,0.998724489795918,1988,"05",3,"Spring",56,0.945795905209321,0.954799858391975
"01633000",1988-06-23,107,0.922413793103448,1.0098840665874,1988,"06",23,"Summer",57,0.959624093197478,0.97495906316175
"01633000",1988-06-24,105,0.981308411214953,1.06384837103677,1988,"06",24,"Summer",57,0.959624093197478,0.97495906316175
"01633000",1988-06-25,96,0.914285714285714,0.931700680272109,1988,"06",25,"Summer",57,0.959624093197478,0.97495906316175
"01633000",1988-06-26,91,0.947916666666667,1.03678385416667,1988,"06",26,"Summer",57,0.959624093197478,0.97495906316175
"01633000",1988-06-27,85,0.934065934065934,0.985388238135491,1988,"06",27,"Summer",57,0.959624093197478,0.97495906316175
"01633000",1988-06-28,81,0.952941176470588,1.02020761245675,1988,"06",28,"Summer",57,0.959624093197478,0.97495906316175
"01633000",1988-06-29,79,0.975308641975309,1.02347203170248,1988,"06",29,"Summer",57,0.959624093197478,0.97495906316175
"01633000",1988-06-30,77,0.974683544303797,0.999359077070982,1988,"06",30,"Summer",57,0.959624093197478,0.97495906316175
"01633000",1988-07-01,73,0.948051948051948,0.972676673975375,1988,"07",1,"Summer",57,0.959624093197478,0.97495906316175
"01633000",1988-07-02,72,0.986301369863014,1.04034528054044,1988,"07",2,"Summer",57,0.959624093197478,0.97495906316175
"01633000",1988-07-03,72,1,1.01388888888889,1988,"07",3,"Summer",57,0.959624093197478,0.97495906316175
"01633000",1988-07-04,71,0.986111111111111,0.986111111111111,1988,"07",4,"Summer",57,0.959624093197478,0.97495906316175
"01633000",1988-07-05,63,0.887323943661972,0.899821463995239,1988,"07",5,"Summer",57,0.959624093197478,0.97495906316175
"01633000",1988-07-06,60,0.952380952380952,1.07331821617536,1988,"07",6,"Summer",57,0.959624093197478,0.97495906316175
"01633000",1988-07-07,57,0.95,0.9975,1988,"07",7,"Summer",57,0.959624093197478,0.97495906316175
"01633000",1988-07-08,55,0.964912280701754,1.01569713758079,1988,"07",8,"Summer",57,0.959624093197478,0.97495906316175
"01633000",1988-07-09,53,0.963636363636364,0.998677685950413,1988,"07",9,"Summer",57,0.959624093197478,0.97495906316175
"01633000",1989-01-20,102,0.927272727272727,1.01157024793388,1989,"01",20,"Winter",58,0.945917277812253,0.973592847819414
"01633000",1989-01-21,91,0.892156862745098,0.962129950019223,1989,"01",21,"Winter",58,0.945917277812253,0.973592847819414
"01633000",1989-01-22,82,0.901098901098901,1.01002294408888,1989,"01",22,"Winter",58,0.945917277812253,0.973592847819414
"01633000",1989-01-23,77,0.939024390243902,1.04208804283165,1989,"01",23,"Winter",58,0.945917277812253,0.973592847819414
"01633000",1989-01-24,73,0.948051948051948,1.00961376286052,1989,"01",24,"Winter",58,0.945917277812253,0.973592847819414
"01633000",1989-01-25,69,0.945205479452055,0.996997560517921,1989,"01",25,"Winter",58,0.945917277812253,0.973592847819414
"01633000",1989-01-26,66,0.956521739130435,1.0119722747322,1989,"01",26,"Winter",58,0.945917277812253,0.973592847819414
"01633000",1989-01-27,62,0.939393939393939,0.982093663911846,1989,"01",27,"Winter",58,0.945917277812253,0.973592847819414
"01633000",1989-01-28,58,0.935483870967742,0.995837669094693,1989,"01",28,"Winter",58,0.945917277812253,0.973592847819414
"01633000",1989-01-29,56,0.96551724137931,1.0321046373365,1989,"01",29,"Winter",58,0.945917277812253,0.973592847819414
"01633000",1989-01-30,55,0.982142857142857,1.0172193877551,1989,"01",30,"Winter",58,0.945917277812253,0.973592847819414
"01633000",1989-01-31,52,0.945454545454545,0.962644628099174,1989,"01",31,"Winter",58,0.945917277812253,0.973592847819414
"01633000",1989-02-01,49,0.942307692307692,0.996671597633136,1989,"02",1,"Winter",58,0.945917277812253,0.973592847819414
"01633000",1989-02-02,47,0.959183673469388,1.01790920449813,1989,"02",2,"Winter",58,0.945917277812253,0.973592847819414
"01633000",1989-04-02,226,0.856060606060606,0.992252066115702,1989,"04",2,"Spring",59,0.939551663140597,0.98126038396389
"01633000",1989-04-03,201,0.889380530973451,1.03892239016368,1989,"04",3,"Spring",59,0.939551663140597,0.98126038396389
"01633000",1989-04-04,183,0.91044776119403,1.02368753248682,1989,"04",4,"Spring",59,0.939551663140597,0.98126038396389
"01633000",1989-04-05,171,0.934426229508197,1.02633700618113,1989,"04",5,"Spring",59,0.939551663140597,0.98126038396389
"01633000",1989-04-06,162,0.947368421052632,1.01385041551247,1989,"04",6,"Spring",59,0.939551663140597,0.98126038396389
"01633000",1989-04-07,149,0.919753086419753,0.970850480109739,1989,"04",7,"Spring",59,0.939551663140597,0.98126038396389
"01633000",1989-04-08,145,0.973154362416107,1.05806044772758,1989,"04",8,"Spring",59,0.939551663140597,0.98126038396389
"01633000",1989-04-09,142,0.979310344827586,1.00632580261593,1989,"04",9,"Spring",59,0.939551663140597,0.98126038396389
"01633000",1989-04-10,131,0.922535211267606,0.942025391787344,1989,"04",10,"Spring",59,0.939551663140597,0.98126038396389
"01633000",1989-04-11,118,0.900763358778626,0.976399976691335,1989,"04",11,"Spring",59,0.939551663140597,0.98126038396389
"01633000",1989-04-12,111,0.940677966101695,1.04431197931629,1989,"04",12,"Spring",59,0.939551663140597,0.98126038396389
"01633000",1989-04-13,104,0.936936936936937,0.996023050077104,1989,"04",13,"Spring",59,0.939551663140597,0.98126038396389
"01633000",1989-04-14,97,0.932692307692308,0.995469674556213,1989,"04",14,"Spring",59,0.939551663140597,0.98126038396389
"01633000",1989-04-15,96,0.989690721649485,1.06111170156233,1989,"04",15,"Spring",59,0.939551663140597,0.98126038396389
"01633000",1989-04-16,94,0.979166666666667,0.989366319444444,1989,"04",16,"Spring",59,0.939551663140597,0.98126038396389
"01633000",1989-08-25,400,0.925925925925926,0.97093621399177,1989,"08",25,"Summer",60,0.934547990768895,0.86998200349993
"01633000",1989-08-26,355,0.8875,0.9585,1989,"08",26,"Summer",60,0.934547990768895,0.86998200349993
"01633000",1989-08-27,312,0.87887323943662,0.990279706407459,1989,"08",27,"Summer",60,0.934547990768895,0.86998200349993
"01633000",1989-08-28,385,1.23397435897436,1.40404133793557,1989,"08",28,"Summer",60,0.934547990768895,0.86998200349993
"01633000",1989-08-29,305,0.792207792207792,0.641996964074886,1989,"08",29,"Summer",60,0.934547990768895,0.86998200349993
"01633000",1989-08-30,263,0.862295081967213,1.08847084117173,1989,"08",30,"Summer",60,0.934547990768895,0.86998200349993
"01633000",1989-08-31,225,0.855513307984791,0.992135205077419,1989,"08",31,"Summer",60,0.934547990768895,0.86998200349993
"01633000",1989-09-01,194,0.862222222222222,1.00784197530864,1989,"09",1,"Fall",60,0.934547990768895,0.86998200349993
"01633000",1989-09-02,172,0.88659793814433,1.02827080454884,1989,"09",2,"Fall",60,0.934547990768895,0.86998200349993
"01633000",1989-09-03,154,0.895348837209302,1.00987020010817,1989,"09",3,"Fall",60,0.934547990768895,0.86998200349993
"01633000",1989-09-04,138,0.896103896103896,1.00084331253162,1989,"09",4,"Fall",60,0.934547990768895,0.86998200349993
"01633000",1989-09-05,129,0.934782608695652,1.04316320100819,1989,"09",5,"Fall",60,0.934547990768895,0.86998200349993
"01633000",1989-09-06,123,0.953488372093023,1.02001081665765,1989,"09",6,"Fall",60,0.934547990768895,0.86998200349993
"01633000",1989-09-07,118,0.959349593495935,1.00614713464208,1989,"09",7,"Fall",60,0.934547990768895,0.86998200349993
"01633000",1989-09-08,114,0.966101694915254,1.00703820741166,1989,"09",8,"Fall",60,0.934547990768895,0.86998200349993
"01633000",1989-09-09,131,1.14912280701754,1.18944290550939,1989,"09",9,"Fall",60,0.934547990768895,0.86998200349993
"01633000",1989-09-10,117,0.893129770992366,0.777227434298701,1989,"09",10,"Fall",60,0.934547990768895,0.86998200349993
"01633000",1989-09-11,105,0.897435897435897,1.00482138943677,1989,"09",11,"Fall",60,0.934547990768895,0.86998200349993
"01633000",1989-09-12,116,1.1047619047619,1.23102040816327,1989,"09",12,"Fall",60,0.934547990768895,0.86998200349993
"01633000",1989-09-13,131,1.12931034482759,1.02222057074911,1989,"09",13,"Fall",60,0.934547990768895,0.86998200349993
"01633000",1989-09-14,118,0.900763358778626,0.797622516170386,1989,"09",14,"Fall",60,0.934547990768895,0.86998200349993
"01633000",1989-09-15,108,0.915254237288136,1.01608733122666,1989,"09",15,"Fall",60,0.934547990768895,0.86998200349993
"01633000",1989-11-22,393,0.84698275862069,1.01856978299643,1989,"11",22,"Fall",61,0.957654265921721,0.932332706370281
"01633000",1989-11-23,360,0.916030534351145,1.08152205582425,1989,"11",23,"Fall",61,0.957654265921721,0.932332706370281
"01633000",1989-11-24,316,0.877777777777778,0.958240740740741,1989,"11",24,"Fall",61,0.957654265921721,0.932332706370281
"01633000",1989-11-25,283,0.895569620253165,1.02026918763019,1989,"11",25,"Fall",61,0.957654265921721,0.932332706370281
"01633000",1989-11-26,272,0.96113074204947,1.07320605826019,1989,"11",26,"Fall",61,0.957654265921721,0.932332706370281
"01633000",1989-11-27,270,0.992647058823529,1.03279087370242,1989,"11",27,"Fall",61,0.957654265921721,0.932332706370281
"01633000",1989-11-28,254,0.940740740740741,0.947709190672154,1989,"11",28,"Fall",61,0.957654265921721,0.932332706370281
"01633000",1989-11-29,241,0.948818897637795,1.00858701717403,1989,"11",29,"Fall",61,0.957654265921721,0.932332706370281
"01633000",1989-11-30,228,0.946058091286307,0.997090270484324,1989,"11",30,"Fall",61,0.957654265921721,0.932332706370281
"01633000",1989-12-01,220,0.964912280701754,1.01992920898738,1989,"12",1,"Winter",61,0.957654265921721,0.932332706370281
"01633000",1989-12-02,211,0.959090909090909,0.99396694214876,1989,"12",2,"Winter",61,0.957654265921721,0.932332706370281
"01633000",1989-12-03,206,0.976303317535545,1.01794658700389,1989,"12",3,"Winter",61,0.957654265921721,0.932332706370281
"01633000",1989-12-04,192,0.932038834951456,0.954661136770666,1989,"12",4,"Winter",61,0.957654265921721,0.932332706370281
"01633000",1989-12-05,191,0.994791666666667,1.06732855902778,1989,"12",5,"Winter",61,0.957654265921721,0.932332706370281
"01633000",1989-12-06,187,0.979057591623037,0.984183547600121,1989,"12",6,"Winter",61,0.957654265921721,0.932332706370281
"01633000",1989-12-07,181,0.967914438502674,0.988618490663159,1989,"12",7,"Winter",61,0.957654265921721,0.932332706370281
"01633000",1989-12-08,177,0.977900552486188,1.01031714538628,1989,"12",8,"Winter",61,0.957654265921721,0.932332706370281
"01633000",1989-12-09,174,0.983050847457627,1.00526668581825,1989,"12",9,"Winter",61,0.957654265921721,0.932332706370281
"01633000",1990-02-28,383,0.962311557788945,1.02517613191586,1990,"02",28,"Winter",62,0.956204621387851,0.974956905161388
"01633000",1990-03-01,354,0.924281984334204,0.960481017663219,1990,"03",1,"Spring",62,0.956204621387851,0.974956905161388
"01633000",1990-03-02,334,0.943502824858757,1.0207954291551,1990,"03",2,"Spring",62,0.956204621387851,0.974956905161388
"01633000",1990-03-03,325,0.973053892215569,1.03132059234824,1990,"03",3,"Spring",62,0.956204621387851,0.974956905161388
"01633000",1990-03-04,304,0.935384615384615,0.961287573964497,1990,"03",4,"Spring",62,0.956204621387851,0.974956905161388
"01633000",1990-03-05,283,0.930921052631579,0.995228099030471,1990,"03",5,"Spring",62,0.956204621387851,0.974956905161388
"01633000",1990-03-06,267,0.943462897526502,1.01347251183059,1990,"03",6,"Spring",62,0.956204621387851,0.974956905161388
"01633000",1990-03-07,250,0.936329588014981,0.992439226248089,1990,"03",7,"Spring",62,0.956204621387851,0.974956905161388
"01633000",1990-03-08,235,0.94,1.00392,1990,"03",8,"Spring",62,0.956204621387851,0.974956905161388
"01633000",1990-03-09,228,0.970212765957447,1.03214124038026,1990,"03",9,"Spring",62,0.956204621387851,0.974956905161388
"01633000",1990-03-10,222,0.973684210526316,1.00357802400739,1990,"03",10,"Spring",62,0.956204621387851,0.974956905161388
"01633000",1990-03-11,216,0.972972972972973,0.99926953981008,1990,"03",11,"Spring",62,0.956204621387851,0.974956905161388
"01633000",1990-03-12,210,0.972222222222222,0.999228395061728,1990,"03",12,"Spring",62,0.956204621387851,0.974956905161388
"01633000",1990-03-13,201,0.957142857142857,0.984489795918367,1990,"03",13,"Spring",62,0.956204621387851,0.974956905161388
"01633000",1990-03-14,193,0.960199004975124,1.00319299027252,1990,"03",14,"Spring",62,0.956204621387851,0.974956905161388
"01633000",1990-03-15,187,0.968911917098446,1.00907406910253,1990,"03",15,"Spring",62,0.956204621387851,0.974956905161388
"01633000",1990-03-16,183,0.978609625668449,1.01000886499471,1990,"03",16,"Spring",62,0.956204621387851,0.974956905161388
"01633000",1990-04-25,289,0.941368078175896,1.02722575305839,1990,"04",25,"Spring",63,0.971801983731095,0.977314884655266
"01633000",1990-04-26,275,0.951557093425606,1.01082362519606,1990,"04",26,"Spring",63,0.971801983731095,0.977314884655266
"01633000",1990-04-27,264,0.96,1.00887272727273,1990,"04",27,"Spring",63,0.971801983731095,0.977314884655266
"01633000",1990-04-28,253,0.958333333333333,0.998263888888889,1990,"04",28,"Spring",63,0.971801983731095,0.977314884655266
"01633000",1990-04-29,259,1.02371541501976,1.06822478089019,1990,"04",29,"Spring",63,0.971801983731095,0.977314884655266
"01633000",1990-04-30,274,1.05791505791506,1.03340737317571,1990,"04",30,"Spring",63,0.971801983731095,0.977314884655266
"01633000",1990-05-01,249,0.908759124087591,0.859009537002504,1990,"05",1,"Spring",63,0.971801983731095,0.977314884655266
"01633000",1990-05-02,232,0.931726907630522,1.02527378590668,1990,"05",2,"Spring",63,0.971801983731095,0.977314884655266
"01633000",1990-05-03,219,0.943965517241379,1.01313540428062,1990,"05",3,"Spring",63,0.971801983731095,0.977314884655266
"01633000",1990-05-04,214,0.977168949771689,1.03517441254352,1990,"05",4,"Spring",63,0.971801983731095,0.977314884655266
"01633000",1990-05-05,247,1.15420560747664,1.18117302821207,1990,"05",5,"Spring",63,0.971801983731095,0.977314884655266
"01633000",1990-05-06,227,0.919028340080972,0.796243177236145,1990,"05",6,"Spring",63,0.971801983731095,0.977314884655266
"01633000",1990-05-07,209,0.920704845814978,1.00182421549031,1990,"05",7,"Spring",63,0.971801983731095,0.977314884655266
"01633000",1990-05-08,196,0.937799043062201,1.01856642476134,1990,"05",8,"Spring",63,0.971801983731095,0.977314884655266
"01633000",1990-05-09,184,0.938775510204082,1.00104123281966,1990,"05",9,"Spring",63,0.971801983731095,0.977314884655266
"01633000",1990-06-05,355,0.841232227488152,0.990740324790548,1990,"06",5,"Summer",64,0.927265636341259,0.982488088517747
"01633000",1990-06-06,307,0.864788732394366,1.02800238048006,1990,"06",6,"Summer",64,0.927265636341259,0.982488088517747
"01633000",1990-06-07,273,0.889250814332248,1.02828677227345,1990,"06",7,"Summer",64,0.927265636341259,0.982488088517747
"01633000",1990-06-08,251,0.919413919413919,1.03391968227133,1990,"06",8,"Summer",64,0.927265636341259,0.982488088517747
"01633000",1990-06-09,229,0.912350597609562,0.992317582260599,1990,"06",9,"Summer",64,0.927265636341259,0.982488088517747
"01633000",1990-06-10,228,0.995633187772926,1.09128353768998,1990,"06",10,"Summer",64,0.927265636341259,0.982488088517747
"01633000",1990-06-11,202,0.885964912280702,0.889850723299477,1990,"06",11,"Summer",64,0.927265636341259,0.982488088517747
"01633000",1990-06-12,179,0.886138613861386,1.00019605920988,1990,"06",12,"Summer",64,0.927265636341259,0.982488088517747
"01633000",1990-06-13,167,0.932960893854749,1.05283855060703,1990,"06",13,"Summer",64,0.927265636341259,0.982488088517747
"01633000",1990-06-14,160,0.958083832335329,1.02692817956901,1990,"06",14,"Summer",64,0.927265636341259,0.982488088517747
"01633000",1990-06-15,150,0.9375,0.978515625,1990,"06",15,"Summer",64,0.927265636341259,0.982488088517747
"01633000",1990-06-16,144,0.96,1.024,1990,"06",16,"Summer",64,0.927265636341259,0.982488088517747
"01633000",1990-06-17,137,0.951388888888889,0.991030092592593,1990,"06",17,"Summer",64,0.927265636341259,0.982488088517747
"01633000",1990-06-18,128,0.934306569343066,0.98204486120731,1990,"06",18,"Summer",64,0.927265636341259,0.982488088517747
"01633000",1990-11-14,256,0.951672862453532,1.01535357443927,1990,"11",14,"Fall",65,0.967864332577376,0.997350968277711
"01633000",1990-11-15,247,0.96484375,1.01383972167969,1990,"11",15,"Fall",65,0.967864332577376,0.997350968277711
"01633000",1990-11-16,239,0.967611336032389,1.00286842924814,1990,"11",16,"Fall",65,0.967864332577376,0.997350968277711
"01633000",1990-11-17,233,0.97489539748954,1.00752787941388,1990,"11",17,"Fall",65,0.967864332577376,0.997350968277711
"01633000",1990-11-18,222,0.952789699570815,0.977325056641309,1990,"11",18,"Fall",65,0.967864332577376,0.997350968277711
"01633000",1990-11-19,215,0.968468468468468,1.01645564483402,1990,"11",19,"Fall",65,0.967864332577376,0.997350968277711
"01633000",1990-11-20,206,0.958139534883721,0.989334775554354,1990,"11",20,"Fall",65,0.967864332577376,0.997350968277711
"01633000",1990-11-21,198,0.961165048543689,1.0031576962956,1990,"11",21,"Fall",65,0.967864332577376,0.997350968277711
"01633000",1990-11-22,194,0.97979797979798,1.01938577696153,1990,"11",22,"Fall",65,0.967864332577376,0.997350968277711
"01633000",1990-11-23,194,1,1.02061855670103,1990,"11",23,"Fall",65,0.967864332577376,0.997350968277711
"01633000",1990-11-24,185,0.95360824742268,0.95360824742268,1990,"11",24,"Fall",65,0.967864332577376,0.997350968277711
"01633000",1990-11-25,177,0.956756756756757,1.00330168005844,1990,"11",25,"Fall",65,0.967864332577376,0.997350968277711
"01633000",1990-11-26,171,0.966101694915254,1.00976730824476,1990,"11",26,"Fall",65,0.967864332577376,0.997350968277711
"01633000",1990-11-27,165,0.964912280701754,0.998768851954448,1990,"11",27,"Fall",65,0.967864332577376,0.997350968277711
"01633000",1990-11-28,162,0.981818181818182,1.01752066115702,1990,"11",28,"Fall",65,0.967864332577376,0.997350968277711
"01633000",1990-11-29,157,0.969135802469136,0.98708276177412,1990,"11",29,"Fall",65,0.967864332577376,0.997350968277711
"01633000",1990-11-30,149,0.949044585987261,0.979268935859467,1990,"11",30,"Fall",65,0.967864332577376,0.997350968277711
"01633000",1990-12-01,147,0.986577181208054,1.03954776811855,1990,"12",1,"Winter",65,0.967864332577376,0.997350968277711
"01633000",1990-12-02,143,0.972789115646258,0.986024341709473,1990,"12",2,"Winter",65,0.967864332577376,0.997350968277711
"01633000",1991-01-22,984,0.82,0.970333333333333,1991,"01",22,"Winter",66,0.952041836468511,0.889357335746465
"01633000",1991-01-23,825,0.838414634146341,1.02245687091017,1991,"01",23,"Winter",66,0.952041836468511,0.889357335746465
"01633000",1991-01-24,760,0.921212121212121,1.09875482093664,1991,"01",24,"Winter",66,0.952041836468511,0.889357335746465
"01633000",1991-01-25,667,0.877631578947368,0.952692174515235,1991,"01",25,"Winter",66,0.952041836468511,0.889357335746465
"01633000",1991-01-26,594,0.890554722638681,1.01472502129745,1991,"01",26,"Winter",66,0.952041836468511,0.889357335746465
"01633000",1991-01-27,567,0.954545454545455,1.071854912764,1991,"01",27,"Winter",66,0.952041836468511,0.889357335746465
"01633000",1991-01-28,535,0.943562610229277,0.988494163097338,1991,"01",28,"Winter",66,0.952041836468511,0.889357335746465
"01633000",1991-01-29,501,0.936448598130841,0.992460476897546,1991,"01",29,"Winter",66,0.952041836468511,0.889357335746465
"01633000",1991-01-30,476,0.950099800399202,1.01457763116482,1991,"01",30,"Winter",66,0.952041836468511,0.889357335746465
"01633000",1991-01-31,465,0.976890756302521,1.02819804392345,1991,"01",31,"Winter",66,0.952041836468511,0.889357335746465
"01633000",1991-02-01,416,0.894623655913979,0.915786796161406,1991,"02",1,"Winter",66,0.952041836468511,0.889357335746465
"01633000",1991-02-02,390,0.9375,1.04792668269231,1991,"02",2,"Winter",66,0.952041836468511,0.889357335746465
"01633000",1991-02-03,370,0.948717948717949,1.01196581196581,1991,"02",3,"Winter",66,0.952041836468511,0.889357335746465
"01633000",1991-02-04,355,0.959459459459459,1.01132213294375,1991,"02",4,"Winter",66,0.952041836468511,0.889357335746465
"01633000",1991-02-05,342,0.963380281690141,1.00408649077564,1991,"02",5,"Winter",66,0.952041836468511,0.889357335746465
"01633000",1991-02-06,355,1.03801169590643,1.07746828083855,1991,"02",6,"Winter",66,0.952041836468511,0.889357335746465
"01633000",1991-02-07,363,1.02253521126761,0.985090259869074,1991,"02",7,"Winter",66,0.952041836468511,0.889357335746465
"01633000",1991-02-08,354,0.975206611570248,0.953714454841427,1991,"02",8,"Winter",66,0.952041836468511,0.889357335746465
"01633000",1991-02-09,338,0.954802259887006,0.979076893612946,1991,"02",9,"Winter",66,0.952041836468511,0.889357335746465
"01633000",1991-02-10,330,0.976331360946746,1.02254823010399,1991,"02",10,"Winter",66,0.952041836468511,0.889357335746465
"01633000",1991-02-11,321,0.972727272727273,0.996308539944904,1991,"02",11,"Winter",66,0.952041836468511,0.889357335746465
"01633000",1991-02-12,305,0.950155763239875,0.976795644452208,1991,"02",12,"Winter",66,0.952041836468511,0.889357335746465
"01633000",1991-04-18,660,0.861618798955614,0.989849272951619,1991,"04",18,"Spring",67,0.97207861784497,0.392369249385728
"01633000",1991-04-19,581,0.88030303030303,1.02168503213958,1991,"04",19,"Spring",67,0.97207861784497,0.392369249385728
"01633000",1991-04-20,555,0.955249569707401,1.08513720483113,1991,"04",20,"Spring",67,0.97207861784497,0.392369249385728
"01633000",1991-04-21,508,0.915315315315315,0.958194951708465,1991,"04",21,"Spring",67,0.97207861784497,0.392369249385728
"01633000",1991-04-22,470,0.925196850393701,1.01079577159154,1991,"04",22,"Spring",67,0.97207861784497,0.392369249385728
"01633000",1991-04-23,427,0.908510638297872,0.981964689904934,1991,"04",23,"Spring",67,0.97207861784497,0.392369249385728
"01633000",1991-04-24,387,0.90632318501171,0.997592264532795,1991,"04",24,"Spring",67,0.97207861784497,0.392369249385728
"01633000",1991-04-25,357,0.922480620155039,1.01782745427959,1991,"04",25,"Spring",67,0.97207861784497,0.392369249385728
"01633000",1991-04-26,337,0.943977591036415,1.02330343902267,1991,"04",26,"Spring",67,0.97207861784497,0.392369249385728
"01633000",1991-04-27,320,0.949554896142433,1.00590830244169,1991,"04",27,"Spring",67,0.97207861784497,0.392369249385728
"01633000",1991-04-28,796,2.4875,2.6196484375,1991,"04",28,"Spring",67,0.97207861784497,0.392369249385728
"01633000",1991-04-29,666,0.836683417085427,0.336355142546905,1991,"04",29,"Spring",67,0.97207861784497,0.392369249385728
"01633000",1991-04-30,548,0.822822822822823,0.983433884334785,1991,"04",30,"Spring",67,0.97207861784497,0.392369249385728
"01633000",1991-05-01,468,0.854014598540146,1.03790825297032,1991,"05",1,"Spring",67,0.97207861784497,0.392369249385728
"01633000",1991-05-02,409,0.873931623931624,1.02332164511652,1991,"05",2,"Spring",67,0.97207861784497,0.392369249385728
"01633000",1991-05-03,362,0.885085574572127,1.01276295574512,1991,"05",3,"Spring",67,0.97207861784497,0.392369249385728
"01633000",1991-05-04,333,0.919889502762431,1.03932267024816,1991,"05",4,"Spring",67,0.97207861784497,0.392369249385728
"01633000",1991-05-05,309,0.927927927927928,1.00873846819793,1991,"05",5,"Spring",67,0.97207861784497,0.392369249385728
"01633000",1992-03-23,552,0.897560975609756,1.01139797739441,1992,"03",23,"Spring",68,0.949493868857852,0.978254890372324
"01633000",1992-03-24,467,0.846014492753623,0.942570494643982,1992,"03",24,"Spring",68,0.949493868857852,0.978254890372324
"01633000",1992-03-25,402,0.860813704496788,1.01749285842019,1992,"03",25,"Spring",68,0.949493868857852,0.978254890372324
"01633000",1992-03-26,399,0.992537313432836,1.15302220242073,1992,"03",26,"Spring",68,0.949493868857852,0.978254890372324
"01633000",1992-03-27,473,1.18546365914787,1.19437691974297,1992,"03",27,"Spring",68,0.949493868857852,0.978254890372324
"01633000",1992-03-28,427,0.902748414376321,0.761515047222309,1992,"03",28,"Spring",68,0.949493868857852,0.978254890372324
"01633000",1992-03-29,383,0.896955503512881,0.993583028481481,1992,"03",29,"Spring",68,0.949493868857852,0.978254890372324
"01633000",1992-03-30,360,0.939947780678851,1.04793133772812,1992,"03",30,"Spring",68,0.949493868857852,0.978254890372324
"01633000",1992-03-31,362,1.00555555555556,1.06979938271605,1992,"03",31,"Spring",68,0.949493868857852,0.978254890372324
"01633000",1992-04-01,333,0.919889502762431,0.91480724031623,1992,"04",1,"Spring",68,0.949493868857852,0.978254890372324
"01633000",1992-04-02,309,0.927927927927928,1.00873846819793,1992,"04",2,"Spring",68,0.949493868857852,0.978254890372324
"01633000",1992-04-03,285,0.922330097087379,0.993967386181544,1992,"04",3,"Spring",68,0.949493868857852,0.978254890372324
"01633000",1992-04-04,269,0.943859649122807,1.02334256694368,1992,"04",4,"Spring",68,0.949493868857852,0.978254890372324
"01633000",1992-04-05,256,0.951672862453532,1.00827793977419,1992,"04",5,"Spring",68,0.949493868857852,0.978254890372324
"01633000",1992-04-06,234,0.9140625,0.960479736328125,1992,"04",6,"Spring",68,0.949493868857852,0.978254890372324
"01633000",1992-04-07,217,0.927350427350427,1.01453721966542,1992,"04",7,"Spring",68,0.949493868857852,0.978254890372324
"01633000",1992-04-08,205,0.944700460829493,1.01870925269171,1992,"04",8,"Spring",68,0.949493868857852,0.978254890372324
"01633000",1992-04-09,195,0.951219512195122,1.0069006543724,1992,"04",9,"Spring",68,0.949493868857852,0.978254890372324
"01633000",1992-04-10,189,0.969230769230769,1.0189349112426,1992,"04",10,"Spring",68,0.949493868857852,0.978254890372324
"01633000",1992-04-11,186,0.984126984126984,1.01536911060721,1992,"04",11,"Spring",68,0.949493868857852,0.978254890372324
"01633000",1992-04-12,186,1,1.01612903225806,1992,"04",12,"Spring",68,0.949493868857852,0.978254890372324
"01633000",1992-04-13,175,0.940860215053763,0.940860215053763,1992,"04",13,"Spring",68,0.949493868857852,0.978254890372324
"01633000",1992-04-14,164,0.937142857142857,0.996048979591837,1992,"04",14,"Spring",68,0.949493868857852,0.978254890372324
"01633000",1992-04-15,158,0.963414634146341,1.02803390838786,1992,"04",15,"Spring",68,0.949493868857852,0.978254890372324
"01633000",1992-04-16,152,0.962025316455696,0.99855792340971,1992,"04",16,"Spring",68,0.949493868857852,0.978254890372324
"01633000",1992-08-17,62,0.939393939393939,1.02479338842975,1992,"08",17,"Summer",69,0.982320326993216,0.147573343338351
"01633000",1992-08-18,58,0.935483870967742,0.995837669094693,1992,"08",18,"Summer",69,0.982320326993216,0.147573343338351
"01633000",1992-08-19,59,1.01724137931034,1.08739595719382,1992,"08",19,"Summer",69,0.982320326993216,0.147573343338351
"01633000",1992-08-20,53,0.898305084745763,0.883079574834818,1992,"08",20,"Summer",69,0.982320326993216,0.147573343338351
"01633000",1992-08-21,49,0.924528301886792,1.02919188323247,1992,"08",21,"Summer",69,0.982320326993216,0.147573343338351
"01633000",1992-08-22,46,0.938775510204082,1.01541024573095,1992,"08",22,"Summer",69,0.982320326993216,0.147573343338351
"01633000",1992-08-23,45,0.978260869565217,1.04206049149338,1992,"08",23,"Summer",69,0.982320326993216,0.147573343338351
"01633000",1992-08-24,43,0.955555555555556,0.97679012345679,1992,"08",24,"Summer",69,0.982320326993216,0.147573343338351
"01633000",1992-08-25,40,0.930232558139535,0.973499188750676,1992,"08",25,"Summer",69,0.982320326993216,0.147573343338351
"01633000",1992-08-26,38,0.95,1.02125,1992,"08",26,"Summer",69,0.982320326993216,0.147573343338351
"01633000",1992-08-27,36,0.947368421052632,0.997229916897507,1992,"08",27,"Summer",69,0.982320326993216,0.147573343338351
"01633000",1992-08-28,47,1.30555555555556,1.37808641975309,1992,"08",28,"Summer",69,0.982320326993216,0.147573343338351
"01633000",1992-08-29,120,2.5531914893617,1.95563603440471,1992,"08",29,"Summer",69,0.982320326993216,0.147573343338351
"01633000",1992-08-30,85,0.708333333333333,0.277430555555556,1992,"08",30,"Summer",69,0.982320326993216,0.147573343338351
"01633000",1992-08-31,61,0.717647058823529,1.01314878892734,1992,"08",31,"Summer",69,0.982320326993216,0.147573343338351
"01633000",1993-01-25,604,0.920731707317073,1.01055919095776,1993,"01",25,"Winter",70,0.944498768618501,0.878498629295181
"01633000",1993-01-26,515,0.852649006622517,0.926055874742336,1993,"01",26,"Winter",70,0.944498768618501,0.878498629295181
"01633000",1993-01-27,467,0.906796116504854,1.06350457159016,1993,"01",27,"Winter",70,0.944498768618501,0.878498629295181
"01633000",1993-01-28,440,0.942184154175589,1.03902535203518,1993,"01",28,"Winter",70,0.944498768618501,0.878498629295181
"01633000",1993-01-29,404,0.918181818181818,0.97452479338843,1993,"01",29,"Winter",70,0.944498768618501,0.878498629295181
"01633000",1993-01-30,358,0.886138613861386,0.965101460641114,1993,"01",30,"Winter",70,0.944498768618501,0.878498629295181
"01633000",1993-01-31,331,0.924581005586592,1.04338191691895,1993,"01",31,"Winter",70,0.944498768618501,0.878498629295181
"01633000",1993-02-01,314,0.948640483383686,1.02602203338779,1993,"02",1,"Winter",70,0.944498768618501,0.878498629295181
"01633000",1993-02-02,281,0.894904458598726,0.943354699987829,1993,"02",2,"Winter",70,0.944498768618501,0.878498629295181
"01633000",1993-02-03,265,0.943060498220641,1.05381137523588,1993,"02",3,"Winter",70,0.944498768618501,0.878498629295181
"01633000",1993-02-04,253,0.954716981132075,1.01236027055892,1993,"02",4,"Winter",70,0.944498768618501,0.878498629295181
"01633000",1993-02-05,236,0.932806324110672,0.97705010232936,1993,"02",5,"Winter",70,0.944498768618501,0.878498629295181
"01633000",1993-02-06,228,0.966101694915254,1.03569376615915,1993,"02",6,"Winter",70,0.944498768618501,0.878498629295181
"01633000",1993-02-07,217,0.951754385964912,0.985149276700523,1993,"02",7,"Winter",70,0.944498768618501,0.878498629295181
"01633000",1993-02-08,208,0.95852534562212,1.00711418802693,1993,"02",8,"Winter",70,0.944498768618501,0.878498629295181
"01633000",1993-02-09,199,0.956730769230769,0.998127773668639,1993,"02",9,"Winter",70,0.944498768618501,0.878498629295181
"01633000",1993-02-10,191,0.959798994974874,1.00320698972248,1993,"02",10,"Winter",70,0.944498768618501,0.878498629295181
"01633000",1993-02-11,184,0.963350785340314,1.00370055645404,1993,"02",11,"Winter",70,0.944498768618501,0.878498629295181
"01633000",1993-02-12,202,1.09782608695652,1.13959120982987,1993,"02",12,"Winter",70,0.944498768618501,0.878498629295181
"01633000",1993-02-13,216,1.06930693069307,0.974022154690717,1993,"02",13,"Winter",70,0.944498768618501,0.878498629295181
"01633000",1993-02-14,206,0.953703703703704,0.891889574759945,1993,"02",14,"Winter",70,0.944498768618501,0.878498629295181
"01633000",1993-02-15,200,0.970873786407767,1.01800358186445,1993,"02",15,"Winter",70,0.944498768618501,0.878498629295181
"01633000",1993-05-21,306,0.869318181818182,0.973043646694215,1993,"05",21,"Spring",71,0.962372659223573,0.934366605828627
"01633000",1993-05-22,282,0.92156862745098,1.06010508778675,1993,"05",22,"Spring",71,0.962372659223573,0.934366605828627
"01633000",1993-05-23,264,0.936170212765957,1.01584427342689,1993,"05",23,"Spring",71,0.962372659223573,0.934366605828627
"01633000",1993-05-24,253,0.958333333333333,1.02367424242424,1993,"05",24,"Spring",71,0.962372659223573,0.934366605828627
"01633000",1993-05-25,238,0.940711462450593,0.98161196081801,1993,"05",25,"Spring",71,0.962372659223573,0.934366605828627
"01633000",1993-05-26,228,0.957983193277311,1.01836028529059,1993,"05",26,"Spring",71,0.962372659223573,0.934366605828627
"01633000",1993-05-27,216,0.947368421052632,0.988919667590028,1993,"05",27,"Spring",71,0.962372659223573,0.934366605828627
"01633000",1993-05-28,204,0.944444444444444,0.996913580246914,1993,"05",28,"Spring",71,0.962372659223573,0.934366605828627
"01633000",1993-05-29,194,0.950980392156863,1.00692041522491,1993,"05",29,"Spring",71,0.962372659223573,0.934366605828627
"01633000",1993-05-30,187,0.963917525773196,1.01360399617388,1993,"05",30,"Spring",71,0.962372659223573,0.934366605828627
"01633000",1993-05-31,183,0.978609625668449,1.01524207154909,1993,"05",31,"Spring",71,0.962372659223573,0.934366605828627
"01633000",1993-06-01,184,1.00546448087432,1.02744184657649,1993,"06",1,"Summer",71,0.962372659223573,0.934366605828627
"01633000",1993-06-02,173,0.940217391304348,0.935107514177694,1993,"06",2,"Summer",71,0.962372659223573,0.934366605828627
"01633000",1993-06-03,172,0.994219653179191,1.05743593170504,1993,"06",3,"Summer",71,0.962372659223573,0.934366605828627
"01633000",1993-06-04,168,0.976744186046512,0.982422931314224,1993,"06",4,"Summer",71,0.962372659223573,0.934366605828627
"01633000",1993-06-05,184,1.0952380952381,1.12131519274376,1993,"06",5,"Summer",71,0.962372659223573,0.934366605828627
"01633000",1993-06-06,173,0.940217391304348,0.858459357277883,1993,"06",6,"Summer",71,0.962372659223573,0.934366605828627
"01633000",1993-06-07,158,0.913294797687861,0.971365565170905,1993,"06",7,"Summer",71,0.962372659223573,0.934366605828627
"01633000",1994-05-19,364,0.933333333333333,1.01948717948718,1994,"05",19,"Spring",72,0.954191669655576,0.991500298895301
"01633000",1994-05-20,346,0.950549450549451,1.01844583987441,1994,"05",20,"Spring",72,0.954191669655576,0.991500298895301
"01633000",1994-05-21,326,0.942196531791908,0.991212536335995,1994,"05",21,"Spring",72,0.954191669655576,0.991500298895301
"01633000",1994-05-22,301,0.923312883435583,0.979957845609545,1994,"05",22,"Spring",72,0.954191669655576,0.991500298895301
"01633000",1994-05-23,282,0.93687707641196,1.01469078707741,1994,"05",23,"Spring",72,0.954191669655576,0.991500298895301
"01633000",1994-05-24,265,0.939716312056738,1.0030305316634,1994,"05",24,"Spring",72,0.954191669655576,0.991500298895301
"01633000",1994-05-25,261,0.984905660377358,1.04808828764685,1994,"05",25,"Spring",72,0.954191669655576,0.991500298895301
"01633000",1994-05-26,259,0.992337164750958,1.00754539716093,1994,"05",26,"Spring",72,0.954191669655576,0.991500298895301
"01633000",1994-05-27,245,0.945945945945946,0.953250547845142,1994,"05",27,"Spring",72,0.954191669655576,0.991500298895301
"01633000",1994-05-28,229,0.93469387755102,0.988104956268222,1994,"05",28,"Spring",72,0.954191669655576,0.991500298895301
"01633000",1994-05-29,219,0.956331877729258,1.0231498255182,1994,"05",29,"Spring",72,0.954191669655576,0.991500298895301
"01633000",1994-05-30,209,0.954337899543379,0.997914972581889,1994,"05",30,"Spring",72,0.954191669655576,0.991500298895301
"01633000",1994-05-31,199,0.952153110047847,0.997710675121906,1994,"05",31,"Spring",72,0.954191669655576,0.991500298895301
"01633000",1994-06-01,191,0.959798994974874,1.00803010024999,1994,"06",1,"Summer",72,0.954191669655576,0.991500298895301
"01633000",1994-06-02,180,0.942408376963351,0.981880979139826,1994,"06",2,"Summer",72,0.954191669655576,0.991500298895301
"01633000",1994-06-03,172,0.955555555555556,1.01395061728395,1994,"06",3,"Summer",72,0.954191669655576,0.991500298895301
"01633000",1994-06-04,169,0.982558139534884,1.0282585181179,1994,"06",4,"Summer",72,0.954191669655576,0.991500298895301
"01633000",1994-06-05,165,0.976331360946746,0.993662686880711,1994,"06",5,"Summer",72,0.954191669655576,0.991500298895301
"01633000",1994-06-21,160,0.888888888888889,0.987654320987654,1994,"06",21,"Summer",73,0.968766751476081,0.9895400636545
"01633000",1994-06-22,150,0.9375,1.0546875,1994,"06",22,"Summer",73,0.968766751476081,0.9895400636545
"01633000",1994-06-23,146,0.973333333333333,1.03822222222222,1994,"06",23,"Summer",73,0.968766751476081,0.9895400636545
"01633000",1994-06-24,144,0.986301369863014,1.01332332520173,1994,"06",24,"Summer",73,0.968766751476081,0.9895400636545
"01633000",1994-06-25,142,0.986111111111111,0.999807098765432,1994,"06",25,"Summer",73,0.968766751476081,0.9895400636545
"01633000",1994-06-26,139,0.97887323943662,0.992660186470938,1994,"06",26,"Summer",73,0.968766751476081,0.9895400636545
"01633000",1994-06-27,134,0.964028776978417,0.984835153459966,1994,"06",27,"Summer",73,0.968766751476081,0.9895400636545
"01633000",1994-06-28,130,0.970149253731343,1.00634885275117,1994,"06",28,"Summer",73,0.968766751476081,0.9895400636545
"01633000",1994-06-29,133,1.02307692307692,1.05455621301775,1994,"06",29,"Summer",73,0.968766751476081,0.9895400636545
"01633000",1994-06-30,130,0.977443609022556,0.95539600881904,1994,"06",30,"Summer",73,0.968766751476081,0.9895400636545
"01633000",1994-07-01,120,0.923076923076923,0.944378698224852,1994,"07",1,"Summer",73,0.968766751476081,0.9895400636545
"01633000",1994-07-02,110,0.916666666666667,0.993055555555555,1994,"07",2,"Summer",73,0.968766751476081,0.9895400636545
"01633000",1994-07-03,115,1.04545454545455,1.1404958677686,1994,"07",3,"Summer",73,0.968766751476081,0.9895400636545
"01633000",1994-07-04,105,0.91304347826087,0.873345935727788,1994,"07",4,"Summer",73,0.968766751476081,0.9895400636545
"01633000",1994-07-05,98,0.933333333333333,1.02222222222222,1994,"07",5,"Summer",73,0.968766751476081,0.9895400636545
"01633000",1994-07-06,97,0.989795918367347,1.06049562682216,1994,"07",6,"Summer",73,0.968766751476081,0.9895400636545
"01633000",1994-07-07,96,0.989690721649485,0.999893718779892,1994,"07",7,"Summer",73,0.968766751476081,0.9895400636545
"01633000",1994-07-08,95,0.989583333333333,0.999891493055556,1994,"07",8,"Summer",73,0.968766751476081,0.9895400636545
"01633000",1994-07-09,99,1.04210526315789,1.05307479224377,1994,"07",9,"Summer",73,0.968766751476081,0.9895400636545
"01633000",1994-07-10,93,0.939393939393939,0.901438628711356,1994,"07",10,"Summer",73,0.968766751476081,0.9895400636545
"01633000",1994-07-11,87,0.935483870967742,0.995837669094693,1994,"07",11,"Summer",73,0.968766751476081,0.9895400636545
"01633000",1994-08-23,398,0.804040404040404,1.00545658606265,1994,"08",23,"Summer",74,0.94798299212563,0.920550672696758
"01633000",1994-08-24,324,0.814070351758794,1.01247443246383,1994,"08",24,"Summer",74,0.94798299212563,0.920550672696758
"01633000",1994-08-25,280,0.864197530864197,1.06157597927145,1994,"08",25,"Summer",74,0.94798299212563,0.920550672696758
"01633000",1994-08-26,251,0.896428571428571,1.03729591836735,1994,"08",26,"Summer",74,0.94798299212563,0.920550672696758
"01633000",1994-08-27,223,0.888446215139442,0.991095379438422,1994,"08",27,"Summer",74,0.94798299212563,0.920550672696758
"01633000",1994-08-28,203,0.910313901345291,1.02461340465322,1994,"08",28,"Summer",74,0.94798299212563,0.920550672696758
"01633000",1994-08-29,188,0.926108374384236,1.01735057875707,1994,"08",29,"Summer",74,0.94798299212563,0.920550672696758
"01633000",1994-08-30,172,0.914893617021277,0.987890448166591,1994,"08",30,"Summer",74,0.94798299212563,0.920550672696758
"01633000",1994-08-31,162,0.941860465116279,1.02947539210384,1994,"08",31,"Summer",74,0.94798299212563,0.920550672696758
"01633000",1994-09-01,154,0.950617283950617,1.00929736320683,1994,"09",1,"Fall",74,0.94798299212563,0.920550672696758
"01633000",1994-09-02,142,0.922077922077922,0.969978073874178,1994,"09",2,"Fall",74,0.94798299212563,0.920550672696758
"01633000",1994-09-03,133,0.936619718309859,1.01577068042055,1994,"09",3,"Fall",74,0.94798299212563,0.920550672696758
"01633000",1994-09-04,129,0.969924812030075,1.0355588218667,1994,"09",4,"Fall",74,0.94798299212563,0.920550672696758
"01633000",1994-09-05,123,0.953488372093023,0.983053903010636,1994,"09",5,"Fall",74,0.94798299212563,0.920550672696758
"01633000",1994-09-06,118,0.959349593495935,1.00614713464208,1994,"09",6,"Fall",74,0.94798299212563,0.920550672696758
"01633000",1994-09-07,112,0.949152542372881,0.989370870439529,1994,"09",7,"Fall",74,0.94798299212563,0.920550672696758
"01633000",1994-09-08,104,0.928571428571429,0.978316326530612,1994,"09",8,"Fall",74,0.94798299212563,0.920550672696758
"01633000",1994-09-09,100,0.961538461538462,1.03550295857988,1994,"09",9,"Fall",74,0.94798299212563,0.920550672696758
"01633000",1994-09-10,96,0.96,0.9984,1994,"09",10,"Fall",74,0.94798299212563,0.920550672696758
"01633000",1994-09-11,96,1,1.04166666666667,1994,"09",11,"Fall",74,0.94798299212563,0.920550672696758
"01633000",1994-09-12,93,0.96875,0.96875,1994,"09",12,"Fall",74,0.94798299212563,0.920550672696758
"01633000",1994-09-13,88,0.946236559139785,0.976760319112036,1994,"09",13,"Fall",74,0.94798299212563,0.920550672696758
"01633000",1994-09-14,84,0.954545454545455,1.00878099173554,1994,"09",14,"Fall",74,0.94798299212563,0.920550672696758
"01633000",1994-09-15,81,0.964285714285714,1.01020408163265,1994,"09",15,"Fall",74,0.94798299212563,0.920550672696758
"01633000",1994-09-16,81,1,1.03703703703704,1994,"09",16,"Fall",74,0.94798299212563,0.920550672696758
"01633000",1994-09-17,78,0.962962962962963,0.962962962962963,1994,"09",17,"Fall",74,0.94798299212563,0.920550672696758
"01633000",1994-09-18,77,0.987179487179487,1.02514792899408,1994,"09",18,"Fall",74,0.94798299212563,0.920550672696758
"01633000",1994-09-19,76,0.987012987012987,0.999831337493675,1994,"09",19,"Fall",74,0.94798299212563,0.920550672696758
"01633000",1994-09-20,73,0.960526315789474,0.973164819944598,1994,"09",20,"Fall",74,0.94798299212563,0.920550672696758
"01633000",1994-12-16,82,0.942528735632184,0.975029726516052,1994,"12",16,"Winter",75,0.977346907007925,0.958026588012507
"01633000",1994-12-17,79,0.963414634146341,1.02215942891136,1994,"12",17,"Winter",75,0.977346907007925,0.958026588012507
"01633000",1994-12-18,77,0.974683544303797,1.01169684345457,1994,"12",18,"Winter",75,0.977346907007925,0.958026588012507
"01633000",1994-12-19,75,0.974025974025974,0.999325349974701,1994,"12",19,"Winter",75,0.977346907007925,0.958026588012507
"01633000",1994-12-20,72,0.96,0.9856,1994,"12",20,"Winter",75,0.977346907007925,0.958026588012507
"01633000",1994-12-21,70,0.972222222222222,1.01273148148148,1994,"12",21,"Winter",75,0.977346907007925,0.958026588012507
"01633000",1994-12-22,67,0.957142857142857,0.984489795918367,1994,"12",22,"Winter",75,0.977346907007925,0.958026588012507
"01633000",1994-12-23,65,0.970149253731343,1.01358877255513,1994,"12",23,"Winter",75,0.977346907007925,0.958026588012507
"01633000",1994-12-24,66,1.01538461538462,1.04662721893491,1994,"12",24,"Winter",75,0.977346907007925,0.958026588012507
"01633000",1994-12-25,68,1.03030303030303,1.01469237832874,1994,"12",25,"Winter",75,0.977346907007925,0.958026588012507
"01633000",1994-12-26,65,0.955882352941177,0.927768166089965,1994,"12",26,"Winter",75,0.977346907007925,0.958026588012507
"01633000",1994-12-27,61,0.938461538461538,0.981775147928994,1994,"12",27,"Winter",75,0.977346907007925,0.958026588012507
"01633000",1994-12-28,60,0.983606557377049,1.04810534802472,1994,"12",28,"Winter",75,0.977346907007925,0.958026588012507
"01633000",1994-12-29,60,1,1.01666666666667,1994,"12",29,"Winter",75,0.977346907007925,0.958026588012507
"01633000",1994-12-30,59,0.983333333333333,0.983333333333333,1994,"12",30,"Winter",75,0.977346907007925,0.958026588012507
"01633000",1994-12-31,58,0.983050847457627,0.999712726228095,1994,"12",31,"Winter",75,0.977346907007925,0.958026588012507
"01633000",1995-03-15,472,0.878957169459963,0.972254299179177,1995,"03",15,"Spring",76,0.950949540386049,0.970759761650918
"01633000",1995-03-16,420,0.889830508474576,1.01237072680264,1995,"03",16,"Spring",76,0.950949540386049,0.970759761650918
"01633000",1995-03-17,373,0.888095238095238,0.998049886621315,1995,"03",17,"Spring",76,0.950949540386049,0.970759761650918
"01633000",1995-03-18,333,0.892761394101877,1.00525411668308,1995,"03",18,"Spring",76,0.950949540386049,0.970759761650918
"01633000",1995-03-19,299,0.897897897897898,1.005753501249,1995,"03",19,"Spring",76,0.950949540386049,0.970759761650918
"01633000",1995-03-20,274,0.916387959866221,1.02059261082091,1995,"03",20,"Spring",76,0.950949540386049,0.970759761650918
"01633000",1995-03-21,261,0.952554744525547,1.03946667377058,1995,"03",21,"Spring",76,0.950949540386049,0.970759761650918
"01633000",1995-03-22,251,0.961685823754789,1.00958588394181,1995,"03",22,"Spring",76,0.950949540386049,0.970759761650918
"01633000",1995-03-23,246,0.9800796812749,1.01912668052888,1995,"03",23,"Spring",76,0.950949540386049,0.970759761650918
"01633000",1995-03-24,234,0.951219512195122,0.970553242117787,1995,"03",24,"Spring",76,0.950949540386049,0.970759761650918
"01633000",1995-03-25,212,0.905982905982906,0.952443567828183,1995,"03",25,"Spring",76,0.950949540386049,0.970759761650918
"01633000",1995-03-26,199,0.938679245283019,1.03608935564258,1995,"03",26,"Spring",76,0.950949540386049,0.970759761650918
"01633000",1995-03-27,191,0.959798994974874,1.02249943183253,1995,"03",27,"Spring",76,0.950949540386049,0.970759761650918
"01633000",1995-03-28,193,1.01047120418848,1.05279460541104,1995,"03",28,"Spring",76,0.950949540386049,0.970759761650918
"01633000",1995-03-29,190,0.984455958549223,0.974254342398454,1995,"03",29,"Spring",76,0.950949540386049,0.970759761650918
"01633000",1995-03-30,183,0.963157894736842,0.978365650969529,1995,"03",30,"Spring",76,0.950949540386049,0.970759761650918
"01633000",1995-03-31,175,0.956284153005464,0.99286332825704,1995,"03",31,"Spring",76,0.950949540386049,0.970759761650918
"01633000",1995-04-01,165,0.942857142857143,0.985959183673469,1995,"04",1,"Spring",76,0.950949540386049,0.970759761650918
"01633000",1995-04-02,158,0.957575757575758,1.01561065197429,1995,"04",2,"Spring",76,0.950949540386049,0.970759761650918
"01633000",1995-04-03,151,0.955696202531646,0.998037173529883,1995,"04",3,"Spring",76,0.950949540386049,0.970759761650918
"01633000",1995-04-04,142,0.940397350993378,0.983991930178501,1995,"04",4,"Spring",76,0.950949540386049,0.970759761650918
"01633000",1995-04-05,136,0.957746478873239,1.01844872049197,1995,"04",5,"Spring",76,0.950949540386049,0.970759761650918
"01633000",1995-04-06,131,0.963235294117647,1.00573096885813,1995,"04",6,"Spring",76,0.950949540386049,0.970759761650918
"01633000",1995-04-07,126,0.961832061068702,0.998543208437737,1995,"04",7,"Spring",76,0.950949540386049,0.970759761650918
"01633000",1995-04-08,122,0.968253968253968,1.00667674477198,1995,"04",8,"Spring",76,0.950949540386049,0.970759761650918
"01633000",1995-04-09,121,0.991803278688525,1.02432141897339,1995,"04",9,"Spring",76,0.950949540386049,0.970759761650918
"01633000",1995-05-21,431,0.801115241635688,1.0006495211509,1995,"05",21,"Spring",77,0.919217386847661,0.967819572210146
"01633000",1995-05-22,354,0.821345707656613,1.02525287869897,1995,"05",22,"Spring",77,0.919217386847661,0.967819572210146
"01633000",1995-05-23,289,0.81638418079096,0.993959270963006,1995,"05",23,"Spring",77,0.919217386847661,0.967819572210146
"01633000",1995-05-24,241,0.833910034602076,1.0214676548413,1995,"05",24,"Spring",77,0.919217386847661,0.967819572210146
"01633000",1995-05-25,215,0.892116182572614,1.06979907370741,1995,"05",25,"Spring",77,0.919217386847661,0.967819572210146
"01633000",1995-05-26,417,1.93953488372093,2.17408328826393,1995,"05",26,"Spring",77,0.919217386847661,0.967819572210146
"01633000",1995-05-27,323,0.774580335731415,0.399363962067756,1995,"05",27,"Spring",77,0.919217386847661,0.967819572210146
"01633000",1995-05-28,255,0.789473684210526,1.0192276356526,1995,"05",28,"Spring",77,0.919217386847661,0.967819572210146
"01633000",1995-05-29,232,0.909803921568627,1.15241830065359,1995,"05",29,"Spring",77,0.919217386847661,0.967819572210146
"01633000",1995-05-30,203,0.875,0.961745689655172,1995,"05",30,"Spring",77,0.919217386847661,0.967819572210146
"01633000",1995-05-31,173,0.852216748768473,0.97396199859254,1995,"05",31,"Spring",77,0.919217386847661,0.967819572210146
"01633000",1995-06-01,148,0.855491329479769,1.00384242707742,1995,"06",1,"Summer",77,0.919217386847661,0.967819572210146
"01633000",1995-06-02,136,0.918918918918919,1.07414170927684,1995,"06",2,"Summer",77,0.919217386847661,0.967819572210146
"01633000",1995-06-03,128,0.941176470588235,1.0242214532872,1995,"06",3,"Summer",77,0.919217386847661,0.967819572210146
"01633000",1995-06-04,117,0.9140625,0.97119140625,1995,"06",4,"Summer",77,0.919217386847661,0.967819572210146
"01633000",1995-06-05,107,0.914529914529915,1.00051135948572,1995,"06",5,"Summer",77,0.919217386847661,0.967819572210146
"01633000",1995-06-06,95,0.88785046728972,0.970827146475675,1995,"06",6,"Summer",77,0.919217386847661,0.967819572210146
"01633000",1995-06-07,91,0.957894736842105,1.078891966759,1995,"06",7,"Summer",77,0.919217386847661,0.967819572210146
"01633000",1995-06-08,84,0.923076923076923,0.963651732882502,1995,"06",8,"Summer",77,0.919217386847661,0.967819572210146
"01633000",1995-06-09,76,0.904761904761905,0.98015873015873,1995,"06",9,"Summer",77,0.919217386847661,0.967819572210146
"01633000",1996-03-03,708,0.87192118226601,0.998628940280036,1996,"03",3,"Spring",78,0.970322997663915,0.816237173318932
"01633000",1996-03-04,593,0.837570621468927,0.96060359411408,1996,"03",4,"Spring",78,0.970322997663915,0.816237173318932
"01633000",1996-03-05,551,0.929173693086003,1.10936757960353,1996,"03",5,"Spring",78,0.970322997663915,0.816237173318932
"01633000",1996-03-06,526,0.954627949183303,1.02739450792323,1996,"03",6,"Spring",78,0.970322997663915,0.816237173318932
"01633000",1996-03-07,576,1.09505703422053,1.1471034712082,1996,"03",7,"Spring",78,0.970322997663915,0.816237173318932
"01633000",1996-03-08,718,1.24652777777778,1.13832224151235,1996,"03",8,"Spring",78,0.970322997663915,0.816237173318932
"01633000",1996-03-09,637,0.887186629526462,0.711726321180003,1996,"03",9,"Spring",78,0.970322997663915,0.816237173318932
"01633000",1996-03-10,581,0.912087912087912,1.02806769368779,1996,"03",10,"Spring",78,0.970322997663915,0.816237173318932
"01633000",1996-03-11,554,0.953528399311532,1.0454347510524,1996,"03",11,"Spring",78,0.970322997663915,0.816237173318932
"01633000",1996-03-12,529,0.954873646209386,1.0014108094723,1996,"03",12,"Spring",78,0.970322997663915,0.816237173318932
"01633000",1996-03-13,509,0.962192816635161,1.00766506694873,1996,"03",13,"Spring",78,0.970322997663915,0.816237173318932
"01633000",1996-03-14,479,0.941060903732809,0.978037756531741,1996,"03",14,"Spring",78,0.970322997663915,0.816237173318932
"01633000",1996-03-15,460,0.960334029227557,1.0204802105988,1996,"03",15,"Spring",78,0.970322997663915,0.816237173318932
"01633000",1996-03-16,458,0.995652173913044,1.03677693761815,1996,"03",16,"Spring",78,0.970322997663915,0.816237173318932
"01633000",1996-03-17,429,0.936681222707424,0.940771533723613,1996,"03",17,"Spring",78,0.970322997663915,0.816237173318932
"01633000",1996-03-18,410,0.955710955710956,1.02031612521123,1996,"03",18,"Spring",78,0.970322997663915,0.816237173318932
"01633000",1996-04-08,706,0.881398252184769,0.992535859513935,1996,"04",8,"Spring",79,0.956975120289205,0.906304407085277
"01633000",1996-04-09,649,0.919263456090652,1.04296038006886,1996,"04",9,"Spring",79,0.956975120289205,0.906304407085277
"01633000",1996-04-10,595,0.916795069337442,0.997314821189883,1996,"04",10,"Spring",79,0.956975120289205,0.906304407085277
"01633000",1996-04-11,547,0.919327731092437,1.00276251677141,1996,"04",11,"Spring",79,0.956975120289205,0.906304407085277
"01633000",1996-04-12,504,0.921389396709324,1.00224257960155,1996,"04",12,"Spring",79,0.956975120289205,0.906304407085277
"01633000",1996-04-13,471,0.93452380952381,1.01425500755858,1996,"04",13,"Spring",79,0.956975120289205,0.906304407085277
"01633000",1996-04-14,440,0.934182590233546,0.999634873625705,1996,"04",14,"Spring",79,0.956975120289205,0.906304407085277
"01633000",1996-04-15,414,0.940909090909091,1.00720041322314,1996,"04",15,"Spring",79,0.956975120289205,0.906304407085277
"01633000",1996-04-16,425,1.02657004830918,1.09104063105323,1996,"04",16,"Spring",79,0.956975120289205,0.906304407085277
"01633000",1996-04-17,386,0.908235294117647,0.884728027681661,1996,"04",17,"Spring",79,0.956975120289205,0.906304407085277
"01633000",1996-04-18,358,0.927461139896373,1.02116835351285,1996,"04",18,"Spring",79,0.956975120289205,0.906304407085277
"01633000",1996-04-19,340,0.949720670391061,1.02400049936019,1996,"04",19,"Spring",79,0.956975120289205,0.906304407085277
"01633000",1996-04-20,329,0.967647058823529,1.01887543252595,1996,"04",20,"Spring",79,0.956975120289205,0.906304407085277
"01633000",1996-04-21,315,0.957446808510638,0.989458707883334,1996,"04",21,"Spring",79,0.956975120289205,0.906304407085277
"01633000",1996-04-22,302,0.958730158730159,1.00134038800705,1996,"04",22,"Spring",79,0.956975120289205,0.906304407085277
"01633000",1996-04-23,288,0.95364238410596,0.994693215209859,1996,"04",23,"Spring",79,0.956975120289205,0.906304407085277
"01633000",1996-04-24,278,0.965277777777778,1.01220100308642,1996,"04",24,"Spring",79,0.956975120289205,0.906304407085277
"01633000",1996-04-25,266,0.956834532374101,0.991253040732881,1996,"04",25,"Spring",79,0.956975120289205,0.906304407085277
"01633000",1996-04-26,258,0.969924812030075,1.01368081858782,1996,"04",26,"Spring",79,0.956975120289205,0.906304407085277
"01633000",1996-04-27,254,0.984496124031008,1.01502313562887,1996,"04",27,"Spring",79,0.956975120289205,0.906304407085277
"01633000",1996-04-28,241,0.948818897637795,0.963760927521855,1996,"04",28,"Spring",79,0.956975120289205,0.906304407085277
"01633000",1996-04-29,233,0.966804979253112,1.01895628518793,1996,"04",29,"Spring",79,0.956975120289205,0.906304407085277
"01633000",1996-04-30,250,1.07296137339056,1.10980124887178,1996,"04",30,"Spring",79,0.956975120289205,0.906304407085277
"01633000",1996-05-01,305,1.22,1.13704,1996,"05",1,"Spring",79,0.956975120289205,0.906304407085277
"01633000",1996-05-02,286,0.937704918032787,0.768610588551465,1996,"05",2,"Spring",79,0.956975120289205,0.906304407085277
"01633000",1996-05-03,271,0.947552447552448,1.01050173602621,1996,"05",3,"Spring",79,0.956975120289205,0.906304407085277
"01633000",1996-10-23,573,0.869499241274659,1.00276088523329,1996,"10",23,"Fall",80,0.948047213192941,0.96646492772046
"01633000",1996-10-24,515,0.898778359511344,1.03367354086907,1996,"10",24,"Fall",80,0.948047213192941,0.96646492772046
"01633000",1996-10-25,463,0.899029126213592,1.0002790083891,1996,"10",25,"Fall",80,0.948047213192941,0.96646492772046
"01633000",1996-10-26,422,0.911447084233261,1.01381263149056,1996,"10",26,"Fall",80,0.948047213192941,0.96646492772046
"01633000",1996-10-27,396,0.938388625592417,1.02955908447699,1996,"10",27,"Fall",80,0.948047213192941,0.96646492772046
"01633000",1996-10-28,372,0.939393939393939,1.00107131925314,1996,"10",28,"Fall",80,0.948047213192941,0.96646492772046
"01633000",1996-10-29,354,0.951612903225806,1.01300728407908,1996,"10",29,"Fall",80,0.948047213192941,0.96646492772046
"01633000",1996-10-30,337,0.951977401129944,1.00038303169587,1996,"10",30,"Fall",80,0.948047213192941,0.96646492772046
"01633000",1996-10-31,318,0.943620178041543,0.991221195924944,1996,"10",31,"Fall",80,0.948047213192941,0.96646492772046
"01633000",1996-11-01,305,0.959119496855346,1.01642537874293,1996,"11",1,"Fall",80,0.948047213192941,0.96646492772046
"01633000",1996-11-02,293,0.960655737704918,1.00160171996775,1996,"11",2,"Fall",80,0.948047213192941,0.96646492772046
"01633000",1996-11-03,278,0.948805460750853,0.987664387471025,1996,"11",3,"Fall",80,0.948047213192941,0.96646492772046
"01633000",1996-11-04,267,0.960431654676259,1.01225350654728,1996,"11",4,"Fall",80,0.948047213192941,0.96646492772046
"01633000",1996-11-05,257,0.962546816479401,1.00220230330065,1996,"11",5,"Fall",80,0.948047213192941,0.96646492772046
"01633000",1996-11-06,248,0.964980544747082,1.00252842586565,1996,"11",6,"Fall",80,0.948047213192941,0.96646492772046
"01633000",1996-11-07,242,0.975806451612903,1.01121878251821,1996,"11",7,"Fall",80,0.948047213192941,0.96646492772046
"01633000",1996-12-27,734,0.954486345903771,1.02275259951197,1996,"12",27,"Winter",81,0.955206684029588,0.99000181824958
"01633000",1996-12-28,695,0.946866485013624,0.992016794244519,1996,"12",28,"Winter",81,0.955206684029588,0.99000181824958
"01633000",1996-12-29,654,0.941007194244604,0.993811914497179,1996,"12",29,"Winter",81,0.955206684029588,0.99000181824958
"01633000",1996-12-30,611,0.934250764525994,0.99282000205744,1996,"12",30,"Winter",81,0.955206684029588,0.99000181824958
"01633000",1996-12-31,581,0.950900163666121,1.01782112444786,1996,"12",31,"Winter",81,0.955206684029588,0.99000181824958
"01633000",1997-01-01,547,0.941480206540448,0.990093642334274,1997,"01",1,"Winter",81,0.955206684029588,0.99000181824958
"01633000",1997-01-02,517,0.945155393053016,1.00390362589361,1997,"01",2,"Winter",81,0.955206684029588,0.99000181824958
"01633000",1997-01-03,499,0.965183752417795,1.02119054656196,1997,"01",3,"Winter",81,0.955206684029588,0.99000181824958
"01633000",1997-01-04,476,0.953907815631262,0.988317315994715,1997,"01",4,"Winter",81,0.955206684029588,0.99000181824958
"01633000",1997-01-05,460,0.966386554621849,1.01308170326954,1997,"01",5,"Winter",81,0.955206684029588,0.99000181824958
"01633000",1997-01-06,443,0.96304347826087,0.996540642722117,1997,"01",6,"Winter",81,0.955206684029588,0.99000181824958
"01633000",1997-01-07,414,0.934537246049661,0.970399849171206,1997,"01",7,"Winter",81,0.955206684029588,0.99000181824958
"01633000",1997-01-08,388,0.93719806763285,1.00284720763612,1997,"01",8,"Winter",81,0.955206684029588,0.99000181824958
"01633000",1997-01-09,399,1.02835051546392,1.09726060155171,1997,"01",9,"Winter",81,0.955206684029588,0.99000181824958
"01633000",1997-01-10,402,1.00751879699248,0.979742589556598,1997,"01",10,"Winter",81,0.955206684029588,0.99000181824958
"01633000",1997-01-11,378,0.940298507462687,0.93328135442192,1997,"01",11,"Winter",81,0.955206684029588,0.99000181824958
"01633000",1997-01-12,346,0.915343915343915,0.973460989334005,1997,"01",12,"Winter",81,0.955206684029588,0.99000181824958
"01633000",1997-01-13,328,0.947976878612717,1.03565104079655,1997,"01",13,"Winter",81,0.955206684029588,0.99000181824958
"01633000",1997-01-14,314,0.957317073170732,1.00985276621059,1997,"01",14,"Winter",81,0.955206684029588,0.99000181824958
"01633000",1997-01-15,305,0.971337579617834,1.01464562456895,1997,"01",15,"Winter",81,0.955206684029588,0.99000181824958
"01633000",1997-03-28,580,0.909090909090909,0.986035907666002,1997,"03",28,"Spring",82,0.96231588998997,0.98288553151453
"01633000",1997-03-29,543,0.936206896551724,1.0298275862069,1997,"03",29,"Spring",82,0.96231588998997,0.98288553151453
"01633000",1997-03-30,517,0.952117863720074,1.01699513988516,1997,"03",30,"Spring",82,0.96231588998997,0.98288553151453
"01633000",1997-03-31,587,1.13539651837524,1.19249576301307,1997,"03",31,"Spring",82,0.96231588998997,0.98288553151453
"01633000",1997-04-01,535,0.911413969335605,0.802727465326248,1997,"04",1,"Spring",82,0.96231588998997,0.98288553151453
"01633000",1997-04-02,485,0.906542056074766,0.994654554982968,1997,"04",2,"Spring",82,0.96231588998997,0.98288553151453
"01633000",1997-04-03,461,0.950515463917526,1.04850674885748,1997,"04",3,"Spring",82,0.96231588998997,0.98288553151453
"01633000",1997-04-04,448,0.971800433839479,1.02239308115433,1997,"04",4,"Spring",82,0.96231588998997,0.98288553151453
"01633000",1997-04-05,434,0.96875,0.996861049107143,1997,"04",5,"Spring",82,0.96231588998997,0.98288553151453
"01633000",1997-04-06,420,0.967741935483871,0.998959417273673,1997,"04",6,"Spring",82,0.96231588998997,0.98288553151453
"01633000",1997-04-07,406,0.966666666666667,0.998888888888889,1997,"04",7,"Spring",82,0.96231588998997,0.98288553151453
"01633000",1997-04-08,376,0.926108374384236,0.958043145914727,1997,"04",8,"Spring",82,0.96231588998997,0.98288553151453
"01633000",1997-04-09,357,0.949468085106383,1.0252235174287,1997,"04",9,"Spring",82,0.96231588998997,0.98288553151453
"01633000",1997-04-10,341,0.955182072829132,1.00601809351191,1997,"04",10,"Spring",82,0.96231588998997,0.98288553151453
"01633000",1997-04-11,330,0.967741935483871,1.01314918172358,1997,"04",11,"Spring",82,0.96231588998997,0.98288553151453
"01633000",1997-11-25,226,0.953586497890295,0.973704356495576,1997,"11",25,"Fall",83,0.95563226764717,0.991338843710358
"01633000",1997-11-26,217,0.960176991150443,1.00691126948077,1997,"11",26,"Fall",83,0.95563226764717,0.991338843710358
"01633000",1997-11-27,203,0.935483870967742,0.97428274119221,1997,"11",27,"Fall",83,0.95563226764717,0.991338843710358
"01633000",1997-11-28,191,0.940886699507389,1.00577543740445,1997,"11",28,"Fall",83,0.95563226764717,0.991338843710358
"01633000",1997-11-29,180,0.942408376963351,1.00161728022806,1997,"11",29,"Fall",83,0.95563226764717,0.991338843710358
"01633000",1997-11-30,177,0.983333333333333,1.04342592592593,1997,"11",30,"Fall",83,0.95563226764717,0.991338843710358
"01633000",1997-12-01,176,0.994350282485876,1.01120367710428,1997,"12",1,"Winter",83,0.95563226764717,0.991338843710358
"01633000",1997-12-02,162,0.920454545454545,0.925684400826446,1997,"12",2,"Winter",83,0.95563226764717,0.991338843710358
"01633000",1997-12-03,153,0.944444444444444,1.02606310013717,1997,"12",3,"Winter",83,0.95563226764717,0.991338843710358
"01633000",1997-12-04,148,0.967320261437909,1.0242214532872,1997,"12",4,"Winter",83,0.95563226764717,0.991338843710358
"01633000",1997-12-05,144,0.972972972972973,1.00584368151936,1997,"12",5,"Winter",83,0.95563226764717,0.991338843710358
"01633000",1997-12-06,135,0.9375,0.963541666666667,1997,"12",6,"Winter",83,0.95563226764717,0.991338843710358
"01633000",1997-12-07,129,0.955555555555556,1.01925925925926,1997,"12",7,"Winter",83,0.95563226764717,0.991338843710358
"01633000",1997-12-08,124,0.961240310077519,1.00594916170903,1997,"12",8,"Winter",83,0.95563226764717,0.991338843710358
"01633000",1998-07-13,107,0.972727272727273,1.01694214876033,1998,"07",13,"Summer",84,0.974947337507686,0.981139294733372
"01633000",1998-07-14,102,0.953271028037383,0.979998253122543,1998,"07",14,"Summer",84,0.974947337507686,0.981139294733372
"01633000",1998-07-15,98,0.96078431372549,1.00788158400615,1998,"07",15,"Summer",84,0.974947337507686,0.981139294733372
"01633000",1998-07-16,93,0.948979591836735,0.98771345272803,1998,"07",16,"Summer",84,0.974947337507686,0.981139294733372
"01633000",1998-07-17,94,1.01075268817204,1.06509423054688,1998,"07",17,"Summer",84,0.974947337507686,0.981139294733372
"01633000",1998-07-18,91,0.968085106382979,0.9577863286555,1998,"07",18,"Summer",84,0.974947337507686,0.981139294733372
"01633000",1998-07-19,88,0.967032967032967,0.998913174737351,1998,"07",19,"Summer",84,0.974947337507686,0.981139294733372
"01633000",1998-07-20,87,0.988636363636364,1.02233987603306,1998,"07",20,"Summer",84,0.974947337507686,0.981139294733372
"01633000",1998-07-21,81,0.931034482758621,0.941736028537455,1998,"07",21,"Summer",84,0.974947337507686,0.981139294733372
"01633000",1998-07-22,78,0.962962962962963,1.03429355281207,1998,"07",22,"Summer",84,0.974947337507686,0.981139294733372
"01633000",1998-07-23,76,0.974358974358974,1.01183431952663,1998,"07",23,"Summer",84,0.974947337507686,0.981139294733372
"01633000",1998-07-24,75,0.986842105263158,1.01281163434903,1998,"07",24,"Summer",84,0.974947337507686,0.981139294733372
"01633000",1998-07-25,73,0.973333333333333,0.986311111111111,1998,"07",25,"Summer",84,0.974947337507686,0.981139294733372
"01633000",1998-07-26,73,1,1.02739726027397,1998,"07",26,"Summer",84,0.974947337507686,0.981139294733372
"01633000",1998-07-27,74,1.01369863013699,1.01369863013699,1998,"07",27,"Summer",84,0.974947337507686,0.981139294733372
"01633000",1998-07-28,72,0.972972972972973,0.959824689554419,1998,"07",28,"Summer",84,0.974947337507686,0.981139294733372
"01633000",1998-07-29,71,0.986111111111111,1.01350308641975,1998,"07",29,"Summer",84,0.974947337507686,0.981139294733372
"01633000",1998-07-30,68,0.957746478873239,0.971235865899623,1998,"07",30,"Summer",84,0.974947337507686,0.981139294733372
"01633000",1998-07-31,68,1,1.04411764705882,1998,"07",31,"Summer",84,0.974947337507686,0.981139294733372
"01633000",1998-08-01,66,0.970588235294118,0.970588235294118,1998,"08",1,"Summer",84,0.974947337507686,0.981139294733372
"01633000",1998-08-02,63,0.954545454545455,0.983471074380165,1998,"08",2,"Summer",84,0.974947337507686,0.981139294733372
"01633000",1998-08-03,62,0.984126984126984,1.03099017384732,1998,"08",3,"Summer",84,0.974947337507686,0.981139294733372
"01633000",1998-08-04,59,0.951612903225806,0.966961498439126,1998,"08",4,"Summer",84,0.974947337507686,0.981139294733372
"01633000",1998-08-05,57,0.966101694915254,1.01522550991095,1998,"08",5,"Summer",84,0.974947337507686,0.981139294733372
"01633000",1998-08-06,55,0.964912280701754,0.998768851954448,1998,"08",6,"Summer",84,0.974947337507686,0.981139294733372
"01633000",1999-03-24,673,0.808894230769231,0.991673215606509,1999,"03",24,"Spring",85,0.916694573985694,0.933673873789862
"01633000",1999-03-25,551,0.818722139673105,1.01214980714417,1999,"03",25,"Spring",85,0.916694573985694,0.933673873789862
"01633000",1999-03-26,457,0.82940108892922,1.0130434352983,1999,"03",26,"Spring",85,0.916694573985694,0.933673873789862
"01633000",1999-03-27,395,0.864332603938731,1.04211655310775,1999,"03",27,"Spring",85,0.916694573985694,0.933673873789862
"01633000",1999-03-28,348,0.881012658227848,1.01929818939273,1999,"03",28,"Spring",85,0.916694573985694,0.933673873789862
"01633000",1999-03-29,306,0.879310344827586,0.998067776456599,1999,"03",29,"Spring",85,0.916694573985694,0.933673873789862
"01633000",1999-03-30,271,0.88562091503268,1.00717672689991,1999,"03",30,"Spring",85,0.916694573985694,0.933673873789862
"01633000",1999-03-31,242,0.892988929889299,1.00831960349124,1999,"03",31,"Spring",85,0.916694573985694,0.933673873789862
"01633000",1999-04-01,233,0.962809917355372,1.07818796530292,1999,"04",1,"Spring",85,0.916694573985694,0.933673873789862
"01633000",1999-04-02,233,1,1.03862660944206,1999,"04",2,"Spring",85,0.916694573985694,0.933673873789862
"01633000",1999-04-03,216,0.927038626609442,0.927038626609442,1999,"04",3,"Spring",85,0.916694573985694,0.933673873789862
"01633000",1999-04-04,203,0.939814814814815,1.01378172153635,1999,"04",4,"Spring",85,0.916694573985694,0.933673873789862
"01633000",1999-04-05,194,0.955665024630542,1.01686524788274,1999,"04",5,"Spring",85,0.916694573985694,0.933673873789862
"01633000",1999-04-06,183,0.943298969072165,0.987060261451801,1999,"04",6,"Spring",85,0.916694573985694,0.933673873789862
"01633000",1999-04-07,171,0.934426229508197,0.990593926363881,1999,"04",7,"Spring",85,0.916694573985694,0.933673873789862
"01633000",1999-04-08,160,0.935672514619883,1.00133374371602,1999,"04",8,"Spring",85,0.916694573985694,0.933673873789862
"01633000",1999-10-13,370,0.839002267573696,0.970274731207676,1999,"10",13,"Fall",86,0.93934461039847,0.959288421112171
"01633000",1999-10-14,328,0.886486486486487,1.05659605551497,1999,"10",14,"Fall",86,0.93934461039847,0.959288421112171
"01633000",1999-10-15,285,0.86890243902439,0.980164336704343,1999,"10",15,"Fall",86,0.93934461039847,0.959288421112171
"01633000",1999-10-16,252,0.884210526315789,1.01761772853186,1999,"10",16,"Fall",86,0.93934461039847,0.959288421112171
"01633000",1999-10-17,227,0.900793650793651,1.01875472411187,1999,"10",17,"Fall",86,0.93934461039847,0.959288421112171
"01633000",1999-10-18,208,0.916299559471366,1.0172136078713,1999,"10",18,"Fall",86,0.93934461039847,0.959288421112171
"01633000",1999-10-19,187,0.899038461538462,0.981162167159763,1999,"10",19,"Fall",86,0.93934461039847,0.959288421112171
"01633000",1999-10-20,186,0.994652406417112,1.10635133975807,1999,"10",20,"Fall",86,0.93934461039847,0.959288421112171
"01633000",1999-10-21,181,0.973118279569892,0.978350098277257,1999,"10",21,"Fall",86,0.93934461039847,0.959288421112171
"01633000",1999-10-22,166,0.917127071823204,0.942462073807271,1999,"10",22,"Fall",86,0.93934461039847,0.959288421112171
"01633000",1999-10-23,154,0.927710843373494,1.01154013644941,1999,"10",23,"Fall",86,0.93934461039847,0.959288421112171
"01633000",1999-10-24,147,0.954545454545455,1.02892561983471,1999,"10",24,"Fall",86,0.93934461039847,0.959288421112171
"01633000",1999-10-25,139,0.945578231292517,0.99060576611597,1999,"10",25,"Fall",86,0.93934461039847,0.959288421112171
"01633000",1999-10-26,131,0.942446043165468,0.996687542052689,1999,"10",26,"Fall",86,0.93934461039847,0.959288421112171
"01633000",1999-10-27,126,0.961832061068702,1.02056989685916,1999,"10",27,"Fall",86,0.93934461039847,0.959288421112171
"01633000",1999-10-28,121,0.96031746031746,0.998425296044344,1999,"10",28,"Fall",86,0.93934461039847,0.959288421112171
"01633000",1999-10-29,116,0.958677685950413,0.998292466361587,1999,"10",29,"Fall",86,0.93934461039847,0.959288421112171
"01633000",1999-10-30,113,0.974137931034483,1.01612663495838,1999,"10",30,"Fall",86,0.93934461039847,0.959288421112171
"01633000",1999-10-31,108,0.955752212389381,0.981126164930692,1999,"10",31,"Fall",86,0.93934461039847,0.959288421112171
"01633000",1999-11-06,228,0.88715953307393,1.00797892473769,1999,"11",6,"Fall",87,0.957571267333843,0.935965668028911
"01633000",1999-11-07,206,0.903508771929825,1.01842874730686,1999,"11",7,"Fall",87,0.957571267333843,0.935965668028911
"01633000",1999-11-08,186,0.902912621359223,0.999340182863606,1999,"11",8,"Fall",87,0.957571267333843,0.935965668028911
"01633000",1999-11-09,172,0.924731182795699,1.02416464331137,1999,"11",9,"Fall",87,0.957571267333843,0.935965668028911
"01633000",1999-11-10,159,0.924418604651163,0.99966197944835,1999,"11",10,"Fall",87,0.957571267333843,0.935965668028911
"01633000",1999-11-11,151,0.949685534591195,1.02733277955777,1999,"11",11,"Fall",87,0.957571267333843,0.935965668028911
"01633000",1999-11-12,144,0.95364238410596,1.00416648392614,1999,"11",12,"Fall",87,0.957571267333843,0.935965668028911
"01633000",1999-11-13,140,0.972222222222222,1.01948302469136,1999,"11",13,"Fall",87,0.957571267333843,0.935965668028911
"01633000",1999-11-14,133,0.95,0.977142857142857,1999,"11",14,"Fall",87,0.957571267333843,0.935965668028911
"01633000",1999-11-15,125,0.93984962406015,0.989315393747527,1999,"11",15,"Fall",87,0.957571267333843,0.935965668028911
"01633000",1999-11-16,119,0.952,1.012928,1999,"11",16,"Fall",87,0.957571267333843,0.935965668028911
"01633000",1999-11-17,115,0.966386554621849,1.01511192712379,1999,"11",17,"Fall",87,0.957571267333843,0.935965668028911
"01633000",1999-11-18,111,0.965217391304348,0.998790170132325,1999,"11",18,"Fall",87,0.957571267333843,0.935965668028911
"01633000",1999-11-19,108,0.972972972972973,1.00803506208912,1999,"11",19,"Fall",87,0.957571267333843,0.935965668028911
"01633000",1999-11-20,106,0.981481481481482,1.00874485596708,1999,"11",20,"Fall",87,0.957571267333843,0.935965668028911
"01633000",1999-11-21,103,0.971698113207547,0.990032039871841,1999,"11",21,"Fall",87,0.957571267333843,0.935965668028911
"01633000",1999-11-22,101,0.980582524271845,1.0091431803186,1999,"11",22,"Fall",87,0.957571267333843,0.935965668028911
"01633000",1999-11-23,101,1,1.01980198019802,1999,"11",23,"Fall",87,0.957571267333843,0.935965668028911
"01633000",1999-11-24,99,0.98019801980198,0.98019801980198,1999,"11",24,"Fall",87,0.957571267333843,0.935965668028911
"01633000",1999-11-25,96,0.96969696969697,0.989286807468626,1999,"11",25,"Fall",87,0.957571267333843,0.935965668028911
"01633000",1999-12-23,276,0.926174496644295,1.00698166749246,1999,"12",23,"Winter",88,0.961305071791043,0.931579398144708
"01633000",1999-12-24,261,0.945652173913043,1.02103024574669,1999,"12",24,"Winter",88,0.961305071791043,0.931579398144708
"01633000",1999-12-25,245,0.938697318007663,0.992645439732241,1999,"12",25,"Winter",88,0.961305071791043,0.931579398144708
"01633000",1999-12-26,228,0.930612244897959,0.991386922115785,1999,"12",26,"Winter",88,0.961305071791043,0.931579398144708
"01633000",1999-12-27,224,0.982456140350877,1.05570944906125,1999,"12",27,"Winter",88,0.961305071791043,0.931579398144708
"01633000",1999-12-28,212,0.946428571428571,0.963329081632653,1999,"12",28,"Winter",88,0.961305071791043,0.931579398144708
"01633000",1999-12-29,197,0.929245283018868,0.98184407262371,1999,"12",29,"Winter",88,0.961305071791043,0.931579398144708
"01633000",1999-12-30,186,0.944162436548223,1.01605297740215,1999,"12",30,"Winter",88,0.961305071791043,0.931579398144708
"01633000",1999-12-31,174,0.935483870967742,0.990808185917447,1999,"12",31,"Winter",88,0.961305071791043,0.931579398144708
"01633000",2000-01-01,161,0.925287356321839,0.989100277447483,2000,"01",1,"Winter",88,0.961305071791043,0.931579398144708
"01633000",2000-01-02,153,0.950310559006211,1.02704370973342,2000,"01",2,"Winter",88,0.961305071791043,0.931579398144708
"01633000",2000-01-03,146,0.954248366013072,1.00414370541245,2000,"01",3,"Winter",88,0.961305071791043,0.931579398144708
"01633000",2000-01-04,141,0.965753424657534,1.01205667104522,2000,"01",4,"Winter",88,0.961305071791043,0.931579398144708
"01633000",2000-01-05,138,0.978723404255319,1.01342990795232,2000,"01",5,"Winter",88,0.961305071791043,0.931579398144708
"01633000",2000-01-06,129,0.934782608695652,0.955103969754253,2000,"01",6,"Winter",88,0.961305071791043,0.931579398144708
"01633000",2000-01-07,123,0.953488372093023,1.02001081665765,2000,"01",7,"Winter",88,0.961305071791043,0.931579398144708
"01633000",2000-01-08,118,0.959349593495935,1.00614713464208,2000,"01",8,"Winter",88,0.961305071791043,0.931579398144708
"01633000",2000-01-09,114,0.966101694915254,1.00703820741166,2000,"01",9,"Winter",88,0.961305071791043,0.931579398144708
"01633000",2000-01-10,119,1.04385964912281,1.08048630347799,2000,"01",10,"Winter",88,0.961305071791043,0.931579398144708
"01633000",2000-01-11,124,1.04201680672269,0.998234587952828,2000,"01",11,"Winter",88,0.961305071791043,0.931579398144708
"01633000",2000-01-12,120,0.967741935483871,0.928720083246618,2000,"01",12,"Winter",88,0.961305071791043,0.931579398144708
"01633000",2000-01-13,115,0.958333333333333,0.990277777777778,2000,"01",13,"Winter",88,0.961305071791043,0.931579398144708
"01633000",2000-01-14,107,0.930434782608696,0.970888468809074,2000,"01",14,"Winter",88,0.961305071791043,0.931579398144708
"01633000",2000-01-15,104,0.97196261682243,1.04463271901476,2000,"01",15,"Winter",88,0.961305071791043,0.931579398144708
"01633000",2000-01-16,105,1.00961538461538,1.03873890532544,2000,"01",16,"Winter",88,0.961305071791043,0.931579398144708
"01633000",2000-01-17,104,0.990476190476191,0.981043083900227,2000,"01",17,"Winter",88,0.961305071791043,0.931579398144708
"01633000",2000-01-18,100,0.961538461538462,0.970784023668639,2000,"01",18,"Winter",88,0.961305071791043,0.931579398144708
"01633000",2000-02-26,316,0.88268156424581,1.0232202490559,2000,"02",26,"Winter",89,0.940530673799071,0.995744205304024
"01633000",2000-02-27,281,0.889240506329114,1.0074307002083,2000,"02",27,"Winter",89,0.940530673799071,0.995744205304024
"01633000",2000-02-28,274,0.97508896797153,1.09654133053026,2000,"02",28,"Winter",89,0.940530673799071,0.995744205304024
"01633000",2000-02-29,255,0.930656934306569,0.954432841387394,2000,"02",29,"Winter",89,0.940530673799071,0.995744205304024
"01633000",2000-03-01,233,0.913725490196078,0.981806997308727,2000,"03",1,"Spring",89,0.940530673799071,0.995744205304024
"01633000",2000-03-02,222,0.952789699570815,1.04275267549596,2000,"03",2,"Spring",89,0.940530673799071,0.995744205304024
"01633000",2000-03-03,210,0.945945945945946,0.99281714146579,2000,"03",3,"Spring",89,0.940530673799071,0.995744205304024
"01633000",2000-03-04,197,0.938095238095238,0.991700680272109,2000,"03",4,"Spring",89,0.940530673799071,0.995744205304024
"01633000",2000-03-05,188,0.954314720812183,1.01728980391146,2000,"03",5,"Spring",89,0.940530673799071,0.995744205304024
"01633000",2000-03-06,176,0.936170212765957,0.980986871887732,2000,"03",6,"Spring",89,0.940530673799071,0.995744205304024
"01633000",2000-03-07,163,0.926136363636364,0.989282024793388,2000,"03",7,"Spring",89,0.940530673799071,0.995744205304024
"01633000",2000-03-08,154,0.94478527607362,1.02013624901201,2000,"03",8,"Spring",89,0.940530673799071,0.995744205304024
"01633000",2000-03-09,146,0.948051948051948,1.00345758137966,2000,"03",9,"Spring",89,0.940530673799071,0.995744205304024
"01633000",2000-03-10,140,0.958904109589041,1.01144680052543,2000,"03",10,"Spring",89,0.940530673799071,0.995744205304024
"01633000",2000-04-22,481,0.833622183708839,1.00988198685005,2000,"04",22,"Spring",90,0.94112929430507,0.974629304380726
"01633000",2000-04-23,395,0.821205821205821,0.98510552772507,2000,"04",23,"Spring",90,0.94112929430507,0.974629304380726
"01633000",2000-04-24,333,0.843037974683544,1.02658548309566,2000,"04",24,"Spring",90,0.94112929430507,0.974629304380726
"01633000",2000-04-25,329,0.987987987987988,1.17193770346924,2000,"04",25,"Spring",90,0.94112929430507,0.974629304380726
"01633000",2000-04-26,330,1.00303951367781,1.01523452296265,2000,"04",26,"Spring",90,0.94112929430507,0.974629304380726
"01633000",2000-04-27,304,0.921212121212121,0.91842056932966,2000,"04",27,"Spring",90,0.94112929430507,0.974629304380726
"01633000",2000-04-28,284,0.934210526315789,1.01411011080332,2000,"04",28,"Spring",90,0.94112929430507,0.974629304380726
"01633000",2000-04-29,305,1.07394366197183,1.14957349732196,2000,"04",29,"Spring",90,0.94112929430507,0.974629304380726
"01633000",2000-04-30,318,1.04262295081967,0.970835796828809,2000,"04",30,"Spring",90,0.94112929430507,0.974629304380726
"01633000",2000-05-01,283,0.889937106918239,0.853556030220324,2000,"05",1,"Spring",90,0.94112929430507,0.974629304380726
"01633000",2000-05-02,258,0.911660777385159,1.02441034349286,2000,"05",2,"Spring",90,0.94112929430507,0.974629304380726
"01633000",2000-05-03,233,0.903100775193798,0.990610540231957,2000,"05",3,"Spring",90,0.94112929430507,0.974629304380726
"01633000",2000-05-04,208,0.892703862660944,0.988487538912118,2000,"05",4,"Spring",90,0.94112929430507,0.974629304380726
"01633000",2000-05-05,192,0.923076923076923,1.03402366863905,2000,"05",5,"Spring",90,0.94112929430507,0.974629304380726
"01633000",2000-05-06,188,0.979166666666667,1.06076388888889,2000,"05",6,"Spring",90,0.94112929430507,0.974629304380726
"01633000",2000-05-07,175,0.930851063829787,0.9506564056134,2000,"05",7,"Spring",90,0.94112929430507,0.974629304380726
"01633000",2000-05-08,167,0.954285714285714,1.02517551020408,2000,"05",8,"Spring",90,0.94112929430507,0.974629304380726
"01633000",2000-05-09,158,0.946107784431138,0.991430313026641,2000,"05",9,"Spring",90,0.94112929430507,0.974629304380726
"01633000",2000-05-10,144,0.911392405063291,0.963307162313732,2000,"05",10,"Spring",90,0.94112929430507,0.974629304380726
"01633000",2000-05-11,131,0.909722222222222,0.998167438271605,2000,"05",11,"Spring",90,0.94112929430507,0.974629304380726
"01633000",2000-05-12,122,0.931297709923664,1.02371656663365,2000,"05",12,"Spring",90,0.94112929430507,0.974629304380726
"01633000",2000-10-02,179,0.836448598130841,1.01624596034588,2000,"10",2,"Fall",91,0.938965064798562,0.941285316488012
"01633000",2000-10-03,156,0.871508379888268,1.04191504634687,2000,"10",3,"Fall",91,0.938965064798562,0.941285316488012
"01633000",2000-10-04,136,0.871794871794872,1.00032873109796,2000,"10",4,"Fall",91,0.938965064798562,0.941285316488012
"01633000",2000-10-05,122,0.897058823529412,1.02897923875433,2000,"10",5,"Fall",91,0.938965064798562,0.941285316488012
"01633000",2000-10-06,113,0.926229508196721,1.03251814028487,2000,"10",6,"Fall",91,0.938965064798562,0.941285316488012
"01633000",2000-10-07,105,0.929203539823009,1.00321090140183,2000,"10",7,"Fall",91,0.938965064798562,0.941285316488012
"01633000",2000-10-08,97,0.923809523809524,0.994195011337869,2000,"10",8,"Fall",91,0.938965064798562,0.941285316488012
"01633000",2000-10-09,91,0.938144329896907,1.01551705813583,2000,"10",9,"Fall",91,0.938965064798562,0.941285316488012
"01633000",2000-10-10,85,0.934065934065934,0.995652698949402,2000,"10",10,"Fall",91,0.938965064798562,0.941285316488012
"01633000",2000-10-11,82,0.964705882352941,1.03280276816609,2000,"10",11,"Fall",91,0.938965064798562,0.941285316488012
"01633000",2000-10-12,76,0.926829268292683,0.960737656157049,2000,"10",12,"Fall",91,0.938965064798562,0.941285316488012
"01633000",2000-10-13,72,0.947368421052632,1.02216066481994,2000,"10",13,"Fall",91,0.938965064798562,0.941285316488012
"01633000",2000-10-14,69,0.958333333333333,1.01157407407407,2000,"10",14,"Fall",91,0.938965064798562,0.941285316488012
"01633000",2000-10-15,68,0.985507246376812,1.02835538752363,2000,"10",15,"Fall",91,0.938965064798562,0.941285316488012
"01633000",2000-10-16,65,0.955882352941177,0.969939446366782,2000,"10",16,"Fall",91,0.938965064798562,0.941285316488012
"01633000",2000-10-17,60,0.923076923076923,0.965680473372781,2000,"10",17,"Fall",91,0.938965064798562,0.941285316488012
"01633000",2000-10-18,60,1,1.08333333333333,2000,"10",18,"Fall",91,0.938965064798562,0.941285316488012
"01633000",2000-10-19,59,0.983333333333333,0.983333333333333,2000,"10",19,"Fall",91,0.938965064798562,0.941285316488012
"01633000",2000-12-26,115,0.884615384615385,1.0207100591716,2000,"12",26,"Winter",92,0.967454392021781,0.872634189866915
"01633000",2000-12-27,105,0.91304347826087,1.03213610586011,2000,"12",27,"Winter",92,0.967454392021781,0.872634189866915
"01633000",2000-12-28,98,0.933333333333333,1.02222222222222,2000,"12",28,"Winter",92,0.967454392021781,0.872634189866915
"01633000",2000-12-29,91,0.928571428571429,0.994897959183674,2000,"12",29,"Winter",92,0.967454392021781,0.872634189866915
"01633000",2000-12-30,88,0.967032967032967,1.0414201183432,2000,"12",30,"Winter",92,0.967454392021781,0.872634189866915
"01633000",2000-12-31,76,0.863636363636364,0.893078512396694,2000,"12",31,"Winter",92,0.967454392021781,0.872634189866915
"01633000",2001-01-01,70,0.921052631578947,1.06648199445983,2001,"01",1,"Winter",92,0.967454392021781,0.872634189866915
"01633000",2001-01-02,65,0.928571428571429,1.00816326530612,2001,"01",2,"Winter",92,0.967454392021781,0.872634189866915
"01633000",2001-01-03,58,0.892307692307692,0.96094674556213,2001,"01",3,"Winter",92,0.967454392021781,0.872634189866915
"01633000",2001-01-04,65,1.12068965517241,1.25594530321046,2001,"01",4,"Winter",92,0.967454392021781,0.872634189866915
"01633000",2001-01-05,64,0.984615384615385,0.878579881656805,2001,"01",5,"Winter",92,0.967454392021781,0.872634189866915
"01633000",2001-01-06,62,0.96875,0.98388671875,2001,"01",6,"Winter",92,0.967454392021781,0.872634189866915
"01633000",2001-01-07,59,0.951612903225806,0.982310093652445,2001,"01",7,"Winter",92,0.967454392021781,0.872634189866915
"01633000",2001-01-08,65,1.10169491525424,1.15771330077564,2001,"01",8,"Winter",92,0.967454392021781,0.872634189866915
"01633000",2001-01-09,60,0.923076923076923,0.837869822485207,2001,"01",9,"Winter",92,0.967454392021781,0.872634189866915
"01633000",2001-01-10,57,0.95,1.02916666666667,2001,"01",10,"Winter",92,0.967454392021781,0.872634189866915
"01633000",2001-01-11,57,1,1.05263157894737,2001,"01",11,"Winter",92,0.967454392021781,0.872634189866915
"01633000",2001-01-12,58,1.01754385964912,1.01754385964912,2001,"01",12,"Winter",92,0.967454392021781,0.872634189866915
"01633000",2001-01-13,56,0.96551724137931,0.948870392390012,2001,"01",13,"Winter",92,0.967454392021781,0.872634189866915
"01633000",2001-01-14,54,0.964285714285714,0.998724489795918,2001,"01",14,"Winter",92,0.967454392021781,0.872634189866915
"01633000",2001-01-15,54,1,1.03703703703704,2001,"01",15,"Winter",92,0.967454392021781,0.872634189866915
"01633000",2001-01-16,52,0.962962962962963,0.962962962962963,2001,"01",16,"Winter",92,0.967454392021781,0.872634189866915
"01633000",2001-01-17,51,0.980769230769231,1.01849112426036,2001,"01",17,"Winter",92,0.967454392021781,0.872634189866915
"01633000",2001-01-18,50,0.980392156862745,0.999615532487505,2001,"01",18,"Winter",92,0.967454392021781,0.872634189866915
"01633000",2001-04-17,562,0.859327217125382,1.00911819992705,2001,"04",17,"Spring",93,0.943640709844849,0.964794218460557
"01633000",2001-04-18,479,0.852313167259786,0.991837742683097,2001,"04",18,"Spring",93,0.943640709844849,0.964794218460557
"01633000",2001-04-19,418,0.872651356993737,1.0238623436962,2001,"04",19,"Spring",93,0.943640709844849,0.964794218460557
"01633000",2001-04-20,373,0.892344497607656,1.02256701998581,2001,"04",20,"Spring",93,0.943640709844849,0.964794218460557
"01633000",2001-04-21,343,0.919571045576407,1.03051125214729,2001,"04",21,"Spring",93,0.943640709844849,0.964794218460557
"01633000",2001-04-22,323,0.941690962099125,1.02405460309905,2001,"04",22,"Spring",93,0.943640709844849,0.964794218460557
"01633000",2001-04-23,295,0.913312693498452,0.96986456306492,2001,"04",23,"Spring",93,0.943640709844849,0.964794218460557
"01633000",2001-04-24,273,0.925423728813559,1.01326055731112,2001,"04",24,"Spring",93,0.943640709844849,0.964794218460557
"01633000",2001-04-25,254,0.93040293040293,1.00538045592991,2001,"04",25,"Spring",93,0.943640709844849,0.964794218460557
"01633000",2001-04-26,238,0.937007874015748,1.00709901419803,2001,"04",26,"Spring",93,0.943640709844849,0.964794218460557
"01633000",2001-04-27,223,0.936974789915966,0.999964691759057,2001,"04",27,"Spring",93,0.943640709844849,0.964794218460557
"01633000",2001-04-28,212,0.95067264573991,1.01461923626053,2001,"04",28,"Spring",93,0.943640709844849,0.964794218460557
"01633000",2001-04-29,198,0.933962264150943,0.982422570309719,2001,"04",29,"Spring",93,0.943640709844849,0.964794218460557
"01633000",2001-04-30,187,0.944444444444444,1.01122334455668,2001,"04",30,"Spring",93,0.943640709844849,0.964794218460557
"01633000",2001-05-01,177,0.946524064171123,1.00220195029884,2001,"05",1,"Spring",93,0.943640709844849,0.964794218460557
"01633000",2001-05-02,167,0.943502824858757,0.99680806920106,2001,"05",2,"Spring",93,0.943640709844849,0.964794218460557
"01633000",2001-05-03,159,0.952095808383233,1.00910753343612,2001,"05",3,"Spring",93,0.943640709844849,0.964794218460557
"01633000",2001-05-04,152,0.955974842767296,1.0040742059254,2001,"05",4,"Spring",93,0.943640709844849,0.964794218460557
"01633000",2001-05-05,146,0.960526315789474,1.00476108033241,2001,"05",5,"Spring",93,0.943640709844849,0.964794218460557
"01633000",2001-05-06,142,0.972602739726027,1.01257271533121,2001,"05",6,"Spring",93,0.943640709844849,0.964794218460557
"01633000",2001-05-07,135,0.950704225352113,0.977484626066257,2001,"05",7,"Spring",93,0.943640709844849,0.964794218460557
"01633000",2001-05-08,127,0.940740740740741,0.989519890260631,2001,"05",8,"Spring",93,0.943640709844849,0.964794218460557
"01633000",2001-05-09,125,0.984251968503937,1.04625209250418,2001,"05",9,"Spring",93,0.943640709844849,0.964794218460557
"01633000",2001-05-10,119,0.952,0.967232,2001,"05",10,"Spring",93,0.943640709844849,0.964794218460557
"01633000",2001-05-11,113,0.949579831932773,0.997457806652073,2001,"05",11,"Spring",93,0.943640709844849,0.964794218460557
"01633000",2001-05-12,110,0.973451327433628,1.0251390085363,2001,"05",12,"Spring",93,0.943640709844849,0.964794218460557
"01633000",2001-05-13,106,0.963636363636364,0.989917355371901,2001,"05",13,"Spring",93,0.943640709844849,0.964794218460557
"01633000",2001-05-14,101,0.952830188679245,0.988786044855821,2001,"05",14,"Spring",93,0.943640709844849,0.964794218460557
"01633000",2001-05-15,96,0.95049504950495,0.997549259876483,2001,"05",15,"Spring",93,0.943640709844849,0.964794218460557
"01633000",2002-02-15,30.1,0.980456026058632,1.0028117009199,2002,"02",15,"Winter",94,0.975460279145248,0.983529691893011
"01633000",2002-02-16,29,0.963455149501661,0.982660235538239,2002,"02",16,"Winter",94,0.975460279145248,0.983529691893011
"01633000",2002-02-17,30.2,1.04137931034483,1.08087990487515,2002,"02",17,"Winter",94,0.975460279145248,0.983529691893011
"01633000",2002-02-18,30,0.993377483443709,0.95390553045919,2002,"02",18,"Winter",94,0.975460279145248,0.983529691893011
"01633000",2002-02-19,28.3,0.943333333333333,0.949622222222222,2002,"02",19,"Winter",94,0.975460279145248,0.983529691893011
"01633000",2002-02-20,27,0.954063604240283,1.0113748454844,2002,"02",20,"Winter",94,0.975460279145248,0.983529691893011
"01633000",2002-02-21,26.7,0.988888888888889,1.03650205761317,2002,"02",21,"Winter",94,0.975460279145248,0.983529691893011
"01633000",2002-02-22,25,0.936329588014981,0.946850145183689,2002,"02",22,"Winter",94,0.975460279145248,0.983529691893011
"01633000",2002-02-23,25.3,1.012,1.080816,2002,"02",23,"Winter",94,0.975460279145248,0.983529691893011
"01633000",2002-02-24,24.9,0.984189723320158,0.972519489446796,2002,"02",24,"Winter",94,0.975460279145248,0.983529691893011
"01633000",2002-02-25,25.5,1.02409638554217,1.04054773310108,2002,"02",25,"Winter",94,0.975460279145248,0.983529691893011
"01633000",2002-02-26,24,0.941176470588235,0.919031141868512,2002,"02",26,"Winter",94,0.975460279145248,0.983529691893011
"01633000",2002-02-27,22.7,0.945833333333333,1.00494791666667,2002,"02",27,"Winter",94,0.975460279145248,0.983529691893011
"01633000",2002-02-28,21.6,0.951541850220264,1.00603543635623,2002,"02",28,"Winter",94,0.975460279145248,0.983529691893011
"01633000",2002-03-01,20.9,0.967592592592592,1.01686814128944,2002,"03",1,"Spring",94,0.975460279145248,0.983529691893011
"01633000",2003-09-30,532,0.848484848484849,1.02846648301194,2003,"09",30,"Fall",95,0.947443501064273,0.961677064600637
"01633000",2003-10-01,482,0.906015037593985,1.06780343716434,2003,"10",1,"Fall",95,0.947443501064273,0.961677064600637
"01633000",2003-10-02,443,0.919087136929461,1.0144281262375,2003,"10",2,"Fall",95,0.947443501064273,0.961677064600637
"01633000",2003-10-03,402,0.90744920993228,0.987337515095618,2003,"10",3,"Fall",95,0.947443501064273,0.961677064600637
"01633000",2003-10-04,376,0.935323383084577,1.03071706145887,2003,"10",4,"Fall",95,0.947443501064273,0.961677064600637
"01633000",2003-10-05,360,0.957446808510638,1.02365323675871,2003,"10",5,"Fall",95,0.947443501064273,0.961677064600637
"01633000",2003-10-06,336,0.933333333333333,0.974814814814815,2003,"10",6,"Fall",95,0.947443501064273,0.961677064600637
"01633000",2003-10-07,316,0.94047619047619,1.00765306122449,2003,"10",7,"Fall",95,0.947443501064273,0.961677064600637
"01633000",2003-10-08,299,0.94620253164557,1.00608876782567,2003,"10",8,"Fall",95,0.947443501064273,0.961677064600637
"01633000",2003-10-09,285,0.953177257525084,1.00737128220042,2003,"10",9,"Fall",95,0.947443501064273,0.961677064600637
"01633000",2003-10-10,275,0.964912280701754,1.01231148045552,2003,"10",10,"Fall",95,0.947443501064273,0.961677064600637
"01633000",2003-10-11,265,0.963636363636364,0.998677685950413,2003,"10",11,"Fall",95,0.947443501064273,0.961677064600637
"01633000",2003-10-12,257,0.969811320754717,1.0064079743681,2003,"10",12,"Fall",95,0.947443501064273,0.961677064600637
"01633000",2003-10-13,248,0.964980544747082,0.995018849641933,2003,"10",13,"Fall",95,0.947443501064273,0.961677064600637
"01633000",2003-10-14,245,0.987903225806452,1.02375455254943,2003,"10",14,"Fall",95,0.947443501064273,0.961677064600637
"01633000",2003-12-27,997,0.810569105691057,0.995088902108533,2003,"12",27,"Winter",96,0.958218663362536,0.953705062759987
"01633000",2003-12-28,840,0.842527582748245,1.03942720840556,2003,"12",28,"Winter",96,0.958218663362536,0.953705062759987
"01633000",2003-12-29,735,0.875,1.03854166666667,2003,"12",29,"Winter",96,0.958218663362536,0.953705062759987
"01633000",2003-12-30,667,0.907482993197279,1.03712342079689,2003,"12",30,"Winter",96,0.958218663362536,0.953705062759987
"01633000",2003-12-31,591,0.886056971514243,0.97638961628631,2003,"12",31,"Winter",96,0.958218663362536,0.953705062759987
"01633000",2004-01-01,536,0.906937394247039,1.02356555323651,2004,"01",1,"Winter",96,0.958218663362536,0.953705062759987
"01633000",2004-01-02,495,0.923507462686567,1.01827035531299,2004,"01",2,"Winter",96,0.958218663362536,0.953705062759987
"01633000",2004-01-03,470,0.94949494949495,1.02813998571574,2004,"01",3,"Winter",96,0.958218663362536,0.953705062759987
"01633000",2004-01-04,450,0.957446808510638,1.00837483023993,2004,"01",4,"Winter",96,0.958218663362536,0.953705062759987
"01633000",2004-01-05,430,0.955555555555556,0.998024691358025,2004,"01",5,"Winter",96,0.958218663362536,0.953705062759987
"01633000",2004-01-06,410,0.953488372093023,0.997836668469443,2004,"01",6,"Winter",96,0.958218663362536,0.953705062759987
"01633000",2004-01-07,374,0.91219512195122,0.95669244497323,2004,"01",7,"Winter",96,0.958218663362536,0.953705062759987
"01633000",2004-01-08,350,0.935828877005348,1.02590866195773,2004,"01",8,"Winter",96,0.958218663362536,0.953705062759987
"01633000",2004-01-09,342,0.977142857142857,1.04414693877551,2004,"01",9,"Winter",96,0.958218663362536,0.953705062759987
"01633000",2004-01-10,327,0.956140350877193,0.978506207038063,2004,"01",10,"Winter",96,0.958218663362536,0.953705062759987
"01633000",2004-01-11,302,0.923547400611621,0.965911960272704,2004,"01",11,"Winter",96,0.958218663362536,0.953705062759987
"01633000",2004-01-12,309,1.02317880794702,1.10787904039297,2004,"01",12,"Winter",96,0.958218663362536,0.953705062759987
"01633000",2004-01-13,304,0.983818770226537,0.961531613619463,2004,"01",13,"Winter",96,0.958218663362536,0.953705062759987
"01633000",2004-01-14,291,0.957236842105263,0.972980869113573,2004,"01",14,"Winter",96,0.958218663362536,0.953705062759987
"01633000",2004-01-15,284,0.975945017182131,1.01954393547549,2004,"01",15,"Winter",96,0.958218663362536,0.953705062759987
"01633000",2004-01-16,266,0.936619718309859,0.959705415592144,2004,"01",16,"Winter",96,0.958218663362536,0.953705062759987
"01633000",2004-01-17,250,0.93984962406015,1.00344847080106,2004,"01",17,"Winter",96,0.958218663362536,0.953705062759987
"01633000",2004-01-18,245,0.98,1.04272,2004,"01",18,"Winter",96,0.958218663362536,0.953705062759987
"01633000",2004-01-19,240,0.979591836734694,0.999583506872137,2004,"01",19,"Winter",96,0.958218663362536,0.953705062759987
"01633000",2004-01-20,234,0.975,0.9953125,2004,"01",20,"Winter",96,0.958218663362536,0.953705062759987
"01633000",2004-01-21,214,0.914529914529915,0.937979399517861,2004,"01",21,"Winter",96,0.958218663362536,0.953705062759987
"01633000",2004-01-22,210,0.981308411214953,1.07301947768364,2004,"01",22,"Winter",96,0.958218663362536,0.953705062759987
"01633000",2004-01-23,200,0.952380952380952,0.970521541950113,2004,"01",23,"Winter",96,0.958218663362536,0.953705062759987
"01633000",2004-01-24,195,0.975,1.02375,2004,"01",24,"Winter",96,0.958218663362536,0.953705062759987
"01633000",2004-01-25,192,0.984615384615385,1.00986193293886,2004,"01",25,"Winter",96,0.958218663362536,0.953705062759987
"01633000",2004-01-26,188,0.979166666666667,0.994466145833333,2004,"01",26,"Winter",96,0.958218663362536,0.953705062759987
"01633000",2004-01-27,185,0.984042553191489,1.00497962879131,2004,"01",27,"Winter",96,0.958218663362536,0.953705062759987
"01633000",2004-01-28,180,0.972972972972973,0.988750913075237,2004,"01",28,"Winter",96,0.958218663362536,0.953705062759987
"01633000",2004-01-29,175,0.972222222222222,0.999228395061728,2004,"01",29,"Winter",96,0.958218663362536,0.953705062759987
"01633000",2004-01-30,170,0.971428571428571,0.999183673469388,2004,"01",30,"Winter",96,0.958218663362536,0.953705062759987
"01633000",2004-01-31,165,0.970588235294118,0.999134948096886,2004,"01",31,"Winter",96,0.958218663362536,0.953705062759987
"01633000",2004-10-04,588,0.82468443197756,1.00859021694871,2004,"10",4,"Fall",97,0.952035591961931,0.849825774784144
"01633000",2004-10-05,495,0.841836734693878,1.02079862557268,2004,"10",5,"Fall",97,0.952035591961931,0.849825774784144
"01633000",2004-10-06,431,0.870707070707071,1.03429445974901,2004,"10",6,"Fall",97,0.952035591961931,0.849825774784144
"01633000",2004-10-07,384,0.890951276102088,1.02325030550008,2004,"10",7,"Fall",97,0.952035591961931,0.849825774784144
"01633000",2004-10-08,346,0.901041666666667,1.01132541232639,2004,"10",8,"Fall",97,0.952035591961931,0.849825774784144
"01633000",2004-10-09,317,0.916184971098266,1.01680644191253,2004,"10",9,"Fall",97,0.952035591961931,0.849825774784144
"01633000",2004-10-10,293,0.924290220820189,1.00884673944412,2004,"10",10,"Fall",97,0.952035591961931,0.849825774784144
"01633000",2004-10-11,273,0.931740614334471,1.00806066465538,2004,"10",11,"Fall",97,0.952035591961931,0.849825774784144
"01633000",2004-10-12,255,0.934065934065934,1.00249567282534,2004,"10",12,"Fall",97,0.952035591961931,0.849825774784144
"01633000",2004-10-13,247,0.968627450980392,1.03700115340254,2004,"10",13,"Fall",97,0.952035591961931,0.849825774784144
"01633000",2004-10-14,266,1.07692307692308,1.1118031765805,2004,"10",14,"Fall",97,0.952035591961931,0.849825774784144
"01633000",2004-10-15,243,0.913533834586466,0.84828141783029,2004,"10",15,"Fall",97,0.952035591961931,0.849825774784144
"01633000",2004-10-16,224,0.921810699588477,1.00906027197751,2004,"10",16,"Fall",97,0.952035591961931,0.849825774784144
"01633000",2004-10-17,214,0.955357142857143,1.0363919005102,2004,"10",17,"Fall",97,0.952035591961931,0.849825774784144
"01633000",2004-10-18,201,0.939252336448598,0.983142632544327,2004,"10",18,"Fall",97,0.952035591961931,0.849825774784144
"01633000",2004-10-19,194,0.965174129353234,1.02759832677409,2004,"10",19,"Fall",97,0.952035591961931,0.849825774784144
"01633000",2004-10-20,195,1.00515463917526,1.04142310553725,2004,"10",20,"Fall",97,0.952035591961931,0.849825774784144
"01633000",2004-10-21,205,1.05128205128205,1.04589086127548,2004,"10",21,"Fall",97,0.952035591961931,0.849825774784144
"01633000",2004-10-22,193,0.941463414634146,0.895538370017846,2004,"10",22,"Fall",97,0.952035591961931,0.849825774784144
"01633000",2004-10-23,184,0.953367875647668,1.0126446347553,2004,"10",23,"Fall",97,0.952035591961931,0.849825774784144
"01633000",2004-10-24,192,1.04347826086957,1.0945179584121,2004,"10",24,"Fall",97,0.952035591961931,0.849825774784144
"01633000",2004-10-25,208,1.08333333333333,1.03819444444444,2004,"10",25,"Fall",97,0.952035591961931,0.849825774784144
"01633000",2004-10-26,192,0.923076923076923,0.85207100591716,2004,"10",26,"Fall",97,0.952035591961931,0.849825774784144
"01633000",2004-10-27,180,0.9375,1.015625,2004,"10",27,"Fall",97,0.952035591961931,0.849825774784144
"01633000",2004-12-26,525,0.902061855670103,0.982658447585645,2004,"12",26,"Winter",98,0.960778787878755,0.944896392780404
"01633000",2004-12-27,485,0.923809523809524,1.02410884353742,2004,"12",27,"Winter",98,0.960778787878755,0.944896392780404
"01633000",2004-12-28,427,0.880412371134021,0.953023700712084,2004,"12",28,"Winter",98,0.960778787878755,0.944896392780404
"01633000",2004-12-29,410,0.960187353629977,1.09061092859611,2004,"12",29,"Winter",98,0.960778787878755,0.944896392780404
"01633000",2004-12-30,391,0.953658536585366,0.993200475907198,2004,"12",30,"Winter",98,0.960778787878755,0.944896392780404
"01633000",2004-12-31,373,0.953964194373402,1.00032051072403,2004,"12",31,"Winter",98,0.960778787878755,0.944896392780404
"01633000",2005-01-01,355,0.951742627345844,0.997671225984518,2005,"01",1,"Winter",98,0.960778787878755,0.944896392780404
"01633000",2005-01-02,334,0.940845070422535,0.988549890894664,2005,"01",2,"Winter",98,0.960778787878755,0.944896392780404
"01633000",2005-01-03,317,0.949101796407186,1.00877586145075,2005,"01",3,"Winter",98,0.960778787878755,0.944896392780404
"01633000",2005-01-04,306,0.965299684542587,1.01706654459692,2005,"01",4,"Winter",98,0.960778787878755,0.944896392780404
"01633000",2005-01-05,299,0.977124183006536,1.01224956213422,2005,"01",5,"Winter",98,0.960778787878755,0.944896392780404
"01633000",2005-01-06,294,0.983277591973244,1.0062974687084,2005,"01",6,"Winter",98,0.960778787878755,0.944896392780404
"01633000",2005-01-07,285,0.969387755102041,0.9858739414133,2005,"01",7,"Winter",98,0.960778787878755,0.944896392780404
"01633000",2005-01-08,280,0.982456140350877,1.0134810710988,2005,"01",8,"Winter",98,0.960778787878755,0.944896392780404
"01633000",2005-01-09,270,0.964285714285714,0.981505102040816,2005,"01",9,"Winter",98,0.960778787878755,0.944896392780404
"01633000",2005-01-10,260,0.962962962962963,0.998628257887517,2005,"01",10,"Winter",98,0.960778787878755,0.944896392780404
"01633000",2005-01-11,252,0.969230769230769,1.00650887573964,2005,"01",11,"Winter",98,0.960778787878755,0.944896392780404
"01633000",2005-01-12,248,0.984126984126984,1.01536911060721,2005,"01",12,"Winter",98,0.960778787878755,0.944896392780404
"01633000",2005-01-13,244,0.983870967741935,0.999739854318418,2005,"01",13,"Winter",98,0.960778787878755,0.944896392780404
"01633000",2005-02-01,234,0.959016393442623,0.982598763773179,2005,"02",1,"Winter",99,0.999346204900931,0.00968843563190416
"01633000",2005-02-02,225,0.961538461538462,1.0026298487837,2005,"02",2,"Winter",99,0.999346204900931,0.00968843563190416
"01633000",2005-02-03,223,0.991111111111111,1.03075555555556,2005,"02",3,"Winter",99,0.999346204900931,0.00968843563190416
"01633000",2005-02-04,224,1.00448430493274,1.01349313277967,2005,"02",4,"Winter",99,0.999346204900931,0.00968843563190416
"01633000",2005-02-05,223,0.995535714285714,0.991091358418367,2005,"02",5,"Winter",99,0.999346204900931,0.00968843563190416
"01633000",2005-02-06,218,0.977578475336323,0.98196223531541,2005,"02",6,"Winter",99,0.999346204900931,0.00968843563190416
"01633000",2005-02-07,213,0.977064220183486,0.999473950004208,2005,"02",7,"Winter",99,0.999346204900931,0.00968843563190416
"01633000",2005-02-08,211,0.990610328638498,1.01386409222156,2005,"02",8,"Winter",99,0.999346204900931,0.00968843563190416
"01633000",2005-02-09,216,1.02369668246445,1.03339996855417,2005,"02",9,"Winter",99,0.999346204900931,0.00968843563190416
"01633000",2005-02-10,226,1.0462962962963,1.02207647462277,2005,"02",10,"Winter",99,0.999346204900931,0.00968843563190416
"01633000",2005-02-11,220,0.973451327433628,0.93037825984807,2005,"02",11,"Winter",99,0.999346204900931,0.00968843563190416
"01633000",2005-02-12,211,0.959090909090909,0.985247933884298,2005,"02",12,"Winter",99,0.999346204900931,0.00968843563190416
"01633000",2005-02-13,208,0.985781990521327,1.02782956357674,2005,"02",13,"Winter",99,0.999346204900931,0.00968843563190416
"01633000",2005-02-14,215,1.03365384615385,1.04856231508876,2005,"02",14,"Winter",99,0.999346204900931,0.00968843563190416
"01633000",2005-02-15,222,1.03255813953488,0.998939967550027,2005,"02",15,"Winter",99,0.999346204900931,0.00968843563190416
"01633000",2005-02-16,222,1,0.968468468468468,2005,"02",16,"Winter",99,0.999346204900931,0.00968843563190416
"01633000",2005-02-17,221,0.995495495495496,0.995495495495496,2005,"02",17,"Winter",99,0.999346204900931,0.00968843563190416
"01633000",2005-02-18,216,0.97737556561086,0.981798079482402,2005,"02",18,"Winter",99,0.999346204900931,0.00968843563190416
"01633000",2005-02-19,209,0.967592592592593,0.989990569272977,2005,"02",19,"Winter",99,0.999346204900931,0.00968843563190416
"01633000",2005-02-20,206,0.985645933014354,1.01865799775646,2005,"02",20,"Winter",99,0.999346204900931,0.00968843563190416
"01633000",2005-02-21,209,1.01456310679612,1.02933829767179,2005,"02",21,"Winter",99,0.999346204900931,0.00968843563190416
"01633000",2005-02-22,252,1.20574162679426,1.18843433071587,2005,"02",22,"Winter",99,0.999346204900931,0.00968843563190416
"01633000",2005-02-23,248,0.984126984126984,0.816200554295792,2005,"02",23,"Winter",99,0.999346204900931,0.00968843563190416
"01633000",2005-02-24,244,0.983870967741935,0.999739854318418,2005,"02",24,"Winter",99,0.999346204900931,0.00968843563190416
"01633000",2005-04-27,344,0.924731182795699,0.984391259105099,2005,"04",27,"Spring",100,0.962391324390447,0.886606298572864
"01633000",2005-04-28,322,0.936046511627907,1.01223634396971,2005,"04",28,"Spring",100,0.962391324390447,0.886606298572864
"01633000",2005-04-29,302,0.937888198757764,1.00196751668531,2005,"04",29,"Spring",100,0.962391324390447,0.886606298572864
"01633000",2005-04-30,337,1.1158940397351,1.18979430726723,2005,"04",30,"Spring",100,0.962391324390447,0.886606298572864
"01633000",2005-05-01,401,1.18991097922849,1.06632972025817,2005,"05",1,"Spring",100,0.962391324390447,0.886606298572864
"01633000",2005-05-02,378,0.942643391521197,0.792196565941754,2005,"05",2,"Spring",100,0.962391324390447,0.886606298572864
"01633000",2005-05-03,365,0.965608465608466,1.02436241986507,2005,"05",3,"Spring",100,0.962391324390447,0.886606298572864
"01633000",2005-05-04,344,0.942465753424658,0.976033026834303,2005,"05",4,"Spring",100,0.962391324390447,0.886606298572864
"01633000",2005-05-05,316,0.918604651162791,0.974682260681449,2005,"05",5,"Spring",100,0.962391324390447,0.886606298572864
"01633000",2005-05-06,292,0.924050632911392,1.00592853709341,2005,"05",6,"Spring",100,0.962391324390447,0.886606298572864
"01633000",2005-05-07,278,0.952054794520548,1.03030587352224,2005,"05",7,"Spring",100,0.962391324390447,0.886606298572864
"01633000",2005-05-08,269,0.967625899280576,1.01635526111485,2005,"05",8,"Spring",100,0.962391324390447,0.886606298572864
"01633000",2005-05-09,251,0.933085501858736,0.964303975898619,2005,"05",9,"Spring",100,0.962391324390447,0.886606298572864
"01633000",2005-05-10,234,0.932270916334661,0.999126997984159,2005,"05",10,"Spring",100,0.962391324390447,0.886606298572864
"01633000",2005-05-11,219,0.935897435897436,1.00388998465922,2005,"05",11,"Spring",100,0.962391324390447,0.886606298572864
"01633000",2005-05-12,210,0.958904109589041,1.02458247325952,2005,"05",12,"Spring",100,0.962391324390447,0.886606298572864
"01633000",2005-05-13,200,0.952380952380952,0.993197278911565,2005,"05",13,"Spring",100,0.962391324390447,0.886606298572864
"01633000",2005-05-14,193,0.965,1.01325,2005,"05",14,"Spring",100,0.962391324390447,0.886606298572864
"01633000",2005-05-15,191,0.989637305699482,1.02553088673521,2005,"05",15,"Spring",100,0.962391324390447,0.886606298572864
"01633000",2005-05-16,182,0.952879581151832,0.962857377813108,2005,"05",16,"Spring",100,0.962391324390447,0.886606298572864
"01633000",2005-05-17,172,0.945054945054945,0.991788431348871,2005,"05",17,"Spring",100,0.962391324390447,0.886606298572864
"01633000",2005-05-18,163,0.947674418604651,1.00277176852353,2005,"05",18,"Spring",100,0.962391324390447,0.886606298572864
"01633000",2005-05-19,156,0.957055214723926,1.00989875418721,2005,"05",19,"Spring",100,0.962391324390447,0.886606298572864
"01633000",2006-02-21,473,0.913127413127413,1.02065786139145,2006,"02",21,"Winter",101,0.969130965457746,0.925578019307396
"01633000",2006-02-22,437,0.923890063424947,1.01178658108694,2006,"02",22,"Winter",101,0.969130965457746,0.925578019307396
"01633000",2006-02-23,409,0.935926773455378,1.0130282925501,2006,"02",23,"Winter",101,0.969130965457746,0.925578019307396
"01633000",2006-02-24,367,0.897310513447433,0.958740084050191,2006,"02",24,"Winter",101,0.969130965457746,0.925578019307396
"01633000",2006-02-25,332,0.904632152588556,1.00815953789842,2006,"02",25,"Winter",101,0.969130965457746,0.925578019307396
"01633000",2006-02-26,310,0.933734939759036,1.03217085208303,2006,"02",26,"Winter",101,0.969130965457746,0.925578019307396
"01633000",2006-02-27,289,0.932258064516129,0.998418314255983,2006,"02",27,"Winter",101,0.969130965457746,0.925578019307396
"01633000",2006-02-28,278,0.961937716262976,1.03183630464195,2006,"02",28,"Winter",101,0.969130965457746,0.925578019307396
"01633000",2006-03-01,272,0.97841726618705,1.01713161844625,2006,"03",1,"Spring",101,0.969130965457746,0.925578019307396
"01633000",2006-03-02,263,0.966911764705882,0.988240700692042,2006,"03",2,"Spring",101,0.969130965457746,0.925578019307396
"01633000",2006-03-03,251,0.954372623574145,0.987031762783906,2006,"03",3,"Spring",101,0.969130965457746,0.925578019307396
"01633000",2006-03-04,236,0.940239043824701,0.985190711258551,2006,"03",4,"Spring",101,0.969130965457746,0.925578019307396
"01633000",2006-03-05,226,0.957627118644068,1.01849324906636,2006,"03",5,"Spring",101,0.969130965457746,0.925578019307396
"01633000",2006-03-06,220,0.973451327433628,1.01652439501919,2006,"03",6,"Spring",101,0.969130965457746,0.925578019307396
"01633000",2006-03-07,218,0.990909090909091,1.01793388429752,2006,"03",7,"Spring",101,0.969130965457746,0.925578019307396
"01633000",2006-03-08,208,0.954128440366973,0.962881912296945,2006,"03",8,"Spring",101,0.969130965457746,0.925578019307396
"01633000",2006-03-09,201,0.966346153846154,1.0128051035503,2006,"03",9,"Spring",101,0.969130965457746,0.925578019307396
"01633000",2006-03-10,195,0.970149253731343,1.00393554614985,2006,"03",10,"Spring",101,0.969130965457746,0.925578019307396
"01633000",2006-03-11,188,0.964102564102564,0.993767258382643,2006,"03",11,"Spring",101,0.969130965457746,0.925578019307396
"01633000",2006-03-12,182,0.968085106382979,1.00413082842915,2006,"03",12,"Spring",101,0.969130965457746,0.925578019307396
"01633000",2006-03-13,181,0.994505494505495,1.02729138992875,2006,"03",13,"Spring",101,0.969130965457746,0.925578019307396
"01633000",2006-03-14,177,0.977900552486188,0.983303317969537,2006,"03",14,"Spring",101,0.969130965457746,0.925578019307396
"01633000",2006-03-15,167,0.943502824858757,0.964824922595678,2006,"03",15,"Spring",101,0.969130965457746,0.925578019307396
"01633000",2006-03-16,162,0.970059880239521,1.02814729821794,2006,"03",16,"Spring",101,0.969130965457746,0.925578019307396
"01633000",2006-03-17,160,0.987654320987654,1.01813747904283,2006,"03",17,"Spring",101,0.969130965457746,0.925578019307396
"01633000",2006-03-18,157,0.98125,0.993515625,2006,"03",18,"Spring",101,0.969130965457746,0.925578019307396
"01633000",2006-03-19,153,0.974522292993631,0.993143738082681,2006,"03",19,"Spring",101,0.969130965457746,0.925578019307396
"01633000",2006-03-20,150,0.980392156862745,1.00602332436242,2006,"03",20,"Spring",101,0.969130965457746,0.925578019307396
"01633000",2006-03-21,148,0.986666666666667,1.0064,2006,"03",21,"Spring",101,0.969130965457746,0.925578019307396
"01633000",2006-03-22,148,1,1.01351351351351,2006,"03",22,"Spring",101,0.969130965457746,0.925578019307396
"01633000",2006-03-23,143,0.966216216216216,0.966216216216216,2006,"03",23,"Spring",101,0.969130965457746,0.925578019307396
"01633000",2006-03-24,141,0.986013986013986,1.02048999951098,2006,"03",24,"Spring",101,0.969130965457746,0.925578019307396
"01633000",2006-03-25,139,0.985815602836879,0.999798802877119,2006,"03",25,"Spring",101,0.969130965457746,0.925578019307396
"01633000",2006-03-26,138,0.992805755395683,1.00709073029346,2006,"03",26,"Spring",101,0.969130965457746,0.925578019307396
"01633000",2006-03-27,135,0.978260869565217,0.985349716446125,2006,"03",27,"Spring",101,0.969130965457746,0.925578019307396
"01633000",2006-03-28,131,0.97037037037037,0.991934156378601,2006,"03",28,"Spring",101,0.969130965457746,0.925578019307396
"01633000",2006-03-29,133,1.01526717557252,1.04626770001748,2006,"03",29,"Spring",101,0.969130965457746,0.925578019307396
"01633000",2006-03-30,129,0.969924812030075,0.955339476510826,2006,"03",30,"Spring",101,0.969130965457746,0.925578019307396
"01633000",2006-03-31,124,0.961240310077519,0.991046211165194,2006,"03",31,"Spring",101,0.969130965457746,0.925578019307396
"01633000",2006-04-01,123,0.991935483870968,1.03193288241415,2006,"04",1,"Spring",101,0.969130965457746,0.925578019307396
"01633000",2006-04-02,122,0.991869918699187,0.999933901778042,2006,"04",2,"Spring",101,0.969130965457746,0.925578019307396
"01633000",2006-07-31,150,0.9375,1.0078125,2006,"07",31,"Summer",102,0.96477440226656,0.980398133276696
"01633000",2006-08-01,174,1.16,1.23733333333333,2006,"08",1,"Summer",102,0.96477440226656,0.980398133276696
"01633000",2006-08-02,137,0.78735632183908,0.678755449861276,2006,"08",2,"Summer",102,0.96477440226656,0.980398133276696
"01633000",2006-08-03,128,0.934306569343066,1.1866375406255,2006,"08",3,"Summer",102,0.96477440226656,0.980398133276696
"01633000",2006-08-04,121,0.9453125,1.01177978515625,2006,"08",4,"Summer",102,0.96477440226656,0.980398133276696
"01633000",2006-08-05,113,0.933884297520661,0.987910661840038,2006,"08",5,"Summer",102,0.96477440226656,0.980398133276696
"01633000",2006-08-06,106,0.938053097345133,1.00446393609523,2006,"08",6,"Summer",102,0.96477440226656,0.980398133276696
"01633000",2006-08-07,101,0.952830188679245,1.01575293698825,2006,"08",7,"Summer",102,0.96477440226656,0.980398133276696
"01633000",2006-08-08,96.4,0.954455445544555,1.00170571512597,2006,"08",8,"Summer",102,0.96477440226656,0.980398133276696
"01633000",2006-08-09,91.9,0.953319502074689,0.998809851758751,2006,"08",9,"Summer",102,0.96477440226656,0.980398133276696
"01633000",2006-08-10,92,1.00108813928183,1.05010768908344,2006,"08",10,"Summer",102,0.96477440226656,0.980398133276696
"01633000",2006-08-11,92,1,0.998913043478261,2006,"08",11,"Summer",102,0.96477440226656,0.980398133276696
"01633000",2006-08-12,86.6,0.941304347826087,0.941304347826087,2006,"08",12,"Summer",102,0.96477440226656,0.980398133276696
"01633000",2006-08-13,83.1,0.959584295612009,1.01941980596195,2006,"08",13,"Summer",102,0.96477440226656,0.980398133276696
"01633000",2006-08-14,81.6,0.981949458483754,1.02330713724059,2006,"08",14,"Summer",102,0.96477440226656,0.980398133276696
"01633000",2006-08-15,77.5,0.949754901960784,0.96721363177624,2006,"08",15,"Summer",102,0.96477440226656,0.980398133276696
"01633000",2006-08-16,76.3,0.984516129032258,1.03660020811655,2006,"08",16,"Summer",102,0.96477440226656,0.980398133276696
"01633000",2006-08-17,72.3,0.947575360419397,0.962478249443031,2006,"08",17,"Summer",102,0.96477440226656,0.980398133276696
"01633000",2006-08-18,69.7,0.964038727524205,1.01737420345915,2006,"08",18,"Summer",102,0.96477440226656,0.980398133276696
"01633000",2006-08-19,67.9,0.974175035868006,1.01051442027628,2006,"08",19,"Summer",102,0.96477440226656,0.980398133276696
"01633000",2006-08-20,67.9,1,1.02650957290133,2006,"08",20,"Summer",102,0.96477440226656,0.980398133276696
"01633000",2006-08-21,67,0.986745213549337,0.986745213549337,2006,"08",21,"Summer",102,0.96477440226656,0.980398133276696
"01633000",2006-08-22,63.2,0.943283582089552,0.955954555580308,2006,"08",22,"Summer",102,0.96477440226656,0.980398133276696
"01633000",2006-08-23,58.8,0.930379746835443,0.986320301233777,2006,"08",23,"Summer",102,0.96477440226656,0.980398133276696
"01633000",2006-08-24,57.9,0.98469387755102,1.05837845342219,2006,"08",24,"Summer",102,0.96477440226656,0.980398133276696
"01633000",2006-08-25,56,0.967184801381693,0.982218762024931,2006,"08",25,"Summer",102,0.96477440226656,0.980398133276696
"01633000",2006-08-26,54.5,0.973214285714286,1.00623405612245,2006,"08",26,"Summer",102,0.96477440226656,0.980398133276696
"01633000",2006-10-13,319,0.830729166666667,1.01461452907986,2006,"10",13,"Fall",103,0.959180529861405,0.848956588072586
"01633000",2006-10-14,276,0.865203761755486,1.04149919910378,2006,"10",14,"Fall",103,0.959180529861405,0.848956588072586
"01633000",2006-10-15,248,0.898550724637681,1.03854232304138,2006,"10",15,"Fall",103,0.959180529861405,0.848956588072586
"01633000",2006-10-16,223,0.899193548387097,1.00071540062435,2006,"10",16,"Fall",103,0.959180529861405,0.848956588072586
"01633000",2006-10-17,232,1.04035874439462,1.1569908906272,2006,"10",17,"Fall",103,0.959180529861405,0.848956588072586
"01633000",2006-10-18,282,1.21551724137931,1.16836355529132,2006,"10",18,"Fall",103,0.959180529861405,0.848956588072586
"01633000",2006-10-19,262,0.929078014184397,0.764347869825462,2006,"10",19,"Fall",103,0.959180529861405,0.848956588072586
"01633000",2006-10-20,244,0.931297709923664,1.00238913816211,2006,"10",20,"Fall",103,0.959180529861405,0.848956588072586
"01633000",2006-10-21,224,0.918032786885246,0.985756517065305,2006,"10",21,"Fall",103,0.959180529861405,0.848956588072586
"01633000",2006-10-22,211,0.941964285714286,1.02606823979592,2006,"10",22,"Fall",103,0.959180529861405,0.848956588072586
"01633000",2006-10-23,199,0.943127962085308,1.00123537207161,2006,"10",23,"Fall",103,0.959180529861405,0.848956588072586
"01633000",2006-10-24,187,0.939698492462312,0.996363728188682,2006,"10",24,"Fall",103,0.959180529861405,0.848956588072586
"01633000",2006-10-25,178,0.951871657754011,1.01295433097887,2006,"10",25,"Fall",103,0.959180529861405,0.848956588072586
"01633000",2006-10-26,168,0.943820224719101,0.991541472036359,2006,"10",26,"Fall",103,0.959180529861405,0.848956588072586
"01633000",2006-12-04,380,0.922330097087379,1.02307003487605,2006,"12",4,"Winter",104,0.963424523003083,0.974720347369649
"01633000",2006-12-05,355,0.934210526315789,1.01288088642659,2006,"12",5,"Winter",104,0.963424523003083,0.974720347369649
"01633000",2006-12-06,336,0.946478873239437,1.01313231501686,2006,"12",6,"Winter",104,0.963424523003083,0.974720347369649
"01633000",2006-12-07,319,0.949404761904762,1.00309134070295,2006,"12",7,"Winter",104,0.963424523003083,0.974720347369649
"01633000",2006-12-08,301,0.943573667711599,0.99385815784043,2006,"12",8,"Winter",104,0.963424523003083,0.974720347369649
"01633000",2006-12-09,281,0.933554817275748,0.989382015651041,2006,"12",9,"Winter",104,0.963424523003083,0.974720347369649
"01633000",2006-12-10,270,0.96085409252669,1.0292422841656,2006,"12",10,"Winter",104,0.963424523003083,0.974720347369649
"01633000",2006-12-11,261,0.966666666666667,1.00604938271605,2006,"12",11,"Winter",104,0.963424523003083,0.974720347369649
"01633000",2006-12-12,253,0.969348659003831,1.00277447483155,2006,"12",12,"Winter",104,0.963424523003083,0.974720347369649
"01633000",2006-12-13,249,0.984189723320158,1.01531034698246,2006,"12",13,"Winter",104,0.963424523003083,0.974720347369649
"01633000",2006-12-14,246,0.987951807228916,1.00382251899163,2006,"12",14,"Winter",104,0.963424523003083,0.974720347369649
"01633000",2006-12-15,235,0.955284552845528,0.966934364465596,2006,"12",15,"Winter",104,0.963424523003083,0.974720347369649
"01633000",2006-12-16,227,0.965957446808511,1.01117247623359,2006,"12",16,"Winter",104,0.963424523003083,0.974720347369649
"01633000",2006-12-17,220,0.969162995594714,1.00331851966854,2006,"12",17,"Winter",104,0.963424523003083,0.974720347369649
"01633000",2006-12-18,213,0.968181818181818,0.998987603305785,2006,"12",18,"Winter",104,0.963424523003083,0.974720347369649
"01633000",2006-12-19,206,0.967136150234742,0.998919967378607,2006,"12",19,"Winter",104,0.963424523003083,0.974720347369649
"01633000",2006-12-20,199,0.966019417475728,0.998845320011311,2006,"12",20,"Winter",104,0.963424523003083,0.974720347369649
"01633000",2006-12-21,194,0.974874371859296,1.00916643519103,2006,"12",21,"Winter",104,0.963424523003083,0.974720347369649
"01633000",2007-01-14,458,0.921529175050302,0.993842329631714,2007,"01",14,"Winter",105,0.95881303025635,0.960662101720743
"01633000",2007-01-15,423,0.923580786026201,1.00222631147385,2007,"01",15,"Winter",105,0.95881303025635,0.960662101720743
"01633000",2007-01-16,396,0.936170212765957,1.0136311050752,2007,"01",16,"Winter",105,0.95881303025635,0.960662101720743
"01633000",2007-01-17,358,0.904040404040404,0.965679522497704,2007,"01",17,"Winter",105,0.95881303025635,0.960662101720743
"01633000",2007-01-18,328,0.916201117318436,1.01345151524609,2007,"01",18,"Winter",105,0.95881303025635,0.960662101720743
"01633000",2007-01-19,311,0.948170731707317,1.03489366448543,2007,"01",19,"Winter",105,0.95881303025635,0.960662101720743
"01633000",2007-01-20,297,0.954983922829582,1.00718561636046,2007,"01",20,"Winter",105,0.95881303025635,0.960662101720743
"01633000",2007-01-21,285,0.95959595959596,1.00482943917287,2007,"01",21,"Winter",105,0.95881303025635,0.960662101720743
"01633000",2007-01-22,279,0.978947368421053,1.02016620498615,2007,"01",22,"Winter",105,0.95881303025635,0.960662101720743
"01633000",2007-01-23,277,0.992831541218638,1.01418275715882,2007,"01",23,"Winter",105,0.95881303025635,0.960662101720743
"01633000",2007-01-24,265,0.956678700361011,0.963586127800441,2007,"01",24,"Winter",105,0.95881303025635,0.960662101720743
"01633000",2007-01-25,253,0.954716981132075,0.997949448202207,2007,"01",25,"Winter",105,0.95881303025635,0.960662101720743
"01633000",2007-01-26,237,0.936758893280632,0.98119014513584,2007,"01",26,"Winter",105,0.95881303025635,0.960662101720743
"01633000",2007-01-27,229,0.966244725738397,1.03147643718065,2007,"01",27,"Winter",105,0.95881303025635,0.960662101720743
"01633000",2007-01-28,229,1,1.03493449781659,2007,"01",28,"Winter",105,0.95881303025635,0.960662101720743
"01633000",2007-01-29,219,0.956331877729258,0.956331877729258,2007,"01",29,"Winter",105,0.95881303025635,0.960662101720743
"01633000",2007-01-30,207,0.945205479452055,0.988365547006943,2007,"01",30,"Winter",105,0.95881303025635,0.960662101720743
"01633000",2007-01-31,201,0.971014492753623,1.02730518798572,2007,"01",31,"Winter",105,0.95881303025635,0.960662101720743
"01633000",2007-02-01,196,0.975124378109453,1.00423256850078,2007,"02",1,"Winter",105,0.95881303025635,0.960662101720743
"01633000",2007-02-02,193,0.98469387755102,1.00981361932528,2007,"02",2,"Winter",105,0.95881303025635,0.960662101720743
"01633000",2007-02-03,192,0.994818652849741,1.01028215522564,2007,"02",3,"Winter",105,0.95881303025635,0.960662101720743
"01633000",2007-03-23,986,0.814876033057851,0.983238849805341,2007,"03",23,"Spring",106,0.9408096239434,0.954607078059318
"01633000",2007-03-24,842,0.85395537525355,1.04795740776551,2007,"03",24,"Spring",106,0.9408096239434,0.954607078059318
"01633000",2007-03-25,738,0.876484560570071,1.02638215762719,2007,"03",25,"Spring",106,0.9408096239434,0.954607078059318
"01633000",2007-03-26,641,0.868563685636856,0.990962904208988,2007,"03",26,"Spring",106,0.9408096239434,0.954607078059318
"01633000",2007-03-27,592,0.923556942277691,1.06331516911222,2007,"03",27,"Spring",106,0.9408096239434,0.954607078059318
"01633000",2007-03-28,547,0.923986486486487,1.00046509769905,2007,"03",28,"Spring",106,0.9408096239434,0.954607078059318
"01633000",2007-03-29,509,0.930530164533821,1.00708200622307,2007,"03",29,"Spring",106,0.9408096239434,0.954607078059318
"01633000",2007-03-30,467,0.917485265225933,0.985981218229048,2007,"03",30,"Spring",106,0.9408096239434,0.954607078059318
"01633000",2007-03-31,436,0.933618843683084,1.01758456409998,2007,"03",31,"Spring",106,0.9408096239434,0.954607078059318
"01633000",2007-04-01,420,0.963302752293578,1.03179446174564,2007,"04",1,"Spring",106,0.9408096239434,0.954607078059318
"01633000",2007-04-02,416,0.990476190476191,1.02820861678005,2007,"04",2,"Spring",106,0.9408096239434,0.954607078059318
"01633000",2007-04-03,395,0.949519230769231,0.958649223372781,2007,"04",3,"Spring",106,0.9408096239434,0.954607078059318
"01633000",2007-04-04,367,0.929113924050633,0.978509854190034,2007,"04",4,"Spring",106,0.9408096239434,0.954607078059318
"01633000",2007-04-05,346,0.942779291553134,1.01470795684874,2007,"04",5,"Spring",106,0.9408096239434,0.954607078059318
"01633000",2007-04-06,331,0.956647398843931,1.01470981322463,2007,"04",6,"Spring",106,0.9408096239434,0.954607078059318
"01633000",2007-04-07,319,0.963746223564955,1.00742052372651,2007,"04",7,"Spring",106,0.9408096239434,0.954607078059318
"01633000",2007-04-08,306,0.959247648902821,0.995332199958727,2007,"04",8,"Spring",106,0.9408096239434,0.954607078059318
"01633000",2007-04-09,291,0.950980392156863,0.991381519928233,2007,"04",9,"Spring",106,0.9408096239434,0.954607078059318
"01633000",2007-04-10,278,0.9553264604811,1.00457009246466,2007,"04",10,"Spring",106,0.9408096239434,0.954607078059318
"01633000",2007-04-11,267,0.960431654676259,1.00534392629781,2007,"04",11,"Spring",106,0.9408096239434,0.954607078059318
"01633000",2007-04-21,584,0.837876614060258,1.01819439326978,2007,"04",21,"Spring",107,0.958324035331403,0.968624139077062
"01633000",2007-04-22,510,0.873287671232877,1.04226285419403,2007,"04",22,"Spring",107,0.958324035331403,0.968624139077062
"01633000",2007-04-23,458,0.898039215686275,1.02834294502115,2007,"04",23,"Spring",107,0.958324035331403,0.968624139077062
"01633000",2007-04-24,422,0.921397379912664,1.02601018287218,2007,"04",24,"Spring",107,0.958324035331403,0.968624139077062
"01633000",2007-04-25,395,0.936018957345972,1.01586891579255,2007,"04",25,"Spring",107,0.958324035331403,0.968624139077062
"01633000",2007-04-26,367,0.929113924050633,0.992622977087005,2007,"04",26,"Spring",107,0.958324035331403,0.968624139077062
"01633000",2007-04-27,570,1.55313351498638,1.67162871503983,2007,"04",27,"Spring",107,0.958324035331403,0.968624139077062
"01633000",2007-04-28,495,0.868421052631579,0.559141274238227,2007,"04",28,"Spring",107,0.958324035331403,0.968624139077062
"01633000",2007-04-29,424,0.856565656565657,0.986348331802877,2007,"04",29,"Spring",107,0.958324035331403,0.968624139077062
"01633000",2007-04-30,385,0.908018867924528,1.06006919722321,2007,"04",30,"Spring",107,0.958324035331403,0.968624139077062
"01633000",2007-05-01,364,0.945454545454545,1.04122786304604,2007,"05",1,"Spring",107,0.958324035331403,0.968624139077062
"01633000",2007-05-02,342,0.93956043956044,0.99376584953508,2007,"05",2,"Spring",107,0.958324035331403,0.968624139077062
"01633000",2007-05-03,321,0.93859649122807,0.998974043295373,2007,"05",3,"Spring",107,0.958324035331403,0.968624139077062
"01633000",2007-05-04,308,0.959501557632399,1.02227268757097,2007,"05",4,"Spring",107,0.958324035331403,0.968624139077062
"01633000",2007-05-05,291,0.944805194805195,0.984683336144375,2007,"05",5,"Spring",107,0.958324035331403,0.968624139077062
"01633000",2007-05-06,283,0.972508591065292,1.02932180772546,2007,"05",6,"Spring",107,0.958324035331403,0.968624139077062
"01633000",2007-05-07,262,0.925795053003534,0.951965937894093,2007,"05",7,"Spring",107,0.958324035331403,0.968624139077062
"01633000",2007-05-08,246,0.938931297709924,1.01418914981644,2007,"05",8,"Spring",107,0.958324035331403,0.968624139077062
"01633000",2007-05-09,235,0.955284552845528,1.01741688148589,2007,"05",9,"Spring",107,0.958324035331403,0.968624139077062
"01633000",2007-05-10,226,0.961702127659574,1.006717971933,2007,"05",10,"Spring",107,0.958324035331403,0.968624139077062
"01633000",2007-05-11,216,0.955752212389381,0.993813141201347,2007,"05",11,"Spring",107,0.958324035331403,0.968624139077062
"01633000",2007-05-12,208,0.962962962962963,1.00754458161866,2007,"05",12,"Spring",107,0.958324035331403,0.968624139077062
"01633000",2007-05-13,201,0.966346153846154,1.00351331360947,2007,"05",13,"Spring",107,0.958324035331403,0.968624139077062
"01633000",2007-05-14,195,0.970149253731343,1.00393554614985,2007,"05",14,"Spring",107,0.958324035331403,0.968624139077062
"01633000",2007-05-15,184,0.943589743589744,0.972623274161736,2007,"05",15,"Spring",107,0.958324035331403,0.968624139077062
"01633000",2007-05-16,176,0.956521739130435,1.01370510396975,2007,"05",16,"Spring",107,0.958324035331403,0.968624139077062
"01633000",2007-05-17,173,0.982954545454545,1.02763429752066,2007,"05",17,"Spring",107,0.958324035331403,0.968624139077062
"01633000",2008-02-16,402,0.899328859060403,1.00193684969146,2008,"02",16,"Winter",108,0.939520706774415,0.981308259031735
"01633000",2008-02-17,360,0.895522388059702,0.99576743149922,2008,"02",17,"Winter",108,0.939520706774415,0.981308259031735
"01633000",2008-02-18,342,0.95,1.06083333333333,2008,"02",18,"Winter",108,0.939520706774415,0.981308259031735
"01633000",2008-02-19,319,0.932748538011696,0.981840566328101,2008,"02",19,"Winter",108,0.939520706774415,0.981308259031735
"01633000",2008-02-20,285,0.893416927899687,0.957832568469256,2008,"02",20,"Winter",108,0.939520706774415,0.981308259031735
"01633000",2008-02-21,259,0.908771929824561,1.01718682671591,2008,"02",21,"Winter",108,0.939520706774415,0.981308259031735
"01633000",2008-02-22,238,0.918918918918919,1.0111656057602,2008,"02",22,"Winter",108,0.939520706774415,0.981308259031735
"01633000",2008-02-23,226,0.949579831932773,1.03336628769155,2008,"02",23,"Winter",108,0.939520706774415,0.981308259031735
"01633000",2008-02-24,216,0.955752212389381,1.006500117472,2008,"02",24,"Winter",108,0.939520706774415,0.981308259031735
"01633000",2008-02-25,204,0.944444444444444,0.988168724279835,2008,"02",25,"Winter",108,0.939520706774415,0.981308259031735
"01633000",2008-02-26,191,0.936274509803922,0.991349480968858,2008,"02",26,"Winter",108,0.939520706774415,0.981308259031735
"01633000",2008-02-27,187,0.979057591623037,1.04569501932513,2008,"02",27,"Winter",108,0.939520706774415,0.981308259031735
"01633000",2008-02-28,174,0.93048128342246,0.950384626383368,2008,"02",28,"Winter",108,0.939520706774415,0.981308259031735
"01633000",2008-02-29,161,0.925287356321839,0.99441802087462,2008,"02",29,"Winter",108,0.939520706774415,0.981308259031735
"01633000",2008-03-01,154,0.956521739130435,1.03375641371861,2008,"03",1,"Spring",108,0.939520706774415,0.981308259031735
"01633000",2008-03-02,148,0.961038961038961,1.0047225501771,2008,"03",2,"Spring",108,0.939520706774415,0.981308259031735
"01633000",2008-03-03,141,0.952702702702703,0.991325785244704,2008,"03",3,"Spring",108,0.939520706774415,0.981308259031735
"01633000",2008-03-04,138,0.978723404255319,1.02731250943112,2008,"03",4,"Spring",108,0.939520706774415,0.981308259031735
"01633000",2008-05-28,338,0.936288088642659,1.02706394211217,2008,"05",28,"Spring",109,0.966472687854926,0.402814730012694
"01633000",2008-05-29,288,0.85207100591716,0.9100521690417,2008,"05",29,"Spring",109,0.966472687854926,0.402814730012694
"01633000",2008-05-30,253,0.878472222222222,1.03098476080247,2008,"05",30,"Spring",109,0.966472687854926,0.402814730012694
"01633000",2008-05-31,228,0.901185770750988,1.0258557390367,2008,"05",31,"Spring",109,0.966472687854926,0.402814730012694
"01633000",2008-06-01,211,0.925438596491228,1.02691212680825,2008,"06",1,"Summer",109,0.966472687854926,0.402814730012694
"01633000",2008-06-02,195,0.924170616113744,0.998629860066036,2008,"06",2,"Summer",109,0.966472687854926,0.402814730012694
"01633000",2008-06-03,176,0.902564102564103,0.976620644312952,2008,"06",3,"Summer",109,0.966472687854926,0.402814730012694
"01633000",2008-06-04,330,1.875,2.07741477272727,2008,"06",4,"Summer",109,0.966472687854926,0.402814730012694
"01633000",2008-06-05,558,1.69090909090909,0.901818181818182,2008,"06",5,"Summer",109,0.966472687854926,0.402814730012694
"01633000",2008-06-06,428,0.767025089605735,0.45361698847651,2008,"06",6,"Summer",109,0.966472687854926,0.402814730012694
"01633000",2008-06-07,326,0.761682242990654,0.993034326142021,2008,"06",7,"Summer",109,0.966472687854926,0.402814730012694
"01633000",2008-06-08,266,0.815950920245399,1.07124844743874,2008,"06",8,"Summer",109,0.966472687854926,0.402814730012694
"01633000",2008-06-09,228,0.857142857142857,1.05048335123523,2008,"06",9,"Summer",109,0.966472687854926,0.402814730012694
"01633000",2008-06-10,191,0.837719298245614,0.97733918128655,2008,"06",10,"Summer",109,0.966472687854926,0.402814730012694
"01633000",2008-06-11,168,0.879581151832461,1.04997121789425,2008,"06",11,"Summer",109,0.966472687854926,0.402814730012694
"01633000",2008-06-12,151,0.898809523809524,1.0218608276644,2008,"06",12,"Summer",109,0.966472687854926,0.402814730012694
"01633000",2008-06-13,139,0.920529801324503,1.02416560677163,2008,"06",13,"Summer",109,0.966472687854926,0.402814730012694
"01633000",2008-11-16,68.3,0.899868247694335,0.99353042367306,2008,"11",16,"Fall",110,0.957417688049863,0.859547069015368
"01633000",2008-11-17,65.5,0.95900439238653,1.0657164477619,2008,"11",17,"Fall",110,0.957417688049863,0.859547069015368
"01633000",2008-11-18,56.3,0.859541984732824,0.896285764232854,2008,"11",18,"Fall",110,0.957417688049863,0.859547069015368
"01633000",2008-11-19,49.6,0.880994671403197,1.0249582766769,2008,"11",19,"Fall",110,0.957417688049863,0.859547069015368
"01633000",2008-11-20,46.6,0.939516129032258,1.06642657388137,2008,"11",20,"Fall",110,0.957417688049863,0.859547069015368
"01633000",2008-11-21,44.6,0.957081545064378,1.01869623680672,2008,"11",21,"Fall",110,0.957417688049863,0.859547069015368
"01633000",2008-11-22,43.1,0.966367713004484,1.00970258802711,2008,"11",22,"Fall",110,0.957417688049863,0.859547069015368
"01633000",2008-11-23,43,0.997679814385151,1.03240184968858,2008,"11",23,"Fall",110,0.957417688049863,0.859547069015368
"01633000",2008-11-24,42.5,0.988372093023256,0.990670632774473,2008,"11",24,"Fall",110,0.957417688049863,0.859547069015368
"01633000",2008-11-25,41.7,0.981176470588235,0.992719723183391,2008,"11",25,"Fall",110,0.957417688049863,0.859547069015368
"01633000",2008-11-26,41.4,0.992805755395683,1.01185238859272,2008,"11",26,"Fall",110,0.957417688049863,0.859547069015368
"01633000",2008-11-27,38.4,0.927536231884058,0.934257508926696,2008,"11",27,"Fall",110,0.957417688049863,0.859547069015368
"01633000",2008-11-28,36.9,0.9609375,1.0360107421875,2008,"11",28,"Fall",110,0.957417688049863,0.859547069015368
"01633000",2008-11-29,35.1,0.951219512195122,0.989886972040452,2008,"11",29,"Fall",110,0.957417688049863,0.859547069015368
"01633000",2008-12-21,394,0.938095238095238,1.00733560090703,2008,"12",21,"Winter",111,0.907539135244603,0.949956678878507
"01633000",2008-12-22,331,0.84010152284264,0.895539694400783,2008,"12",22,"Winter",111,0.907539135244603,0.949956678878507
"01633000",2008-12-23,267,0.806646525679758,0.960177435401283,2008,"12",23,"Winter",111,0.907539135244603,0.949956678878507
"01633000",2008-12-24,238,0.891385767790262,1.10505127018194,2008,"12",24,"Winter",111,0.907539135244603,0.949956678878507
"01633000",2008-12-25,218,0.915966386554622,1.02757573617682,2008,"12",25,"Winter",111,0.907539135244603,0.949956678878507
"01633000",2008-12-26,192,0.880733944954128,0.961535224307718,2008,"12",26,"Winter",111,0.907539135244603,0.949956678878507
"01633000",2008-12-27,174,0.90625,1.02897135416667,2008,"12",27,"Winter",111,0.907539135244603,0.949956678878507
"01633000",2008-12-28,162,0.931034482758621,1.02734839476813,2008,"12",28,"Winter",111,0.907539135244603,0.949956678878507
"01633000",2008-12-29,149,0.919753086419753,0.987882944673068,2008,"12",29,"Winter",111,0.907539135244603,0.949956678878507
"01633000",2008-12-30,137,0.919463087248322,0.999684698887437,2008,"12",30,"Winter",111,0.907539135244603,0.949956678878507
"01633000",2008-12-31,128,0.934306569343066,1.01614364111034,2008,"12",31,"Winter",111,0.907539135244603,0.949956678878507
"01633000",2009-01-01,119,0.9296875,0.99505615234375,2009,"01",1,"Winter",111,0.907539135244603,0.949956678878507
"01633000",2009-01-02,116,0.974789915966387,1.04851352305628,2009,"01",2,"Winter",111,0.907539135244603,0.949956678878507
"01633000",2009-01-03,111,0.956896551724138,0.981643876337693,2009,"01",3,"Winter",111,0.907539135244603,0.949956678878507
"01633000",2009-01-10,521,0.709809264305177,1.0250651500865,2009,"01",10,"Winter",112,0.921897171410771,0.938553923672656
"01633000",2009-01-11,439,0.842610364683301,1.1870940646402,2009,"01",11,"Winter",112,0.921897171410771,0.938553923672656
"01633000",2009-01-12,380,0.865603644646925,1.02728815230307,2009,"01",12,"Winter",112,0.921897171410771,0.938553923672656
"01633000",2009-01-13,339,0.892105263157895,1.0306163434903,2009,"01",13,"Winter",112,0.921897171410771,0.938553923672656
"01633000",2009-01-14,307,0.905604719764012,1.01513213424874,2009,"01",14,"Winter",112,0.921897171410771,0.938553923672656
"01633000",2009-01-15,275,0.895765472312704,0.989135163237806,2009,"01",15,"Winter",112,0.921897171410771,0.938553923672656
"01633000",2009-01-16,237,0.861818181818182,0.962102479338843,2009,"01",16,"Winter",112,0.921897171410771,0.938553923672656
"01633000",2009-01-17,202,0.852320675105485,0.988979686303833,2009,"01",17,"Winter",112,0.921897171410771,0.938553923672656
"01633000",2009-01-18,210,1.03960396039604,1.21973335947456,2009,"01",18,"Winter",112,0.921897171410771,0.938553923672656
"01633000",2009-01-19,199,0.947619047619048,0.911519274376417,2009,"01",19,"Winter",112,0.921897171410771,0.938553923672656
"01633000",2009-01-20,180,0.904522613065327,0.954521350470948,2009,"01",20,"Winter",112,0.921897171410771,0.938553923672656
"01633000",2009-01-21,163,0.905555555555556,1.00114197530864,2009,"01",21,"Winter",112,0.921897171410771,0.938553923672656
"01633000",2009-01-22,160,0.98159509202454,1.0839700402725,2009,"01",22,"Winter",112,0.921897171410771,0.938553923672656
"01633000",2009-01-23,157,0.98125,0.9996484375,2009,"01",23,"Winter",112,0.921897171410771,0.938553923672656
"01633000",2009-01-24,148,0.942675159235669,0.960688060367561,2009,"01",24,"Winter",112,0.921897171410771,0.938553923672656
"01633000",2009-01-25,134,0.905405405405405,0.960463842220599,2009,"01",25,"Winter",112,0.921897171410771,0.938553923672656
"01633000",2009-01-26,128,0.955223880597015,1.05502339051014,2009,"01",26,"Winter",112,0.921897171410771,0.938553923672656
"01633000",2009-01-27,125,0.9765625,1.0223388671875,2009,"01",27,"Winter",112,0.921897171410771,0.938553923672656
"01633000",2009-02-17,155,0.974842767295597,0.974842767295597,2009,"02",17,"Winter",113,0.972226017386648,0.990048966324666
"01633000",2009-02-18,151,0.974193548387097,0.999334027055151,2009,"02",18,"Winter",113,0.972226017386648,0.990048966324666
"01633000",2009-02-19,151,1,1.02649006622517,2009,"02",19,"Winter",113,0.972226017386648,0.990048966324666
"01633000",2009-02-20,145,0.960264900662252,0.960264900662252,2009,"02",20,"Winter",113,0.972226017386648,0.990048966324666
"01633000",2009-02-21,137,0.944827586206897,0.983923900118906,2009,"02",21,"Winter",113,0.972226017386648,0.990048966324666
"01633000",2009-02-22,133,0.970802919708029,1.02749214129682,2009,"02",22,"Winter",113,0.972226017386648,0.990048966324666
"01633000",2009-02-23,129,0.969924812030075,0.999095483068574,2009,"02",23,"Winter",113,0.972226017386648,0.990048966324666
"01633000",2009-02-24,121,0.937984496124031,0.96706928670152,2009,"02",24,"Winter",113,0.972226017386648,0.990048966324666
"01633000",2009-02-25,115,0.950413223140496,1.01325046103408,2009,"02",25,"Winter",113,0.972226017386648,0.990048966324666
"01633000",2009-02-26,115,1,1.05217391304348,2009,"02",26,"Winter",113,0.972226017386648,0.990048966324666
"01633000",2009-02-27,115,1,1,2009,"02",27,"Winter",113,0.972226017386648,0.990048966324666
"01633000",2009-02-28,110,0.956521739130435,0.956521739130435,2009,"02",28,"Winter",113,0.972226017386648,0.990048966324666
"01633000",2009-03-01,108,0.981818181818182,1.02644628099174,2009,"03",1,"Spring",113,0.972226017386648,0.990048966324666
"01633000",2009-03-02,108,1,1.01851851851852,2009,"03",2,"Spring",113,0.972226017386648,0.990048966324666
"01633000",2009-03-03,103,0.953703703703704,0.953703703703704,2009,"03",3,"Spring",113,0.972226017386648,0.990048966324666
"01633000",2009-03-04,96,0.932038834951456,0.977283438589877,2009,"03",4,"Spring",113,0.972226017386648,0.990048966324666
"01633000",2009-03-05,94.5,0.984375,1.05615234375,2009,"03",5,"Spring",113,0.972226017386648,0.990048966324666
"01633000",2009-03-06,94.3,0.997883597883598,1.01372302007223,2009,"03",6,"Spring",113,0.972226017386648,0.990048966324666
"01633000",2009-03-07,92.5,0.980911983032874,0.982992390207917,2009,"03",7,"Spring",113,0.972226017386648,0.990048966324666
"01633000",2009-03-08,91.9,0.993513513513514,1.01284674945215,2009,"03",8,"Spring",113,0.972226017386648,0.990048966324666
"01633000",2009-03-09,87.1,0.947769314472252,0.953957144599383,2009,"03",9,"Spring",113,0.972226017386648,0.990048966324666
"01633000",2009-03-10,81.7,0.938002296211252,0.989694730445626,2009,"03",10,"Spring",113,0.972226017386648,0.990048966324666
"01633000",2009-03-11,80.4,0.984088127294982,1.04913189580652,2009,"03",11,"Spring",113,0.972226017386648,0.990048966324666
"01633000",2009-03-12,79.5,0.988805970149254,1.00479412638301,2009,"03",12,"Spring",113,0.972226017386648,0.990048966324666
"01633000",2009-03-13,78,0.981132075471698,0.992239231043076,2009,"03",13,"Spring",113,0.972226017386648,0.990048966324666
"01633000",2009-03-14,77.6,0.994871794871795,1.01400394477318,2009,"03",14,"Spring",113,0.972226017386648,0.990048966324666
"01633000",2010-01-02,539,0.885057471264368,0.996961289470207,2010,"01",2,"Winter",114,0.92374230562088,0.953337999939923
"01633000",2010-01-03,445,0.825602968460111,0.932824133195191,2010,"01",3,"Winter",114,0.92374230562088,0.953337999939923
"01633000",2010-01-04,423,0.950561797752809,1.15135462694104,2010,"01",4,"Winter",114,0.92374230562088,0.953337999939923
"01633000",2010-01-05,386,0.912529550827423,0.959989716591497,2010,"01",5,"Winter",114,0.92374230562088,0.953337999939923
"01633000",2010-01-06,350,0.906735751295337,0.993650836264061,2010,"01",6,"Winter",114,0.92374230562088,0.953337999939923
"01633000",2010-01-07,319,0.911428571428571,1.00517551020408,2010,"01",7,"Winter",114,0.92374230562088,0.953337999939923
"01633000",2010-01-08,297,0.931034482758621,1.02151118797968,2010,"01",8,"Winter",114,0.92374230562088,0.953337999939923
"01633000",2010-01-09,260,0.875420875420875,0.940266866192792,2010,"01",9,"Winter",114,0.92374230562088,0.953337999939923
"01633000",2010-01-10,240,0.923076923076923,1.05443786982249,2010,"01",10,"Winter",114,0.92374230562088,0.953337999939923
"01633000",2010-01-11,220,0.916666666666667,0.993055555555555,2010,"01",11,"Winter",114,0.92374230562088,0.953337999939923
"01633000",2010-01-12,234,1.06363636363636,1.1603305785124,2010,"01",12,"Winter",114,0.92374230562088,0.953337999939923
"01633000",2010-01-13,208,0.888888888888889,0.835707502374169,2010,"01",13,"Winter",114,0.92374230562088,0.953337999939923
"01633000",2010-01-14,203,0.975961538461538,1.09795673076923,2010,"01",14,"Winter",114,0.92374230562088,0.953337999939923
"01633000",2010-01-15,195,0.960591133004926,0.9842510131282,2010,"01",15,"Winter",114,0.92374230562088,0.953337999939923
"01633000",2010-04-04,722,0.882640586797066,1.02615060885576,2010,"04",4,"Spring",115,0.945955004980634,0.974968445347618
"01633000",2010-04-05,643,0.890581717451524,1.00899701506281,2010,"04",5,"Spring",115,0.945955004980634,0.974968445347618
"01633000",2010-04-06,589,0.91601866251944,1.02856216848995,2010,"04",6,"Spring",115,0.945955004980634,0.974968445347618
"01633000",2010-04-07,540,0.916808149405772,1.00086186768746,2010,"04",7,"Spring",115,0.945955004980634,0.974968445347618
"01633000",2010-04-08,502,0.92962962962963,1.01398491083676,2010,"04",8,"Spring",115,0.945955004980634,0.974968445347618
"01633000",2010-04-09,503,1.00199203187251,1.07784003428517,2010,"04",9,"Spring",115,0.945955004980634,0.974968445347618
"01633000",2010-04-10,449,0.892644135188867,0.890869494761056,2010,"04",10,"Spring",115,0.945955004980634,0.974968445347618
"01633000",2010-04-11,413,0.919821826280624,1.03044627754823,2010,"04",11,"Spring",115,0.945955004980634,0.974968445347618
"01633000",2010-04-12,383,0.927360774818402,1.00819609659434,2010,"04",12,"Spring",115,0.945955004980634,0.974968445347618
"01633000",2010-04-13,359,0.93733681462141,1.01075745284241,2010,"04",13,"Spring",115,0.945955004980634,0.974968445347618
"01633000",2010-04-14,345,0.96100278551532,1.0252480970818,2010,"04",14,"Spring",115,0.945955004980634,0.974968445347618
"01633000",2010-04-15,328,0.950724637681159,0.989304767905902,2010,"04",15,"Spring",115,0.945955004980634,0.974968445347618
"01633000",2010-04-16,312,0.951219512195122,1.00052052349792,2010,"04",16,"Spring",115,0.945955004980634,0.974968445347618
"01633000",2010-04-17,300,0.961538461538462,1.01084812623274,2010,"04",17,"Spring",115,0.945955004980634,0.974968445347618
"01633000",2010-04-18,286,0.953333333333333,0.991466666666667,2010,"04",18,"Spring",115,0.945955004980634,0.974968445347618
"01633000",2010-04-19,276,0.965034965034965,1.01227443884787,2010,"04",19,"Spring",115,0.945955004980634,0.974968445347618
"01633000",2010-04-20,264,0.956521739130435,0.991178323881538,2010,"04",20,"Spring",115,0.945955004980634,0.974968445347618
"01633000",2010-04-21,257,0.973484848484849,1.01773415977961,2010,"04",21,"Spring",115,0.945955004980634,0.974968445347618
"01633000",2010-04-22,249,0.968871595330739,0.995261094036246,2010,"04",22,"Spring",115,0.945955004980634,0.974968445347618
"01633000",2010-04-23,237,0.951807228915663,0.982387380848696,2010,"04",23,"Spring",115,0.945955004980634,0.974968445347618
"01633000",2010-04-24,228,0.962025316455696,1.01073545906105,2010,"04",24,"Spring",115,0.945955004980634,0.974968445347618
"01633000",2010-06-22,97.4,0.869642857142857,1.01717155612245,2010,"06",22,"Summer",116,0.939912177338694,0.982662685200538
"01633000",2010-06-23,93.4,0.958932238193019,1.1026736209201,2010,"06",23,"Summer",116,0.939912177338694,0.982662685200538
"01633000",2010-06-24,88.4,0.946466809421842,0.987000719889586,2010,"06",24,"Summer",116,0.939912177338694,0.982662685200538
"01633000",2010-06-25,84.1,0.951357466063348,1.00516727749227,2010,"06",25,"Summer",116,0.939912177338694,0.982662685200538
"01633000",2010-06-26,77.4,0.920332936979786,0.967389198918111,2010,"06",26,"Summer",116,0.939912177338694,0.982662685200538
"01633000",2010-06-27,71.8,0.927648578811369,1.00794890798496,2010,"06",27,"Summer",116,0.939912177338694,0.982662685200538
"01633000",2010-06-28,70.5,0.981894150417827,1.05847642398802,2010,"06",28,"Summer",116,0.939912177338694,0.982662685200538
"01633000",2010-06-29,66.8,0.947517730496454,0.964989688647452,2010,"06",29,"Summer",116,0.939912177338694,0.982662685200538
"01633000",2010-06-30,60,0.898203592814371,0.947954390619958,2010,"06",30,"Summer",116,0.939912177338694,0.982662685200538
"01633000",2010-07-01,54.4,0.906666666666667,1.00942222222222,2010,"07",1,"Summer",116,0.939912177338694,0.982662685200538
"01633000",2010-07-02,50.4,0.926470588235294,1.02184256055363,2010,"07",2,"Summer",116,0.939912177338694,0.982662685200538
"01633000",2010-07-03,47.8,0.948412698412698,1.02368354749307,2010,"07",3,"Summer",116,0.939912177338694,0.982662685200538
"01633000",2010-07-04,47.9,1.0020920502092,1.05659914917456,2010,"07",4,"Summer",116,0.939912177338694,0.982662685200538
"01633000",2010-07-05,46,0.960334029227557,0.958329156515183,2010,"07",5,"Summer",116,0.939912177338694,0.982662685200538
"01633000",2010-07-06,44.4,0.965217391304348,1.00508506616257,2010,"07",6,"Summer",116,0.939912177338694,0.982662685200538
"01633000",2010-10-08,92.1,0.885576923076923,1.02181952662722,2010,"10",8,"Fall",117,0.966437712799418,0.721623518639692
"01633000",2010-10-09,82.2,0.892508143322476,1.00782678507641,2010,"10",9,"Fall",117,0.966437712799418,0.721623518639692
"01633000",2010-10-10,75.4,0.917274939172749,1.02774965812421,2010,"10",10,"Fall",117,0.966437712799418,0.721623518639692
"01633000",2010-10-11,67.5,0.895225464190981,0.9759619782029,2010,"10",11,"Fall",117,0.966437712799418,0.721623518639692
"01633000",2010-10-12,61.6,0.912592592592593,1.01939972565158,2010,"10",12,"Fall",117,0.966437712799418,0.721623518639692
"01633000",2010-10-13,56.5,0.917207792207792,1.00505723983808,2010,"10",13,"Fall",117,0.966437712799418,0.721623518639692
"01633000",2010-10-14,55.4,0.980530973451327,1.0690390790195,2010,"10",14,"Fall",117,0.966437712799418,0.721623518639692
"01633000",2010-10-15,54.7,0.987364620938628,1.00696933362875,2010,"10",15,"Fall",117,0.966437712799418,0.721623518639692
"01633000",2010-10-16,53.3,0.974405850091408,0.986875394790932,2010,"10",16,"Fall",117,0.966437712799418,0.721623518639692
"01633000",2010-10-17,54.7,1.02626641651032,1.05322275765693,2010,"10",17,"Fall",117,0.966437712799418,0.721623518639692
"01633000",2010-10-18,55.2,1.0091407678245,0.983312667733925,2010,"10",18,"Fall",117,0.966437712799418,0.721623518639692
"01633000",2010-10-19,55.2,1,0.990942028985507,2010,"10",19,"Fall",117,0.966437712799418,0.721623518639692
"01633000",2010-10-20,53.8,0.97463768115942,0.97463768115942,2010,"10",20,"Fall",117,0.966437712799418,0.721623518639692
"01633000",2010-10-21,53.6,0.996282527881041,1.02220809552107,2010,"10",21,"Fall",117,0.966437712799418,0.721623518639692
"01633000",2010-10-22,52.8,0.985074626865672,0.988750278458454,2010,"10",22,"Fall",117,0.966437712799418,0.721623518639692
"01633000",2011-02-07,297,0.863372093023256,1.00141123580314,2011,"02",7,"Winter",118,0.934594162895965,0.889564765687347
"01633000",2011-02-08,261,0.878787878787879,1.01785532088562,2011,"02",8,"Winter",118,0.934594162895965,0.889564765687347
"01633000",2011-02-09,227,0.869731800766284,0.98969480776853,2011,"02",9,"Winter",118,0.934594162895965,0.889564765687347
"01633000",2011-02-10,203,0.894273127753304,1.02821712045644,2011,"02",10,"Winter",118,0.934594162895965,0.889564765687347
"01633000",2011-02-11,175,0.862068965517241,0.963988449125191,2011,"02",11,"Winter",118,0.934594162895965,0.889564765687347
"01633000",2011-02-12,163,0.931428571428571,1.08045714285714,2011,"02",12,"Winter",118,0.934594162895965,0.889564765687347
"01633000",2011-02-13,154,0.94478527607362,1.01434002032444,2011,"02",13,"Winter",118,0.934594162895965,0.889564765687347
"01633000",2011-02-14,144,0.935064935064935,0.989711587114184,2011,"02",14,"Winter",118,0.934594162895965,0.889564765687347
"01633000",2011-02-15,134,0.930555555555556,0.995177469135803,2011,"02",15,"Winter",118,0.934594162895965,0.889564765687347
"01633000",2011-02-16,125,0.932835820895522,1.00245043439519,2011,"02",16,"Winter",118,0.934594162895965,0.889564765687347
"01633000",2011-02-17,117,0.936,1.003392,2011,"02",17,"Winter",118,0.934594162895965,0.889564765687347
"01633000",2011-02-18,112,0.957264957264957,1.02271897143692,2011,"02",18,"Winter",118,0.934594162895965,0.889564765687347
"01633000",2011-02-19,107,0.955357142857143,0.998007015306122,2011,"02",19,"Winter",118,0.934594162895965,0.889564765687347
"01633000",2011-02-20,101,0.94392523364486,0.988033889422657,2011,"02",20,"Winter",118,0.934594162895965,0.889564765687347
"01633000",2011-02-21,102,1.00990099009901,1.06989510832271,2011,"02",21,"Winter",118,0.934594162895965,0.889564765687347
"01633000",2011-02-22,111,1.08823529411765,1.07756632064591,2011,"02",22,"Winter",118,0.934594162895965,0.889564765687347
"01633000",2011-02-23,111,1,0.918918918918919,2011,"02",23,"Winter",118,0.934594162895965,0.889564765687347
"01633000",2011-02-24,108,0.972972972972973,0.972972972972973,2011,"02",24,"Winter",118,0.934594162895965,0.889564765687347
"01633000",2011-07-12,122,0.924242424242424,1.01526629935721,2011,"07",12,"Summer",119,0.964871748190172,0.992158930954501
"01633000",2011-07-13,120,0.983606557377049,1.06423004568664,2011,"07",13,"Summer",119,0.964871748190172,0.992158930954501
"01633000",2011-07-14,114,0.95,0.965833333333333,2011,"07",14,"Summer",119,0.964871748190172,0.992158930954501
"01633000",2011-07-15,108,0.947368421052632,0.997229916897507,2011,"07",15,"Summer",119,0.964871748190172,0.992158930954501
"01633000",2011-07-16,104,0.962962962962963,1.01646090534979,2011,"07",16,"Summer",119,0.964871748190172,0.992158930954501
"01633000",2011-07-17,102,0.980769230769231,1.01849112426036,2011,"07",17,"Summer",119,0.964871748190172,0.992158930954501
"01633000",2011-07-18,101,0.990196078431373,1.00961168781238,2011,"07",18,"Summer",119,0.964871748190172,0.992158930954501
"01633000",2011-07-19,97.1,0.961386138613861,0.970904813253603,2011,"07",19,"Summer",119,0.964871748190172,0.992158930954501
"01633000",2011-07-20,94.4,0.972193614830072,1.01124155610543,2011,"07",20,"Summer",119,0.964871748190172,0.992158930954501
"01633000",2011-07-21,88.5,0.9375,0.964314088983051,2011,"07",21,"Summer",119,0.964871748190172,0.992158930954501
"01633000",2011-07-22,87,0.983050847457627,1.04858757062147,2011,"07",22,"Summer",119,0.964871748190172,0.992158930954501
"01633000",2011-07-23,83.1,0.955172413793103,0.971640903686088,2011,"07",23,"Summer",119,0.964871748190172,0.992158930954501
"01633000",2011-07-24,84.1,1.01203369434416,1.05952986050472,2011,"07",24,"Summer",119,0.964871748190172,0.992158930954501
"01633000",2011-07-25,99.4,1.18192627824019,1.16787245804708,2011,"07",25,"Summer",119,0.964871748190172,0.992158930954501
"01633000",2011-07-26,85.6,0.861167002012072,0.728613127456894,2011,"07",26,"Summer",119,0.964871748190172,0.992158930954501
"01633000",2011-07-27,74,0.864485981308411,1.00385404838851,2011,"07",27,"Summer",119,0.964871748190172,0.992158930954501
"01633000",2011-07-28,68.8,0.92972972972973,1.0754711468225,2011,"07",28,"Summer",119,0.964871748190172,0.992158930954501
"01633000",2011-07-29,66.9,0.972383720930233,1.04587783937263,2011,"07",29,"Summer",119,0.964871748190172,0.992158930954501
"01633000",2011-07-30,66,0.986547085201794,1.01456561228525,2011,"07",30,"Summer",119,0.964871748190172,0.992158930954501
"01633000",2011-07-31,62.1,0.940909090909091,0.953739669421488,2011,"07",31,"Summer",119,0.964871748190172,0.992158930954501
"01633000",2011-08-01,59.6,0.959742351046699,1.02001602526702,2011,"08",1,"Summer",119,0.964871748190172,0.992158930954501
"01633000",2011-08-02,55.5,0.931208053691275,0.970268794198459,2011,"08",2,"Summer",119,0.964871748190172,0.992158930954501
"01633000",2011-12-26,585,0.885022692889561,1.01355851515491,2011,"12",26,"Winter",120,0.936712916605007,0.978488476450275
"01633000",2011-12-27,534,0.912820512820513,1.03140916063993,2011,"12",27,"Winter",120,0.936712916605007,0.978488476450275
"01633000",2011-12-28,648,1.21348314606742,1.3293776038379,2011,"12",28,"Winter",120,0.936712916605007,0.978488476450275
"01633000",2011-12-29,576,0.888888888888889,0.732510288065844,2011,"12",29,"Winter",120,0.936712916605007,0.978488476450275
"01633000",2011-12-30,525,0.911458333333333,1.025390625,2011,"12",30,"Winter",120,0.936712916605007,0.978488476450275
"01633000",2011-12-31,486,0.925714285714286,1.01564081632653,2011,"12",31,"Winter",120,0.936712916605007,0.978488476450275
"01633000",2012-01-01,442,0.909465020576132,0.982446781486562,2012,"01",1,"Winter",120,0.936712916605007,0.978488476450275
"01633000",2012-01-02,405,0.916289592760181,1.00750394136074,2012,"01",2,"Winter",120,0.936712916605007,0.978488476450275
"01633000",2012-01-03,372,0.918518518518519,1.0024325560128,2012,"01",3,"Winter",120,0.936712916605007,0.978488476450275
"01633000",2012-01-04,334,0.897849462365591,0.977497398543184,2012,"01",4,"Winter",120,0.936712916605007,0.978488476450275
"01633000",2012-01-05,315,0.94311377245509,1.05041414177633,2012,"01",5,"Winter",120,0.936712916605007,0.978488476450275
"01633000",2012-01-06,299,0.949206349206349,1.00646006550768,2012,"01",6,"Winter",120,0.936712916605007,0.978488476450275
"01633000",2012-01-07,285,0.953177257525084,1.00418339839599,2012,"01",7,"Winter",120,0.936712916605007,0.978488476450275
"01633000",2012-01-08,269,0.943859649122807,0.990224684518313,2012,"01",8,"Winter",120,0.936712916605007,0.978488476450275
"01633000",2012-01-09,255,0.947955390334573,1.00433935407194,2012,"01",9,"Winter",120,0.936712916605007,0.978488476450275
"01633000",2012-01-10,242,0.949019607843137,1.00112264513649,2012,"01",10,"Winter",120,0.936712916605007,0.978488476450275
"01633000",2012-02-08,357,0.986187845303867,1.00798205182992,2012,"02",8,"Winter",121,0.970655486495706,0.95978440163094
"01633000",2012-02-09,351,0.983193277310924,0.996963491278864,2012,"02",9,"Winter",121,0.970655486495706,0.95978440163094
"01633000",2012-02-10,331,0.943019943019943,0.959139942045925,2012,"02",10,"Winter",121,0.970655486495706,0.95978440163094
"01633000",2012-02-11,328,0.990936555891239,1.0508118764889,2012,"02",11,"Winter",121,0.970655486495706,0.95978440163094
"01633000",2012-02-12,310,0.945121951219512,0.953766359309935,2012,"02",12,"Winter",121,0.970655486495706,0.95978440163094
"01633000",2012-02-13,288,0.929032258064516,0.982976066597295,2012,"02",13,"Winter",121,0.970655486495706,0.95978440163094
"01633000",2012-02-14,280,0.972222222222222,1.04648919753086,2012,"02",14,"Winter",121,0.970655486495706,0.95978440163094
"01633000",2012-02-15,271,0.967857142857143,0.995510204081633,2012,"02",15,"Winter",121,0.970655486495706,0.95978440163094
"01633000",2012-02-16,265,0.977859778597786,1.0103348265955,2012,"02",16,"Winter",121,0.970655486495706,0.95978440163094
"01633000",2012-02-17,271,1.02264150943396,1.04579565681737,2012,"02",17,"Winter",121,0.970655486495706,0.95978440163094
"01633000",2012-02-18,260,0.959409594095941,0.938168053267249,2012,"02",18,"Winter",121,0.970655486495706,0.95978440163094
"01633000",2012-02-19,253,0.973076923076923,1.01424556213018,2012,"02",19,"Winter",121,0.970655486495706,0.95978440163094
"01633000",2012-02-20,247,0.976284584980237,1.00329641144214,2012,"02",20,"Winter",121,0.970655486495706,0.95978440163094
"01633000",2012-02-21,240,0.97165991902834,0.995262993984494,2012,"02",21,"Winter",121,0.970655486495706,0.95978440163094
"01633000",2012-02-22,235,0.979166666666667,1.00772569444444,2012,"02",22,"Winter",121,0.970655486495706,0.95978440163094
"01633000",2012-03-30,445,0.852490421455939,0.97170843058675,2012,"03",30,"Spring",122,0.942287606272648,0.966217859398787
"01633000",2012-03-31,398,0.89438202247191,1.04914026006817,2012,"03",31,"Spring",122,0.942287606272648,0.966217859398787
"01633000",2012-04-01,359,0.902010050251256,1.00852882502967,2012,"04",1,"Spring",122,0.942287606272648,0.966217859398787
"01633000",2012-04-02,331,0.922005571030641,1.02216773612868,2012,"04",2,"Spring",122,0.942287606272648,0.966217859398787
"01633000",2012-04-03,303,0.915407854984894,0.992844169001743,2012,"04",3,"Spring",122,0.942287606272648,0.966217859398787
"01633000",2012-04-04,278,0.917491749174917,1.00227646527029,2012,"04",4,"Spring",122,0.942287606272648,0.966217859398787
"01633000",2012-04-05,260,0.935251798561151,1.0193571761296,2012,"04",5,"Spring",122,0.942287606272648,0.966217859398787
"01633000",2012-04-06,246,0.946153846153846,1.01165680473373,2012,"04",6,"Spring",122,0.942287606272648,0.966217859398787
"01633000",2012-04-07,228,0.926829268292683,0.979575649415031,2012,"04",7,"Spring",122,0.942287606272648,0.966217859398787
"01633000",2012-04-08,213,0.934210526315789,1.00796398891967,2012,"04",8,"Spring",122,0.942287606272648,0.966217859398787
"01633000",2012-04-09,201,0.943661971830986,1.01011704026979,2012,"04",9,"Spring",122,0.942287606272648,0.966217859398787
"01633000",2012-04-10,193,0.960199004975124,1.01752431870498,2012,"04",10,"Spring",122,0.942287606272648,0.966217859398787
"01633000",2012-04-11,185,0.958549222797927,0.998281833069344,2012,"04",11,"Spring",122,0.942287606272648,0.966217859398787
"01633000",2012-04-12,178,0.962162162162162,1.00376917457999,2012,"04",12,"Spring",122,0.942287606272648,0.966217859398787
"01633000",2012-04-13,173,0.971910112359551,1.01013129655347,2012,"04",13,"Spring",122,0.942287606272648,0.966217859398787
"01633000",2012-04-14,166,0.959537572254335,0.987269872030472,2012,"04",14,"Spring",122,0.942287606272648,0.966217859398787
"01633000",2012-04-15,158,0.951807228915663,0.991943678327769,2012,"04",15,"Spring",122,0.942287606272648,0.966217859398787
"01633000",2012-04-16,154,0.974683544303797,1.02403460983817,2012,"04",16,"Spring",122,0.942287606272648,0.966217859398787
"01633000",2012-11-08,167,0.897849462365591,0.994392415308128,2012,"11",8,"Fall",123,0.982406253944435,0.441399102828242
"01633000",2012-11-09,151,0.904191616766467,1.00706371687762,2012,"11",9,"Fall",123,0.982406253944435,0.441399102828242
"01633000",2012-11-10,140,0.927152317880795,1.02539362308671,2012,"11",10,"Fall",123,0.982406253944435,0.441399102828242
"01633000",2012-11-11,131,0.935714285714286,1.00923469387755,2012,"11",11,"Fall",123,0.982406253944435,0.441399102828242
"01633000",2012-11-12,124,0.946564885496183,1.01159606083562,2012,"11",12,"Fall",123,0.982406253944435,0.441399102828242
"01633000",2012-11-13,181,1.45967741935484,1.54207856399584,2012,"11",13,"Fall",123,0.982406253944435,0.441399102828242
"01633000",2012-11-14,222,1.22651933701657,0.840267391105278,2012,"11",14,"Fall",123,0.982406253944435,0.441399102828242
"01633000",2012-11-15,197,0.887387387387387,0.723500527554582,2012,"11",15,"Fall",123,0.982406253944435,0.441399102828242
"01633000",2012-11-16,179,0.908629441624365,1.02393774639903,2012,"11",16,"Fall",123,0.982406253944435,0.441399102828242
"01633000",2012-11-17,163,0.910614525139665,1.00218470085203,2012,"11",17,"Fall",123,0.982406253944435,0.441399102828242
"01633000",2012-11-18,152,0.932515337423313,1.02405058526855,2012,"11",18,"Fall",123,0.982406253944435,0.441399102828242
"01633000",2012-11-19,142,0.934210526315789,1.00181786703601,2012,"11",19,"Fall",123,0.982406253944435,0.441399102828242
"01633000",2012-11-20,133,0.936619718309859,1.0025788534021,2012,"11",20,"Fall",123,0.982406253944435,0.441399102828242
"01633000",2012-11-21,127,0.954887218045113,1.01950364633388,2012,"11",21,"Fall",123,0.982406253944435,0.441399102828242
"01633000",2012-11-22,121,0.952755905511811,0.997767995535991,2012,"11",22,"Fall",123,0.982406253944435,0.441399102828242
"01633000",2012-11-23,117,0.966942148760331,1.01488969332696,2012,"11",23,"Fall",123,0.982406253944435,0.441399102828242
"01633000",2012-11-24,112,0.957264957264957,0.989991964350939,2012,"11",24,"Fall",123,0.982406253944435,0.441399102828242
"01633000",2012-11-25,108,0.964285714285714,1.00733418367347,2012,"11",25,"Fall",123,0.982406253944435,0.441399102828242
"01633000",2012-11-26,105,0.972222222222222,1.0082304526749,2012,"11",26,"Fall",123,0.982406253944435,0.441399102828242
"01633000",2013-04-07,490,0.892531876138434,0.991702084598259,2013,"04",7,"Spring",124,0.970926127853181,0.570667730504437
"01633000",2013-04-08,457,0.93265306122449,1.0449521032903,2013,"04",8,"Spring",124,0.970926127853181,0.570667730504437
"01633000",2013-04-09,439,0.960612691466083,1.02997859697676,2013,"04",9,"Spring",124,0.970926127853181,0.570667730504437
"01633000",2013-04-10,418,0.952164009111617,0.991204902423711,2013,"04",10,"Spring",124,0.970926127853181,0.570667730504437
"01633000",2013-04-11,394,0.942583732057416,0.989938417160779,2013,"04",11,"Spring",124,0.970926127853181,0.570667730504437
"01633000",2013-04-12,575,1.45939086294416,1.54828776830117,2013,"04",12,"Spring",124,0.970926127853181,0.570667730504437
"01633000",2013-04-13,1050,1.82608695652174,1.25126654064272,2013,"04",13,"Spring",124,0.970926127853181,0.570667730504437
"01633000",2013-04-14,834,0.794285714285714,0.434965986394558,2013,"04",14,"Spring",124,0.970926127853181,0.570667730504437
"01633000",2013-04-15,668,0.800959232613909,1.00840191156427,2013,"04",15,"Spring",124,0.970926127853181,0.570667730504437
"01633000",2013-04-16,568,0.850299401197605,1.0616013482018,2013,"04",16,"Spring",124,0.970926127853181,0.570667730504437
"01633000",2013-04-17,501,0.882042253521127,1.03733138266217,2013,"04",17,"Spring",124,0.970926127853181,0.570667730504437
"01633000",2013-04-18,452,0.902195608782435,1.02284851454775,2013,"04",18,"Spring",124,0.970926127853181,0.570667730504437
"01633000",2013-04-19,466,1.03097345132743,1.14273827237842,2013,"04",19,"Spring",124,0.970926127853181,0.570667730504437
"01633000",2013-04-20,1280,2.74678111587983,2.66425979480189,2013,"04",20,"Spring",124,0.970926127853181,0.570667730504437
"01633000",2013-04-21,951,0.74296875,0.270487060546875,2013,"04",21,"Spring",124,0.970926127853181,0.570667730504437
"01633000",2013-04-22,722,0.759200841219769,1.02184760963334,2013,"04",22,"Spring",124,0.970926127853181,0.570667730504437
"01633000",2013-04-23,598,0.828254847645429,1.09095617743879,2013,"04",23,"Spring",124,0.970926127853181,0.570667730504437
"01633000",2013-04-24,522,0.872909698996655,1.05391438574513,2013,"04",24,"Spring",124,0.970926127853181,0.570667730504437
"01633000",2013-04-25,459,0.879310344827586,1.00733254062624,2013,"04",25,"Spring",124,0.970926127853181,0.570667730504437
"01633000",2013-04-26,396,0.862745098039216,0.981161091887736,2013,"04",26,"Spring",124,0.970926127853181,0.570667730504437
"01633000",2013-04-27,355,0.896464646464647,1.03908402203857,2013,"04",27,"Spring",124,0.970926127853181,0.570667730504437
"01633000",2013-04-28,329,0.926760563380282,1.03379488196786,2013,"04",28,"Spring",124,0.970926127853181,0.570667730504437
"01633000",2013-04-29,315,0.957446808510638,1.03311129793701,2013,"04",29,"Spring",124,0.970926127853181,0.570667730504437
"01633000",2013-04-30,297,0.942857142857143,0.984761904761905,2013,"04",30,"Spring",124,0.970926127853181,0.570667730504437
"01633000",2013-05-01,274,0.922558922558923,0.978471584532191,2013,"05",1,"Spring",124,0.970926127853181,0.570667730504437
"01633000",2013-05-02,249,0.908759124087591,0.985041824284725,2013,"05",2,"Spring",124,0.970926127853181,0.570667730504437
"01633000",2013-05-03,233,0.93574297188755,1.02969306946662,2013,"05",3,"Spring",124,0.970926127853181,0.570667730504437
"01633000",2013-05-04,221,0.948497854077253,1.01363075392805,2013,"05",4,"Spring",124,0.970926127853181,0.570667730504437
"01633000",2013-05-05,212,0.959276018099548,1.01136340369771,2013,"05",5,"Spring",124,0.970926127853181,0.570667730504437
"01633000",2013-05-06,203,0.957547169811321,0.998197757208971,2013,"05",6,"Spring",124,0.970926127853181,0.570667730504437
"01633000",2013-05-16,574,0.856716417910448,1.01015816440187,2013,"05",16,"Spring",125,0.966870571560985,0.502292409020585
"01633000",2013-05-17,504,0.878048780487805,1.02490014447183,2013,"05",17,"Spring",125,0.966870571560985,0.502292409020585
"01633000",2013-05-18,447,0.886904761904762,1.01008597883598,2013,"05",18,"Spring",125,0.966870571560985,0.502292409020585
"01633000",2013-05-19,411,0.919463087248322,1.03671005810549,2013,"05",19,"Spring",125,0.966870571560985,0.502292409020585
"01633000",2013-05-20,379,0.922141119221411,1.00291260411672,2013,"05",20,"Spring",125,0.966870571560985,0.502292409020585
"01633000",2013-05-21,349,0.920844327176781,0.998593716278778,2013,"05",21,"Spring",125,0.966870571560985,0.502292409020585
"01633000",2013-05-22,325,0.931232091690544,1.01128069556079,2013,"05",22,"Spring",125,0.966870571560985,0.502292409020585
"01633000",2013-05-23,672,2.06769230769231,2.22038343195266,2013,"05",23,"Spring",125,0.966870571560985,0.502292409020585
"01633000",2013-05-24,1060,1.57738095238095,0.762870252267574,2013,"05",24,"Spring",125,0.966870571560985,0.502292409020585
"01633000",2013-05-25,781,0.736792452830189,0.467098611605554,2013,"05",25,"Spring",125,0.966870571560985,0.502292409020585
"01633000",2013-05-26,576,0.737516005121639,1.00098202999864,2013,"05",26,"Spring",125,0.966870571560985,0.502292409020585
"01633000",2013-05-27,466,0.809027777777778,1.09696301118827,2013,"05",27,"Spring",125,0.966870571560985,0.502292409020585
"01633000",2013-05-28,402,0.862660944206009,1.06629335592846,2013,"05",28,"Spring",125,0.966870571560985,0.502292409020585
"01633000",2013-05-29,354,0.880597014925373,1.02079156456523,2013,"05",29,"Spring",125,0.966870571560985,0.502292409020585
"01633000",2013-05-30,311,0.878531073446328,0.997653930862779,2013,"05",30,"Spring",125,0.966870571560985,0.502292409020585
"01633000",2013-05-31,276,0.887459807073955,1.0101632530681,2013,"05",31,"Spring",125,0.966870571560985,0.502292409020585
"01633000",2013-06-01,250,0.905797101449275,1.02066267590842,2013,"06",1,"Summer",125,0.966870571560985,0.502292409020585
"01633000",2014-01-17,431,0.93695652173913,0.993988657844991,2014,"01",17,"Winter",126,0.94789213151947,0.978546546051515
"01633000",2014-01-18,413,0.958236658932715,1.02271197937134,2014,"01",18,"Winter",126,0.94789213151947,0.978546546051515
"01633000",2014-01-19,385,0.932203389830508,0.972832108999877,2014,"01",19,"Winter",126,0.94789213151947,0.978546546051515
"01633000",2014-01-20,368,0.955844155844156,1.025360094451,2014,"01",20,"Winter",126,0.94789213151947,0.978546546051515
"01633000",2014-01-21,359,0.97554347826087,1.02060934546314,2014,"01",21,"Winter",126,0.94789213151947,0.978546546051515
"01633000",2014-01-22,333,0.927576601671309,0.95083061118396,2014,"01",22,"Winter",126,0.94789213151947,0.978546546051515
"01633000",2014-01-23,304,0.912912912912913,0.984191398605813,2014,"01",23,"Winter",126,0.94789213151947,0.978546546051515
"01633000",2014-01-24,273,0.898026315789474,0.983693299861496,2014,"01",24,"Winter",126,0.94789213151947,0.978546546051515
"01633000",2014-01-25,272,0.996336996336996,1.10947416441922,2014,"01",25,"Winter",126,0.94789213151947,0.978546546051515
"01633000",2014-01-26,270,0.992647058823529,0.996296496539792,2014,"01",26,"Winter",126,0.94789213151947,0.978546546051515
"01633000",2014-01-27,262,0.97037037037037,0.97755829903978,2014,"01",27,"Winter",126,0.94789213151947,0.978546546051515
"01633000",2014-01-28,238,0.908396946564885,0.936134257910378,2014,"01",28,"Winter",126,0.94789213151947,0.978546546051515
"01633000",2014-01-29,225,0.945378151260504,1.04071040180778,2014,"01",29,"Winter",126,0.94789213151947,0.978546546051515
"01633000",2014-01-30,215,0.955555555555556,1.01076543209877,2014,"01",30,"Winter",126,0.94789213151947,0.978546546051515
"01633000",2015-01-08,370,0.846681922196796,0.976493567018731,2015,"01",8,"Winter",127,0.935352324931913,0.954346451251712
"01633000",2015-01-09,317,0.856756756756757,1.01189919649379,2015,"01",9,"Winter",127,0.935352324931913,0.954346451251712
"01633000",2015-01-10,281,0.886435331230284,1.03464060742967,2015,"01",10,"Winter",127,0.935352324931913,0.954346451251712
"01633000",2015-01-11,259,0.921708185053381,1.0397917959499,2015,"01",11,"Winter",127,0.935352324931913,0.954346451251712
"01633000",2015-01-12,236,0.911196911196911,0.988595876626765,2015,"01",12,"Winter",127,0.935352324931913,0.954346451251712
"01633000",2015-01-13,224,0.949152542372881,1.04165469692617,2015,"01",13,"Winter",127,0.935352324931913,0.954346451251712
"01633000",2015-01-14,202,0.901785714285714,0.950095663265306,2015,"01",14,"Winter",127,0.935352324931913,0.954346451251712
"01633000",2015-01-15,187,0.925742574257426,1.02656602293893,2015,"01",15,"Winter",127,0.935352324931913,0.954346451251712
"01633000",2015-01-16,175,0.935828877005348,1.01089536446567,2015,"01",16,"Winter",127,0.935352324931913,0.954346451251712
"01633000",2015-01-17,166,0.948571428571429,1.01361632653061,2015,"01",17,"Winter",127,0.935352324931913,0.954346451251712
"01633000",2015-01-18,160,0.963855421686747,1.01611264334446,2015,"01",18,"Winter",127,0.935352324931913,0.954346451251712
"01633000",2015-01-19,155,0.96875,1.005078125,2015,"01",19,"Winter",127,0.935352324931913,0.954346451251712
"01633000",2015-01-20,147,0.948387096774194,0.9789802289282,2015,"01",20,"Winter",127,0.935352324931913,0.954346451251712
"01633000",2015-01-21,140,0.952380952380952,1.00421120829284,2015,"01",21,"Winter",127,0.935352324931913,0.954346451251712
"01633000",2015-01-22,135,0.964285714285714,1.0125,2015,"01",22,"Winter",127,0.935352324931913,0.954346451251712
"01633000",2015-01-23,132,0.977777777777778,1.01399176954733,2015,"01",23,"Winter",127,0.935352324931913,0.954346451251712
"01633000",2015-03-24,517,0.915044247787611,0.99116297282481,2015,"03",24,"Spring",128,0.943192800860505,0.980897089365596
"01633000",2015-03-25,478,0.924564796905222,1.01040446857147,2015,"03",25,"Spring",128,0.943192800860505,0.980897089365596
"01633000",2015-03-26,448,0.937238493723849,1.01370774321178,2015,"03",26,"Spring",128,0.943192800860505,0.980897089365596
"01633000",2015-03-27,433,0.966517857142857,1.03124003507653,2015,"03",27,"Spring",128,0.943192800860505,0.980897089365596
"01633000",2015-03-28,407,0.939953810623557,0.972515720922294,2015,"03",28,"Spring",128,0.943192800860505,0.980897089365596
"01633000",2015-03-29,367,0.901719901719902,0.959323630085301,2015,"03",29,"Spring",128,0.943192800860505,0.980897089365596
"01633000",2015-03-30,340,0.926430517711172,1.02740387114018,2015,"03",30,"Spring",128,0.943192800860505,0.980897089365596
"01633000",2015-03-31,322,0.947058823529412,1.02226643598616,2015,"03",31,"Spring",128,0.943192800860505,0.980897089365596
"01633000",2015-04-01,307,0.953416149068323,1.00671270398519,2015,"04",1,"Spring",128,0.943192800860505,0.980897089365596
"01633000",2015-04-02,289,0.941368078175896,0.987363261148659,2015,"04",2,"Spring",128,0.943192800860505,0.980897089365596
"01633000",2015-04-03,281,0.972318339100346,1.0328779588367,2015,"04",3,"Spring",128,0.943192800860505,0.980897089365596
"01633000",2015-04-04,287,1.02135231316726,1.05042995909373,2015,"04",4,"Spring",128,0.943192800860505,0.980897089365596
"01633000",2015-04-05,270,0.940766550522648,0.921098957131931,2015,"04",5,"Spring",128,0.943192800860505,0.980897089365596
"01633000",2015-04-06,250,0.925925925925926,0.984224965706447,2015,"04",6,"Spring",128,0.943192800860505,0.980897089365596
"01633000",2015-07-14,138,0.913907284768212,0.980483312135433,2015,"07",14,"Summer",129,0.969916765684623,0.555857509409429
"01633000",2015-07-15,126,0.91304347826087,0.999054820415879,2015,"07",15,"Summer",129,0.969916765684623,0.555857509409429
"01633000",2015-07-16,115,0.912698412698413,0.999622071050642,2015,"07",16,"Summer",129,0.969916765684623,0.555857509409429
"01633000",2015-07-17,105,0.91304347826087,1.00037807183365,2015,"07",17,"Summer",129,0.969916765684623,0.555857509409429
"01633000",2015-07-18,99.7,0.94952380952381,1.03995464852608,2015,"07",18,"Summer",129,0.969916765684623,0.555857509409429
"01633000",2015-07-19,98.6,0.988966900702106,1.04153986533321,2015,"07",19,"Summer",129,0.969916765684623,0.555857509409429
"01633000",2015-07-20,97,0.983772819472617,0.994747972631033,2015,"07",20,"Summer",129,0.969916765684623,0.555857509409429
"01633000",2015-07-21,88.2,0.909278350515464,0.924276756297162,2015,"07",21,"Summer",129,0.969916765684623,0.555857509409429
"01633000",2015-07-22,82.7,0.937641723356009,1.03119327852078,2015,"07",22,"Summer",129,0.969916765684623,0.555857509409429
"01633000",2015-07-23,76.2,0.921402660217654,0.982680950800449,2015,"07",23,"Summer",129,0.969916765684623,0.555857509409429
"01633000",2015-07-24,69.8,0.916010498687664,0.994147877184643,2015,"07",24,"Summer",129,0.969916765684623,0.555857509409429
"01633000",2015-07-25,66.9,0.958452722063037,1.04633377394274,2015,"07",25,"Summer",129,0.969916765684623,0.555857509409429
"01633000",2015-07-26,64.7,0.96711509715994,1.00903787416687,2015,"07",26,"Summer",129,0.969916765684623,0.555857509409429
"01633000",2015-07-27,266,4.1112828438949,4.25107916934418,2015,"07",27,"Summer",129,0.969916765684623,0.555857509409429
"01633000",2015-07-28,109,0.409774436090226,0.0996706993046526,2015,"07",28,"Summer",129,0.969916765684623,0.555857509409429
"01633000",2015-07-29,101,0.926605504587156,2.26125746990994,2015,"07",29,"Summer",129,0.969916765684623,0.555857509409429
"01633000",2015-07-30,92.8,0.918811881188119,0.991589059896089,2015,"07",30,"Summer",129,0.969916765684623,0.555857509409429
"01633000",2015-07-31,83.1,0.895474137931034,0.974600085463734,2015,"07",31,"Summer",129,0.969916765684623,0.555857509409429
"01633000",2015-10-12,253,0.869415807560137,1.02178765012222,2015,"10",12,"Fall",130,0.94077508696105,0.954792721556988
"01633000",2015-10-13,225,0.889328063241107,1.02290302926151,2015,"10",13,"Fall",130,0.94077508696105,0.954792721556988
"01633000",2015-10-14,203,0.902222222222222,1.0144987654321,2015,"10",14,"Fall",130,0.94077508696105,0.954792721556988
"01633000",2015-10-15,181,0.891625615763547,0.98825499284137,2015,"10",15,"Fall",130,0.94077508696105,0.954792721556988
"01633000",2015-10-16,169,0.933701657458563,1.04719025670767,2015,"10",16,"Fall",130,0.94077508696105,0.954792721556988
"01633000",2015-10-17,155,0.917159763313609,0.982283533489724,2015,"10",17,"Fall",130,0.94077508696105,0.954792721556988
"01633000",2015-10-18,144,0.929032258064516,1.0129448491155,2015,"10",18,"Fall",130,0.94077508696105,0.954792721556988
"01633000",2015-10-19,134,0.930555555555556,1.00163966049383,2015,"10",19,"Fall",130,0.94077508696105,0.954792721556988
"01633000",2015-10-20,128,0.955223880597015,1.02650924482067,2015,"10",20,"Fall",130,0.94077508696105,0.954792721556988
"01633000",2015-10-21,124,0.96875,1.01416015625,2015,"10",21,"Fall",130,0.94077508696105,0.954792721556988
"01633000",2015-10-22,120,0.967741935483871,0.998959417273673,2015,"10",22,"Fall",130,0.94077508696105,0.954792721556988
"01633000",2015-10-23,114,0.95,0.981666666666667,2015,"10",23,"Fall",130,0.94077508696105,0.954792721556988
"01633000",2015-10-24,107,0.93859649122807,0.987996306555863,2015,"10",24,"Fall",130,0.94077508696105,0.954792721556988
"01633000",2015-10-25,103,0.962616822429907,1.02559175473841,2015,"10",25,"Fall",130,0.94077508696105,0.954792721556988
"01633000",2015-10-26,101,0.980582524271845,1.01866339900085,2015,"10",26,"Fall",130,0.94077508696105,0.954792721556988
"01633000",2015-10-27,98.7,0.977227722772277,0.99657876678757,2015,"10",27,"Fall",130,0.94077508696105,0.954792721556988
"01633000",2016-01-01,847,0.806666666666667,0.97568253968254,2016,"01",1,"Winter",131,0.982410878020848,0.0546510478174958
"01633000",2016-01-02,703,0.829988193624557,1.0289109838321,2016,"01",2,"Winter",131,0.982410878020848,0.0546510478174958
"01633000",2016-01-03,601,0.854907539118065,1.03002373489758,2016,"01",3,"Winter",131,0.982410878020848,0.0546510478174958
"01633000",2016-01-04,525,0.873544093178037,1.02179949667913,2016,"01",4,"Winter",131,0.982410878020848,0.0546510478174958
"01633000",2016-01-05,452,0.860952380952381,0.985585487528345,2016,"01",5,"Winter",131,0.982410878020848,0.0546510478174958
"01633000",2016-01-06,391,0.865044247787611,1.00475272143472,2016,"01",6,"Winter",131,0.982410878020848,0.0546510478174958
"01633000",2016-01-07,358,0.915601023017903,1.05844414937108,2016,"01",7,"Winter",131,0.982410878020848,0.0546510478174958
"01633000",2016-01-08,335,0.935754189944134,1.02201086108424,2016,"01",8,"Winter",131,0.982410878020848,0.0546510478174958
"01633000",2016-01-09,318,0.949253731343284,1.01442637558476,2016,"01",9,"Winter",131,0.982410878020848,0.0546510478174958
"01633000",2016-01-10,690,2.16981132075472,2.28580752343657,2016,"01",10,"Winter",131,0.982410878020848,0.0546510478174958
"01633000",2016-01-11,1000,1.44927536231884,0.667926906112161,2016,"01",11,"Winter",131,0.982410878020848,0.0546510478174958
"01633000",2016-01-12,821,0.821,0.56649,2016,"01",12,"Winter",131,0.982410878020848,0.0546510478174958
"01633000",2016-01-13,686,0.835566382460414,1.01774224416616,2016,"01",13,"Winter",131,0.982410878020848,0.0546510478174958
"01633000",2016-01-14,579,0.84402332361516,1.01012120800007,2016,"01",14,"Winter",131,0.982410878020848,0.0546510478174958
"01633000",2016-04-02,270,0.992647058823529,1.00359537197232,2016,"04",2,"Spring",132,0.966976991568658,0.992578128156394
"01633000",2016-04-03,261,0.966666666666667,0.973827160493827,2016,"04",3,"Spring",132,0.966976991568658,0.992578128156394
"01633000",2016-04-04,250,0.957854406130268,0.990883868410622,2016,"04",4,"Spring",132,0.966976991568658,0.992578128156394
"01633000",2016-04-05,236,0.944,0.985536,2016,"04",5,"Spring",132,0.966976991568658,0.992578128156394
"01633000",2016-04-06,224,0.949152542372881,1.00545820166619,2016,"04",6,"Spring",132,0.966976991568658,0.992578128156394
"01633000",2016-04-07,223,0.995535714285714,1.04886798469388,2016,"04",7,"Spring",132,0.966976991568658,0.992578128156394
"01633000",2016-04-08,228,1.02242152466368,1.02700637455006,2016,"04",8,"Spring",132,0.966976991568658,0.992578128156394
"01633000",2016-04-09,218,0.956140350877193,0.935172360726377,2016,"04",9,"Spring",132,0.966976991568658,0.992578128156394
"01633000",2016-04-10,209,0.958715596330275,1.00269337597845,2016,"04",10,"Spring",132,0.966976991568658,0.992578128156394
"01633000",2016-04-11,196,0.937799043062201,0.978182733911769,2016,"04",11,"Spring",132,0.966976991568658,0.992578128156394
"01633000",2016-04-12,187,0.954081632653061,1.01736255726781,2016,"04",12,"Spring",132,0.966976991568658,0.992578128156394
"01633000",2016-04-13,180,0.962566844919786,1.00889359146673,2016,"04",13,"Spring",132,0.966976991568658,0.992578128156394
"01633000",2016-04-14,174,0.966666666666667,1.00425925925926,2016,"04",14,"Spring",132,0.966976991568658,0.992578128156394
"01633000",2016-04-15,169,0.971264367816092,1.00475624256837,2016,"04",15,"Spring",132,0.966976991568658,0.992578128156394
"01633000",2016-04-16,165,0.976331360946746,1.00521690417002,2016,"04",16,"Spring",132,0.966976991568658,0.992578128156394
"01633000",2016-04-17,158,0.957575757575758,0.98078971533517,2016,"04",17,"Spring",132,0.966976991568658,0.992578128156394
"01633000",2016-04-18,156,0.987341772151899,1.03108476205736,2016,"04",18,"Spring",132,0.966976991568658,0.992578128156394
"01633000",2016-04-19,152,0.974358974358974,0.986850756081525,2016,"04",19,"Spring",132,0.966976991568658,0.992578128156394
"01633000",2016-04-20,147,0.967105263157895,0.99255540166205,2016,"04",20,"Spring",132,0.966976991568658,0.992578128156394
"01633000",2016-04-21,142,0.965986394557823,0.998843074644824,2016,"04",21,"Spring",132,0.966976991568658,0.992578128156394
"01633000",2016-08-22,164,0.901098901098901,1.0050718512257,2016,"08",22,"Summer",133,0.959792217876288,0.967778365730278
"01633000",2016-08-23,141,0.859756097560976,0.954119571683522,2016,"08",23,"Summer",133,0.959792217876288,0.967778365730278
"01633000",2016-08-24,130,0.921985815602837,1.07238066495649,2016,"08",24,"Summer",133,0.959792217876288,0.967778365730278
"01633000",2016-08-25,121,0.930769230769231,1.00952662721893,2016,"08",25,"Summer",133,0.959792217876288,0.967778365730278
"01633000",2016-08-26,115,0.950413223140496,1.02110511577078,2016,"08",26,"Summer",133,0.959792217876288,0.967778365730278
"01633000",2016-08-27,109,0.947826086956522,0.997277882797731,2016,"08",27,"Summer",133,0.959792217876288,0.967778365730278
"01633000",2016-08-28,103,0.944954128440367,0.99696995202424,2016,"08",28,"Summer",133,0.959792217876288,0.967778365730278
"01633000",2016-08-29,97.8,0.949514563106796,1.00482609105476,2016,"08",29,"Summer",133,0.959792217876288,0.967778365730278
"01633000",2016-08-30,92,0.940695296523517,0.990711815357079,2016,"08",30,"Summer",133,0.959792217876288,0.967778365730278
"01633000",2016-08-31,90.3,0.981521739130435,1.04340028355388,2016,"08",31,"Summer",133,0.959792217876288,0.967778365730278
"01633000",2016-09-01,89.9,0.995570321151717,1.01431306252445,2016,"09",1,"Fall",133,0.959792217876288,0.967778365730278
"01633000",2016-09-02,85.4,0.949944382647386,0.954171053982858,2016,"09",2,"Fall",133,0.959792217876288,0.967778365730278
"01633000",2016-09-03,79.9,0.93559718969555,0.984896807419555,2016,"09",3,"Fall",133,0.959792217876288,0.967778365730278
"01633000",2016-09-04,79.3,0.992490613266583,1.06080974183938,2016,"09",4,"Fall",133,0.959792217876288,0.967778365730278
"01633000",2016-09-05,77.8,0.981084489281211,0.988507574950425,2016,"09",5,"Fall",133,0.959792217876288,0.967778365730278
"01633000",2016-09-06,72.5,0.931876606683805,0.949843379306243,2016,"09",6,"Fall",133,0.959792217876288,0.967778365730278
"01633000",2016-09-07,71.1,0.980689655172414,1.05238145065398,2016,"09",7,"Fall",133,0.959792217876288,0.967778365730278
"01633000",2016-09-08,71,0.9985935302391,1.01825641269107,2016,"09",8,"Fall",133,0.959792217876288,0.967778365730278
"01633000",2016-09-09,65.9,0.928169014084507,0.929476294386035,2016,"09",9,"Fall",133,0.959792217876288,0.967778365730278
"01633000",2016-09-10,64.2,0.974203338391502,1.04959691996657,2016,"09",10,"Fall",133,0.959792217876288,0.967778365730278
"01633000",2016-09-11,61.3,0.954828660436137,0.980112285400957,2016,"09",11,"Fall",133,0.959792217876288,0.967778365730278
"01633000",2016-09-12,58.4,0.952691680261011,0.997761922883474,2016,"09",12,"Fall",133,0.959792217876288,0.967778365730278
"01633000",2016-09-13,55.9,0.957191780821918,1.00472356445862,2016,"09",13,"Fall",133,0.959792217876288,0.967778365730278
"01633000",2016-09-14,56.7,1.01431127012522,1.05967402818091,2016,"09",14,"Fall",133,0.959792217876288,0.967778365730278
"01633000",2016-09-15,53.7,0.947089947089947,0.933727125966985,2016,"09",15,"Fall",133,0.959792217876288,0.967778365730278
"01633000",2016-09-16,51.4,0.957169459962756,1.01064261415062,2016,"09",16,"Fall",133,0.959792217876288,0.967778365730278
"01633000",2016-10-12,176,0.807339449541284,1.02583957579328,2016,"10",12,"Fall",134,0.960729598761339,0.806892724190532
"01633000",2016-10-13,147,0.835227272727273,1.03454287190083,2016,"10",13,"Fall",134,0.960729598761339,0.806892724190532
"01633000",2016-10-14,130,0.884353741496599,1.05881808505715,2016,"10",14,"Fall",134,0.960729598761339,0.806892724190532
"01633000",2016-10-15,118,0.907692307692308,1.02639053254438,2016,"10",15,"Fall",134,0.960729598761339,0.806892724190532
"01633000",2016-10-16,110,0.932203389830508,1.02700373455903,2016,"10",16,"Fall",134,0.960729598761339,0.806892724190532
"01633000",2016-10-17,102,0.927272727272727,0.994710743801653,2016,"10",17,"Fall",134,0.960729598761339,0.806892724190532
"01633000",2016-10-18,93.1,0.912745098039216,0.984332948865821,2016,"10",18,"Fall",134,0.960729598761339,0.806892724190532
"01633000",2016-10-19,87.3,0.937701396348013,1.02734202392586,2016,"10",19,"Fall",134,0.960729598761339,0.806892724190532
"01633000",2016-10-20,79.7,0.912943871706758,0.973597645542946,2016,"10",20,"Fall",134,0.960729598761339,0.806892724190532
"01633000",2016-10-21,76.6,0.961104140526976,1.05275271603519,2016,"10",21,"Fall",134,0.960729598761339,0.806892724190532
"01633000",2016-10-22,80.8,1.05483028720627,1.09751924138824,2016,"10",22,"Fall",134,0.960729598761339,0.806892724190532
"01633000",2016-10-23,78.4,0.97029702970297,0.919860797960984,2016,"10",23,"Fall",134,0.960729598761339,0.806892724190532
"01633000",2016-10-24,76.9,0.980867346938776,1.01089389837568,2016,"10",24,"Fall",134,0.960729598761339,0.806892724190532
"01633000",2016-10-25,72.1,0.937581274382315,0.955869595729174,2016,"10",25,"Fall",134,0.960729598761339,0.806892724190532
"01633000",2016-10-26,71.3,0.988904299583911,1.0547398146741,2016,"10",26,"Fall",134,0.960729598761339,0.806892724190532
"01633000",2016-10-27,70.9,0.994389901823282,1.00554715177361,2016,"10",27,"Fall",134,0.960729598761339,0.806892724190532
"01633000",2016-10-28,69.4,0.978843441466855,0.984365830417302,2016,"10",28,"Fall",134,0.960729598761339,0.806892724190532
"01633000",2016-10-29,70.6,1.01729106628242,1.03927862535193,2016,"10",29,"Fall",134,0.960729598761339,0.806892724190532
"01633000",2016-10-30,69.8,0.988668555240793,0.97186399056248,2016,"10",30,"Fall",134,0.960729598761339,0.806892724190532
"01633000",2016-10-31,68.4,0.979942693409742,0.991174128291229,2016,"10",31,"Fall",134,0.960729598761339,0.806892724190532
"01633000",2017-02-13,127,0.962121212121212,0.991276400367309,2017,"02",13,"Winter",135,0.978514080966272,0.9578735587839
"01633000",2017-02-14,123,0.968503937007874,1.00663401326803,2017,"02",14,"Winter",135,0.978514080966272,0.9578735587839
"01633000",2017-02-15,119,0.967479674796748,0.998942428448675,2017,"02",15,"Winter",135,0.978514080966272,0.9578735587839
"01633000",2017-02-16,118,0.991596638655462,1.02492761810607,2017,"02",16,"Winter",135,0.978514080966272,0.9578735587839
"01633000",2017-02-17,114,0.966101694915254,0.974288997414536,2017,"02",17,"Winter",135,0.978514080966272,0.9578735587839
"01633000",2017-02-18,111,0.973684210526316,1.0078485687904,2017,"02",18,"Winter",135,0.978514080966272,0.9578735587839
"01633000",2017-02-19,108,0.972972972972973,0.99926953981008,2017,"02",19,"Winter",135,0.978514080966272,0.9578735587839
"01633000",2017-02-20,105,0.972222222222222,0.999228395061728,2017,"02",20,"Winter",135,0.978514080966272,0.9578735587839
"01633000",2017-02-21,99.4,0.946666666666667,0.973714285714286,2017,"02",21,"Winter",135,0.978514080966272,0.9578735587839
"01633000",2017-02-22,97.6,0.981891348088531,1.03720917051605,2017,"02",22,"Winter",135,0.978514080966272,0.9578735587839
"01633000",2017-02-23,96.2,0.985655737704918,1.00383381483472,2017,"02",23,"Winter",135,0.978514080966272,0.9578735587839
"01633000",2017-02-24,93.4,0.970893970893971,0.985023404981825,2017,"02",24,"Winter",135,0.978514080966272,0.9578735587839
"01633000",2017-02-25,89.7,0.960385438972163,0.989176437142634,2017,"02",25,"Winter",135,0.978514080966272,0.9578735587839
"01633000",2017-02-26,86.5,0.964325529542921,1.00410261381615,2017,"02",26,"Winter",135,0.978514080966272,0.9578735587839
"01633000",2017-02-27,84.4,0.975722543352601,1.01181863744195,2017,"02",27,"Winter",135,0.978514080966272,0.9578735587839
"01633000",2017-02-28,84,0.995260663507109,1.02002425821522,2017,"02",28,"Winter",135,0.978514080966272,0.9578735587839
"01633000",2017-03-01,91,1.08333333333333,1.08849206349206,2017,"03",1,"Spring",135,0.978514080966272,0.9578735587839
"01633000",2017-03-02,89.2,0.98021978021978,0.904818258664413,2017,"03",2,"Spring",135,0.978514080966272,0.9578735587839
"01633000",2017-03-03,82.6,0.926008968609865,0.94469524824549,2017,"03",3,"Spring",135,0.978514080966272,0.9578735587839
"01633000",2017-03-04,78.2,0.946731234866828,1.02237804055837,2017,"03",4,"Spring",135,0.978514080966272,0.9578735587839
"01633000",2017-03-05,76.3,0.975703324808184,1.03060223310941,2017,"03",5,"Spring",135,0.978514080966272,0.9578735587839
"01633000",2017-03-06,75.9,0.99475753604194,1.01952869355806,2017,"03",6,"Spring",135,0.978514080966272,0.9578735587839
"01633000",2017-03-07,78.4,1.03293807641634,1.03838175534343,2017,"03",7,"Spring",135,0.978514080966272,0.9578735587839
"01633000",2017-03-08,84,1.07142857142857,1.03726311953353,2017,"03",8,"Spring",135,0.978514080966272,0.9578735587839
"01633000",2017-03-09,78.9,0.939285714285714,0.876666666666667,2017,"03",9,"Spring",135,0.978514080966272,0.9578735587839
"01633000",2017-03-10,75,0.950570342205323,1.01201405253799,2017,"03",10,"Spring",135,0.978514080966272,0.9578735587839
"01633000",2017-03-11,73.3,0.977333333333333,1.02815466666667,2017,"03",11,"Spring",135,0.978514080966272,0.9578735587839
"01633000",2017-03-12,70.8,0.965893587994543,0.988294939967131,2017,"03",12,"Spring",135,0.978514080966272,0.9578735587839
"01633000",2017-11-12,80.1,0.897982062780269,1.01677341189246,2017,"11",12,"Fall",136,0.959247996065972,0.986531560290483
"01633000",2017-11-13,76.3,0.952559300873908,1.06077764841389,2017,"11",13,"Fall",136,0.959247996065972,0.986531560290483
"01633000",2017-11-14,71.8,0.941022280471822,0.987888396668321,2017,"11",14,"Fall",136,0.959247996065972,0.986531560290483
"01633000",2017-11-15,66.5,0.926183844011142,0.984231577967272,2017,"11",15,"Fall",136,0.959247996065972,0.986531560290483
"01633000",2017-11-16,63.9,0.960902255639098,1.03748544293063,2017,"11",16,"Fall",136,0.959247996065972,0.986531560290483
"01633000",2017-11-17,60.7,0.949921752738654,0.988572716073873,2017,"11",17,"Fall",136,0.959247996065972,0.986531560290483
"01633000",2017-11-18,57.7,0.950576606260296,1.00068937627731,2017,"11",18,"Fall",136,0.959247996065972,0.986531560290483
"01633000",2017-11-19,55.9,0.968804159445407,1.01917525958988,2017,"11",19,"Fall",136,0.959247996065972,0.986531560290483
"01633000",2017-11-20,52,0.930232558139535,0.960186379331863,2017,"11",20,"Fall",136,0.959247996065972,0.986531560290483
"01633000",2017-11-21,49.5,0.951923076923077,1.02331730769231,2017,"11",21,"Fall",136,0.959247996065972,0.986531560290483
"01633000",2017-11-22,48,0.96969696969697,1.01867156412611,2017,"11",22,"Fall",136,0.959247996065972,0.986531560290483
"01633000",2017-11-23,46.4,0.966666666666667,0.996875,2017,"11",23,"Fall",136,0.959247996065972,0.986531560290483
"01633000",2017-11-24,44.9,0.967672413793103,1.00104042806183,2017,"11",24,"Fall",136,0.959247996065972,0.986531560290483
"01633000",2017-11-25,44,0.979955456570156,1.01269338941771,2017,"11",25,"Fall",136,0.959247996065972,0.986531560290483
"01633000",2017-11-26,42.4,0.963636363636364,0.983347107438016,2017,"11",26,"Fall",136,0.959247996065972,0.986531560290483
"01633000",2017-11-27,40.5,0.955188679245283,0.99123353506586,2017,"11",27,"Fall",136,0.959247996065972,0.986531560290483
"01633000",2017-11-28,37.8,0.933333333333333,0.977119341563786,2017,"11",28,"Fall",136,0.959247996065972,0.986531560290483
"01633000",2017-11-29,36.5,0.965608465608466,1.03458049886621,2017,"11",29,"Fall",136,0.959247996065972,0.986531560290483
"01633000",2017-11-30,36,0.986301369863014,1.02142991180334,2017,"11",30,"Fall",136,0.959247996065972,0.986531560290483
"01633000",2017-12-01,35.4,0.983333333333333,0.996990740740741,2017,"12",1,"Winter",136,0.959247996065972,0.986531560290483
"01633000",2017-12-02,34.4,0.971751412429379,0.98822177535191,2017,"12",2,"Winter",136,0.959247996065972,0.986531560290483
"01633000",2018-02-28,570,0.728900255754476,0.997344339715203,2018,"02",28,"Winter",137,0.911485390481102,0.924889012940021
"01633000",2018-03-01,452,0.792982456140351,1.0879162819329,2018,"03",1,"Spring",137,0.911485390481102,0.924889012940021
"01633000",2018-03-02,372,0.823008849557522,1.03786514214112,2018,"03",2,"Spring",137,0.911485390481102,0.924889012940021
"01633000",2018-03-03,300,0.806451612903226,0.979882067291016,2018,"03",3,"Spring",137,0.911485390481102,0.924889012940021
"01633000",2018-03-04,260,0.866666666666667,1.07466666666667,2018,"03",4,"Spring",137,0.911485390481102,0.924889012940021
"01633000",2018-03-05,227,0.873076923076923,1.00739644970414,2018,"03",5,"Spring",137,0.911485390481102,0.924889012940021
"01633000",2018-03-06,203,0.894273127753304,1.02427759125929,2018,"03",6,"Spring",137,0.911485390481102,0.924889012940021
"01633000",2018-03-07,186,0.916256157635468,1.02458200878449,2018,"03",7,"Spring",137,0.911485390481102,0.924889012940021
"01633000",2018-03-08,169,0.908602150537634,0.991646433113655,2018,"03",8,"Spring",137,0.911485390481102,0.924889012940021
"01633000",2018-03-09,156,0.923076923076923,1.01593081474738,2018,"03",9,"Spring",137,0.911485390481102,0.924889012940021
"01633000",2018-03-10,143,0.916666666666667,0.993055555555555,2018,"03",10,"Spring",137,0.911485390481102,0.924889012940021
"01633000",2018-03-11,133,0.93006993006993,1.01462174189447,2018,"03",11,"Spring",137,0.911485390481102,0.924889012940021
"01633000",2018-03-12,127,0.954887218045113,1.02668324947708,2018,"03",12,"Spring",137,0.911485390481102,0.924889012940021
"01633000",2018-03-13,121,0.952755905511811,0.997767995535991,2018,"03",13,"Spring",137,0.911485390481102,0.924889012940021
"01633000",2018-03-14,113,0.933884297520661,0.980192609794413,2018,"03",14,"Spring",137,0.911485390481102,0.924889012940021
"01633000",2018-03-15,106,0.938053097345133,1.00446393609523,2018,"03",15,"Spring",137,0.911485390481102,0.924889012940021
"01633000",2018-03-16,99.8,0.941509433962264,1.00368458526166,2018,"03",16,"Spring",137,0.911485390481102,0.924889012940021
"01633000",2018-03-17,94.3,0.944889779559118,1.00359034702672,2018,"03",17,"Spring",137,0.911485390481102,0.924889012940021
"01633000",2018-12-01,705,0.896946564885496,1.02019113105297,2018,"12",1,"Winter",138,0.945844534516023,0.948714572222902
"01633000",2018-12-02,657,0.931914893617021,1.03898596650068,2018,"12",2,"Winter",138,0.945844534516023,0.948714572222902
"01633000",2018-12-03,610,0.928462709284627,0.996295601287157,2018,"12",3,"Winter",138,0.945844534516023,0.948714572222902
"01633000",2018-12-04,551,0.90327868852459,0.972875571083042,2018,"12",4,"Winter",138,0.945844534516023,0.948714572222902
"01633000",2018-12-05,505,0.916515426497278,1.01465410192984,2018,"12",5,"Winter",138,0.945844534516023,0.948714572222902
"01633000",2018-12-06,472,0.934653465346535,1.01979021664543,2018,"12",6,"Winter",138,0.945844534516023,0.948714572222902
"01633000",2018-12-07,438,0.927966101694915,0.9928450876185,2018,"12",7,"Winter",138,0.945844534516023,0.948714572222902
"01633000",2018-12-08,411,0.938356164383562,1.01119659723525,2018,"12",8,"Winter",138,0.945844534516023,0.948714572222902
"01633000",2018-12-09,394,0.958637469586375,1.02161365371979,2018,"12",9,"Winter",138,0.945844534516023,0.948714572222902
"01633000",2018-12-10,387,0.982233502538071,1.02461413589631,2018,"12",10,"Winter",138,0.945844534516023,0.948714572222902
"01633000",2018-12-11,366,0.945736434108527,0.962842777877932,2018,"12",11,"Winter",138,0.945844534516023,0.948714572222902
"01633000",2018-12-12,355,0.969945355191257,1.0255979575383,2018,"12",12,"Winter",138,0.945844534516023,0.948714572222902
"01633000",2018-12-13,344,0.969014084507042,0.999039873041063,2018,"12",13,"Winter",138,0.945844534516023,0.948714572222902
"01633000",2018-12-14,342,0.994186046511628,1.02597687939427,2018,"12",14,"Winter",138,0.945844534516023,0.948714572222902
"01633000",2019-01-04,923,0.904901960784314,0.975874663590927,2019,"01",4,"Winter",139,0.949088757820458,0.976773412717595
"01633000",2019-01-05,911,0.986998916576381,1.09072469654161,2019,"01",5,"Winter",139,0.949088757820458,0.976773412717595
"01633000",2019-01-06,880,0.965971459934138,0.978695562589692,2019,"01",6,"Winter",139,0.949088757820458,0.976773412717595
"01633000",2019-01-07,797,0.905681818181818,0.937586518595041,2019,"01",7,"Winter",139,0.949088757820458,0.976773412717595
"01633000",2019-01-08,759,0.952321204516938,1.0514964366059,2019,"01",8,"Winter",139,0.949088757820458,0.976773412717595
"01633000",2019-01-09,740,0.974967061923584,1.02377964209894,2019,"01",9,"Winter",139,0.949088757820458,0.976773412717595
"01633000",2019-01-10,676,0.913513513513514,0.936968590211834,2019,"01",10,"Winter",139,0.949088757820458,0.976773412717595
"01633000",2019-01-11,614,0.908284023668639,0.994275410524842,2019,"01",11,"Winter",139,0.949088757820458,0.976773412717595
"01633000",2019-01-12,573,0.933224755700326,1.0274591772857,2019,"01",12,"Winter",139,0.949088757820458,0.976773412717595
"01633000",2019-01-13,568,0.991273996509599,1.06220285140819,2019,"01",13,"Winter",139,0.949088757820458,0.976773412717595
"01633000",2019-01-14,541,0.952464788732394,0.960849161872644,2019,"01",14,"Winter",139,0.949088757820458,0.976773412717595
"01633000",2019-01-15,518,0.957486136783734,1.00527195137368,2019,"01",15,"Winter",139,0.949088757820458,0.976773412717595
"01633000",2019-01-16,494,0.953667953667954,0.996012283657071,2019,"01",16,"Winter",139,0.949088757820458,0.976773412717595
"01633000",2019-01-17,478,0.967611336032389,1.0146207936534,2019,"01",17,"Winter",139,0.949088757820458,0.976773412717595
"01633000",2019-01-18,468,0.97907949790795,1.01185203340278,2019,"01",18,"Winter",139,0.949088757820458,0.976773412717595
"01633000",2019-05-16,834,0.779439252336449,0.990689143156608,2019,"05",16,"Spring",140,0.923564771702915,0.898517025304217
"01633000",2019-05-17,686,0.822541966426859,1.05529964517595,2019,"05",17,"Spring",140,0.923564771702915,0.898517025304217
"01633000",2019-05-18,589,0.858600583090379,1.04383802667256,2019,"05",18,"Spring",140,0.923564771702915,0.898517025304217
"01633000",2019-05-19,505,0.857385398981324,0.99858469219217,2019,"05",19,"Spring",140,0.923564771702915,0.898517025304217
"01633000",2019-05-20,446,0.883168316831683,1.03007156161161,2019,"05",20,"Spring",140,0.923564771702915,0.898517025304217
"01633000",2019-05-21,401,0.899103139013453,1.01804279193227,2019,"05",21,"Spring",140,0.923564771702915,0.898517025304217
"01633000",2019-05-22,362,0.902743142144638,1.00404848228556,2019,"05",22,"Spring",140,0.923564771702915,0.898517025304217
"01633000",2019-05-23,336,0.92817679558011,1.02817374317023,2019,"05",23,"Spring",140,0.923564771702915,0.898517025304217
"01633000",2019-05-24,319,0.949404761904762,1.02287060657596,2019,"05",24,"Spring",140,0.923564771702915,0.898517025304217
"01633000",2019-05-25,295,0.924764890282132,0.974047031770521,2019,"05",25,"Spring",140,0.923564771702915,0.898517025304217
"01633000",2019-05-26,300,1.01694915254237,1.0996839988509,2019,"05",26,"Spring",140,0.923564771702915,0.898517025304217
"01633000",2019-05-27,287,0.956666666666667,0.940722222222222,2019,"05",27,"Spring",140,0.923564771702915,0.898517025304217
"01633000",2019-05-28,271,0.944250871080139,0.987021816460076,2019,"05",28,"Spring",140,0.923564771702915,0.898517025304217
"01633000",2019-05-29,251,0.92619926199262,0.980882613254177,2019,"05",29,"Spring",140,0.923564771702915,0.898517025304217
"01633000",2019-05-30,239,0.952191235059761,1.02806304661831,2019,"05",30,"Spring",140,0.923564771702915,0.898517025304217
"01633000",2019-11-07,108,0.907563025210084,1.01433514582304,2019,"11",7,"Fall",141,0.9603534706288,0.95239607175773
"01633000",2019-11-08,99.8,0.924074074074074,1.0181927297668,2019,"11",8,"Fall",141,0.9603534706288,0.95239607175773
"01633000",2019-11-09,92,0.92184368737475,0.997586355074879,2019,"11",9,"Fall",141,0.9603534706288,0.95239607175773
"01633000",2019-11-10,88.7,0.964130434782609,1.04587192816635,2019,"11",10,"Fall",141,0.9603534706288,0.95239607175773
"01633000",2019-11-11,83.5,0.941375422773393,0.976398409189991,2019,"11",11,"Fall",141,0.9603534706288,0.95239607175773
"01633000",2019-11-12,80.3,0.961676646706587,1.02156549177095,2019,"11",12,"Fall",141,0.9603534706288,0.95239607175773
"01633000",2019-11-13,75.2,0.936488169364882,0.973807747720643,2019,"11",13,"Fall",141,0.9603534706288,0.95239607175773
"01633000",2019-11-14,73.1,0.972074468085106,1.03799973121322,2019,"11",14,"Fall",141,0.9603534706288,0.95239607175773
"01633000",2019-11-15,70.5,0.964432284541724,0.992138273564126,2019,"11",15,"Fall",141,0.9603534706288,0.95239607175773
"01633000",2019-11-16,68.8,0.975886524822695,1.01187666616367,2019,"11",16,"Fall",141,0.9603534706288,0.95239607175773
"01633000",2019-11-17,66.4,0.965116279069768,0.988963628988643,2019,"11",17,"Fall",141,0.9603534706288,0.95239607175773
"01633000",2019-11-18,65.5,0.98644578313253,1.02210044999274,2019,"11",18,"Fall",141,0.9603534706288,0.95239607175773
"01633000",2019-11-19,66.1,1.00916030534351,1.02302663014976,2019,"11",19,"Fall",141,0.9603534706288,0.95239607175773
"01633000",2019-11-20,64.1,0.969742813918306,0.960940307286672,2019,"11",20,"Fall",141,0.9603534706288,0.95239607175773
"01633000",2019-11-21,61.3,0.956318252730109,0.986156575748209,2019,"11",21,"Fall",141,0.9603534706288,0.95239607175773
"01633000",2020-02-17,381,0.936117936117936,1.0074193022596,2020,"02",17,"Winter",142,0.959468938751046,0.953671022616369
"01633000",2020-02-18,344,0.902887139107612,0.964501484558525,2020,"02",18,"Winter",142,0.959468938751046,0.953671022616369
"01633000",2020-02-19,312,0.906976744186046,1.0045294753921,2020,"02",19,"Winter",142,0.959468938751046,0.953671022616369
"01633000",2020-02-20,280,0.897435897435897,0.98948060486522,2020,"02",20,"Winter",142,0.959468938751046,0.953671022616369
"01633000",2020-02-21,253,0.903571428571429,1.00683673469388,2020,"02",21,"Winter",142,0.959468938751046,0.953671022616369
"01633000",2020-02-22,231,0.91304347826087,1.01048290084207,2020,"02",22,"Winter",142,0.959468938751046,0.953671022616369
"01633000",2020-02-23,219,0.948051948051948,1.03834260977118,2020,"02",23,"Winter",142,0.959468938751046,0.953671022616369
"01633000",2020-02-24,208,0.949771689497717,1.00181397385376,2020,"02",24,"Winter",142,0.959468938751046,0.953671022616369
"01633000",2020-02-25,207,0.995192307692308,1.04782267011834,2020,"02",25,"Winter",142,0.959468938751046,0.953671022616369
"01633000",2020-02-26,203,0.980676328502415,0.985413895306775,2020,"02",26,"Winter",142,0.959468938751046,0.953671022616369
"01633000",2020-02-27,214,1.05418719211823,1.07495935353928,2020,"02",27,"Winter",142,0.959468938751046,0.953671022616369
"01633000",2020-02-28,199,0.929906542056075,0.882107607651323,2020,"02",28,"Winter",142,0.959468938751046,0.953671022616369
"01633000",2020-02-29,186,0.934673366834171,1.00512613317846,2020,"02",29,"Winter",142,0.959468938751046,0.953671022616369
"01633000",2020-03-01,174,0.935483870967742,1.00086715227194,2020,"03",1,"Spring",142,0.959468938751046,0.953671022616369
"01633000",2020-03-02,166,0.954022988505747,1.01981767736821,2020,"03",2,"Spring",142,0.959468938751046,0.953671022616369
"01633000",2020-03-03,162,0.975903614457831,1.02293511394978,2020,"03",3,"Spring",142,0.959468938751046,0.953671022616369
"01633000",2020-03-04,161,0.993827160493827,1.01836610272824,2020,"03",4,"Spring",142,0.959468938751046,0.953671022616369
"01633000",2020-03-05,155,0.962732919254658,0.968712626827669,2020,"03",5,"Spring",142,0.959468938751046,0.953671022616369
"01633000",2020-03-06,148,0.954838709677419,0.991800208116545,2020,"03",6,"Spring",142,0.959468938751046,0.953671022616369
"01633000",2020-03-07,142,0.959459459459459,1.00483929875822,2020,"03",7,"Spring",142,0.959468938751046,0.953671022616369
"01633000",2020-03-08,137,0.964788732394366,1.00555445348145,2020,"03",8,"Spring",142,0.959468938751046,0.953671022616369
"01633000",2020-03-09,133,0.970802919708029,1.00623368320102,2020,"03",9,"Spring",142,0.959468938751046,0.953671022616369
"01633000",2020-03-10,129,0.969924812030075,0.999095483068574,2020,"03",10,"Spring",142,0.959468938751046,0.953671022616369
"01633000",2020-03-11,127,0.984496124031008,1.01502313562887,2020,"03",11,"Spring",142,0.959468938751046,0.953671022616369
"01633000",2020-03-12,124,0.976377952755906,0.991753983507967,2020,"03",12,"Spring",142,0.959468938751046,0.953671022616369
"01633000",2020-05-06,941,0.855454545454545,1.00321487603306,2020,"05",6,"Spring",143,0.892490075416863,0.954169409520403
"01633000",2020-05-07,779,0.827842720510096,0.967722627588847,2020,"05",7,"Spring",143,0.892490075416863,0.954169409520403
"01633000",2020-05-08,652,0.836970474967908,1.01102595243235,2020,"05",8,"Spring",143,0.892490075416863,0.954169409520403
"01633000",2020-05-09,569,0.872699386503067,1.04268837743235,2020,"05",9,"Spring",143,0.892490075416863,0.954169409520403
"01633000",2020-05-10,478,0.840070298769772,0.962611308959387,2020,"05",10,"Spring",143,0.892490075416863,0.954169409520403
"01633000",2020-05-11,415,0.868200836820084,1.03348593336951,2020,"05",11,"Spring",143,0.892490075416863,0.954169409520403
"01633000",2020-05-12,370,0.891566265060241,1.02691246915372,2020,"05",12,"Spring",143,0.892490075416863,0.954169409520403
"01633000",2020-05-13,326,0.881081081081081,0.988239590942294,2020,"05",13,"Spring",143,0.892490075416863,0.954169409520403
"01633000",2020-05-14,295,0.904907975460123,1.02704279423388,2020,"05",14,"Spring",143,0.892490075416863,0.954169409520403
"01633000",2020-05-15,274,0.928813559322034,1.02641769606435,2020,"05",15,"Spring",143,0.892490075416863,0.954169409520403
"01633000",2020-05-16,249,0.908759124087591,0.978408546006713,2020,"05",16,"Spring",143,0.892490075416863,0.954169409520403
"01633000",2020-05-17,234,0.939759036144578,1.03411235302656,2020,"05",17,"Spring",143,0.892490075416863,0.954169409520403
"01633000",2020-05-18,224,0.957264957264957,1.01862809555117,2020,"05",18,"Spring",143,0.892490075416863,0.954169409520403
"01633000",2020-05-19,216,0.964285714285714,1.00733418367347,2020,"05",19,"Spring",143,0.892490075416863,0.954169409520403
"01633000",2021-01-05,945,0.800847457627119,1.02481327204826,2021,"01",5,"Winter",144,0.932444404589015,0.944891633549082
"01633000",2021-01-06,790,0.835978835978836,1.04386775286246,2021,"01",6,"Winter",144,0.932444404589015,0.944891633549082
"01633000",2021-01-07,671,0.849367088607595,1.01601506168883,2021,"01",7,"Winter",144,0.932444404589015,0.944891633549082
"01633000",2021-01-08,590,0.879284649776453,1.03522335815708,2021,"01",8,"Winter",144,0.932444404589015,0.944891633549082
"01633000",2021-01-09,534,0.905084745762712,1.02934214306234,2021,"01",9,"Winter",144,0.932444404589015,0.944891633549082
"01633000",2021-01-10,477,0.893258426966292,0.986933467996465,2021,"01",10,"Winter",144,0.932444404589015,0.944891633549082
"01633000",2021-01-11,429,0.89937106918239,1.00684308373878,2021,"01",11,"Winter",144,0.932444404589015,0.944891633549082
"01633000",2021-01-12,396,0.923076923076923,1.02635825712749,2021,"01",12,"Winter",144,0.932444404589015,0.944891633549082
"01633000",2021-01-13,367,0.926767676767677,1.00399831649832,2021,"01",13,"Winter",144,0.932444404589015,0.944891633549082
"01633000",2021-01-14,347,0.94550408719346,1.02021694421965,2021,"01",14,"Winter",144,0.932444404589015,0.944891633549082
"01633000",2021-01-15,329,0.948126801152738,1.00277387902898,2021,"01",15,"Winter",144,0.932444404589015,0.944891633549082
"01633000",2021-01-16,328,0.996960486322188,1.05150543694164,2021,"01",16,"Winter",144,0.932444404589015,0.944891633549082
"01633000",2021-01-17,307,0.935975609756098,0.938829193932183,2021,"01",17,"Winter",144,0.932444404589015,0.944891633549082
"01633000",2021-01-18,287,0.93485342019544,0.998801048286984,2021,"01",18,"Winter",144,0.932444404589015,0.944891633549082
"01633000",2021-01-19,267,0.930313588850174,0.995143804101058,2021,"01",19,"Winter",144,0.932444404589015,0.944891633549082
"01633000",2021-01-20,250,0.936329588014981,1.00646663580637,2021,"01",20,"Winter",144,0.932444404589015,0.944891633549082
"01633000",2021-01-21,239,0.956,1.021008,2021,"01",21,"Winter",144,0.932444404589015,0.944891633549082
"01633000",2021-01-22,231,0.96652719665272,1.01101171197983,2021,"01",22,"Winter",144,0.932444404589015,0.944891633549082
"01633000",2021-01-23,220,0.952380952380952,0.9853638425067,2021,"01",23,"Winter",144,0.932444404589015,0.944891633549082
"01633000",2021-01-24,210,0.954545454545455,1.00227272727273,2021,"01",24,"Winter",144,0.932444404589015,0.944891633549082
"01633000",2021-03-03,1560,0.666666666666667,1.01139601139601,2021,"03",3,"Spring",145,0.938257252761721,0.828373291058776
"01633000",2021-03-04,1190,0.762820512820513,1.14423076923077,2021,"03",4,"Spring",145,0.938257252761721,0.828373291058776
"01633000",2021-03-05,960,0.80672268907563,1.0575524327378,2021,"03",5,"Spring",145,0.938257252761721,0.828373291058776
"01633000",2021-03-06,811,0.844791666666667,1.04718967013889,2021,"03",6,"Spring",145,0.938257252761721,0.828373291058776
"01633000",2021-03-07,704,0.86806411837238,1.02754815491675,2021,"03",7,"Spring",145,0.938257252761721,0.828373291058776
"01633000",2021-03-08,619,0.879261363636364,1.01289909930269,2021,"03",8,"Spring",145,0.938257252761721,0.828373291058776
"01633000",2021-03-09,554,0.894991922455573,1.01789065171038,2021,"03",9,"Spring",145,0.938257252761721,0.828373291058776
"01633000",2021-03-10,508,0.916967509025271,1.02455394961488,2021,"03",10,"Spring",145,0.938257252761721,0.828373291058776
"01633000",2021-03-11,467,0.919291338582677,1.00253425506851,2021,"03",11,"Spring",145,0.938257252761721,0.828373291058776
"01633000",2021-03-12,439,0.940042826552463,1.02257335308062,2021,"03",12,"Spring",145,0.938257252761721,0.828373291058776
"01633000",2021-03-13,413,0.940774487471526,1.00077832721914,2021,"03",13,"Spring",145,0.938257252761721,0.828373291058776
"01633000",2021-03-14,386,0.934624697336562,0.99346305600666,2021,"03",14,"Spring",145,0.938257252761721,0.828373291058776
"01633000",2021-03-15,362,0.937823834196891,1.00342291068217,2021,"03",15,"Spring",145,0.938257252761721,0.828373291058776
"01633000",2021-03-16,347,0.958563535911602,1.0221147095632,2021,"03",16,"Spring",145,0.938257252761721,0.828373291058776
"01633000",2021-03-17,333,0.959654178674352,1.0011377887035,2021,"03",17,"Spring",145,0.938257252761721,0.828373291058776
"01633000",2021-03-18,341,1.02402402402402,1.0670760850941,2021,"03",18,"Spring",145,0.938257252761721,0.828373291058776
"01633000",2021-03-19,359,1.05278592375367,1.02808713375358,2021,"03",19,"Spring",145,0.938257252761721,0.828373291058776
"01633000",2021-03-20,322,0.896935933147632,0.851964215051094,2021,"03",20,"Spring",145,0.938257252761721,0.828373291058776
"01633000",2021-03-21,296,0.919254658385093,1.02488329925543,2021,"03",21,"Spring",145,0.938257252761721,0.828373291058776
"01633000",2021-03-22,281,0.949324324324324,1.03271092037984,2021,"03",22,"Spring",145,0.938257252761721,0.828373291058776
"01633000",2021-03-23,273,0.97153024911032,1.02339129443649,2021,"03",23,"Spring",145,0.938257252761721,0.828373291058776
"01633000",2021-03-24,271,0.992673992673993,1.02176334044466,2021,"03",24,"Spring",145,0.938257252761721,0.828373291058776
"01633000",2021-03-25,270,0.996309963099631,1.00366280415572,2021,"03",25,"Spring",145,0.938257252761721,0.828373291058776
"01633000",2021-05-09,433,0.832692307692308,0.996028106508876,2021,"05",9,"Spring",146,0.93335153443267,0.955159867652305
"01633000",2021-05-10,375,0.866050808314088,1.04006101691299,2021,"05",10,"Spring",146,0.93335153443267,0.955159867652305
"01633000",2021-05-11,328,0.874666666666667,1.00994844444444,2021,"05",11,"Spring",146,0.93335153443267,0.955159867652305
"01633000",2021-05-12,288,0.878048780487805,1.00386674598453,2021,"05",12,"Spring",146,0.93335153443267,0.955159867652305
"01633000",2021-05-13,259,0.899305555555556,1.02420910493827,2021,"05",13,"Spring",146,0.93335153443267,0.955159867652305
"01633000",2021-05-14,240,0.926640926640927,1.03039608831115,2021,"05",14,"Spring",146,0.93335153443267,0.955159867652305
"01633000",2021-05-15,225,0.9375,1.01171875,2021,"05",15,"Spring",146,0.93335153443267,0.955159867652305
"01633000",2021-05-16,213,0.946666666666667,1.00977777777778,2021,"05",16,"Spring",146,0.93335153443267,0.955159867652305
"01633000",2021-05-17,209,0.981220657276995,1.03650069430669,2021,"05",17,"Spring",146,0.93335153443267,0.955159867652305
"01633000",2021-05-18,195,0.933014354066986,0.950871088116115,2021,"05",18,"Spring",146,0.93335153443267,0.955159867652305
"01633000",2021-05-19,183,0.938461538461538,1.0058382642998,2021,"05",19,"Spring",146,0.93335153443267,0.955159867652305
"01633000",2021-05-20,171,0.934426229508197,0.995700080623488,2021,"05",20,"Spring",146,0.93335153443267,0.955159867652305
"01633000",2021-05-21,161,0.941520467836257,1.00759207961424,2021,"05",21,"Spring",146,0.93335153443267,0.955159867652305
"01633000",2021-05-22,151,0.937888198757764,0.996142124146445,2021,"05",22,"Spring",146,0.93335153443267,0.955159867652305
"01633000",2021-05-23,146,0.966887417218543,1.03091969650454,2021,"05",23,"Spring",146,0.93335153443267,0.955159867652305
"01633000",2021-05-24,145,0.993150684931507,1.02716269468943,2021,"05",24,"Spring",146,0.93335153443267,0.955159867652305
"01633000",2021-10-14,145,0.960264900662252,0.992061751677558,2021,"10",14,"Fall",147,0.972302502652339,0.960675627361179
"01633000",2021-10-15,139,0.958620689655172,0.998287752675386,2021,"10",15,"Fall",147,0.972302502652339,0.960675627361179
"01633000",2021-10-16,138,0.992805755395683,1.03566068008902,2021,"10",16,"Fall",147,0.972302502652339,0.960675627361179
"01633000",2021-10-17,134,0.971014492753623,0.978050829657635,2021,"10",17,"Fall",147,0.972302502652339,0.960675627361179
"01633000",2021-10-18,126,0.940298507462687,0.968367119625752,2021,"10",18,"Fall",147,0.972302502652339,0.960675627361179
"01633000",2021-10-19,121,0.96031746031746,1.02128999748047,2021,"10",19,"Fall",147,0.972302502652339,0.960675627361179
"01633000",2021-10-20,117,0.966942148760331,1.00689843589919,2021,"10",20,"Fall",147,0.972302502652339,0.960675627361179
"01633000",2021-10-21,113,0.965811965811966,0.998831178318358,2021,"10",21,"Fall",147,0.972302502652339,0.960675627361179
"01633000",2021-10-22,111,0.982300884955752,1.01707259769755,2021,"10",22,"Fall",147,0.972302502652339,0.960675627361179
"01633000",2021-10-23,108,0.972972972972973,0.990504017531045,2021,"10",23,"Fall",147,0.972302502652339,0.960675627361179
"01633000",2021-10-24,105,0.972222222222222,0.999228395061728,2021,"10",24,"Fall",147,0.972302502652339,0.960675627361179
"01633000",2021-10-25,102,0.971428571428571,0.999183673469388,2021,"10",25,"Fall",147,0.972302502652339,0.960675627361179
"01633000",2021-10-26,103,1.00980392156863,1.03950403690888,2021,"10",26,"Fall",147,0.972302502652339,0.960675627361179
"01633000",2021-10-27,101,0.980582524271845,0.971062305589594,2021,"10",27,"Fall",147,0.972302502652339,0.960675627361179
"01633000",2021-10-28,99.8,0.988118811881188,1.00768552102735,2021,"10",28,"Fall",147,0.972302502652339,0.960675627361179
"01633000",2021-11-18,280,0.886075949367089,1.02347380227528,2021,"11",18,"Fall",148,0.970534349904217,0.929065951459308
"01633000",2021-11-19,252,0.9,1.01571428571429,2021,"11",19,"Fall",148,0.970534349904217,0.929065951459308
"01633000",2021-11-20,227,0.900793650793651,1.00088183421517,2021,"11",20,"Fall",148,0.970534349904217,0.929065951459308
"01633000",2021-11-21,211,0.929515418502203,1.03188495798482,2021,"11",21,"Fall",148,0.970534349904217,0.929065951459308
"01633000",2021-11-22,195,0.924170616113744,0.994249904539431,2021,"11",22,"Fall",148,0.970534349904217,0.929065951459308
"01633000",2021-11-23,181,0.928205128205128,1.00436554898093,2021,"11",23,"Fall",148,0.970534349904217,0.929065951459308
"01633000",2021-11-24,168,0.92817679558011,0.999969475901224,2021,"11",24,"Fall",148,0.970534349904217,0.929065951459308
"01633000",2021-11-25,160,0.952380952380952,1.02607709750567,2021,"11",25,"Fall",148,0.970534349904217,0.929065951459308
"01633000",2021-11-26,155,0.96875,1.0171875,2021,"11",26,"Fall",148,0.970534349904217,0.929065951459308
"01633000",2021-11-27,144,0.929032258064516,0.959001040582726,2021,"11",27,"Fall",148,0.970534349904217,0.929065951459308
"01633000",2021-11-28,139,0.965277777777778,1.03901427469136,2021,"11",28,"Fall",148,0.970534349904217,0.929065951459308
"01633000",2021-11-29,136,0.97841726618705,1.01361213187723,2021,"11",29,"Fall",148,0.970534349904217,0.929065951459308
"01633000",2021-11-30,129,0.948529411764706,0.96945285467128,2021,"11",30,"Fall",148,0.970534349904217,0.929065951459308
"01633000",2021-12-01,126,0.976744186046512,1.02974580854516,2021,"12",1,"Winter",148,0.970534349904217,0.929065951459308
"01633000",2021-12-02,123,0.976190476190476,0.999433106575964,2021,"12",2,"Winter",148,0.970534349904217,0.929065951459308
"01633000",2021-12-03,116,0.943089430894309,0.966091612135634,2021,"12",3,"Winter",148,0.970534349904217,0.929065951459308
"01633000",2021-12-04,113,0.974137931034483,1.03292211652794,2021,"12",4,"Winter",148,0.970534349904217,0.929065951459308
"01633000",2021-12-05,111,0.982300884955752,1.0083796695121,2021,"12",5,"Winter",148,0.970534349904217,0.929065951459308
"01633000",2021-12-06,109,0.981981981981982,0.999675351026702,2021,"12",6,"Winter",148,0.970534349904217,0.929065951459308
"01633000",2021-12-07,103,0.944954128440367,0.962292736301658,2021,"12",7,"Winter",148,0.970534349904217,0.929065951459308
"01633000",2021-12-08,101,0.980582524271845,1.03770383636535,2021,"12",8,"Winter",148,0.970534349904217,0.929065951459308
"01633000",2021-12-09,98.5,0.975247524752475,0.994559356925792,2021,"12",9,"Winter",148,0.970534349904217,0.929065951459308
"01633000",2021-12-10,97.6,0.990862944162436,1.01601174985184,2021,"12",10,"Winter",148,0.970534349904217,0.929065951459308
"01633000",2021-12-11,97.9,1.0030737704918,1.01232342616232,2021,"12",11,"Winter",148,0.970534349904217,0.929065951459308
"01633000",2021-12-12,93.4,0.954034729315628,0.951111231677276,2021,"12",12,"Winter",148,0.970534349904217,0.929065951459308
"01633000",2021-12-13,91.2,0.97644539614561,1.02349040987854,2021,"12",13,"Winter",148,0.970534349904217,0.929065951459308
"01633000",2021-12-14,88.2,0.967105263157895,0.990434556786704,2021,"12",14,"Winter",148,0.970534349904217,0.929065951459308
"01633000",2021-12-15,88.5,1.00340136054422,1.03753065852191,2021,"12",15,"Winter",148,0.970534349904217,0.929065951459308
"01633000",2021-12-16,85.8,0.969491525423729,0.96620511347314,2021,"12",16,"Winter",148,0.970534349904217,0.929065951459308
"01633000",2021-12-17,86.2,1.004662004662,1.03627724257095,2021,"12",17,"Winter",148,0.970534349904217,0.929065951459308
"01633000",2021-12-18,85,0.986078886310905,0.981503114216655,2021,"12",18,"Winter",148,0.970534349904217,0.929065951459308
"01633000",2021-12-19,83.9,0.987058823529412,1.0009937716263,2021,"12",19,"Winter",148,0.970534349904217,0.929065951459308
"01633000",2021-12-20,81.1,0.966626936829559,0.979300233975119,2021,"12",20,"Winter",148,0.970534349904217,0.929065951459308
"01633000",2021-12-21,80.3,0.990135635018496,1.02432034251605,2021,"12",21,"Winter",148,0.970534349904217,0.929065951459308
"01633000",2021-12-22,78.7,0.980074719800747,0.989838851504864,2021,"12",22,"Winter",148,0.970534349904217,0.929065951459308
"01633000",2021-12-23,77.1,0.979669631512071,0.999586676117145,2021,"12",23,"Winter",148,0.970534349904217,0.929065951459308
"01633000",2021-12-24,75.6,0.980544747081712,1.00089327620403,2021,"12",24,"Winter",148,0.970534349904217,0.929065951459308
"01633000",2021-12-25,75,0.992063492063492,1.0117472915092,2021,"12",25,"Winter",148,0.970534349904217,0.929065951459308
"01633000",2021-12-26,75.2,1.00266666666667,1.010688,2021,"12",26,"Winter",148,0.970534349904217,0.929065951459308
"01633000",2021-12-27,72.4,0.962765957446809,0.960205409687642,2021,"12",27,"Winter",148,0.970534349904217,0.929065951459308
"01633000",2021-12-28,71.3,0.984806629834254,1.02289307408199,2021,"12",28,"Winter",148,0.970534349904217,0.929065951459308
"01633000",2021-12-29,70.7,0.991584852734923,1.00688279576449,2021,"12",29,"Winter",148,0.970534349904217,0.929065951459308
"01633000",2022-08-13,106,0.883333333333333,1.00111111111111,2022,"08",13,"Summer",149,0.971344580745035,0.971901671592359
"01633000",2022-08-14,96.1,0.906603773584906,1.02634389462442,2022,"08",14,"Summer",149,0.971344580745035,0.971901671592359
"01633000",2022-08-15,102,1.06139438085328,1.17073677804836,2022,"08",15,"Summer",149,0.971344580745035,0.971901671592359
"01633000",2022-08-16,126,1.23529411764706,1.16384083044983,2022,"08",16,"Summer",149,0.971344580745035,0.971901671592359
"01633000",2022-08-17,110,0.873015873015873,0.706727135298564,2022,"08",17,"Summer",149,0.971344580745035,0.971901671592359
"01633000",2022-08-18,97.6,0.887272727272727,1.0163305785124,2022,"08",18,"Summer",149,0.971344580745035,0.971901671592359
"01633000",2022-08-19,87.7,0.898565573770492,1.01272759338887,2022,"08",19,"Summer",149,0.971344580745035,0.971901671592359
"01633000",2022-08-20,85.9,0.979475484606613,1.09004341274351,2022,"08",20,"Summer",149,0.971344580745035,0.971901671592359
"01633000",2022-08-21,79.8,0.928987194412107,0.94845374796207,2022,"08",21,"Summer",149,0.971344580745035,0.971901671592359
"01633000",2022-08-22,79.6,0.99749373433584,1.07374325538156,2022,"08",22,"Summer",149,0.971344580745035,0.971901671592359
"01633000",2022-08-23,79.4,0.99748743718593,0.999993687028106,2022,"08",23,"Summer",149,0.971344580745035,0.971901671592359
"01633000",2022-08-24,76.9,0.968513853904282,0.970953435400263,2022,"08",24,"Summer",149,0.971344580745035,0.971901671592359
"01633000",2022-08-25,71.5,0.929778933680104,0.96000581708973,2022,"08",25,"Summer",149,0.971344580745035,0.971901671592359
"01633000",2022-08-26,68.1,0.952447552447552,1.02438065431072,2022,"08",26,"Summer",149,0.971344580745035,0.971901671592359
"01633000",2022-08-27,66.9,0.982378854625551,1.03142566968762,2022,"08",27,"Summer",149,0.971344580745035,0.971901671592359
"01633000",2022-08-28,63.4,0.947683109118087,0.96468190928164,2022,"08",28,"Summer",149,0.971344580745035,0.971901671592359
"01633000",2022-08-29,64,1.00946372239748,1.06519121495885,2022,"08",29,"Summer",149,0.971344580745035,0.971901671592359
"01633000",2022-08-30,63.5,0.9921875,0.9828857421875,2022,"08",30,"Summer",149,0.971344580745035,0.971901671592359
"01633000",2022-08-31,66.7,1.0503937007874,1.05866451732903,2022,"08",31,"Summer",149,0.971344580745035,0.971901671592359
"01633000",2022-09-01,61.9,0.928035982008995,0.883512516605266,2022,"09",1,"Fall",149,0.971344580745035,0.971901671592359
"01633000",2022-09-02,58.8,0.949919224555735,1.02358016603986,2022,"09",2,"Fall",149,0.971344580745035,0.971901671592359
"01633000",2022-09-03,57.5,0.977891156462585,1.02944664260262,2022,"09",3,"Fall",149,0.971344580745035,0.971901671592359
"01633000",2022-12-01,103,0.936363636363636,0.970413223140496,2022,"12",1,"Winter",150,1.03869525932391,0.15460472515998
"01633000",2022-12-02,97.9,0.950485436893204,1.01508153454614,2022,"12",2,"Winter",150,1.03869525932391,0.15460472515998
"01633000",2022-12-03,97,0.990806945863126,1.04242201658735,2022,"12",3,"Winter",150,1.03869525932391,0.15460472515998
"01633000",2022-12-04,95.8,0.987628865979381,0.996792432777128,2022,"12",4,"Winter",150,1.03869525932391,0.15460472515998
"01633000",2022-12-05,91.9,0.959290187891441,0.97130634890887,2022,"12",5,"Winter",150,1.03869525932391,0.15460472515998
"01633000",2022-12-06,87.5,0.952121871599565,0.992527478772996,2022,"12",6,"Winter",150,1.03869525932391,0.15460472515998
"01633000",2022-12-07,87,0.994285714285714,1.04428408163265,2022,"12",7,"Winter",150,1.03869525932391,0.15460472515998
"01633000",2022-12-08,88,1.01149425287356,1.01730743823491,2022,"12",8,"Winter",150,1.03869525932391,0.15460472515998
"01633000",2022-12-09,83.8,0.952272727272727,0.941451446280992,2022,"12",9,"Winter",150,1.03869525932391,0.15460472515998
"01633000",2022-12-10,80,0.954653937947494,1.00250055536252,2022,"12",10,"Winter",150,1.03869525932391,0.15460472515998
"01633000",2022-12-11,74.9,0.93625,0.980721875,2022,"12",11,"Winter",150,1.03869525932391,0.15460472515998
"01633000",2022-12-12,74.5,0.994659546061415,1.06238669806293,2022,"12",12,"Winter",150,1.03869525932391,0.15460472515998
"01633000",2022-12-13,73.7,0.989261744966443,0.994573217422639,2022,"12",13,"Winter",150,1.03869525932391,0.15460472515998
"01633000",2022-12-14,71.3,0.967435549525102,0.977936885205157,2022,"12",14,"Winter",150,1.03869525932391,0.15460472515998
"01633000",2022-12-15,122,1.71107994389902,1.76867590273994,2022,"12",15,"Winter",150,1.03869525932391,0.15460472515998
"01633000",2022-12-16,595,4.87704918032787,2.85027546358506,2022,"12",16,"Winter",150,1.03869525932391,0.15460472515998
"01633000",2022-12-17,520,0.873949579831933,0.179196384436127,2022,"12",17,"Winter",150,1.03869525932391,0.15460472515998
"01633000",2022-12-18,456,0.876923076923077,1.00340236686391,2022,"12",18,"Winter",150,1.03869525932391,0.15460472515998
"01633000",2023-03-29,327,0.934285714285714,1.02504489795918,2023,"03",29,"Spring",151,0.958385286391604,0.988427954910891
"01633000",2023-03-30,300,0.917431192660551,0.98195999214432,2023,"03",30,"Spring",151,0.958385286391604,0.988427954910891
"01633000",2023-03-31,277,0.923333333333333,1.00643333333333,2023,"03",31,"Spring",151,0.958385286391604,0.988427954910891
"01633000",2023-04-01,283,1.02166064981949,1.10649167850487,2023,"04",1,"Spring",151,0.958385286391604,0.988427954910891
"01633000",2023-04-02,287,1.01413427561837,0.992633195569928,2023,"04",2,"Spring",151,0.958385286391604,0.988427954910891
"01633000",2023-04-03,261,0.909407665505226,0.896732994208986,2023,"04",3,"Spring",151,0.958385286391604,0.988427954910891
"01633000",2023-04-04,241,0.923371647509579,1.01535503002011,2023,"04",4,"Spring",151,0.958385286391604,0.988427954910891
"01633000",2023-04-05,234,0.970954356846473,1.05153148189597,2023,"04",5,"Spring",151,0.958385286391604,0.988427954910891
"01633000",2023-04-06,222,0.948717948717949,0.977098400175323,2023,"04",6,"Spring",151,0.958385286391604,0.988427954910891
"01633000",2023-04-07,213,0.959459459459459,1.01132213294375,2023,"04",7,"Spring",151,0.958385286391604,0.988427954910891
"01633000",2023-04-08,202,0.948356807511737,0.988428221913642,2023,"04",8,"Spring",151,0.958385286391604,0.988427954910891
"01633000",2023-04-09,188,0.930693069306931,0.981374375061269,2023,"04",9,"Spring",151,0.958385286391604,0.988427954910891
"01633000",2023-04-10,177,0.941489361702128,1.01160027161612,2023,"04",10,"Spring",151,0.958385286391604,0.988427954910891
"01633000",2023-04-11,167,0.943502824858757,1.00213859363529,2023,"04",11,"Spring",151,0.958385286391604,0.988427954910891
"01633000",2023-04-12,160,0.958083832335329,1.01545412169673,2023,"04",12,"Spring",151,0.958385286391604,0.988427954910891
"01633000",2023-04-13,151,0.94375,0.9850390625,2023,"04",13,"Spring",151,0.958385286391604,0.988427954910891
"01633000",2023-04-14,147,0.973509933774834,1.03153370466208,2023,"04",14,"Spring",151,0.958385286391604,0.988427954910891
"01633000",2023-04-15,144,0.979591836734694,1.00624739691795,2023,"04",15,"Spring",151,0.958385286391604,0.988427954910891
"01633000",2023-04-16,144,1,1.02083333333333,2023,"04",16,"Spring",151,0.958385286391604,0.988427954910891
"01633000",2023-04-17,143,0.993055555555556,0.993055555555556,2023,"04",17,"Spring",151,0.958385286391604,0.988427954910891
"01633000",2023-04-18,137,0.958041958041958,0.964741552154139,2023,"04",18,"Spring",151,0.958385286391604,0.988427954910891
"01633000",2023-04-19,129,0.941605839416058,0.982844051361287,2023,"04",19,"Spring",151,0.958385286391604,0.988427954910891
"01633000",2023-04-20,119,0.922480620155039,0.97968872062977,2023,"04",20,"Spring",151,0.958385286391604,0.988427954910891
"01633000",2023-04-21,108,0.907563025210084,0.983828825647906,2023,"04",21,"Spring",151,0.958385286391604,0.988427954910891
"01633000",2023-04-22,106,0.981481481481482,1.08144718792867,2023,"04",22,"Spring",151,0.958385286391604,0.988427954910891
"01633000",2023-04-23,117,1.10377358490566,1.12459950160199,2023,"04",23,"Spring",151,0.958385286391604,0.988427954910891
"01633000",2023-04-24,108,0.923076923076923,0.83629191321499,2023,"04",24,"Spring",151,0.958385286391604,0.988427954910891
"01633000",2023-04-25,102,0.944444444444444,1.02314814814815,2023,"04",25,"Spring",151,0.958385286391604,0.988427954910891
"01633000",2023-04-26,96.5,0.946078431372549,1.00173010380623,2023,"04",26,"Spring",151,0.958385286391604,0.988427954910891
"01633000",2023-04-27,92.1,0.95440414507772,1.00880023624795,2023,"04",27,"Spring",151,0.958385286391604,0.988427954910891
"01633000",2023-06-01,73.7,0.868080094228504,0.975439823196694,2023,"06",1,"Summer",152,0.96607410775084,0.914451189690651
"01633000",2023-06-02,67.6,0.917232021709634,1.05662141985275,2023,"06",2,"Summer",152,0.96607410775084,0.914451189690651
"01633000",2023-06-03,62.6,0.92603550295858,1.00959787822555,2023,"06",3,"Summer",152,0.96607410775084,0.914451189690651
"01633000",2023-06-04,61.3,0.979233226837061,1.05744674335759,2023,"06",4,"Summer",152,0.96607410775084,0.914451189690651
"01633000",2023-06-05,63.5,1.03588907014682,1.05785735385303,2023,"06",5,"Summer",152,0.96607410775084,0.914451189690651
"01633000",2023-06-06,59,0.929133858267717,0.896943393886788,2023,"06",6,"Summer",152,0.96607410775084,0.914451189690651
"01633000",2023-06-07,54.2,0.91864406779661,0.988710140764148,2023,"06",7,"Summer",152,0.96607410775084,0.914451189690651
"01633000",2023-06-08,51.5,0.950184501845018,1.03433368282022,2023,"06",8,"Summer",152,0.96607410775084,0.914451189690651
"01633000",2023-06-09,49.1,0.953398058252427,1.00338203412197,2023,"06",9,"Summer",152,0.96607410775084,0.914451189690651
"01633000",2023-06-10,47.8,0.973523421588595,1.02110908781696,2023,"06",10,"Summer",152,0.96607410775084,0.914451189690651
"01633000",2023-06-11,47.5,0.993723849372385,1.02074981180301,2023,"06",11,"Summer",152,0.96607410775084,0.914451189690651
"01633000",2023-06-12,46.1,0.970526315789474,0.97665595567867,2023,"06",12,"Summer",152,0.96607410775084,0.914451189690651
"01633000",2023-06-13,45,0.976138828633406,1.00578295791945,2023,"06",13,"Summer",152,0.96607410775084,0.914451189690651
"01633000",2023-06-14,41.7,0.926666666666667,0.949318518518519,2023,"06",14,"Summer",152,0.96607410775084,0.914451189690651
"01633000",2023-06-15,38.7,0.928057553956835,1.00150095750738,2023,"06",15,"Summer",152,0.96607410775084,0.914451189690651
"01633000",2023-06-16,38.8,1.00258397932817,1.08030366764818,2023,"06",16,"Summer",152,0.96607410775084,0.914451189690651
"01633000",2023-06-17,41.3,1.06443298969072,1.06168960569667,2023,"06",17,"Summer",152,0.96607410775084,0.914451189690651
"01633000",2023-06-18,41.4,1.00242130750605,0.94174205160375,2023,"06",18,"Summer",152,0.96607410775084,0.914451189690651
"01633000",2023-06-19,40.6,0.980676328502415,0.978307545100236,2023,"06",19,"Summer",152,0.96607410775084,0.914451189690651
"01633000",2024-04-19,389,0.876126126126126,1.01425411898385,2024,"04",19,"Spring",153,0.930619049573511,0.987679685762519
"01633000",2024-04-20,352,0.904884318766067,1.03282426100806,2024,"04",20,"Spring",153,0.930619049573511,0.987679685762519
"01633000",2024-04-21,315,0.894886363636364,0.988951123450413,2024,"04",21,"Spring",153,0.930619049573511,0.987679685762519
"01633000",2024-04-22,285,0.904761904761905,1.01103552532124,2024,"04",22,"Spring",153,0.930619049573511,0.987679685762519
"01633000",2024-04-23,261,0.91578947368421,1.01218836565097,2024,"04",23,"Spring",153,0.930619049573511,0.987679685762519
"01633000",2024-04-24,243,0.931034482758621,1.0166468489893,2024,"04",24,"Spring",153,0.930619049573511,0.987679685762519
"01633000",2024-04-25,226,0.930041152263374,0.998933089468069,2024,"04",25,"Spring",153,0.930619049573511,0.987679685762519
"01633000",2024-04-26,214,0.946902654867257,1.0181298457201,2024,"04",26,"Spring",153,0.930619049573511,0.987679685762519
"01633000",2024-04-27,206,0.962616822429907,1.01659533583719,2024,"04",27,"Spring",153,0.930619049573511,0.987679685762519
"01633000",2024-04-28,194,0.941747572815534,0.978320294089924,2024,"04",28,"Spring",153,0.930619049573511,0.987679685762519
"01633000",2024-04-29,177,0.912371134020619,0.968806461898183,2024,"04",29,"Spring",153,0.930619049573511,0.987679685762519
"01633000",2024-04-30,164,0.926553672316384,1.01554470299084,2024,"04",30,"Spring",153,0.930619049573511,0.987679685762519
"01633000",2024-05-01,155,0.945121951219512,1.02004015466984,2024,"05",1,"Spring",153,0.930619049573511,0.987679685762519
"01633000",2024-05-02,144,0.929032258064516,0.982976066597295,2024,"05",2,"Spring",153,0.930619049573511,0.987679685762519
"01633000",2024-05-27,371,0.848970251716247,1.00827359414355,2024,"05",27,"Spring",154,0.93345376063304,0.979817901890595
"01633000",2024-05-28,326,0.878706199460916,1.03502590071272,2024,"05",28,"Spring",154,0.93345376063304,0.979817901890595
"01633000",2024-05-29,292,0.895705521472393,1.01934585419097,2024,"05",29,"Spring",154,0.93345376063304,0.979817901890595
"01633000",2024-05-30,260,0.89041095890411,0.994088947269657,2024,"05",30,"Spring",154,0.93345376063304,0.979817901890595
"01633000",2024-05-31,225,0.865384615384615,0.97189349112426,2024,"05",31,"Spring",154,0.93345376063304,0.979817901890595
"01633000",2024-06-01,199,0.884444444444444,1.02202469135802,2024,"06",1,"Summer",154,0.93345376063304,0.979817901890595
"01633000",2024-06-02,179,0.899497487437186,1.01701977222797,2024,"06",2,"Summer",154,0.93345376063304,0.979817901890595
"01633000",2024-06-03,166,0.927374301675978,1.0309915420867,2024,"06",3,"Summer",154,0.93345376063304,0.979817901890595
"01633000",2024-06-04,157,0.94578313253012,1.01985048628248,2024,"06",4,"Summer",154,0.93345376063304,0.979817901890595
"01633000",2024-06-05,163,1.03821656050955,1.09773215951966,2024,"06",5,"Summer",154,0.93345376063304,0.979817901890595
"01633000",2024-06-06,150,0.920245398773006,0.886371335014491,2024,"06",6,"Summer",154,0.93345376063304,0.979817901890595
"01633000",2024-06-07,136,0.906666666666667,0.985244444444444,2024,"06",7,"Summer",154,0.93345376063304,0.979817901890595
"01633000",2024-06-08,124,0.911764705882353,1.00562283737024,2024,"06",8,"Summer",154,0.93345376063304,0.979817901890595
"01633000",2024-06-09,118,0.951612903225806,1.04370447450572,2024,"06",9,"Summer",154,0.93345376063304,0.979817901890595
"01633000",2024-06-10,114,0.966101694915254,1.01522550991095,2024,"06",10,"Summer",154,0.93345376063304,0.979817901890595
"01633000",2024-06-11,111,0.973684210526316,1.0078485687904,2024,"06",11,"Summer",154,0.93345376063304,0.979817901890595
"01633000",2024-06-12,105,0.945945945945946,0.971512052593134,2024,"06",12,"Summer",154,0.93345376063304,0.979817901890595
"01633000",2024-06-13,95.6,0.91047619047619,0.962503401360544,2024,"06",13,"Summer",154,0.93345376063304,0.979817901890595
"01633000",2024-06-14,87.3,0.913179916317992,1.00296957336181,2024,"06",14,"Summer",154,0.93345376063304,0.979817901890595
"01633000",2024-06-15,88.5,1.01374570446735,1.11012702573974,2024,"06",15,"Summer",154,0.93345376063304,0.979817901890595
"01633000",2024-06-16,84.2,0.951412429378531,0.938511921861534,2024,"06",16,"Summer",154,0.93345376063304,0.979817901890595
"01633000",2024-06-17,76.1,0.903800475059382,0.949956556327261,2024,"06",17,"Summer",154,0.93345376063304,0.979817901890595
"01633000",2024-06-18,68.5,0.900131406044678,0.995940399329329,2024,"06",18,"Summer",154,0.93345376063304,0.979817901890595
"01633000",2024-06-19,64.1,0.935766423357664,1.03958868346742,2024,"06",19,"Summer",154,0.93345376063304,0.979817901890595
"01633000",2024-06-20,61.1,0.953198127925117,1.01862826463137,2024,"06",20,"Summer",154,0.93345376063304,0.979817901890595
"01633000",2024-06-21,55,0.900163666121113,0.944361554801364,2024,"06",21,"Summer",154,0.93345376063304,0.979817901890595
"01633000",2024-06-22,51.8,0.941818181818182,1.04627438016529,2024,"06",22,"Summer",154,0.93345376063304,0.979817901890595
"01633000",2024-06-23,50.2,0.969111969111969,1.02897988998375,2024,"06",23,"Summer",154,0.93345376063304,0.979817901890595
"01633000",2024-10-09,358,0.871046228710462,1.01728026710711,2024,"10",9,"Fall",155,0.951538884484683,0.955832242008244
"01633000",2024-10-10,312,0.871508379888268,1.00053057020692,2024,"10",10,"Fall",155,0.951538884484683,0.955832242008244
"01633000",2024-10-11,284,0.91025641025641,1.04446088099934,2024,"10",11,"Fall",155,0.951538884484683,0.955832242008244
"01633000",2024-10-12,257,0.904929577464789,0.994147986510613,2024,"10",12,"Fall",155,0.951538884484683,0.955832242008244
"01633000",2024-10-13,237,0.922178988326848,1.01906160577753,2024,"10",13,"Fall",155,0.951538884484683,0.955832242008244
"01633000",2024-10-14,221,0.932489451476793,1.01118054442842,2024,"10",14,"Fall",155,0.951538884484683,0.955832242008244
"01633000",2024-10-15,213,0.963800904977376,1.03357834606171,2024,"10",15,"Fall",155,0.951538884484683,0.955832242008244
"01633000",2024-10-16,205,0.962441314553991,0.998589345147568,2024,"10",16,"Fall",155,0.951538884484683,0.955832242008244
"01633000",2024-10-17,192,0.936585365853659,0.97313503866746,2024,"10",17,"Fall",155,0.951538884484683,0.955832242008244
"01633000",2024-10-18,179,0.932291666666667,0.995415581597222,2024,"10",18,"Fall",155,0.951538884484683,0.955832242008244
"01633000",2024-10-19,168,0.93854748603352,1.00671015261696,2024,"10",19,"Fall",155,0.951538884484683,0.955832242008244
"01633000",2024-10-20,161,0.958333333333333,1.02108134920635,2024,"10",20,"Fall",155,0.951538884484683,0.955832242008244
"01633000",2024-10-21,153,0.950310559006211,0.991628409397786,2024,"10",21,"Fall",155,0.951538884484683,0.955832242008244
"01633000",2024-10-22,142,0.928104575163399,0.976632918962792,2024,"10",22,"Fall",155,0.951538884484683,0.955832242008244
"01633000",2024-10-23,136,0.957746478873239,1.03193810751835,2024,"10",23,"Fall",155,0.951538884484683,0.955832242008244
"01633000",2024-10-24,132,0.970588235294118,1.01340830449827,2024,"10",24,"Fall",155,0.951538884484683,0.955832242008244
"01633000",2024-10-25,128,0.96969696969697,0.999081726354454,2024,"10",25,"Fall",155,0.951538884484683,0.955832242008244
"01633000",2024-10-26,124,0.96875,0.9990234375,2024,"10",26,"Fall",155,0.951538884484683,0.955832242008244
"01633000",2024-10-27,126,1.01612903225806,1.04890738813736,2024,"10",27,"Fall",155,0.951538884484683,0.955832242008244
"01633000",2024-10-28,121,0.96031746031746,0.945074326026707,2024,"10",28,"Fall",155,0.951538884484683,0.955832242008244
"01633000",2024-10-29,115,0.950413223140496,0.989686496823987,2024,"10",29,"Fall",155,0.951538884484683,0.955832242008244
"01633000",2024-10-30,112,0.973913043478261,1.0247258979206,2024,"10",30,"Fall",155,0.951538884484683,0.955832242008244
"01633000",2024-10-31,107,0.955357142857143,0.980947066326531,2024,"10",31,"Fall",155,0.951538884484683,0.955832242008244
"01633000",2024-11-01,105,0.981308411214953,1.0271639444493,2024,"11",1,"Fall",155,0.951538884484683,0.955832242008244
"01633000",2025-02-19,750,0.859106529209622,1.0234487862291,2025,"02",19,"Winter",156,0.925592459012543,0.973452182571787
"01633000",2025-02-20,661,0.881333333333333,1.025872,2025,"02",20,"Winter",156,0.925592459012543,0.973452182571787
"01633000",2025-02-21,577,0.872919818456883,0.990453651804331,2025,"02",21,"Winter",156,0.925592459012543,0.973452182571787
"01633000",2025-02-22,507,0.878682842287695,1.00660200823599,2025,"02",22,"Winter",156,0.925592459012543,0.973452182571787
"01633000",2025-02-23,469,0.925049309664694,1.05276814926337,2025,"02",23,"Winter",156,0.925592459012543,0.973452182571787
"01633000",2025-02-24,432,0.921108742004264,0.99574015393638,2025,"02",24,"Winter",156,0.925592459012543,0.973452182571787
"01633000",2025-02-25,401,0.928240740740741,1.00774284122085,2025,"02",25,"Winter",156,0.925592459012543,0.973452182571787
"01633000",2025-02-26,373,0.930174563591022,1.00208332037736,2025,"02",26,"Winter",156,0.925592459012543,0.973452182571787
"01633000",2025-02-27,351,0.941018766756032,1.01165824522565,2025,"02",27,"Winter",156,0.925592459012543,0.973452182571787
"01633000",2025-02-28,332,0.945868945868946,1.00515417894335,2025,"02",28,"Winter",156,0.925592459012543,0.973452182571787
"01633000",2025-03-01,309,0.930722891566265,0.983987153433009,2025,"03",1,"Spring",156,0.925592459012543,0.973452182571787
"01633000",2025-03-02,296,0.957928802588997,1.02923094647103,2025,"03",2,"Spring",156,0.925592459012543,0.973452182571787
"01633000",2025-03-03,278,0.939189189189189,0.980437363038714,2025,"03",3,"Spring",156,0.925592459012543,0.973452182571787
"01633000",2025-03-04,266,0.956834532374101,1.01878784741991,2025,"03",4,"Spring",156,0.925592459012543,0.973452182571787
"01633000",2025-04-12,197,0.960975609756098,0.993789411064842,2025,"04",12,"Spring",157,0.961267347804113,0.859130888944581
"01633000",2025-04-13,182,0.923857868020305,0.961374938802855,2025,"04",13,"Spring",157,0.961267347804113,0.859130888944581
"01633000",2025-04-14,165,0.906593406593407,0.981312643400555,2025,"04",14,"Spring",157,0.961267347804113,0.859130888944581
"01633000",2025-04-15,167,1.01212121212121,1.11640036730946,2025,"04",15,"Spring",157,0.961267347804113,0.859130888944581
"01633000",2025-04-16,165,0.988023952095808,0.97619132991502,2025,"04",16,"Spring",157,0.961267347804113,0.859130888944581
"01633000",2025-04-17,153,0.927272727272727,0.938512396694215,2025,"04",17,"Spring",157,0.961267347804113,0.859130888944581
"01633000",2025-04-18,137,0.895424836601307,0.965654235550429,2025,"04",18,"Spring",157,0.961267347804113,0.859130888944581
"01633000",2025-04-19,123,0.897810218978102,1.00266396717992,2025,"04",19,"Spring",157,0.961267347804113,0.859130888944581
"01633000",2025-04-20,118,0.959349593495935,1.06854385617027,2025,"04",20,"Spring",157,0.961267347804113,0.859130888944581
"01633000",2025-04-21,114,0.966101694915254,1.00703820741166,2025,"04",21,"Spring",157,0.961267347804113,0.859130888944581
"01633000",2025-04-22,116,1.01754385964912,1.05324715297014,2025,"04",22,"Spring",157,0.961267347804113,0.859130888944581
"01633000",2025-04-23,113,0.974137931034483,0.957342449464923,2025,"04",23,"Spring",157,0.961267347804113,0.859130888944581
"01633000",2025-04-24,107,0.946902654867257,0.972041663403555,2025,"04",24,"Spring",157,0.961267347804113,0.859130888944581
"01633000",2025-04-25,103,0.962616822429907,1.01659533583719,2025,"04",25,"Spring",157,0.961267347804113,0.859130888944581
"01633000",2025-04-26,125,1.21359223300971,1.2607220284664,2025,"04",26,"Spring",157,0.961267347804113,0.859130888944581
"01633000",2025-04-27,134,1.072,0.883328,2025,"04",27,"Spring",157,0.961267347804113,0.859130888944581
"01633000",2025-04-28,120,0.895522388059702,0.83537536199599,2025,"04",28,"Spring",157,0.961267347804113,0.859130888944581
"01633000",2025-04-29,107,0.891666666666667,0.995694444444444,2025,"04",29,"Spring",157,0.961267347804113,0.859130888944581
"01633000",2025-08-07,281,0.903536977491961,1.01393699403439,2025,"08",7,"Summer",158,0.953753011420601,0.97244802955154
"01633000",2025-08-08,255,0.907473309608541,1.004356581097,2025,"08",8,"Summer",158,0.953753011420601,0.97244802955154
"01633000",2025-08-09,239,0.937254901960784,1.03281814686659,2025,"08",9,"Summer",158,0.953753011420601,0.97244802955154
"01633000",2025-08-10,222,0.928870292887029,0.991054078184906,2025,"08",10,"Summer",158,0.953753011420601,0.97244802955154
"01633000",2025-08-11,203,0.914414414414414,0.984437139842545,2025,"08",11,"Summer",158,0.953753011420601,0.97244802955154
"01633000",2025-08-12,188,0.926108374384236,1.01278846853843,2025,"08",12,"Summer",158,0.953753011420601,0.97244802955154
"01633000",2025-08-13,184,0.978723404255319,1.05681303757356,2025,"08",13,"Summer",158,0.953753011420601,0.97244802955154
"01633000",2025-08-14,217,1.17934782608696,1.20498582230624,2025,"08",14,"Summer",158,0.953753011420601,0.97244802955154
"01633000",2025-08-15,190,0.875576036866359,0.742423920660876,2025,"08",15,"Summer",158,0.953753011420601,0.97244802955154
"01633000",2025-08-16,171,0.9,1.02789473684211,2025,"08",16,"Summer",158,0.953753011420601,0.97244802955154
"01633000",2025-08-17,160,0.935672514619883,1.03963612735543,2025,"08",17,"Summer",158,0.953753011420601,0.97244802955154
"01633000",2025-08-18,151,0.94375,1.0086328125,2025,"08",18,"Summer",158,0.953753011420601,0.97244802955154
"01633000",2025-08-19,146,0.966887417218543,1.02451646857594,2025,"08",19,"Summer",158,0.953753011420601,0.97244802955154
"01633000",2025-08-20,143,0.979452054794521,1.01299493338337,2025,"08",20,"Summer",158,0.953753011420601,0.97244802955154
"01633000",2025-08-21,138,0.965034965034965,0.985280453811922,2025,"08",21,"Summer",158,0.953753011420601,0.97244802955154
"01633000",2025-08-22,129,0.934782608695652,0.968651543793321,2025,"08",22,"Summer",158,0.953753011420601,0.97244802955154
"01633000",2025-08-23,123,0.953488372093023,1.02001081665765,2025,"08",23,"Summer",158,0.953753011420601,0.97244802955154
"01633000",2025-08-28,110,0.932203389830508,1.01120367710428,2025,"08",28,"Summer",159,0.971990554976629,0.966159227005755
"01633000",2025-08-29,104,0.945454545454545,1.01421487603306,2025,"08",29,"Summer",159,0.971990554976629,0.966159227005755
"01633000",2025-08-30,102,0.980769230769231,1.03735207100592,2025,"08",30,"Summer",159,0.971990554976629,0.966159227005755
"01633000",2025-08-31,99.1,0.97156862745098,0.990618992695117,2025,"08",31,"Summer",159,0.971990554976629,0.966159227005755
"01633000",2025-09-01,95.5,0.963673057517659,0.99187337907973,2025,"09",1,"Fall",159,0.971990554976629,0.966159227005755
"01633000",2025-09-02,90.6,0.94869109947644,0.984453277048326,2025,"09",2,"Fall",159,0.971990554976629,0.966159227005755
"01633000",2025-09-03,87.6,0.966887417218543,1.01918044530211,2025,"09",3,"Fall",159,0.971990554976629,0.966159227005755
"01633000",2025-09-04,83.7,0.955479452054795,0.988201351097767,2025,"09",4,"Fall",159,0.971990554976629,0.966159227005755
"01633000",2025-09-05,80.8,0.965352449223417,1.01033302929476,2025,"09",5,"Fall",159,0.971990554976629,0.966159227005755
"01633000",2025-09-06,76.4,0.945544554455446,0.979481178315852,2025,"09",6,"Fall",159,0.971990554976629,0.966159227005755
"01633000",2025-09-07,87.3,1.14267015706806,1.20847838600916,2025,"09",7,"Fall",159,0.971990554976629,0.966159227005755
"01633000",2025-09-08,82.4,0.943871706758305,0.826022891137852,2025,"09",8,"Fall",159,0.971990554976629,0.966159227005755
"01633000",2025-09-09,75.7,0.918689320388349,0.973320117353191,2025,"09",9,"Fall",159,0.971990554976629,0.966159227005755
"01633000",2025-09-10,74.1,0.97886393659181,1.06550050693745,2025,"09",10,"Fall",159,0.971990554976629,0.966159227005755
"01633000",2025-09-11,72.2,0.974358974358974,0.995397764628534,2025,"09",11,"Fall",159,0.971990554976629,0.966159227005755
"01633000",2025-09-12,69.7,0.965373961218837,0.990778539145648,2025,"09",12,"Fall",159,0.971990554976629,0.966159227005755
"01633000",2025-09-13,67.6,0.96987087517934,1.00465820929625,2025,"09",13,"Fall",159,0.971990554976629,0.966159227005755
"01633000",2025-09-14,67.1,0.992603550295858,1.02343886768671,2025,"09",14,"Fall",159,0.971990554976629,0.966159227005755
