"site_no","Date","Flow_in","AGWR","delta_AGWR","Year","Month","Day","Season","GroupID","calc_AGWR","R_squared"
"01634000",1984-01-04,0.0197852137498558,0.976923908816944,0.997998650652849,1984,"01",4,"Winter",1,1.00318104480743,0.0861089400068457
"01634000",1984-01-05,0.0192636571009643,0.973639069282473,0.996637568694118,1984,"01",5,"Winter",1,1.00318104480743,0.0861089400068457
"01634000",1984-01-06,0.0186646347865462,0.968904019040698,0.995136749960882,1984,"01",6,"Winter",1,1.00318104480743,0.0861089400068457
"01634000",1984-01-07,0.0181424238253385,0.972021367298107,1.00321739635315,1984,"01",7,"Winter",1,1.00318104480743,0.0861089400068457
"01634000",1984-01-08,0.0177269174600951,0.977097527362191,1.00522227209695,1984,"01",8,"Winter",1,1.00318104480743,0.0861089400068457
"01634000",1984-01-09,0.0173071557655931,0.976320660631099,0.99920492406404,1984,"01",9,"Winter",1,1.00318104480743,0.0861089400068457
"01634000",1984-01-10,0.0170297526055947,0.983971764988107,1.00783667156246,1984,"01",10,"Winter",1,1.00318104480743,0.0861089400068457
"01634000",1984-01-11,0.0168453656951897,0.989172660656008,1.00528561474319,1984,"01",11,"Winter",1,1.00318104480743,0.0861089400068457
"01634000",1984-01-12,0.0164885192643851,0.978816344075779,0.989530324692394,1984,"01",12,"Winter",1,1.00318104480743,0.0861089400068457
"01634000",1984-01-13,0.0161392648005858,0.97881832454454,1.00000202333029,1984,"01",13,"Winter",1,1.00318104480743,0.0861089400068457
"01634000",1984-01-14,0.0157974394969642,0.978820267970993,1.00000198548229,1984,"01",14,"Winter",1,1.00318104480743,0.0861089400068457
"01634000",1984-01-15,0.0154628838063218,0.978822157178906,1.00000193008663,1984,"01",15,"Winter",1,1.00318104480743,0.0861089400068457
"01634000",1984-01-16,0.0151354413246736,0.978823970628667,1.00000185268565,1984,"01",16,"Winter",1,1.00318104480743,0.0861089400068457
"01634000",1984-01-17,0.0148149598971941,0.978825762618689,1.00000183075821,1984,"01",17,"Winter",1,1.00318104480743,0.0861089400068457
"01634000",1984-01-18,0.014501289522741,0.978827457068414,1.00000173110454,1984,"01",18,"Winter",1,1.00318104480743,0.0861089400068457
"01634000",1984-01-19,0.0141942844493315,0.978829119098127,1.00000169798027,1984,"01",19,"Winter",1,1.00318104480743,0.0861089400068457
"01634000",1984-01-20,0.0138938020681962,0.978830748234768,1.00000166437288,1984,"01",20,"Winter",1,1.00318104480743,0.0861089400068457
"01634000",1984-01-21,0.0135997023317032,0.978832307020819,1.00000159249804,1984,"01",21,"Winter",1,1.00318104480743,0.0861089400068457
"01634000",1984-01-22,0.0133118486846797,0.978833827388089,1.0000015532459,1984,"01",22,"Winter",1,1.00318104480743,0.0861089400068457
"01634000",1984-01-23,0.0130301073659211,0.97883529737813,1.00000150177691,1984,"01",23,"Winter",1,1.00318104480743,0.0861089400068457
"01634000",1984-01-24,0.012754347815644,0.978836739979721,1.000001473794,1984,"01",24,"Winter",1,1.00318104480743,0.0861089400068457
"01634000",1984-01-25,0.0126319658593275,0.990404687241913,1.0118180558511,1984,"01",25,"Winter",1,1.00318104480743,0.0861089400068457
"01634000",1984-01-26,0.012686419475358,1.00431077922763,1.01404081802606,1984,"01",26,"Winter",1,1.00318104480743,0.0861089400068457
"01634000",1984-01-27,0.0127736926660873,1.00687926100022,1.00255745713948,1984,"01",27,"Winter",1,1.00318104480743,0.0861089400068457
"01634000",1984-01-28,0.0127099679666571,0.99501125468602,0.9882130789918,1984,"01",28,"Winter",1,1.00318104480743,0.0861089400068457
"01634000",1984-01-29,0.0124402001383714,0.978775097703362,0.983682438860673,1984,"01",29,"Winter",1,1.00318104480743,0.0861089400068457
"01634000",1984-01-30,0.012202930636704,0.980927195782356,1.0021987666871,1984,"01",30,"Winter",1,1.00318104480743,0.0861089400068457
"01634000",1984-01-31,0.0120425432687625,0.986856651675211,1.00604474615277,1984,"01",31,"Winter",1,1.00318104480743,0.0861089400068457
"01634000",1984-02-01,0.0117868116940372,0.978764321703646,0.991799893168043,1984,"02",1,"Winter",1,1.00318104480743,0.0861089400068457
"01634000",1984-02-02,0.0115426901902538,0.979288588795655,1.00053564180915,1984,"02",2,"Winter",1,1.00318104480743,0.0861089400068457
"01634000",1984-02-03,0.0115665297198575,1.00206533565493,1.02325846243882,1984,"02",3,"Winter",1,1.00318104480743,0.0861089400068457
"01634000",1984-02-04,0.011832588526886,1.02300247468103,1.02089398593199,1984,"02",4,"Winter",1,1.00318104480743,0.0861089400068457
"01634000",1984-02-05,0.0119348861626349,1.0086454147811,0.985965762297483,1984,"02",5,"Winter",1,1.00318104480743,0.0861089400068457
"01634000",1984-02-06,0.0118214257818181,0.99049338391077,0.9820035558539,1984,"02",6,"Winter",1,1.00318104480743,0.0861089400068457
"01634000",1984-02-07,0.0115649914660025,0.978307666050742,0.987697325335062,1984,"02",7,"Winter",1,1.00318104480743,0.0861089400068457
"01634000",1984-02-08,0.0113143181952182,0.978324820081258,1.00001753439241,1984,"02",8,"Winter",1,1.00318104480743,0.0861089400068457
"01634000",1984-02-09,0.0110692665330134,0.978341455669122,1.000017004156,1984,"02",9,"Winter",1,1.00318104480743,0.0861089400068457
"01634000",1984-02-10,0.0108297010301612,0.978357599201563,1.00001650091831,1984,"02",10,"Winter",1,1.00318104480743,0.0861089400068457
"01634000",1984-02-11,0.0106039363017771,0.97915318920113,1.00081318936983,1984,"02",11,"Winter",1,1.00318104480743,0.0861089400068457
"01634000",1984-02-12,0.0104310213064309,0.983693320062924,1.00463679321261,1984,"02",12,"Winter",1,1.00318104480743,0.0861089400068457
"01634000",1984-02-13,0.0102279126876965,0.980528405343283,0.996782620502659,1984,"02",13,"Winter",1,1.00318104480743,0.0861089400068457
"01634000",1984-02-14,0.015424601646373,1.50808890507325,1.53803693687514,1984,"02",14,"Winter",1,1.00318104480743,0.0861089400068457
"01634000",1984-02-15,0.0190442304010503,1.23466594714479,0.818695730066937,1984,"02",15,"Winter",1,1.00318104480743,0.0861089400068457
"01634000",1984-02-16,0.018800629361067,0.987208669772768,0.799575522476928,1984,"02",16,"Winter",1,1.00318104480743,0.0861089400068457
"01634000",1984-02-17,0.0184144188533537,0.979457575579197,0.99214847434904,1984,"02",17,"Winter",1,1.00318104480743,0.0861089400068457
"01634000",1984-02-18,0.0179907384444959,0.976991920720832,0.997482632306043,1984,"02",18,"Winter",1,1.00318104480743,0.0861089400068457
"01634000",1984-02-19,0.0175177485798486,0.973709257899189,0.996640030739229,1984,"02",19,"Winter",1,1.00318104480743,0.0861089400068457
"01634000",1984-02-20,0.0169386899215169,0.966944458890239,0.993052547303961,1984,"02",20,"Winter",1,1.00318104480743,0.0861089400068457
"01634000",1984-02-21,0.0164025159319863,0.968346194893764,1.00144965513855,1984,"02",21,"Winter",1,1.00318104480743,0.0861089400068457
"01634000",1984-02-22,0.0158802572404966,0.968159842450069,0.999807555970501,1984,"02",22,"Winter",1,1.00318104480743,0.0861089400068457
"01634000",1984-02-23,0.0165045803878456,1.03931442280147,1.07349466196753,1984,"02",23,"Winter",1,1.00318104480743,0.0861089400068457
"01634000",1984-02-24,0.0222167226602323,1.34609436520987,1.29517529602011,1984,"02",24,"Winter",1,1.00318104480743,0.0861089400068457
"01634000",1984-02-25,0.0223598789307289,1.00644362684298,0.747676873817139,1984,"02",25,"Winter",1,1.00318104480743,0.0861089400068457
"01634000",1984-02-26,0.0218803185271099,0.978552638629903,0.972287580278523,1984,"02",26,"Winter",1,1.00318104480743,0.0861089400068457
"01634000",1984-02-27,0.0214056845288724,0.978307719896789,0.999749713277093,1984,"02",27,"Winter",1,1.00318104480743,0.0861089400068457
"01634000",1984-02-28,0.0211825501173735,0.989575927310433,1.01151806040622,1984,"02",28,"Winter",1,1.00318104480743,0.0861089400068457
"01634000",1984-02-29,0.0215947510441765,1.01945945717201,1.03019831933746,1984,"02",29,"Winter",1,1.00318104480743,0.0861089400068457
"01634000",1984-03-01,0.0211375136277638,0.97882645576801,0.960142601926791,1984,"03",1,"Spring",1,1.00318104480743,0.0861089400068457
"01634000",1984-03-02,0.0206710314378142,0.977931075614452,0.999085251375991,1984,"03",2,"Spring",1,1.00318104480743,0.0861089400068457
"01634000",1984-03-03,0.0202141545014456,0.977897719436832,0.999965891075095,1984,"03",3,"Spring",1,1.00318104480743,0.0861089400068457
"01634000",1984-03-04,0.0197664664010517,0.977852741732935,0.999954005717569,1984,"03",4,"Spring",1,1.00318104480743,0.0861089400068457
"01634000",1984-03-05,0.0197430963162333,0.998817690307196,1.02143978093993,1984,"03",5,"Spring",1,1.00318104480743,0.0861089400068457
"01634000",1984-03-06,0.0211745134438388,1.07250215997926,1.07377169065698,1984,"03",6,"Spring",1,1.00318104480743,0.0861089400068457
"01634000",1984-03-07,0.0210514537757263,0.994188311885469,0.926980242076801,1984,"03",7,"Spring",1,1.00318104480743,0.0861089400068457
"01634000",1984-03-08,0.0208172379643656,0.988874126516113,0.994654749703024,1984,"03",8,"Spring",1,1.00318104480743,0.0861089400068457
"01634000",1984-03-09,0.0208335292409174,1.0007825858829,1.01204244205351,1984,"03",9,"Spring",1,1.00318104480743,0.0861089400068457
"01634000",1984-03-10,0.0203623838024214,0.977385231611614,0.976620941849582,1984,"03",10,"Spring",1,1.00318104480743,0.0861089400068457
"01634000",1984-03-11,0.0199009515345097,0.977338985828523,0.999952684180612,1984,"03",11,"Spring",1,1.00318104480743,0.0861089400068457
"01634000",1984-03-12,0.0194503522361629,0.977357901828693,1.00001935459492,1984,"03",12,"Spring",1,1.00318104480743,0.0861089400068457
"01634000",1984-03-13,0.0190107048256323,0.97739642937092,1.00003942009591,1984,"03",13,"Spring",1,1.00318104480743,0.0861089400068457
"01634000",1984-12-14,0.0155370283755474,0.973200859836612,0.992540174076908,1984,"12",14,"Winter",2,0.981275612961855,0.875490026458462
"01634000",1984-12-15,0.0149821748491377,0.964288310930618,0.990842025244933,1984,"12",15,"Winter",2,0.981275612961855,0.875490026458462
"01634000",1984-12-16,0.0143917701207101,0.960592855551842,0.996167686223211,1984,"12",16,"Winter",2,0.981275612961855,0.875490026458462
"01634000",1984-12-17,0.0137954619131051,0.958566027486297,0.99789002379746,1984,"12",17,"Winter",2,0.981275612961855,0.875490026458462
"01634000",1984-12-18,0.0131787690916099,0.955297414078654,0.996590100927931,1984,"12",18,"Winter",2,0.981275612961855,0.875490026458462
"01634000",1984-12-19,0.0127017472987063,0.963803767287551,1.00890440305138,1984,"12",19,"Winter",2,0.981275612961855,0.875490026458462
"01634000",1984-12-20,0.012398240622133,0.976105124008866,1.01276334160421,1984,"12",20,"Winter",2,0.981275612961855,0.875490026458462
"01634000",1984-12-21,0.0126747915055603,1.02230565544385,1.04733151204579,1984,"12",21,"Winter",2,0.981275612961855,0.875490026458462
"01634000",1984-12-22,0.0135137494071387,1.06619106130545,1.04292787154987,1984,"12",22,"Winter",2,0.981275612961855,0.875490026458462
"01634000",1984-12-23,0.0132419878500514,0.979889995818352,0.919056660087325,1984,"12",23,"Winter",2,0.981275612961855,0.875490026458462
"01634000",1984-12-24,0.0129245629650541,0.976028909813863,0.99605967402365,1984,"12",24,"Winter",2,0.981275612961855,0.875490026458462
"01634000",1984-12-25,0.0126158407074399,0.976113524422538,1.00008669272787,1984,"12",25,"Winter",2,0.981275612961855,0.875490026458462
"01634000",1984-12-26,0.012315530271735,0.976195765096512,1.00008425318564,1984,"12",26,"Winter",2,0.981275612961855,0.875490026458462
"01634000",1984-12-27,0.0120233532506973,0.976275725479044,1.00008191019198,1984,"12",27,"Winter",2,0.981275612961855,0.875490026458462
"01634000",1984-12-28,0.0116803898999933,0.971475232944349,0.995082851688913,1984,"12",28,"Winter",2,0.981275612961855,0.875490026458462
"01634000",1984-12-29,0.0111493403674103,0.954534948137023,0.982562309122402,1984,"12",29,"Winter",2,0.981275612961855,0.875490026458462
"01634000",1984-12-30,0.0106275801954325,0.953202597213472,0.998604188431076,1984,"12",30,"Winter",2,0.981275612961855,0.875490026458462
"01634000",1984-12-31,0.0102799214655533,0.967287122422412,1.01477600381085,1984,"12",31,"Winter",2,0.981275612961855,0.875490026458462
"01634000",1985-01-05,0.0139807163504884,0.981675988043629,0.995144163757852,1985,"01",5,"Winter",3,0.979456291877301,0.971962079715923
"01634000",1985-01-06,0.013841517851688,0.990043536016984,1.00852373703265,1985,"01",6,"Winter",3,0.979456291877301,0.971962079715923
"01634000",1985-01-07,0.0146731511922553,1.06008252487034,1.07074334239394,1985,"01",7,"Winter",3,0.979456291877301,0.971962079715923
"01634000",1985-01-08,0.0157131380983628,1.07087686158761,1.01018254377751,1985,"01",8,"Winter",3,0.979456291877301,0.971962079715923
"01634000",1985-01-09,0.0154883810319006,0.985696232983174,0.920457121019358,1985,"01",9,"Winter",3,0.979456291877301,0.971962079715923
"01634000",1985-01-10,0.0151399322785437,0.977502570950492,0.991687437002894,1985,"01",10,"Winter",3,0.979456291877301,0.971962079715923
"01634000",1985-01-11,0.0147736961371265,0.97580992208689,0.998268394463704,1985,"01",11,"Winter",3,0.979456291877301,0.971962079715923
"01634000",1985-01-12,0.0144177089678124,0.975903987329239,1.0000963970956,1985,"01",12,"Winter",3,0.979456291877301,0.971962079715923
"01634000",1985-01-13,0.0140716164605692,0.975995318811344,1.00009358654467,1985,"01",13,"Winter",3,0.979456291877301,0.971962079715923
"01634000",1985-01-14,0.0137350736185908,0.976083569153451,1.00009042086617,1985,"01",14,"Winter",3,0.979456291877301,0.971962079715923
"01634000",1985-01-15,0.0134077061666176,0.976165584469081,1.00008402489113,1985,"01",15,"Winter",3,0.979456291877301,0.971962079715923
"01634000",1985-01-16,0.0130892539164051,0.976248565843029,1.00008500747749,1985,"01",16,"Winter",3,0.979456291877301,0.971962079715923
"01634000",1985-01-17,0.0127794403815642,0.976330695636316,1.00008412795282,1985,"01",17,"Winter",3,0.979456291877301,0.971962079715923
"01634000",1985-01-18,0.0124779841862619,0.976410845365561,1.00008209280893,1985,"01",18,"Winter",3,0.979456291877301,0.971962079715923
"01634000",1985-01-19,0.0121846019756049,0.976488012304102,1.00007903121817,1985,"01",19,"Winter",3,0.979456291877301,0.971962079715923
"01634000",1985-01-20,0.011899022734724,0.976562283983287,1.00007606000099,1985,"01",20,"Winter",3,0.979456291877301,0.971962079715923
"01634000",1985-01-21,0.0116210129635874,0.976635915626476,1.0000753988193,1985,"01",21,"Winter",3,0.979456291877301,0.971962079715923
"01634000",1985-01-22,0.0113503612228669,0.976710142087567,1.00007600218249,1985,"01",22,"Winter",3,0.979456291877301,0.971962079715923
"01634000",1985-01-23,0.0110868066258263,0.976780069650147,1.00007159499996,1985,"01",23,"Winter",3,0.979456291877301,0.971962079715923
"01634000",1985-01-24,0.0108301164582372,0.976847240485717,1.0000687676148,1985,"01",24,"Winter",3,0.979456291877301,0.971962079715923
"01634000",1985-01-25,0.0105800296587404,0.976908207731545,1.00006241226192,1985,"01",25,"Winter",3,0.979456291877301,0.971962079715923
"01634000",1985-01-26,0.0103362997760996,0.97696321366742,1.00005630614569,1985,"01",26,"Winter",3,0.979456291877301,0.971962079715923
"01634000",1985-01-27,0.0100988060294185,0.977023330222069,1.00006153410262,1985,"01",27,"Winter",3,0.979456291877301,0.971962079715923
"01634000",1985-01-28,0.00986737167113461,0.977082997969295,1.00006107095438,1985,"01",28,"Winter",3,0.979456291877301,0.971962079715923
"01634000",1985-01-29,0.00964178494177759,0.977138113686653,1.00005640842945,1985,"01",29,"Winter",3,0.979456291877301,0.971962079715923
"01634000",1985-01-30,0.00942188999033533,0.97719354323187,1.00005672641814,1985,"01",30,"Winter",3,0.979456291877301,0.971962079715923
"01634000",1985-01-31,0.00920747220516205,0.977242593004883,1.00005019453245,1985,"01",31,"Winter",3,0.979456291877301,0.971962079715923
"01634000",1985-02-01,0.00904056776198558,0.981872935431411,1.00473817091035,1985,"02",1,"Winter",3,0.979456291877301,0.971962079715923
"01634000",1985-02-02,0.00897572608664632,0.992827698763355,1.01115700712041,1985,"02",2,"Winter",3,0.979456291877301,0.971962079715923
"01634000",1985-02-03,0.00877250195480883,0.977358474414696,0.984419024199338,1985,"02",3,"Winter",3,0.979456291877301,0.971962079715923
"01634000",1985-02-04,0.00857432815246284,0.977409659938878,1.00005237129009,1985,"02",4,"Winter",3,0.979456291877301,0.971962079715923
"01634000",1985-02-05,0.00838106012088246,0.977459688019421,1.00005118435247,1985,"02",5,"Winter",3,0.979456291877301,0.971962079715923
"01634000",1985-02-06,0.00819255685200915,0.977508421827969,1.00004985761474,1985,"02",6,"Winter",3,0.979456291877301,0.971962079715923
"01634000",1985-02-07,0.00800868149963207,0.977555803920728,1.00004847231154,1985,"02",7,"Winter",3,0.979456291877301,0.971962079715923
"01634000",1985-02-08,0.00782929977867752,0.977601591352735,1.00004683868872,1985,"02",8,"Winter",3,0.979456291877301,0.971962079715923
"01634000",1985-02-09,0.00765428534941748,0.97764622198569,1.0000456531918,1985,"02",9,"Winter",3,0.979456291877301,0.971962079715923
"01634000",1985-02-10,0.00748351606307551,0.977689715166556,1.00004448764787,1985,"02",10,"Winter",3,0.979456291877301,0.971962079715923
"01634000",1985-02-11,0.0073168620292563,0.977730516990335,1.00004173289659,1985,"02",11,"Winter",3,0.979456291877301,0.971962079715923
"01634000",1985-02-27,0.0312555216951296,0.994148156142161,0.977263158524347,1985,"02",27,"Winter",4,0.966222087496481,0.995749641964056
"01634000",1985-02-28,0.0306843547150493,0.981725885568267,0.987504608345199,1985,"02",28,"Winter",4,0.966222087496481,0.995749641964056
"01634000",1985-03-01,0.0300071677193046,0.977930544668988,0.996134011586053,1985,"03",1,"Spring",4,0.966222087496481,0.995749641964056
"01634000",1985-03-02,0.0291996324667707,0.973088588030441,0.99504877246657,1985,"03",2,"Spring",4,0.966222087496481,0.995749641964056
"01634000",1985-03-03,0.0283571181353182,0.971146406297705,0.998004105939968,1985,"03",3,"Spring",4,0.966222087496481,0.995749641964056
"01634000",1985-03-04,0.0275514199165627,0.971587443586098,1.00045414088497,1985,"03",4,"Spring",4,0.966222087496481,0.995749641964056
"01634000",1985-03-05,0.0266701722284779,0.968014436615114,0.996322506023961,1985,"03",5,"Spring",4,0.966222087496481,0.995749641964056
"01634000",1985-03-06,0.0258327921619639,0.968602374992543,1.00060736529869,1985,"03",6,"Spring",4,0.966222087496481,0.995749641964056
"01634000",1985-03-07,0.025103893247433,0.971783967061675,1.00328472462104,1985,"03",7,"Spring",4,0.966222087496481,0.995749641964056
"01634000",1985-03-08,0.0242401943542063,0.965595022066348,0.993631357168775,1985,"03",8,"Spring",4,0.966222087496481,0.995749641964056
"01634000",1985-03-09,0.0233126251841895,0.961734251942751,0.996001667329089,1985,"03",9,"Spring",4,0.966222087496481,0.995749641964056
"01634000",1985-03-10,0.022422245121561,0.961806958435878,1.00007559935916,1985,"03",10,"Spring",4,0.966222087496481,0.995749641964056
"01634000",1985-03-11,0.0216563961585052,0.965844233755195,1.00419759420943,1985,"03",11,"Spring",4,0.966222087496481,0.995749641964056
"01634000",1985-03-12,0.0210752687416971,0.973166014670454,1.00758070572808,1985,"03",12,"Spring",4,0.966222087496481,0.995749641964056
"01634000",1985-03-13,0.020503145060502,0.972853315029709,0.99967867800968,1985,"03",13,"Spring",4,0.966222087496481,0.995749641964056
"01634000",1985-03-14,0.0197555261547677,0.963536379246786,0.990423082659036,1985,"03",14,"Spring",4,0.966222087496481,0.995749641964056
"01634000",1985-03-15,0.0189390050945803,0.958668726219154,0.994948137784442,1985,"03",15,"Spring",4,0.966222087496481,0.995749641964056
"01634000",1985-03-16,0.0181968841934577,0.960815211917597,1.00223902755951,1985,"03",16,"Spring",4,0.966222087496481,0.995749641964056
"01634000",1985-03-17,0.0174396143993363,0.958384645081511,0.99747030770752,1985,"03",17,"Spring",4,0.966222087496481,0.995749641964056
"01634000",1985-03-18,0.0168314155889675,0.965125443920829,1.00703350045716,1985,"03",18,"Spring",4,0.966222087496481,0.995749641964056
"01634000",1985-03-19,0.0163296698592603,0.970189926862951,1.00524748671173,1985,"03",19,"Spring",4,0.966222087496481,0.995749641964056
"01634000",1985-03-20,0.0156097044236958,0.955910594533163,0.985281920648301,1985,"03",20,"Spring",4,0.966222087496481,0.995749641964056
"01634000",1985-03-21,0.0148649982293136,0.952292101492217,0.996214611427429,1985,"03",21,"Spring",4,0.966222087496481,0.995749641964056
"01634000",1985-03-22,0.0143561122822575,0.965766161609586,1.01414908313978,1985,"03",22,"Spring",4,0.966222087496481,0.995749641964056
"01634000",1985-03-28,0.0264250152977184,0.968388918591125,0.993099559195605,1985,"03",28,"Spring",5,0.958651535408657,0.927463264102545
"01634000",1985-03-29,0.025469510583207,0.963840902124516,0.995303522810624,1985,"03",29,"Spring",5,0.958651535408657,0.927463264102545
"01634000",1985-03-30,0.0249831235269085,0.980903164404767,1.01770236378498,1985,"03",30,"Spring",5,0.958651535408657,0.927463264102545
"01634000",1985-03-31,0.0250460329698398,1.00251807756799,1.02203572579597,1985,"03",31,"Spring",5,0.958651535408657,0.927463264102545
"01634000",1985-04-01,0.0263743383111432,1.05303456011988,1.05038959763642,1985,"04",1,"Spring",5,0.958651535408657,0.927463264102545
"01634000",1985-04-02,0.0257366636069491,0.975822153463291,0.926676284349304,1985,"04",2,"Spring",5,0.958651535408657,0.927463264102545
"01634000",1985-04-03,0.0250203827163205,0.972168852125989,0.996256181185951,1985,"04",3,"Spring",5,0.958651535408657,0.927463264102545
"01634000",1985-04-04,0.0240201998967677,0.960025278953854,0.987508781889505,1985,"04",4,"Spring",5,0.958651535408657,0.927463264102545
"01634000",1985-04-05,0.0227090229163878,0.945413569161995,0.984779869746991,1985,"04",5,"Spring",5,0.958651535408657,0.927463264102545
"01634000",1985-04-06,0.0213573958026245,0.94048061342226,0.994782224519892,1985,"04",6,"Spring",5,0.958651535408657,0.927463264102545
"01634000",1985-04-07,0.02022540778853,0.94699784446775,1.0069296814336,1985,"04",7,"Spring",5,0.958651535408657,0.927463264102545
"01634000",1985-04-08,0.0192804101970978,0.953276710100842,1.00663028503156,1985,"04",8,"Spring",5,0.958651535408657,0.927463264102545
"01634000",1985-04-09,0.0185880520730279,0.964090072929357,1.01134336202064,1985,"04",9,"Spring",5,0.958651535408657,0.927463264102545
"01634000",1985-04-10,0.0180687973625027,0.972065135793398,1.00827211386983,1985,"04",10,"Spring",5,0.958651535408657,0.927463264102545
"01634000",1985-04-11,0.0173051739111543,0.957738003474813,0.985261139618086,1985,"04",11,"Spring",5,0.958651535408657,0.927463264102545
"01634000",1985-04-12,0.0162253992748447,0.937603941927818,0.978977484996997,1985,"04",12,"Spring",5,0.958651535408657,0.927463264102545
"01634000",1985-04-13,0.0149884459096938,0.923764380512437,0.985239437680983,1985,"04",13,"Spring",5,0.958651535408657,0.927463264102545
"01634000",1985-04-14,0.0138321854756214,0.922856549568982,0.999017248377826,1985,"04",14,"Spring",5,0.958651535408657,0.927463264102545
"01634000",1985-04-15,0.0131373119656928,0.949764011540095,1.02915671128268,1985,"04",15,"Spring",5,0.958651535408657,0.927463264102545
"01634000",1985-04-16,0.0126508278772235,0.962969282472722,1.01390373900482,1985,"04",16,"Spring",5,0.958651535408657,0.927463264102545
"01634000",1985-04-17,0.0117493648431264,0.928742763489803,0.964457309692131,1985,"04",17,"Spring",5,0.958651535408657,0.927463264102545
"01634000",1985-04-18,0.0106318414327688,0.904886483203276,0.974313360787991,1985,"04",18,"Spring",5,0.958651535408657,0.927463264102545
"01634000",1985-12-27,0.0353097117040306,0.974227680869074,1.00010615601896,1985,"12",27,"Winter",6,0.975445342802892,0.999857296801552
"01634000",1985-12-28,0.0344032543944195,0.974328385425257,1.00010336860486,1985,"12",28,"Winter",6,0.975445342802892,0.999857296801552
"01634000",1985-12-29,0.0335237346589565,0.974434984394801,1.00010940764032,1985,"12",29,"Winter",6,0.975445342802892,0.999857296801552
"01634000",1985-12-30,0.0326700267614796,0.974534224597534,1.00010184384215,1985,"12",30,"Winter",6,0.975445342802892,0.999857296801552
"01634000",1985-12-31,0.0318414216162637,0.974637145195334,1.00010561003934,1985,"12",31,"Winter",6,0.975445342802892,0.999857296801552
"01634000",1986-01-01,0.0310363783501089,0.974717106671405,1.00008204230309,1986,"01",1,"Winter",6,0.975445342802892,0.999857296801552
"01634000",1986-01-02,0.0302548814797774,0.974819972178592,1.00010553370458,1986,"01",2,"Winter",6,0.975445342802892,0.999857296801552
"01634000",1986-01-03,0.0294970918912441,0.974953146352933,1.00013661412173,1986,"01",3,"Winter",6,0.975445342802892,0.999857296801552
"01634000",1986-01-04,0.0287635514978319,0.975131772443307,1.00018321505094,1986,"01",4,"Winter",6,0.975445342802892,0.999857296801552
"01634000",1986-01-05,0.0280517429346219,0.975253105887717,1.00012442774181,1986,"01",5,"Winter",6,0.975445342802892,0.999857296801552
"01634000",1986-01-06,0.0273605897091329,0.975361487266592,1.00011113153931,1986,"01",6,"Winter",6,0.975445342802892,0.999857296801552
"01634000",1986-01-07,0.0266893572406843,0.975467178317998,1.00010836090289,1986,"01",7,"Winter",6,0.975445342802892,0.999857296801552
"01634000",1986-01-08,0.0260372647317127,0.97556732059558,1.0001026608376,1986,"01",8,"Winter",6,0.975445342802892,0.999857296801552
"01634000",1986-01-09,0.0254038205603138,0.975671631489487,1.00010692331703,1986,"01",9,"Winter",6,0.975445342802892,0.999857296801552
"01634000",1986-01-10,0.0247883731499314,0.975773431050611,1.0001043379328,1986,"01",10,"Winter",6,0.975445342802892,0.999857296801552
"01634000",1986-01-11,0.0241902502020821,0.975870826849685,1.00009981394858,1986,"01",11,"Winter",6,0.975445342802892,0.999857296801552
"01634000",1986-01-12,0.0236089694662951,0.975970453760045,1.00010209026402,1986,"01",12,"Winter",6,0.975445342802892,0.999857296801552
"01634000",1986-01-13,0.0230439672013745,0.976068321587385,1.00010027744894,1986,"01",13,"Winter",6,0.975445342802892,0.999857296801552
"01634000",1986-01-14,0.0224947723327205,0.976167520815545,1.00010163143908,1986,"01",14,"Winter",6,0.975445342802892,0.999857296801552
"01634000",1986-01-15,0.0219609044142999,0.976267022820941,1.00010193128052,1986,"01",15,"Winter",6,0.975445342802892,0.999857296801552
"01634000",1986-01-16,0.0214417849201709,0.976361652310141,1.0000969299249,1986,"01",16,"Winter",6,0.975445342802892,0.999857296801552
"01634000",1986-01-17,0.0209169312147424,0.975521920988267,0.999139938239188,1986,"01",17,"Winter",6,0.975445342802892,0.999857296801552
"01634000",1986-01-18,0.0203955298638903,0.975072760650252,0.999539569200495,1986,"01",18,"Winter",6,0.975445342802892,0.999857296801552
"01634000",1986-03-30,0.0345247517107055,0.956289236461341,0.994196721242459,1986,"03",30,"Spring",7,0.975807844823865,0.864500097843329
"01634000",1986-03-31,0.0328625212423503,0.951853948660268,0.995361980840143,1986,"03",31,"Spring",7,0.975807844823865,0.864500097843329
"01634000",1986-04-01,0.03120043175295,0.949422946670981,0.997446034664552,1986,"04",1,"Spring",7,0.975807844823865,0.864500097843329
"01634000",1986-04-02,0.029610346769914,0.949036442968914,0.999592906719369,1986,"04",2,"Spring",7,0.975807844823865,0.864500097843329
"01634000",1986-04-03,0.0281752066221088,0.951532477516832,1.00263007239228,1986,"04",3,"Spring",7,0.975807844823865,0.864500097843329
"01634000",1986-04-04,0.0268956635845825,0.954586205713138,1.00320927374363,1986,"04",4,"Spring",7,0.975807844823865,0.864500097843329
"01634000",1986-04-05,0.0255833206465468,0.951206151359358,0.996459141842245,1986,"04",5,"Spring",7,0.975807844823865,0.864500097843329
"01634000",1986-04-06,0.0274642979493365,1.07352357924043,1.12859192269338,1986,"04",6,"Spring",7,0.975807844823865,0.864500097843329
"01634000",1986-04-07,0.0293142034206539,1.06735673617909,0.994255512239703,1986,"04",7,"Spring",7,0.975807844823865,0.864500097843329
"01634000",1986-04-08,0.0285448351642117,0.973754420497056,0.91230456274899,1986,"04",8,"Spring",7,0.975807844823865,0.864500097843329
"01634000",1986-04-09,0.027473044465296,0.962452377365294,0.988393333171218,1986,"04",9,"Spring",7,0.975807844823865,0.864500097843329
"01634000",1986-04-10,0.0266303367679939,0.969326017057679,1.00714179719853,1986,"04",10,"Spring",7,0.975807844823865,0.864500097843329
"01634000",1986-04-11,0.0255477096652612,0.959346097942184,0.989704269832983,1986,"04",11,"Spring",7,0.975807844823865,0.864500097843329
"01634000",1986-04-12,0.024342687567696,0.952832480353268,0.993210356926569,1986,"04",12,"Spring",7,0.975807844823865,0.864500097843329
"01634000",1986-04-13,0.0230676320497878,0.94762059389037,0.994530112511524,1986,"04",13,"Spring",7,0.975807844823865,0.864500097843329
"01634000",1986-04-14,0.0218318091938272,0.946426106793569,0.998739488035082,1986,"04",14,"Spring",7,0.975807844823865,0.864500097843329
"01634000",1986-04-15,0.0209147925488651,0.957996305444928,1.01222514739218,1986,"04",15,"Spring",7,0.975807844823865,0.864500097843329
"01634000",1986-04-20,0.0278181936591863,0.957656301100798,0.984564414586332,1986,"04",20,"Spring",8,0.928191283832007,0.966542112559759
"01634000",1986-04-21,0.0266459070844576,0.957858997277429,1.00021165858398,1986,"04",21,"Spring",8,0.928191283832007,0.966542112559759
"01634000",1986-04-22,0.0259426498087123,0.973607305860664,1.01644115535585,1986,"04",22,"Spring",8,0.928191283832007,0.966542112559759
"01634000",1986-04-23,0.0251450543291867,0.969255435146113,0.995530158115746,1986,"04",23,"Spring",8,0.928191283832007,0.966542112559759
"01634000",1986-04-24,0.0240701033035293,0.957250001865789,0.987613757070639,1986,"04",24,"Spring",8,0.928191283832007,0.966542112559759
"01634000",1986-04-25,0.022756993828807,0.945446454543062,0.98766931595746,1986,"04",25,"Spring",8,0.928191283832007,0.966542112559759
"01634000",1986-04-26,0.0213333780993707,0.937442715846142,0.991534434701764,1986,"04",26,"Spring",8,0.928191283832007,0.966542112559759
"01634000",1986-04-27,0.0197404357604682,0.925330984550005,0.987080030500632,1986,"04",27,"Spring",8,0.928191283832007,0.966542112559759
"01634000",1986-04-28,0.0181210080627352,0.917963933654592,0.992038469457504,1986,"04",28,"Spring",8,0.928191283832007,0.966542112559759
"01634000",1986-04-29,0.0166013992857188,0.916141046251097,0.998014205856393,1986,"04",29,"Spring",8,0.928191283832007,0.966542112559759
"01634000",1986-04-30,0.0150590733392164,0.90709662962994,0.990127702870461,1986,"04",30,"Spring",8,0.928191283832007,0.966542112559759
"01634000",1986-05-01,0.0135706823784858,0.901163177361346,0.993458853142234,1986,"05",1,"Spring",8,0.928191283832007,0.966542112559759
"01634000",1986-05-02,0.0121301586623304,0.893850310840731,0.991885080633201,1986,"05",2,"Spring",8,0.928191283832007,0.966542112559759
"01634000",1986-05-03,0.0110681889054831,0.912452113248514,1.02081086976441,1986,"05",3,"Spring",8,0.928191283832007,0.966542112559759
"01634000",1986-05-04,0.0100531720963772,0.908294227919887,0.995443174202507,1986,"05",4,"Spring",8,0.928191283832007,0.966542112559759
"01634000",1986-12-21,0.0153565263026394,0.975376979660184,0.999975179385543,1986,"12",21,"Winter",9,1.0092515514747,0.481154668802318
"01634000",1986-12-22,0.0149799545179121,0.97547806207563,1.00010363420252,1986,"12",22,"Winter",9,1.0092515514747,0.481154668802318
"01634000",1986-12-23,0.0146140891010873,0.975576333266744,1.00010074156963,1986,"12",23,"Winter",9,1.0092515514747,0.481154668802318
"01634000",1986-12-24,0.0145448187831789,0.995260031779659,1.02017648218977,1986,"12",24,"Winter",9,1.0092515514747,0.481154668802318
"01634000",1986-12-25,0.0214594074059278,1.47539874685449,1.48242539612113,1986,"12",25,"Winter",9,1.0092515514747,0.481154668802318
"01634000",1986-12-26,0.025151125038974,1.17203259918661,0.794383621163673,1986,"12",26,"Winter",9,1.0092515514747,0.481154668802318
"01634000",1986-12-27,0.0252835722640156,1.00526605568683,0.857711685139545,1986,"12",27,"Winter",9,1.0092515514747,0.481154668802318
"01634000",1986-12-28,0.0249002157943323,0.984837725235966,0.97967868273747,1986,"12",28,"Winter",9,1.0092515514747,0.481154668802318
"01634000",1986-12-29,0.0244280126644298,0.98103618322818,0.996139930558737,1986,"12",29,"Winter",9,1.0092515514747,0.481154668802318
"01634000",1986-12-30,0.02380901214201,0.974660217721226,0.993500784562325,1986,"12",30,"Winter",9,1.0092515514747,0.481154668802318
"01634000",1986-12-31,0.0233015881967731,0.978687736298743,1.00413222834408,1986,"12",31,"Winter",9,1.0092515514747,0.481154668802318
"01634000",1987-01-01,0.0236119317705743,1.01331855885447,1.03538495607056,1987,"01",1,"Winter",9,1.0092515514747,0.481154668802318
"01634000",1987-01-02,0.0241173559334129,1.02140545584112,1.00798060680523,1987,"01",2,"Winter",9,1.0092515514747,0.481154668802318
"01634000",1987-01-03,0.0240996342618019,0.999265190112051,0.978323724822051,1987,"01",3,"Winter",9,1.0092515514747,0.481154668802318
"01634000",1987-01-04,0.0238045696169138,0.98775646793297,0.988482814879412,1987,"01",4,"Winter",9,1.0092515514747,0.481154668802318
"01634000",1987-01-05,0.0232022390700877,0.974696852053223,0.986778506338635,1987,"01",5,"Winter",9,1.0092515514747,0.481154668802318
"01634000",1987-01-06,0.0226130595547147,0.974606781975084,0.999907591701,1987,"01",6,"Winter",9,1.0092515514747,0.481154668802318
"01634000",1987-01-07,0.0226934099337086,1.00355327322247,1.02970068727485,1987,"01",7,"Winter",9,1.0092515514747,0.481154668802318
"01634000",1987-01-08,0.02341418270953,1.03176132533308,1.0281081760812,1987,"01",8,"Winter",9,1.0092515514747,0.481154668802318
"01634000",1987-01-09,0.0231687098857947,0.989516062688132,0.959055198515697,1987,"01",9,"Winter",9,1.0092515514747,0.481154668802318
"01634000",1987-01-10,0.0230373576050624,0.994330617398219,1.00486556498841,1987,"01",10,"Winter",9,1.0092515514747,0.481154668802318
"01634000",1987-01-11,0.0235168763902038,1.02081483446852,1.02663522233641,1987,"01",11,"Winter",9,1.0092515514747,0.481154668802318
"01634000",1987-01-12,0.02341945678927,0.995857460007981,0.975551516672923,1987,"01",12,"Winter",9,1.0092515514747,0.481154668802318
"01634000",1987-01-13,0.023106234439183,0.986625550160902,0.990729687512704,1987,"01",13,"Winter",9,1.0092515514747,0.481154668802318
"01634000",1987-01-14,0.0230538619798608,0.997733405697927,1.01125843085577,1987,"01",14,"Winter",9,1.0092515514747,0.481154668802318
"01634000",1987-01-15,0.0252555490005761,1.09550187394367,1.09799057312043,1987,"01",15,"Winter",9,1.0092515514747,0.481154668802318
"01634000",1987-01-16,0.025482970639132,1.00900481864602,0.921043443781371,1987,"01",16,"Winter",9,1.0092515514747,0.481154668802318
"01634000",1987-01-17,0.0249136713100597,0.977659616803152,0.968934537017446,1987,"01",17,"Winter",9,1.0092515514747,0.481154668802318
"01634000",1987-01-18,0.0242803802248091,0.974580579579416,0.996850604064221,1987,"01",18,"Winter",9,1.0092515514747,0.481154668802318
"01634000",1987-01-19,0.0253450250020251,1.04384794502222,1.07107402599044,1987,"01",19,"Winter",9,1.0092515514747,0.481154668802318
"01634000",1987-01-20,0.0297738482477143,1.17474132478999,1.12539506389983,1987,"01",20,"Winter",9,1.0092515514747,0.481154668802318
"01634000",1987-01-21,0.0301878182217479,1.01390381151235,0.863086868671796,1987,"01",21,"Winter",9,1.0092515514747,0.481154668802318
"01634000",1987-01-22,0.0300545553909615,0.995585542823681,0.981932932413633,1987,"01",22,"Winter",9,1.0092515514747,0.481154668802318
"01634000",1987-01-23,0.0293300168123096,0.975892553750113,0.980219691602075,1987,"01",23,"Winter",9,1.0092515514747,0.481154668802318
"01634000",1987-01-24,0.0286179627291858,0.975722684112988,0.999825934078016,1987,"01",24,"Winter",9,1.0092515514747,0.481154668802318
"01634000",1987-01-25,0.0279242843389511,0.975760734724584,1.00003899736289,1987,"01",25,"Winter",9,1.0092515514747,0.481154668802318
"01634000",1987-01-26,0.0272490137722343,0.97581780222117,1.00005848513325,1987,"01",26,"Winter",9,1.0092515514747,0.481154668802318
"01634000",1987-01-27,0.0265916729113087,0.975876526526056,1.00006017957938,1987,"01",27,"Winter",9,1.0092515514747,0.481154668802318
"01634000",1987-01-28,0.025951680727303,0.975932609199119,1.00005746902558,1987,"01",28,"Winter",9,1.0092515514747,0.481154668802318
"01634000",1987-01-29,0.0253288059029728,0.975998671112082,1.00006769106016,1987,"01",29,"Winter",9,1.0092515514747,0.481154668802318
"01634000",1987-01-30,0.0247226764913648,0.976069562302705,1.00007263451552,1987,"01",30,"Winter",9,1.0092515514747,0.481154668802318
"01634000",1987-01-31,0.0241327696712688,0.976139038978967,1.00007118004592,1987,"01",31,"Winter",9,1.0092515514747,0.481154668802318
"01634000",1987-02-01,0.023558649874758,0.97620995002516,1.00007264441167,1987,"02",1,"Winter",9,1.0092515514747,0.481154668802318
"01634000",1987-02-02,0.0230337532120757,0.977719577926887,1.00154641724527,1987,"02",2,"Winter",9,1.0092515514747,0.481154668802318
"01634000",1987-02-03,0.0243718281853944,1.05809192106032,1.08220388028216,1987,"02",3,"Winter",9,1.0092515514747,0.481154668802318
"01634000",1987-02-04,0.0270378252025694,1.10938847085639,1.04848023954731,1987,"02",4,"Winter",9,1.0092515514747,0.481154668802318
"01634000",1987-02-05,0.0273824220057577,1.01274498968044,0.912885807167849,1987,"02",5,"Winter",9,1.0092515514747,0.481154668802318
"01634000",1987-02-06,0.0272060799179599,0.993560025926094,0.981056471323151,1987,"02",6,"Winter",9,1.0092515514747,0.481154668802318
"01634000",1987-05-23,0.0342555065872147,0.940613570845425,0.989785160170937,1987,"05",23,"Spring",10,0.901484857220508,0.958263877071302
"01634000",1987-05-24,0.0318851851625368,0.930804660014497,0.989571795331305,1987,"05",24,"Spring",10,0.901484857220508,0.958263877071302
"01634000",1987-05-25,0.0314938429510221,0.987726519086534,1.06115338858655,1987,"05",25,"Spring",10,0.901484857220508,0.958263877071302
"01634000",1987-05-26,0.030060100951232,0.954475482651647,0.966335786483046,1987,"05",26,"Spring",10,0.901484857220508,0.958263877071302
"01634000",1987-05-27,0.0277617215178907,0.92354052845431,0.9675895769356,1987,"05",27,"Spring",10,0.901484857220508,0.958263877071302
"01634000",1987-05-28,0.0251463504973799,0.905792188757987,0.980782283885227,1987,"05",28,"Spring",10,0.901484857220508,0.958263877071302
"01634000",1987-05-29,0.0218824974144809,0.870205695127049,0.960712297950224,1987,"05",29,"Spring",10,0.901484857220508,0.958263877071302
"01634000",1987-05-30,0.0181770687922835,0.830667014280314,0.954563982897214,1987,"05",30,"Spring",10,0.901484857220508,0.958263877071302
"01634000",1987-05-31,0.0149018015363254,0.819813233179347,0.986933655827936,1987,"05",31,"Spring",10,0.901484857220508,0.958263877071302
"01634000",1987-06-01,0.0121244542242493,0.813623386051289,0.992449686248595,1987,"06",1,"Summer",10,0.901484857220508,0.958263877071302
"01634000",1987-06-02,0.0112895466154441,0.931138540889092,1.14443433762165,1987,"06",2,"Summer",10,0.901484857220508,0.958263877071302
"01634000",1987-06-03,0.0106628983921837,0.944493056753656,1.01434213629672,1987,"06",3,"Summer",10,0.901484857220508,0.958263877071302
"01634000",1987-06-04,0.0105142639367841,0.986060595352897,1.04401042263044,1987,"06",4,"Summer",10,0.901484857220508,0.958263877071302
"01634000",1987-06-05,0.0102625708677806,0.976061750920768,0.989859807318889,1987,"06",5,"Summer",10,0.901484857220508,0.958263877071302
"01634000",1987-12-02,0.0235342428204603,0.974349997690132,0.997934255809325,1987,"12",2,"Winter",11,1.00103677893054,0.0191141393043428
"01634000",1987-12-03,0.0229339858633466,0.974494316146348,1.00014811767492,1987,"12",3,"Winter",11,1.00103677893054,0.0191141393043428
"01634000",1987-12-04,0.0223522676969878,0.974635103996969,1.0001444727263,1987,"12",4,"Winter",11,1.00103677893054,0.0191141393043428
"01634000",1987-12-05,0.0217883754521608,0.974772481590179,1.00014095284753,1987,"12",5,"Winter",11,1.00103677893054,0.0191141393043428
"01634000",1987-12-06,0.0212416314752772,0.974906620363504,1.00013761034073,1987,"12",6,"Winter",11,1.00103677893054,0.0191141393043428
"01634000",1987-12-07,0.0207113885553554,0.975037561472667,1.00013431143704,1987,"12",7,"Winter",11,1.00103677893054,0.0191141393043428
"01634000",1987-12-08,0.0201421761885285,0.972516938431941,0.997414845191278,1987,"12",8,"Winter",11,1.00103677893054,0.0191141393043428
"01634000",1987-12-09,0.0194898276822642,0.967612809055066,0.994957281273905,1987,"12",9,"Winter",11,1.00103677893054,0.0191141393043428
"01634000",1987-12-10,0.0188546177232638,0.967408128519351,0.999788468554985,1987,"12",10,"Winter",11,1.00103677893054,0.0191141393043428
"01634000",1987-12-11,0.0186601116438396,0.98968390225254,1.02302624205493,1987,"12",11,"Winter",11,1.00103677893054,0.0191141393043428
"01634000",1987-12-12,0.0182819547480904,0.979734478390749,0.989946867035882,1987,"12",12,"Winter",11,1.00103677893054,0.0191141393043428
"01634000",1987-12-13,0.0178180591901764,0.974625494685551,0.994785338458651,1987,"12",13,"Winter",11,1.00103677893054,0.0191141393043428
"01634000",1987-12-14,0.0173572164494544,0.974136198796776,0.999497965227215,1987,"12",14,"Winter",11,1.00103677893054,0.0191141393043428
"01634000",1987-12-15,0.0211119241430424,1.21631969069015,1.24861358421185,1987,"12",15,"Winter",11,1.00103677893054,0.0191141393043428
"01634000",1987-12-16,0.0235528812627308,1.11561983186136,0.917209382040299,1987,"12",16,"Winter",11,1.00103677893054,0.0191141393043428
"01634000",1987-12-17,0.0230249515152536,0.977585343313705,0.876271033728979,1987,"12",17,"Winter",11,1.00103677893054,0.0191141393043428
"01634000",1987-12-18,0.0224619649816304,0.975548850417764,0.997916813186828,1987,"12",18,"Winter",11,1.00103677893054,0.0191141393043428
"01634000",1987-12-19,0.0219418242922984,0.97684349121916,1.00132708966941,1987,"12",19,"Winter",11,1.00103677893054,0.0191141393043428
"01634000",1987-12-20,0.0249033385771327,1.13497119680581,1.16187619307295,1987,"12",20,"Winter",11,1.00103677893054,0.0191141393043428
"01634000",1987-12-21,0.0257556318538264,1.03422405690923,0.911233747446532,1987,"12",21,"Winter",11,1.00103677893054,0.0191141393043428
"01634000",1987-12-22,0.0251472640084103,0.976379230419629,0.944069347349673,1987,"12",22,"Winter",11,1.00103677893054,0.0191141393043428
"01634000",1987-12-23,0.0245540925534442,0.976412087821257,1.00003365229473,1987,"12",23,"Winter",11,1.00103677893054,0.0191141393043428
"01634000",1987-12-24,0.0239479336887598,0.975313326551774,0.998874695138264,1987,"12",24,"Winter",11,1.00103677893054,0.0191141393043428
"01634000",1987-12-25,0.023390298418235,0.976714681200804,1.0014368250806,1987,"12",25,"Winter",11,1.00103677893054,0.0191141393043428
"01634000",1987-12-26,0.0266398818930611,1.13892868815614,1.16608126208967,1987,"12",26,"Winter",11,1.00103677893054,0.0191141393043428
"01634000",1987-12-27,0.0266447820467875,1.00018394051993,0.878179600637834,1987,"12",27,"Winter",11,1.00103677893054,0.0191141393043428
"01634000",1987-12-28,0.0260566201759502,0.977925814149861,0.97774596704832,1987,"12",28,"Winter",11,1.00103677893054,0.0191141393043428
"01634000",1987-12-29,0.0256467367289588,0.984269508315981,1.00648688691344,1987,"12",29,"Winter",11,1.00103677893054,0.0191141393043428
"01634000",1987-12-30,0.0252675625961274,0.985215501806774,1.00096111225919,1987,"12",30,"Winter",11,1.00103677893054,0.0191141393043428
"01634000",1987-12-31,0.0248989391839132,0.985411200197414,1.00019863511108,1987,"12",31,"Winter",11,1.00103677893054,0.0191141393043428
"01634000",1988-01-01,0.0263987663201988,1.06023658780028,1.07593316129132,1988,"01",1,"Winter",11,1.00103677893054,0.0191141393043428
"01634000",1988-01-02,0.0266595021821558,1.00987681995418,0.952501386553179,1988,"01",2,"Winter",11,1.00103677893054,0.0191141393043428
"01634000",1988-01-03,0.0260415157536045,0.976819281007993,0.967265771138616,1988,"01",3,"Winter",11,1.00103677893054,0.0191141393043428
"01634000",1988-01-04,0.0254068375797942,0.975628216889702,0.998780670957824,1988,"01",4,"Winter",11,1.00103677893054,0.0191141393043428
"01634000",1988-01-05,0.0247895424254239,0.975703581666485,1.0000772474345,1988,"01",5,"Winter",11,1.00103677893054,0.0191141393043428
"01634000",1988-01-06,0.0241894770879298,0.975793609773183,1.00009226993566,1988,"01",6,"Winter",11,1.00103677893054,0.0191141393043428
"01634000",1988-01-07,0.0236062322510406,0.97588848924807,1.00009723313817,1988,"01",7,"Winter",11,1.00103677893054,0.0191141393043428
"01634000",1988-01-08,0.0230395500548184,0.975994381898989,1.00010850896602,1988,"01",8,"Winter",11,1.00103677893054,0.0191141393043428
"01634000",1988-01-09,0.02248901699204,0.976104869171988,1.00011320482479,1988,"01",9,"Winter",11,1.00103677893054,0.0191141393043428
"01634000",1988-01-10,0.021953675604891,0.976195429647351,1.00009277740356,1988,"01",10,"Winter",11,1.00103677893054,0.0191141393043428
"01634000",1988-01-11,0.0214330403832719,0.976284826696484,1.00009157700028,1988,"01",11,"Winter",11,1.00103677893054,0.0191141393043428
"01634000",1988-01-12,0.0209266074816696,0.976371392366829,1.0000886684582,1988,"01",12,"Winter",11,1.00103677893054,0.0191141393043428
"01634000",1988-01-13,0.0204332562861964,0.97642469301795,1.0000545905498,1988,"01",13,"Winter",11,1.00103677893054,0.0191141393043428
"01634000",1988-01-14,0.0199514307896607,0.976419544208368,0.999994726874874,1988,"01",14,"Winter",11,1.00103677893054,0.0191141393043428
"01634000",1988-01-15,0.019482524425257,0.976497607146718,1.00007994815222,1988,"01",15,"Winter",11,1.00103677893054,0.0191141393043428
"01634000",1988-01-16,0.0190263500553556,0.976585458847929,1.00008996612031,1988,"01",16,"Winter",11,1.00103677893054,0.0191141393043428
"01634000",1988-01-17,0.0185821070335805,0.97665116953685,1.00006728616357,1988,"01",17,"Winter",11,1.00103677893054,0.0191141393043428
"01634000",1988-02-09,0.0352167908567935,0.974963083388646,1.00003754398633,1988,"02",9,"Winter",12,0.983807450912531,0.893654153537221
"01634000",1988-02-10,0.0343367453897372,0.975010628576722,1.0000487661419,1988,"02",10,"Winter",12,0.983807450912531,0.893654153537221
"01634000",1988-02-11,0.033480615937151,0.97506666858292,1.00005747630288,1988,"02",11,"Winter",12,0.983807450912531,0.893654153537221
"01634000",1988-02-12,0.0327468035975471,0.978082471929985,1.00309292015022,1988,"02",12,"Winter",12,0.983807450912531,0.893654153537221
"01634000",1988-02-13,0.0323018891504034,0.986413499997997,1.00851771533291,1988,"02",13,"Winter",12,0.983807450912531,0.893654153537221
"01634000",1988-02-14,0.0315396777587011,0.976403504198987,0.98985213016749,1988,"02",14,"Winter",12,0.983807450912531,0.893654153537221
"01634000",1988-02-15,0.0311695310520008,0.988264093579771,1.01214722123567,1988,"02",15,"Winter",12,0.983807450912531,0.893654153537221
"01634000",1988-02-16,0.033937307423912,1.08879749802118,1.10172726611694,1988,"02",16,"Winter",12,0.983807450912531,0.893654153537221
"01634000",1988-02-17,0.0337069203378633,0.993211391723834,0.912209472862431,1988,"02",17,"Winter",12,0.983807450912531,0.893654153537221
"01634000",1988-02-18,0.0328970422269777,0.975972942565867,0.982643725896007,1988,"02",18,"Winter",12,0.983807450912531,0.893654153537221
"01634000",1988-02-19,0.0321453580399975,0.97715040210017,1.00120644690334,1988,"02",19,"Winter",12,0.983807450912531,0.893654153537221
"01634000",1988-02-20,0.0328374321106822,1.0215295181912,1.04541687338576,1988,"02",20,"Winter",12,0.983807450912531,0.893654153537221
"01634000",1988-02-21,0.0320747292134911,0.976773369652648,0.956187121623468,1988,"02",21,"Winter",12,0.983807450912531,0.893654153537221
"01634000",1988-02-22,0.0312750253360718,0.975067478447086,0.998253544518553,1988,"02",22,"Winter",12,0.983807450912531,0.893654153537221
"01634000",1988-02-23,0.0304923061048612,0.974973026470809,0.999903132882221,1988,"02",23,"Winter",12,0.983807450912531,0.893654153537221
"01634000",1988-02-24,0.0297220476204529,0.974739251214409,0.999760223872812,1988,"02",24,"Winter",12,0.983807450912531,0.893654153537221
"01634000",1988-02-25,0.0289856431772933,0.975223630196564,1.00049693185285,1988,"02",25,"Winter",12,0.983807450912531,0.893654153537221
"01634000",1988-02-26,0.0282676604110747,0.975229710728621,1.00000623501305,1988,"02",26,"Winter",12,0.983807450912531,0.893654153537221
"01634000",1988-02-27,0.0275172147667036,0.973452148729041,0.998177288919703,1988,"02",27,"Winter",12,0.983807450912531,0.893654153537221
"01634000",1988-02-28,0.026758361258544,0.972422590200598,0.998942363494921,1988,"02",28,"Winter",12,0.983807450912531,0.893654153537221
"01634000",1988-02-29,0.0260115860728547,0.97209189387669,0.999659925296635,1988,"02",29,"Winter",12,0.983807450912531,0.893654153537221
"01634000",1988-03-01,0.0252170271705836,0.969453654227557,0.997286018260463,1988,"03",1,"Spring",12,0.983807450912531,0.893654153537221
"01634000",1988-03-02,0.0243840713519603,0.966968516431828,0.99743655843176,1988,"03",2,"Spring",12,0.983807450912531,0.893654153537221
"01634000",1988-03-03,0.0238703435752541,0.978931829336821,1.01237197768252,1988,"03",3,"Spring",12,0.983807450912531,0.893654153537221
"01634000",1988-03-04,0.0278778477804735,1.16788632273286,1.19302109476208,1988,"03",4,"Spring",12,0.983807450912531,0.893654153537221
"01634000",1988-03-05,0.0310878611635417,1.11514566721024,0.954840934005281,1988,"03",5,"Spring",12,0.983807450912531,0.893654153537221
"01634000",1988-03-06,0.0302791534923017,0.973986384364441,0.873416283633206,1988,"03",6,"Spring",12,0.983807450912531,0.893654153537221
"01634000",1988-03-07,0.0294345873408019,0.972107339403842,0.998070768759437,1988,"03",7,"Spring",12,0.983807450912531,0.893654153537221
"01634000",1988-03-08,0.0284933538641781,0.968022875071222,0.995798340196542,1988,"03",8,"Spring",12,0.983807450912531,0.893654153537221
"01634000",1988-03-09,0.0275118048302829,0.965551649743516,0.997447141600322,1988,"03",9,"Spring",12,0.983807450912531,0.893654153537221
"01634000",1988-03-10,0.0265188572229818,0.963908307236601,0.998298027342866,1988,"03",10,"Spring",12,0.983807450912531,0.893654153537221
"01634000",1988-03-11,0.0256454632617533,0.967065173514659,1.00327506906451,1988,"03",11,"Spring",12,0.983807450912531,0.893654153537221
"01634000",1988-03-12,0.0247570382198319,0.965357418859873,0.998234085249312,1988,"03",12,"Spring",12,0.983807450912531,0.893654153537221
"01634000",1988-03-13,0.0238922943826765,0.96507078797242,0.999703083146353,1988,"03",13,"Spring",12,0.983807450912531,0.893654153537221
"01634000",1988-03-14,0.0232121211010963,0.971531688389317,1.00669474249705,1988,"03",14,"Spring",12,0.983807450912531,0.893654153537221
"01634000",1988-03-15,0.0226229187683202,0.974616609563173,1.00317531709024,1988,"03",15,"Spring",12,0.983807450912531,0.893654153537221
"01634000",1988-03-16,0.0220351897296496,0.974020636121733,0.999388504735512,1988,"03",16,"Spring",12,0.983807450912531,0.893654153537221
"01634000",1988-03-17,0.0214099457371049,0.971625204946458,0.997540677182351,1988,"03",17,"Spring",12,0.983807450912531,0.893654153537221
"01634000",1988-03-18,0.0207289551617578,0.968192793026706,0.996467349856427,1988,"03",18,"Spring",12,0.983807450912531,0.893654153537221
"01634000",1988-03-19,0.0200425924849696,0.966888698854713,0.998653063541285,1988,"03",19,"Spring",12,0.983807450912531,0.893654153537221
"01634000",1988-03-20,0.0194445352535695,0.970160684958862,1.00338403593715,1988,"03",20,"Spring",12,0.983807450912531,0.893654153537221
"01634000",1988-03-21,0.0189634333364666,0.975257731242786,1.00525381657178,1988,"03",21,"Spring",12,0.983807450912531,0.893654153537221
"01634000",1988-03-22,0.0184989632107317,0.97550706575683,1.00025566012558,1988,"03",22,"Spring",12,0.983807450912531,0.893654153537221
"01634000",1988-03-23,0.017939060984645,0.969733318580693,0.994081286154849,1988,"03",23,"Spring",12,0.983807450912531,0.893654153537221
"01634000",1988-03-24,0.017067353008315,0.951407268358349,0.981101969096858,1988,"03",24,"Spring",12,0.983807450912531,0.893654153537221
"01634000",1988-03-25,0.0160507166874595,0.940433861046866,0.98846613046123,1988,"03",25,"Spring",12,0.983807450912531,0.893654153537221
"01634000",1988-03-26,0.0191755202249624,1.19468311592244,1.27035314805929,1988,"03",26,"Spring",12,0.983807450912531,0.893654153537221
"01634000",1988-03-27,0.0197855295264162,1.0318118775552,0.863669925358007,1988,"03",27,"Spring",12,0.983807450912531,0.893654153537221
"01634000",1988-03-28,0.0192942498251796,0.975169747133595,0.945104207798211,1988,"03",28,"Spring",12,0.983807450912531,0.893654153537221
"01634000",1988-03-29,0.0186305091483518,0.965599042054409,0.990185600909669,1988,"03",29,"Spring",12,0.983807450912531,0.893654153537221
"01634000",1988-03-30,0.0177102831075899,0.950606500690115,0.984473326182682,1988,"03",30,"Spring",12,0.983807450912531,0.893654153537221
"01634000",1988-03-31,0.0167728030937724,0.947065780477796,0.99627530401933,1988,"03",31,"Spring",12,0.983807450912531,0.893654153537221
"01634000",1988-04-01,0.0158710497198626,0.94623716925142,0.999125075318467,1988,"04",1,"Spring",12,0.983807450912531,0.893654153537221
"01634000",1988-04-02,0.0148628234164789,0.936473874054977,0.989681978774764,1988,"04",2,"Spring",12,0.983807450912531,0.893654153537221
"01634000",1988-04-03,0.0137003366835415,0.921785605576898,0.9843153462312,1988,"04",3,"Spring",12,0.983807450912531,0.893654153537221
"01634000",1988-04-04,0.0124756045988761,0.910605694374158,0.987871462588371,1988,"04",4,"Spring",12,0.983807450912531,0.893654153537221
"01634000",1988-04-05,0.011334355105646,0.908521508181419,0.99771120891774,1988,"04",5,"Spring",12,0.983807450912531,0.893654153537221
"01634000",1988-04-10,0.0223916155518964,0.971196826456635,0.984662925742903,1988,"04",10,"Spring",13,0.956175616134047,0.981015987777161
"01634000",1988-04-11,0.0215627294965088,0.962982302305679,0.991541854413871,1988,"04",11,"Spring",13,0.956175616134047,0.981015987777161
"01634000",1988-04-12,0.0207157003460452,0.960717906765895,0.997648559548434,1988,"04",12,"Spring",13,0.956175616134047,0.981015987777161
"01634000",1988-04-13,0.0199014749377966,0.960695250720594,0.9999764175882,1988,"04",13,"Spring",13,0.956175616134047,0.981015987777161
"01634000",1988-04-14,0.0190713787451386,0.958289714945627,0.997496046979349,1988,"04",14,"Spring",13,0.956175616134047,0.981015987777161
"01634000",1988-04-15,0.0181904073106125,0.953806620575311,0.995321775554514,1988,"04",15,"Spring",13,0.956175616134047,0.981015987777161
"01634000",1988-04-16,0.0173423971282318,0.953381462663239,0.999554251456322,1988,"04",16,"Spring",13,0.956175616134047,0.981015987777161
"01634000",1988-04-17,0.0165455759270117,0.954053571987289,1.00070497418963,1988,"04",17,"Spring",13,0.956175616134047,0.981015987777161
"01634000",1988-04-18,0.0159188485122286,0.962121148423736,1.00845610422027,1988,"04",18,"Spring",13,0.956175616134047,0.981015987777161
"01634000",1988-04-19,0.01561583369039,0.980965028870913,1.01958576680083,1988,"04",19,"Spring",13,0.956175616134047,0.981015987777161
"01634000",1988-04-20,0.0152882555266842,0.979022691314434,0.998019972680663,1988,"04",20,"Spring",13,0.956175616134047,0.981015987777161
"01634000",1988-04-21,0.0148448220570572,0.97099515580093,0.991800460209225,1988,"04",21,"Spring",13,0.956175616134047,0.981015987777161
"01634000",1988-04-22,0.0141672044992447,0.954353271786754,0.982861002019677,1988,"04",22,"Spring",13,0.956175616134047,0.981015987777161
"01634000",1988-04-23,0.0133227838668972,0.940396100557984,0.985375257107214,1988,"04",23,"Spring",13,0.956175616134047,0.981015987777161
"01634000",1988-04-24,0.0126356593682431,0.948424855832013,1.00853763139731,1988,"04",24,"Spring",13,0.956175616134047,0.981015987777161
"01634000",1988-04-25,0.0119849310722202,0.948500645905482,1.00007991152172,1988,"04",25,"Spring",13,0.956175616134047,0.981015987777161
"01634000",1988-04-26,0.0110780108661857,0.924328291871724,0.974515194967862,1988,"04",26,"Spring",13,0.956175616134047,0.981015987777161
"01634000",1988-04-27,0.0102458394540008,0.924880791124249,1.00059773054377,1988,"04",27,"Spring",13,0.956175616134047,0.981015987777161
"01634000",1988-04-28,0.0108076232136227,1.05483042772084,1.14050420102101,1988,"04",28,"Spring",13,0.956175616134047,0.981015987777161
"01634000",1988-04-29,0.0107059664442204,0.990593975438171,0.939102579339257,1988,"04",29,"Spring",13,0.956175616134047,0.981015987777161
"01634000",1988-04-30,0.0104613139701541,0.977148025323924,0.986426376045443,1988,"04",30,"Spring",13,0.956175616134047,0.981015987777161
"01634000",1988-05-01,0.00986813564668409,0.943297914089724,0.965358256521084,1988,"05",1,"Spring",13,0.956175616134047,0.981015987777161
"01634000",1988-05-02,0.00882163047208451,0.893951075251865,0.947686899227931,1988,"05",2,"Spring",13,0.956175616134047,0.981015987777161
"01634000",1988-05-03,0.00781225625541992,0.885579630675,0.990635455553866,1988,"05",3,"Spring",13,0.956175616134047,0.981015987777161
"01634000",1988-05-04,0.00712166744051501,0.911601873731958,1.02938441914831,1988,"05",4,"Spring",13,0.956175616134047,0.981015987777161
"01634000",1988-12-01,0.00444057835557032,0.975451082426615,0.997698815660111,1988,"12",1,"Winter",14,0.948435748502761,0.939551357809414
"01634000",1988-12-02,0.00428485270822421,0.964931224071123,0.989215391171312,1988,"12",2,"Winter",14,0.948435748502761,0.939551357809414
"01634000",1988-12-03,0.00401610210246872,0.937278916206465,0.97134271627361,1988,"12",3,"Winter",14,0.948435748502761,0.939551357809414
"01634000",1988-12-04,0.00376070485799574,0.936406685398763,0.999069401015407,1988,"12",4,"Winter",14,0.948435748502761,0.939551357809414
"01634000",1988-12-05,0.00358380276884418,0.952960390184451,1.01767790111263,1988,"12",5,"Winter",14,0.948435748502761,0.939551357809414
"01634000",1988-12-06,0.00329162941488903,0.918473930402878,0.963811234824882,1988,"12",6,"Winter",14,0.948435748502761,0.939551357809414
"01634000",1988-12-07,0.00290217043220764,0.881682008029291,0.959942333521161,1988,"12",7,"Winter",14,0.948435748502761,0.939551357809414
"01634000",1988-12-08,0.00249757104029413,0.860587308235468,0.976074480819935,1988,"12",8,"Winter",14,0.948435748502761,0.939551357809414
"01634000",1988-12-09,0.00227826445188839,0.912192051850538,1.05996456503743,1988,"12",9,"Winter",14,0.948435748502761,0.939551357809414
"01634000",1988-12-10,0.00222902376845013,0.978386756902851,1.07256663212316,1988,"12",10,"Winter",14,0.948435748502761,0.939551357809414
"01634000",1988-12-11,0.00218088034307584,0.978401564821461,1.00001513503582,1988,"12",11,"Winter",14,0.948435748502761,0.939551357809414
"01634000",1988-12-12,0.00213380806235364,0.978415926911508,1.00001467913642,1988,"12",12,"Winter",14,0.948435748502761,0.939551357809414
"01634000",1988-12-13,0.00208778154774336,0.978429871260535,1.00001425196447,1988,"12",13,"Winter",14,0.948435748502761,0.939551357809414
"01634000",1988-12-14,0.00204277603916125,0.978443382340095,1.00001380894018,1988,"12",14,"Winter",14,0.948435748502761,0.939551357809414
"01634000",1988-12-15,0.00199876749684336,0.978456501606526,1.00001340830412,1988,"12",15,"Winter",14,0.948435748502761,0.939551357809414
"01634000",1988-12-16,0.00195749319391325,0.979350123015663,1.00091329702206,1988,"12",16,"Winter",14,0.948435748502761,0.939551357809414
"01634000",1988-12-17,0.00191571714822203,0.97865839543089,0.999293687141587,1988,"12",17,"Winter",14,0.948435748502761,0.939551357809414
"01634000",1988-12-18,0.00187451581587084,0.978492998097641,0.999830995846946,1988,"12",18,"Winter",14,0.948435748502761,0.939551357809414
"01634000",1988-12-19,0.00183422246482223,0.978504661999939,1.0000119202716,1988,"12",19,"Winter",14,0.948435748502761,0.939551357809414
"01634000",1988-12-27,0.00507649025530554,0.977644732586734,0.999522193289774,1988,"12",27,"Winter",15,1.02360802161787,0.379423479493767
"01634000",1988-12-28,0.00531637386302464,1.04725383003905,1.07120081061362,1988,"12",28,"Winter",15,1.02360802161787,0.379423479493767
"01634000",1988-12-29,0.00529746001120656,0.996442339777942,0.951481208467662,1988,"12",29,"Winter",15,1.02360802161787,0.379423479493767
"01634000",1988-12-30,0.0051789871940855,0.977635920446696,0.981126434937082,1988,"12",30,"Winter",15,1.02360802161787,0.379423479493767
"01634000",1988-12-31,0.00506335492536891,0.977672802734743,1.00003772599521,1988,"12",31,"Winter",15,1.02360802161787,0.379423479493767
"01634000",1989-01-01,0.00495048559969291,0.977708589000844,1.00003660352011,1989,"01",1,"Winter",15,1.02360802161787,0.379423479493767
"01634000",1989-01-02,0.00498811078432482,1.00760030180357,1.03057323331206,1989,"01",2,"Winter",15,1.02360802161787,0.379423479493767
"01634000",1989-01-03,0.00537148206785787,1.0768570106217,1.06873430733809,1989,"01",3,"Winter",15,1.02360802161787,0.379423479493767
"01634000",1989-01-04,0.00527141384372953,0.981370462962702,0.911328480274399,1989,"01",4,"Winter",15,1.02360802161787,0.379423479493767
"01634000",1989-01-05,0.00515373550297226,0.977676133150265,0.996235540041338,1989,"01",5,"Winter",15,1.02360802161787,0.379423479493767
"01634000",1989-01-06,0.00503886821388733,0.977711838525921,1.00003652065796,1989,"01",6,"Winter",15,1.02360802161787,0.379423479493767
"01634000",1989-01-07,0.00492673578264657,0.977746504476598,1.00003545620428,1989,"01",7,"Winter",15,1.02360802161787,0.379423479493767
"01634000",1989-01-08,0.00714348578185309,1.44994294336111,1.48294362262874,1989,"01",8,"Winter",15,1.02360802161787,0.379423479493767
"01634000",1989-01-09,0.00889764292514883,1.24556038842436,0.859040967182493,1989,"01",9,"Winter",15,1.02360802161787,0.379423479493767
"01634000",1989-01-10,0.00876602221978828,0.985207238988145,0.790975088919163,1989,"01",10,"Winter",15,1.02360802161787,0.379423479493767
"01634000",1989-01-11,0.00856289136572741,0.976827476708611,0.991494416658834,1989,"01",11,"Winter",15,1.02360802161787,0.379423479493767
"01634000",1989-01-18,0.012219384952914,0.976007101650757,0.991093222887199,1989,"01",18,"Winter",16,0.978289342545507,0.722070162593837
"01634000",1989-01-19,0.0118920125823934,0.973208768544235,0.997132876285645,1989,"01",19,"Winter",16,0.978289342545507,0.722070162593837
"01634000",1989-01-20,0.0114045229856856,0.959006972677653,0.985407246291229,1989,"01",20,"Winter",16,0.978289342545507,0.722070162593837
"01634000",1989-01-21,0.0109642209426966,0.961392331486226,1.00248732165306,1989,"01",21,"Winter",16,0.978289342545507,0.722070162593837
"01634000",1989-01-22,0.0106660613091663,0.972806126847625,1.01187215144909,1989,"01",22,"Winter",16,0.978289342545507,0.722070162593837
"01634000",1989-01-23,0.0102405325160362,0.960104411479017,0.986943220218228,1989,"01",23,"Winter",16,0.978289342545507,0.722070162593837
"01634000",1989-01-24,0.00974156841402874,0.951275570755125,0.990804291055916,1989,"01",24,"Winter",16,0.978289342545507,0.722070162593837
"01634000",1989-01-25,0.00937272713053971,0.962137382009466,1.01141815430593,1989,"01",25,"Winter",16,0.978289342545507,0.722070162593837
"01634000",1989-01-26,0.00912773245363496,0.973860897314884,1.01218486624117,1989,"01",26,"Winter",16,0.978289342545507,0.722070162593837
"01634000",1989-01-27,0.00890065071871504,0.975121780127387,1.00129472578269,1989,"01",27,"Winter",16,0.978289342545507,0.722070162593837
"01634000",1989-01-28,0.0085230509575922,0.957576162344077,0.982006741987634,1989,"01",28,"Winter",16,0.978289342545507,0.722070162593837
"01634000",1989-01-29,0.00795290860696696,0.933105838101628,0.974445558270219,1989,"01",29,"Winter",16,0.978289342545507,0.722070162593837
"01634000",1989-01-30,0.00745609382283874,0.937530429597419,1.00474178953246,1989,"01",30,"Winter",16,0.978289342545507,0.722070162593837
"01634000",1989-01-31,0.00700015629990958,0.938850350630973,1.00140787007214,1989,"01",31,"Winter",16,0.978289342545507,0.722070162593837
"01634000",1989-02-01,0.00639322958886623,0.913298120064664,0.972783489350421,1989,"02",1,"Winter",16,0.978289342545507,0.722070162593837
"01634000",1989-02-02,0.00567367923213169,0.887451193996281,0.971699354788387,1989,"02",2,"Winter",16,0.978289342545507,0.722070162593837
"01634000",1989-02-03,0.00681142219400499,1.20053001153642,1.35278426538626,1989,"02",3,"Winter",16,0.978289342545507,0.722070162593837
"01634000",1989-02-04,0.00815262820106,1.19690542868352,0.996980847777178,1989,"02",4,"Winter",16,0.978289342545507,0.722070162593837
"01634000",1989-02-05,0.00796653213910758,0.977173488430612,0.816416623246004,1989,"02",5,"Winter",16,0.978289342545507,0.722070162593837
"01634000",1989-02-06,0.00778508462826721,0.977223777212967,1.00005146351487,1989,"02",6,"Winter",16,0.978289342545507,0.722070162593837
"01634000",1989-02-07,0.00760814995737746,0.977272607898531,1.00004996878576,1989,"02",7,"Winter",16,0.978289342545507,0.722070162593837
"01634000",1989-02-08,0.00743559724651277,0.977320017109104,1.00004851175628,1989,"02",8,"Winter",16,0.978289342545507,0.722070162593837
"01634000",1989-02-09,0.00726730056339875,0.977366084050215,1.00004713598443,1989,"02",9,"Winter",16,0.978289342545507,0.722070162593837
"01634000",1989-02-10,0.00710313796298578,0.977410786992937,1.00004573817677,1989,"02",10,"Winter",16,0.978289342545507,0.722070162593837
"01634000",1989-02-11,0.00694299204042181,0.977454200749234,1.00004441710371,1989,"02",11,"Winter",16,0.978289342545507,0.722070162593837
"01634000",1989-02-12,0.00682070880429819,0.982387530417479,1.00504712104615,1989,"02",12,"Winter",16,0.978289342545507,0.722070162593837
"01634000",1989-02-13,0.0066956345399376,0.981662570863342,0.999262043204245,1989,"02",13,"Winter",16,0.978289342545507,0.722070162593837
"01634000",1989-02-18,0.0115251311217435,0.976321209911762,0.996240354795672,1989,"02",18,"Winter",17,1.01671471387368,0.372282349712698
"01634000",1989-02-19,0.0112530901969876,0.976395849914226,1.00007645025193,1989,"02",19,"Winter",17,1.01671471387368,0.372282349712698
"01634000",1989-02-20,0.0109882866963744,0.976468374821693,1.00007427818079,1989,"02",20,"Winter",17,1.01671471387368,0.372282349712698
"01634000",1989-02-21,0.0128612083208282,1.17044710210116,1.19865336377626,1989,"02",21,"Winter",17,1.01671471387368,0.372282349712698
"01634000",1989-02-22,0.0156242552911863,1.21483572160817,1.0379244986188,1989,"02",22,"Winter",17,1.01671471387368,0.372282349712698
"01634000",1989-02-23,0.0156115033314563,0.999183835677779,0.822484734277556,1989,"02",23,"Winter",17,1.01671471387368,0.372282349712698
"01634000",1989-02-24,0.0155069033498876,0.993299813647159,0.994111171717837,1989,"02",24,"Winter",17,1.01671471387368,0.372282349712698
"01634000",1989-02-25,0.0151735711260699,0.978504268950634,0.985104653707525,1989,"02",25,"Winter",17,1.01671471387368,0.372282349712698
"01634000",1989-02-26,0.014810218475759,0.97605358374163,0.997495478265382,1989,"02",26,"Winter",17,1.01671471387368,0.372282349712698
"01634000",1989-02-27,0.0144509277306497,0.975740348078092,0.999679079439125,1989,"02",27,"Winter",17,1.01671471387368,0.372282349712698
"01634000",1989-02-28,0.0141011423547752,0.97579495362553,1.00005596319507,1989,"02",28,"Winter",17,1.01671471387368,0.372282349712698
"01634000",1989-03-01,0.0137610848760232,0.975884402114639,1.00009166730037,1989,"03",1,"Spring",17,1.01671471387368,0.372282349712698
"01634000",1989-03-02,0.0134304242092185,0.975971322771151,1.00008906859903,1989,"03",2,"Spring",17,1.01671471387368,0.372282349712698
"01634000",1989-03-03,0.0131088439957239,0.976055840941058,1.00008659903005,1989,"03",3,"Spring",17,1.01671471387368,0.372282349712698
"01634000",1989-03-28,0.0313576742773876,0.963547808909573,0.985093884027534,1989,"03",28,"Spring",18,0.974010698976655,0.960077892538069
"01634000",1989-03-29,0.0299220192246139,0.954216787888222,0.990315975050672,1989,"03",29,"Spring",18,0.974010698976655,0.960077892538069
"01634000",1989-03-30,0.0289682244183496,0.968123982572683,1.0145744602914,1989,"03",30,"Spring",18,0.974010698976655,0.960077892538069
"01634000",1989-03-31,0.0305381005164236,1.05419303839277,1.0889029270728,1989,"03",31,"Spring",18,0.974010698976655,0.960077892538069
"01634000",1989-04-01,0.0298739973222837,0.97825329071195,0.927964096787626,1989,"04",1,"Spring",18,0.974010698976655,0.960077892538069
"01634000",1989-04-02,0.0290659688180313,0.972952112985238,0.994580976341154,1989,"04",2,"Spring",18,0.974010698976655,0.960077892538069
"01634000",1989-04-03,0.0281806865241379,0.969542309102589,0.99649540420629,1989,"04",3,"Spring",18,0.974010698976655,0.960077892538069
"01634000",1989-04-04,0.0269542837049812,0.956480733068508,0.98652810103133,1989,"04",4,"Spring",18,0.974010698976655,0.960077892538069
"01634000",1989-04-05,0.0261460895417258,0.970016114243613,1.01415123243694,1989,"04",5,"Spring",18,0.974010698976655,0.960077892538069
"01634000",1989-04-06,0.0275325116235763,1.05302598232282,1.085575761949,1989,"04",6,"Spring",18,0.974010698976655,0.960077892538069
"01634000",1989-04-07,0.0269741464871913,0.979719789316031,0.930385200139992,1989,"04",7,"Spring",18,0.974010698976655,0.960077892538069
"01634000",1989-04-08,0.0262611083453521,0.973565868259158,0.993718692707872,1989,"04",8,"Spring",18,0.974010698976655,0.960077892538069
"01634000",1989-04-09,0.0255708675831556,0.973716236454328,1.00015445097253,1989,"04",9,"Spring",18,0.974010698976655,0.960077892538069
"01634000",1989-04-10,0.0249025108059868,0.973862569387005,1.00015028293377,1989,"04",10,"Spring",18,0.974010698976655,0.960077892538069
"01634000",1989-04-11,0.0241480638505891,0.969703980402797,0.995729798931665,1989,"04",11,"Spring",18,0.974010698976655,0.960077892538069
"01634000",1989-04-12,0.023163870559074,0.959243387063882,0.989212591109949,1989,"04",12,"Spring",18,0.974010698976655,0.960077892538069
"01634000",1989-04-13,0.0221806211047806,0.957552454293601,0.998237222384762,1989,"04",13,"Spring",18,0.974010698976655,0.960077892538069
"01634000",1989-04-14,0.0211996033904143,0.955771404699083,0.9981399978805,1989,"04",14,"Spring",18,0.974010698976655,0.960077892538069
"01634000",1989-04-15,0.0203694347874261,0.960840371034324,1.00530353420318,1989,"04",15,"Spring",18,0.974010698976655,0.960077892538069
"01634000",1989-04-16,0.01985975302523,0.974978109725914,1.01471393076081,1989,"04",16,"Spring",18,0.974010698976655,0.960077892538069
"01634000",1989-04-17,0.0191785052302293,0.96569706611481,0.990480767190031,1989,"04",17,"Spring",18,0.974010698976655,0.960077892538069
"01634000",1989-04-18,0.0183220390463248,0.955342391201865,0.989277512300412,1989,"04",18,"Spring",18,0.974010698976655,0.960077892538069
"01634000",1989-04-19,0.0199591751443222,1.08935337894752,1.14027534942426,1989,"04",19,"Spring",18,0.974010698976655,0.960077892538069
"01634000",1989-04-20,0.0201212706742808,1.00812135415349,0.925430970001207,1989,"04",20,"Spring",18,0.974010698976655,0.960077892538069
"01634000",1989-04-21,0.0193313744384795,0.960743223000775,0.953003543712752,1989,"04",21,"Spring",18,0.974010698976655,0.960077892538069
"01634000",1989-04-22,0.018204721447546,0.941718940134392,0.98019836891801,1989,"04",22,"Spring",18,0.974010698976655,0.960077892538069
"01634000",1989-04-23,0.0171900336281396,0.944262381474496,1.00270084972459,1989,"04",23,"Spring",18,0.974010698976655,0.960077892538069
"01634000",1989-04-24,0.0162113837432116,0.943068762627317,0.998735924600412,1989,"04",24,"Spring",18,0.974010698976655,0.960077892538069
"01634000",1989-04-25,0.0151763124158606,0.936151574489472,0.992665234591617,1989,"04",25,"Spring",18,0.974010698976655,0.960077892538069
"01634000",1989-04-26,0.0143996530096047,0.948824234440229,1.01353697445595,1989,"04",26,"Spring",18,0.974010698976655,0.960077892538069
"01634000",1989-04-27,0.0133544460404664,0.927414433636625,0.97743544059429,1989,"04",27,"Spring",18,0.974010698976655,0.960077892538069
"01634000",1989-11-30,0.00627397402422503,0.977412728045534,0.992998843300681,1989,"11",30,"Fall",19,0.97541848865589,0.989586142551307
"01634000",1989-12-01,0.00613253412302584,0.977456090724465,1.00004436475778,1989,"12",1,"Winter",19,0.97541848865589,0.989586142551307
"01634000",1989-12-02,0.0059936179604847,0.977347673937997,0.999889082704075,1989,"12",2,"Winter",19,0.97541848865589,0.989586142551307
"01634000",1989-12-03,0.00585678427887615,0.977170102847616,0.999818313282861,1989,"12",3,"Winter",19,0.97541848865589,0.989586142551307
"01634000",1989-12-04,0.00572547265619505,0.97757956987511,1.00041903351965,1989,"12",4,"Winter",19,0.97541848865589,0.989586142551307
"01634000",1989-12-05,0.00554612999258097,0.968676356628823,0.990892594812078,1989,"12",5,"Winter",19,0.97541848865589,0.989586142551307
"01634000",1989-12-06,0.00524553628929425,0.94580117961735,0.97638511887388,1989,"12",6,"Winter",19,0.97541848865589,0.989586142551307
"01634000",1989-12-07,0.00497178205114324,0.947811963724334,1.00212601141796,1989,"12",7,"Winter",19,0.97541848865589,0.989586142551307
"01634000",1989-12-08,0.00481539398606401,0.968544867117965,1.02187449007519,1989,"12",8,"Winter",19,0.97541848865589,0.989586142551307
"01634000",1989-12-09,0.004708822016255,0.977868483842145,1.00962641694847,1989,"12",9,"Winter",19,0.97541848865589,0.989586142551307
"01634000",1989-12-10,0.00460475025465712,0.977898556955726,1.00003075374049,1989,"12",10,"Winter",19,0.97541848865589,0.989586142551307
"01634000",1989-12-11,0.00450311311578844,0.977927763016922,1.00002986614612,1989,"12",11,"Winter",19,0.97541848865589,0.989586142551307
"01634000",1989-12-12,0.00440384693501983,0.977956098766302,1.00002897529905,1989,"12",12,"Winter",19,0.97541848865589,0.989586142551307
"01634000",1989-12-13,0.00430689011409413,0.977983607887303,1.00002812919827,1989,"12",13,"Winter",19,0.97541848865589,0.989586142551307
"01634000",1989-12-14,0.00421218287374359,0.978010295632893,1.0000272885408,1989,"12",14,"Winter",19,0.97541848865589,0.989586142551307
"01634000",1989-12-15,0.00411966753017623,0.978036247157253,1.00002653502164,1989,"12",15,"Winter",19,0.97541848865589,0.989586142551307
"01634000",1989-12-16,0.00402928768016864,0.978061372830315,1.00002568992012,1989,"12",16,"Winter",19,0.97541848865589,0.989586142551307
"01634000",1989-12-17,0.00394098898686934,0.978085780835684,1.00002495549466,1989,"12",17,"Winter",19,0.97541848865589,0.989586142551307
"01634000",1989-12-18,0.00385471878689714,0.978109504934005,1.00002425564177,1989,"12",18,"Winter",19,0.97541848865589,0.989586142551307
"01634000",1989-12-19,0.00377042566833552,0.978132485604878,1.00002349498779,1989,"12",19,"Winter",19,0.97541848865589,0.989586142551307
"01634000",1989-12-20,0.00368805993639398,0.978154792273654,1.00002280536543,1989,"12",20,"Winter",19,0.97541848865589,0.989586142551307
"01634000",1989-12-21,0.00360757348244078,0.978176478869295,1.00002217092408,1989,"12",21,"Winter",19,0.97541848865589,0.989586142551307
"01634000",1989-12-22,0.00352891934744548,0.978197496079252,1.00002148611259,1989,"12",22,"Winter",19,0.97541848865589,0.989586142551307
"01634000",1989-12-23,0.00345205204212107,0.978217891156946,1.00002084965232,1989,"12",23,"Winter",19,0.97541848865589,0.989586142551307
"01634000",1989-12-24,0.00337692737230099,0.97823767750213,1.00002022693038,1989,"12",24,"Winter",19,0.97541848865589,0.989586142551307
"01634000",1989-12-25,0.00330350258445833,0.978256924195371,1.00001967486398,1989,"12",25,"Winter",19,0.97541848865589,0.989586142551307
"01634000",1989-12-26,0.00323173575452529,0.978275533892216,1.00001902332239,1989,"12",26,"Winter",19,0.97541848865589,0.989586142551307
"01634000",1989-12-27,0.00316158654459287,0.978293643026292,1.00001851128179,1989,"12",27,"Winter",19,0.97541848865589,0.989586142551307
"01634000",1989-12-28,0.00309301556262653,0.978311211475894,1.00001795825796,1989,"12",28,"Winter",19,0.97541848865589,0.989586142551307
"01634000",1989-12-29,0.00302598447888158,0.978328242329299,1.00001740842097,1989,"12",29,"Winter",19,0.97541848865589,0.989586142551307
"01634000",1989-12-30,0.00296045614231844,0.978344787615247,1.00001691179425,1989,"12",30,"Winter",19,0.97541848865589,0.989586142551307
"01634000",1990-01-12,0.0156803589779884,0.990390102791462,0.974436143977275,1990,"01",12,"Winter",20,1.00266195397261,0.0413232803727037
"01634000",1990-01-13,0.0156293791951612,0.996748812772797,1.00642040945625,1990,"01",13,"Winter",20,1.00266195397261,0.0413232803727037
"01634000",1990-01-14,0.0152975270757452,0.978767415181869,0.981959950831638,1990,"01",14,"Winter",20,1.00266195397261,0.0413232803727037
"01634000",1990-01-15,0.0149622176541016,0.978080808748804,0.999298498885011,1990,"01",15,"Winter",20,1.00266195397261,0.0413232803727037
"01634000",1990-01-16,0.0146343657397665,0.978088013293593,1.00000736600159,1990,"01",16,"Winter",20,1.00266195397261,0.0413232803727037
"01634000",1990-01-17,0.0142861607018858,0.976206345797789,0.998076177736329,1990,"01",17,"Winter",20,1.00266195397261,0.0413232803727037
"01634000",1990-01-18,0.0138398773269728,0.968761139943349,0.992373327743167,1990,"01",18,"Winter",20,1.00266195397261,0.0413232803727037
"01634000",1990-01-19,0.0133731648093089,0.966277698375675,0.997436476892726,1990,"01",19,"Winter",20,1.00266195397261,0.0413232803727037
"01634000",1990-01-20,0.0131107746274211,0.980379350316146,1.01459378806339,1990,"01",20,"Winter",20,1.00266195397261,0.0413232803727037
"01634000",1990-01-21,0.0134584385668859,1.02651742168901,1.04706144754883,1990,"01",21,"Winter",20,1.00266195397261,0.0413232803727037
"01634000",1990-01-22,0.0132536142482422,0.984780974581433,0.959341706019075,1990,"01",22,"Winter",20,1.00266195397261,0.0413232803727037
"01634000",1990-01-23,0.0128833302878775,0.972061661564213,0.987084119874852,1990,"01",23,"Winter",20,1.00266195397261,0.0413232803727037
"01634000",1990-01-24,0.0123931056587026,0.961948920176626,0.98959660504323,1990,"01",24,"Winter",20,1.00266195397261,0.0413232803727037
"01634000",1990-01-25,0.0140882746200077,1.13678322512443,1.18175009221457,1990,"01",25,"Winter",20,1.00266195397261,0.0413232803727037
"01634000",1990-01-26,0.0177477843826637,1.25975570901059,1.10817584317599,1990,"01",26,"Winter",20,1.00266195397261,0.0413232803727037
"01634000",1990-01-27,0.0177749561844394,1.00153099683824,0.795020010367604,1990,"01",27,"Winter",20,1.00266195397261,0.0413232803727037
"01634000",1990-01-28,0.0173422661609948,0.975657322642326,0.974165877763545,1990,"01",28,"Winter",20,1.00266195397261,0.0413232803727037
"01634000",1990-01-29,0.0191483112284914,1.10414123798645,1.13168959260836,1990,"01",29,"Winter",20,1.00266195397261,0.0413232803727037
"01634000",1990-01-30,0.0249555641785264,1.30327755177669,1.18035402260076,1990,"01",30,"Winter",20,1.00266195397261,0.0413232803727037
"01634000",1990-01-31,0.0244602672755718,0.98015284689974,0.752067620257517,1990,"01",31,"Winter",20,1.00266195397261,0.0413232803727037
"01634000",1990-02-01,0.0238550869980827,0.97525864003565,0.995006690150857,1990,"02",1,"Winter",20,1.00266195397261,0.0413232803727037
"01634000",1990-02-02,0.0232129518408328,0.973081835446608,0.99776797200283,1990,"02",2,"Winter",20,1.00266195397261,0.0413232803727037
"01634000",1990-02-03,0.0228853282169439,0.985886171386759,1.01315853967644,1990,"02",3,"Winter",20,1.00266195397261,0.0413232803727037
"01634000",1990-02-04,0.0267799351131544,1.17017920211985,1.1869313477375,1990,"02",4,"Winter",20,1.00266195397261,0.0413232803727037
"01634000",1990-02-05,0.0274275635601953,1.02418334638618,0.875236326650492,1990,"02",5,"Winter",20,1.00266195397261,0.0413232803727037
"01634000",1990-02-06,0.0267415045527741,0.974986512895487,0.951964817955411,1990,"02",6,"Winter",20,1.00266195397261,0.0413232803727037
"01634000",1990-02-07,0.0260756247444078,0.975099388777764,1.00011577173713,1990,"02",7,"Winter",20,1.00266195397261,0.0413232803727037
"01634000",1990-02-08,0.0254164490615949,0.974720617846201,0.999611556590106,1990,"02",8,"Winter",20,1.00266195397261,0.0413232803727037
"01634000",1990-02-09,0.0247628221986816,0.974283313088727,0.999551353742327,1990,"02",9,"Winter",20,1.00266195397261,0.0413232803727037
"01634000",1990-02-10,0.027856636676006,1.12493787874829,1.15463116696719,1990,"02",10,"Winter",20,1.00266195397261,0.0413232803727037
"01634000",1990-02-11,0.0287993216188624,1.03384058721161,0.919020158128153,1990,"02",11,"Winter",20,1.00266195397261,0.0413232803727037
"01634000",1990-02-12,0.0284080492565408,0.986413834065267,0.954125661409506,1990,"02",12,"Winter",20,1.00266195397261,0.0413232803727037
"01634000",1990-02-13,0.0277287834323942,0.976088966264018,0.989532924777933,1990,"02",13,"Winter",20,1.00266195397261,0.0413232803727037
"01634000",1990-02-14,0.0270034896675497,0.973843289352637,0.997699311242113,1990,"02",14,"Winter",20,1.00266195397261,0.0413232803727037
"01634000",1990-02-15,0.0262087831506506,0.970570229008061,0.99663902767482,1990,"02",15,"Winter",20,1.00266195397261,0.0413232803727037
"01634000",1990-02-16,0.0254201501375064,0.96990959066619,0.999319329686687,1990,"02",16,"Winter",20,1.00266195397261,0.0413232803727037
"01634000",1990-02-17,0.0246455731103197,0.969529014463062,0.999607616826568,1990,"02",17,"Winter",20,1.00266195397261,0.0413232803727037
"01634000",1990-02-18,0.0239474982954562,0.971675448092087,1.00221389313471,1990,"02",18,"Winter",20,1.00266195397261,0.0413232803727037
"01634000",1990-02-19,0.0232196688302793,0.96960728606399,0.997871550596284,1990,"02",19,"Winter",20,1.00266195397261,0.0413232803727037
"01634000",1990-02-20,0.0225179105764255,0.969777421935551,1.000175468846,1990,"02",20,"Winter",20,1.00266195397261,0.0413232803727037
"01634000",1990-02-21,0.0218800089205615,0.971671365613655,1.00195296738743,1990,"02",21,"Winter",20,1.00266195397261,0.0413232803727037
"01634000",1990-02-22,0.0212691528722644,0.972081544824093,1.00042213779777,1990,"02",22,"Winter",20,1.00266195397261,0.0413232803727037
"01634000",1990-02-23,0.0216074849595316,1.01590717266922,1.04508431219426,1990,"02",23,"Winter",20,1.00266195397261,0.0413232803727037
"01634000",1990-02-24,0.0254163237987086,1.17627404791953,1.15785583522258,1990,"02",24,"Winter",20,1.00266195397261,0.0413232803727037
"01634000",1990-02-25,0.0249609207967296,0.982082263131928,0.834909403016185,1990,"02",25,"Winter",20,1.00266195397261,0.0413232803727037
"01634000",1990-02-26,0.0243272646330297,0.974614070976782,0.992395553371131,1990,"02",26,"Winter",20,1.00266195397261,0.0413232803727037
"01634000",1990-02-27,0.0237130355089903,0.97475141026725,1.00014091658899,1990,"02",27,"Winter",20,1.00266195397261,0.0413232803727037
"01634000",1990-02-28,0.0231174897053279,0.974885298702623,1.00013735649311,1990,"02",28,"Winter",20,1.00266195397261,0.0413232803727037
"01634000",1990-03-01,0.022539917845279,0.9750158054611,1.00013386883426,1990,"03",1,"Spring",20,1.00266195397261,0.0413232803727037
"01634000",1990-03-02,0.0219668110948987,0.974573698346452,0.999546564156015,1990,"03",2,"Spring",20,1.00266195397261,0.0413232803727037
"01634000",1990-03-03,0.0213304826174863,0.971032277982295,0.996366185163661,1990,"03",3,"Spring",20,1.00266195397261,0.0413232803727037
"01634000",1990-03-04,0.0206858547753654,0.969779031554008,0.998709366869976,1990,"03",4,"Spring",20,1.00266195397261,0.0413232803727037
"01634000",1990-03-05,0.0200682526337914,0.970143745652245,1.00037607958759,1990,"03",5,"Spring",20,1.00266195397261,0.0413232803727037
"01634000",1990-03-06,0.0193755067884922,0.965480510040383,0.995193252924878,1990,"03",6,"Spring",20,1.00266195397261,0.0413232803727037
"01634000",1990-03-07,0.0187756386003457,0.969039871075641,1.003686621323,1990,"03",7,"Spring",20,1.00266195397261,0.0413232803727037
"01634000",1990-03-08,0.018247104017064,0.971849981002937,1.00289989092417,1990,"03",8,"Spring",20,1.00266195397261,0.0413232803727037
"01634000",1990-03-09,0.0176043853862211,0.964776951441619,0.99272209734056,1990,"03",9,"Spring",20,1.00266195397261,0.0413232803727037
"01634000",1990-03-10,0.016829865751788,0.956004165016786,0.990906927853402,1990,"03",10,"Spring",20,1.00266195397261,0.0413232803727037
"01634000",1990-03-11,0.0159835289232433,0.949712205609553,0.993418481176678,1990,"03",11,"Spring",20,1.00266195397261,0.0413232803727037
"01634000",1990-03-12,0.0149215343408287,0.933556939302042,0.982989303273045,1990,"03",12,"Spring",20,1.00266195397261,0.0413232803727037
"01634000",1990-03-13,0.0136631511850283,0.915666638091152,0.980836411302063,1990,"03",13,"Spring",20,1.00266195397261,0.0413232803727037
"01634000",1990-03-14,0.0123512994905468,0.90398615394676,0.987243737340107,1990,"03",14,"Spring",20,1.00266195397261,0.0413232803727037
"01634000",1990-03-15,0.0110331140167546,0.893275563854545,0.988151820638565,1990,"03",15,"Spring",20,1.00266195397261,0.0413232803727037
"01634000",1990-04-05,0.0219685624470003,0.974150133461968,0.996569495481191,1990,"04",5,"Spring",21,0.968983811784901,0.718045976618628
"01634000",1990-04-06,0.0227019539452158,1.0333836817946,1.06080535874088,1990,"04",6,"Spring",21,0.968983811784901,0.718045976618628
"01634000",1990-04-07,0.0298943145899102,1.31681681066092,1.27427676076141,1990,"04",7,"Spring",21,0.968983811784901,0.718045976618628
"01634000",1990-04-08,0.0299360144417733,1.00139490911349,0.760466376952527,1990,"04",8,"Spring",21,0.968983811784901,0.718045976618628
"01634000",1990-04-09,0.0291242126841098,0.972882102951866,0.971526911209417,1990,"04",9,"Spring",21,0.968983811784901,0.718045976618628
"01634000",1990-04-10,0.0281248212559148,0.965685203612723,0.992602495906435,1990,"04",10,"Spring",21,0.968983811784901,0.718045976618628
"01634000",1990-04-11,0.0270414655096829,0.961480439773315,0.995645823479869,1990,"04",11,"Spring",21,0.968983811784901,0.718045976618628
"01634000",1990-04-12,0.0260312727186829,0.962642823827789,1.00120895236802,1990,"04",12,"Spring",21,0.968983811784901,0.718045976618628
"01634000",1990-04-13,0.0250268689123914,0.961415493696908,0.998725041001188,1990,"04",13,"Spring",21,0.968983811784901,0.718045976618628
"01634000",1990-04-14,0.0240329242078588,0.96028489588482,0.998824027884405,1990,"04",14,"Spring",21,0.968983811784901,0.718045976618628
"01634000",1990-04-15,0.0247930246405303,1.03162746347875,1.07429312686231,1990,"04",15,"Spring",21,0.968983811784901,0.718045976618628
"01634000",1990-04-16,0.0246544622350484,0.99441123430921,0.963924739804772,1990,"04",16,"Spring",21,0.968983811784901,0.718045976618628
"01634000",1990-04-17,0.0237303922767751,0.962519159839565,0.96792868647366,1990,"04",17,"Spring",21,0.968983811784901,0.718045976618628
"01634000",1990-04-18,0.0227286718436517,0.957787447361172,0.995084032946231,1990,"04",18,"Spring",21,0.968983811784901,0.718045976618628
"01634000",1990-04-19,0.0217591482796706,0.957343589161289,0.999536579643943,1990,"04",19,"Spring",21,0.968983811784901,0.718045976618628
"01634000",1990-04-20,0.0207921544206329,0.955559204496014,0.998136108409272,1990,"04",20,"Spring",21,0.968983811784901,0.718045976618628
"01634000",1990-04-21,0.0200614121276885,0.964854902567519,1.00972801897336,1990,"04",21,"Spring",21,0.968983811784901,0.718045976618628
"01634000",1990-04-22,0.0199619620107114,0.995042716018987,1.03128741261628,1990,"04",22,"Spring",21,0.968983811784901,0.718045976618628
"01634000",1990-04-23,0.0193462028983049,0.969153377204299,0.973981680989268,1990,"04",23,"Spring",21,0.968983811784901,0.718045976618628
"01634000",1990-04-24,0.0181273748748936,0.93699910882677,0.966822311995358,1990,"04",24,"Spring",21,0.968983811784901,0.718045976618628
"01634000",1990-04-25,0.0166502033243887,0.91851155720563,0.980269403196884,1990,"04",25,"Spring",21,0.968983811784901,0.718045976618628
"01634000",1990-04-26,0.0150556885637343,0.904234517165396,0.984456330540174,1990,"04",26,"Spring",21,0.968983811784901,0.718045976618628
"01634000",1990-04-27,0.0131021359702572,0.870244885499111,0.962410601430217,1990,"04",27,"Spring",21,0.968983811784901,0.718045976618628
"01634000",1990-04-28,0.0111399465822615,0.850238969245163,0.977011164802797,1990,"04",28,"Spring",21,0.968983811784901,0.718045976618628
"01634000",1990-10-26,0.0315810857573524,0.988347077710958,0.988443306166223,1990,"10",26,"Fall",22,0.989548995101167,0.533744928127531
"01634000",1990-10-27,0.0309815780492499,0.981016874698079,0.992583371592644,1990,"10",27,"Fall",22,0.989548995101167,0.533744928127531
"01634000",1990-10-28,0.0302402740344405,0.976072748339967,0.994960202535115,1990,"10",28,"Fall",22,0.989548995101167,0.533744928127531
"01634000",1990-10-29,0.0294175894232467,0.972795067589107,0.996641970840356,1990,"10",29,"Fall",22,0.989548995101167,0.533744928127531
"01634000",1990-10-30,0.0285528087988496,0.970603280508302,0.997746917974988,1990,"10",30,"Fall",22,0.989548995101167,0.533744928127531
"01634000",1990-10-31,0.0275867308955639,0.966165223530493,0.995427527325598,1990,"10",31,"Fall",22,0.989548995101167,0.533744928127531
"01634000",1990-11-01,0.0265184250893071,0.961274650109824,0.994938160366818,1990,"11",1,"Fall",22,0.989548995101167,0.533744928127531
"01634000",1990-11-02,0.0253983457805589,0.957762223624665,0.996346073950084,1990,"11",2,"Fall",22,0.989548995101167,0.533744928127531
"01634000",1990-11-03,0.0242312266491354,0.954047435155525,0.996121387566237,1990,"11",3,"Fall",22,0.989548995101167,0.533744928127531
"01634000",1990-11-04,0.0230549885309301,0.951457755926393,0.997285586508903,1990,"11",4,"Fall",22,0.989548995101167,0.533744928127531
"01634000",1990-11-05,0.0219734990387224,0.953090868349084,1.00171643187784,1990,"11",5,"Fall",22,0.989548995101167,0.533744928127531
"01634000",1990-11-06,0.0215942790382542,0.982741938377683,1.03111043344688,1990,"11",6,"Fall",22,0.989548995101167,0.533744928127531
"01634000",1990-11-07,0.0210736757144332,0.975891608934999,0.993029371012707,1990,"11",7,"Fall",22,0.989548995101167,0.533744928127531
"01634000",1990-11-08,0.0203633834025823,0.966294806778086,0.990166118789169,1990,"11",8,"Fall",22,0.989548995101167,0.533744928127531
"01634000",1990-11-09,0.0196411758079194,0.964534007910919,0.998177782955248,1990,"11",9,"Fall",22,0.989548995101167,0.533744928127531
"01634000",1990-11-10,0.0250101501005702,1.27335299806675,1.32017428895503,1990,"11",10,"Fall",22,0.989548995101167,0.533744928127531
"01634000",1990-11-11,0.0258431454421952,1.0333062911768,0.811484555143472,1990,"11",11,"Fall",22,0.989548995101167,0.533744928127531
"01634000",1990-11-12,0.0251729912124574,0.974068395380246,0.942671503790914,1990,"11",12,"Fall",22,0.989548995101167,0.533744928127531
"01634000",1990-11-13,0.0245230296859517,0.974180202860277,1.00011478401369,1990,"11",13,"Fall",22,0.989548995101167,0.533744928127531
"01634000",1990-11-14,0.0238288134569302,0.97169125357218,0.997445083280497,1990,"11",14,"Fall",22,0.989548995101167,0.533744928127531
"01634000",1990-11-15,0.0230319405090995,0.966558429387555,0.99471763879138,1990,"11",15,"Fall",22,0.989548995101167,0.533744928127531
"01634000",1990-11-16,0.0221908201347105,0.963480264545808,0.996815334957353,1990,"11",16,"Fall",22,0.989548995101167,0.533744928127531
"01634000",1990-11-17,0.0214789214078337,0.967919224140649,1.00460721382491,1990,"11",17,"Fall",22,0.989548995101167,0.533744928127531
"01634000",1990-11-18,0.0209317833650857,0.974526744972007,1.00682652091885,1990,"11",18,"Fall",22,0.989548995101167,0.533744928127531
"01634000",1990-11-19,0.020401255984325,0.974654458652306,1.00013105200135,1990,"11",19,"Fall",22,0.989548995101167,0.533744928127531
"01634000",1990-11-20,0.0198431299068034,0.972642562891695,0.997935785608171,1990,"11",20,"Fall",22,0.989548995101167,0.533744928127531
"01634000",1990-11-21,0.0192035881336778,0.967770116099162,0.994990506298585,1990,"11",21,"Fall",22,0.989548995101167,0.533744928127531
"01634000",1990-11-22,0.0185390461119823,0.965394903438379,0.997545685053433,1990,"11",22,"Fall",22,0.989548995101167,0.533744928127531
"01634000",1990-11-23,0.0184217070345767,0.993670705779744,1.02928936359686,1990,"11",23,"Fall",22,0.989548995101167,0.533744928127531
"01634000",1990-11-24,0.0181752893840894,0.986623517026693,0.992907923407563,1990,"11",24,"Fall",22,0.989548995101167,0.533744928127531
"01634000",1990-11-25,0.0176422177464701,0.970670528190548,0.983830723106803,1990,"11",25,"Fall",22,0.989548995101167,0.533744928127531
"01634000",1990-11-26,0.0169692029594444,0.961852030357102,0.990915045242092,1990,"11",26,"Fall",22,0.989548995101167,0.533744928127531
"01634000",1990-11-27,0.0162720510852523,0.958916639994334,0.99694818925352,1990,"11",27,"Fall",22,0.989548995101167,0.533744928127531
"01634000",1990-11-28,0.0155208659125492,0.953835864405322,0.994701546122881,1990,"11",28,"Fall",22,0.989548995101167,0.533744928127531
"01634000",1990-11-29,0.0148467092076316,0.956564491393971,1.00286068818596,1990,"11",29,"Fall",22,0.989548995101167,0.533744928127531
"01634000",1990-11-30,0.0143364370451309,0.965630621886332,1.00947780371729,1990,"11",30,"Fall",22,0.989548995101167,0.533744928127531
"01634000",1990-12-01,0.0138590075075626,0.966698173607201,1.00110554874366,1990,"12",1,"Winter",22,0.989548995101167,0.533744928127531
"01634000",1990-12-02,0.0133281890302896,0.961698665868871,0.994828264007498,1990,"12",2,"Winter",22,0.989548995101167,0.533744928127531
"01634000",1990-12-03,0.0154968716669828,1.16271397650233,1.20902109753042,1990,"12",3,"Winter",22,0.989548995101167,0.533744928127531
"01634000",1990-12-04,0.0228265562327579,1.4729783354528,1.26684495518305,1990,"12",4,"Winter",22,0.989548995101167,0.533744928127531
"01634000",1990-12-05,0.0228934331680648,1.00292978645684,0.680885633086066,1990,"12",5,"Winter",22,0.989548995101167,0.533744928127531
"01634000",1990-12-06,0.0223041760036722,0.974260865110673,0.971414827106247,1990,"12",6,"Winter",22,0.989548995101167,0.533744928127531
"01634000",1990-12-07,0.0217330397572368,0.974393304359627,1.00013593818011,1990,"12",7,"Winter",22,0.989548995101167,0.533744928127531
"01634000",1990-12-08,0.0211554172565229,0.973421918555062,0.999003086535777,1990,"12",8,"Winter",22,0.989548995101167,0.533744928127531
"01634000",1990-12-09,0.0205273543833755,0.970311960027459,0.996805127901559,1990,"12",9,"Winter",22,0.989548995101167,0.533744928127531
"01634000",1990-12-10,0.0198657005676068,0.967767214254141,0.997377394200885,1990,"12",10,"Winter",22,0.989548995101167,0.533744928127531
"01634000",1990-12-11,0.0192479967954569,0.968906016173564,1.00117673124554,1990,"12",11,"Winter",22,0.989548995101167,0.533744928127531
"01634000",1990-12-12,0.0186485069571063,0.968854429646826,0.999946757966328,1990,"12",12,"Winter",22,0.989548995101167,0.533744928127531
"01634000",1990-12-13,0.0179839199990965,0.964362457566261,0.995363625387766,1990,"12",13,"Winter",22,0.989548995101167,0.533744928127531
"01634000",1990-12-14,0.017397444229573,0.967388880202259,1.00313826260267,1990,"12",14,"Winter",22,0.989548995101167,0.533744928127531
"01634000",1991-04-19,0.0342996220570058,0.958654662639512,1.00227298849683,1991,"04",19,"Spring",23,0.946022603520597,0.972867048045053
"01634000",1991-04-20,0.0334025837946684,0.973846992808069,1.01584755257616,1991,"04",20,"Spring",23,0.946022603520597,0.972867048045053
"01634000",1991-04-21,0.032619870849885,0.976567293428712,1.00279335526087,1991,"04",21,"Spring",23,0.946022603520597,0.972867048045053
"01634000",1991-04-22,0.0317360404878855,0.972905154466524,0.996249988109544,1991,"04",22,"Spring",23,0.946022603520597,0.972867048045053
"01634000",1991-04-23,0.0308814848540351,0.973073022950781,1.0001725435244,1991,"04",23,"Spring",23,0.946022603520597,0.972867048045053
"01634000",1991-04-24,0.0298099088249728,0.96530037224158,0.99201226369874,1991,"04",24,"Spring",23,0.946022603520597,0.972867048045053
"01634000",1991-04-25,0.0283759979065508,0.951898178325832,0.986116037762809,1991,"04",25,"Spring",23,0.946022603520597,0.972867048045053
"01634000",1991-04-26,0.0268582262797281,0.946512132125853,0.994341783267773,1991,"04",26,"Spring",23,0.946022603520597,0.972867048045053
"01634000",1991-04-27,0.0252787570934743,0.941192349420112,0.994379593747211,1991,"04",27,"Spring",23,0.946022603520597,0.972867048045053
"01634000",1991-04-28,0.0243098635692149,0.96167163121681,1.02175886980947,1991,"04",28,"Spring",23,0.946022603520597,0.972867048045053
"01634000",1991-04-29,0.0236052049440332,0.971013468538174,1.00971416543664,1991,"04",29,"Spring",23,0.946022603520597,0.972867048045053
"01634000",1991-04-30,0.0224471277324483,0.950939751875459,0.979327046108913,1991,"04",30,"Spring",23,0.946022603520597,0.972867048045053
"01634000",1991-05-01,0.0207641328452155,0.925024042840014,0.972747265024589,1991,"05",1,"Spring",23,0.946022603520597,0.972867048045053
"01634000",1991-05-02,0.019170758780092,0.923263153968376,0.998096385834219,1991,"05",2,"Spring",23,0.946022603520597,0.972867048045053
"01634000",1991-05-03,0.0177718710619956,0.927030133019614,1.00408007081735,1991,"05",3,"Spring",23,0.946022603520597,0.972867048045053
"01634000",1991-05-04,0.0162611835403368,0.914995583954614,0.987018168410772,1991,"05",4,"Spring",23,0.946022603520597,0.972867048045053
"01634000",1991-05-05,0.0146933379000984,0.903583546895634,0.98752776815637,1991,"05",5,"Spring",23,0.946022603520597,0.972867048045053
"01634000",1991-05-06,0.0135967184323817,0.925366211872844,1.02410697389527,1991,"05",6,"Spring",23,0.946022603520597,0.972867048045053
"01634000",1991-05-07,0.0132821007282473,0.976860761977306,1.05564775268836,1991,"05",7,"Spring",23,0.946022603520597,0.972867048045053
"01634000",1991-05-08,0.0125869768089615,0.947664610176649,0.970112268874881,1991,"05",8,"Spring",23,0.946022603520597,0.972867048045053
"01634000",1991-05-09,0.0121172654326074,0.962682748726471,1.01584752494558,1991,"05",9,"Spring",23,0.946022603520597,0.972867048045053
"01634000",1991-12-06,0.00639229355147109,0.977183349043009,0.999472209575316,1991,"12",6,"Winter",24,0.995708602608077,0.0450336272136957
"01634000",1991-12-07,0.00624676237930544,0.977233340272341,1.00005115849485,1991,"12",7,"Winter",24,0.995708602608077,0.0450336272136957
"01634000",1991-12-08,0.00610484782373533,0.977281902695667,1.00004969378481,1991,"12",8,"Winter",24,0.995708602608077,0.0450336272136957
"01634000",1991-12-09,0.0061259236827027,1.00345231520521,1.02677877533326,1991,"12",9,"Winter",24,0.995708602608077,0.0450336272136957
"01634000",1991-12-10,0.00880943387164734,1.43805805098778,1.43311050181163,1991,"12",10,"Winter",24,0.995708602608077,0.0450336272136957
"01634000",1991-12-11,0.00871991319581866,0.989838089809971,0.688315808343109,1991,"12",11,"Winter",24,0.995708602608077,0.0450336272136957
"01634000",1991-12-12,0.00847661338048056,0.972098367280219,0.982078157314438,1991,"12",12,"Winter",24,0.995708602608077,0.0450336272136957
"01634000",1991-12-13,0.0082145314081572,0.969081759358417,0.996896807953456,1991,"12",13,"Winter",24,0.995708602608077,0.0450336272136957
"01634000",1991-12-14,0.00802452326752245,0.976869266036762,1.00803596456454,1991,"12",14,"Winter",24,0.995708602608077,0.0450336272136957
"01634000",1991-12-15,0.00783938379026949,0.976928289559297,1.00006042110709,1991,"12",15,"Winter",24,0.995708602608077,0.0450336272136957
"01634000",1991-12-16,0.00765896536177024,0.976985636457397,1.00005870123602,1991,"12",16,"Winter",24,0.995708602608077,0.0450336272136957
"01634000",1991-12-17,0.00743258438888006,0.97044235582783,0.993302582570923,1991,"12",17,"Winter",24,0.995708602608077,0.0450336272136957
"01634000",1991-12-18,0.00718676240649074,0.966926445832611,0.996377002740962,1991,"12",18,"Winter",24,0.995708602608077,0.0450336272136957
"01634000",1991-12-19,0.00702275455114432,0.977179173865787,1.01060342084692,1991,"12",19,"Winter",24,0.995708602608077,0.0450336272136957
"01634000",1991-12-20,0.00685012494795956,0.975418533863378,0.998198242400682,1991,"12",20,"Winter",24,0.995708602608077,0.0450336272136957
"01634000",1991-12-21,0.00656980916392058,0.95907873415908,0.983248421947058,1991,"12",21,"Winter",24,0.995708602608077,0.0450336272136957
"01634000",1991-12-22,0.00620375768630765,0.944282783794821,0.984572746910886,1991,"12",22,"Winter",24,0.995708602608077,0.0450336272136957
"01634000",1991-12-23,0.0060319690965116,0.972308945886909,1.02967984016341,1991,"12",23,"Winter",24,0.995708602608077,0.0450336272136957
"01634000",1991-12-24,0.00620730296941474,1.02906743554183,1.05837495365544,1991,"12",24,"Winter",24,0.995708602608077,0.0450336272136957
"01634000",1991-12-25,0.00612265450763516,0.986363085192286,0.958501893195119,1991,"12",25,"Winter",24,0.995708602608077,0.0450336272136957
"01634000",1991-12-26,0.00598488969262689,0.977499168892109,0.991013536056604,1991,"12",26,"Winter",24,0.995708602608077,0.0450336272136957
"01634000",1992-01-07,0.0218713627546094,0.973904066645475,0.998707115483605,1992,"01",7,"Winter",25,0.988091390590801,0.789977106102588
"01634000",1992-01-08,0.0212914729490876,0.973486343213817,0.999571083594408,1992,"01",8,"Winter",25,0.988091390590801,0.789977106102588
"01634000",1992-01-09,0.0207195149268955,0.973136756505302,0.99964089202591,1992,"01",9,"Winter",25,0.988091390590801,0.789977106102588
"01634000",1992-01-10,0.0201875161146745,0.974323780547081,1.00121979160056,1992,"01",10,"Winter",25,0.988091390590801,0.789977106102588
"01634000",1992-01-11,0.0196718007209711,0.974453747019994,1.00013339146135,1992,"01",11,"Winter",25,0.988091390590801,0.789977106102588
"01634000",1992-01-12,0.0191296035191044,0.972437845952321,0.997931250124659,1992,"01",12,"Winter",25,0.988091390590801,0.789977106102588
"01634000",1992-01-13,0.0184366959729232,0.963778258891292,0.991094971162349,1992,"01",13,"Winter",25,0.988091390590801,0.789977106102588
"01634000",1992-01-14,0.0188523815595545,1.0225466421555,1.06097707924208,1992,"01",14,"Winter",25,0.988091390590801,0.789977106102588
"01634000",1992-01-15,0.0190541222109459,1.01070106982262,0.988415616613915,1992,"01",15,"Winter",25,0.988091390590801,0.789977106102588
"01634000",1992-01-16,0.018573380773887,0.974769688588293,0.964449051943091,1992,"01",16,"Winter",25,0.988091390590801,0.789977106102588
"01634000",1992-01-17,0.018106956675183,0.974887496014739,1.00012085667807,1992,"01",17,"Winter",25,0.988091390590801,0.789977106102588
"01634000",1992-01-18,0.0176543202833272,0.975002072409211,1.00011752781212,1992,"01",18,"Winter",25,0.988091390590801,0.789977106102588
"01634000",1992-01-19,0.017214966355823,0.975113517798859,1.00011430272079,1992,"01",19,"Winter",25,0.988091390590801,0.789977106102588
"01634000",1992-01-20,0.0167884117690846,0.975221875086961,1.00011112274225,1992,"01",20,"Winter",25,0.988091390590801,0.789977106102588
"01634000",1992-01-21,0.0163741959840991,0.975327279871206,1.00010808287523,1992,"01",21,"Winter",25,0.988091390590801,0.789977106102588
"01634000",1992-01-22,0.0159718774375506,0.975429722049304,1.0001050336438,1992,"01",22,"Winter",25,0.988091390590801,0.789977106102588
"01634000",1992-01-23,0.0161268432275392,1.00970241542327,1.03513599452553,1992,"01",23,"Winter",25,0.988091390590801,0.789977106102588
"01634000",1992-01-24,0.0172127481782809,1.06733524567829,1.05707902583442,1992,"01",24,"Winter",25,0.988091390590801,0.789977106102588
"01634000",1992-01-25,0.0169458406744525,0.984493614786906,0.922384619802617,1992,"01",25,"Winter",25,0.988091390590801,0.789977106102588
"01634000",1992-01-26,0.0166292261565104,0.981316092602039,0.996772429869386,1992,"01",26,"Winter",25,0.988091390590801,0.789977106102588
"01634000",1992-01-27,0.0162204679218121,0.975419287052134,0.993990921381643,1992,"01",27,"Winter",25,0.988091390590801,0.789977106102588
"01634000",1992-01-28,0.0158233781112358,0.975519213595416,1.00010244470722,1992,"01",28,"Winter",25,0.988091390590801,0.789977106102588
"01634000",1992-01-29,0.0155947522143833,0.985551385093293,1.01028393019642,1992,"01",29,"Winter",25,0.988091390590801,0.789977106102588
"01634000",1992-01-30,0.0155515613150783,0.997230420931908,1.01185025561859,1992,"01",30,"Winter",25,0.988091390590801,0.789977106102588
"01634000",1992-01-31,0.0155368403648026,0.999053410138223,1.00182805214126,1992,"01",31,"Winter",25,0.988091390590801,0.789977106102588
"01634000",1992-02-01,0.0152326846146025,0.98042357757056,0.981352515912953,1992,"02",1,"Winter",25,0.988091390590801,0.789977106102588
"01634000",1992-02-02,0.0148636986850761,0.975776697354275,0.995260334081521,1992,"02",2,"Winter",25,0.988091390590801,0.789977106102588
"01634000",1992-02-03,0.0145049875136465,0.975866627881136,1.00009216301958,1992,"02",3,"Winter",25,0.988091390590801,0.789977106102588
"01634000",1992-02-04,0.0141562015051022,0.975954063509802,1.00008959792882,1992,"02",4,"Winter",25,0.988091390590801,0.789977106102588
"01634000",1992-02-05,0.0138170057325624,0.976039068642985,1.00008709952278,1992,"02",5,"Winter",25,0.988091390590801,0.789977106102588
"01634000",1992-02-06,0.0134870783076622,0.976121640876019,1.00008459931133,1992,"02",6,"Winter",25,0.988091390590801,0.789977106102588
"01634000",1992-02-07,0.0131518029957078,0.975140997604808,0.998995367759359,1992,"02",7,"Winter",25,0.988091390590801,0.789977106102588
"01634000",1992-02-08,0.012811514956411,0.974126130127716,0.998959260784251,1992,"02",8,"Winter",25,0.988091390590801,0.789977106102588
"01634000",1992-02-09,0.012508723186329,0.976365654560591,1.00229900868441,1992,"02",9,"Winter",25,0.988091390590801,0.789977106102588
"01634000",1992-02-10,0.012214005808346,0.976439051884597,1.00007517401259,1992,"02",10,"Winter",25,0.988091390590801,0.789977106102588
"01634000",1992-02-11,0.0118491178727709,0.970125449316082,0.99353405360393,1992,"02",11,"Winter",25,0.988091390590801,0.789977106102588
"01634000",1992-02-12,0.0114630212192424,0.967415578300917,0.99720667979891,1992,"02",12,"Winter",25,0.988091390590801,0.789977106102588
"01634000",1992-02-13,0.0111958323686849,0.976691236503261,1.00958808025258,1992,"02",13,"Winter",25,0.988091390590801,0.789977106102588
"01634000",1992-02-14,0.0109208103385754,0.975435320836101,0.998714111870547,1992,"02",14,"Winter",25,0.988091390590801,0.789977106102588
"01634000",1992-02-15,0.0118378042825498,1.08396757342587,1.11126545273832,1992,"02",15,"Winter",25,0.988091390590801,0.789977106102588
"01634000",1992-02-16,0.0150904863257892,1.27477072315128,1.17602293131553,1992,"02",16,"Winter",25,0.988091390590801,0.789977106102588
"01634000",1992-02-17,0.0148176290676929,0.981918590812409,0.770270742008471,1992,"02",17,"Winter",25,0.988091390590801,0.789977106102588
"01634000",1992-02-18,0.0147563809296116,0.995866535880911,1.01420478764636,1992,"02",18,"Winter",25,0.988091390590801,0.789977106102588
"01634000",1992-02-19,0.0151731884106994,1.02824591497576,1.03251377361145,1992,"02",19,"Winter",25,0.988091390590801,0.789977106102588
"01634000",1992-02-20,0.0149490705807693,0.985229351678517,0.958165101683621,1992,"02",20,"Winter",25,0.988091390590801,0.789977106102588
"01634000",1992-02-21,0.0144662156235427,0.967700001507263,0.9822078482118,1992,"02",21,"Winter",25,0.988091390590801,0.789977106102588
"01634000",1992-02-22,0.0138444414478727,0.957018878202112,0.988962360970844,1992,"02",22,"Winter",25,0.988091390590801,0.789977106102588
"01634000",1992-02-23,0.0131689340341836,0.95120731910836,0.993927435261601,1992,"02",23,"Winter",25,0.988091390590801,0.789977106102588
"01634000",1992-02-29,0.0187916849390604,0.967961600204133,0.997193692134176,1992,"02",29,"Winter",26,0.991059597645271,0.196891717831617
"01634000",1992-03-01,0.0182669025962241,0.97207369405468,1.00424819936006,1992,"03",1,"Spring",26,0.991059597645271,0.196891717831617
"01634000",1992-03-02,0.0175148894195445,0.95883192715797,0.986377815820243,1992,"03",2,"Spring",26,0.991059597645271,0.196891717831617
"01634000",1992-03-03,0.0166217795922421,0.949008537484354,0.989754836697257,1992,"03",3,"Spring",26,0.991059597645271,0.196891717831617
"01634000",1992-03-04,0.0157719228882343,0.948870895604675,0.999854962443179,1992,"03",4,"Spring",26,0.991059597645271,0.196891717831617
"01634000",1992-03-05,0.0149195680278353,0.945957454494355,0.996929570583506,1992,"03",5,"Spring",26,0.991059597645271,0.196891717831617
"01634000",1992-03-06,0.0143273380235769,0.960305150715253,1.01516738004731,1992,"03",6,"Spring",26,0.991059597645271,0.196891717831617
"01634000",1992-03-07,0.021124912542291,1.47444783584558,1.53539511346719,1992,"03",7,"Spring",26,0.991059597645271,0.196891717831617
"01634000",1992-03-08,0.0225499112275429,1.06745583833302,0.723969890546074,1992,"03",8,"Spring",26,0.991059597645271,0.196891717831617
"01634000",1992-03-09,0.0219305959180929,0.972535798336377,0.911078251120092,1992,"03",9,"Spring",26,0.991059597645271,0.196891717831617
"01634000",1992-03-10,0.0214001596905291,0.975812958774816,1.003369706744,1992,"03",10,"Spring",26,0.991059597645271,0.196891717831617
"01634000",1992-03-11,0.0250003590481356,1.16823235946224,1.19718881467717,1992,"03",11,"Spring",26,0.991059597645271,0.196891717831617
"01634000",1992-03-12,0.0252094556344673,1.00836374333381,0.863153408794446,1992,"03",12,"Spring",26,0.991059597645271,0.196891717831617
"01634000",1992-03-13,0.0245916857384145,0.975494516620655,0.967403402858887,1992,"03",13,"Spring",26,0.991059597645271,0.196891717831617
"01634000",1992-03-14,0.0239703913684934,0.974735592487237,0.999222010866809,1992,"03",14,"Spring",26,0.991059597645271,0.196891717831617
"01634000",1992-03-15,0.0233680041856132,0.974869530763192,1.00013740985452,1992,"03",15,"Spring",26,0.991059597645271,0.196891717831617
"01634000",1992-03-16,0.0227837916463614,0.974999467878751,1.00013328667217,1992,"03",16,"Spring",26,0.991059597645271,0.196891717831617
"01634000",1992-03-17,0.0222170581691898,0.975125585505342,1.00012935148248,1992,"03",17,"Spring",26,0.991059597645271,0.196891717831617
"01634000",1992-03-18,0.0217163712950423,0.977463853659894,1.00239791488328,1992,"03",18,"Spring",26,0.991059597645271,0.196891717831617
"01634000",1992-03-19,0.0242170397541486,1.1151513033707,1.14086193488922,1992,"03",19,"Spring",26,0.991059597645271,0.196891717831617
"01634000",1992-03-20,0.0251176850870252,1.03719056259642,0.93008953983317,1992,"03",20,"Spring",26,0.991059597645271,0.196891717831617
"01634000",1992-03-21,0.0245301991235465,0.976610664500202,0.941592316512634,1992,"03",21,"Spring",26,0.991059597645271,0.196891717831617
"01634000",1992-03-22,0.0239437732379883,0.976093716866929,0.999470671730235,1992,"03",22,"Spring",26,0.991059597645271,0.196891717831617
"01634000",1992-03-23,0.0233519551693462,0.975283007287122,0.99916943469075,1992,"03",23,"Spring",26,0.991059597645271,0.196891717831617
"01634000",1992-03-24,0.022777562844567,0.975402816568731,1.00012284565681,1992,"03",24,"Spring",26,0.991059597645271,0.196891717831617
"01634000",1992-03-25,0.0222199725103565,0.97552019335802,1.00012033673401,1992,"03",25,"Spring",26,0.991059597645271,0.196891717831617
"01634000",1992-03-26,0.0229761263472028,1.03403036779159,1.05997843492317,1992,"03",26,"Spring",26,0.991059597645271,0.196891717831617
"01634000",1992-03-27,0.0269334712065756,1.17223725181397,1.1336584382116,1992,"03",27,"Spring",26,0.991059597645271,0.196891717831617
"01634000",1992-03-28,0.0263792551122606,0.979422775101498,0.83551582547466,1992,"03",28,"Spring",26,0.991059597645271,0.196891717831617
"01634000",1992-03-29,0.0257094389526174,0.97460822313622,0.995084296498232,1992,"03",29,"Spring",26,0.991059597645271,0.196891717831617
"01634000",1992-03-30,0.0249459041515365,0.970301382208766,0.995580951581144,1992,"03",30,"Spring",26,0.991059597645271,0.196891717831617
"01634000",1992-03-31,0.024209790630266,0.970491607888859,1.00019604803578,1992,"03",31,"Spring",26,0.991059597645271,0.196891717831617
"01634000",1992-04-01,0.0234606937156059,0.969058100249588,0.998522905682421,1992,"04",1,"Spring",26,0.991059597645271,0.196891717831617
"01634000",1992-04-02,0.0227083414210938,0.967931370502841,0.998837293918232,1992,"04",2,"Spring",26,0.991059597645271,0.196891717831617
"01634000",1992-04-03,0.0220589899690822,0.971404716884852,1.00358842216283,1992,"04",3,"Spring",26,0.991059597645271,0.196891717831617
"01634000",1992-04-04,0.0213440582156181,0.967590005051633,0.996072994327789,1992,"04",4,"Spring",26,0.991059597645271,0.196891717831617
"01634000",1992-04-05,0.0205557251465507,0.963065455448833,0.995323897953495,1992,"04",5,"Spring",26,0.991059597645271,0.196891717831617
"01634000",1992-04-06,0.0197095812181942,0.958836580936749,0.995608943828109,1992,"04",6,"Spring",26,0.991059597645271,0.196891717831617
"01634000",1992-04-07,0.0187539819744416,0.951516004669316,0.992365147082435,1992,"04",7,"Spring",26,0.991059597645271,0.196891717831617
"01634000",1992-04-08,0.0177272587316111,0.945253053765876,0.993417923742001,1992,"04",8,"Spring",26,0.991059597645271,0.196891717831617
"01634000",1992-04-09,0.0166913482244126,0.941563976535684,0.996097259653915,1992,"04",9,"Spring",26,0.991059597645271,0.196891717831617
"01634000",1992-04-10,0.0155560732237063,0.931984224075688,0.989825702024792,1992,"04",10,"Spring",26,0.991059597645271,0.196891717831617
"01634000",1992-04-11,0.0143106094328687,0.919937134974418,0.98707371992995,1992,"04",11,"Spring",26,0.991059597645271,0.196891717831617
"01634000",1992-04-12,0.0131638452294283,0.91986615183512,0.999922839141286,1992,"04",12,"Spring",26,0.991059597645271,0.196891717831617
"01634000",1992-04-13,0.0123338999110274,0.936952668165265,1.0185750027828,1992,"04",13,"Spring",26,0.991059597645271,0.196891717831617
"01634000",1992-04-14,0.0115834457392339,0.939155159583987,1.00235069656511,1992,"04",14,"Spring",26,0.991059597645271,0.196891717831617
"01634000",1992-04-15,0.0106792220612988,0.921938281726273,0.981667696032953,1992,"04",15,"Spring",26,0.991059597645271,0.196891717831617
"01634000",1992-04-16,0.00964118630508892,0.902798560583202,0.979239693673167,1992,"04",16,"Spring",26,0.991059597645271,0.196891717831617
"01634000",1992-04-17,0.00863395573105663,0.895528356971938,0.991947036771339,1992,"04",17,"Spring",26,0.991059597645271,0.196891717831617
"01634000",1992-04-18,0.00805131977540441,0.93251807470399,1.04130490949178,1992,"04",18,"Spring",26,0.991059597645271,0.196891717831617
"01634000",1992-04-19,0.00796996089047752,0.989894962913357,1.06152898240346,1992,"04",19,"Spring",26,0.991059597645271,0.196891717831617
"01634000",1992-04-20,0.00773114096955396,0.970034994624767,0.979937297357146,1992,"04",20,"Spring",26,0.991059597645271,0.196891717831617
"01634000",1992-04-25,0.0222308869706467,0.984201975692985,0.977847115670785,1992,"04",25,"Spring",27,0.990738806375735,0.167574448305571
"01634000",1992-04-26,0.0217832983471453,0.979866362323179,0.995594793063941,1992,"04",26,"Spring",27,0.990738806375735,0.167574448305571
"01634000",1992-04-27,0.0213235295959748,0.978893519987494,0.999007168351632,1992,"04",27,"Spring",27,0.990738806375735,0.167574448305571
"01634000",1992-04-28,0.0206940338248387,0.970478819263816,0.99140386512745,1992,"04",28,"Spring",27,0.990738806375735,0.167574448305571
"01634000",1992-04-29,0.0199283534311689,0.962999944807729,0.992293624232046,1992,"04",29,"Spring",27,0.990738806375735,0.167574448305571
"01634000",1992-04-30,0.0191892347647808,0.962911202426184,0.99990784798896,1992,"04",30,"Spring",27,0.990738806375735,0.167574448305571
"01634000",1992-05-01,0.0185422841459513,0.966285752050052,1.00350452836707,1992,"05",1,"Spring",27,0.990738806375735,0.167574448305571
"01634000",1992-05-02,0.0175014281994663,0.943865818348371,0.976797822327282,1992,"05",2,"Spring",27,0.990738806375735,0.167574448305571
"01634000",1992-05-03,0.0166291680070572,0.950160627894599,1.00666917841907,1992,"05",3,"Spring",27,0.990738806375735,0.167574448305571
"01634000",1992-05-04,0.0161359084304422,0.970337687585716,1.02123541967407,1992,"05",4,"Spring",27,0.990738806375735,0.167574448305571
"01634000",1992-05-05,0.0153447723132558,0.950970463138361,0.980040737678094,1992,"05",5,"Spring",27,0.990738806375735,0.167574448305571
"01634000",1992-05-06,0.0146724145160988,0.956183266624543,1.00548156192883,1992,"05",6,"Spring",27,0.990738806375735,0.167574448305571
"01634000",1992-05-07,0.0139954844489694,0.953863757980209,0.997574200757013,1992,"05",7,"Spring",27,0.990738806375735,0.167574448305571
"01634000",1992-05-08,0.0171561220195144,1.22583266639104,1.28512343207873,1992,"05",8,"Spring",27,0.990738806375735,0.167574448305571
"01634000",1992-05-09,0.0239495120476931,1.39597468591395,1.13879710027946,1992,"05",9,"Spring",27,0.990738806375735,0.167574448305571
"01634000",1992-05-10,0.0237739934818819,0.992671309316796,0.711095494304675,1992,"05",10,"Spring",27,0.990738806375735,0.167574448305571
"01634000",1992-05-11,0.023159215983469,0.974140755995353,0.981332639366603,1992,"05",11,"Spring",27,0.990738806375735,0.167574448305571
"01634000",1992-05-12,0.022239868179895,0.960303155157312,0.985795070421931,1992,"05",12,"Spring",27,0.990738806375735,0.167574448305571
"01634000",1992-05-13,0.0210855892510153,0.948098661397502,0.987290998999362,1992,"05",13,"Spring",27,0.990738806375735,0.167574448305571
"01634000",1992-05-14,0.0200387245276943,0.950351649609667,1.00237632253256,1992,"05",14,"Spring",27,0.990738806375735,0.167574448305571
"01634000",1992-05-15,0.0191254929522984,0.954426661530589,1.00428789903463,1992,"05",15,"Spring",27,0.990738806375735,0.167574448305571
"01634000",1992-05-16,0.0187563555664383,0.980699196262247,1.02752703354863,1992,"05",16,"Spring",27,0.990738806375735,0.167574448305571
"01634000",1992-05-17,0.0182712041423656,0.974134025005327,0.993305621864542,1992,"05",17,"Spring",27,0.990738806375735,0.167574448305571
"01634000",1992-05-18,0.0171792574110441,0.940236739581405,0.965202647116512,1992,"05",18,"Spring",27,0.990738806375735,0.167574448305571
"01634000",1992-05-19,0.0166693141800351,0.970316340292968,1.03199151814144,1992,"05",19,"Spring",27,0.990738806375735,0.167574448305571
"01634000",1992-05-20,0.0162851142231375,0.976951663832829,1.00683830959485,1992,"05",20,"Spring",27,0.990738806375735,0.167574448305571
"01634000",1992-05-21,0.015394227928482,0.945294439913123,0.967595915855748,1992,"05",21,"Spring",27,0.990738806375735,0.167574448305571
"01634000",1992-05-22,0.0137722215149552,0.894635416529994,0.946409265468879,1992,"05",22,"Spring",27,0.990738806375735,0.167574448305571
"01634000",1992-05-23,0.0118278248410206,0.858817499281207,0.959963671695769,1992,"05",23,"Spring",27,0.990738806375735,0.167574448305571
"01634000",1992-05-24,0.01029034901876,0.870011955458757,1.01303473227655,1992,"05",24,"Spring",27,0.990738806375735,0.167574448305571
"01634000",1992-11-08,0.00394366582622751,0.968282010822982,0.988057832366608,1992,"11",8,"Fall",28,0.996662325218073,0.00729377030825578
"01634000",1992-11-09,0.00360366483801045,0.913785547965074,0.943718397895683,1992,"11",9,"Fall",28,0.996662325218073,0.00729377030825578
"01634000",1992-11-10,0.00313597752392525,0.87021897565163,0.952322979488499,1992,"11",10,"Fall",28,0.996662325218073,0.00729377030825578
"01634000",1992-11-11,0.00266841634584125,0.850904167993284,0.977804658139196,1992,"11",11,"Fall",28,0.996662325218073,0.00729377030825578
"01634000",1992-11-12,0.00249572122993413,0.9352817950706,1.09916231492473,1992,"11",12,"Fall",28,0.996662325218073,0.00729377030825578
"01634000",1992-11-13,0.00448541481455322,1.7972419197923,1.92160472839807,1992,"11",13,"Fall",28,0.996662325218073,0.00729377030825578
"01634000",1992-11-14,0.00449284688511398,1.00165694163595,0.557330057019653,1992,"11",14,"Fall",28,0.996662325218073,0.00729377030825578
"01634000",1992-11-15,0.00439289791393094,0.977753755305084,0.976136354337215,1992,"11",15,"Fall",28,0.996662325218073,0.00729377030825578
"01634000",1992-11-16,0.00429531924601179,0.97778717606669,1.00003418116415,1992,"11",16,"Fall",28,0.996662325218073,0.00729377030825578
"01634000",1992-11-17,0.00411757270921953,0.958618550423861,0.980395912206644,1992,"11",17,"Fall",28,0.996662325218073,0.00729377030825578
"01634000",1992-11-18,0.00373534140817355,0.907170722161108,0.946331282406328,1992,"11",18,"Fall",28,0.996662325218073,0.00729377030825578
"01634000",1992-11-19,0.00345801077492069,0.925754943672347,1.02048591412537,1992,"11",19,"Fall",28,0.996662325218073,0.00729377030825578
"01634000",1992-11-20,0.00329057341150474,0.95157986070191,1.02789606170194,1992,"11",20,"Fall",28,0.996662325218073,0.00729377030825578
"01634000",1992-11-21,0.00313101832580287,0.951511464493082,0.9999281235221,1992,"11",21,"Fall",28,0.996662325218073,0.00729377030825578
"01634000",1992-11-26,0.00986082101007923,0.979843359124998,0.984234397051244,1992,"11",26,"Fall",29,0.971650625284352,0.990586402415647
"01634000",1992-11-27,0.00962908822111785,0.976499645544269,0.996587501921006,1992,"11",27,"Fall",29,0.971650625284352,0.990586402415647
"01634000",1992-11-28,0.00933596552931704,0.969558624340157,0.992891936790983,1992,"11",28,"Fall",29,0.971650625284352,0.990586402415647
"01634000",1992-11-29,0.00893711691605859,0.957278268433406,0.987334075940887,1992,"11",29,"Fall",29,0.971650625284352,0.990586402415647
"01634000",1992-11-30,0.0085667647072114,0.958560214404075,1.00133915707996,1992,"11",30,"Fall",29,0.971650625284352,0.990586402415647
"01634000",1992-12-01,0.00829800515202805,0.968627648316626,1.01050266197289,1992,"12",1,"Winter",29,0.971650625284352,0.990586402415647
"01634000",1992-12-02,0.00810443339287303,0.976672494701005,1.00830540651855,1992,"12",2,"Winter",29,0.971650625284352,0.990586402415647
"01634000",1992-12-03,0.0079142288886942,0.976530807897552,0.999854929053268,1992,"12",3,"Winter",29,0.971650625284352,0.990586402415647
"01634000",1992-12-04,0.00770123329130001,0.973087005646443,0.996473432048167,1992,"12",4,"Winter",29,0.971650625284352,0.990586402415647
"01634000",1992-12-05,0.0074774913082365,0.970947252913858,0.997801067406955,1992,"12",5,"Winter",29,0.971650625284352,0.990586402415647
"01634000",1992-12-06,0.00730685840244405,0.977180460831229,1.00641971837158,1992,"12",6,"Winter",29,0.971650625284352,0.990586402415647
"01634000",1992-12-07,0.00714048510417342,0.977230529304498,1.00005123769383,1992,"12",7,"Winter",29,0.971650625284352,0.990586402415647
"01634000",1992-12-08,0.00697824737289921,0.97727917236612,1.00004977644493,1992,"12",8,"Winter",29,0.971650625284352,0.990586402415647
"01634000",1992-12-09,0.00682002538815141,0.977326400700229,1.00004832634875,1992,"12",9,"Winter",29,0.971650625284352,0.990586402415647
"01634000",1993-01-30,0.0350249079056084,0.973945651246389,1.00012995756435,1993,"01",30,"Winter",30,0.972261477912318,0.999151441530666
"01634000",1993-01-31,0.0341147037688643,0.974012661526559,1.00006880289479,1993,"01",31,"Winter",30,0.972261477912318,0.999151441530666
"01634000",1993-02-01,0.0332283362513408,0.97401802098213,1.00000550244959,1993,"02",1,"Winter",30,0.972261477912318,0.999151441530666
"01634000",1993-02-02,0.032373980502598,0.974288338053389,1.00027752779254,1993,"02",2,"Winter",30,0.972261477912318,0.999151441530666
"01634000",1993-02-03,0.0315156625583768,0.973487413938723,0.999177939339533,1993,"02",3,"Winter",30,0.972261477912318,0.999151441530666
"01634000",1993-02-04,0.0306286133127287,0.971853701504608,0.99832179398447,1993,"02",4,"Winter",30,0.972261477912318,0.999151441530666
"01634000",1993-02-05,0.0297365431906656,0.970874616067179,0.998992558822472,1993,"02",5,"Winter",30,0.972261477912318,0.999151441530666
"01634000",1993-02-06,0.0288757727248594,0.971053445577482,1.00018419423821,1993,"02",6,"Winter",30,0.972261477912318,0.999151441530666
"01634000",1993-02-07,0.0280975996283814,0.973051003556069,1.00205710405301,1993,"02",7,"Winter",30,0.972261477912318,0.999151441530666
"01634000",1993-02-08,0.0273178493371233,0.972248508713519,0.99917527977504,1993,"02",8,"Winter",30,0.972261477912318,0.999151441530666
"01634000",1993-02-09,0.0265419944189489,0.971598975138935,0.999331926386349,1993,"02",9,"Winter",30,0.972261477912318,0.999151441530666
"01634000",1993-02-10,0.0257694597821683,0.970893873889556,0.999274287779814,1993,"02",10,"Winter",30,0.972261477912318,0.999151441530666
"01634000",1993-02-11,0.0249506845138967,0.968226913750124,0.997253087890288,1993,"02",11,"Winter",30,0.972261477912318,0.999151441530666
"01634000",1993-02-12,0.0242157991742715,0.970546485840263,1.00239569057335,1993,"02",12,"Winter",30,0.972261477912318,0.999151441530666
"01634000",1993-02-13,0.0239033647812903,0.987097911130962,1.01705371719147,1993,"02",13,"Winter",30,0.972261477912318,0.999151441530666
"01634000",1993-05-13,0.0336655247956514,0.946731614286326,1.02738311329845,1993,"05",13,"Spring",31,0.895199056622688,0.795693482933878
"01634000",1993-05-14,0.0324107343330979,0.962727731999723,1.01689614825576,1993,"05",14,"Spring",31,0.895199056622688,0.795693482933878
"01634000",1993-05-15,0.03030814032536,0.935126616196698,0.971330299433991,1993,"05",15,"Spring",31,0.895199056622688,0.795693482933878
"01634000",1993-05-16,0.02791190543212,0.920937580877076,0.984826615910762,1993,"05",16,"Spring",31,0.895199056622688,0.795693482933878
"01634000",1993-05-17,0.027495406800881,0.985078101090166,1.06964697884519,1993,"05",17,"Spring",31,0.895199056622688,0.795693482933878
"01634000",1993-05-18,0.0268796894233674,0.977606536903687,0.992415257045903,1993,"05",18,"Spring",31,0.895199056622688,0.795693482933878
"01634000",1993-05-19,0.0292113199830055,1.08674321056743,1.11163660383184,1993,"05",19,"Spring",31,0.895199056622688,0.795693482933878
"01634000",1993-05-20,0.0287162133026868,0.983050862453091,0.904584314761725,1993,"05",20,"Spring",31,0.895199056622688,0.795693482933878
"01634000",1993-05-21,0.027705671498552,0.964809364191472,0.981443993430717,1993,"05",21,"Spring",31,0.895199056622688,0.795693482933878
"01634000",1993-05-22,0.0260636254679411,0.940732494763873,0.975044946368472,1993,"05",22,"Spring",31,0.895199056622688,0.795693482933878
"01634000",1993-05-23,0.0240360516472719,0.922206761942495,0.980307119266643,1993,"05",23,"Spring",31,0.895199056622688,0.795693482933878
"01634000",1993-05-24,0.0216809936100617,0.902019762988921,0.978110116096901,1993,"05",24,"Spring",31,0.895199056622688,0.795693482933878
"01634000",1993-05-25,0.0189695978770033,0.874941352697039,0.969980247215255,1993,"05",25,"Spring",31,0.895199056622688,0.795693482933878
"01634000",1993-05-26,0.0164569618063979,0.867544051966888,0.991545375347332,1993,"05",26,"Spring",31,0.895199056622688,0.795693482933878
"01634000",1993-05-27,0.0142574848723598,0.866349757633695,0.998623361741129,1993,"05",27,"Spring",31,0.895199056622688,0.795693482933878
"01634000",1993-05-28,0.011782614630647,0.826416071006277,0.953905814279338,1993,"05",28,"Spring",31,0.895199056622688,0.795693482933878
"01634000",1993-05-29,0.00930177193367854,0.789448880852328,0.955268064778875,1993,"05",29,"Spring",31,0.895199056622688,0.795693482933878
"01634000",1993-05-30,0.00729056546697393,0.783782436180496,0.992822277908971,1993,"05",30,"Spring",31,0.895199056622688,0.795693482933878
"01634000",1993-05-31,0.00551400675612967,0.756320861681852,0.96496275850162,1993,"05",31,"Spring",31,0.895199056622688,0.795693482933878
"01634000",1993-06-01,0.00429530767723918,0.778981214062584,1.02996129490643,1993,"06",1,"Summer",31,0.895199056622688,0.795693482933878
"01634000",1993-06-02,0.00302224502229365,0.703615491460253,0.903250911264883,1993,"06",2,"Summer",31,0.895199056622688,0.795693482933878
"01634000",1993-06-03,0.0021424919978017,0.708907445292346,1.00752108771953,1993,"06",3,"Summer",31,0.895199056622688,0.795693482933878
"01634000",1993-12-25,0.0347352630924434,0.977899693780559,0.999771662296955,1993,"12",25,"Winter",32,0.983107185602853,0.974708624404828
"01634000",1993-12-26,0.0340262234676629,0.979587325338708,1.00172577163985,1993,"12",26,"Winter",32,0.983107185602853,0.974708624404828
"01634000",1993-12-27,0.0332073741592467,0.975934757814236,0.996271320146768,1993,"12",27,"Winter",32,0.983107185602853,0.974708624404828
"01634000",1993-12-28,0.0324046782916412,0.975827782595631,0.999890386915982,1993,"12",28,"Winter",32,0.983107185602853,0.974708624404828
"01634000",1993-12-29,0.0316203398397192,0.97579551801555,0.999966936194422,1993,"12",29,"Winter",32,0.983107185602853,0.974708624404828
"01634000",1993-12-30,0.0308543328428641,0.975774865142565,0.999978834835163,1993,"12",30,"Winter",32,0.983107185602853,0.974708624404828
"01634000",1993-12-31,0.0301068819826469,0.975774849385859,0.999999983852109,1993,"12",31,"Winter",32,0.983107185602853,0.974708624404828
"01634000",1994-01-01,0.0293776238104329,0.975777691870106,1.0000029130534,1994,"01",1,"Winter",32,0.983107185602853,0.974708624404828
"01634000",1994-01-02,0.0293005730491132,0.997377229628343,1.02213571588918,1994,"01",2,"Winter",32,0.983107185602853,0.974708624404828
"01634000",1994-01-03,0.0297981521580368,1.01698189001593,1.01965621412361,1994,"01",3,"Winter",32,0.983107185602853,0.974708624404828
"01634000",1994-01-04,0.0293897999217734,0.986296055067519,0.969826566972666,1994,"01",4,"Winter",32,0.983107185602853,0.974708624404828
"01634000",1994-01-05,0.0286755372071639,0.975696918097072,0.989253594885643,1994,"01",5,"Winter",32,0.983107185602853,0.974708624404828
"01634000",1994-01-06,0.0279748617904261,0.975565395281845,0.999865201157462,1994,"01",6,"Winter",32,0.983107185602853,0.974708624404828
"01634000",1994-01-07,0.0277563916752115,0.99219048455534,1.01704149137915,1994,"01",7,"Winter",32,0.983107185602853,0.974708624404828
"01634000",1994-01-08,0.0283349121455103,1.02084278378358,1.02887782101749,1994,"01",8,"Winter",32,0.983107185602853,0.974708624404828
"01634000",1994-01-09,0.0280920307850465,0.991428194334378,0.971185975042913,1994,"01",9,"Winter",32,0.983107185602853,0.974708624404828
"01634000",1994-01-10,0.0274481911910698,0.977081059076745,0.985528820604839,1994,"01",10,"Winter",32,0.983107185602853,0.974708624404828
"01634000",1994-01-11,0.0267765366006643,0.975530096474114,0.998412657181077,1994,"01",11,"Winter",32,0.983107185602853,0.974708624404828
"01634000",1994-01-12,0.02612221671734,0.975563684987252,1.0000344310373,1994,"01",12,"Winter",32,0.983107185602853,0.974708624404828
"01634000",1994-01-13,0.025486399885267,0.975659920482515,1.000098646041,1994,"01",13,"Winter",32,0.983107185602853,0.974708624404828
"01634000",1994-01-14,0.0248744754353538,0.975990157391082,1.00033847542738,1994,"01",14,"Winter",32,0.983107185602853,0.974708624404828
"01634000",1994-01-15,0.0244419507216662,0.982611705126741,1.00678444109863,1994,"01",15,"Winter",32,0.983107185602853,0.974708624404828
"01634000",1994-01-16,0.0238894262583926,0.977394420373174,0.994690390185313,1994,"01",16,"Winter",32,0.983107185602853,0.974708624404828
"01634000",1994-01-17,0.0233141705393791,0.975920069708186,0.998491549947231,1994,"01",17,"Winter",32,0.983107185602853,0.974708624404828
"01634000",1994-01-18,0.0227559559862129,0.976056855540997,1.00014016089745,1994,"01",18,"Winter",32,0.983107185602853,0.974708624404828
"01634000",1994-01-19,0.0222140313126147,0.976185369934509,1.00013166691344,1994,"01",19,"Winter",32,0.983107185602853,0.974708624404828
"01634000",1994-01-20,0.0216871124575846,0.97627990851301,1.00009684490407,1994,"01",20,"Winter",32,0.983107185602853,0.974708624404828
"01634000",1994-01-21,0.0211746538989246,0.976370364673385,1.00009265391983,1994,"01",21,"Winter",32,0.983107185602853,0.974708624404828
"01634000",1994-01-22,0.0206761814770289,0.976459004984208,1.00009078554003,1994,"01",22,"Winter",32,0.983107185602853,0.974708624404828
"01634000",1994-01-23,0.0201911981566809,0.976543864209802,1.00008690505711,1994,"01",23,"Winter",32,0.983107185602853,0.974708624404828
"01634000",1994-05-21,0.0342812347225845,0.948369260034492,0.994928997996377,1994,"05",21,"Spring",33,0.883586082233323,0.948313713688667
"01634000",1994-05-22,0.0320875690085813,0.936009722760716,0.986967589741019,1994,"05",22,"Spring",33,0.883586082233323,0.948313713688667
"01634000",1994-05-23,0.0294779067626223,0.918670615238533,0.981475504900695,1994,"05",23,"Spring",33,0.883586082233323,0.948313713688667
"01634000",1994-05-24,0.0266906616743654,0.905446302184824,0.985604946066251,1994,"05",24,"Spring",33,0.883586082233323,0.948313713688667
"01634000",1994-05-25,0.0244537417311221,0.916190914615217,1.01186664786688,1994,"05",25,"Spring",33,0.883586082233323,0.948313713688667
"01634000",1994-05-26,0.0231393190915696,0.946248608740328,1.03280723880321,1994,"05",26,"Spring",33,0.883586082233323,0.948313713688667
"01634000",1994-05-27,0.0220499619608745,0.952921815616778,1.00705227655271,1994,"05",27,"Spring",33,0.883586082233323,0.948313713688667
"01634000",1994-05-28,0.0203647351590917,0.923572348797104,0.969200551043448,1994,"05",28,"Spring",33,0.883586082233323,0.948313713688667
"01634000",1994-05-29,0.0183101045549847,0.899108405385294,0.973511611252033,1994,"05",29,"Spring",33,0.883586082233323,0.948313713688667
"01634000",1994-05-30,0.0159072200767696,0.868767298897757,0.966254228849596,1994,"05",30,"Spring",33,0.883586082233323,0.948313713688667
"01634000",1994-05-31,0.0133229098282754,0.837538536839118,0.964053939301974,1994,"05",31,"Spring",33,0.883586082233323,0.948313713688667
"01634000",1994-06-01,0.0106645066116471,0.800463768734186,0.955733657050752,1994,"06",1,"Summer",33,0.883586082233323,0.948313713688667
"01634000",1994-06-02,0.00835342408390716,0.783292128562618,0.978547885810344,1994,"06",2,"Summer",33,0.883586082233323,0.948313713688667
"01634000",1994-06-03,0.00645125283335801,0.772288437478749,0.985951995835754,1994,"06",3,"Summer",33,0.883586082233323,0.948313713688667
"01634000",1994-11-24,0.00651019089855254,0.977174233574535,0.996656928382351,1994,"11",24,"Fall",34,1.01295493247403,0.535065387445416
"01634000",1994-11-25,0.00636191808735021,0.977224506391157,1.00005144713695,1994,"11",25,"Fall",34,1.01295493247403,0.535065387445416
"01634000",1994-11-26,0.00612535708933138,0.962816088674703,0.985255775287847,1994,"11",26,"Fall",34,1.01295493247403,0.535065387445416
"01634000",1994-11-27,0.00589339634461794,0.962131065776158,0.999288521549854,1994,"11",27,"Fall",34,1.01295493247403,0.535065387445416
"01634000",1994-11-28,0.00827465998008847,1.40405625147631,1.45931911089852,1994,"11",28,"Fall",34,1.01295493247403,0.535065387445416
"01634000",1994-11-29,0.0087438078771811,1.05669693959891,0.752602994707538,1994,"11",29,"Fall",34,1.01295493247403,0.535065387445416
"01634000",1994-11-30,0.00857345559052192,0.980517379950244,0.927907844913808,1994,"11",30,"Fall",34,1.01295493247403,0.535065387445416
"01634000",1994-12-01,0.00837435646099038,0.976777260064,0.996185564924475,1994,"12",1,"Winter",34,1.01295493247403,0.535065387445416
"01634000",1994-12-02,0.00812038022559136,0.969672148948746,0.992725965882141,1994,"12",2,"Winter",34,1.01295493247403,0.535065387445416
"01634000",1994-12-03,0.00768566352780908,0.946465967638772,0.976068012951458,1994,"12",3,"Winter",34,1.01295493247403,0.535065387445416
"01634000",1994-12-04,0.00719264458166435,0.935852129830972,0.988785822025615,1994,"12",4,"Winter",34,1.01295493247403,0.535065387445416
"01634000",1994-12-05,0.0108843800553586,1.51326538268071,1.6169919738859,1994,"12",5,"Winter",34,1.01295493247403,0.535065387445416
"01634000",1994-12-06,0.0116148455999792,1.06711135966452,0.705171328094589,1994,"12",6,"Winter",34,1.01295493247403,0.535065387445416
"01634000",1994-12-07,0.0113373853964731,0.976111589162532,0.914723266997553,1994,"12",7,"Winter",34,1.01295493247403,0.535065387445416
"01634000",1994-12-08,0.0110674664902035,0.9761921380609,1.00008252017419,1994,"12",8,"Winter",34,1.01295493247403,0.535065387445416
"01634000",1994-12-09,0.01080484004342,0.976270409581451,1.00008018044553,1994,"12",9,"Winter",34,1.01295493247403,0.535065387445416
"01634000",1994-12-10,0.0111953796586022,1.03614487707479,1.06132979849201,1994,"12",10,"Winter",34,1.01295493247403,0.535065387445416
"01634000",1994-12-11,0.0144938227604143,1.29462539033035,1.24946367923499,1994,"12",11,"Winter",34,1.01295493247403,0.535065387445416
"01634000",1994-12-12,0.0142185591394082,0.981008211183735,0.757754496791855,1994,"12",12,"Winter",34,1.01295493247403,0.535065387445416
"01634000",1994-12-13,0.0138716376968659,0.975600801801309,0.99448790609418,1994,"12",13,"Winter",34,1.01295493247403,0.535065387445416
"01634000",1994-12-14,0.013534496712964,0.975695661084193,1.00009723165736,1994,"12",14,"Winter",34,1.01295493247403,0.535065387445416
"01634000",1994-12-15,0.0133381793857552,0.985495040460517,1.01004347950614,1994,"12",15,"Winter",34,1.01295493247403,0.535065387445416
"01634000",1994-12-16,0.013085131009575,0.981028267137382,0.99546748269677,1994,"12",16,"Winter",34,1.01295493247403,0.535065387445416
"01634000",1994-12-17,0.0134936635731719,1.0312211290279,1.05116352257309,1994,"12",17,"Winter",34,1.01295493247403,0.535065387445416
"01634000",1994-12-18,0.0134732057340443,0.998483892901532,0.96825391256555,1994,"12",18,"Winter",34,1.01295493247403,0.535065387445416
"01634000",1994-12-19,0.0132382352021523,0.982560161513878,0.984052089872596,1994,"12",19,"Winter",34,1.01295493247403,0.535065387445416
"01634000",1994-12-20,0.0129194588516839,0.97592002668025,0.993242006857477,1994,"12",20,"Winter",34,1.01295493247403,0.535065387445416
"01634000",1994-12-21,0.0126094688312151,0.976005959380533,1.00008805301452,1994,"12",21,"Winter",34,1.01295493247403,0.535065387445416
"01634000",1994-12-22,0.0122857237001881,0.974325236426651,0.998277958307808,1994,"12",22,"Winter",34,1.01295493247403,0.535065387445416
"01634000",1994-12-23,0.0118479145749006,0.964364400830473,0.989776683161046,1994,"12",23,"Winter",34,1.01295493247403,0.535065387445416
"01634000",1994-12-24,0.0115467502910178,0.974580819098677,1.01059393965539,1994,"12",24,"Winter",34,1.01295493247403,0.535065387445416
"01634000",1994-12-25,0.012814927555155,1.1098297990495,1.13877656660214,1994,"12",25,"Winter",34,1.01295493247403,0.535065387445416
"01634000",1994-12-26,0.0125442378921434,0.978877004037164,0.882006416547397,1994,"12",26,"Winter",34,1.01295493247403,0.535065387445416
"01634000",1994-12-27,0.0122451276984066,0.976155570684434,0.997219841367705,1994,"12",27,"Winter",34,1.01295493247403,0.535065387445416
"01634000",1994-12-28,0.0119206182425842,0.973498891655933,0.997278426607104,1994,"12",28,"Winter",34,1.01295493247403,0.535065387445416
"01634000",1994-12-29,0.0115335149748717,0.967526577914419,0.993865104734372,1994,"12",29,"Winter",34,1.01295493247403,0.535065387445416
"01634000",1994-12-30,0.0111866799416021,0.969928071882227,1.00248209612286,1994,"12",30,"Winter",34,1.01295493247403,0.535065387445416
"01634000",1994-12-31,0.0109036178037059,0.974696501609605,1.00491627149024,1994,"12",31,"Winter",34,1.01295493247403,0.535065387445416
"01634000",1995-01-01,0.0114497490867507,1.05008716307529,1.0773478322136,1995,"01",1,"Winter",34,1.01295493247403,0.535065387445416
"01634000",1995-01-02,0.0131210290128365,1.14596651100589,1.09130608515374,1995,"01",2,"Winter",34,1.01295493247403,0.535065387445416
"01634000",1995-01-03,0.013173820450902,1.00402342209699,0.876136791480663,1995,"01",3,"Winter",34,1.01295493247403,0.535065387445416
"01634000",1995-01-04,0.0128790300805122,0.977623015928562,0.973705388153907,1995,"01",4,"Winter",34,1.01295493247403,0.535065387445416
"01634000",1995-01-05,0.0125717772752978,0.976143172017333,0.998486283682853,1995,"01",5,"Winter",34,1.01295493247403,0.535065387445416
"01634000",1995-01-06,0.0122728560236283,0.976222832689147,1.00008160756956,1995,"01",6,"Winter",34,1.01295493247403,0.535065387445416
"01634000",1995-01-07,0.0119819925166666,0.976300259173445,1.00007931230627,1995,"01",7,"Winter",34,1.01295493247403,0.535065387445416
"01634000",1995-01-08,0.0116989234520588,0.976375459739764,1.00007702606407,1995,"01",8,"Winter",34,1.01295493247403,0.535065387445416
"01634000",1995-01-09,0.01145686142263,0.979309033825144,1.00300455532359,1995,"01",9,"Winter",34,1.01295493247403,0.535065387445416
"01634000",1995-01-10,0.0114050423144363,0.995477024092184,1.01650958962759,1995,"01",10,"Winter",34,1.01295493247403,0.535065387445416
"01634000",1995-02-20,0.0292705711908639,0.999115034464764,0.994816805066405,1995,"02",20,"Winter",35,0.976211388093864,0.810746398201266
"01634000",1995-02-21,0.028664076467976,0.979279710022291,0.980147106430944,1995,"02",21,"Winter",35,0.976211388093864,0.810746398201266
"01634000",1995-02-22,0.027990716160275,0.976508564353948,0.997170220479418,1995,"02",22,"Winter",35,0.976211388093864,0.810746398201266
"01634000",1995-02-23,0.0273224592674524,0.97612576652215,0.999607993369672,1995,"02",23,"Winter",35,0.976211388093864,0.810746398201266
"01634000",1995-02-24,0.0266715980833396,0.976178528523306,1.00005405246226,1995,"02",24,"Winter",35,0.976211388093864,0.810746398201266
"01634000",1995-02-25,0.0260235241148621,0.97570171961753,0.999511555630611,1995,"02",25,"Winter",35,0.976211388093864,0.810746398201266
"01634000",1995-02-26,0.025329302996397,0.973323324104724,0.997562374376322,1995,"02",26,"Winter",35,0.976211388093864,0.810746398201266
"01634000",1995-02-27,0.0246140300296247,0.971761048186992,0.998394905496415,1995,"02",27,"Winter",35,0.976211388093864,0.810746398201266
"01634000",1995-02-28,0.026301003061235,1.06853705100627,1.09958827121115,1995,"02",28,"Winter",35,0.976211388093864,0.810746398201266
"01634000",1995-03-01,0.0264611740130931,1.0060899179961,0.941558289484338,1995,"03",1,"Spring",35,0.976211388093864,0.810746398201266
"01634000",1995-03-02,0.0258560650981963,0.977132196984251,0.971217561677261,1995,"03",2,"Spring",35,0.976211388093864,0.810746398201266
"01634000",1995-03-03,0.0252153412438929,0.975219591539934,0.998042633893121,1995,"03",3,"Spring",35,0.976211388093864,0.810746398201266
"01634000",1995-03-04,0.0245935341808945,0.975340128972119,1.00012360029806,1995,"03",4,"Spring",35,0.976211388093864,0.810746398201266
"01634000",1995-03-05,0.0239353363867849,0.973236957760186,0.99784365356304,1995,"03",5,"Spring",35,0.976211388093864,0.810746398201266
"01634000",1995-03-06,0.0250394140603021,1.04612751856401,1.07489497827083,1995,"03",6,"Spring",35,0.976211388093864,0.810746398201266
"01634000",1995-03-07,0.0253713665297255,1.01325719797692,0.968579049873183,1995,"03",7,"Spring",35,0.976211388093864,0.810746398201266
"01634000",1995-03-08,0.0250557175604627,0.987558850293183,0.974637882923464,1995,"03",8,"Spring",35,0.976211388093864,0.810746398201266
"01634000",1995-03-09,0.0260100935120135,1.0380901464605,1.05116788346569,1995,"03",9,"Spring",35,0.976211388093864,0.810746398201266
"01634000",1995-03-10,0.0253826515981928,0.975876983543679,0.940069594987543,1995,"03",10,"Spring",35,0.976211388093864,0.810746398201266
"01634000",1995-03-11,0.0251950676320121,0.992609756886311,1.01714639613886,1995,"03",11,"Spring",35,0.976211388093864,0.810746398201266
"01634000",1995-03-12,0.0264134251046926,1.04835698361581,1.05616227962978,1995,"03",12,"Spring",35,0.976211388093864,0.810746398201266
"01634000",1995-03-13,0.0265610003843904,1.00558713151032,0.959202969242421,1995,"03",13,"Spring",35,0.976211388093864,0.810746398201266
"01634000",1995-03-14,0.0259379837661982,0.976543932488388,0.971118167574094,1995,"03",14,"Spring",35,0.976211388093864,0.810746398201266
"01634000",1995-03-15,0.0250213911058381,0.964662146887665,0.987832820208666,1995,"03",15,"Spring",35,0.976211388093864,0.810746398201266
"01634000",1995-03-16,0.0239971587434411,0.959065730675622,0.994198573842562,1995,"03",16,"Spring",35,0.976211388093864,0.810746398201266
"01634000",1995-03-17,0.0229484586743638,0.956298990214249,0.997115171178702,1995,"03",17,"Spring",35,0.976211388093864,0.810746398201266
"01634000",1995-03-18,0.0220186844235286,0.959484239703041,1.00333080921489,1995,"03",18,"Spring",35,0.976211388093864,0.810746398201266
"01634000",1995-03-19,0.0211615674197674,0.961073196414708,1.00165605295628,1995,"03",19,"Spring",35,0.976211388093864,0.810746398201266
"01634000",1995-03-20,0.0202383562573232,0.95637321451048,0.995109652499143,1995,"03",20,"Spring",35,0.976211388093864,0.810746398201266
"01634000",1995-03-21,0.0195447526639327,0.965728264461228,1.00978179836993,1995,"03",21,"Spring",35,0.976211388093864,0.810746398201266
"01634000",1995-03-22,0.0191142809926532,0.977975077061277,1.01268142711644,1995,"03",22,"Spring",35,0.976211388093864,0.810746398201266
"01634000",1995-03-23,0.0186290755518712,0.974615553628802,0.996564816925018,1995,"03",23,"Spring",35,0.976211388093864,0.810746398201266
"01634000",1995-03-24,0.0180091139627621,0.966720753942786,0.99189957552327,1995,"03",24,"Spring",35,0.976211388093864,0.810746398201266
"01634000",1995-03-25,0.0172902990016155,0.960086045175078,0.993136892178379,1995,"03",25,"Spring",35,0.976211388093864,0.810746398201266
"01634000",1995-03-26,0.0165578032610938,0.957635449771386,0.997447525233798,1995,"03",26,"Spring",35,0.976211388093864,0.810746398201266
"01634000",1995-03-27,0.0157619423116557,0.951934387860006,0.994046730504034,1995,"03",27,"Spring",35,0.976211388093864,0.810746398201266
"01634000",1995-03-28,0.0151484269881621,0.9610761598182,1.0096033635036,1995,"03",28,"Spring",35,0.976211388093864,0.810746398201266
"01634000",1995-03-29,0.0146927335299551,0.969918100502246,1.00920004163428,1995,"03",29,"Spring",35,0.976211388093864,0.810746398201266
"01634000",1995-03-30,0.0140917941462249,0.959099551999285,0.988845915446512,1995,"03",30,"Spring",35,0.976211388093864,0.810746398201266
"01634000",1995-03-31,0.0134215573198162,0.95243779326792,0.993054153015213,1995,"03",31,"Spring",35,0.976211388093864,0.810746398201266
"01634000",1995-04-01,0.0127587785827927,0.950618343219761,0.998089691462246,1995,"04",1,"Spring",35,0.976211388093864,0.810746398201266
"01634000",1995-04-02,0.0120952347642742,0.947993155127449,0.997238441577489,1995,"04",2,"Spring",35,0.976211388093864,0.810746398201266
"01634000",1995-04-03,0.0113386826706119,0.93745040022729,0.988878870229035,1995,"04",3,"Spring",35,0.976211388093864,0.810746398201266
"01634000",1995-04-04,0.0104639664350543,0.92285556788491,0.984431355153465,1995,"04",4,"Spring",35,0.976211388093864,0.810746398201266
"01634000",1995-04-05,0.0097957672260236,0.936142837118414,1.01439799432966,1995,"04",5,"Spring",35,0.976211388093864,0.810746398201266
"01634000",1995-04-06,0.00920882390346378,0.940081944679071,1.00420780612153,1995,"04",6,"Spring",35,0.976211388093864,0.810746398201266
"01634000",1995-04-07,0.00832143271691166,0.903636860053504,0.961232012983709,1995,"04",7,"Spring",35,0.976211388093864,0.810746398201266
"01634000",1995-04-08,0.00738573441049084,0.887555624343486,0.982203873678786,1995,"04",8,"Spring",35,0.976211388093864,0.810746398201266
"01634000",1995-04-09,0.00661320929066278,0.895403073426151,1.00884164199677,1995,"04",9,"Spring",35,0.976211388093864,0.810746398201266
"01634000",1995-10-25,0.0162836702074856,0.984117900305413,0.980766532105242,1995,"10",25,"Fall",36,0.987458642552769,0.766699790379309
"01634000",1995-10-26,0.0158876978093758,0.975682853247193,0.991428824680862,1995,"10",26,"Fall",36,0.987458642552769,0.766699790379309
"01634000",1995-10-27,0.0154241471900605,0.970823298323197,0.99501932937755,1995,"10",27,"Fall",36,0.987458642552769,0.766699790379309
"01634000",1995-10-28,0.0162267294363119,1.05203414077691,1.08365151783438,1995,"10",28,"Fall",36,0.987458642552769,0.766699790379309
"01634000",1995-10-29,0.0161384571692906,0.994560070323,0.945368626144141,1995,"10",29,"Fall",36,0.987458642552769,0.766699790379309
"01634000",1995-10-30,0.0156772310147062,0.971420678584934,0.976734043092488,1995,"10",30,"Fall",36,0.987458642552769,0.766699790379309
"01634000",1995-10-31,0.0151842585182749,0.968554874520323,0.997049883610893,1995,"10",31,"Fall",36,0.987458642552769,0.766699790379309
"01634000",1995-11-01,0.0147957691224292,0.97441499067089,1.00605037082021,1995,"11",1,"Fall",36,0.987458642552769,0.766699790379309
"01634000",1995-11-02,0.0145355410058983,0.982411991267393,1.00820697615807,1995,"11",2,"Fall",36,0.987458642552769,0.766699790379309
"01634000",1995-11-03,0.0141913597472012,0.976321400176478,0.993800369758254,1995,"11",3,"Fall",36,0.987458642552769,0.766699790379309
"01634000",1995-11-04,0.0137673849822022,0.970124443848123,0.993652749671128,1995,"11",4,"Fall",36,0.987458642552769,0.766699790379309
"01634000",1995-11-05,0.0134548395290039,0.977298124981447,1.00739459888761,1995,"11",5,"Fall",36,0.987458642552769,0.766699790379309
"01634000",1995-11-06,0.013136058463715,0.976307330562973,0.998986190198111,1995,"11",6,"Fall",36,0.987458642552769,0.766699790379309
"01634000",1995-11-07,0.0135591477155685,1.03220823453414,1.05725748667577,1995,"11",7,"Fall",36,0.987458642552769,0.766699790379309
"01634000",1995-11-08,0.0147489630035125,1.0877500055979,1.0538086882138,1995,"11",8,"Fall",36,0.987458642552769,0.766699790379309
"01634000",1995-11-09,0.0144166034879163,0.977465567205163,0.898612330199787,1995,"11",9,"Fall",36,0.987458642552769,0.766699790379309
"01634000",1995-11-10,0.0140833298210055,0.976882650120039,0.999403644379217,1995,"11",10,"Fall",36,0.987458642552769,0.766699790379309
"01634000",1996-04-23,0.0348127577453852,0.943920018326433,0.999716896550751,1996,"04",23,"Spring",37,0.98955559285826,0.600814893748714
"01634000",1996-04-24,0.0333681544288993,0.958503623095548,1.01545004289132,1996,"04",24,"Spring",37,0.98955559285826,0.600814893748714
"01634000",1996-04-25,0.0319299367256463,0.956898494152034,0.998325380410842,1996,"04",25,"Spring",37,0.98955559285826,0.600814893748714
"01634000",1996-04-26,0.0305460641393438,0.956659087733459,0.999749810016383,1996,"04",26,"Spring",37,0.98955559285826,0.600814893748714
"01634000",1996-04-27,0.0297003171872347,0.972312408294209,1.01636248561422,1996,"04",27,"Spring",37,0.98955559285826,0.600814893748714
"01634000",1996-04-28,0.0288698956137523,0.972039976265326,0.99971981019006,1996,"04",28,"Spring",37,0.98955559285826,0.600814893748714
"01634000",1996-04-29,0.0277388691902161,0.96082332826318,0.988460713266915,1996,"04",29,"Spring",37,0.98955559285826,0.600814893748714
"01634000",1996-04-30,0.026596037321724,0.958800343999057,0.997894530446321,1996,"04",30,"Spring",37,0.98955559285826,0.600814893748714
"01634000",1996-05-01,0.0259082713164389,0.974140282743425,1.01599909599572,1996,"05",1,"Spring",37,0.98955559285826,0.600814893748714
"01634000",1996-05-02,0.0259325887309387,1.00093859656643,1.02750970706964,1996,"05",2,"Spring",37,0.98955559285826,0.600814893748714
"01634000",1996-05-03,0.0254721835954115,0.982246078850664,0.981325010565192,1996,"05",3,"Spring",37,0.98955559285826,0.600814893748714
"01634000",1996-05-04,0.0251174566801637,0.986073949494003,1.00389705871651,1996,"05",4,"Spring",37,0.98955559285826,0.600814893748714
"01634000",1996-05-05,0.0272605349309742,1.08532226324104,1.10064997031711,1996,"05",5,"Spring",37,0.98955559285826,0.600814893748714
"01634000",1996-05-06,0.0267243380658329,0.980330655047708,0.903262273566742,1996,"05",6,"Spring",37,0.98955559285826,0.600814893748714
"01634000",1996-05-07,0.0260504790348932,0.974784818644351,0.994342891987717,1996,"05",7,"Spring",37,0.98955559285826,0.600814893748714
"01634000",1996-05-08,0.025378865422681,0.974218761531692,0.99941930044269,1996,"05",8,"Spring",37,0.98955559285826,0.600814893748714
"01634000",1996-05-09,0.0284902568673715,1.12259773606388,1.15230560156622,1996,"05",9,"Spring",37,0.98955559285826,0.600814893748714
"01634000",1996-05-10,0.0286013584118337,1.00389963295099,0.89426479379063,1996,"05",10,"Spring",37,0.98955559285826,0.600814893748714
"01634000",1996-05-11,0.0281133282696828,0.982936819464179,0.97911861624534,1996,"05",11,"Spring",37,0.98955559285826,0.600814893748714
"01634000",1996-05-12,0.0297410853672773,1.05789983604858,1.0762643285916,1996,"05",12,"Spring",37,0.98955559285826,0.600814893748714
"01634000",1996-05-13,0.0290290531702339,0.976058970671368,0.922638360846244,1996,"05",13,"Spring",37,0.98955559285826,0.600814893748714
"01634000",1996-05-14,0.0282628807472065,0.973606702962911,0.997487582428785,1996,"05",14,"Spring",37,0.98955559285826,0.600814893748714
"01634000",1996-05-15,0.0274847345426679,0.972467555183116,0.998829971305324,1996,"05",15,"Spring",37,0.98955559285826,0.600814893748714
"01634000",1996-05-16,0.0301204122370109,1.09589605787356,1.12692300327408,1996,"05",16,"Spring",37,0.98955559285826,0.600814893748714
"01634000",1996-05-17,0.0304606738500297,1.01129671168978,0.922803494386199,1996,"05",17,"Spring",37,0.98955559285826,0.600814893748714
"01634000",1996-05-18,0.0297389059560373,0.976304926885534,0.965399091681237,1996,"05",18,"Spring",37,0.98955559285826,0.600814893748714
"01634000",1996-05-19,0.0285620011854917,0.960425418060588,0.983735093014841,1996,"05",19,"Spring",37,0.98955559285826,0.600814893748714
"01634000",1996-05-20,0.0268711064709351,0.940799151166777,0.979565027617196,1996,"05",20,"Spring",37,0.98955559285826,0.600814893748714
"01634000",1996-05-21,0.0251951175741851,0.937628586356771,0.996629923819474,1996,"05",21,"Spring",37,0.98955559285826,0.600814893748714
"01634000",1996-05-22,0.0242462218739092,0.962338111839251,1.02635321260681,1996,"05",22,"Spring",37,0.98955559285826,0.600814893748714
"01634000",1996-05-23,0.0229058888508007,0.944719922547981,0.981692308478152,1996,"05",23,"Spring",37,0.98955559285826,0.600814893748714
"01634000",1996-05-24,0.0210010411101393,0.916840260901084,0.970488966114207,1996,"05",24,"Spring",37,0.98955559285826,0.600814893748714
"01634000",1996-05-25,0.0193662673118524,0.922157487825799,1.00579951290478,1996,"05",25,"Spring",37,0.98955559285826,0.600814893748714
"01634000",1996-05-26,0.0182972821057774,0.944801691060994,1.02455567897473,1996,"05",26,"Spring",37,0.98955559285826,0.600814893748714
"01634000",1996-09-10,0.0161839894717559,0.981225457326882,0.972031816357629,1996,"09",10,"Fall",38,1.00733742466853,0.300462767355002
"01634000",1996-09-11,0.0158331097336486,0.978319329809274,0.997038267305534,1996,"09",11,"Fall",38,1.00733742466853,0.300462767355002
"01634000",1996-09-12,0.0152665125206113,0.96421440749361,0.985582496546997,1996,"09",12,"Fall",38,1.00733742466853,0.300462767355002
"01634000",1996-09-13,0.0175372056546621,1.14873685990727,1.19137076876222,1996,"09",13,"Fall",38,1.00733742466853,0.300462767355002
"01634000",1996-09-14,0.0191044561215676,1.0893671715875,0.948317416815055,1996,"09",14,"Fall",38,1.00733742466853,0.300462767355002
"01634000",1996-09-15,0.0187430180376396,0.981080954012606,0.900597135291772,1996,"09",15,"Fall",38,1.00733742466853,0.300462767355002
"01634000",1996-09-16,0.0185845501255244,0.991545229706501,1.01066606751573,1996,"09",16,"Fall",38,1.00733742466853,0.300462767355002
"01634000",1996-09-17,0.0219180620624684,1.17937006354357,1.1894263904559,1996,"09",17,"Fall",38,1.00733742466853,0.300462767355002
"01634000",1996-09-18,0.0224442055332474,1.02400501783778,0.868264380699152,1996,"09",18,"Fall",38,1.00733742466853,0.300462767355002
"01634000",1996-09-19,0.0223603160120547,0.996262308279592,0.972907642955925,1996,"09",19,"Fall",38,1.00733742466853,0.300462767355002
"01634000",1996-09-20,0.0219479503575712,0.981558147288208,0.985240673195018,1996,"09",20,"Fall",38,1.00733742466853,0.300462767355002
"01634000",1996-09-21,0.0213869073195383,0.974437565745659,0.992745634517709,1996,"09",21,"Fall",38,1.00733742466853,0.300462767355002
"01634000",1996-09-22,0.0221781423315406,1.03699623326461,1.06419976991659,1996,"09",22,"Fall",38,1.00733742466853,0.300462767355002
"01634000",1996-09-23,0.0219819639460184,0.991154426615649,0.955793661366882,1996,"09",23,"Fall",38,1.00733742466853,0.300462767355002
"01634000",1996-09-24,0.021422958932817,0.974569833042482,0.98326739695872,1996,"09",24,"Fall",38,1.00733742466853,0.300462767355002
"01634000",1996-09-25,0.0206420526956208,0.963548161594058,0.988690731977599,1996,"09",25,"Fall",38,1.00733742466853,0.300462767355002
"01634000",1996-09-26,0.0198277232702821,0.960549978369573,0.99688839297921,1996,"09",26,"Fall",38,1.00733742466853,0.300462767355002
"01634000",1996-09-27,0.0189634162816219,0.956409166252806,0.995689123720771,1996,"09",27,"Fall",38,1.00733742466853,0.300462767355002
"01634000",1996-09-28,0.0185587619780563,0.978661318321753,1.02326635173953,1996,"09",28,"Fall",38,1.00733742466853,0.300462767355002
"01634000",1996-09-29,0.0230079047614709,1.23973273587296,1.26676380547962,1996,"09",29,"Fall",38,1.00733742466853,0.300462767355002
"01634000",1996-09-30,0.0235020768595859,1.02147836159956,0.823950462903829,1996,"09",30,"Fall",38,1.00733742466853,0.300462767355002
"01634000",1996-10-01,0.0229572590324096,0.976818311401527,0.956279005139083,1996,"10",1,"Fall",38,1.00733742466853,0.300462767355002
"01634000",1996-10-02,0.0223501029540785,0.973552762658903,0.996656953801431,1996,"10",2,"Fall",38,1.00733742466853,0.300462767355002
"01634000",1996-10-03,0.021679338591639,0.969988309950174,0.99633871645642,1996,"10",3,"Fall",38,1.00733742466853,0.300462767355002
"01634000",1996-10-04,0.0209585417178459,0.96675189740009,0.996663452005674,1996,"10",4,"Fall",38,1.00733742466853,0.300462767355002
"01634000",1996-10-05,0.020262393343728,0.966784503259349,1.00003372722551,1996,"10",5,"Fall",38,1.00733742466853,0.300462767355002
"01634000",1996-10-06,0.0195265043294057,0.963682028976597,0.996790935030203,1996,"10",6,"Fall",38,1.00733742466853,0.300462767355002
"01634000",1996-10-07,0.0187515648431145,0.960313455331365,0.996504476016005,1996,"10",7,"Fall",38,1.00733742466853,0.300462767355002
"01634000",1996-10-23,0.0339820800581947,0.988270410583367,0.987709689465059,1996,"10",23,"Fall",39,0.966536032165866,0.994175175571113
"01634000",1996-10-24,0.0333050864282996,0.980077922577553,0.99171027694639,1996,"10",24,"Fall",39,0.966536032165866,0.994175175571113
"01634000",1996-10-25,0.0324422399280593,0.974092650919917,0.993893065520857,1996,"10",25,"Fall",39,0.966536032165866,0.994175175571113
"01634000",1996-10-26,0.0314814022276551,0.970383126980909,0.996191816111635,1996,"10",26,"Fall",39,0.966536032165866,0.994175175571113
"01634000",1996-10-27,0.0307613126933575,0.97712651015065,1.00694919664434,1996,"10",27,"Fall",39,0.966536032165866,0.994175175571113
"01634000",1996-10-28,0.0298582524992526,0.970642989032782,0.993364706565102,1996,"10",28,"Fall",39,0.966536032165866,0.994175175571113
"01634000",1996-10-29,0.0288244052790106,0.965374824924269,0.994572500736071,1996,"10",29,"Fall",39,0.966536032165866,0.994175175571113
"01634000",1996-10-30,0.0277723082108423,0.96349978228573,0.998057705059083,1996,"10",30,"Fall",39,0.966536032165866,0.994175175571113
"01634000",1996-10-31,0.0267198793590069,0.962105099660944,0.998552482677809,1996,"10",31,"Fall",39,0.966536032165866,0.994175175571113
"01634000",1996-11-01,0.0257726741256192,0.964550542288719,1.002541762463,1996,"11",1,"Fall",39,0.966536032165866,0.994175175571113
"01634000",1996-11-02,0.0248765784781426,0.965230785012494,1.00070524321324,1996,"11",2,"Fall",39,0.966536032165866,0.994175175571113
"01634000",1996-11-03,0.0240678362315521,0.967489811860536,1.00234040074469,1996,"11",3,"Fall",39,0.966536032165866,0.994175175571113
"01634000",1996-11-04,0.0232863100827672,0.96752819234492,1.00003967016904,1996,"11",4,"Fall",39,0.966536032165866,0.994175175571113
"01634000",1996-11-05,0.0224253505584784,0.963027224097393,0.995347971993851,1996,"11",5,"Fall",39,0.966536032165866,0.994175175571113
"01634000",1996-11-06,0.0214780446258374,0.957757363472613,0.99452781760171,1996,"11",6,"Fall",39,0.966536032165866,0.994175175571113
"01634000",1996-11-07,0.0203901928034611,0.949350518572459,0.991222364639753,1996,"11",7,"Fall",39,0.966536032165866,0.994175175571113
"01634000",1996-11-12,0.0292958888458088,0.993957769999565,0.992928312420078,1996,"11",12,"Fall",40,0.999840894057524,0.000379407212696821
"01634000",1996-11-13,0.0290170236257836,0.990481080076016,0.996502175415813,1996,"11",13,"Fall",40,0.999840894057524,0.000379407212696821
"01634000",1996-11-14,0.0288943474879488,0.995772270119193,1.00534204049892,1996,"11",14,"Fall",40,0.999840894057524,0.000379407212696821
"01634000",1996-11-15,0.0286822667112574,0.992660129224933,0.996874645953047,1996,"11",15,"Fall",40,0.999840894057524,0.000379407212696821
"01634000",1996-11-16,0.0282374038361013,0.984489967977967,0.991769427413847,1996,"11",16,"Fall",40,0.999840894057524,0.000379407212696821
"01634000",1996-11-17,0.0277682681335136,0.983386018583341,0.998878658563791,1996,"11",17,"Fall",40,0.999840894057524,0.000379407212696821
"01634000",1996-11-18,0.027471196022816,0.989301741496112,1.00601566709408,1996,"11",18,"Fall",40,0.999840894057524,0.000379407212696821
"01634000",1996-11-19,0.0282170440768823,1.02715018499547,1.03825773463425,1996,"11",19,"Fall",40,0.999840894057524,0.000379407212696821
"01634000",1996-11-20,0.0277755574788898,0.984353903378766,0.958334932669175,1996,"11",20,"Fall",40,0.999840894057524,0.000379407212696821
"01634000",1996-11-21,0.027368402807042,0.985341260129262,1.00100305057674,1996,"11",21,"Fall",40,0.999840894057524,0.000379407212696821
"01634000",1996-11-22,0.0274682821473107,1.00364943986585,1.01858054714383,1996,"11",22,"Fall",40,0.999840894057524,0.000379407212696821
"01634000",1996-11-23,0.0269623154308647,0.981579965076356,0.978010773570059,1996,"11",23,"Fall",40,0.999840894057524,0.000379407212696821
"01634000",1996-11-24,0.0264499108307063,0.980995526831802,0.999404594362815,1996,"11",24,"Fall",40,0.999840894057524,0.000379407212696821
"01634000",1996-11-25,0.0259712856495753,0.981904469009574,1.00092655078735,1996,"11",25,"Fall",40,0.999840894057524,0.000379407212696821
"01634000",1996-11-26,0.0303220459027216,1.16752194372855,1.18903822171846,1996,"11",26,"Fall",40,0.999840894057524,0.000379407212696821
"01634000",1996-11-27,0.03110465942882,1.02581005017304,0.878621644486658,1996,"11",27,"Fall",40,0.999840894057524,0.000379407212696821
"01634000",1996-11-28,0.0308752042474225,0.992623125100515,0.967648079615786,1996,"11",28,"Fall",40,0.999840894057524,0.000379407212696821
"01634000",1996-11-29,0.0305483001284301,0.989412082382591,0.996765093783606,1996,"11",29,"Fall",40,0.999840894057524,0.000379407212696821
"01634000",1996-11-30,0.030205266084522,0.988770764904562,0.999351819641737,1996,"11",30,"Fall",40,0.999840894057524,0.000379407212696821
"01634000",1997-01-05,0.0342873074114323,0.96903095278734,0.999489915856096,1997,"01",5,"Winter",41,0.974092722665182,0.999171773938731
"01634000",1997-01-06,0.0332270745420828,0.969077978138466,1.00004852822399,1997,"01",6,"Winter",41,0.974092722665182,0.999171773938731
"01634000",1997-01-07,0.0322713246569037,0.971235810002815,1.00222668548149,1997,"01",7,"Winter",41,0.974092722665182,0.999171773938731
"01634000",1997-01-08,0.0313986607361585,0.972958534239822,1.00177374456261,1997,"01",8,"Winter",41,0.974092722665182,0.999171773938731
"01634000",1997-01-09,0.030554871656932,0.973126590133355,1.00017272667603,1997,"01",9,"Winter",41,0.974092722665182,0.999171773938731
"01634000",1997-01-10,0.0297387529863044,0.97329006386311,1.000167988144,1997,"01",10,"Winter",41,0.974092722665182,0.999171773938731
"01634000",1997-01-11,0.0289491700241342,0.973449358736264,1.00016366639203,1997,"01",11,"Winter",41,0.974092722665182,0.999171773938731
"01634000",1997-01-12,0.0281850416213274,0.973604479777148,1.000159351937,1997,"01",12,"Winter",41,0.974092722665182,0.999171773938731
"01634000",1997-01-13,0.027445339364931,0.973755502428044,1.00015511704602,1997,"01",13,"Winter",41,0.974092722665182,0.999171773938731
"01634000",1997-01-14,0.0267290853662416,0.973902527158962,1.0001509873172,1997,"01",14,"Winter",41,0.974092722665182,0.999171773938731
"01634000",1997-01-15,0.0260353484191,0.974045615940986,1.00014692310373,1997,"01",15,"Winter",41,0.974092722665182,0.999171773938731
"01634000",1997-01-16,0.0253634726395831,0.974193708925974,1.00015203906528,1997,"01",16,"Winter",41,0.974092722665182,0.999171773938731
"01634000",1997-01-17,0.024858733988367,0.980099781351379,1.00606252367603,1997,"01",17,"Winter",41,0.974092722665182,0.999171773938731
"01634000",1997-01-18,0.0242227492853999,0.974416046156464,0.994200860664331,1997,"01",18,"Winter",41,0.974092722665182,0.999171773938731
"01634000",1997-01-19,0.0236061644973233,0.97454521859547,1.00013256394896,1997,"01",19,"Winter",41,0.974092722665182,0.999171773938731
"01634000",1997-01-20,0.0230082404450513,0.974670851237193,1.00012891412253,1997,"01",20,"Winter",41,0.974092722665182,0.999171773938731
"01634000",1997-01-21,0.0224282586714253,0.974792432519506,1.00012474086217,1997,"01",21,"Winter",41,0.974092722665182,0.999171773938731
"01634000",1997-01-27,0.0285817491821945,0.979743269126811,0.992189956226081,1997,"01",27,"Winter",42,0.989248967134426,0.911141505078739
"01634000",1997-01-28,0.0291052537504584,1.0183160437427,1.03937028794315,1997,"01",28,"Winter",42,0.989248967134426,0.911141505078739
"01634000",1997-01-29,0.0289963217219338,0.996257307032656,0.978338024972123,1997,"01",29,"Winter",42,0.989248967134426,0.911141505078739
"01634000",1997-01-30,0.0284796443302184,0.982181278140375,0.98587109093914,1997,"01",30,"Winter",42,0.989248967134426,0.911141505078739
"01634000",1997-01-31,0.0279544118093327,0.981557616563053,0.999365023961256,1997,"01",31,"Winter",42,0.989248967134426,0.911141505078739
"01634000",1997-02-01,0.0274246246553957,0.981048173807038,0.999480985377304,1997,"02",1,"Winter",42,0.989248967134426,0.911141505078739
"01634000",1997-02-02,0.0268933912739157,0.980629329000663,0.999573063976308,1997,"02",2,"Winter",42,0.989248967134426,0.911141505078739
"01634000",1997-02-03,0.0263464467134327,0.979662491988745,0.99901406476094,1997,"02",3,"Winter",42,0.989248967134426,0.911141505078739
"01634000",1997-02-04,0.0257635158486664,0.977874402908798,0.998174790711526,1997,"02",4,"Winter",42,0.989248967134426,0.911141505078739
"01634000",1997-02-05,0.0271930332528427,1.05548611503854,1.07936777146316,1997,"02",5,"Winter",42,0.989248967134426,0.911141505078739
"01634000",1997-02-06,0.0271107021253556,0.996972344838415,0.944562254901869,1997,"02",6,"Winter",42,0.989248967134426,0.911141505078739
"01634000",1997-02-07,0.0266676836181432,0.983658906908277,0.986646131159942,1997,"02",7,"Winter",42,0.989248967134426,0.911141505078739
"01634000",1997-02-08,0.0262111185584217,0.982879463163765,0.999207607699134,1997,"02",8,"Winter",42,0.989248967134426,0.911141505078739
"01634000",1997-02-09,0.0257455945247784,0.982239444203585,0.99934883270618,1997,"02",9,"Winter",42,0.989248967134426,0.911141505078739
"01634000",1997-02-10,0.0252740198047832,0.981683284899815,0.999433784392337,1997,"02",10,"Winter",42,0.989248967134426,0.911141505078739
"01634000",1997-02-11,0.0247993252705782,0.981218083317514,0.999526118464624,1997,"02",11,"Winter",42,0.989248967134426,0.911141505078739
"01634000",1997-02-12,0.0243239561095834,0.980831367151798,0.999605881534094,1997,"02",12,"Winter",42,0.989248967134426,0.911141505078739
"01634000",1997-02-13,0.0238486404996365,0.980458951339762,0.999620305972558,1997,"02",13,"Winter",42,0.989248967134426,0.911141505078739
"01634000",1997-02-14,0.0233757483074442,0.980171104839306,0.999706416571481,1997,"02",14,"Winter",42,0.989248967134426,0.911141505078739
"01634000",1997-04-02,0.0350084722740575,0.976756887530501,0.982314376429209,1997,"04",2,"Spring",43,0.969639852846839,0.943071460952404
"01634000",1997-04-03,0.0341724230675027,0.976118660648485,0.999346585736775,1997,"04",3,"Spring",43,0.969639852846839,0.943071460952404
"01634000",1997-04-04,0.0332096768543124,0.971826808672932,0.995603145243938,1997,"04",4,"Spring",43,0.969639852846839,0.943071460952404
"01634000",1997-04-05,0.032076605479233,0.965881288756583,0.993882119876413,1997,"04",5,"Spring",43,0.969639852846839,0.943071460952404
"01634000",1997-04-06,0.0308648553909734,0.962223244319163,0.996212739101584,1997,"04",6,"Spring",43,0.969639852846839,0.943071460952404
"01634000",1997-04-07,0.0296076470986009,0.959267319530672,0.996928026000263,1997,"04",7,"Spring",43,0.969639852846839,0.943071460952404
"01634000",1997-04-08,0.0284512711223215,0.960943334253196,1.00174718213411,1997,"04",8,"Spring",43,0.969639852846839,0.943071460952404
"01634000",1997-04-09,0.0274901950033382,0.966220274839345,1.00549141702539,1997,"04",9,"Spring",43,0.969639852846839,0.943071460952404
"01634000",1997-04-10,0.0266376896761358,0.96898874936686,1.00286526230054,1997,"04",10,"Spring",43,0.969639852846839,0.943071460952404
"01634000",1997-04-11,0.0256787568796426,0.964000902174626,0.99485252311186,1997,"04",11,"Spring",43,0.969639852846839,0.943071460952404
"01634000",1997-04-12,0.0254273565951735,0.990209795371035,1.02718762310003,1997,"04",12,"Spring",43,0.969639852846839,0.943071460952404
"01634000",1997-04-13,0.0274529288290068,1.07966114079738,1.0903357509131,1997,"04",13,"Spring",43,0.969639852846839,0.943071460952404
"01634000",1997-04-14,0.0267665898427367,0.974999425724481,0.903060588995911,1997,"04",14,"Spring",43,0.969639852846839,0.943071460952404
"01634000",1997-04-15,0.0259425977710635,0.96921564993843,0.994067918776718,1997,"04",15,"Spring",43,0.969639852846839,0.943071460952404
"01634000",1997-04-16,0.0248390944907442,0.95746365533408,0.987874737056612,1997,"04",16,"Spring",43,0.969639852846839,0.943071460952404
"01634000",1997-04-17,0.0237411253037863,0.955796730538344,0.998259020291319,1997,"04",17,"Spring",43,0.969639852846839,0.943071460952404
"01634000",1997-04-18,0.0229176686261781,0.965315179163943,1.00995865367758,1997,"04",18,"Spring",43,0.969639852846839,0.943071460952404
"01634000",1997-04-19,0.0221038503223099,0.964489481144754,0.999144633755885,1997,"04",19,"Spring",43,0.969639852846839,0.943071460952404
"01634000",1997-04-20,0.0211040433496237,0.954767745976045,0.989920330538836,1997,"04",20,"Spring",43,0.969639852846839,0.943071460952404
"01634000",1997-04-21,0.0201180668664165,0.95328020953744,0.998441991316868,1997,"04",21,"Spring",43,0.969639852846839,0.943071460952404
"01634000",1997-04-22,0.0193014190881513,0.959407244061385,1.00642731744837,1997,"04",22,"Spring",43,0.969639852846839,0.943071460952404
"01634000",1997-04-23,0.0186105754110031,0.964207622559094,1.00500348368998,1997,"04",23,"Spring",43,0.969639852846839,0.943071460952404
"01634000",1997-04-24,0.0184051965479739,0.988964400159935,1.02567577461702,1997,"04",24,"Spring",43,0.969639852846839,0.943071460952404
"01634000",1997-04-25,0.0189533091615885,1.02978031841094,1.04127137260391,1997,"04",25,"Spring",43,0.969639852846839,0.943071460952404
"01634000",1997-04-26,0.0188208490726538,0.993011242110523,0.964294252237062,1997,"04",26,"Spring",43,0.969639852846839,0.943071460952404
"01634000",1997-04-27,0.018513523042202,0.983670979493781,0.990594001134478,1997,"04",27,"Spring",43,0.969639852846839,0.943071460952404
"01634000",1997-04-28,0.0196925179334357,1.06368290295403,1.08134012807964,1997,"04",28,"Spring",43,0.969639852846839,0.943071460952404
"01634000",1997-04-29,0.019360218080692,0.983125578259368,0.924265658053787,1997,"04",29,"Spring",43,0.969639852846839,0.943071460952404
"01634000",1997-04-30,0.0187753984355368,0.96979271397059,0.986438289691959,1997,"04",30,"Spring",43,0.969639852846839,0.943071460952404
"01634000",1997-05-01,0.0179007520200685,0.953415294036432,0.983112453106495,1997,"05",1,"Spring",43,0.969639852846839,0.943071460952404
"01634000",1997-05-02,0.0169169487198815,0.945041230721254,0.991216772619909,1997,"05",2,"Spring",43,0.969639852846839,0.943071460952404
"01634000",1997-05-03,0.015905300504528,0.940199132118633,0.994876309683414,1997,"05",3,"Spring",43,0.969639852846839,0.943071460952404
"01634000",1997-05-04,0.0148537665372714,0.933887827711448,0.99328726841838,1997,"05",4,"Spring",43,0.969639852846839,0.943071460952404
"01634000",1997-05-05,0.0138507712399587,0.932475356011824,0.998487536021231,1997,"05",5,"Spring",43,0.969639852846839,0.943071460952404
"01634000",1997-05-06,0.0127390339039266,0.919734625836228,0.986336657485419,1997,"05",6,"Spring",43,0.969639852846839,0.943071460952404
"01634000",1997-05-07,0.0116662907530554,0.915790855180895,0.995712055907705,1997,"05",7,"Spring",43,0.969639852846839,0.943071460952404
"01634000",1997-05-08,0.0107025524193887,0.917391195362219,1.001747495263,1997,"05",8,"Spring",43,0.969639852846839,0.943071460952404
"01634000",1997-05-09,0.010256049426971,0.958280700255316,1.04457150351977,1997,"05",9,"Spring",43,0.969639852846839,0.943071460952404
"01634000",1997-05-10,0.0102269996132236,0.997167543511344,1.04057980427412,1997,"05",10,"Spring",43,0.969639852846839,0.943071460952404
"01634000",1997-05-11,0.00995731077273376,0.973629720280704,0.976395317533345,1997,"05",11,"Spring",43,0.969639852846839,0.943071460952404
"01634000",1997-05-12,0.00911775504937395,0.915684491272606,0.940485353105909,1997,"05",12,"Spring",43,0.969639852846839,0.943071460952404
"01634000",1997-05-13,0.00818093057023361,0.897252725690995,0.979871051920958,1997,"05",13,"Spring",43,0.969639852846839,0.943071460952404
"01634000",1997-05-14,0.00787534337723628,0.962646401851982,1.07288211480286,1997,"05",14,"Spring",43,0.969639852846839,0.943071460952404
"01634000",1997-05-15,0.00755553279304877,0.959390902863751,0.996618177783692,1997,"05",15,"Spring",43,0.969639852846839,0.943071460952404
"01634000",1997-11-24,0.0275453842477873,0.988540634190967,0.99653064523779,1997,"11",24,"Fall",44,0.983052207668217,0.968670441707937
"01634000",1997-11-25,0.0271645727334544,0.986175124263752,0.997607068596475,1997,"11",25,"Fall",44,0.983052207668217,0.968670441707937
"01634000",1997-11-26,0.026701856055297,0.982966171318144,0.996746061762607,1997,"11",26,"Fall",44,0.983052207668217,0.968670441707937
"01634000",1997-11-27,0.0261276006931439,0.978493803540703,0.995450130525404,1997,"11",27,"Fall",44,0.983052207668217,0.968670441707937
"01634000",1997-11-28,0.0254892895463854,0.975569469456644,0.997011392332299,1997,"11",28,"Fall",44,0.983052207668217,0.968670441707937
"01634000",1997-11-29,0.0247920259134844,0.972644838467069,0.997002129442198,1997,"11",29,"Fall",44,0.983052207668217,0.968670441707937
"01634000",1997-11-30,0.0243446452077478,0.981954653189789,1.00957164871958,1997,"11",30,"Fall",44,0.983052207668217,0.968670441707937
"01634000",1997-12-01,0.0241811645682901,0.993284739290196,1.01153829870209,1997,"12",1,"Winter",44,0.983052207668217,0.968670441707937
"01634000",1997-12-02,0.0236232815659605,0.976929026691246,0.9835337119841,1997,"12",2,"Winter",44,0.983052207668217,0.968670441707937
"01634000",1997-12-03,0.0230748597532511,0.97678468966396,0.999852254336454,1997,"12",3,"Winter",44,0.983052207668217,0.968670441707937
"01634000",1997-12-04,0.0225397063768469,0.976807946738277,1.00002380982684,1997,"12",4,"Winter",44,0.983052207668217,0.968670441707937
"01634000",1997-12-05,0.0220176410512067,0.976837971315526,1.00003073744163,1997,"12",5,"Winter",44,0.983052207668217,0.968670441707937
"01634000",1997-12-06,0.0215084404335357,0.976873062082956,1.00003592281265,1997,"12",6,"Winter",44,0.983052207668217,0.968670441707937
"01634000",1997-12-07,0.021011870354414,0.976912780791512,1.00004065902736,1997,"12",7,"Winter",44,0.983052207668217,0.968670441707937
"01634000",1997-12-08,0.0205276792985387,0.976956308614689,1.00004455650907,1997,"12",8,"Winter",44,0.983052207668217,0.968670441707937
"01634000",1997-12-09,0.0200556043419056,0.977003004101552,1.00004779690397,1997,"12",9,"Winter",44,0.983052207668217,0.968670441707937
"01634000",1997-12-10,0.0204486778820865,1.01959918701426,1.04359882491034,1997,"12",10,"Winter",44,0.983052207668217,0.968670441707937
"01634000",1997-12-11,0.0215389225049876,1.05331614245125,1.03306883319094,1997,"12",11,"Winter",44,0.983052207668217,0.968670441707937
"01634000",1997-12-12,0.0212152837775648,0.98497423780842,0.935117386045383,1997,"12",12,"Winter",44,0.983052207668217,0.968670441707937
"01634000",1997-12-13,0.0207481213146821,0.977979909777275,0.992898973635383,1997,"12",13,"Winter",44,0.983052207668217,0.968670441707937
"01634000",1997-12-14,0.0202906759222969,0.977952442756279,0.99997191453452,1997,"12",14,"Winter",44,0.983052207668217,0.968670441707937
"01634000",1997-12-15,0.0198429735028185,0.977935559111342,0.999982735719858,1997,"12",15,"Winter",44,0.983052207668217,0.968670441707937
"01634000",1997-12-16,0.0194023859803565,0.977796295378844,0.999857594162314,1997,"12",16,"Winter",44,0.983052207668217,0.968670441707937
"01634000",1997-12-17,0.0189202979090624,0.975153155298415,0.997296839747787,1997,"12",17,"Winter",44,0.983052207668217,0.968670441707937
"01634000",1997-12-18,0.0183964009047486,0.972310319486944,0.997084728900251,1997,"12",18,"Winter",44,0.983052207668217,0.968670441707937
"01634000",1997-12-19,0.01786272181198,0.970990027042147,0.9986421079584,1997,"12",19,"Winter",44,0.983052207668217,0.968670441707937
"01634000",1997-12-20,0.0173034522449598,0.968690685948815,0.997631962193951,1997,"12",20,"Winter",44,0.983052207668217,0.968670441707937
"01634000",1997-12-21,0.0167800743947737,0.969752980920987,1.00109662969571,1997,"12",21,"Winter",44,0.983052207668217,0.968670441707937
"01634000",1997-12-22,0.0163372082170099,0.973607615357074,1.00397486216792,1997,"12",22,"Winter",44,0.983052207668217,0.968670441707937
"01634000",1997-12-23,0.0159596212324686,0.976887912578103,1.00336921894333,1997,"12",23,"Winter",44,0.983052207668217,0.968670441707937
"01634000",1998-05-20,0.0337729558814317,0.937639684226742,0.988458115766999,1998,"05",20,"Spring",45,0.899897681322202,0.907610747883344
"01634000",1998-05-21,0.0314333945279941,0.930726781462327,0.992627335552553,1998,"05",21,"Spring",45,0.899897681322202,0.907610747883344
"01634000",1998-05-22,0.0292547502322122,0.930690136127627,0.999960627183584,1998,"05",22,"Spring",45,0.899897681322202,0.907610747883344
"01634000",1998-05-23,0.0273953173309565,0.93643996662093,1.00617802883055,1998,"05",23,"Spring",45,0.899897681322202,0.907610747883344
"01634000",1998-05-24,0.0255618762457743,0.933074654217991,0.996406269998191,1998,"05",24,"Spring",45,0.899897681322202,0.907610747883344
"01634000",1998-05-25,0.0262176203541458,1.02565320722417,1.09921880589905,1998,"05",25,"Spring",45,0.899897681322202,0.907610747883344
"01634000",1998-05-26,0.0252587586874142,0.963426823114406,0.939329996073259,1998,"05",26,"Spring",45,0.899897681322202,0.907610747883344
"01634000",1998-05-27,0.0237878537154756,0.941766537693259,0.977517456540055,1998,"05",27,"Spring",45,0.899897681322202,0.907610747883344
"01634000",1998-05-28,0.0221993329469115,0.933221349535593,0.990926426225977,1998,"05",28,"Spring",45,0.899897681322202,0.907610747883344
"01634000",1998-05-29,0.0199757634545676,0.899836202391245,0.964225907218087,1998,"05",29,"Spring",45,0.899897681322202,0.907610747883344
"01634000",1998-05-30,0.0173237083363347,0.867236357485674,0.963771356588078,1998,"05",30,"Spring",45,0.899897681322202,0.907610747883344
"01634000",1998-05-31,0.0144466381170787,0.833922959022484,0.961586713730761,1998,"05",31,"Spring",45,0.899897681322202,0.907610747883344
"01634000",1998-06-01,0.0118860233633313,0.8227535892437,0.98660623303635,1998,"06",1,"Summer",45,0.899897681322202,0.907610747883344
"01634000",1998-06-02,0.0096382983319927,0.810893436548937,0.985584805888644,1998,"06",2,"Summer",45,0.899897681322202,0.907610747883344
"01634000",1998-06-03,0.00755135677172802,0.783474064779939,0.966186220614028,1998,"06",3,"Summer",45,0.899897681322202,0.907610747883344
"01634000",1998-06-04,0.00575848112930544,0.762575693796506,0.973326020703311,1998,"06",4,"Summer",45,0.899897681322202,0.907610747883344
"01634000",1999-01-28,0.0213830287684686,0.995319238412128,0.990339889368676,1999,"01",28,"Winter",46,0.998150997660879,0.109449969537039
"01634000",1999-01-29,0.0210981497657485,0.986677331550889,0.991317452202545,1999,"01",29,"Winter",46,0.998150997660879,0.109449969537039
"01634000",1999-01-30,0.0207744620856829,0.984658006334228,0.997953408726349,1999,"01",30,"Winter",46,0.998150997660879,0.109449969537039
"01634000",1999-01-31,0.0204268670058809,0.983268154989123,0.998588493328482,1999,"01",31,"Winter",46,0.998150997660879,0.109449969537039
"01634000",1999-02-01,0.0200822150218301,0.983127516131003,0.999856967951818,1999,"02",1,"Winter",46,0.998150997660879,0.109449969537039
"01634000",1999-02-02,0.0207204828620888,1.03178274107537,1.04949024836152,1999,"02",2,"Winter",46,0.998150997660879,0.109449969537039
"01634000",1999-02-03,0.0220405561849475,1.06370861777907,1.03094244110967,1999,"02",3,"Winter",46,0.998150997660879,0.109449969537039
"01634000",1999-02-04,0.0217433050856926,0.986513448355811,0.927428274874337,1999,"02",4,"Winter",46,0.998150997660879,0.109449969537039
"01634000",1999-02-05,0.0213002364034764,0.979622753740982,0.993015103213936,1999,"02",5,"Winter",46,0.998150997660879,0.109449969537039
"01634000",1999-02-06,0.0208601024933159,0.979336665479981,0.999707960783977,1999,"02",6,"Winter",46,0.998150997660879,0.109449969537039
"01634000",1999-02-07,0.0204928495222703,0.982394479070112,1.00312233136766,1999,"02",7,"Winter",46,0.998150997660879,0.109449969537039
"01634000",1999-02-08,0.0206365039339289,1.00700997738272,1.0250566333963,1999,"02",8,"Winter",46,0.998150997660879,0.109449969537039
"01634000",1999-02-09,0.0201982411672361,0.978762741591504,0.971949398292325,1999,"02",9,"Winter",46,0.998150997660879,0.109449969537039
"01634000",1999-02-10,0.0197372017428279,0.977174278661645,0.998377070496904,1999,"02",10,"Winter",46,0.998150997660879,0.109449969537039
"01634000",1999-02-11,0.0191740231821314,0.971466139525012,0.994158524982411,1999,"02",11,"Winter",46,0.998150997660879,0.109449969537039
"01634000",1999-02-12,0.0186052521457896,0.970336374847412,0.998837051924267,1999,"02",12,"Winter",46,0.998150997660879,0.109449969537039
"01634000",1999-02-13,0.0188424360239878,1.01274822164944,1.04370839628546,1999,"02",13,"Winter",46,0.998150997660879,0.109449969537039
"01634000",1999-02-14,0.0184161412180401,0.977375812479608,0.965072849881461,1999,"02",14,"Winter",46,0.998150997660879,0.109449969537039
"01634000",1999-02-15,0.0179891781299375,0.976815822432748,0.999427047365292,1999,"02",15,"Winter",46,0.998150997660879,0.109449969537039
"01634000",1999-02-16,0.0175733412615955,0.976884054105286,1.00006985111315,1999,"02",16,"Winter",46,0.998150997660879,0.109449969537039
"01634000",1999-02-17,0.01752279617358,0.997123763360474,1.02071864022156,1999,"02",17,"Winter",46,0.998150997660879,0.109449969537039
"01634000",1999-02-18,0.020572027482558,1.17401511030389,1.17740159591349,1999,"02",18,"Winter",46,0.998150997660879,0.109449969537039
"01634000",1999-02-19,0.0214336985372938,1.04188556793765,0.887454989968536,1999,"02",19,"Winter",46,0.998150997660879,0.109449969537039
"01634000",1999-02-20,0.0212875425931998,0.993181020819167,0.953253458328551,1999,"02",20,"Winter",46,0.998150997660879,0.109449969537039
"01634000",1999-02-21,0.0210761092603207,0.990067743519318,0.996865347570496,1999,"02",21,"Winter",46,0.998150997660879,0.109449969537039
"01634000",1999-02-22,0.0208192855934612,0.987814465009302,0.997724116834665,1999,"02",22,"Winter",46,0.998150997660879,0.109449969537039
"01634000",1999-02-23,0.02053049945971,0.986128912423298,0.998293654683435,1999,"02",23,"Winter",46,0.998150997660879,0.109449969537039
"01634000",1999-02-24,0.0202192657743581,0.984840423100145,0.998693386526933,1999,"02",24,"Winter",46,0.998150997660879,0.109449969537039
"01634000",1999-02-25,0.0198958364780992,0.984003904994958,0.999150605432549,1999,"02",25,"Winter",46,0.998150997660879,0.109449969537039
"01634000",1999-02-26,0.0195624437183142,0.983243089067803,0.999226816150533,1999,"02",26,"Winter",46,0.998150997660879,0.109449969537039
"01634000",1999-02-27,0.0192208469379693,0.982538133514217,0.999283030248141,1999,"02",27,"Winter",46,0.998150997660879,0.109449969537039
"01634000",1999-02-28,0.0200328693026677,1.04224696067343,1.06076998451516,1999,"02",28,"Winter",46,0.998150997660879,0.109449969537039
"01634000",1999-03-01,0.0204157350817695,1.01911187924792,0.977802687560189,1999,"03",1,"Spring",46,0.998150997660879,0.109449969537039
"01634000",1999-03-02,0.0200514358002692,0.982155955686083,0.963737128067721,1999,"03",2,"Spring",46,0.998150997660879,0.109449969537039
"01634000",1999-03-03,0.0199312589829788,0.994006572971255,1.01206592213443,1999,"03",3,"Spring",46,0.998150997660879,0.109449969537039
"01634000",1999-04-14,0.0284084805753082,0.970575501058077,0.996481857868041,1999,"04",14,"Spring",47,0.967139221364062,0.937739739461792
"01634000",1999-04-15,0.0274363759672269,0.96578118264705,0.995060334403865,1999,"04",15,"Spring",47,0.967139221364062,0.937739739461792
"01634000",1999-04-16,0.0266650965204462,0.971888435713887,1.00632364056846,1999,"04",16,"Spring",47,0.967139221364062,0.937739739461792
"01634000",1999-04-17,0.0258413105038926,0.96910620533768,0.997137294493927,1999,"04",17,"Spring",47,0.967139221364062,0.937739739461792
"01634000",1999-04-18,0.0248347265878692,0.961047489604996,0.991684383312894,1999,"04",18,"Spring",47,0.967139221364062,0.937739739461792
"01634000",1999-04-19,0.0238021794357337,0.958423252678777,0.997269399322506,1999,"04",19,"Spring",47,0.967139221364062,0.937739739461792
"01634000",1999-04-20,0.0228801480261609,0.961262731756883,1.00296265670743,1999,"04",20,"Spring",47,0.967139221364062,0.937739739461792
"01634000",1999-04-21,0.0222539521637373,0.972631476784694,1.01182688629469,1999,"04",21,"Spring",47,0.967139221364062,0.937739739461792
"01634000",1999-04-22,0.0224290446494706,1.0078679276582,1.0362279565432,1999,"04",22,"Spring",47,0.967139221364062,0.937739739461792
"01634000",1999-04-23,0.0221561562502757,0.987833258016125,0.980121731139291,1999,"04",23,"Spring",47,0.967139221364062,0.937739739461792
"01634000",1999-04-24,0.0227244000416249,1.02564721899098,1.03827970021054,1999,"04",24,"Spring",47,0.967139221364062,0.937739739461792
"01634000",1999-04-25,0.0222079019877128,0.977271212750788,0.952833678730406,1999,"04",25,"Spring",47,0.967139221364062,0.937739739461792
"01634000",1999-04-26,0.0215183382970281,0.96894962472969,0.991484873479825,1999,"04",26,"Spring",47,0.967139221364062,0.937739739461792
"01634000",1999-04-27,0.020521137630567,0.953658100700142,0.984218453014197,1999,"04",27,"Spring",47,0.967139221364062,0.937739739461792
"01634000",1999-04-28,0.0194791385438293,0.949223132484354,0.995349519694184,1999,"04",28,"Spring",47,0.967139221364062,0.937739739461792
"01634000",1999-04-29,0.0184583001537248,0.947593247627069,0.99828292758414,1999,"04",29,"Spring",47,0.967139221364062,0.937739739461792
"01634000",1999-04-30,0.0174302767263725,0.944305628427824,0.99653055864689,1999,"04",30,"Spring",47,0.967139221364062,0.937739739461792
"01634000",1999-05-01,0.0164176909020171,0.941906497512836,0.997459370311091,1999,"05",1,"Spring",47,0.967139221364062,0.937739739461792
"01634000",1999-05-02,0.0153760283719748,0.936552433819164,0.994315716360584,1999,"05",2,"Spring",47,0.967139221364062,0.937739739461792
"01634000",1999-05-03,0.014226951636374,0.925268300252671,0.987951412906507,1999,"05",3,"Spring",47,0.967139221364062,0.937739739461792
"01634000",1999-05-04,0.0130244828760624,0.915479521471258,0.98942060505181,1999,"05",4,"Spring",47,0.967139221364062,0.937739739461792
"01634000",1999-10-03,0.019429654465057,0.986948830946316,0.973615594597715,1999,"10",3,"Fall",48,0.981442472610776,0.842547004264687
"01634000",1999-10-04,0.0207928160089068,1.07015881555184,1.08431033301467,1999,"10",4,"Fall",48,0.981442472610776,0.842547004264687
"01634000",1999-10-05,0.0248516639694572,1.19520434167319,1.11684763448579,1999,"10",5,"Fall",48,0.981442472610776,0.842547004264687
"01634000",1999-10-06,0.0250368007691577,1.00744967419196,0.842909985401838,1999,"10",6,"Fall",48,0.981442472610776,0.842547004264687
"01634000",1999-10-07,0.0249340479495004,0.995895928533175,0.988531689517839,1999,"10",7,"Fall",48,0.981442472610776,0.842547004264687
"01634000",1999-10-08,0.0245161512866616,0.983239919018157,0.987291835268713,1999,"10",8,"Fall",48,0.981442472610776,0.842547004264687
"01634000",1999-10-09,0.0241801381343975,0.986294212809542,1.00310635657921,1999,"10",9,"Fall",48,0.981442472610776,0.842547004264687
"01634000",1999-10-10,0.0283246154431254,1.17140006751376,1.18767813123118,1999,"10",10,"Fall",48,0.981442472610776,0.842547004264687
"01634000",1999-10-11,0.0296283909119665,1.04602976769302,0.892973969101063,1999,"10",11,"Fall",48,0.981442472610776,0.842547004264687
"01634000",1999-10-12,0.0290207425132394,0.979491009129297,0.936389230384456,1999,"10",12,"Fall",48,0.981442472610776,0.842547004264687
"01634000",1999-10-13,0.0281723010120913,0.970764307606499,0.99109057516459,1999,"10",13,"Fall",48,0.981442472610776,0.842547004264687
"01634000",1999-10-14,0.0273674185154959,0.971430005087269,1.00068574573205,1999,"10",14,"Fall",48,0.981442472610776,0.842547004264687
"01634000",1999-10-15,0.0266376463696361,0.973334271719977,1.00196027158183,1999,"10",15,"Fall",48,0.981442472610776,0.842547004264687
"01634000",1999-10-16,0.0257126038195565,0.965273112449831,0.991717995035866,1999,"10",16,"Fall",48,0.981442472610776,0.842547004264687
"01634000",1999-10-17,0.0246447459794581,0.958469478719761,0.992951597177713,1999,"10",17,"Fall",48,0.981442472610776,0.842547004264687
"01634000",1999-10-18,0.0236383299343288,0.959163058691366,1.00072363281983,1999,"10",18,"Fall",48,0.981442472610776,0.842547004264687
"01634000",1999-10-19,0.0227454449050128,0.962227237211913,1.00319463775505,1999,"10",19,"Fall",48,0.981442472610776,0.842547004264687
"01634000",1999-10-20,0.0234760615276173,1.03212144786156,1.07263794657504,1999,"10",20,"Fall",48,0.981442472610776,0.842547004264687
"01634000",1999-10-21,0.0236389794154093,1.0069397453061,0.975601996637473,1999,"10",21,"Fall",48,0.981442472610776,0.842547004264687
"01634000",1999-10-22,0.022879087657202,0.967854290794302,0.961183919202716,1999,"10",22,"Fall",48,0.981442472610776,0.842547004264687
"01634000",1999-10-23,0.0219947104924358,0.961345610541083,0.993275144497342,1999,"10",23,"Fall",48,0.981442472610776,0.842547004264687
"01634000",1999-10-24,0.0211556496215053,0.961851697424292,1.00052643594318,1999,"10",24,"Fall",48,0.981442472610776,0.842547004264687
"01634000",1999-10-25,0.020317283924669,0.960371545575985,0.998461143383881,1999,"10",25,"Fall",48,0.981442472610776,0.842547004264687
"01634000",1999-10-26,0.0194462730432861,0.957129560987953,0.996624239230154,1999,"10",26,"Fall",48,0.981442472610776,0.842547004264687
"01634000",1999-10-27,0.0185613560024649,0.95449426021884,0.997246662440984,1999,"10",27,"Fall",48,0.981442472610776,0.842547004264687
"01634000",1999-10-28,0.0177174222189933,0.954532751628733,1.00004032649697,1999,"10",28,"Fall",48,0.981442472610776,0.842547004264687
"01634000",1999-10-29,0.0168428067700006,0.950635287787232,0.995916888304932,1999,"10",29,"Fall",48,0.981442472610776,0.842547004264687
"01634000",1999-10-30,0.0158895644708537,0.943403595839809,0.99239277981753,1999,"10",30,"Fall",48,0.981442472610776,0.842547004264687
"01634000",1999-10-31,0.0148479839554057,0.934448768727514,0.990507957408914,1999,"10",31,"Fall",48,0.981442472610776,0.842547004264687
"01634000",1999-11-01,0.0137446211301722,0.925689384596096,0.99062614835124,1999,"11",1,"Fall",48,0.981442472610776,0.842547004264687
"01634000",1999-11-02,0.014275370456744,1.03861505686808,1.12199089041218,1999,"11",2,"Fall",48,0.981442472610776,0.842547004264687
"01634000",1999-11-03,0.0179428901174106,1.25691239830025,1.21018118309438,1999,"11",3,"Fall",48,0.981442472610776,0.842547004264687
"01634000",1999-11-04,0.0179997068480588,1.00316653171682,0.798119688431295,1999,"11",4,"Fall",48,0.981442472610776,0.842547004264687
"01634000",1999-11-05,0.0179035998880863,0.994660637487944,0.991520954936241,1999,"11",5,"Fall",48,0.981442472610776,0.842547004264687
"01634000",1999-11-06,0.0175696929800324,0.981349733565254,0.986617642821066,1999,"11",6,"Fall",48,0.981442472610776,0.842547004264687
"01634000",1999-11-07,0.0171084940084256,0.973750311281425,0.992256152904612,1999,"11",7,"Fall",48,0.981442472610776,0.842547004264687
"01634000",1999-11-08,0.0166306823957711,0.972071673145564,0.998276110296025,1999,"11",8,"Fall",48,0.981442472610776,0.842547004264687
"01634000",1999-11-09,0.0160740709397942,0.966531051298382,0.99430019205348,1999,"11",9,"Fall",48,0.981442472610776,0.842547004264687
"01634000",1999-11-10,0.0154043602524325,0.958335962938693,0.991521132871334,1999,"11",10,"Fall",48,0.981442472610776,0.842547004264687
"01634000",1999-11-11,0.0147230864968151,0.95577396630218,0.997326619540963,1999,"11",11,"Fall",48,0.981442472610776,0.842547004264687
"01634000",1999-11-12,0.0141248456784524,0.959367159970697,1.00375945965804,1999,"11",12,"Fall",48,0.981442472610776,0.842547004264687
"01634000",1999-11-13,0.0135416584089398,0.958711954609017,0.999317044204745,1999,"11",13,"Fall",48,0.981442472610776,0.842547004264687
"01634000",1999-11-14,0.0129165316466242,0.953836764786288,0.994914854457283,1999,"11",14,"Fall",48,0.981442472610776,0.842547004264687
"01634000",1999-11-15,0.0123447316582315,0.955731151052289,1.0019860696672,1999,"11",15,"Fall",48,0.981442472610776,0.842547004264687
"01634000",1999-11-16,0.0118983811698854,0.963842835899277,1.00848741284414,1999,"11",16,"Fall",48,0.981442472610776,0.842547004264687
"01634000",1999-11-17,0.0115104913711548,0.967399783786356,1.00369038162094,1999,"11",17,"Fall",48,0.981442472610776,0.842547004264687
"01634000",1999-11-18,0.0111186985450331,0.965962111130763,0.998513879494612,1999,"11",18,"Fall",48,0.981442472610776,0.842547004264687
"01634000",1999-11-19,0.0106815425097011,0.960682805315619,0.994534665744846,1999,"11",19,"Fall",48,0.981442472610776,0.842547004264687
"01634000",1999-11-20,0.0101695523189846,0.952067766406259,0.991032379405885,1999,"11",20,"Fall",48,0.981442472610776,0.842547004264687
"01634000",1999-11-21,0.00960545471752994,0.94453073412075,0.992083512800817,1999,"11",21,"Fall",48,0.981442472610776,0.842547004264687
"01634000",1999-11-22,0.00903370042215102,0.94047608237271,0.995707231536712,1999,"11",22,"Fall",48,0.981442472610776,0.842547004264687
"01634000",1999-11-23,0.0084652898949571,0.937078882337059,0.996387786888658,1999,"11",23,"Fall",48,0.981442472610776,0.842547004264687
"01634000",1999-11-24,0.00789612048538402,0.932764333338172,0.995395746206416,1999,"11",24,"Fall",48,0.981442472610776,0.842547004264687
"01634000",1999-11-25,0.00751248328015208,0.95141446917609,1.01999447788829,1999,"11",25,"Fall",48,0.981442472610776,0.842547004264687
"01634000",1999-11-26,0.0099207719322294,1.32057158229423,1.38800872288376,1999,"11",26,"Fall",48,0.981442472610776,0.842547004264687
"01634000",1999-11-27,0.0121332690468989,1.2230166291276,0.926126720827093,1999,"11",27,"Fall",48,0.981442472610776,0.842547004264687
"01634000",1999-11-28,0.011870359943714,0.978331552513283,0.799933156437245,1999,"11",28,"Fall",48,0.981442472610776,0.842547004264687
"01634000",1999-11-29,0.0115763085195795,0.975228095396531,0.996827806372206,1999,"11",29,"Fall",48,0.981442472610776,0.842547004264687
"01634000",1999-11-30,0.0112778451584745,0.974217743022299,0.998963983524468,1999,"11",30,"Fall",48,0.981442472610776,0.842547004264687
"01634000",1999-12-01,0.01101612765342,0.976793660368897,1.00264408790032,1999,"12",1,"Winter",48,0.981442472610776,0.842547004264687
"01634000",1999-12-02,0.0107339588575996,0.974385845489661,0.997534981053903,1999,"12",2,"Winter",48,0.981442472610776,0.842547004264687
"01634000",1999-12-03,0.0103556705580559,0.964757802357705,0.99011885981665,1999,"12",3,"Winter",48,0.981442472610776,0.842547004264687
"01634000",1999-12-04,0.00987969769630581,0.954037465842346,0.988888054090715,1999,"12",4,"Winter",48,0.981442472610776,0.842547004264687
"01634000",1999-12-05,0.0094028667663224,0.951736283372142,0.997587953772683,1999,"12",5,"Winter",48,0.981442472610776,0.842547004264687
"01634000",1999-12-06,0.0102227188181132,1.08719171207734,1.14232453997158,1999,"12",6,"Winter",48,0.981442472610776,0.842547004264687
"01634000",1999-12-07,0.0105390941025689,1.03094825262093,0.948267210988074,1999,"12",7,"Winter",48,0.981442472610776,0.842547004264687
"01634000",1999-12-08,0.0102961329685058,0.976946677608291,0.947619509635567,1999,"12",8,"Winter",48,0.981442472610776,0.842547004264687
"01634000",1999-12-09,0.00997187980101444,0.968507286329417,0.991361461713002,1999,"12",9,"Winter",48,0.981442472610776,0.842547004264687
"01634000",1999-12-18,0.0190006498014554,0.999230295996734,0.993224002922512,1999,"12",18,"Winter",49,0.984517236982586,0.968544102782622
"01634000",1999-12-19,0.0188547905418091,0.992323459398993,0.993087843087412,1999,"12",19,"Winter",49,0.984517236982586,0.968544102782622
"01634000",1999-12-20,0.0195550770731643,1.03714104008753,1.04516428616499,1999,"12",20,"Winter",49,0.984517236982586,0.968544102782622
"01634000",1999-12-21,0.0211557756992988,1.08185590985633,1.04311358633058,1999,"12",21,"Winter",49,0.984517236982586,0.968544102782622
"01634000",1999-12-22,0.0208620059420355,0.986113968996509,0.911502132596811,1999,"12",22,"Winter",49,0.984517236982586,0.968544102782622
"01634000",1999-12-23,0.020553212496452,0.985198285992181,0.999071422743093,1999,"12",23,"Winter",49,0.984517236982586,0.968544102782622
"01634000",1999-12-24,0.0202244163374417,0.984002687703096,0.998786438926981,1999,"12",24,"Winter",49,0.984517236982586,0.968544102782622
"01634000",1999-12-25,0.0198856763890944,0.983250940709716,0.99923603156498,1999,"12",25,"Winter",49,0.984517236982586,0.968544102782622
"01634000",1999-12-26,0.0195407445426099,0.982654256272937,0.999393151420381,1999,"12",26,"Winter",49,0.984517236982586,0.968544102782622
"01634000",1999-12-27,0.0191912050358951,0.98211227284853,0.999448449522355,1999,"12",27,"Winter",49,0.984517236982586,0.968544102782622
"01634000",1999-12-28,0.0188398772734217,0.981693293265522,0.999573389321576,1999,"12",28,"Winter",49,0.984517236982586,0.968544102782622
"01634000",1999-12-29,0.0184886241913773,0.98135587207142,0.999656286544467,1999,"12",29,"Winter",49,0.984517236982586,0.968544102782622
"01634000",1999-12-30,0.0181382407317869,0.981048700218928,0.999686992393652,1999,"12",30,"Winter",49,0.984517236982586,0.968544102782622
"01634000",1999-12-31,0.0177895735832863,0.980777234481752,0.999723290253465,1999,"12",31,"Winter",49,0.984517236982586,0.968544102782622
"01634000",2000-01-01,0.0174468503682874,0.980734602018745,0.999956531961073,2000,"01",1,"Winter",49,0.984517236982586,0.968544102782622
"01634000",2000-01-02,0.0171024039154872,0.980257384827105,0.999513408428073,2000,"01",2,"Winter",49,0.984517236982586,0.968544102782622
"01634000",2000-01-03,0.0166848687222227,0.975586169328723,0.995234705118589,2000,"01",3,"Winter",49,0.984517236982586,0.968544102782622
"01634000",2000-01-04,0.0162593325367197,0.974495682729812,0.998882224212279,2000,"01",4,"Winter",49,0.984517236982586,0.968544102782622
"01634000",2000-01-05,0.0161911635077558,0.995807390690242,1.02186947396291,2000,"01",5,"Winter",49,0.984517236982586,0.968544102782622
"01634000",2000-01-06,0.0158283038181253,0.977589029382802,0.981704934631171,2000,"01",6,"Winter",49,0.984517236982586,0.968544102782622
"01634000",2000-01-07,0.0154745597974397,0.97765117319264,1.00006356844029,2000,"01",7,"Winter",49,0.984517236982586,0.968544102782622
"01634000",2000-01-08,0.0151296784752049,0.977713012405566,1.00006325283968,2000,"01",8,"Winter",49,0.984517236982586,0.968544102782622
"01634000",2000-01-09,0.0147812096984126,0.976967866345384,0.999237868320532,2000,"01",9,"Winter",49,0.984517236982586,0.968544102782622
"01634000",2000-01-10,0.0152433991897851,1.03126871892104,1.05558100163394,2000,"01",10,"Winter",49,0.984517236982586,0.968544102782622
"01634000",2000-01-11,0.015971738321241,1.04778062441243,1.01601125408775,2000,"01",11,"Winter",49,0.984517236982586,0.968544102782622
"01634000",2000-01-12,0.0157627105363645,0.986912646534001,0.941907708102006,2000,"01",12,"Winter",49,0.984517236982586,0.968544102782622
"01634000",2000-01-13,0.015462817857042,0.980974548848647,0.993983157773682,2000,"01",13,"Winter",49,0.984517236982586,0.968544102782622
"01634000",2000-01-14,0.0151663465076126,0.980826822628948,0.999849408713128,2000,"01",14,"Winter",49,0.984517236982586,0.968544102782622
"01634000",2000-01-15,0.0148736231494695,0.980699151374644,0.999869833031318,2000,"01",15,"Winter",49,0.984517236982586,0.968544102782622
"01634000",2000-01-16,0.01455184945371,0.978366152448138,0.997621086014772,2000,"01",16,"Winter",49,0.984517236982586,0.968544102782622
"01634000",2000-01-17,0.0142126348218881,0.976689242635377,0.998286009988628,2000,"01",17,"Winter",49,0.984517236982586,0.968544102782622
"01634000",2000-01-18,0.0139227341278456,0.979602607280391,1.00298289826266,2000,"01",18,"Winter",49,0.984517236982586,0.968544102782622
"01634000",2000-01-19,0.013638507865835,0.979585456462738,0.999982492066144,2000,"01",19,"Winter",49,0.984517236982586,0.968544102782622
"01634000",2000-01-20,0.013359822856728,0.979566312396599,0.999980456971863,2000,"01",20,"Winter",49,0.984517236982586,0.968544102782622
"01634000",2000-01-21,0.0130866477265954,0.979552488602421,0.999985887842401,2000,"01",21,"Winter",49,0.984517236982586,0.968544102782622
"01634000",2000-01-22,0.0128189753158949,0.979546143803008,0.99999352275709,2000,"01",22,"Winter",49,0.984517236982586,0.968544102782622
"01634000",2000-01-23,0.0125567737268284,0.979545823078276,0.99999967257823,2000,"01",23,"Winter",49,0.984517236982586,0.968544102782622
"01634000",2000-01-24,0.0122998995357193,0.979542978419667,0.99999709594126,2000,"01",24,"Winter",49,0.984517236982586,0.968544102782622
"01634000",2000-01-25,0.0120478473836556,0.979507787739913,0.999964074389252,2000,"01",25,"Winter",49,0.984517236982586,0.968544102782622
"01634000",2000-01-26,0.0118013618339319,0.97954111287481,1.00003402232766,2000,"01",26,"Winter",49,0.984517236982586,0.968544102782622
"01634000",2000-01-27,0.0115601137222256,0.979557604020531,1.00001683558301,2000,"01",27,"Winter",49,0.984517236982586,0.968544102782622
"01634000",2000-01-28,0.0113239170750603,0.979567965087469,1.00001057729213,2000,"01",28,"Winter",49,0.984517236982586,0.968544102782622
"01634000",2000-01-29,0.0110926838824525,0.979580105446284,1.00001239358498,2000,"01",29,"Winter",49,0.984517236982586,0.968544102782622
"01634000",2000-01-30,0.010866387252463,0.979599470030197,1.00001976824948,2000,"01",30,"Winter",49,0.984517236982586,0.968544102782622
"01634000",2000-01-31,0.0106450804742053,0.979633821884311,1.00003506724449,2000,"01",31,"Winter",49,0.984517236982586,0.968544102782622
"01634000",2000-02-01,0.0104283738473896,0.979642556264292,1.00000891596409,2000,"02",1,"Winter",49,0.984517236982586,0.968544102782622
"01634000",2000-02-02,0.0102162348630372,0.979657520198563,1.00001527489203,2000,"02",2,"Winter",49,0.984517236982586,0.968544102782622
"01634000",2000-02-03,0.010008516110247,0.979667778239733,1.00001047104826,2000,"02",3,"Winter",49,0.984517236982586,0.968544102782622
"01634000",2000-02-04,0.00980248945415951,0.979414864919231,0.999741837665666,2000,"02",4,"Winter",49,0.984517236982586,0.968544102782622
"01634000",2000-02-05,0.00959849479841069,0.97918950520653,0.999769903724384,2000,"02",5,"Winter",49,0.984517236982586,0.968544102782622
"01634000",2000-02-06,0.00940749701112509,0.980101277200544,1.00093114967957,2000,"02",6,"Winter",49,0.984517236982586,0.968544102782622
"01634000",2000-02-24,0.0326032619923353,0.99793246597125,0.970982529756867,2000,"02",24,"Winter",50,0.989349128951619,0.502331371858996
"01634000",2000-02-25,0.0319767071632668,0.980782449645199,0.982814451968592,2000,"02",25,"Winter",50,0.989349128951619,0.502331371858996
"01634000",2000-02-26,0.0311039253138006,0.972705699651624,0.991764993351485,2000,"02",26,"Winter",50,0.989349128951619,0.502331371858996
"01634000",2000-02-27,0.0302530507324263,0.972644141445495,0.999936714459316,2000,"02",27,"Winter",50,0.989349128951619,0.502331371858996
"01634000",2000-02-28,0.0329417963512242,1.08887518956612,1.11950007527716,2000,"02",28,"Winter",50,0.989349128951619,0.502331371858996
"01634000",2000-02-29,0.0323378565954045,0.981666459552462,0.901541764344565,2000,"02",29,"Winter",50,0.989349128951619,0.502331371858996
"01634000",2000-03-01,0.0313983045052737,0.970945752469436,0.989079073672422,2000,"03",1,"Spring",50,0.989349128951619,0.502331371858996
"01634000",2000-03-02,0.0304247641470283,0.96899385576435,0.997989695407677,2000,"03",2,"Spring",50,0.989349128951619,0.502331371858996
"01634000",2000-03-03,0.0294610568089411,0.968324903574268,0.999309642485241,2000,"03",3,"Spring",50,0.989349128951619,0.502331371858996
"01634000",2000-03-04,0.0285134363221004,0.9678348101025,0.999493874969074,2000,"03",4,"Spring",50,0.989349128951619,0.502331371858996
"01634000",2000-03-05,0.0275269950507209,0.965404335688049,0.997488750777425,2000,"03",5,"Spring",50,0.989349128951619,0.502331371858996
"01634000",2000-03-06,0.0265222949674353,0.963501280054931,0.998028747579881,2000,"03",6,"Spring",50,0.989349128951619,0.502331371858996
"01634000",2000-03-07,0.0254795004148036,0.960682340879171,0.997074275629817,2000,"03",7,"Spring",50,0.989349128951619,0.502331371858996
"01634000",2000-03-08,0.0242889911169186,0.953275799034376,0.992290332059173,2000,"03",8,"Spring",50,0.989349128951619,0.502331371858996
"01634000",2000-03-09,0.0229457764653489,0.944698623129138,0.991002419327202,2000,"03",9,"Spring",50,0.989349128951619,0.502331371858996
"01634000",2000-03-10,0.0216704725171439,0.944420972193692,0.999706095755145,2000,"03",10,"Spring",50,0.989349128951619,0.502331371858996
"01634000",2000-03-11,0.021632770774886,0.99826022518761,1.05700768468627,2000,"03",11,"Spring",50,0.989349128951619,0.502331371858996
"01634000",2000-03-12,0.0278183765476569,1.28593682414238,1.28817796371753,2000,"03",12,"Spring",50,0.989349128951619,0.502331371858996
"01634000",2000-03-13,0.0275062716100365,0.988780619994636,0.768918504728316,2000,"03",13,"Spring",50,0.989349128951619,0.502331371858996
"01634000",2000-03-14,0.0267402800964192,0.97215211408958,0.983182815713817,2000,"03",14,"Spring",50,0.989349128951619,0.502331371858996
"01634000",2000-03-15,0.0257938763825223,0.96460756168281,0.99223932932159,2000,"03",15,"Spring",50,0.989349128951619,0.502331371858996
"01634000",2000-03-16,0.0247908133314922,0.961112357206236,0.996376552895276,2000,"03",16,"Spring",50,0.989349128951619,0.502331371858996
"01634000",2000-03-17,0.0276842911262065,1.11671572675022,1.16189924973631,2000,"03",17,"Spring",50,0.989349128951619,0.502331371858996
"01634000",2000-03-18,0.0274721406167373,0.992336790980053,0.88862077179469,2000,"03",18,"Spring",50,0.989349128951619,0.502331371858996
"01634000",2000-03-19,0.026746504358016,0.973586468239054,0.981104880005023,2000,"03",19,"Spring",50,0.989349128951619,0.502331371858996
"01634000",2000-03-20,0.0261529324343428,0.977807495300027,1.00433554409256,2000,"03",20,"Spring",50,0.989349128951619,0.502331371858996
"01634000",2000-03-21,0.033422943437472,1.27798072057046,1.30698601382507,2000,"03",21,"Spring",50,0.989349128951619,0.502331371858996
"01634000",2000-03-29,0.0344300315482542,0.972345014793235,1.00178877492633,2000,"03",29,"Spring",51,0.981807395450641,0.878564444479281
"01634000",2000-03-30,0.0334631274454295,0.97191683947575,0.999559646719044,2000,"03",30,"Spring",51,0.981807395450641,0.878564444479281
"01634000",2000-03-31,0.0323934007901698,0.968032675457362,0.996003604567153,2000,"03",31,"Spring",51,0.981807395450641,0.878564444479281
"01634000",2000-04-01,0.0312155393185094,0.963638844859478,0.995461072018248,2000,"04",1,"Spring",51,0.981807395450641,0.878564444479281
"01634000",2000-04-02,0.0299763794755563,0.960303109604827,0.996538396856409,2000,"04",2,"Spring",51,0.981807395450641,0.878564444479281
"01634000",2000-04-03,0.0287777347257361,0.960013691753615,0.999698618229685,2000,"04",3,"Spring",51,0.981807395450641,0.878564444479281
"01634000",2000-04-04,0.0288376064272597,1.00208048694917,1.04381895337213,2000,"04",4,"Spring",51,0.981807395450641,0.878564444479281
"01634000",2000-04-05,0.0284716362366453,0.987309272996094,0.98525945356141,2000,"04",5,"Spring",51,0.981807395450641,0.878564444479281
"01634000",2000-04-06,0.0275822225958109,0.968761414572667,0.981213730154543,2000,"04",6,"Spring",51,0.981807395450641,0.878564444479281
"01634000",2000-04-07,0.0263105516787618,0.953895270309283,0.984654483508779,2000,"04",7,"Spring",51,0.981807395450641,0.878564444479281
"01634000",2000-04-08,0.0253258212469518,0.962572794222141,1.00909693567308,2000,"04",8,"Spring",51,0.981807395450641,0.878564444479281
"01634000",2000-04-09,0.0282716832589358,1.11631851868727,1.15972373766222,2000,"04",9,"Spring",51,0.981807395450641,0.878564444479281
"01634000",2000-04-10,0.0282475603744388,0.999146747497272,0.895037330987051,2000,"04",10,"Spring",51,0.981807395450641,0.878564444479281
"01634000",2000-04-11,0.0275013580685482,0.973583477794215,0.974414899746119,2000,"04",11,"Spring",51,0.981807395450641,0.878564444479281
"01634000",2000-04-12,0.0267790185753256,0.973734406445598,1.00015502384215,2000,"04",12,"Spring",51,0.981807395450641,0.878564444479281
"01634000",2000-04-13,0.0259920367971063,0.970612000734618,0.99679337025547,2000,"04",13,"Spring",51,0.981807395450641,0.878564444479281
"01634000",2000-04-14,0.0250431296881288,0.963492391289509,0.992664824420345,2000,"04",14,"Spring",51,0.981807395450641,0.878564444479281
"01634000",2000-04-15,0.0240313002141193,0.959596524611332,0.995956515367015,2000,"04",15,"Spring",51,0.981807395450641,0.878564444479281
"01634000",2000-04-16,0.0229755027103238,0.956065735337317,0.996320548080929,2000,"04",16,"Spring",51,0.981807395450641,0.878564444479281
"01634000",2000-04-21,0.0328820699360222,0.975136330324209,0.999147427287411,2000,"04",21,"Spring",52,0.952068388425032,0.895078580927277
"01634000",2000-04-22,0.0335139712551609,1.01921720014489,1.04520482772498,2000,"04",22,"Spring",52,0.952068388425032,0.895078580927277
"01634000",2000-04-23,0.0326940458035097,0.975534816646805,0.957141241835527,2000,"04",23,"Spring",52,0.952068388425032,0.895078580927277
"01634000",2000-04-24,0.0317624391755089,0.971505312202728,0.995869440664426,2000,"04",24,"Spring",52,0.952068388425032,0.895078580927277
"01634000",2000-04-25,0.0308256514836103,0.970506430985282,0.998971821147142,2000,"04",25,"Spring",52,0.952068388425032,0.895078580927277
"01634000",2000-04-26,0.0299767989199609,0.972462785933308,1.00201580833013,2000,"04",26,"Spring",52,0.952068388425032,0.895078580927277
"01634000",2000-04-27,0.0291355493245646,0.971936643480767,0.999458958779552,2000,"04",27,"Spring",52,0.952068388425032,0.895078580927277
"01634000",2000-04-28,0.028361180331558,0.973421850249662,1.00152809010634,2000,"04",28,"Spring",52,0.952068388425032,0.895078580927277
"01634000",2000-04-29,0.0274503658292815,0.967885169388984,0.994312146517712,2000,"04",29,"Spring",52,0.952068388425032,0.895078580927277
"01634000",2000-04-30,0.0262688901275396,0.95695956443387,0.98871187894943,2000,"04",30,"Spring",52,0.952068388425032,0.895078580927277
"01634000",2000-05-01,0.0250130598433316,0.952193249196643,0.995019313861974,2000,"05",1,"Spring",52,0.952068388425032,0.895078580927277
"01634000",2000-05-02,0.024042333709076,0.961191228089021,1.00944974027065,2000,"05",2,"Spring",52,0.952068388425032,0.895078580927277
"01634000",2000-05-03,0.0232733743614517,0.968016443123654,1.00710078789234,2000,"05",3,"Spring",52,0.952068388425032,0.895078580927277
"01634000",2000-05-04,0.0219345682417043,0.942474774007633,0.973614426389699,2000,"05",4,"Spring",52,0.952068388425032,0.895078580927277
"01634000",2000-05-05,0.0201132013462484,0.916963631315391,0.97293175011596,2000,"05",5,"Spring",52,0.952068388425032,0.895078580927277
"01634000",2000-05-06,0.0180784345138818,0.898834263261322,0.980228912647209,2000,"05",6,"Spring",52,0.952068388425032,0.895078580927277
"01634000",2000-05-07,0.0159089626395144,0.879996695914041,0.979042223781133,2000,"05",7,"Spring",52,0.952068388425032,0.895078580927277
"01634000",2000-05-08,0.0144967852393165,0.911233847724911,1.03549689669962,2000,"05",8,"Spring",52,0.952068388425032,0.895078580927277
"01634000",2000-05-09,0.012969507224625,0.894647124208653,0.981797511629237,2000,"05",9,"Spring",52,0.952068388425032,0.895078580927277
"01634000",2000-11-29,0.00352253024175297,0.987018221582097,1.00154691962773,2000,"11",29,"Fall",53,0.976598150329587,0.968375936340998
"01634000",2000-11-30,0.00364592050027568,1.03502887130965,1.04864211083215,2000,"11",30,"Fall",53,0.976598150329587,0.968375936340998
"01634000",2000-12-01,0.00356576149351895,0.978014055229489,0.944914757780605,2000,"12",1,"Winter",53,0.976598150329587,0.968375936340998
"01634000",2000-12-02,0.00348715718428139,0.977955814100177,0.999940449598858,2000,"12",2,"Winter",53,0.976598150329587,0.968375936340998
"01634000",2000-12-03,0.00341038162878249,0.977983339596802,1.00002814595121,2000,"12",3,"Winter",53,0.976598150329587,0.968375936340998
"01634000",2000-12-04,0.00333538756240159,0.97801006616152,1.00002732824133,2000,"12",4,"Winter",53,0.976598150329587,0.968375936340998
"01634000",2000-12-05,0.00326212904474233,0.97803598044045,1.000026496945,2000,"12",5,"Winter",53,0.976598150329587,0.968375936340998
"01634000",2000-12-06,0.00319056163425557,0.978061134459993,1.00002571891019,2000,"12",6,"Winter",53,0.976598150329587,0.968375936340998
"01634000",2000-12-07,0.00312064227182418,0.978085562842385,1.00002497633484,2000,"12",7,"Winter",53,0.976598150329587,0.968375936340998
"01634000",2000-12-08,0.00305232910613995,0.978109260936116,1.00002422905994,2000,"12",8,"Winter",53,0.976598150329587,0.968375936340998
"01634000",2000-12-09,0.00298558159556706,0.978132269407441,1.00002352341629,2000,"12",9,"Winter",53,0.976598150329587,0.968375936340998
"01634000",2000-12-10,0.00292036036989884,0.978154599504146,1.00002282932217,2000,"12",10,"Winter",53,0.976598150329587,0.968375936340998
"01634000",2000-12-11,0.00281625144998543,0.964350659943718,0.985887773193086,2000,"12",11,"Winter",53,0.976598150329587,0.968375936340998
"01634000",2000-12-12,0.00268528793094447,0.953497220909858,0.98874533975588,2000,"12",12,"Winter",53,0.976598150329587,0.968375936340998
"01634000",2000-12-13,0.00262147868488683,0.976237465888733,1.02384930388908,2000,"12",13,"Winter",53,0.976598150329587,0.968375936340998
"01634000",2000-12-14,0.00256450691085775,0.978267313651059,1.0020792561577,2000,"12",14,"Winter",53,0.976598150329587,0.968375936340998
"01634000",2000-12-15,0.0025067391252378,0.977474115832807,0.999189180904663,2000,"12",15,"Winter",53,0.976598150329587,0.968375936340998
"01634000",2000-12-21,0.0104572255804669,0.997443959794685,0.995755058734843,2000,"12",21,"Winter",54,1.00790706712137,0.244418384708305
"01634000",2000-12-22,0.0103985349123832,0.994387548816643,0.996935756692866,2000,"12",22,"Winter",54,1.00790706712137,0.244418384708305
"01634000",2000-12-23,0.0103159908612724,0.992061953745768,0.997661278971521,2000,"12",23,"Winter",54,1.00790706712137,0.244418384708305
"01634000",2000-12-24,0.0102155204222072,0.990260708795078,0.998184342274302,2000,"12",24,"Winter",54,1.00790706712137,0.244418384708305
"01634000",2000-12-25,0.0101009707141202,0.988786698733627,0.99851149293478,2000,"12",25,"Winter",54,1.00790706712137,0.244418384708305
"01634000",2000-12-26,0.00997596560046077,0.987624445491691,0.998824566265481,2000,"12",26,"Winter",54,1.00790706712137,0.244418384708305
"01634000",2000-12-27,0.0098431289952714,0.986684336082391,0.999048110429433,2000,"12",27,"Winter",54,1.00790706712137,0.244418384708305
"01634000",2000-12-28,0.00970496705849655,0.985963616158924,0.999269553699081,2000,"12",28,"Winter",54,1.00790706712137,0.244418384708305
"01634000",2000-12-29,0.00956604315433651,0.985685278134107,0.999717699496963,2000,"12",29,"Winter",54,1.00790706712137,0.244418384708305
"01634000",2000-12-30,0.00942412271979265,0.985164144437345,0.999471298082337,2000,"12",30,"Winter",54,1.00790706712137,0.244418384708305
"01634000",2000-12-31,0.00927951422636397,0.984655495505702,0.999483691185357,2000,"12",31,"Winter",54,1.00790706712137,0.244418384708305
"01634000",2001-01-01,0.0091330568830017,0.984217132514742,0.999554805723463,2001,"01",1,"Winter",54,1.00790706712137,0.244418384708305
"01634000",2001-01-02,0.0089854178368114,0.983834651630705,0.99961138566745,2001,"01",2,"Winter",54,1.00790706712137,0.244418384708305
"01634000",2001-01-03,0.00883712511858903,0.98349629133385,0.999656080118448,2001,"01",3,"Winter",54,1.00790706712137,0.244418384708305
"01634000",2001-01-04,0.00868869762052782,0.983204096799649,0.999702902251106,2001,"01",4,"Winter",54,1.00790706712137,0.244418384708305
"01634000",2001-01-05,0.0085405218123924,0.982946142839021,0.999737639457089,2001,"01",5,"Winter",54,1.00790706712137,0.244418384708305
"01634000",2001-01-06,0.00839287068811245,0.982711697537532,0.999761487134166,2001,"01",6,"Winter",54,1.00790706712137,0.244418384708305
"01634000",2001-01-07,0.00824538304004818,0.982427031995957,0.999710326495259,2001,"01",7,"Winter",54,1.00790706712137,0.244418384708305
"01634000",2001-01-08,0.00855732546187937,1.03783237483523,1.05639639488208,2001,"01",8,"Winter",54,1.00790706712137,0.244418384708305
"01634000",2001-01-09,0.0092541130434256,1.08142585959249,1.04200436006265,2001,"01",9,"Winter",54,1.00790706712137,0.244418384708305
"01634000",2001-01-10,0.00908315091510303,0.981525822353766,0.907621926780659,2001,"01",10,"Winter",54,1.00790706712137,0.244418384708305
"01634000",2001-01-11,0.00890974560752511,0.980909124025497,0.999371694239495,2001,"01",11,"Winter",54,1.00790706712137,0.244418384708305
"01634000",2001-01-12,0.00879742158576846,0.987393128075196,1.00661019853,2001,"01",12,"Winter",54,1.00790706712137,0.244418384708305
"01634000",2001-01-13,0.00875221405294724,0.994861274706403,1.0075634986905,2001,"01",13,"Winter",54,1.00790706712137,0.244418384708305
"01634000",2001-01-14,0.00859348761150613,0.981864424192453,0.986936017267547,2001,"01",14,"Winter",54,1.00790706712137,0.244418384708305
"01634000",2001-01-15,0.00842965368065052,0.98093510594741,0.999053516735971,2001,"01",15,"Winter",54,1.00790706712137,0.244418384708305
"01634000",2001-01-16,0.00826935609802603,0.980984084436062,1.00004993040656,2001,"01",16,"Winter",54,1.00790706712137,0.244418384708305
"01634000",2001-01-17,0.00811173516558483,0.980939152870823,0.99995419745748,2001,"01",17,"Winter",54,1.00790706712137,0.244418384708305
"01634000",2001-01-18,0.00795672123786062,0.980890164119031,0.999950059336862,2001,"01",18,"Winter",54,1.00790706712137,0.244418384708305
"01634000",2001-01-19,0.010478341660928,1.31691702495102,1.34257338193801,2001,"01",19,"Winter",54,1.00790706712137,0.244418384708305
"01634000",2001-01-20,0.0142409479594789,1.35908413948565,1.03201956823073,2001,"01",20,"Winter",54,1.00790706712137,0.244418384708305
"01634000",2001-01-21,0.0143877117661759,1.01030576104306,0.743372490113386,2001,"01",21,"Winter",54,1.00790706712137,0.244418384708305
"01634000",2001-01-22,0.0143632207764313,0.998297784238197,0.988114512192367,2001,"01",22,"Winter",54,1.00790706712137,0.244418384708305
"01634000",2001-01-23,0.0142869702540338,0.99469126572763,0.996387331948934,2001,"01",23,"Winter",54,1.00790706712137,0.244418384708305
"01634000",2001-01-24,0.0141704398556612,0.991843589207469,0.997137125238475,2001,"01",24,"Winter",54,1.00790706712137,0.244418384708305
"01634000",2001-01-25,0.0140193782281131,0.989339665593525,0.997475485407992,2001,"01",25,"Winter",54,1.00790706712137,0.244418384708305
"01634000",2001-01-26,0.0138483377522789,0.987799710297339,0.998443451374951,2001,"01",26,"Winter",54,1.00790706712137,0.244418384708305
"01634000",2001-01-27,0.0136600803816691,0.98640577851455,0.998588851800362,2001,"01",27,"Winter",54,1.00790706712137,0.244418384708305
"01634000",2001-01-28,0.0134559231228195,0.985054461383437,0.998630059595607,2001,"01",28,"Winter",54,1.00790706712137,0.244418384708305
"01634000",2001-01-29,0.0132765747839585,0.986671420665531,1.00164149226818,2001,"01",29,"Winter",54,1.00790706712137,0.244418384708305
"01634000",2001-02-04,0.02147511462681,0.985414568890531,0.980468864942702,2001,"02",4,"Winter",55,0.997977062968074,0.157666013876433
"01634000",2001-02-05,0.0211623873910867,0.985437691897911,1.00002346525829,2001,"02",5,"Winter",55,0.997977062968074,0.157666013876433
"01634000",2001-02-06,0.020902284712065,0.987709199618413,1.00230507493186,2001,"02",6,"Winter",55,0.997977062968074,0.157666013876433
"01634000",2001-02-07,0.0205994883435778,0.985513719066682,0.997777199450426,2001,"02",7,"Winter",55,0.997977062968074,0.157666013876433
"01634000",2001-02-08,0.0202438373817131,0.982734961377057,0.99718039674551,2001,"02",8,"Winter",55,0.997977062968074,0.157666013876433
"01634000",2001-02-09,0.0198666044161655,0.981365540611961,0.998606520762041,2001,"02",9,"Winter",55,0.997977062968074,0.157666013876433
"01634000",2001-02-10,0.0194584510172717,0.979455301452439,0.998053488653849,2001,"02",10,"Winter",55,0.997977062968074,0.157666013876433
"01634000",2001-02-11,0.0190217686467804,0.977558215188675,0.998063121144017,2001,"02",11,"Winter",55,0.997977062968074,0.157666013876433
"01634000",2001-02-12,0.0186245876830071,0.979119661733426,1.00159729264252,2001,"02",12,"Winter",55,0.997977062968074,0.157666013876433
"01634000",2001-02-13,0.0181769633782096,0.975965948217693,0.996779031573986,2001,"02",13,"Winter",55,0.997977062968074,0.157666013876433
"01634000",2001-02-14,0.0178776869433932,0.983535399803072,1.00775585623577,2001,"02",14,"Winter",55,0.997977062968074,0.157666013876433
"01634000",2001-02-15,0.017695524089504,0.989810602766121,1.00638025124902,2001,"02",15,"Winter",55,0.997977062968074,0.157666013876433
"01634000",2001-02-16,0.0194192960625514,1.09741288047353,1.10870996674183,2001,"02",16,"Winter",55,0.997977062968074,0.157666013876433
"01634000",2001-02-17,0.0230551038403064,1.18722654858568,1.0818412738817,2001,"02",17,"Winter",55,0.997977062968074,0.157666013876433
"01634000",2001-02-18,0.0227518138708547,0.986844996598042,0.83121877435579,2001,"02",18,"Winter",55,0.997977062968074,0.157666013876433
"01634000",2001-02-19,0.02240347355837,0.984689558623241,0.997815829251573,2001,"02",19,"Winter",55,0.997977062968074,0.157666013876433
"01634000",2001-02-20,0.0220374441705644,0.983661935866688,0.998956399255426,2001,"02",20,"Winter",55,0.997977062968074,0.157666013876433
"01634000",2001-02-21,0.0216551221092232,0.982651252187768,0.998972529441196,2001,"02",21,"Winter",55,0.997977062968074,0.157666013876433
"01634000",2001-02-22,0.0212564161047339,0.981588374220277,0.998918356878776,2001,"02",22,"Winter",55,0.997977062968074,0.157666013876433
"01634000",2001-02-23,0.0208505409536883,0.980905758099305,0.99930458006747,2001,"02",23,"Winter",55,0.997977062968074,0.157666013876433
"01634000",2001-02-24,0.0204210338997655,0.979400675748564,0.998465619822992,2001,"02",24,"Winter",55,0.997977062968074,0.157666013876433
"01634000",2001-02-25,0.0211108623770997,1.03378029147399,1.05552335940943,2001,"02",25,"Winter",55,0.997977062968074,0.157666013876433
"01634000",2001-02-26,0.0226241666823626,1.07168368009942,1.03666483965504,2001,"02",26,"Winter",55,0.997977062968074,0.157666013876433
"01634000",2001-02-27,0.0222244478063658,0.98233221662443,0.916625152426787,2001,"02",27,"Winter",55,0.997977062968074,0.157666013876433
"01634000",2001-02-28,0.0217685416573659,0.979486277770675,0.997102875375975,2001,"02",28,"Winter",55,0.997977062968074,0.157666013876433
"01634000",2001-03-01,0.0212663336424157,0.97692964357214,0.997389821321077,2001,"03",1,"Spring",55,0.997977062968074,0.157666013876433
"01634000",2001-03-02,0.0206917316536419,0.972980674598853,0.995957775465951,2001,"03",2,"Spring",55,0.997977062968074,0.157666013876433
"01634000",2001-03-03,0.0200229876791127,0.967680618242915,0.994552762974328,2001,"03",3,"Spring",55,0.997977062968074,0.157666013876433
"01634000",2001-03-04,0.0197505159885623,0.986392056224722,1.01933637775631,2001,"03",4,"Spring",55,0.997977062968074,0.157666013876433
"01634000",2001-03-05,0.0204789243871346,1.03688047436301,1.0511849399229,2001,"03",5,"Spring",55,0.997977062968074,0.157666013876433
"01634000",2001-03-06,0.0202092399122193,0.986831121116659,0.951730836404171,2001,"03",6,"Spring",55,0.997977062968074,0.157666013876433
"01634000",2001-03-07,0.0197519889334217,0.977374162473018,0.990416841908127,2001,"03",7,"Spring",55,0.997977062968074,0.157666013876433
"01634000",2001-03-08,0.0192833373439498,0.976273195015877,0.998873545567897,2001,"03",8,"Spring",55,0.997977062968074,0.157666013876433
"01634000",2001-03-09,0.0194636044907384,1.00934833756072,1.03387898255704,2001,"03",9,"Spring",55,0.997977062968074,0.157666013876433
"01634000",2001-03-10,0.0193600941565819,0.994681851750239,0.985469351595775,2001,"03",10,"Spring",55,0.997977062968074,0.157666013876433
"01634000",2001-03-11,0.018911658320576,0.976837104593652,0.982059844436502,2001,"03",11,"Spring",55,0.997977062968074,0.157666013876433
"01634000",2001-03-12,0.0184665360720828,0.976463076851973,0.999617103261209,2001,"03",12,"Spring",55,0.997977062968074,0.157666013876433
"01634000",2001-03-13,0.0182925118715502,0.990576240186395,1.01445335074002,2001,"03",13,"Spring",55,0.997977062968074,0.157666013876433
"01634000",2001-03-14,0.0182369003887288,0.996959877177508,1.00644436715937,2001,"03",14,"Spring",55,0.997977062968074,0.157666013876433
"01634000",2001-03-15,0.018430080905091,1.01059283717323,1.01367453225331,2001,"03",15,"Spring",55,0.997977062968074,0.157666013876433
"01634000",2001-03-16,0.0195977223338559,1.06335519820981,1.05220931625061,2001,"03",16,"Spring",55,0.997977062968074,0.157666013876433
"01634000",2001-03-17,0.0191536475322209,0.977340489161445,0.919110087397725,2001,"03",17,"Spring",55,0.997977062968074,0.157666013876433
"01634000",2001-03-18,0.018704125774093,0.976530749176012,0.999171486299388,2001,"03",18,"Spring",55,0.997977062968074,0.157666013876433
"01634000",2001-03-19,0.0181743003777228,0.971673340803557,0.995025852102913,2001,"03",19,"Spring",55,0.997977062968074,0.157666013876433
"01634000",2001-03-20,0.0175907294615172,0.967890322924289,0.996106697878385,2001,"03",20,"Spring",55,0.997977062968074,0.157666013876433
"01634000",2001-04-13,0.034823059104383,0.976516178528659,0.956928160495462,2001,"04",13,"Spring",56,0.950001396768311,0.965025588862872
"01634000",2001-04-14,0.0337707753060386,0.969781982818047,0.993103856486271,2001,"04",14,"Spring",56,0.950001396768311,0.965025588862872
"01634000",2001-04-15,0.0325576748000458,0.964078393374171,0.994118688999251,2001,"04",15,"Spring",56,0.950001396768311,0.965025588862872
"01634000",2001-04-16,0.0320989334722981,0.985909886668347,1.02264493576894,2001,"04",16,"Spring",56,0.950001396768311,0.965025588862872
"01634000",2001-04-17,0.0312714360188693,0.974220406601892,0.988143459940383,2001,"04",17,"Spring",56,0.950001396768311,0.965025588862872
"01634000",2001-04-18,0.0304347113706172,0.973243165176449,0.998996899039663,2001,"04",18,"Spring",56,0.950001396768311,0.965025588862872
"01634000",2001-04-19,0.0296209382358938,0.973261677273241,1.00001902103961,2001,"04",19,"Spring",56,0.950001396768311,0.965025588862872
"01634000",2001-04-20,0.0286191742634401,0.966180545515609,0.992724329003202,2001,"04",20,"Spring",56,0.950001396768311,0.965025588862872
"01634000",2001-04-21,0.0274430455174297,0.958904169100616,0.992468926797621,2001,"04",21,"Spring",56,0.950001396768311,0.965025588862872
"01634000",2001-04-22,0.026229007402435,0.955761538411482,0.996722685341872,2001,"04",22,"Spring",56,0.950001396768311,0.965025588862872
"01634000",2001-04-23,0.0245655273320153,0.936578611424495,0.979929170388181,2001,"04",23,"Spring",56,0.950001396768311,0.965025588862872
"01634000",2001-04-24,0.0228595159715042,0.930552626147463,0.993565958902406,2001,"04",24,"Spring",56,0.950001396768311,0.965025588862872
"01634000",2001-04-25,0.0215118924970739,0.941047593653768,1.01127820954066,2001,"04",25,"Spring",56,0.950001396768311,0.965025588862872
"01634000",2001-04-26,0.0203631896874867,0.946601499159436,1.00590183274802,2001,"04",26,"Spring",56,0.950001396768311,0.965025588862872
"01634000",2001-04-27,0.0191277560661547,0.939330053872099,0.992318367027948,2001,"04",27,"Spring",56,0.950001396768311,0.965025588862872
"01634000",2001-04-28,0.017854051431641,0.933410660920784,0.993698282167259,2001,"04",28,"Spring",56,0.950001396768311,0.965025588862872
"01634000",2001-04-29,0.0166826240601949,0.93438870858353,1.00104782139705,2001,"04",29,"Spring",56,0.950001396768311,0.965025588862872
"01634000",2001-04-30,0.0154506168328226,0.926150273306705,0.991183074879711,2001,"04",30,"Spring",56,0.950001396768311,0.965025588862872
"01634000",2001-05-01,0.0139714917750098,0.904267572368334,0.976372407838048,2001,"05",1,"Spring",56,0.950001396768311,0.965025588862872
"01634000",2002-11-25,0.0351403863169253,0.980470773315813,0.998803668187524,2002,"11",25,"Fall",57,0.977217644798149,0.999792646071925
"01634000",2002-11-26,0.0344231585040689,0.979589643483487,0.999101319635111,2002,"11",26,"Fall",57,0.977217644798149,0.999792646071925
"01634000",2002-11-27,0.0336974511155858,0.978918047616193,0.999314411017143,2002,"11",27,"Fall",57,0.977217644798149,0.999792646071925
"01634000",2002-11-28,0.0329696047119796,0.978400550204536,0.999471357778194,2002,"11",28,"Fall",57,0.977217644798149,0.999792646071925
"01634000",2002-11-29,0.0322442608885467,0.977999620263285,0.999590219014935,2002,"11",29,"Fall",57,0.977217644798149,0.999792646071925
"01634000",2002-11-30,0.0315247974358499,0.977687084992158,0.999680434159021,2002,"11",30,"Fall",57,0.977217644798149,0.999792646071925
"01634000",2002-12-01,0.0308137148385867,0.977443706063135,0.99975106664212,2002,"12",1,"Winter",57,0.977217644798149,0.999792646071925
"01634000",2002-12-02,0.0301128647988662,0.977255256518345,0.999807201638702,2002,"12",2,"Winter",57,0.977217644798149,0.999792646071925
"01634000",2002-12-03,0.0294236028566956,0.977110715078941,0.999852094487658,2002,"12",3,"Winter",57,0.977217644798149,0.999792646071925
"01634000",2002-12-04,0.0287469092290848,0.977001673421621,0.999888403989806,2002,"12",4,"Winter",57,0.977217644798149,0.999792646071925
"01634000",2002-12-05,0.028083476354368,0.976921592876999,0.999918034383359,2002,"12",5,"Winter",57,0.977217644798149,0.999792646071925
"01634000",2002-12-06,0.0274337497539818,0.976864452527611,0.999941509789726,2002,"12",6,"Winter",57,0.977217644798149,0.999792646071925
"01634000",2002-12-07,0.0267976918257773,0.976814765246876,0.99994913595166,2002,"12",7,"Winter",57,0.977217644798149,0.999792646071925
"01634000",2002-12-08,0.0261756071122363,0.976785884486417,0.999970433738836,2002,"12",8,"Winter",57,0.977217644798149,0.999792646071925
"01634000",2002-12-09,0.0255666109733283,0.976734211500932,0.999947098963749,2002,"12",9,"Winter",57,0.977217644798149,0.999792646071925
"01634000",2002-12-10,0.0249717808328569,0.976734102885518,0.999999888797369,2002,"12",10,"Winter",57,0.977217644798149,0.999792646071925
"01634000",2002-12-11,0.024391571409069,0.976765396602212,1.00003203913593,2002,"12",11,"Winter",57,0.977217644798149,0.999792646071925
"01634000",2002-12-12,0.0238266593078151,0.976839864403168,1.00007623918826,2002,"12",12,"Winter",57,0.977217644798149,0.999792646071925
"01634000",2002-12-13,0.0232756945770234,0.976876123350997,1.0000371186201,2002,"12",13,"Winter",57,0.977217644798149,0.999792646071925
"01634000",2003-02-07,0.0351297006709501,0.981144596809731,1.00132946823802,2003,"02",7,"Winter",58,0.99658490901572,0.0426831047569497
"01634000",2003-02-08,0.0343010267242789,0.976411016010836,0.99517545037267,2003,"02",8,"Winter",58,0.99658490901572,0.0426831047569497
"01634000",2003-02-09,0.0334899051813409,0.97635284945089,0.999940428201862,2003,"02",9,"Winter",58,0.99658490901572,0.0426831047569497
"01634000",2003-02-10,0.0326969299931079,0.976321963769704,0.999968366271268,2003,"02",10,"Winter",58,0.99658490901572,0.0426831047569497
"01634000",2003-02-11,0.0319222440011799,0.976307072496065,0.999984747578983,2003,"02",11,"Winter",58,0.99658490901572,0.0426831047569497
"01634000",2003-02-12,0.0311658008722588,0.976303572866207,0.999996415441457,2003,"02",12,"Winter",58,0.99658490901572,0.0426831047569497
"01634000",2003-02-13,0.0304272434441373,0.97630231191078,0.999998708439196,2003,"02",13,"Winter",58,0.99658490901572,0.0426831047569497
"01634000",2003-02-14,0.0297067582141608,0.976321048231028,1.00001919110507,2003,"02",14,"Winter",58,0.99658490901572,0.0426831047569497
"01634000",2003-02-15,0.0290045733563602,0.976362790825628,1.0000427549879,2003,"02",15,"Winter",58,0.99658490901572,0.0426831047569497
"01634000",2003-02-16,0.0283205488231033,0.976416666266636,1.00005517973597,2003,"02",16,"Winter",58,0.99658490901572,0.0426831047569497
"01634000",2003-02-17,0.0276539648184553,0.976462885348314,1.00004733540841,2003,"02",17,"Winter",58,0.99658490901572,0.0426831047569497
"01634000",2003-02-18,0.027004350326024,0.976509173397164,1.00004740379747,2003,"02",18,"Winter",58,0.99658490901572,0.0426831047569497
"01634000",2003-02-19,0.0263713578460738,0.976559610866099,1.00005165078866,2003,"02",19,"Winter",58,0.99658490901572,0.0426831047569497
"01634000",2003-02-20,0.0257545450003818,0.976610501086356,1.00005211173971,2003,"02",20,"Winter",58,0.99658490901572,0.0426831047569497
"01634000",2003-02-21,0.0251529086381197,0.976639604300788,1.0000298002268,2003,"02",21,"Winter",58,0.99658490901572,0.0426831047569497
"01634000",2003-02-22,0.0246388196246699,0.979561448703761,1.00299173245699,2003,"02",22,"Winter",58,0.99658490901572,0.0426831047569497
"01634000",2003-02-23,0.0316381133161485,1.28407585258145,1.31086809743345,2003,"02",23,"Winter",58,0.99658490901572,0.0426831047569497
"01634000",2003-02-24,0.0345914845820516,1.09334852670863,0.851467243551545,2003,"02",24,"Winter",58,0.99658490901572,0.0426831047569497
"01634000",2003-02-25,0.034479362773709,0.996758687587501,0.911656862599982,2003,"02",25,"Winter",58,0.99658490901572,0.0426831047569497
"01634000",2003-02-26,0.0340394132072106,0.987240205992616,0.990450565705203,2003,"02",26,"Winter",58,0.99658490901572,0.0426831047569497
"01634000",2003-02-27,0.0335210885386914,0.984772808351192,0.997500711957995,2003,"02",27,"Winter",58,0.99658490901572,0.0426831047569497
"01634000",2003-02-28,0.0329683368327096,0.983510329464874,0.998717999851731,2003,"02",28,"Winter",58,0.99658490901572,0.0426831047569497
"01634000",2003-03-01,0.0324302510125562,0.983678708972073,1.00017120258136,2003,"03",1,"Spring",58,0.99658490901572,0.0426831047569497
"01634000",2003-07-08,0.0275866539450362,0.986031906777416,0.992784619763862,2003,"07",8,"Summer",59,0.930753096248958,0.812721599121
"01634000",2003-07-09,0.0269480926217511,0.976852527147462,0.990690585601886,2003,"07",9,"Summer",59,0.930753096248958,0.812721599121
"01634000",2003-07-10,0.0267662178957835,0.993250923970002,1.01678697282017,2003,"07",10,"Summer",59,0.930753096248958,0.812721599121
"01634000",2003-07-11,0.027242798358202,1.0178052971202,1.02472121853364,2003,"07",11,"Summer",59,0.930753096248958,0.812721599121
"01634000",2003-07-12,0.0266400387044996,0.977874532352477,0.960767776626134,2003,"07",12,"Summer",59,0.930753096248958,0.812721599121
"01634000",2003-07-13,0.025731535628438,0.965897081226533,0.98775154610364,2003,"07",13,"Summer",59,0.930753096248958,0.812721599121
"01634000",2003-07-14,0.0245419772109017,0.953770407071171,0.987445169479171,2003,"07",14,"Summer",59,0.930753096248958,0.812721599121
"01634000",2003-07-15,0.0231417456525378,0.942945446231533,0.988650349434851,2003,"07",15,"Summer",59,0.930753096248958,0.812721599121
"01634000",2003-07-16,0.0213635241962038,0.923159579962846,0.979016955490096,2003,"07",16,"Summer",59,0.930753096248958,0.812721599121
"01634000",2003-07-17,0.0193672287859954,0.906555894436034,0.982014284542788,2003,"07",17,"Summer",59,0.930753096248958,0.812721599121
"01634000",2003-07-18,0.0173098326195031,0.893769202128702,0.985895307298965,2003,"07",18,"Summer",59,0.930753096248958,0.812721599121
"01634000",2003-07-19,0.0152438199729659,0.880645140137896,0.985316050318641,2003,"07",19,"Summer",59,0.930753096248958,0.812721599121
"01634000",2003-07-20,0.0130901525262743,0.858718651196947,0.975101788516637,2003,"07",20,"Summer",59,0.930753096248958,0.812721599121
"01634000",2003-07-21,0.0107608044345398,0.822053403345825,0.95730237394982,2003,"07",21,"Summer",59,0.930753096248958,0.812721599121
"01634000",2003-07-22,0.00863732700236142,0.802665549300157,0.976415335102614,2003,"07",22,"Summer",59,0.930753096248958,0.812721599121
"01634000",2003-10-01,0.0346525979693979,0.979312202427992,0.999068568471823,2003,"10",1,"Fall",60,0.973082223054536,0.948906807279239
"01634000",2003-10-02,0.0338447747053578,0.976687945164935,0.997320305765055,2003,"10",2,"Fall",60,0.973082223054536,0.948906807279239
"01634000",2003-10-03,0.0329285810003057,0.972929537483164,0.996151884846765,2003,"10",3,"Fall",60,0.973082223054536,0.948906807279239
"01634000",2003-10-04,0.0320196507964283,0.972396921571903,0.999452564763695,2003,"10",4,"Fall",60,0.973082223054536,0.948906807279239
"01634000",2003-10-05,0.0311071593314409,0.971502141894403,0.999079820536603,2003,"10",5,"Fall",60,0.973082223054536,0.948906807279239
"01634000",2003-10-06,0.0300830724881962,0.967078741188378,0.995446844103298,2003,"10",6,"Fall",60,0.973082223054536,0.948906807279239
"01634000",2003-10-07,0.0289941366063431,0.963802371507087,0.996612096262953,2003,"10",7,"Fall",60,0.973082223054536,0.948906807279239
"01634000",2003-10-08,0.0278430643957109,0.960299827987276,0.996365911079536,2003,"10",8,"Fall",60,0.973082223054536,0.948906807279239
"01634000",2003-10-09,0.0266195194562897,0.956055665352351,0.99558037759538,2003,"10",9,"Fall",60,0.973082223054536,0.948906807279239
"01634000",2003-10-10,0.025363681721501,0.952822674471987,0.996618407277391,2003,"10",10,"Fall",60,0.973082223054536,0.948906807279239
"01634000",2003-10-11,0.0241277714958414,0.951272443834054,0.998373012440335,2003,"10",11,"Fall",60,0.973082223054536,0.948906807279239
"01634000",2003-10-12,0.0228959744563326,0.948946920368459,0.997555354955703,2003,"10",12,"Fall",60,0.973082223054536,0.948906807279239
"01634000",2003-10-13,0.0216992233181372,0.947730936699032,0.998718596748325,2003,"10",13,"Fall",60,0.973082223054536,0.948906807279239
"01634000",2003-10-14,0.0208747473079711,0.962004353885009,1.0150606217791,2003,"10",14,"Fall",60,0.973082223054536,0.948906807279239
"01634000",2003-10-15,0.0236020305892453,1.13064988241715,1.1753064088027,2003,"10",15,"Fall",60,0.973082223054536,0.948906807279239
"01634000",2003-10-16,0.0231519719818607,0.980931360728359,0.867581888949816,2003,"10",16,"Fall",60,0.973082223054536,0.948906807279239
"01634000",2003-10-17,0.022608061786741,0.976506960377033,0.995489592311494,2003,"10",17,"Fall",60,0.973082223054536,0.948906807279239
"01634000",2003-10-18,0.0222319994354621,0.983366006567644,1.00702406277571,2003,"10",18,"Fall",60,0.973082223054536,0.948906807279239
"01634000",2003-10-19,0.0217093316023238,0.976490291183412,0.993007979390877,2003,"10",19,"Fall",60,0.973082223054536,0.948906807279239
"01634000",2003-10-20,0.0210689319064841,0.970501178591275,0.993866695197882,2003,"10",20,"Fall",60,0.973082223054536,0.948906807279239
"01634000",2003-10-21,0.0202885341714136,0.962959786545693,0.992229383938998,2003,"10",21,"Fall",60,0.973082223054536,0.948906807279239
"01634000",2003-10-22,0.019498584268149,0.961064219987974,0.998031520543014,2003,"10",22,"Fall",60,0.973082223054536,0.948906807279239
"01634000",2003-10-23,0.0188114671618678,0.964760666885768,1.00384620176354,2003,"10",23,"Fall",60,0.973082223054536,0.948906807279239
"01634000",2003-10-24,0.0181419003638439,0.964406455261441,0.999632850263817,2003,"10",24,"Fall",60,0.973082223054536,0.948906807279239
"01634000",2003-10-25,0.01743958046427,0.961287412812959,0.996765842418966,2003,"10",25,"Fall",60,0.973082223054536,0.948906807279239
"01634000",2003-10-26,0.016617760527879,0.952876163616739,0.991250016296785,2003,"10",26,"Fall",60,0.973082223054536,0.948906807279239
"01634000",2003-11-01,0.0239886101335287,0.965740362972515,0.990889467743826,2003,"11",1,"Fall",61,1.01081772779482,0.697063212290782
"01634000",2003-11-02,0.0230291138868779,0.960002007564843,0.994058076448198,2003,"11",2,"Fall",61,1.01081772779482,0.697063212290782
"01634000",2003-11-03,0.0219971518963575,0.955188810321166,0.994986263355963,2003,"11",3,"Fall",61,1.01081772779482,0.697063212290782
"01634000",2003-11-04,0.0209291914361529,0.951450057478511,0.996085849412957,2003,"11",4,"Fall",61,1.01081772779482,0.697063212290782
"01634000",2003-11-05,0.0202726681600325,0.968631216446023,1.01805786739143,2003,"11",5,"Fall",61,1.01081772779482,0.697063212290782
"01634000",2003-11-06,0.0217867246246897,1.07468461737277,1.10948790326608,2003,"11",6,"Fall",61,1.01081772779482,0.697063212290782
"01634000",2003-11-07,0.0221893580746837,1.01848067834564,0.947701922853865,2003,"11",7,"Fall",61,1.01081772779482,0.697063212290782
"01634000",2003-11-08,0.0216013482422568,0.973500367588471,0.955835872281606,2003,"11",8,"Fall",61,1.01081772779482,0.697063212290782
"01634000",2003-11-09,0.0209938727784902,0.971877891280033,0.998333358299127,2003,"11",9,"Fall",61,1.01081772779482,0.697063212290782
"01634000",2003-11-10,0.0203915105084889,0.97130771076128,0.999413320825724,2003,"11",10,"Fall",61,1.01081772779482,0.697063212290782
"01634000",2003-11-11,0.0197837500018068,0.970195415075843,0.998854847260951,2003,"11",11,"Fall",61,1.01081772779482,0.697063212290782
"01634000",2003-11-12,0.0221787170157768,1.12105728255519,1.15549637231336,2003,"11",12,"Fall",61,1.01081772779482,0.697063212290782
"01634000",2003-11-13,0.025680283899419,1.15787959606281,1.03284605887729,2003,"11",13,"Fall",61,1.01081772779482,0.697063212290782
"01634000",2003-11-14,0.0251915934495628,0.980970208438106,0.847212621911417,2003,"11",14,"Fall",61,1.01081772779482,0.697063212290782
"01634000",2003-11-15,0.024701900081709,0.980561238857948,0.999583096839598,2003,"11",15,"Fall",61,1.01081772779482,0.697063212290782
"01634000",2003-11-16,0.024211053038016,0.980129178643367,0.99955937457299,2003,"11",16,"Fall",61,1.01081772779482,0.697063212290782
"01634000",2003-11-17,0.0236793956719339,0.978040716971406,0.997869197532868,2003,"11",17,"Fall",61,1.01081772779482,0.697063212290782
"01634000",2003-11-18,0.0230734121287242,0.974408825647186,0.996286564290016,2003,"11",18,"Fall",61,1.01081772779482,0.697063212290782
"01634000",2003-11-19,0.0250772435683757,1.0868459085493,1.11539004978474,2003,"11",19,"Fall",61,1.01081772779482,0.697063212290782
"01634000",2003-11-20,0.029897058964707,1.19219877109657,1.0969344979988,2003,"11",20,"Fall",61,1.01081772779482,0.697063212290782
"01634000",2003-11-21,0.0301220697583631,1.00752618489737,0.84509916410219,2003,"11",21,"Fall",61,1.01081772779482,0.697063212290782
"01634000",2003-11-22,0.030090625397861,0.998956102261422,0.99149393557764,2003,"11",22,"Fall",61,1.01081772779482,0.697063212290782
"01634000",2003-11-23,0.0298020639456809,0.990410254078646,0.991445221503297,2003,"11",23,"Fall",61,1.01081772779482,0.697063212290782
"01634000",2003-11-24,0.0297290395246819,0.997549685782432,1.00720855996228,2003,"11",24,"Fall",61,1.01081772779482,0.697063212290782
"01634000",2003-11-25,0.0315658607287332,1.06178542036403,1.06439351893657,2003,"11",25,"Fall",61,1.01081772779482,0.697063212290782
"01634000",2003-11-26,0.0312123656040058,0.988801346880249,0.931262878464879,2003,"11",26,"Fall",61,1.01081772779482,0.697063212290782
"01634000",2003-11-27,0.0307937575271353,0.986588389929127,0.997761980241933,2003,"11",27,"Fall",61,1.01081772779482,0.697063212290782
"01634000",2003-11-28,0.0310695744119585,1.00895690902872,1.02267259510443,2003,"11",28,"Fall",61,1.01081772779482,0.697063212290782
"01634000",2003-11-29,0.0329492329619825,1.06049836811735,1.05108390519694,2003,"11",29,"Fall",61,1.01081772779482,0.697063212290782
"01634000",2003-11-30,0.0325899128802121,0.989094736069121,0.932669738874765,2003,"11",30,"Fall",61,1.01081772779482,0.697063212290782
"01634000",2003-12-01,0.0321549935033545,0.986654785532684,0.997533147789124,2003,"12",1,"Winter",61,1.01081772779482,0.697063212290782
"01634000",2003-12-02,0.0316679300740361,0.984852634808725,0.998173473893418,2003,"12",2,"Winter",61,1.01081772779482,0.697063212290782
"01634000",2003-12-03,0.031144974171184,0.983486261917673,0.998612611833731,2003,"12",3,"Winter",61,1.01081772779482,0.697063212290782
"01634000",2003-12-04,0.0305977243697271,0.982428953112979,0.998924937901388,2003,"12",4,"Winter",61,1.01081772779482,0.697063212290782
"01634000",2003-12-05,0.0300346557050943,0.981597694723015,0.999153874295612,2003,"12",5,"Winter",61,1.01081772779482,0.697063212290782
"01634000",2003-12-06,0.0294620172353461,0.980934075776635,0.999323939990948,2003,"12",6,"Winter",61,1.01081772779482,0.697063212290782
"01634000",2003-12-07,0.0288839837303385,0.980380382633334,0.99943554500045,2003,"12",7,"Winter",61,1.01081772779482,0.697063212290782
"01634000",2003-12-08,0.0283047186676413,0.97994511186181,0.999556018480955,2003,"12",8,"Winter",61,1.01081772779482,0.697063212290782
"01634000",2003-12-09,0.0277271649101749,0.979595142271221,0.99964286817052,2003,"12",9,"Winter",61,1.01081772779482,0.697063212290782
"01634000",2004-01-09,0.0350142472889274,0.974469042190573,1.00010959728783,2004,"01",9,"Winter",62,0.976047928035457,0.999713326710666
"01634000",2004-01-10,0.0341238748515025,0.974571138711683,1.00010477143623,2004,"01",10,"Winter",62,0.976047928035457,0.999713326710666
"01634000",2004-01-11,0.0332598539534956,0.974679871445819,1.00011156982781,2004,"01",11,"Winter",62,0.976047928035457,0.999713326710666
"01634000",2004-01-12,0.0324213326675818,0.974788786292137,1.00011174422445,2004,"01",12,"Winter",62,0.976047928035457,0.999713326710666
"01634000",2004-01-13,0.0316068186657503,0.974877220187624,1.00009072108413,2004,"01",13,"Winter",62,0.976047928035457,0.999713326710666
"01634000",2004-01-14,0.0308155224192888,0.974964381742127,1.00008940772509,2004,"01",14,"Winter",62,0.976047928035457,0.999713326710666
"01634000",2004-01-15,0.0300473020179197,0.975070343091501,1.00010868227738,2004,"01",15,"Winter",62,0.976047928035457,0.999713326710666
"01634000",2004-01-16,0.0293015602510422,0.975181073946914,1.00011356191499,2004,"01",16,"Winter",62,0.976047928035457,0.999713326710666
"01634000",2004-01-17,0.0285776257514953,0.975293653534332,1.00011544480346,2004,"01",17,"Winter",62,0.976047928035457,0.999713326710666
"01634000",2004-01-18,0.0278748264536262,0.975407358750494,1.0001165856209,2004,"01",18,"Winter",62,0.976047928035457,0.999713326710666
"01634000",2004-01-19,0.0271914642071351,0.975484609827871,1.00007919878468,2004,"01",19,"Winter",62,0.976047928035457,0.999713326710666
"01634000",2004-01-20,0.0265275983838365,0.975585506604514,1.00010343246385,2004,"01",20,"Winter",62,0.976047928035457,0.999713326710666
"01634000",2004-01-21,0.0258828464429826,0.975695050432958,1.00011228521509,2004,"01",21,"Winter",62,0.976047928035457,0.999713326710666
"01634000",2004-01-22,0.0252565018599853,0.975800784338885,1.00010836777934,2004,"01",22,"Winter",62,0.976047928035457,0.999713326710666
"01634000",2004-01-23,0.0246475588064641,0.975889651825221,1.00009107134137,2004,"01",23,"Winter",62,0.976047928035457,0.999713326710666
"01634000",2004-01-24,0.0240558490622789,0.975993170405581,1.00010607611236,2004,"01",24,"Winter",62,0.976047928035457,0.999713326710666
"01634000",2004-01-25,0.0234809612156823,0.976101951541673,1.00011145686198,2004,"01",25,"Winter",62,0.976047928035457,0.999713326710666
"01634000",2004-01-26,0.0229225079528987,0.976216763119109,1.00011762252627,2004,"01",26,"Winter",62,0.976047928035457,0.999713326710666
"01634000",2004-01-27,0.0223802190157585,0.976342512858778,1.0001288133378,2004,"01",27,"Winter",62,0.976047928035457,0.999713326710666
"01634000",2004-01-28,0.0218531204154715,0.976448014207732,1.00010805772315,2004,"01",28,"Winter",62,0.976047928035457,0.999713326710666
"01634000",2004-01-29,0.021340515173506,0.976543155749849,1.00009743636193,2004,"01",29,"Winter",62,0.976047928035457,0.999713326710666
"01634000",2004-01-30,0.0208418756374158,0.976634137834252,1.00009316749994,2004,"01",30,"Winter",62,0.976047928035457,0.999713326710666
"01634000",2004-01-31,0.020356742432341,0.976723150376932,1.00009114215778,2004,"01",31,"Winter",62,0.976047928035457,0.999713326710666
"01634000",2004-02-01,0.0198846785933711,0.976810442999959,1.0000893729436,2004,"02",1,"Winter",62,0.976047928035457,0.999713326710666
"01634000",2004-02-02,0.0194252693327144,0.976896319520606,1.00008791523602,2004,"02",2,"Winter",62,0.976047928035457,0.999713326710666
"01634000",2004-02-03,0.0189781525405124,0.976982723660413,1.00008844760501,2004,"02",3,"Winter",62,0.976047928035457,0.999713326710666
"01634000",2004-02-04,0.0185433033038862,0.977086851014718,1.00010658054824,2004,"02",4,"Winter",62,0.976047928035457,0.999713326710666
"01634000",2004-02-05,0.0181193868629634,0.977139108713498,1.00005348316654,2004,"02",5,"Winter",62,0.976047928035457,0.999713326710666
"01634000",2004-02-06,0.0177062806906179,0.977200874650456,1.00006321099668,2004,"02",6,"Winter",62,0.976047928035457,0.999713326710666
"01634000",2004-02-07,0.0173045272822492,0.977310118630303,1.00011179275692,2004,"02",7,"Winter",62,0.976047928035457,0.999713326710666
"01634000",2004-02-08,0.0169130607391708,0.97737779618632,1.00006924880315,2004,"02",8,"Winter",62,0.976047928035457,0.999713326710666
"01634000",2004-04-30,0.0351081961998716,0.964460245864694,0.993152140643521,2004,"04",30,"Spring",63,0.960560605937357,0.918735957731838
"01634000",2004-05-01,0.0335790071403608,0.956443530997574,0.991687874226549,2004,"05",1,"Spring",63,0.960560605937357,0.918735957731838
"01634000",2004-05-02,0.0324286472750828,0.965741695087365,1.00972160277993,2004,"05",2,"Spring",63,0.960560605937357,0.918735957731838
"01634000",2004-05-03,0.0328657982172444,1.0134803940002,1.04943216095533,2004,"05",3,"Spring",63,0.960560605937357,0.918735957731838
"01634000",2004-05-04,0.0322147044353187,0.98018932089761,0.967151734459123,2004,"05",4,"Spring",63,0.960560605937357,0.918735957731838
"01634000",2004-05-05,0.0315386096481234,0.979012851458787,0.998799752850046,2004,"05",5,"Spring",63,0.960560605937357,0.918735957731838
"01634000",2004-05-06,0.0307347901398316,0.974513159671273,0.995403848089625,2004,"05",6,"Spring",63,0.960560605937357,0.918735957731838
"01634000",2004-05-07,0.0296466726576909,0.964596554029158,0.989824041323916,2004,"05",7,"Spring",63,0.960560605937357,0.918735957731838
"01634000",2004-05-08,0.028614682611078,0.965190358509079,1.00061559879873,2004,"05",8,"Spring",63,0.960560605937357,0.918735957731838
"01634000",2004-05-09,0.0277428510598839,0.969532020919336,1.00449824469544,2004,"05",9,"Spring",63,0.960560605937357,0.918735957731838
"01634000",2004-05-10,0.0266807973384857,0.961717931617567,0.99194034943337,2004,"05",10,"Spring",63,0.960560605937357,0.918735957731838
"01634000",2004-05-11,0.0252560711232945,0.946601063037344,0.984281390537455,2004,"05",11,"Spring",63,0.960560605937357,0.918735957731838
"01634000",2004-05-12,0.0233910336392,0.926154884701195,0.97840042745088,2004,"05",12,"Spring",63,0.960560605937357,0.918735957731838
"01634000",2004-05-13,0.021346002118662,0.912571990101761,0.985334100349947,2004,"05",13,"Spring",63,0.960560605937357,0.918735957731838
"01634000",2004-05-14,0.0193093916750513,0.904590544295404,0.991253900083579,2004,"05",14,"Spring",63,0.960560605937357,0.918735957731838
"01634000",2004-05-15,0.0179513538605534,0.929669570261367,1.02772417435061,2004,"05",15,"Spring",63,0.960560605937357,0.918735957731838
"01634000",2004-05-16,0.018581990734674,1.03513032381956,1.11343896469424,2004,"05",16,"Spring",63,0.960560605937357,0.918735957731838
"01634000",2004-05-17,0.0193869192735292,1.04331766979913,1.00790948327102,2004,"05",17,"Spring",63,0.960560605937357,0.918735957731838
"01634000",2004-05-18,0.0185137072112411,0.954958699215282,0.915309619359881,2004,"05",18,"Spring",63,0.960560605937357,0.918735957731838
"01634000",2004-05-19,0.0175853458349593,0.949855457597485,0.994656060390894,2004,"05",19,"Spring",63,0.960560605937357,0.918735957731838
"01634000",2004-10-02,0.0195963181322441,0.984036123952369,0.975085789042382,2004,"10",2,"Fall",64,0.994043170833038,0.14559567592838
"01634000",2004-10-03,0.0190551495179534,0.972384168768917,0.988159016828923,2004,"10",3,"Fall",64,0.994043170833038,0.14559567592838
"01634000",2004-10-04,0.0183560192817822,0.963310167914847,0.990668296394049,2004,"10",4,"Fall",64,0.994043170833038,0.14559567592838
"01634000",2004-10-05,0.0176002558437176,0.958827487242036,0.995346586362195,2004,"10",5,"Fall",64,0.994043170833038,0.14559567592838
"01634000",2004-10-06,0.0168620012700558,0.958054327151991,0.999193640044395,2004,"10",6,"Fall",64,0.994043170833038,0.14559567592838
"01634000",2004-10-07,0.016071176272817,0.953100169750124,0.994828938963624,2004,"10",7,"Fall",64,0.994043170833038,0.14559567592838
"01634000",2004-10-08,0.0152081015403382,0.946296729136216,0.992861777985317,2004,"10",8,"Fall",64,0.994043170833038,0.14559567592838
"01634000",2004-10-09,0.0142898572375998,0.939621372180946,0.992945809966645,2004,"10",9,"Fall",64,0.994043170833038,0.14559567592838
"01634000",2004-10-10,0.0133801942574792,0.936342052618475,0.996509956393542,2004,"10",10,"Fall",64,0.994043170833038,0.14559567592838
"01634000",2004-10-11,0.0125821983092465,0.940359913101661,1.00429101787317,2004,"10",11,"Fall",64,0.994043170833038,0.14559567592838
"01634000",2004-10-12,0.0118660299049225,0.943080820479703,1.0028934744454,2004,"10",12,"Fall",64,0.994043170833038,0.14559567592838
"01634000",2004-10-13,0.0111934467568062,0.943318603315062,1.00025213410155,2004,"10",13,"Fall",64,0.994043170833038,0.14559567592838
"01634000",2004-10-14,0.0113205220550299,1.01135265133114,1.07212202513232,2004,"10",14,"Fall",64,0.994043170833038,0.14559567592838
"01634000",2004-10-15,0.0112405013351236,0.992931357801581,0.981785489457799,2004,"10",15,"Fall",64,0.994043170833038,0.14559567592838
"01634000",2004-10-16,0.0110582303022966,0.983784439199573,0.990787964817367,2004,"10",16,"Fall",64,0.994043170833038,0.14559567592838
"01634000",2004-10-17,0.0107988753297832,0.976546430538752,0.992642688405693,2004,"10",17,"Fall",64,0.994043170833038,0.14559567592838
"01634000",2004-10-18,0.0105145159177482,0.973667682665924,0.997052113670376,2004,"10",18,"Fall",64,0.994043170833038,0.14559567592838
"01634000",2004-10-19,0.0100607185740955,0.956840871495882,0.982718116797334,2004,"10",19,"Fall",64,0.994043170833038,0.14559567592838
"01634000",2004-10-20,0.00985175409005024,0.979229666101254,1.02339866039624,2004,"10",20,"Fall",64,0.994043170833038,0.14559567592838
"01634000",2004-10-21,0.0117123899690341,1.18886341071617,1.21408026316192,2004,"10",21,"Fall",64,0.994043170833038,0.14559567592838
"01634000",2004-10-22,0.0115052767796442,0.982316744068674,0.826265435721439,2004,"10",22,"Fall",64,0.994043170833038,0.14559567592838
"01634000",2004-10-23,0.0111356275447179,0.967871330520241,0.985294546147508,2004,"10",23,"Fall",64,0.994043170833038,0.14559567592838
"01634000",2004-10-24,0.011224831250729,1.00801065819173,1.04147176014596,2004,"10",24,"Fall",64,0.994043170833038,0.14559567592838
"01634000",2004-10-25,0.0112993911898229,1.00664241069005,0.998642625957811,2004,"10",25,"Fall",64,0.994043170833038,0.14559567592838
"01634000",2004-10-26,0.0107312076725066,0.949715563628941,0.943448789305341,2004,"10",26,"Fall",64,0.994043170833038,0.14559567592838
"01634000",2004-10-27,0.0099986624554731,0.931736926598647,0.981069450982149,2004,"10",27,"Fall",64,0.994043170833038,0.14559567592838
"01634000",2004-10-28,0.00944321305723861,0.94444762979968,1.01364194424217,2004,"10",28,"Fall",64,0.994043170833038,0.14559567592838
"01634000",2004-10-29,0.00900045892922208,0.953114038057508,1.00917616603016,2004,"10",29,"Fall",64,0.994043170833038,0.14559567592838
"01634000",2004-10-30,0.00958299307967536,1.06472271636749,1.11709897646398,2004,"10",30,"Fall",64,0.994043170833038,0.14559567592838
"01634000",2004-10-31,0.00899867303087376,0.939025308278592,0.881943527496305,2004,"10",31,"Fall",64,0.994043170833038,0.14559567592838
"01634000",2004-11-01,0.00816059918724932,0.906866952410753,0.965753472686704,2004,"11",1,"Fall",64,0.994043170833038,0.14559567592838
"01634000",2004-11-02,0.00735533007537015,0.901322305703069,0.993885931455607,2004,"11",2,"Fall",64,0.994043170833038,0.14559567592838
"01634000",2004-11-03,0.00653038150630891,0.887843433182743,0.985045446634307,2004,"11",3,"Fall",64,0.994043170833038,0.14559567592838
"01634000",2004-11-04,0.00862237141700462,1.32034727353596,1.48713976382387,2004,"11",4,"Fall",64,0.994043170833038,0.14559567592838
"01634000",2004-11-05,0.0115890518063679,1.3440678029147,1.01796537157624,2004,"11",5,"Fall",64,0.994043170833038,0.14559567592838
"01634000",2004-11-06,0.011280883627478,0.973408680534108,0.724225874932206,2004,"11",6,"Fall",64,0.994043170833038,0.14559567592838
"01634000",2004-11-07,0.0107542264158838,0.953314188056027,0.979356571520345,2004,"11",7,"Fall",64,0.994043170833038,0.14559567592838
"01634000",2004-11-08,0.0101280025555752,0.941769511251538,0.987889955956671,2004,"11",8,"Fall",64,0.994043170833038,0.14559567592838
"01634000",2004-11-09,0.00963893931475468,0.951711777506284,1.01055700586605,2004,"11",9,"Fall",64,0.994043170833038,0.14559567592838
"01634000",2004-11-10,0.00922534166602418,0.957090958328019,1.00565211122618,2004,"11",10,"Fall",64,0.994043170833038,0.14559567592838
"01634000",2004-11-11,0.00877510372083634,0.951195526248528,0.993840259352372,2004,"11",11,"Fall",64,0.994043170833038,0.14559567592838
"01634000",2004-11-12,0.0117701940762345,1.34131680384431,1.41013783899342,2004,"11",12,"Fall",64,0.994043170833038,0.14559567592838
"01634000",2004-11-13,0.0154028495890088,1.30863174296413,0.975632109590743,2004,"11",13,"Fall",64,0.994043170833038,0.14559567592838
"01634000",2004-11-14,0.015126614307519,0.982065962541963,0.750452499583666,2004,"11",14,"Fall",64,0.994043170833038,0.14559567592838
"01634000",2004-11-15,0.014838733128272,0.980968564849045,0.998882562134546,2004,"11",15,"Fall",64,0.994043170833038,0.14559567592838
"01634000",2004-11-16,0.0145094437757507,0.977808796096352,0.996778929655937,2004,"11",16,"Fall",64,0.994043170833038,0.14559567592838
"01634000",2004-11-17,0.014094206970185,0.971381617932203,0.993426958123298,2004,"11",17,"Fall",64,0.994043170833038,0.14559567592838
"01634000",2004-11-18,0.0137177420547232,0.973289386465076,1.00196397429976,2004,"11",18,"Fall",64,0.994043170833038,0.14559567592838
"01634000",2004-11-19,0.0135868864599615,0.990460850317811,1.01764271150135,2004,"11",19,"Fall",64,0.994043170833038,0.14559567592838
"01634000",2004-11-20,0.0137323176022619,1.01070378726789,1.0204378971098,2004,"11",20,"Fall",64,0.994043170833038,0.14559567592838
"01634000",2004-11-21,0.0134503628942184,0.979467798793334,0.96909481406121,2004,"11",21,"Fall",64,0.994043170833038,0.14559567592838
"01634000",2004-11-22,0.0130832122522406,0.972703290991829,0.993093690461454,2004,"11",22,"Fall",64,0.994043170833038,0.14559567592838
"01634000",2004-11-23,0.0126210980233736,0.964678840336948,0.991750361359733,2004,"11",23,"Fall",64,0.994043170833038,0.14559567592838
"01634000",2004-12-13,0.0318071382353082,0.989691777608608,0.995291923069873,2004,"12",13,"Winter",65,0.993997542684039,0.725755379785845
"01634000",2004-12-14,0.0313905710354447,0.986903342363536,0.997182521560591,2004,"12",14,"Winter",65,0.993997542684039,0.725755379785845
"01634000",2004-12-15,0.0309209096012637,0.985038136654135,0.998110042159819,2004,"12",15,"Winter",65,0.993997542684039,0.725755379785845
"01634000",2004-12-16,0.0304109309799969,0.983506998085012,0.998445604782041,2004,"12",16,"Winter",65,0.993997542684039,0.725755379785845
"01634000",2004-12-17,0.0298737401608378,0.982335600987933,0.998808959062458,2004,"12",17,"Winter",65,0.993997542684039,0.725755379785845
"01634000",2004-12-18,0.0293189922813326,0.981430250229182,0.999078369186823,2004,"12",18,"Winter",65,0.993997542684039,0.725755379785845
"01634000",2004-12-19,0.0287470661569387,0.980492981514986,0.999044997121316,2004,"12",19,"Winter",65,0.993997542684039,0.725755379785845
"01634000",2004-12-20,0.0281623122282326,0.979658657147352,0.999149076654945,2004,"12",20,"Winter",65,0.993997542684039,0.725755379785845
"01634000",2004-12-21,0.0275841313414276,0.979469694032245,0.999807113310612,2004,"12",21,"Winter",65,0.993997542684039,0.725755379785845
"01634000",2004-12-22,0.0269692111760378,0.977707466739536,0.99820083530563,2004,"12",22,"Winter",65,0.993997542684039,0.725755379785845
"01634000",2004-12-23,0.0279041470494121,1.03466678603507,1.05825803855777,2004,"12",23,"Winter",65,0.993997542684039,0.725755379785845
"01634000",2004-12-24,0.0300595472799614,1.07724300716781,1.04114969351234,2004,"12",24,"Winter",65,0.993997542684039,0.725755379785845
"01634000",2004-12-25,0.0298353587277234,0.992541852006285,0.921372285920694,2004,"12",25,"Winter",65,0.993997542684039,0.725755379785845
"01634000",2004-12-26,0.0295150468591601,0.989264018191084,0.996697535918939,2004,"12",26,"Winter",65,0.993997542684039,0.725755379785845
"01634000",2004-12-27,0.0291266667190939,0.986841283297992,0.997550972391049,2004,"12",27,"Winter",65,0.993997542684039,0.725755379785845
"01634000",2004-12-28,0.0286913668969646,0.985054938612529,0.998189835877667,2004,"12",28,"Winter",65,0.993997542684039,0.725755379785845
"01634000",2004-12-29,0.0282237520441413,0.983701897002586,0.998626430306671,2004,"12",29,"Winter",65,0.993997542684039,0.725755379785845
"01634000",2004-12-30,0.0277342202607542,0.98265532581843,0.998936089086191,2004,"12",30,"Winter",65,0.993997542684039,0.725755379785845
"01634000",2004-12-31,0.0272201045881957,0.981462768099304,0.998786392656924,2004,"12",31,"Winter",65,0.993997542684039,0.725755379785845
"01634000",2005-01-01,0.0266279872739688,0.978247059547168,0.996723555231379,2005,"01",1,"Winter",65,0.993997542684039,0.725755379785845
"01634000",2005-01-02,0.0259631238877773,0.975031406641785,0.996712841736655,2005,"01",2,"Winter",65,0.993997542684039,0.725755379785845
"01634000",2005-01-03,0.0252589232986793,0.9728768929293,0.997790313524459,2005,"01",3,"Winter",65,0.993997542684039,0.725755379785845
"01634000",2005-01-04,0.0245068975491449,0.970227323601964,0.997276562588142,2005,"01",4,"Winter",65,0.993997542684039,0.725755379785845
"01634000",2005-01-05,0.024618680938147,1.00456130315059,1.03538756197997,2005,"01",5,"Winter",65,0.993997542684039,0.725755379785845
"01634000",2005-01-06,0.0245690314332023,0.997983258929696,0.993451823994948,2005,"01",6,"Winter",65,0.993997542684039,0.725755379785845
"01634000",2005-01-07,0.0239688704023138,0.975572458665281,0.977543911619871,2005,"01",7,"Winter",65,0.993997542684039,0.725755379785845
"01634000",2005-01-08,0.0251865313621238,1.05080176659858,1.07711298865102,2005,"01",8,"Winter",65,0.993997542684039,0.725755379785845
"01634000",2005-01-09,0.0253967090975493,1.00834484639443,0.959595690116148,2005,"01",9,"Winter",65,0.993997542684039,0.725755379785845
"01634000",2005-01-10,0.0247566504403949,0.974797574965482,0.966730358617979,2005,"01",10,"Winter",65,0.993997542684039,0.725755379785845
"01634000",2005-01-11,0.0240523871034384,0.971552559638384,0.996671088018235,2005,"01",11,"Winter",65,0.993997542684039,0.725755379785845
"01634000",2005-01-12,0.0233061104663648,0.968972866025139,0.997344771945015,2005,"01",12,"Winter",65,0.993997542684039,0.725755379785845
"01634000",2005-01-13,0.0224919702159241,0.965067519455224,0.995969601722765,2005,"01",13,"Winter",65,0.993997542684039,0.725755379785845
"01634000",2005-01-14,0.0261750501813367,1.16375088220618,1.20587509033887,2005,"01",14,"Winter",65,0.993997542684039,0.725755379785845
"01634000",2005-01-15,0.0278776482446119,1.06504660168672,0.915184356008958,2005,"01",15,"Winter",65,0.993997542684039,0.725755379785845
"01634000",2005-01-16,0.0278666744707152,0.99960635941022,0.938556451733794,2005,"01",16,"Winter",65,0.993997542684039,0.725755379785845
"01634000",2005-01-17,0.0277092349715531,0.994350258789308,0.994741829549771,2005,"01",17,"Winter",65,0.993997542684039,0.725755379785845
"01634000",2005-01-18,0.0274532353505492,0.990761216566727,0.996390565406047,2005,"01",18,"Winter",65,0.993997542684039,0.725755379785845
"01634000",2005-01-19,0.0271299968007952,0.988225848588458,0.997440989881442,2005,"01",19,"Winter",65,0.993997542684039,0.725755379785845
"01634000",2005-01-20,0.0267634511692449,0.986489285854265,0.998242747104143,2005,"01",20,"Winter",65,0.993997542684039,0.725755379785845
"01634000",2005-01-21,0.0263630518456921,0.985039323926468,0.998530179750973,2005,"01",21,"Winter",65,0.993997542684039,0.725755379785845
"01634000",2005-01-22,0.0259383147349581,0.983888924802029,0.998832128731822,2005,"01",22,"Winter",65,0.993997542684039,0.725755379785845
"01634000",2005-01-23,0.0254962556064129,0.982957291826309,0.999053111634622,2005,"01",23,"Winter",65,0.993997542684039,0.725755379785845
"01634000",2005-01-24,0.025042652268894,0.982209021413921,0.999238755927027,2005,"01",24,"Winter",65,0.993997542684039,0.725755379785845
"01634000",2005-01-25,0.0245824725134298,0.981624160631109,0.999404545498911,2005,"01",25,"Winter",65,0.993997542684039,0.725755379785845
"01634000",2005-01-26,0.0241184470942244,0.981123728748118,0.999490200116234,2005,"01",26,"Winter",65,0.993997542684039,0.725755379785845
"01634000",2005-01-27,0.0236500253668055,0.98057827995356,0.999444057076008,2005,"01",27,"Winter",65,0.993997542684039,0.725755379785845
"01634000",2005-01-28,0.0231827428215183,0.980241774034499,0.999656829112025,2005,"01",28,"Winter",65,0.993997542684039,0.725755379785845
"01634000",2005-01-29,0.0227189545403235,0.979994244651484,0.999747481295358,2005,"01",29,"Winter",65,0.993997542684039,0.725755379785845
"01634000",2005-01-30,0.0222597126848996,0.979785960018151,0.999787463411679,2005,"01",30,"Winter",65,0.993997542684039,0.725755379785845
"01634000",2005-01-31,0.0218062013736926,0.979626362764574,0.99983711008313,2005,"01",31,"Winter",65,0.993997542684039,0.725755379785845
"01634000",2005-02-01,0.021358257450629,0.979457957147732,0.999828091991761,2005,"02",1,"Winter",65,0.993997542684039,0.725755379785845
"01634000",2005-02-02,0.0209160828962922,0.979297255154877,0.999835927625395,2005,"02",2,"Winter",65,0.993997542684039,0.725755379785845
"01634000",2005-02-03,0.0204791655996814,0.979110940668139,0.999809746748745,2005,"02",3,"Winter",65,0.993997542684039,0.725755379785845
"01634000",2005-02-04,0.0202224254026078,0.987463346793892,1.00853060238511,2005,"02",4,"Winter",65,0.993997542684039,0.725755379785845
"01634000",2005-02-11,0.0233091310365126,0.982738919726521,0.970089561291888,2005,"02",11,"Winter",66,0.988819262796318,0.826217930605113
"01634000",2005-02-12,0.0228272710228339,0.979327414096911,0.99652857380416,2005,"02",12,"Winter",66,0.988819262796318,0.826217930605113
"01634000",2005-02-13,0.0223522383603267,0.979190124740186,0.999859812607358,2005,"02",13,"Winter",66,0.988819262796318,0.826217930605113
"01634000",2005-02-14,0.0233948630630038,1.04664520330669,1.06888864262638,2005,"02",14,"Winter",66,0.988819262796318,0.826217930605113
"01634000",2005-02-15,0.0249257782706991,1.06543809226719,1.01795535765236,2005,"02",15,"Winter",66,0.988819262796318,0.826217930605113
"01634000",2005-02-16,0.024407243472524,0.979196846231091,0.9190556010133,2005,"02",16,"Winter",66,0.988819262796318,0.826217930605113
"01634000",2005-02-17,0.0238955189706758,0.979033908420495,0.999833600556187,2005,"02",17,"Winter",66,0.988819262796318,0.826217930605113
"01634000",2005-02-18,0.0233913608826697,0.978901563568266,0.999864820971889,2005,"02",18,"Winter",66,0.988819262796318,0.826217930605113
"01634000",2005-02-19,0.0228953171172179,0.978793719273543,0.99988983131835,2005,"02",19,"Winter",66,0.988819262796318,0.826217930605113
"01634000",2005-02-20,0.0224077979219146,0.978706597824902,0.999910991001551,2005,"02",20,"Winter",66,0.988819262796318,0.826217930605113
"01634000",2005-02-21,0.0220266431570053,0.982990083798617,1.00437668038944,2005,"02",21,"Winter",66,0.988819262796318,0.826217930605113
"01634000",2005-02-22,0.0224963834043592,1.02132600251457,1.0389992934291,2005,"02",22,"Winter",66,0.988819262796318,0.826217930605113
"01634000",2005-02-23,0.0220591071411036,0.980562375053988,0.960087545641428,2005,"02",23,"Winter",66,0.988819262796318,0.826217930605113
"01634000",2005-02-24,0.0216247168718837,0.98030789431135,0.999740474701955,2005,"02",24,"Winter",66,0.988819262796318,0.826217930605113
"01634000",2005-02-25,0.0211941415327601,0.980088740968283,0.999776444375958,2005,"02",25,"Winter",66,0.988819262796318,0.826217930605113
"01634000",2005-02-26,0.0207680141902529,0.979894097534049,0.999801402234207,2005,"02",26,"Winter",66,0.988819262796318,0.826217930605113
"01634000",2005-02-27,0.0203451510169543,0.979638728603286,0.999739391296054,2005,"02",27,"Winter",66,0.988819262796318,0.826217930605113
"01634000",2005-02-28,0.019924555439502,0.979326986705489,0.999681778712198,2005,"02",28,"Winter",66,0.988819262796318,0.826217930605113
"01634000",2005-03-01,0.0195115291280672,0.979270487982083,0.999942308621969,2005,"03",1,"Spring",66,0.988819262796318,0.826217930605113
"01634000",2005-03-02,0.019105831568595,0.979207290376407,0.999935464607122,2005,"03",2,"Spring",66,0.988819262796318,0.826217930605113
"01634000",2005-03-03,0.0187079213210382,0.979173361487656,0.999965350657532,2005,"03",3,"Spring",66,0.988819262796318,0.826217930605113
"01634000",2005-03-04,0.0183171896496788,0.979114105482153,0.999939483642189,2005,"03",4,"Spring",66,0.988819262796318,0.826217930605113
"01634000",2005-03-11,0.0299043686827645,0.98027159151797,0.997289453293734,2005,"03",11,"Spring",67,0.989269850543433,0.367189640781755
"01634000",2005-03-12,0.0293007307918742,0.979814391091354,0.999533598208322,2005,"03",12,"Spring",67,0.989269850543433,0.367189640781755
"01634000",2005-03-13,0.028698448324576,0.979444797074302,0.999622791805864,2005,"03",13,"Spring",67,0.989269850543433,0.367189640781755
"01634000",2005-03-14,0.0280999396927655,0.979144913165983,0.999693822552108,2005,"03",14,"Spring",67,0.989269850543433,0.367189640781755
"01634000",2005-03-15,0.0275063909357414,0.978877223100343,0.999726608327286,2005,"03",15,"Spring",67,0.989269850543433,0.367189640781755
"01634000",2005-03-16,0.0268932330654934,0.97770853065819,0.99880608883875,2005,"03",16,"Spring",67,0.989269850543433,0.367189640781755
"01634000",2005-03-17,0.0262403434608132,0.975722903858742,0.997969101488651,2005,"03",17,"Spring",67,0.989269850543433,0.367189640781755
"01634000",2005-03-18,0.0255462665809318,0.973549245614186,0.997772258664873,2005,"03",18,"Spring",67,0.989269850543433,0.367189640781755
"01634000",2005-03-19,0.0247716723242775,0.969678768746876,0.996024364576578,2005,"03",19,"Spring",67,0.989269850543433,0.367189640781755
"01634000",2005-03-20,0.0239459864096716,0.966668139970646,0.996895230798834,2005,"03",20,"Spring",67,0.989269850543433,0.367189640781755
"01634000",2005-03-21,0.023123532650061,0.96565379493916,0.998950679152913,2005,"03",21,"Spring",67,0.989269850543433,0.367189640781755
"01634000",2005-03-22,0.0223396384390071,0.966099720881023,1.00046178655767,2005,"03",22,"Spring",67,0.989269850543433,0.367189640781755
"01634000",2005-03-23,0.0250655077397823,1.12201940099512,1.16139087585276,2005,"03",23,"Spring",67,0.989269850543433,0.367189640781755
"01634000",2005-03-24,0.0275958753190935,1.10095018244115,0.981222055041754,2005,"03",24,"Spring",67,0.989269850543433,0.367189640781755
"01634000",2005-03-25,0.0272754007019103,0.988386865302241,0.89775802853375,2005,"03",25,"Spring",67,0.989269850543433,0.367189640781755
"01634000",2005-03-26,0.0269086346961558,0.986553231251749,0.998144821511837,2005,"03",26,"Spring",67,0.989269850543433,0.367189640781755
"01634000",2005-03-27,0.026682585128583,0.991599366890023,1.00511491471359,2005,"03",27,"Spring",67,0.989269850543433,0.367189640781755
"01634000",2005-03-28,0.030560425715521,1.14533226702925,1.15503529476969,2005,"03",28,"Spring",67,0.989269850543433,0.367189640781755
"01634000",2005-04-12,0.0348973929649219,0.960690053057841,0.999023262250308,2005,"04",12,"Spring",68,0.961860070099209,0.858327864501847
"01634000",2005-04-13,0.0335716479457915,0.962010198857461,1.0013741641182,2005,"04",13,"Spring",68,0.961860070099209,0.858327864501847
"01634000",2005-04-14,0.0322184370597824,0.959691854025334,0.997590103686135,2005,"04",14,"Spring",68,0.961860070099209,0.858327864501847
"01634000",2005-04-15,0.030914468341507,0.959527250938466,0.999828483396855,2005,"04",15,"Spring",68,0.961860070099209,0.858327864501847
"01634000",2005-04-16,0.0296518043614924,0.959156212357716,0.999613311054598,2005,"04",16,"Spring",68,0.961860070099209,0.858327864501847
"01634000",2005-04-17,0.0283082041423768,0.954687404424518,0.995340896638501,2005,"04",17,"Spring",68,0.961860070099209,0.858327864501847
"01634000",2005-04-18,0.0267716309754178,0.945719864134413,0.990606830834318,2005,"04",18,"Spring",68,0.961860070099209,0.858327864501847
"01634000",2005-04-19,0.0250518827233464,0.935762290551125,0.989470905750296,2005,"04",19,"Spring",68,0.961860070099209,0.858327864501847
"01634000",2005-04-20,0.0232670590630732,0.928754909162582,0.99251157964015,2005,"04",20,"Spring",68,0.961860070099209,0.858327864501847
"01634000",2005-04-21,0.0217426376766525,0.934481561150971,1.00616594532303,2005,"04",21,"Spring",68,0.961860070099209,0.858327864501847
"01634000",2005-04-22,0.0219999856199138,1.01183609583568,1.0827780214191,2005,"04",22,"Spring",68,0.961860070099209,0.858327864501847
"01634000",2005-04-23,0.0241177520947531,1.09626217541353,1.08343849357156,2005,"04",23,"Spring",68,0.961860070099209,0.858327864501847
"01634000",2005-04-24,0.0235350205330178,0.975838064864177,0.890150264006027,2005,"04",24,"Spring",68,0.961860070099209,0.858327864501847
"01634000",2005-04-25,0.0229367559077218,0.974579812902365,0.998710593481525,2005,"04",25,"Spring",68,0.961860070099209,0.858327864501847
"01634000",2005-04-26,0.0221779090352356,0.966915684347903,0.992135966235913,2005,"04",26,"Spring",68,0.961860070099209,0.858327864501847
"01634000",2005-04-27,0.0209809722728096,0.94603022491776,0.978399916592285,2005,"04",27,"Spring",68,0.961860070099209,0.858327864501847
"01634000",2005-04-28,0.0197663640137762,0.942109057519346,0.995855135179476,2005,"04",28,"Spring",68,0.961860070099209,0.858327864501847
"01634000",2005-04-29,0.018637370201759,0.942883081014278,1.0008215858756,2005,"04",29,"Spring",68,0.961860070099209,0.858327864501847
"01634000",2005-04-30,0.0193143686628901,1.0363247847632,1.09910211099388,2005,"04",30,"Spring",68,0.961860070099209,0.858327864501847
"01634000",2005-05-01,0.0203136834315956,1.05173944777318,1.01487435525678,2005,"05",1,"Spring",68,0.961860070099209,0.858327864501847
"01634000",2005-05-02,0.0198520183330402,0.977273196163069,0.929197053730584,2005,"05",2,"Spring",68,0.961860070099209,0.858327864501847
"01634000",2005-05-03,0.0192802235251293,0.971197144878752,0.993782648180496,2005,"05",3,"Spring",68,0.961860070099209,0.858327864501847
"01634000",2005-05-04,0.0183299981290475,0.95071502180235,0.978910437304716,2005,"05",4,"Spring",68,0.961860070099209,0.858327864501847
"01634000",2005-05-05,0.0171578169101849,0.936051209028495,0.984576016537473,2005,"05",5,"Spring",68,0.961860070099209,0.858327864501847
"01634000",2005-05-06,0.0159993510460481,0.932481744606498,0.996186678263359,2005,"05",6,"Spring",68,0.961860070099209,0.858327864501847
"01634000",2005-05-07,0.014805008599069,0.925350569311113,0.99235247731483,2005,"05",7,"Spring",68,0.961860070099209,0.858327864501847
"01634000",2005-05-08,0.0136238415725529,0.920218416719438,0.994453828892659,2005,"05",8,"Spring",68,0.961860070099209,0.858327864501847
"01634000",2005-05-09,0.0122858182294294,0.901788101689385,0.979971803763983,2005,"05",9,"Spring",68,0.961860070099209,0.858327864501847
"01634000",2005-05-10,0.0108285172900651,0.881383485238814,0.977373158492172,2005,"05",10,"Spring",68,0.961860070099209,0.858327864501847
"01634000",2005-05-11,0.00911197427194565,0.841479403676595,0.954725630522329,2005,"05",11,"Spring",68,0.961860070099209,0.858327864501847
"01634000",2005-05-12,0.00732545153005048,0.803936810116377,0.955385011925203,2005,"05",12,"Spring",68,0.961860070099209,0.858327864501847
"01634000",2005-05-13,0.00591578474268317,0.807565884289238,1.004514128632,2005,"05",13,"Spring",68,0.961860070099209,0.858327864501847
"01634000",2006-02-19,0.0330942268483341,0.97680813782392,0.984401077254755,2006,"02",19,"Winter",69,0.957094788016805,0.956965625617686
"01634000",2006-02-20,0.0323232141090557,0.976702500323944,0.999891854402225,2006,"02",20,"Winter",69,0.957094788016805,0.956965625617686
"01634000",2006-02-21,0.031567697180435,0.976626181849627,0.99992186108432,2006,"02",21,"Winter",69,0.957094788016805,0.956965625617686
"01634000",2006-02-22,0.0308302058838308,0.97663778601306,1.00001188188854,2006,"02",22,"Winter",69,0.957094788016805,0.956965625617686
"01634000",2006-02-23,0.0303598556201905,0.984743849411431,1.00829996905144,2006,"02",23,"Winter",69,0.957094788016805,0.956965625617686
"01634000",2006-02-24,0.0300869331695139,0.99101041671308,1.00636365213694,2006,"02",24,"Winter",69,0.957094788016805,0.956965625617686
"01634000",2006-02-25,0.0294354951474815,0.978348141421988,0.987222863576865,2006,"02",25,"Winter",69,0.957094788016805,0.956965625617686
"01634000",2006-02-26,0.0287393106846139,0.976348810870023,0.997956422190305,2006,"02",26,"Winter",69,0.957094788016805,0.956965625617686
"01634000",2006-02-27,0.0280602817656472,0.976372818178614,1.00002458886448,2006,"02",27,"Winter",69,0.957094788016805,0.956965625617686
"01634000",2006-02-28,0.0273981973296031,0.976404925596483,1.00003288438317,2006,"02",28,"Winter",69,0.957094788016805,0.956965625617686
"01634000",2006-03-01,0.0267189586302266,0.975208635400159,0.998774801145546,2006,"03",1,"Spring",69,0.957094788016805,0.956965625617686
"01634000",2006-03-02,0.0259482032852247,0.971153241573948,0.99584151157096,2006,"03",2,"Spring",69,0.957094788016805,0.956965625617686
"01634000",2006-03-03,0.0251821764977649,0.970478619307872,0.999305339016341,2006,"03",3,"Spring",69,0.957094788016805,0.956965625617686
"01634000",2006-03-04,0.0245140139013529,0.973466844834827,1.00307912556496,2006,"03",4,"Spring",69,0.957094788016805,0.956965625617686
"01634000",2006-03-05,0.0238370622973889,0.972385117888562,0.998888789123117,2006,"03",5,"Spring",69,0.957094788016805,0.956965625617686
"01634000",2006-03-06,0.0231261359294876,0.970175587954933,0.997727721359592,2006,"03",6,"Spring",69,0.957094788016805,0.956965625617686
"01634000",2006-03-07,0.0224317527026869,0.969974092130311,0.999792309941495,2006,"03",7,"Spring",69,0.957094788016805,0.956965625617686
"01634000",2006-03-08,0.0217381421243772,0.969079073423154,0.999077275656723,2006,"03",8,"Spring",69,0.957094788016805,0.956965625617686
"01634000",2006-03-09,0.0209266799502075,0.962671042928745,0.993387505034265,2006,"03",9,"Spring",69,0.957094788016805,0.956965625617686
"01634000",2006-03-10,0.0199645308312029,0.954022849238679,0.991016460136004,2006,"03",10,"Spring",69,0.957094788016805,0.956965625617686
"01634000",2006-03-11,0.0189398557413369,0.948675223148022,0.99439465617105,2006,"03",11,"Spring",69,0.957094788016805,0.956965625617686
"01634000",2006-03-12,0.0178766796016134,0.943865668554007,0.99493024116509,2006,"03",12,"Spring",69,0.957094788016805,0.956965625617686
"01634000",2006-03-13,0.0166952358558774,0.933911454919772,0.989453781437474,2006,"03",13,"Spring",69,0.957094788016805,0.956965625617686
"01634000",2006-03-14,0.0157417409936897,0.942888206526774,1.00961199432742,2006,"03",14,"Spring",69,0.957094788016805,0.956965625617686
"01634000",2006-03-15,0.015127656632103,0.96099006063987,1.01919830366717,2006,"03",15,"Spring",69,0.957094788016805,0.956965625617686
"01634000",2006-03-16,0.0144731198670343,0.956732441713428,0.995569549466925,2006,"03",16,"Spring",69,0.957094788016805,0.956965625617686
"01634000",2006-03-17,0.0138597516925074,0.957620182782848,1.00092788854095,2006,"03",17,"Spring",69,0.957094788016805,0.956965625617686
"01634000",2006-03-18,0.0133367360685952,0.962263708938238,1.00484902703481,2006,"03",18,"Spring",69,0.957094788016805,0.956965625617686
"01634000",2006-03-19,0.0128814612980932,0.9658631041238,1.00374054965612,2006,"03",19,"Spring",69,0.957094788016805,0.956965625617686
"01634000",2006-03-20,0.0123407241189852,0.958022062358095,0.991881829078855,2006,"03",20,"Spring",69,0.957094788016805,0.956965625617686
"01634000",2006-03-21,0.0119005019660108,0.964327688656681,1.00658192180153,2006,"03",21,"Spring",69,0.957094788016805,0.956965625617686
"01634000",2006-03-22,0.0116270685684867,0.977023372769904,1.01316532156295,2006,"03",22,"Spring",69,0.957094788016805,0.956965625617686
"01634000",2006-03-23,0.0112879134248942,0.970830554443298,0.993661545364009,2006,"03",23,"Spring",69,0.957094788016805,0.956965625617686
"01634000",2006-03-24,0.0108326815243345,0.959670854707676,0.988504997412219,2006,"03",24,"Spring",69,0.957094788016805,0.956965625617686
"01634000",2006-03-25,0.0102997474896256,0.950803129076424,0.990759617646248,2006,"03",25,"Spring",69,0.957094788016805,0.956965625617686
"01634000",2006-03-26,0.00969004441867582,0.940804075870414,0.989483571414281,2006,"03",26,"Spring",69,0.957094788016805,0.956965625617686
"01634000",2006-03-27,0.00907640508376062,0.936673217541447,0.995609225730505,2006,"03",27,"Spring",69,0.957094788016805,0.956965625617686
"01634000",2006-03-28,0.00844411738216877,0.93033720996839,0.993235626412286,2006,"03",28,"Spring",69,0.957094788016805,0.956965625617686
"01634000",2006-03-29,0.00804124368005432,0.952289424236903,1.02359597577448,2006,"03",29,"Spring",69,0.957094788016805,0.956965625617686
"01634000",2006-03-30,0.00757098096073605,0.941518658303476,0.988689608789831,2006,"03",30,"Spring",69,0.957094788016805,0.956965625617686
"01634000",2006-03-31,0.00666852001450024,0.88079999792417,0.935509870310254,2006,"03",31,"Spring",69,0.957094788016805,0.956965625617686
"01634000",2006-04-01,0.00588675307517406,0.882767549977163,1.00223382386198,2006,"04",1,"Spring",69,0.957094788016805,0.956965625617686
"01634000",2006-04-02,0.00518103560898453,0.880117705434985,0.996998253342857,2006,"04",2,"Spring",69,0.957094788016805,0.956965625617686
"01634000",2006-04-03,0.00452416668122169,0.873216673781636,0.992158967362283,2006,"04",3,"Spring",69,0.957094788016805,0.956965625617686
"01634000",2006-04-04,0.00451533534214832,0.998047963371902,1.14295568710302,2006,"04",4,"Spring",69,0.957094788016805,0.956965625617686
"01634000",2006-04-05,0.00441917515126988,0.978703643563119,0.980617845515732,2006,"04",5,"Spring",69,0.957094788016805,0.956965625617686
"01634000",2006-04-06,0.00417882816691417,0.945612704604695,0.966189010150252,2006,"04",6,"Spring",69,0.957094788016805,0.956965625617686
"01634000",2006-04-07,0.00384808341914322,0.920852273757122,0.973815463004039,2006,"04",7,"Spring",69,0.957094788016805,0.956965625617686
"01634000",2006-11-29,0.0347898337058723,0.973001286640951,0.997128376400076,2006,"11",29,"Fall",70,0.97173637034633,0.996766197357229
"01634000",2006-11-30,0.0338092197198421,0.971813202836187,0.998778949400092,2006,"11",30,"Fall",70,0.97173637034633,0.996766197357229
"01634000",2006-12-01,0.0328826131299138,0.972593079710016,1.00080249668512,2006,"12",1,"Winter",70,0.97173637034633,0.996766197357229
"01634000",2006-12-02,0.0320429117418826,0.97446366611091,1.00192329807801,2006,"12",2,"Winter",70,0.97173637034633,0.996766197357229
"01634000",2006-12-03,0.0312279948266223,0.974567950571262,1.00010701728959,2006,"12",3,"Winter",70,0.97173637034633,0.996766197357229
"01634000",2006-12-04,0.0304371047532186,0.974673683731705,1.00010849234307,2006,"12",4,"Winter",70,0.97173637034633,0.996766197357229
"01634000",2006-12-05,0.0296694970456884,0.974780528116786,1.00010962067291,2006,"12",5,"Winter",70,0.97173637034633,0.996766197357229
"01634000",2006-12-06,0.0289244384039193,0.974888059591246,1.00011031352326,2006,"12",6,"Winter",70,0.97173637034633,0.996766197357229
"01634000",2006-12-07,0.0281795461196452,0.974246957749985,0.999342384148668,2006,"12",7,"Winter",70,0.97173637034633,0.996766197357229
"01634000",2006-12-08,0.0274456570623442,0.973956675732638,0.999702044727943,2006,"12",8,"Winter",70,0.97173637034633,0.996766197357229
"01634000",2006-12-09,0.0267595633631572,0.975001738977189,1.00107300793823,2006,"12",9,"Winter",70,0.97173637034633,0.996766197357229
"01634000",2006-12-10,0.0260494560934603,0.97346342090639,0.998422240690142,2006,"12",10,"Winter",70,0.97173637034633,0.996766197357229
"01634000",2006-12-11,0.0252830745885149,0.970579750218361,0.997037720549023,2006,"12",11,"Winter",70,0.97173637034633,0.996766197357229
"01634000",2006-12-12,0.0245086263166741,0.969368904516359,0.998752451097677,2006,"12",12,"Winter",70,0.97173637034633,0.996766197357229
"01634000",2006-12-13,0.0238131316145882,0.971622452719323,1.00232475808999,2006,"12",13,"Winter",70,0.97173637034633,0.996766197357229
"01634000",2006-12-14,0.0231828179094009,0.973530835196781,1.00196411936768,2006,"12",14,"Winter",70,0.97173637034633,0.996766197357229
"01634000",2006-12-15,0.0224738780525513,0.96941959948009,0.995776984592523,2006,"12",15,"Winter",70,0.97173637034633,0.996766197357229
"01634000",2006-12-16,0.0217537393909879,0.967956635704818,0.998490886943015,2006,"12",16,"Winter",70,0.97173637034633,0.996766197357229
"01634000",2006-12-17,0.0210398960625753,0.96718525879241,0.999203087324417,2006,"12",17,"Winter",70,0.97173637034633,0.996766197357229
"01634000",2006-12-18,0.0202778152306564,0.963779249210531,0.996478431044192,2006,"12",18,"Winter",70,0.97173637034633,0.996766197357229
"01634000",2006-12-19,0.0195585414185189,0.964529028203683,1.00077795718653,2006,"12",19,"Winter",70,0.97173637034633,0.996766197357229
"01634000",2006-12-20,0.0189318351331167,0.967957411956661,1.00355446404694,2006,"12",20,"Winter",70,0.97173637034633,0.996766197357229
"01634000",2006-12-21,0.0183476367965341,0.969142012252118,1.00122381447864,2006,"12",21,"Winter",70,0.97173637034633,0.996766197357229
"01634000",2007-01-11,0.0285053808474913,0.980616607703365,0.999367068943581,2007,"01",11,"Winter",71,0.975512631166238,0.998894941499389
"01634000",2007-01-12,0.0279352230718359,0.979998240377637,0.999369409695013,2007,"01",12,"Winter",71,0.975512631166238,0.998894941499389
"01634000",2007-01-13,0.0272894458612427,0.976883048009583,0.996821226569903,2007,"01",13,"Winter",71,0.975512631166238,0.998894941499389
"01634000",2007-01-14,0.0265284449560568,0.97211372817699,0.995117819024181,2007,"01",14,"Winter",71,0.975512631166238,0.998894941499389
"01634000",2007-01-15,0.0256791120627895,0.967984067868503,0.99575187533229,2007,"01",15,"Winter",71,0.975512631166238,0.998894941499389
"01634000",2007-01-16,0.0248424666933715,0.967419225112915,0.999416475152498,2007,"01",16,"Winter",71,0.975512631166238,0.998894941499389
"01634000",2007-01-17,0.0241462765261531,0.971975803537891,1.00471003501553,2007,"01",17,"Winter",71,0.975512631166238,0.998894941499389
"01634000",2007-01-18,0.0235307476832531,0.974508332900385,1.00260554774437,2007,"01",18,"Winter",71,0.975512631166238,0.998894941499389
"01634000",2007-01-19,0.022906247060746,0.97346023037969,0.998924480699333,2007,"01",19,"Winter",71,0.975512631166238,0.998894941499389
"01634000",2007-01-20,0.0223042200668715,0.973717781342447,1.00026457266021,2007,"01",20,"Winter",71,0.975512631166238,0.998894941499389
"01634000",2007-01-21,0.0217482990119606,0.975075521437462,1.00139438769737,2007,"01",21,"Winter",71,0.975512631166238,0.998894941499389
"01634000",2007-01-22,0.0212088644620962,0.975196471707157,1.00012404195063,2007,"01",22,"Winter",71,0.975512631166238,0.998894941499389
"01634000",2007-01-23,0.0206829619128257,0.975203644202149,1.00000735492303,2007,"01",23,"Winter",71,0.975512631166238,0.998894941499389
"01634000",2007-01-24,0.0201695594587363,0.975177517792024,0.99997320927759,2007,"01",24,"Winter",71,0.975512631166238,0.998894941499389
"01634000",2007-01-25,0.019675939285662,0.975526477210165,1.00035784194342,2007,"01",25,"Winter",71,0.975512631166238,0.998894941499389
"01634000",2007-01-26,0.0191965668927878,0.975636619634035,1.00011290562219,2007,"01",26,"Winter",71,0.975512631166238,0.998894941499389
"01634000",2007-01-27,0.0187234940822236,0.975356384649074,0.999712767049409,2007,"01",27,"Winter",71,0.975512631166238,0.998894941499389
"01634000",2007-01-28,0.0182324310299009,0.973772894622861,0.998376501091155,2007,"01",28,"Winter",71,0.975512631166238,0.998894941499389
"01634000",2007-01-29,0.0177627375815064,0.974238572594941,1.00047822030645,2007,"01",29,"Winter",71,0.975512631166238,0.998894941499389
"01634000",2007-01-30,0.0173349768156186,0.975918083351456,1.00172392143337,2007,"01",30,"Winter",71,0.975512631166238,0.998894941499389
"01634000",2007-01-31,0.01691916200798,0.976012958536876,1.00009721634125,2007,"01",31,"Winter",71,0.975512631166238,0.998894941499389
"01634000",2007-02-01,0.0165149075910449,0.976106711624106,1.00009605721564,2007,"02",1,"Winter",71,0.975512631166238,0.998894941499389
"01634000",2007-02-02,0.0161218211869709,0.976198086370939,1.00009361143177,2007,"02",2,"Winter",71,0.975512631166238,0.998894941499389
"01634000",2007-02-03,0.0157395133865066,0.976286314304658,1.00009037912996,2007,"02",3,"Winter",71,0.975512631166238,0.998894941499389
"01634000",2007-02-04,0.015367612359114,0.976371504108162,1.00008725903688,2007,"02",4,"Winter",71,0.975512631166238,0.998894941499389
"01634000",2007-02-05,0.0150058029103093,0.976456365481517,1.00008691504514,2007,"02",5,"Winter",71,0.975512631166238,0.998894941499389
"01634000",2007-02-06,0.0146537483669817,0.976538773337768,1.00008439481698,2007,"02",6,"Winter",71,0.975512631166238,0.998894941499389
"01634000",2007-02-07,0.0143111468642019,0.976620213872934,1.00008339713424,2007,"02",7,"Winter",71,0.975512631166238,0.998894941499389
"01634000",2007-02-08,0.0139776706346311,0.976698147763058,1.00007979958741,2007,"02",8,"Winter",71,0.975512631166238,0.998894941499389
"01634000",2007-02-09,0.0136530176387168,0.976773455005453,1.00007710390622,2007,"02",9,"Winter",71,0.975512631166238,0.998894941499389
"01634000",2007-02-10,0.0133369092945941,0.97684699804193,1.00007529180497,2007,"02",10,"Winter",71,0.975512631166238,0.998894941499389
"01634000",2007-02-11,0.0130290750530548,0.97691862224301,1.00007332182135,2007,"02",11,"Winter",71,0.975512631166238,0.998894941499389
"01634000",2007-02-12,0.0127292519318871,0.976988149968679,1.00007117043742,2007,"02",12,"Winter",71,0.975512631166238,0.998894941499389
"01634000",2007-02-13,0.0124371751444414,0.97705467776044,1.00006809477859,2007,"02",13,"Winter",71,0.975512631166238,0.998894941499389
"01634000",2007-02-14,0.012152656330727,0.977123517968504,1.0000704568635,2007,"02",14,"Winter",71,0.975512631166238,0.998894941499389
"01634000",2007-02-15,0.0118755362345837,0.977196747064865,1.00007494354093,2007,"02",15,"Winter",71,0.975512631166238,0.998894941499389
"01634000",2007-02-16,0.0116055838589091,0.977268194855196,1.00007311505134,2007,"02",16,"Winter",71,0.975512631166238,0.998894941499389
"01634000",2007-02-17,0.0113425611634739,0.977336539149359,1.00006993402069,2007,"02",17,"Winter",71,0.975512631166238,0.998894941499389
"01634000",2007-02-18,0.0110861928551458,0.977397670188135,1.00006254860667,2007,"02",18,"Winter",71,0.975512631166238,0.998894941499389
"01634000",2007-02-19,0.0108362654573284,0.977455975997985,1.00005965413222,2007,"02",19,"Winter",71,0.975512631166238,0.998894941499389
"01634000",2007-03-30,0.034781901864335,0.961530299808641,1.00153593444093,2007,"03",30,"Spring",72,0.976087534298841,0.574801845721842
"01634000",2007-03-31,0.0333698746981099,0.959403393991146,0.997787999173903,2007,"03",31,"Spring",72,0.976087534298841,0.574801845721842
"01634000",2007-04-01,0.0319535688031465,0.957557350521197,0.998075842256228,2007,"04",1,"Spring",72,0.976087534298841,0.574801845721842
"01634000",2007-04-02,0.0309948859503493,0.96999762816156,1.01299167891468,2007,"04",2,"Spring",72,0.976087534298841,0.574801845721842
"01634000",2007-04-03,0.0299530492629856,0.966386819779474,0.996277508029655,2007,"04",3,"Spring",72,0.976087534298841,0.574801845721842
"01634000",2007-04-04,0.0285379572305828,0.952756328079377,0.985895408110793,2007,"04",4,"Spring",72,0.976087534298841,0.574801845721842
"01634000",2007-04-05,0.0273745224112645,0.959232021762526,1.0067967994463,2007,"04",5,"Spring",72,0.976087534298841,0.574801845721842
"01634000",2007-04-06,0.0264876027358696,0.967600542501888,1.00872418825634,2007,"04",6,"Spring",72,0.976087534298841,0.574801845721842
"01634000",2007-04-07,0.0256833462044597,0.969636492232618,1.0021041221468,2007,"04",7,"Spring",72,0.976087534298841,0.574801845721842
"01634000",2007-04-08,0.0250192764215171,0.974143953920333,1.00464860978709,2007,"04",8,"Spring",72,0.976087534298841,0.574801845721842
"01634000",2007-04-09,0.0243405691580847,0.972872626210375,0.998694928295925,2007,"04",9,"Spring",72,0.976087534298841,0.574801845721842
"01634000",2007-04-10,0.0234585847938433,0.963764842205902,0.990638256479729,2007,"04",10,"Spring",72,0.976087534298841,0.574801845721842
"01634000",2007-04-11,0.0224087645183317,0.955247928008551,0.99116287104035,2007,"04",11,"Spring",72,0.976087534298841,0.574801845721842
"01634000",2007-04-12,0.0237837966997176,1.06136135618994,1.11108469861077,2007,"04",12,"Spring",72,0.976087534298841,0.574801845721842
"01634000",2007-04-13,0.0235852571204305,0.991652317676869,0.934321107409343,2007,"04",13,"Spring",72,0.976087534298841,0.574801845721842
"01634000",2007-04-14,0.0231018409249373,0.979503458748625,0.987748872551717,2007,"04",14,"Spring",72,0.976087534298841,0.574801845721842
"01634000",2007-04-15,0.0308916250942275,1.33719322172639,1.36517457879601,2007,"04",15,"Spring",72,0.976087534298841,0.574801845721842
"01634000",2007-04-16,0.0337143910583109,1.09137641530587,0.816169568895092,2007,"04",16,"Spring",72,0.976087534298841,0.574801845721842
"01634000",2007-04-17,0.033234370406717,0.985762143804894,0.903228372887849,2007,"04",17,"Spring",72,0.976087534298841,0.574801845721842
"01634000",2007-04-18,0.0327039058320224,0.984038675377241,0.998251638654939,2007,"04",18,"Spring",72,0.976087534298841,0.574801845721842
"01634000",2007-04-19,0.032070878893137,0.980643690018651,0.996549947229169,2007,"04",19,"Spring",72,0.976087534298841,0.574801845721842
"01634000",2007-04-20,0.0312387221492827,0.974052574404741,0.993278786494017,2007,"04",20,"Spring",72,0.976087534298841,0.574801845721842
"01634000",2007-04-21,0.0302276674192399,0.967634568238379,0.993411026945559,2007,"04",21,"Spring",72,0.976087534298841,0.574801845721842
"01634000",2007-04-22,0.0290619347942993,0.961434912963261,0.993592978714677,2007,"04",22,"Spring",72,0.976087534298841,0.574801845721842
"01634000",2007-04-23,0.0277363979257643,0.954389242219517,0.992671713239507,2007,"04",23,"Spring",72,0.976087534298841,0.574801845721842
"01634000",2007-04-24,0.0262772024143487,0.947390590684447,0.992666879271612,2007,"04",24,"Spring",72,0.976087534298841,0.574801845721842
"01634000",2007-04-25,0.0247308285906911,0.941151504666523,0.993414452202427,2007,"04",25,"Spring",72,0.976087534298841,0.574801845721842
"01634000",2007-04-26,0.0233153342851438,0.942763975725417,1.00171329594746,2007,"04",26,"Spring",72,0.976087534298841,0.574801845721842
"01634000",2007-04-27,0.0239605699898675,1.02767430639564,1.09006531099673,2007,"04",27,"Spring",72,0.976087534298841,0.574801845721842
"01634000",2007-04-28,0.0236819114070386,0.988370118784871,0.961754237343331,2007,"04",28,"Spring",72,0.976087534298841,0.574801845721842
"01634000",2007-04-29,0.0227458133012988,0.960472020621545,0.971773632535932,2007,"04",29,"Spring",72,0.976087534298841,0.574801845721842
"01634000",2007-04-30,0.0212793051032349,0.93552623603131,0.974027578050538,2007,"04",30,"Spring",72,0.976087534298841,0.574801845721842
"01634000",2007-05-01,0.0197325034532696,0.927309578839104,0.991217074545057,2007,"05",1,"Spring",72,0.976087534298841,0.574801845721842
"01634000",2007-05-02,0.0180355207412504,0.914000637778272,0.985647790808444,2007,"05",2,"Spring",72,0.976087534298841,0.574801845721842
"01634000",2007-05-03,0.0164677285938524,0.913071977799222,0.998983961344593,2007,"05",3,"Spring",72,0.976087534298841,0.574801845721842
"01634000",2007-05-04,0.0150492082466371,0.913860594730424,1.00086369634637,2007,"05",4,"Spring",72,0.976087534298841,0.574801845721842
"01634000",2007-05-05,0.0136116733774543,0.904477707689102,0.989732693262598,2007,"05",5,"Spring",72,0.976087534298841,0.574801845721842
"01634000",2007-05-06,0.0126005953643471,0.925719785872773,1.02348546349245,2007,"05",6,"Spring",72,0.976087534298841,0.574801845721842
"01634000",2007-05-07,0.0114886426890735,0.91175395740269,0.984913546536206,2007,"05",7,"Spring",72,0.976087534298841,0.574801845721842
"01634000",2007-05-08,0.0102031754504424,0.888109738163093,0.974067324800045,2007,"05",8,"Spring",72,0.976087534298841,0.574801845721842
"01634000",2007-05-09,0.00861834557144903,0.844672877900515,0.951090660989238,2007,"05",9,"Spring",72,0.976087534298841,0.574801845721842
"01634000",2007-05-10,0.0066640572185861,0.773240892157177,0.915432367236786,2007,"05",10,"Spring",72,0.976087534298841,0.574801845721842
"01634000",2007-05-11,0.00499958606087603,0.750231562678086,0.970242999675173,2007,"05",11,"Spring",72,0.976087534298841,0.574801845721842
"01634000",2007-11-23,0.00169212014588993,0.892029074635874,1.00295410407427,2007,"11",23,"Fall",73,0.927733468681145,0.864205625665233
"01634000",2007-11-24,0.00160917989705922,0.950984420915875,1.06609128329597,2007,"11",24,"Fall",73,0.927733468681145,0.864205625665233
"01634000",2007-11-25,0.00147480965824798,0.916497689874945,0.963735756041391,2007,"11",25,"Fall",73,0.927733468681145,0.864205625665233
"01634000",2007-11-26,0.00124768585737911,0.845997888881009,0.923076946322084,2007,"11",26,"Fall",73,0.927733468681145,0.864205625665233
"01634000",2007-11-27,0.00105915901076514,0.848898786902989,1.00342896602947,2007,"11",27,"Fall",73,0.927733468681145,0.864205625665233
"01634000",2007-11-28,0.000910272923647426,0.859429900888857,1.01240561789974,2007,"11",28,"Fall",73,0.927733468681145,0.864205625665233
"01634000",2007-11-29,0.000759319147618953,0.83416646578522,0.970604426169595,2007,"11",29,"Fall",73,0.927733468681145,0.864205625665233
"01634000",2007-11-30,0.000641752045339672,0.845167736586199,1.01318833980053,2007,"11",30,"Fall",73,0.927733468681145,0.864205625665233
"01634000",2007-12-01,0.0006079321665311,0.947300707408464,1.1208434330856,2007,"12",1,"Winter",73,0.927733468681145,0.864205625665233
"01634000",2007-12-02,0.000596530167968012,0.981244620385612,1.03583224704857,2007,"12",2,"Winter",73,0.927733468681145,0.864205625665233
"01634000",2007-12-03,0.000591320007515606,0.99126588941821,1.01021281424061,2007,"12",3,"Winter",73,0.927733468681145,0.864205625665233
"01634000",2007-12-04,0.000587218051805394,0.993063052732739,1.00181299824166,2007,"12",4,"Winter",73,0.927733468681145,0.864205625665233
"01634000",2007-12-05,0.000576220321818255,0.981271471554176,0.988126049855429,2007,"12",5,"Winter",73,0.927733468681145,0.864205625665233
"01634000",2007-12-06,0.000565443369850982,0.981297167838048,1.00002618672265,2007,"12",6,"Winter",73,0.927733468681145,0.864205625665233
"01634000",2007-12-07,0.000557534673134796,0.986013282429556,1.00480600041056,2007,"12",7,"Winter",73,0.927733468681145,0.864205625665233
"01634000",2007-12-31,0.0111336189438589,0.979963296919765,0.999521465447169,2007,"12",31,"Winter",74,0.98409785364744,0.943347747676399
"01634000",2008-01-01,0.0109097707900219,0.979894394179846,0.999929688448399,2008,"01",1,"Winter",74,0.98409785364744,0.943347747676399
"01634000",2008-01-02,0.0106897914665751,0.979836485323051,0.999940902961442,2008,"01",2,"Winter",74,0.98409785364744,0.943347747676399
"01634000",2008-01-03,0.0104737336514518,0.979788397575489,0.999950922681199,2008,"01",3,"Winter",74,0.98409785364744,0.943347747676399
"01634000",2008-01-04,0.0102616178046446,0.979747828819598,0.999958594369978,2008,"01",4,"Winter",74,0.98409785364744,0.943347747676399
"01634000",2008-01-05,0.010023641603766,0.976809095270444,0.997000520478117,2008,"01",5,"Winter",74,0.98409785364744,0.943347747676399
"01634000",2008-01-06,0.00983220731723123,0.980901722736889,1.00418979254622,2008,"01",6,"Winter",74,0.98409785364744,0.943347747676399
"01634000",2008-01-07,0.00966803508345038,0.983302606578165,1.00244762934515,2008,"01",7,"Winter",74,0.98409785364744,0.943347747676399
"01634000",2008-01-08,0.00929432836710475,0.961346156367872,0.977670708830214,2008,"01",8,"Winter",74,0.98409785364744,0.943347747676399
"01634000",2008-01-09,0.00881502297124826,0.948430335477183,0.986564859280774,2008,"01",9,"Winter",74,0.98409785364744,0.943347747676399
"01634000",2008-01-10,0.00852222993853502,0.966784768041078,1.01935243093491,2008,"01",10,"Winter",74,0.98409785364744,0.943347747676399
"01634000",2008-01-11,0.00949811525060795,1.1145105587518,1.15280111519552,2008,"01",11,"Winter",74,0.98409785364744,0.943347747676399
"01634000",2008-01-12,0.00983778876252472,1.03576220154783,0.929342654867119,2008,"01",12,"Winter",74,0.98409785364744,0.943347747676399
"01634000",2008-01-13,0.00960792726255022,0.976634840864837,0.942914154817935,2008,"01",13,"Winter",74,0.98409785364744,0.943347747676399
"01634000",2008-01-14,0.00934180791955441,0.972302106820366,0.995563608973202,2008,"01",14,"Winter",74,0.98409785364744,0.943347747676399
"01634000",2008-01-15,0.00908756739227101,0.972784654804214,1.00049629429008,2008,"01",15,"Winter",74,0.98409785364744,0.943347747676399
"01634000",2008-01-16,0.00887726715882309,0.976858467797798,1.00418778500819,2008,"01",16,"Winter",74,0.98409785364744,0.943347747676399
"01634000",2008-01-17,0.00866684174980037,0.976296150013512,0.999424361048379,2008,"01",17,"Winter",74,0.98409785364744,0.943347747676399
"01634000",2008-01-18,0.00846584932878613,0.9768090353076,1.00052533782304,2008,"01",18,"Winter",74,0.98409785364744,0.943347747676399
"01634000",2008-01-19,0.00826520807459019,0.976299926161725,0.999478803811724,2008,"01",19,"Winter",74,0.98409785364744,0.943347747676399
"01634000",2008-01-20,0.00808055768720806,0.977659317743033,1.00139239135934,2008,"01",20,"Winter",74,0.98409785364744,0.943347747676399
"01634000",2008-01-21,0.00790047459304333,0.977714026539306,1.00005595895756,2008,"01",21,"Winter",74,0.98409785364744,0.943347747676399
"01634000",2008-01-22,0.00772483382024802,0.977768326354728,1.00005553752319,2008,"01",22,"Winter",74,0.98409785364744,0.943347747676399
"01634000",2008-01-23,0.00755349098471925,0.977819220514536,1.0000520513484,2008,"01",23,"Winter",74,0.98409785364744,0.943347747676399
"01634000",2008-01-24,0.00738620758056641,0.977853497873863,1.00003505490443,2008,"01",24,"Winter",74,0.98409785364744,0.943347747676399
"01634000",2008-01-25,0.00722297152969986,0.977899883115114,1.00004743577781,2008,"01",25,"Winter",74,0.98409785364744,0.943347747676399
"01634000",2008-01-26,0.00706369927502237,0.977949206358826,1.00005043792781,2008,"01",26,"Winter",74,0.98409785364744,0.943347747676399
"01634000",2008-01-27,0.00690827544895001,0.977996822908083,1.00004869020696,2008,"01",27,"Winter",74,0.98409785364744,0.943347747676399
"01634000",2008-01-28,0.00675654030055739,0.978035741406969,1.00003979409542,2008,"01",28,"Winter",74,0.98409785364744,0.943347747676399
"01634000",2008-02-20,0.0204284669598565,0.977330346031194,0.994872144443027,2008,"02",20,"Winter",75,0.982396202394924,0.985731542999759
"01634000",2008-02-21,0.0199657159973867,0.977347739143663,1.00001779655419,2008,"02",21,"Winter",75,0.982396202394924,0.985731542999759
"01634000",2008-02-22,0.0195137686678208,0.977363830597158,1.0000164644096,2008,"02",22,"Winter",75,0.982396202394924,0.985731542999759
"01634000",2008-02-23,0.0190725856809877,0.977391195194361,1.00002799837312,2008,"02",23,"Winter",75,0.982396202394924,0.985731542999759
"01634000",2008-02-24,0.0186415800126269,0.977401822932148,1.00001087357635,2008,"02",24,"Winter",75,0.982396202394924,0.985731542999759
"01634000",2008-02-25,0.018187056586612,0.975617762780459,0.998174691196772,2008,"02",25,"Winter",75,0.982396202394924,0.985731542999759
"01634000",2008-02-26,0.0179966054274701,0.989528203300244,1.01425808451882,2008,"02",26,"Winter",75,0.982396202394924,0.985731542999759
"01634000",2008-02-27,0.0182911603478715,1.01636724890083,1.02712307290593,2008,"02",27,"Winter",75,0.982396202394924,0.985731542999759
"01634000",2008-02-28,0.0178811051882803,0.977581785310911,0.961839124950293,2008,"02",28,"Winter",75,0.982396202394924,0.985731542999759
"01634000",2008-02-29,0.0174809483578429,0.977621247332086,1.00004036697673,2008,"02",29,"Winter",75,0.982396202394924,0.985731542999759
"01634000",2008-03-01,0.0170904714614153,0.977662716665347,1.00004241860882,2008,"03",1,"Spring",75,0.982396202394924,0.985731542999759
"01634000",2008-03-02,0.0167094551143236,0.977705919467941,1.00004418988457,2008,"03",2,"Spring",75,0.982396202394924,0.985731542999759
"01634000",2008-03-03,0.0162533556576818,0.972704109528332,0.994884136589527,2008,"03",3,"Spring",75,0.982396202394924,0.985731542999759
"01634000",2008-03-04,0.0159552804543637,0.981660697667853,1.00920792669814,2008,"03",4,"Spring",75,0.982396202394924,0.985731542999759
"01634000",2008-03-11,0.0263555005658418,0.989226148186708,0.996765241354268,2008,"03",11,"Spring",76,0.983865954237124,0.827790643219559
"01634000",2008-03-12,0.0259863240644336,0.985992430669798,0.99673106344506,2008,"03",12,"Spring",76,0.983865954237124,0.827790643219559
"01634000",2008-03-13,0.0254468863131478,0.979241475248742,0.9931531366661,2008,"03",13,"Spring",76,0.983865954237124,0.827790643219559
"01634000",2008-03-14,0.0247317797038704,0.971898070338455,0.992500925363254,2008,"03",14,"Spring",76,0.983865954237124,0.827790643219559
"01634000",2008-03-15,0.0245918517466635,0.994342180025764,1.02309306950213,2008,"03",15,"Spring",76,0.983865954237124,0.827790643219559
"01634000",2008-03-16,0.0260934478137642,1.06106071566182,1.06709816497408,2008,"03",16,"Spring",76,0.983865954237124,0.827790643219559
"01634000",2008-03-17,0.0260289654834196,0.997528792254484,0.940124139486483,2008,"03",17,"Spring",76,0.983865954237124,0.827790643219559
"01634000",2008-03-18,0.0253659683512524,0.974528487019987,0.976942715425271,2008,"03",18,"Spring",76,0.983865954237124,0.827790643219559
"01634000",2008-03-19,0.0249449840048328,0.983403576769078,1.00910706035514,2008,"03",19,"Spring",76,0.983865954237124,0.827790643219559
"01634000",2008-03-20,0.0264024052303284,1.05842542232993,1.07628795271147,2008,"03",20,"Spring",76,0.983865954237124,0.827790643219559
"01634000",2008-03-21,0.0258259335532784,0.978165940867092,0.924170867621303,2008,"03",21,"Spring",76,0.983865954237124,0.827790643219559
"01634000",2008-03-22,0.0251894847024232,0.975356211246256,0.997127553206008,2008,"03",22,"Spring",76,0.983865954237124,0.827790643219559
"01634000",2008-03-23,0.0244684943463653,0.971377328096413,0.995920584598771,2008,"03",23,"Spring",76,0.983865954237124,0.827790643219559
"01634000",2008-03-24,0.023746827384457,0.970506278331117,0.999103283821742,2008,"03",24,"Spring",76,0.983865954237124,0.827790643219559
"01634000",2008-03-25,0.0230367024196312,0.970096006791602,0.999577260293235,2008,"03",25,"Spring",76,0.983865954237124,0.827790643219559
"01634000",2008-03-26,0.0222139786346815,0.964286390909467,0.99401129801436,2008,"03",26,"Spring",76,0.983865954237124,0.827790643219559
"01634000",2008-03-27,0.021457105409354,0.965928065486391,1.00170247614443,2008,"03",27,"Spring",76,0.983865954237124,0.827790643219559
"01634000",2008-03-28,0.0209147464483976,0.974723572886029,1.00910575819661,2008,"03",28,"Spring",76,0.983865954237124,0.827790643219559
"01634000",2008-03-29,0.0203034181613475,0.970770466256503,0.995944381833486,2008,"03",29,"Spring",76,0.983865954237124,0.827790643219559
"01634000",2008-03-30,0.019584325607866,0.964582685153457,0.993625907134457,2008,"03",30,"Spring",76,0.983865954237124,0.827790643219559
"01634000",2008-03-31,0.0188880691421218,0.964448279727101,0.999860659507552,2008,"03",31,"Spring",76,0.983865954237124,0.827790643219559
"01634000",2008-04-01,0.0182497035712004,0.966202708910153,1.00181910136596,2008,"04",1,"Spring",76,0.983865954237124,0.827790643219559
"01634000",2008-04-02,0.0175575123284943,0.962071096661627,0.995723866006144,2008,"04",2,"Spring",76,0.983865954237124,0.827790643219559
"01634000",2008-12-22,0.0183880879776552,0.984414371819702,0.993452279102997,2008,"12",22,"Winter",77,0.97944383295347,0.995862070887488
"01634000",2008-12-23,0.0180841567926109,0.983471300256249,0.999041997363661,2008,"12",23,"Winter",77,0.97944383295347,0.995862070887488
"01634000",2008-12-24,0.0177716133184731,0.982717276911385,0.999233304169967,2008,"12",24,"Winter",77,0.97944383295347,0.995862070887488
"01634000",2008-12-25,0.0174525659531355,0.982047360607044,0.999318302099616,2008,"12",25,"Winter",77,0.97944383295347,0.995862070887488
"01634000",2008-12-26,0.0171309029683471,0.981569301290586,0.999513201363158,2008,"12",26,"Winter",77,0.97944383295347,0.995862070887488
"01634000",2008-12-27,0.016808602202218,0.98118600247024,0.999609504066761,2008,"12",27,"Winter",77,0.97944383295347,0.995862070887488
"01634000",2008-12-28,0.0164885410340503,0.980958489925742,0.999768124959054,2008,"12",28,"Winter",77,0.97944383295347,0.995862070887488
"01634000",2008-12-29,0.0161702572950162,0.980696670592213,0.999733098458072,2008,"12",29,"Winter",77,0.97944383295347,0.995862070887488
"01634000",2008-12-30,0.0158541958080605,0.980454146078854,0.999752701808182,2008,"12",30,"Winter",77,0.97944383295347,0.995862070887488
"01634000",2008-12-31,0.0155317019671202,0.979658770154943,0.999188767851009,2008,"12",31,"Winter",77,0.97944383295347,0.995862070887488
"01634000",2009-01-01,0.0152118654805236,0.979407505547448,0.999743518238034,2009,"01",1,"Winter",77,0.97944383295347,0.995862070887488
"01634000",2009-01-02,0.0148907457478344,0.978890180622472,0.999471798079914,2009,"01",2,"Winter",77,0.97944383295347,0.995862070887488
"01634000",2009-01-03,0.0145472812000662,0.976934362214989,0.998002004263401,2009,"01",3,"Winter",77,0.97944383295347,0.995862070887488
"01634000",2009-01-04,0.0142122202087194,0.976967449330304,1.00003386830947,2009,"01",4,"Winter",77,0.97944383295347,0.995862070887488
"01634000",2009-01-05,0.0138374898815528,0.973633231003787,0.996587175623095,2009,"01",5,"Winter",77,0.97944383295347,0.995862070887488
"01634000",2009-01-06,0.0134648749371991,0.973072071051669,0.999423643386186,2009,"01",6,"Winter",77,0.97944383295347,0.995862070887488
"01634000",2009-01-07,0.0131823982810602,0.979021219472414,1.00611377985016,2009,"01",7,"Winter",77,0.97944383295347,0.995862070887488
"01634000",2009-01-13,0.01967094122665,0.990453371982477,0.971994303365424,2009,"01",13,"Winter",78,0.989728228881395,0.805655196555534
"01634000",2009-01-14,0.0199344965512864,1.01339820609495,1.02316599121325,2009,"01",14,"Winter",78,0.989728228881395,0.805655196555534
"01634000",2009-01-15,0.0195372232701629,0.980071065246047,0.967113479530094,2009,"01",15,"Winter",78,0.989728228881395,0.805655196555534
"01634000",2009-01-16,0.0191183455754071,0.978560019048587,0.998458227927502,2009,"01",16,"Winter",78,0.989728228881395,0.805655196555534
"01634000",2009-01-17,0.0187072155531496,0.978495523023372,0.999934090884606,2009,"01",17,"Winter",78,0.989728228881395,0.805655196555534
"01634000",2009-01-18,0.0183040023548529,0.978446113631869,0.999949504734216,2009,"01",18,"Winter",78,0.989728228881395,0.805655196555534
"01634000",2009-01-19,0.0179087856085971,0.978408178790964,0.999961229504235,2009,"01",19,"Winter",78,0.989728228881395,0.805655196555534
"01634000",2009-01-20,0.0175216767238453,0.978384414598946,0.999975711372275,2009,"01",20,"Winter",78,0.989728228881395,0.805655196555534
"01634000",2009-01-21,0.0171426170272753,0.978366242994646,0.999981426927873,2009,"01",21,"Winter",78,0.989728228881395,0.805655196555534
"01634000",2009-01-22,0.016771494934801,0.978350908039084,0.999984325955978,2009,"01",22,"Winter",78,0.989728228881395,0.805655196555534
"01634000",2009-01-23,0.0165093843243085,0.984371660873913,1.00615398093399,2009,"01",23,"Winter",78,0.989728228881395,0.805655196555534
"01634000",2009-01-24,0.0173778422758915,1.05260389694268,1.06931552256207,2009,"01",24,"Winter",78,0.989728228881395,0.805655196555534
"01634000",2009-01-25,0.017430649488233,1.00303876692533,0.952911888164854,2009,"01",25,"Winter",78,0.989728228881395,0.805655196555534
"01634000",2009-01-26,0.017040308273863,0.977606043043118,0.974644326101002,2009,"01",26,"Winter",78,0.989728228881395,0.805655196555534
"01634000",2009-01-27,0.0166595304035582,0.977654285111207,1.00004934714595,2009,"01",27,"Winter",78,0.989728228881395,0.805655196555534
"01634000",2009-01-28,0.0165759358787909,0.994982180004942,1.01772394920947,2009,"01",28,"Winter",78,0.989728228881395,0.805655196555534
"01634000",2009-01-29,0.0172257456579246,1.03920199642936,1.04444282250783,2009,"01",29,"Winter",78,0.989728228881395,0.805655196555534
"01634000",2009-01-30,0.0168687489931472,0.979275401374967,0.942334026242928,2009,"01",30,"Winter",78,0.989728228881395,0.805655196555534
"01634000",2009-01-31,0.0165066594490781,0.978534890511672,0.999243817559131,2009,"01",31,"Winter",78,0.989728228881395,0.805655196555534
"01634000",2009-02-05,0.0216367617831565,0.980150819776843,0.985326769275747,2009,"02",5,"Winter",79,0.976632834739895,0.941461603395626
"01634000",2009-02-06,0.0211737551144324,0.978600925898045,0.998418718989439,2009,"02",6,"Winter",79,0.976632834739895,0.941461603395626
"01634000",2009-02-07,0.0208626689272933,0.985307934966759,1.00685367128849,2009,"02",7,"Winter",79,0.976632834739895,0.941461603395626
"01634000",2009-02-08,0.0227398573188111,1.08997834352162,1.1062311637208,2009,"02",8,"Winter",79,0.976632834739895,0.941461603395626
"01634000",2009-02-09,0.0233840913278982,1.02833060911751,0.943441321774397,2009,"02",9,"Winter",79,0.976632834739895,0.941461603395626
"01634000",2009-02-10,0.0229178760200739,0.980062714377612,0.953061890493257,2009,"02",10,"Winter",79,0.976632834739895,0.941461603395626
"01634000",2009-02-11,0.0224133879528381,0.977987136905972,0.997882199331541,2009,"02",11,"Winter",79,0.976632834739895,0.941461603395626
"01634000",2009-02-12,0.0228001896175556,1.01725761698907,1.04015439324421,2009,"02",12,"Winter",79,0.976632834739895,0.941461603395626
"01634000",2009-02-13,0.0223558780853637,0.980512814163185,0.963878567029418,2009,"02",13,"Winter",79,0.976632834739895,0.941461603395626
"01634000",2009-02-14,0.0218961435602978,0.979435631053702,0.998901408432483,2009,"02",14,"Winter",79,0.976632834739895,0.941461603395626
"01634000",2009-02-15,0.0214155393186957,0.978050735725283,0.998586027213519,2009,"02",15,"Winter",79,0.976632834739895,0.941461603395626
"01634000",2009-02-16,0.0209538141498342,0.978439713238584,1.00039770688687,2009,"02",16,"Winter",79,0.976632834739895,0.941461603395626
"01634000",2009-02-17,0.02050085546216,0.978382995838596,0.999942032810789,2009,"02",17,"Winter",79,0.976632834739895,0.941461603395626
"01634000",2009-02-18,0.0200413689017296,0.977586956735611,0.999186372712557,2009,"02",18,"Winter",79,0.976632834739895,0.941461603395626
"01634000",2009-02-19,0.0196163163054734,0.978791239343963,1.00123189308128,2009,"02",19,"Winter",79,0.976632834739895,0.941461603395626
"01634000",2009-02-20,0.0192035640939139,0.978958729807778,1.00017111970059,2009,"02",20,"Winter",79,0.976632834739895,0.941461603395626
"01634000",2009-02-21,0.0187884437036701,0.9783831590733,0.999412058223751,2009,"02",21,"Winter",79,0.976632834739895,0.941461603395626
"01634000",2009-02-22,0.0183820231468417,0.978368588519708,0.999985107517994,2009,"02",22,"Winter",79,0.976632834739895,0.941461603395626
"01634000",2009-02-23,0.0179842610959895,0.978361356218805,0.999992607795275,2009,"02",23,"Winter",79,0.976632834739895,0.941461603395626
"01634000",2009-02-24,0.0175950904376805,0.978360486637074,0.999999111185529,2009,"02",24,"Winter",79,0.976632834739895,0.941461603395626
"01634000",2009-02-25,0.0172144212992862,0.978365036557068,1.00000465055576,2009,"02",25,"Winter",79,0.976632834739895,0.941461603395626
"01634000",2009-02-26,0.0168268718407489,0.977486930765816,0.999102476316669,2009,"02",26,"Winter",79,0.976632834739895,0.941461603395626
"01634000",2009-02-27,0.0163622766267508,0.972389686069099,0.994785357700155,2009,"02",27,"Winter",79,0.976632834739895,0.941461603395626
"01634000",2009-02-28,0.0159212889848277,0.97304851568136,1.00067753661078,2009,"02",28,"Winter",79,0.976632834739895,0.941461603395626
"01634000",2009-03-01,0.0155152814695612,0.97449908008997,1.00149074212152,2009,"03",1,"Spring",79,0.976632834739895,0.941461603395626
"01634000",2009-03-02,0.0151391498511657,0.975757344838805,1.00129119131515,2009,"03",2,"Spring",79,0.976632834739895,0.941461603395626
"01634000",2009-03-03,0.0147967704688199,0.977384504036766,1.00166758590808,2009,"03",3,"Spring",79,0.976632834739895,0.941461603395626
"01634000",2009-03-04,0.0144631704315543,0.97745453726078,1.00007165370816,2009,"03",4,"Spring",79,0.976632834739895,0.941461603395626
"01634000",2009-03-05,0.0141379399574362,0.977513196317691,1.00006001205649,2009,"03",5,"Spring",79,0.976632834739895,0.941461603395626
"01634000",2009-03-06,0.0138199724024162,0.977509626156478,0.99999634771047,2009,"03",6,"Spring",79,0.976632834739895,0.941461603395626
"01634000",2009-03-07,0.0134655643487349,0.974355371822646,0.996773173123384,2009,"03",7,"Spring",79,0.976632834739895,0.941461603395626
"01634000",2009-03-08,0.0128306079423055,0.952845911988155,0.977924420127889,2009,"03",8,"Spring",79,0.976632834739895,0.941461603395626
"01634000",2009-03-09,0.0120596109481994,0.939909550851138,0.986423448981353,2009,"03",9,"Spring",79,0.976632834739895,0.941461603395626
"01634000",2009-03-10,0.0114005933282897,0.945353326675259,1.00579180817898,2009,"03",10,"Spring",79,0.976632834739895,0.941461603395626
"01634000",2009-03-11,0.0107604467484634,0.943849713660273,0.998409469800806,2009,"03",11,"Spring",79,0.976632834739895,0.941461603395626
"01634000",2009-03-12,0.0101699568040203,0.945124030791061,1.00135012715726,2009,"03",12,"Spring",79,0.976632834739895,0.941461603395626
"01634000",2009-03-13,0.00977931791567244,0.961588933377429,1.01742089085661,2009,"03",13,"Spring",79,0.976632834739895,0.941461603395626
"01634000",2009-03-14,0.00942928885342553,0.964207211048335,1.00272286585257,2009,"03",14,"Spring",79,0.976632834739895,0.941461603395626
"01634000",2009-03-15,0.00932863893103786,0.989325820435429,1.02605104908911,2009,"03",15,"Spring",79,0.976632834739895,0.941461603395626
"01634000",2009-03-16,0.00951630235067569,1.02011691319871,1.03112330854736,2009,"03",16,"Spring",79,0.976632834739895,0.941461603395626
"01634000",2009-03-17,0.0110082414466888,1.15677718519601,1.13396530361288,2009,"03",17,"Spring",79,0.976632834739895,0.941461603395626
"01634000",2009-03-18,0.0107396412931848,0.975600085190289,0.843377702876271,2009,"03",18,"Spring",79,0.976632834739895,0.941461603395626
"01634000",2009-03-19,0.0103401607484557,0.962803176211978,0.986883038272988,2009,"03",19,"Spring",79,0.976632834739895,0.941461603395626
"01634000",2009-03-20,0.0100176996784285,0.968814694677222,1.00624376675708,2009,"03",20,"Spring",79,0.976632834739895,0.941461603395626
"01634000",2009-03-21,0.00957861696952023,0.956169308024502,0.986947569311041,2009,"03",21,"Spring",79,0.976632834739895,0.941461603395626
"01634000",2009-03-22,0.00907922716578469,0.94786410132855,0.991314083576777,2009,"03",22,"Spring",79,0.976632834739895,0.941461603395626
"01634000",2009-03-23,0.00855764170410111,0.942551777573186,0.994395479533492,2009,"03",23,"Spring",79,0.976632834739895,0.941461603395626
"01634000",2009-03-24,0.00810739616281353,0.947386726757699,1.00512963775525,2009,"03",24,"Spring",79,0.976632834739895,0.941461603395626
"01634000",2009-03-25,0.00764947608695366,0.943518231172638,0.995916666894522,2009,"03",25,"Spring",79,0.976632834739895,0.941461603395626
"01634000",2009-03-31,0.0128884558216669,0.977511313735571,0.994277354764766,2009,"03",31,"Spring",80,1.01375992809322,0.636561375339623
"01634000",2009-04-01,0.012466716056224,0.967277711831551,0.989530963212168,2009,"04",1,"Spring",80,1.01375992809322,0.636561375339623
"01634000",2009-04-02,0.0119230429118033,0.956390027496521,0.988743993372478,2009,"04",2,"Spring",80,1.01375992809322,0.636561375339623
"01634000",2009-04-03,0.0144763046992011,1.2141451478691,1.26950837311352,2009,"04",3,"Spring",80,1.01375992809322,0.636561375339623
"01634000",2009-04-04,0.0155229812953621,1.07230274699998,0.883175087329498,2009,"04",4,"Spring",80,1.01375992809322,0.636561375339623
"01634000",2009-04-05,0.0152538308757357,0.982661164469302,0.916402729750089,2009,"04",5,"Spring",80,1.01375992809322,0.636561375339623
"01634000",2009-04-06,0.0147980290930718,0.970118864803401,0.987236394273631,2009,"04",6,"Spring",80,1.01375992809322,0.636561375339623
"01634000",2009-04-07,0.0142836921149865,0.965242872895409,0.994973820131845,2009,"04",7,"Spring",80,1.01375992809322,0.636561375339623
"01634000",2009-04-08,0.0137762834201567,0.964476362921781,0.999205889009749,2009,"04",8,"Spring",80,1.01375992809322,0.636561375339623
"01634000",2009-04-09,0.0131632569828071,0.955501319285238,0.990694387149775,2009,"04",9,"Spring",80,1.01375992809322,0.636561375339623
"01634000",2009-04-10,0.0124411931610666,0.945145504438335,0.989161904188003,2009,"04",10,"Spring",80,1.01375992809322,0.636561375339623
"01634000",2009-04-11,0.0142712602391839,1.14709739286456,1.21367280220651,2009,"04",11,"Spring",80,1.01375992809322,0.636561375339623
"01634000",2009-04-12,0.0153264375403523,1.07393721952258,0.936221480584766,2009,"04",12,"Spring",80,1.01375992809322,0.636561375339623
"01634000",2009-04-13,0.0149579388089478,0.975956661133134,0.908765096685069,2009,"04",13,"Spring",80,1.01375992809322,0.636561375339623
"01634000",2009-04-14,0.0144697037176229,0.967359467266116,0.99119100856688,2009,"04",14,"Spring",80,1.01375992809322,0.636561375339623
"01634000",2009-04-15,0.0149494223296642,1.03315331270101,1.06801385385811,2009,"04",15,"Spring",80,1.01375992809322,0.636561375339623
"01634000",2009-04-16,0.0178257075604051,1.19240109532751,1.15413761023538,2009,"04",16,"Spring",80,1.01375992809322,0.636561375339623
"01634000",2009-04-17,0.0175778798875399,0.986097176113462,0.826984460159874,2009,"04",17,"Spring",80,1.01375992809322,0.636561375339623
"01634000",2009-04-18,0.0169242171104997,0.96281333236874,0.976387881124971,2009,"04",18,"Spring",80,1.01375992809322,0.636561375339623
"01634000",2009-04-19,0.0160011321422644,0.945457744827519,0.981974088893719,2009,"04",19,"Spring",80,1.01375992809322,0.636561375339623
"01634000",2009-05-10,0.0303095345152542,0.966202191764836,0.984616026214848,2009,"05",10,"Spring",81,0.972763136430209,0.792936039517419
"01634000",2009-05-11,0.0292109751608223,0.963755320825563,0.997467537374549,2009,"05",11,"Spring",81,0.972763136430209,0.792936039517419
"01634000",2009-05-12,0.0288015187252313,0.985982787861867,1.02306339229055,2009,"05",12,"Spring",81,0.972763136430209,0.792936039517419
"01634000",2009-05-13,0.0280145443975926,0.972675943406091,0.986503978954204,2009,"05",13,"Spring",81,0.972763136430209,0.792936039517419
"01634000",2009-05-14,0.0268153810175136,0.957194971188536,0.984084141977086,2009,"05",14,"Spring",81,0.972763136430209,0.792936039517419
"01634000",2009-05-15,0.025673434138298,0.957414482439399,1.00022932762652,2009,"05",15,"Spring",81,0.972763136430209,0.792936039517419
"01634000",2009-05-16,0.0247553726658225,0.964240799749262,1.00712994991727,2009,"05",16,"Spring",81,0.972763136430209,0.792936039517419
"01634000",2009-05-17,0.0275149447843432,1.11147366496044,1.15269304643556,2009,"05",17,"Spring",81,0.972763136430209,0.792936039517419
"01634000",2009-05-18,0.0270755696110428,0.984031399054433,0.885339374270696,2009,"05",18,"Spring",81,0.972763136430209,0.792936039517419
"01634000",2009-05-19,0.0262259256560355,0.968619535351874,0.984338036654756,2009,"05",19,"Spring",81,0.972763136430209,0.792936039517419
"01634000",2009-05-20,0.0250696042785421,0.955909225372667,0.986877912828189,2009,"05",20,"Spring",81,0.972763136430209,0.792936039517419
"01634000",2009-05-21,0.0236957011511549,0.945196457346431,0.988793111582264,2009,"05",21,"Spring",81,0.972763136430209,0.792936039517419
"01634000",2009-05-22,0.0219884873367846,0.927952593448068,0.981756317679423,2009,"05",22,"Spring",81,0.972763136430209,0.792936039517419
"01634000",2009-05-23,0.0198860537493601,0.904384801226991,0.974602374746855,2009,"05",23,"Spring",81,0.972763136430209,0.792936039517419
"01634000",2009-05-24,0.0176488132565282,0.887497010667393,0.981326764296916,2009,"05",24,"Spring",81,0.972763136430209,0.792936039517419
"01634000",2009-05-25,0.0159855032688938,0.905755136990915,1.02057260599649,2009,"05",25,"Spring",81,0.972763136430209,0.792936039517419
"01634000",2009-05-26,0.0200405893847346,1.25367272131692,1.3841188088448,2009,"05",26,"Spring",81,0.972763136430209,0.792936039517419
"01634000",2009-05-27,0.0214245633687824,1.06905854700571,0.852741332588552,2009,"05",27,"Spring",81,0.972763136430209,0.792936039517419
"01634000",2009-05-28,0.0206249738694169,0.96267884270955,0.900492162385201,2009,"05",28,"Spring",81,0.972763136430209,0.792936039517419
"01634000",2009-05-29,0.0197965871193446,0.959835743050294,0.997046678982521,2009,"05",29,"Spring",81,0.972763136430209,0.792936039517419
"01634000",2009-05-30,0.0188513027969748,0.952250137022551,0.992096974839011,2009,"05",30,"Spring",81,0.972763136430209,0.792936039517419
"01634000",2009-11-17,0.00614327361108735,0.918672025038005,0.99433124955423,2009,"11",17,"Fall",82,1.05295204122408,0.808773111419306
"01634000",2009-11-18,0.0056641037663212,0.922000894783305,1.00362356712142,2009,"11",18,"Fall",82,1.05295204122408,0.808773111419306
"01634000",2009-11-19,0.00738819254911505,1.3043886295031,1.41473683689826,2009,"11",19,"Fall",82,1.05295204122408,0.808773111419306
"01634000",2009-11-20,0.00968549787648954,1.3109428066611,1.00502471196832,2009,"11",20,"Fall",82,1.05295204122408,0.808773111419306
"01634000",2009-11-21,0.009478994528763,0.978679118992137,0.746546007971756,2009,"11",21,"Fall",82,1.05295204122408,0.808773111419306
"01634000",2009-11-22,0.00918884875136428,0.969390658838519,0.990509187359404,2009,"11",22,"Fall",82,1.05295204122408,0.808773111419306
"01634000",2009-11-23,0.00928792211925611,1.01078191300919,1.04269821850797,2009,"11",23,"Fall",82,1.05295204122408,0.808773111419306
"01634000",2009-11-24,0.0125250977289397,1.34853604155144,1.33415133788527,2009,"11",24,"Fall",82,1.05295204122408,0.808773111419306
"01634000",2009-11-25,0.0123650043969974,0.987218196982812,0.732066601532616,2009,"11",25,"Fall",82,1.05295204122408,0.808773111419306
"01634000",2009-11-26,0.0120655206847005,0.975779732648566,0.98841343851926,2009,"11",26,"Fall",82,1.05295204122408,0.808773111419306
"01634000",2009-11-27,0.0120534077868797,0.998996073345087,1.02379260392456,2009,"11",27,"Fall",82,1.05295204122408,0.808773111419306
"01634000",2009-11-28,0.0117791889351793,0.977249682699783,0.978231755633945,2009,"11",28,"Fall",82,1.05295204122408,0.808773111419306
"01634000",2009-11-29,0.0115010987210553,0.976391395396213,0.999121731816583,2009,"11",29,"Fall",82,1.05295204122408,0.808773111419306
"01634000",2009-11-30,0.0112063017731998,0.974367931707619,0.997927610077133,2009,"11",30,"Fall",82,1.05295204122408,0.808773111419306
"01634000",2009-12-01,0.0109428064024542,0.976486857477298,1.00217466698228,2009,"12",1,"Winter",82,1.05295204122408,0.808773111419306
"01634000",2009-12-08,0.0192275681183673,0.983906032942427,0.999072984999553,2009,"12",8,"Winter",83,1.01342410048319,0.201306330447972
"01634000",2009-12-09,0.0251310477033257,1.30703204631058,1.32841145653089,2009,"12",9,"Winter",83,1.01342410048319,0.201306330447972
"01634000",2009-12-10,0.0311156396055594,1.23813539224,0.947287708618119,2009,"12",10,"Winter",83,1.01342410048319,0.201306330447972
"01634000",2009-12-11,0.0309814050560817,0.995685946000811,0.80418179808223,2009,"12",11,"Winter",83,1.01342410048319,0.201306330447972
"01634000",2009-12-12,0.0306549329543486,0.989462320990861,0.993749409605562,2009,"12",12,"Winter",83,1.01342410048319,0.201306330447972
"01634000",2009-12-13,0.0316389730433002,1.03210054611494,1.04309231814041,2009,"12",13,"Winter",83,1.01342410048319,0.201306330447972
"01634000",2009-12-14,0.033303199452348,1.05260051920049,1.01986237984537,2009,"12",14,"Winter",83,1.01342410048319,0.201306330447972
"01634000",2009-12-15,0.0328655240591616,0.986857857491658,0.937542628461967,2009,"12",15,"Winter",83,1.01342410048319,0.201306330447972
"01634000",2009-12-16,0.0323341850889847,0.983832937846346,0.996934797020311,2009,"12",16,"Winter",83,1.01342410048319,0.201306330447972
"01634000",2009-12-17,0.0317619094857946,0.982301220778716,0.998443112637617,2009,"12",17,"Winter",83,1.01342410048319,0.201306330447972
"01634000",2009-12-18,0.0311635710531846,0.981161761295314,0.998840010111665,2009,"12",18,"Winter",83,1.01342410048319,0.201306330447972
"01634000",2009-12-19,0.0305495407665148,0.980296536439235,0.999118162885867,2009,"12",19,"Winter",83,1.01342410048319,0.201306330447972
"01634000",2009-12-20,0.0299272268312052,0.979629352203169,0.999319405698923,2009,"12",20,"Winter",83,1.01342410048319,0.201306330447972
"01634000",2009-12-21,0.0293020240496844,0.979109231034099,0.999469063306545,2009,"12",21,"Winter",83,1.01342410048319,0.201306330447972
"01634000",2009-12-22,0.0286773793632165,0.978682541335411,0.999564206234439,2009,"12",22,"Winter",83,1.01342410048319,0.201306330447972
"01634000",2009-12-23,0.0280566277215257,0.97835396206088,0.999664263680352,2009,"12",23,"Winter",83,1.01342410048319,0.201306330447972
"01634000",2009-12-24,0.0274422223446891,0.97810123928881,0.999741685747827,2009,"12",24,"Winter",83,1.01342410048319,0.201306330447972
"01634000",2010-12-08,0.0120310140773654,0.996923870073393,0.996021854780922,2010,"12",8,"Winter",84,0.987858993421335,0.929158619155479
"01634000",2010-12-09,0.0119585923384875,0.993980412755551,0.997047460286386,2010,"12",9,"Winter",84,0.987858993421335,0.929158619155479
"01634000",2010-12-10,0.0118597682449035,0.991736143286203,0.99774213914022,2010,"12",10,"Winter",84,0.987858993421335,0.929158619155479
"01634000",2010-12-11,0.0118526920559816,0.99940334509277,1.00773109043012,2010,"12",11,"Winter",84,0.987858993421335,0.929158619155479
"01634000",2010-12-12,0.0127803921932355,1.07826915040669,1.07891288907644,2010,"12",12,"Winter",84,0.987858993421335,0.929158619155479
"01634000",2010-12-13,0.0141775334486738,1.10931912216104,1.02879612362334,2010,"12",13,"Winter",84,0.987858993421335,0.929158619155479
"01634000",2010-12-14,0.0140262918430381,0.989332304791714,0.891837420835599,2010,"12",14,"Winter",84,0.987858993421335,0.929158619155479
"01634000",2010-12-15,0.0138036489370279,0.984126745079765,0.994738310184823,2010,"12",15,"Winter",84,0.987858993421335,0.929158619155479
"01634000",2010-12-16,0.013580059283413,0.983802134157792,0.999670153337874,2010,"12",16,"Winter",84,0.987858993421335,0.929158619155479
"01634000",2010-12-17,0.0133523419499397,0.983231491945591,0.999419962416843,2010,"12",17,"Winter",84,0.987858993421335,0.929158619155479
"01634000",2010-12-18,0.0131204054341651,0.982629525468704,0.999387767294053,2010,"12",18,"Winter",84,0.987858993421335,0.929158619155479
"01634000",2010-12-19,0.0128879774711095,0.982285001464175,0.999649385657972,2010,"12",19,"Winter",84,0.987858993421335,0.929158619155479
"01634000",2010-12-20,0.0126556923496537,0.981976604011258,0.9996860407596,2010,"12",20,"Winter",84,0.987858993421335,0.929158619155479
"01634000",2010-12-21,0.0124243927421048,0.981723670174774,0.999742423765035,2010,"12",21,"Winter",84,0.987858993421335,0.929158619155479
"01634000",2010-12-22,0.0121946284198202,0.981506997802318,0.999779293930626,2010,"12",22,"Winter",84,0.987858993421335,0.929158619155479
"01634000",2010-12-23,0.0119666601531208,0.981305845586165,0.999795057787052,2010,"12",23,"Winter",84,0.987858993421335,0.929158619155479
"01634000",2010-12-24,0.0117404807242565,0.981099201784778,0.999789419575644,2010,"12",24,"Winter",84,0.987858993421335,0.929158619155479
"01634000",2010-12-25,0.0115166161267553,0.980932246067342,0.999829827893925,2010,"12",25,"Winter",84,0.987858993421335,0.929158619155479
"01634000",2010-12-26,0.0112956525990739,0.980813502399549,0.999878948145227,2010,"12",26,"Winter",84,0.987858993421335,0.929158619155479
"01634000",2010-12-27,0.0110777578374837,0.980709856320461,0.999894326414926,2010,"12",27,"Winter",84,0.987858993421335,0.929158619155479
"01634000",2010-12-28,0.0108629427559208,0.980608433158199,0.999896581887488,2010,"12",28,"Winter",84,0.987858993421335,0.929158619155479
"01634000",2010-12-29,0.0106510596524458,0.980494870659289,0.999884191798612,2010,"12",29,"Winter",84,0.987858993421335,0.929158619155479
"01634000",2010-12-30,0.0104419094277546,0.980363435046275,0.999865949718915,2010,"12",30,"Winter",84,0.987858993421335,0.929158619155479
"01634000",2010-12-31,0.0103978149418253,0.995777162574114,1.01572246268764,2010,"12",31,"Winter",84,0.987858993421335,0.929158619155479
"01634000",2011-01-01,0.0111427123483736,1.07163980227729,1.07618435384386,2011,"01",1,"Winter",84,0.987858993421335,0.929158619155479
"01634000",2011-01-02,0.0111021279008128,0.996357758659474,0.929750608872644,2011,"01",2,"Winter",84,0.987858993421335,0.929158619155479
"01634000",2011-01-03,0.0108780746813864,0.97981889405093,0.983400676649725,2011,"01",3,"Winter",84,0.987858993421335,0.929158619155479
"01634000",2011-01-04,0.0106583416054491,0.979800370711442,0.999981095139519,2011,"01",4,"Winter",84,0.987858993421335,0.929158619155479
"01634000",2011-01-05,0.010442900529597,0.979786623113863,0.999985968981039,2011,"01",5,"Winter",84,0.987858993421335,0.929158619155479
"01634000",2011-01-06,0.0102317049459089,0.979776156721063,0.99998931768147,2011,"01",6,"Winter",84,0.987858993421335,0.929158619155479
"01634000",2011-01-07,0.0100247082591523,0.979769091480753,0.99999278892402,2011,"01",7,"Winter",84,0.987858993421335,0.929158619155479
"01634000",2011-01-08,0.00982184946769848,0.979764120190873,0.999994926059698,2011,"01",8,"Winter",84,0.987858993421335,0.929158619155479
"01634000",2011-01-09,0.00962298916419968,0.979753273133252,0.999988928909114,2011,"01",9,"Winter",84,0.987858993421335,0.929158619155479
"01634000",2011-01-10,0.00942812688299455,0.979750337667419,0.999997003872389,2011,"01",10,"Winter",84,0.987858993421335,0.929158619155479
"01634000",2011-01-11,0.00923724603489972,0.979754106996681,1.00000384723446,2011,"01",11,"Winter",84,0.987858993421335,0.929158619155479
"01634000",2011-01-12,0.00905030520516448,0.979762276653782,1.00000833847701,2011,"01",12,"Winter",84,0.987858993421335,0.929158619155479
"01634000",2011-01-13,0.00886721292044967,0.979769490579132,1.00000736293438,2011,"01",13,"Winter",84,0.987858993421335,0.929158619155479
"01634000",2011-01-14,0.00868789426749572,0.979777337641188,1.00000800909003,2011,"01",14,"Winter",84,0.987858993421335,0.929158619155479
"01634000",2011-01-15,0.00851228172541596,0.979786524021501,1.00000937598775,2011,"01",15,"Winter",84,0.987858993421335,0.929158619155479
"01634000",2011-01-16,0.00834019252215512,0.979783422493289,0.999996834485741,2011,"01",16,"Winter",84,0.987858993421335,0.929158619155479
"01634000",2011-01-17,0.00817156766424887,0.979781658821626,0.999998199937229,2011,"01",17,"Winter",84,0.987858993421335,0.929158619155479
"01634000",2011-01-18,0.00800644286209718,0.979792763281626,1.00001133360673,2011,"01",18,"Winter",84,0.987858993421335,0.929158619155479
"01634000",2011-01-19,0.00799966242630035,0.999153127560689,1.01975965224954,2011,"01",19,"Winter",84,0.987858993421335,0.929158619155479
"01634000",2011-01-20,0.00844096578657627,1.05516524782659,1.05605959559237,2011,"01",20,"Winter",84,0.987858993421335,0.929158619155479
"01634000",2011-01-21,0.00852527908864431,1.00998858474253,0.95718522461092,2011,"01",21,"Winter",84,0.987858993421335,0.929158619155479
"01634000",2011-01-22,0.00834905073861591,0.979328729511843,0.969643364594556,2011,"01",22,"Winter",84,0.987858993421335,0.929158619155479
"01634000",2011-01-23,0.0081766985822469,0.979356676373776,1.00002853675287,2011,"01",23,"Winter",84,0.987858993421335,0.929158619155479
"01634000",2011-01-24,0.00800813364912756,0.979384719710064,1.00002863444643,2011,"01",24,"Winter",84,0.987858993421335,0.929158619155479
"01634000",2011-01-25,0.0078432459558826,0.979409972351932,1.00002578419017,2011,"01",25,"Winter",84,0.987858993421335,0.929158619155479
"01634000",2011-01-26,0.0076818932138849,0.979427810512984,1.00001821317074,2011,"01",26,"Winter",84,0.987858993421335,0.929158619155479
"01634000",2011-01-27,0.00752420676872134,0.97947297094959,1.00004610899968,2011,"01",27,"Winter",84,0.987858993421335,0.929158619155479
"01634000",2011-01-28,0.00736997716012411,0.979502210221232,1.00002985204545,2011,"01",28,"Winter",84,0.987858993421335,0.929158619155479
"01634000",2011-01-29,0.00721907475963235,0.979524712599079,1.0000229732793,2011,"01",29,"Winter",84,0.987858993421335,0.929158619155479
"01634000",2011-01-30,0.00707144467742182,0.979549999532344,1.00002581551332,2011,"01",30,"Winter",84,0.987858993421335,0.929158619155479
"01634000",2011-01-31,0.00692692594020627,0.979563053405907,1.00001332639842,2011,"01",31,"Winter",84,0.987858993421335,0.929158619155479
"01634000",2011-02-01,0.00678546412382275,0.979577980534997,1.0000152385587,2011,"02",1,"Winter",84,0.987858993421335,0.929158619155479
"01634000",2011-10-24,0.00371005611668806,0.865781786800116,0.980239418085182,2011,"10",24,"Fall",85,0.99972631247707,1.35455972888773e-05
"01634000",2011-10-25,0.00319755609962158,0.861861923122611,0.995472457682446,2011,"10",25,"Fall",85,0.99972631247707,1.35455972888773e-05
"01634000",2011-10-26,0.00265055854106322,0.828932615561273,0.961792827043534,2011,"10",26,"Fall",85,0.99972631247707,1.35455972888773e-05
"01634000",2011-10-27,0.00210799039632548,0.795300448440538,0.95942713980682,2011,"10",27,"Fall",85,0.99972631247707,1.35455972888773e-05
"01634000",2011-10-28,0.00170205988979433,0.807432468744287,1.01525463782592,2011,"10",28,"Fall",85,0.99972631247707,1.35455972888773e-05
"01634000",2011-10-29,0.00512574956519529,3.01149777157058,3.72972092174352,2011,"10",29,"Fall",85,0.99972631247707,1.35455972888773e-05
"01634000",2011-10-30,0.00769407540792599,1.50106346595044,0.498444156300202,2011,"10",30,"Fall",85,0.99972631247707,1.35455972888773e-05
"01634000",2011-10-31,0.00753870690823533,0.979806735513586,0.652741711286135,2011,"10",31,"Fall",85,0.99972631247707,1.35455972888773e-05
"01634000",2011-11-01,0.00725717007298954,0.962654492518042,0.982494258945308,2011,"11",1,"Fall",85,0.99972631247707,1.35455972888773e-05
"01634000",2011-11-02,0.00679054606007412,0.935701656675769,0.972001547749731,2011,"11",2,"Fall",85,0.99972631247707,1.35455972888773e-05
"01634000",2011-11-03,0.00627298900508322,0.923782704599569,0.98726201670034,2011,"11",3,"Fall",85,0.99972631247707,1.35455972888773e-05
"01634000",2011-11-04,0.00575652687984984,0.917668893598432,0.993381765029053,2011,"11",4,"Fall",85,0.99972631247707,1.35455972888773e-05
"01634000",2011-11-05,0.00531644545844756,0.923550878752473,1.00640970310215,2011,"11",5,"Fall",85,0.99972631247707,1.35455972888773e-05
"01634000",2011-11-06,0.00491864416108001,0.925175326169206,1.00175891491644,2011,"11",6,"Fall",85,0.99972631247707,1.35455972888773e-05
"01634000",2011-11-07,0.00444439428974874,0.903581178918392,0.976659399964517,2011,"11",7,"Fall",85,0.99972631247707,1.35455972888773e-05
"01634000",2011-11-08,0.00389492941030767,0.876369006973921,0.969884087252631,2011,"11",8,"Fall",85,0.99972631247707,1.35455972888773e-05
"01634000",2011-11-09,0.00333859820966609,0.857165267445081,0.978087153498103,2011,"11",9,"Fall",85,0.99972631247707,1.35455972888773e-05
"01634000",2011-11-10,0.00291227881825762,0.872305870717188,1.01766357533039,2011,"11",10,"Fall",85,0.99972631247707,1.35455972888773e-05
"01634000",2011-11-11,0.00264028961100848,0.90660605518126,1.03932128123346,2011,"11",11,"Fall",85,0.99972631247707,1.35455972888773e-05
"01634000",2011-11-12,0.00233347791800043,0.88379619730774,0.974840386578975,2011,"11",12,"Fall",85,0.99972631247707,1.35455972888773e-05
"01634000",2011-11-26,0.00970871056779287,0.969402800080702,0.988744783181039,2011,"11",26,"Fall",86,1.01384176373934,0.503105205234908
"01634000",2011-11-27,0.00932502440991811,0.960480214628338,0.990795791541326,2011,"11",27,"Fall",86,1.01384176373934,0.503105205234908
"01634000",2011-11-28,0.00889916316373274,0.954331353199202,0.993598138373402,2011,"11",28,"Fall",86,1.01384176373934,0.503105205234908
"01634000",2011-11-29,0.0106263785855845,1.19408739789048,1.25122934910139,2011,"11",29,"Fall",86,1.01384176373934,0.503105205234908
"01634000",2011-11-30,0.012491112225689,1.17548157399871,0.984418373458555,2011,"11",30,"Fall",86,1.01384176373934,0.503105205234908
"01634000",2011-12-01,0.01236162945861,0.989634008186018,0.841896657571176,2011,"12",1,"Winter",86,1.01384176373934,0.503105205234908
"01634000",2011-12-02,0.0122120180167258,0.987897109973638,0.998244908523744,2011,"12",2,"Winter",86,1.01384176373934,0.503105205234908
"01634000",2011-12-03,0.0120370383374393,0.985671518085969,0.997747142019953,2011,"12",3,"Winter",86,1.01384176373934,0.503105205234908
"01634000",2011-12-04,0.0117898794414941,0.979466801632057,0.993705086999003,2011,"12",4,"Winter",86,1.01384176373934,0.503105205234908
"01634000",2011-12-05,0.0114619080850389,0.972181958426059,0.992562439897035,2011,"12",5,"Winter",86,1.01384176373934,0.503105205234908
"01634000",2011-12-06,0.0113216111785732,0.987759725045362,1.01602350926623,2011,"12",6,"Winter",86,1.01384176373934,0.503105205234908
"01634000",2011-12-07,0.0136198931722902,1.20299955169513,1.21790706908999,2011,"12",7,"Winter",86,1.01384176373934,0.503105205234908
"01634000",2011-12-08,0.020865723316092,1.53200344908311,1.27348630090874,2011,"12",8,"Winter",86,1.01384176373934,0.503105205234908
"01634000",2011-12-09,0.0209787308704108,1.00541594233791,0.656275247251984,2011,"12",9,"Winter",86,1.01384176373934,0.503105205234908
"01634000",2011-12-10,0.0209395273705013,0.998131273995951,0.992754572475725,2011,"12",10,"Winter",86,1.01384176373934,0.503105205234908
"01634000",2011-12-11,0.0208082844619639,0.993732288880489,0.995592778996043,2011,"12",11,"Winter",86,1.01384176373934,0.503105205234908
"01634000",2011-12-12,0.0206198070081882,0.990942191600647,0.997192304898349,2011,"12",12,"Winter",86,1.01384176373934,0.503105205234908
"01634000",2011-12-13,0.0203845294890925,0.988589732241322,0.997626037745426,2011,"12",13,"Winter",86,1.01384176373934,0.503105205234908
"01634000",2011-12-14,0.0200749366194941,0.984812361268183,0.996179030744558,2011,"12",14,"Winter",86,1.01384176373934,0.503105205234908
"01634000",2011-12-15,0.0196557831368409,0.979120557608826,0.994220418139322,2011,"12",15,"Winter",86,1.01384176373934,0.503105205234908
"01634000",2011-12-16,0.0191775752464309,0.975670880825213,0.996476759928279,2011,"12",16,"Winter",86,1.01384176373934,0.503105205234908
"01634000",2011-12-17,0.0187126040109433,0.975754430395253,1.00008563294414,2011,"12",17,"Winter",86,1.01384176373934,0.503105205234908
"01634000",2011-12-18,0.0182857172912918,0.977187209252017,1.00146838058033,2011,"12",18,"Winter",86,1.01384176373934,0.503105205234908
"01634000",2011-12-19,0.0178248872980475,0.974798363886785,0.997555386171028,2011,"12",19,"Winter",86,1.01384176373934,0.503105205234908
"01634000",2011-12-20,0.017304275825154,0.970793000584608,0.995891085325373,2011,"12",20,"Winter",86,1.01384176373934,0.503105205234908
"01634000",2011-12-21,0.0167774851433933,0.969557195742627,0.998727015088452,2011,"12",21,"Winter",86,1.01384176373934,0.503105205234908
"01634000",2011-12-22,0.0163958875928074,0.977255378423855,1.00793989536154,2011,"12",22,"Winter",86,1.01384176373934,0.503105205234908
"01634000",2011-12-23,0.0200963674578816,1.22569561081265,1.25422242524721,2011,"12",23,"Winter",86,1.01384176373934,0.503105205234908
"01634000",2011-12-24,0.0202750533935614,1.00889145444092,0.823117457173581,2011,"12",24,"Winter",86,1.01384176373934,0.503105205234908
"01634000",2011-12-25,0.0201134176459163,0.992027850950253,0.983285017018986,2011,"12",25,"Winter",86,1.01384176373934,0.503105205234908
"01634000",2011-12-26,0.0198827670537867,0.988532501229272,0.996476560897325,2011,"12",26,"Winter",86,1.01384176373934,0.503105205234908
"01634000",2011-12-27,0.0208057026029564,1.04641886849416,1.05855787967812,2011,"12",27,"Winter",86,1.01384176373934,0.503105205234908
"01634000",2011-12-28,0.022550297784619,1.08385177924319,1.03577239657662,2011,"12",28,"Winter",86,1.01384176373934,0.503105205234908
"01634000",2011-12-29,0.0222412074217573,0.986293291298682,0.909989087241587,2011,"12",29,"Winter",86,1.01384176373934,0.503105205234908
"01634000",2011-12-30,0.0218956066528335,0.984461240688503,0.998142489028019,2011,"12",30,"Winter",86,1.01384176373934,0.503105205234908
"01634000",2011-12-31,0.0215348452911712,0.983523573135819,0.999047532280673,2011,"12",31,"Winter",86,1.01384176373934,0.503105205234908
"01634000",2012-01-01,0.0211638083565049,0.982770392373404,0.999234201616527,2012,"01",1,"Winter",86,1.01384176373934,0.503105205234908
"01634000",2012-01-02,0.0207862124661915,0.982158414782785,0.99937729341933,2012,"01",2,"Winter",86,1.01384176373934,0.503105205234908
"01634000",2012-01-03,0.0204049304011278,0.981656972587774,0.99948944876156,2012,"01",3,"Winter",86,1.01384176373934,0.503105205234908
"01634000",2012-01-04,0.0200221932027489,0.981242905961701,0.999578196215547,2012,"01",4,"Winter",86,1.01384176373934,0.503105205234908
"01634000",2012-01-05,0.0196397281251848,0.980897942913087,0.999648442759159,2012,"01",5,"Winter",86,1.01384176373934,0.503105205234908
"01634000",2012-01-06,0.0192491497145966,0.980112840254272,0.999199608211551,2012,"01",6,"Winter",86,1.01384176373934,0.503105205234908
"01634000",2012-01-07,0.0187842095619999,0.975846197910544,0.995646784565518,2012,"01",7,"Winter",86,1.01384176373934,0.503105205234908
"01634000",2012-01-08,0.0182567230076529,0.97191861852872,0.995975206553827,2012,"01",8,"Winter",86,1.01384176373934,0.503105205234908
"01634000",2012-01-09,0.0177822660189122,0.974011930369879,1.00215379333336,2012,"01",9,"Winter",86,1.01384176373934,0.503105205234908
"01634000",2012-01-10,0.0173771630506963,0.977218709483645,1.00329234069294,2012,"01",10,"Winter",86,1.01384176373934,0.503105205234908
"01634000",2012-01-15,0.0223698592744768,0.987769319413588,0.992779538636896,2012,"01",15,"Winter",87,0.987806040047983,0.941043812920082
"01634000",2012-01-16,0.0220627656090073,0.986271989389767,0.998484129852596,2012,"01",16,"Winter",87,0.987806040047983,0.941043812920082
"01634000",2012-01-17,0.0221322055440396,1.00314738126049,1.01711028200361,2012,"01",17,"Winter",87,0.987806040047983,0.941043812920082
"01634000",2012-01-18,0.0220033466466703,0.994177765197737,0.991058526164442,2012,"01",18,"Winter",87,0.987806040047983,0.941043812920082
"01634000",2012-01-19,0.0216288254014216,0.982978896289611,0.988735546800427,2012,"01",19,"Winter",87,0.987806040047983,0.941043812920082
"01634000",2012-01-20,0.0212469304678962,0.982343242111503,0.999353338936871,2012,"01",20,"Winter",87,0.987806040047983,0.941043812920082
"01634000",2012-01-21,0.0208617806201801,0.981872682818911,0.999520982816983,2012,"01",21,"Winter",87,0.987806040047983,0.941043812920082
"01634000",2012-01-22,0.020476050034631,0.981510179184997,0.999630803830011,2012,"01",22,"Winter",87,0.987806040047983,0.941043812920082
"01634000",2012-01-23,0.0201113101211377,0.982186998328461,1.00068956915355,2012,"01",23,"Winter",87,0.987806040047983,0.941043812920082
"01634000",2012-01-24,0.0208858734113164,1.03851381563475,1.05734836380664,2012,"01",24,"Winter",87,0.987806040047983,0.941043812920082
"01634000",2012-01-25,0.0210656675626524,1.00860840951179,0.971203651147689,2012,"01",25,"Winter",87,0.987806040047983,0.941043812920082
"01634000",2012-01-26,0.0207058205269277,0.982917843232149,0.974528701092158,2012,"01",26,"Winter",87,0.987806040047983,0.941043812920082
"01634000",2012-01-27,0.0215171033050865,1.03918138752839,1.05724135001072,2012,"01",27,"Winter",87,0.987806040047983,0.941043812920082
"01634000",2012-01-28,0.0218211516039446,1.0141305404611,0.975893672300201,2012,"01",28,"Winter",87,0.987806040047983,0.941043812920082
"01634000",2012-01-29,0.0213711252436042,0.97937659897569,0.965730307786999,2012,"01",29,"Winter",87,0.987806040047983,0.941043812920082
"01634000",2012-01-30,0.0208844587323256,0.977227848055205,0.997806001365836,2012,"01",30,"Winter",87,0.987806040047983,0.941043812920082
"01634000",2012-01-31,0.020345781755168,0.974206802098069,0.996908555191966,2012,"01",31,"Winter",87,0.987806040047983,0.941043812920082
"01634000",2012-02-01,0.0197168770246208,0.96908918329533,0.994746886603833,2012,"02",1,"Winter",87,0.987806040047983,0.941043812920082
"01634000",2012-02-02,0.0199072274845093,1.00965418913203,1.0418588985781,2012,"02",2,"Winter",87,0.987806040047983,0.941043812920082
"01634000",2012-02-03,0.0200529698631726,1.00732107867741,0.997689198460498,2012,"02",3,"Winter",87,0.987806040047983,0.941043812920082
"01634000",2012-02-04,0.0195845511043444,0.976640928399915,0.969542829067192,2012,"02",4,"Winter",87,0.987806040047983,0.941043812920082
"01634000",2012-02-05,0.0191287164925598,0.976724786319787,1.00008586361418,2012,"02",5,"Winter",87,0.987806040047983,0.941043812920082
"01634000",2012-02-06,0.018685071147047,0.976807364692485,1.00008454620365,2012,"02",6,"Winter",87,0.987806040047983,0.941043812920082
"01634000",2012-02-07,0.0182532363105565,0.976888777511629,1.00008334582855,2012,"02",7,"Winter",87,0.987806040047983,0.941043812920082
"01634000",2012-02-08,0.0178328471956775,0.97696906413051,1.00008218603871,2012,"02",8,"Winter",87,0.987806040047983,0.941043812920082
"01634000",2012-02-09,0.017423541052267,0.977047627957597,1.00008041588006,2012,"02",9,"Winter",87,0.987806040047983,0.941043812920082
"01634000",2012-02-10,0.017024974571541,0.977124829015503,1.00007901463112,2012,"02",10,"Winter",87,0.987806040047983,0.941043812920082
"01634000",2012-02-11,0.0169139705249108,0.993479928785581,1.01673798401639,2012,"02",11,"Winter",87,0.987806040047983,0.941043812920082
"01634000",2012-02-12,0.0167245458578691,0.988800697815882,0.995290059885337,2012,"02",12,"Winter",87,0.987806040047983,0.941043812920082
"01634000",2012-02-13,0.0163475899025798,0.977460915322137,0.988531781461328,2012,"02",13,"Winter",87,0.987806040047983,0.941043812920082
"01634000",2012-02-14,0.0159758850350045,0.977262405664051,0.999796912945597,2012,"02",14,"Winter",87,0.987806040047983,0.941043812920082
"01634000",2012-02-15,0.0156135004363023,0.977316774757193,1.00005563407824,2012,"02",15,"Winter",87,0.987806040047983,0.941043812920082
"01634000",2012-02-16,0.0161465434939601,1.03413988168972,1.0581419539705,2012,"02",16,"Winter",87,0.987806040047983,0.941043812920082
"01634000",2012-02-17,0.0168054903624579,1.04081039813533,1.00645030383579,2012,"02",17,"Winter",87,0.987806040047983,0.941043812920082
"01634000",2012-02-18,0.0164367027464323,0.97805552780242,0.939705761543759,2012,"02",18,"Winter",87,0.987806040047983,0.941043812920082
"01634000",2012-02-19,0.0160654932260513,0.977415815926858,0.999345935013527,2012,"02",19,"Winter",87,0.987806040047983,0.941043812920082
"01634000",2012-02-20,0.0156897031702101,0.97660886904911,0.999174407795946,2012,"02",20,"Winter",87,0.987806040047983,0.941043812920082
"01634000",2012-02-21,0.0153172905556858,0.976263883995494,0.999646752077982,2012,"02",21,"Winter",87,0.987806040047983,0.941043812920082
"01634000",2012-02-22,0.0148664755979553,0.970568230974562,0.994165867329208,2012,"02",22,"Winter",87,0.987806040047983,0.941043812920082
"01634000",2012-02-23,0.0143376241321675,0.964426574254057,0.993672102048572,2012,"02",23,"Winter",87,0.987806040047983,0.941043812920082
"01634000",2012-02-24,0.0138752665370703,0.967752147019956,1.00344823841926,2012,"02",24,"Winter",87,0.987806040047983,0.941043812920082
"01634000",2012-02-25,0.0135525650694035,0.976742683334794,1.00929012283003,2012,"02",25,"Winter",87,0.987806040047983,0.941043812920082
"01634000",2012-02-26,0.0132267092121765,0.975956148850179,0.999194737264958,2012,"02",26,"Winter",87,0.987806040047983,0.941043812920082
"01634000",2012-02-27,0.0128042429569177,0.968059609651821,0.991908920080414,2012,"02",27,"Winter",87,0.987806040047983,0.941043812920082
"01634000",2012-02-28,0.0123087672982365,0.961303791223865,0.993021278482648,2012,"02",28,"Winter",87,0.987806040047983,0.941043812920082
"01634000",2012-03-05,0.0231352534028701,0.997594978147029,0.987620178475101,2012,"03",5,"Spring",88,0.954539477214175,0.947123154019969
"01634000",2012-03-06,0.0229867388261482,0.993580594336455,0.995975938232938,2012,"03",6,"Spring",88,0.954539477214175,0.947123154019969
"01634000",2012-03-07,0.0227635591872968,0.990290939461253,0.99668909105718,2012,"03",7,"Spring",88,0.954539477214175,0.947123154019969
"01634000",2012-03-08,0.0223847452434711,0.983358755952494,0.992999851626906,2012,"03",8,"Spring",88,0.954539477214175,0.947123154019969
"01634000",2012-03-09,0.0217951653175987,0.973661530678159,0.990138669925259,2012,"03",9,"Spring",88,0.954539477214175,0.947123154019969
"01634000",2012-03-10,0.0212084359955043,0.973079840710329,0.999402574765971,2012,"03",10,"Spring",88,0.954539477214175,0.947123154019969
"01634000",2012-03-11,0.0205942036118358,0.971038298920362,0.997901979154684,2012,"03",11,"Spring",88,0.954539477214175,0.947123154019969
"01634000",2012-03-12,0.0198529391782358,0.964006161754466,0.992758125839408,2012,"03",12,"Spring",88,0.954539477214175,0.947123154019969
"01634000",2012-03-13,0.0189691905397922,0.955485249286792,0.991160935680985,2012,"03",13,"Spring",88,0.954539477214175,0.947123154019969
"01634000",2012-03-14,0.0179767942172475,0.947683781210227,0.991835072197725,2012,"03",14,"Spring",88,0.954539477214175,0.947123154019969
"01634000",2012-03-15,0.0169417470460758,0.942423150720683,0.994448960092125,2012,"03",15,"Spring",88,0.954539477214175,0.947123154019969
"01634000",2012-03-16,0.0159953259280883,0.944136746026632,1.00181828651454,2012,"03",16,"Spring",88,0.954539477214175,0.947123154019969
"01634000",2012-03-17,0.0150254234322347,0.939363380264079,0.994944200845225,2012,"03",17,"Spring",88,0.954539477214175,0.947123154019969
"01634000",2012-03-18,0.0139931194134988,0.931296177881999,0.991412053576315,2012,"03",18,"Spring",88,0.954539477214175,0.947123154019969
"01634000",2012-03-19,0.0130463526584208,0.932340550587693,1.00112141843862,2012,"03",19,"Spring",88,0.954539477214175,0.947123154019969
"01634000",2012-03-20,0.0120370777731296,0.922639306807348,0.989594742206342,2012,"03",20,"Spring",88,0.954539477214175,0.947123154019969
"01634000",2012-03-21,0.0109151692013256,0.906795603305947,0.982827846825401,2012,"03",21,"Spring",88,0.954539477214175,0.947123154019969
"01634000",2012-03-22,0.00968119956087321,0.88694910562609,0.978113592955787,2012,"03",22,"Spring",88,0.954539477214175,0.947123154019969
"01634000",2012-03-23,0.00851021759444848,0.87904577743059,0.991089310372639,2012,"03",23,"Spring",88,0.954539477214175,0.947123154019969
"01634000",2012-03-24,0.00891843400313519,1.04796779919623,1.19216521608168,2012,"03",24,"Spring",88,0.954539477214175,0.947123154019969
"01634000",2012-03-25,0.0101573352294508,1.1389146598921,1.08678402214803,2012,"03",25,"Spring",88,0.954539477214175,0.947123154019969
"01634000",2012-03-26,0.010215302783763,1.00570696477006,0.883039792345236,2012,"03",26,"Spring",88,0.954539477214175,0.947123154019969
"01634000",2012-03-27,0.00998843324487097,0.977791207593703,0.972242653024936,2012,"03",27,"Spring",88,0.954539477214175,0.947123154019969
"01634000",2012-03-28,0.00948117719963193,0.949215654467179,0.970775403885205,2012,"03",28,"Spring",88,0.954539477214175,0.947123154019969
"01634000",2012-03-29,0.00895574007881806,0.944581025145878,0.995117411623492,2012,"03",29,"Spring",88,0.954539477214175,0.947123154019969
"01634000",2012-03-30,0.00857519303099252,0.957508028987398,1.01368543671468,2012,"03",30,"Spring",88,0.954539477214175,0.947123154019969
"01634000",2012-03-31,0.00786879358929582,0.917622910744559,0.958344873321826,2012,"03",31,"Spring",88,0.954539477214175,0.947123154019969
"01634000",2012-04-01,0.00707026550662704,0.898519630282964,0.979181774737844,2012,"04",1,"Spring",88,0.954539477214175,0.947123154019969
"01634000",2012-11-02,0.0120814917609096,0.979494366182913,0.990185544761652,2012,"11",2,"Fall",89,0.991731786635444,0.403598113320225
"01634000",2012-11-03,0.0117037919117138,0.968737316825572,0.989017752701059,2012,"11",3,"Fall",89,0.991731786635444,0.403598113320225
"01634000",2012-11-04,0.0113041180302389,0.965850906741185,0.997020440903582,2012,"11",4,"Fall",89,0.991731786635444,0.403598113320225
"01634000",2012-11-05,0.0109141706489027,0.965503953489063,0.999640779700366,2012,"11",5,"Fall",89,0.991731786635444,0.403598113320225
"01634000",2012-11-06,0.0105459997139405,0.966266705294815,1.00079000381407,2012,"11",6,"Fall",89,0.991731786635444,0.403598113320225
"01634000",2012-11-07,0.0101764058344997,0.964954116303242,0.998641587271526,2012,"11",7,"Fall",89,0.991731786635444,0.403598113320225
"01634000",2012-11-08,0.00978740389109589,0.961774132269266,0.996704523064621,2012,"11",8,"Fall",89,0.991731786635444,0.403598113320225
"01634000",2012-11-09,0.00935905767255463,0.956234950216885,0.99424066226515,2012,"11",9,"Fall",89,0.991731786635444,0.403598113320225
"01634000",2012-11-10,0.00889983010711148,0.950932285972569,0.994454642927333,2012,"11",10,"Fall",89,0.991731786635444,0.403598113320225
"01634000",2012-11-11,0.00839624504442327,0.943416328556,0.992096222278454,2012,"11",11,"Fall",89,0.991731786635444,0.403598113320225
"01634000",2012-11-12,0.00784004112938419,0.9337556357519,0.989759883826808,2012,"11",12,"Fall",89,0.991731786635444,0.403598113320225
"01634000",2012-11-13,0.011206876457436,1.42944102875086,1.53085129986907,2012,"11",13,"Fall",89,0.991731786635444,0.403598113320225
"01634000",2012-11-14,0.0119222123757936,1.06383008870263,0.744228035508591,2012,"11",14,"Fall",89,0.991731786635444,0.403598113320225
"01634000",2012-11-15,0.0117044588841964,0.981735479562554,0.922831089276488,2012,"11",15,"Fall",89,0.991731786635444,0.403598113320225
"01634000",2012-11-16,0.0114656095975079,0.979593308067322,0.99781797486204,2012,"11",16,"Fall",89,0.991731786635444,0.403598113320225
"01634000",2012-11-17,0.0111640794202685,0.973701339237569,0.993985290853633,2012,"11",17,"Fall",89,0.991731786635444,0.403598113320225
"01634000",2012-11-18,0.0108286018075887,0.969950266381054,0.996147614565825,2012,"11",18,"Fall",89,0.991731786635444,0.403598113320225
"01634000",2012-11-19,0.0104792132915463,0.967734660277421,0.997715752878857,2012,"11",19,"Fall",89,0.991731786635444,0.403598113320225
"01634000",2012-11-20,0.0101101007894613,0.96477669727528,0.996943415252593,2012,"11",20,"Fall",89,0.991731786635444,0.403598113320225
"01634000",2012-11-21,0.00973234925186261,0.962636224359658,0.997781379959044,2012,"11",21,"Fall",89,0.991731786635444,0.403598113320225
"01634000",2012-11-22,0.00936092244228348,0.961835852786721,0.999168562793832,2012,"11",22,"Fall",89,0.991731786635444,0.403598113320225
"01634000",2012-11-23,0.00897781251114793,0.959073485172248,0.997128025944896,2012,"11",23,"Fall",89,0.991731786635444,0.403598113320225
"01634000",2012-11-24,0.00864871486555785,0.963343225849122,1.0044519431961,2012,"11",24,"Fall",89,0.991731786635444,0.403598113320225
"01634000",2012-11-25,0.00840824301121757,0.972195654721151,1.00918927816638,2012,"11",25,"Fall",89,0.991731786635444,0.403598113320225
"01634000",2012-11-26,0.00812441855669022,0.966244499100621,0.993878644086064,2012,"11",26,"Fall",89,0.991731786635444,0.403598113320225
"01634000",2012-11-27,0.00885041806031949,1.08936017987791,1.12741669514485,2012,"11",27,"Fall",89,0.991731786635444,0.403598113320225
"01634000",2012-11-28,0.00926662475103513,1.0470267831281,0.961139210399118,2012,"11",28,"Fall",89,0.991731786635444,0.403598113320225
"01634000",2012-11-29,0.00905705487821251,0.977384443802022,0.933485618087045,2012,"11",29,"Fall",89,0.991731786635444,0.403598113320225
"01634000",2012-11-30,0.00885279051726684,0.977446933501855,1.00006393563989,2012,"11",30,"Fall",89,0.991731786635444,0.403598113320225
"01634000",2012-12-01,0.00859092528116889,0.970420034723832,0.992810966470734,2012,"12",1,"Winter",89,0.991731786635444,0.403598113320225
"01634000",2012-12-02,0.00821573295979761,0.956326902040028,0.985477285938543,2012,"12",2,"Winter",89,0.991731786635444,0.403598113320225
"01634000",2012-12-03,0.00781267625279725,0.950940870525776,0.994368001671016,2012,"12",3,"Winter",89,0.991731786635444,0.403598113320225
"01634000",2012-12-04,0.00734625753830187,0.940299751403576,0.988809904535582,2012,"12",4,"Winter",89,0.991731786635444,0.403598113320225
"01634000",2012-12-05,0.00688413553871214,0.937094228295112,0.996590956124705,2012,"12",5,"Winter",89,0.991731786635444,0.403598113320225
"01634000",2012-12-06,0.00655439935508184,0.952102020395144,1.01601524334147,2012,"12",6,"Winter",89,0.991731786635444,0.403598113320225
"01634000",2012-12-07,0.00628944748314097,0.959576483276771,1.00785048526473,2012,"12",7,"Winter",89,0.991731786635444,0.403598113320225
"01634000",2012-12-08,0.00593719579046592,0.943993221404699,0.983760271178324,2012,"12",8,"Winter",89,0.991731786635444,0.403598113320225
"01634000",2012-12-09,0.00660596658417489,1.11264085223245,1.17865343416004,2012,"12",9,"Winter",89,0.991731786635444,0.403598113320225
"01634000",2012-12-10,0.00712040407233871,1.07787467308663,0.968753457976974,2012,"12",10,"Winter",89,0.991731786635444,0.403598113320225
"01634000",2012-12-11,0.00695966280181892,0.977425260015195,0.906807891882472,2012,"12",11,"Winter",89,0.991731786635444,0.403598113320225
"01634000",2012-12-12,0.00676737455069088,0.972371039143191,0.994829046190267,2012,"12",12,"Winter",89,0.991731786635444,0.403598113320225
"01634000",2012-12-13,0.00651499151717871,0.962705916212898,0.990060252165872,2012,"12",13,"Winter",89,0.991731786635444,0.403598113320225
"01634000",2012-12-14,0.00624923899886198,0.959209076847454,0.996367697230738,2012,"12",14,"Winter",89,0.991731786635444,0.403598113320225
"01634000",2012-12-15,0.00595532165607438,0.952967498468032,0.993492994874553,2012,"12",15,"Winter",89,0.991731786635444,0.403598113320225
"01634000",2012-12-16,0.0057271291007055,0.961682580967541,1.00914520433647,2012,"12",16,"Winter",89,0.991731786635444,0.403598113320225
"01634000",2012-12-17,0.00558697682572529,0.975528354169117,1.01439744617985,2012,"12",17,"Winter",89,0.991731786635444,0.403598113320225
"01634000",2012-12-18,0.00543639344687108,0.973047430918123,0.997456841474273,2012,"12",18,"Winter",89,0.991731786635444,0.403598113320225
"01634000",2012-12-19,0.00524385465541855,0.964583359660374,0.991301481316524,2012,"12",19,"Winter",89,0.991731786635444,0.403598113320225
"01634000",2012-12-20,0.00520786907873116,0.99313757168113,1.02960263800405,2012,"12",20,"Winter",89,0.991731786635444,0.403598113320225
"01634000",2012-12-21,0.008310878474731,1.59583091454285,1.60685786143557,2012,"12",21,"Winter",89,0.991731786635444,0.403598113320225
"01634000",2012-12-22,0.00827070249943062,0.995165856964155,0.623603570964305,2012,"12",22,"Winter",89,0.991731786635444,0.403598113320225
"01634000",2012-12-23,0.00808180085732601,0.977160145451053,0.981906823483644,2012,"12",23,"Winter",89,0.991731786635444,0.403598113320225
"01634000",2012-12-24,0.00822235341183841,1.01739124200085,1.04117144639707,2012,"12",24,"Winter",89,0.991731786635444,0.403598113320225
"01634000",2012-12-25,0.00906149513320997,1.10205614856732,1.08321764830604,2012,"12",25,"Winter",89,0.991731786635444,0.403598113320225
"01634000",2012-12-26,0.00911695539252833,1.00612043139714,0.912948430717535,2012,"12",26,"Winter",89,0.991731786635444,0.403598113320225
"01634000",2012-12-27,0.00895128201227635,0.981827992666527,0.975855337022744,2012,"12",27,"Winter",89,0.991731786635444,0.403598113320225
"01634000",2012-12-28,0.00899561605183408,1.00495281452388,1.02355282394684,2012,"12",28,"Winter",89,0.991731786635444,0.403598113320225
"01634000",2012-12-29,0.00881913918419741,0.980381903071476,0.975550183951629,2012,"12",29,"Winter",89,0.991731786635444,0.403598113320225
"01634000",2012-12-30,0.00862017329200171,0.977439306939137,0.99699852055294,2012,"12",30,"Winter",89,0.991731786635444,0.403598113320225
"01634000",2012-12-31,0.00849407326313667,0.985371520433117,1.00811530029299,2012,"12",31,"Winter",89,0.991731786635444,0.403598113320225
"01634000",2013-01-01,0.00899476444465108,1.05894594572045,1.07466668536858,2013,"01",1,"Winter",89,0.991731786635444,0.403598113320225
"01634000",2013-01-02,0.00960264509194531,1.06758160828277,1.00815496069202,2013,"01",2,"Winter",89,0.991731786635444,0.403598113320225
"01634000",2013-01-03,0.00963605896686204,1.00347965322021,0.93995592040437,2013,"01",3,"Winter",89,0.991731786635444,0.403598113320225
"01634000",2013-01-04,0.00948344223434105,0.984161913802538,0.980749246528635,2013,"01",4,"Winter",89,0.991731786635444,0.403598113320225
"01634000",2013-02-04,0.0350852604024112,0.99094678748568,0.994574377607217,2013,"02",4,"Winter",90,0.986916869251892,0.972498118085726
"01634000",2013-02-05,0.0346435934770852,0.987411610452358,0.996432525865196,2013,"02",5,"Winter",90,0.986916869251892,0.972498118085726
"01634000",2013-02-06,0.0341228077886626,0.98496733057536,0.997524558298562,2013,"02",6,"Winter",90,0.986916869251892,0.972498118085726
"01634000",2013-02-07,0.0335498263593763,0.98320825669344,0.998214078957428,2013,"02",7,"Winter",90,0.986916869251892,0.972498118085726
"01634000",2013-02-08,0.0329427103279158,0.981904048475327,0.998673517833852,2013,"02",8,"Winter",90,0.986916869251892,0.972498118085726
"01634000",2013-02-09,0.0323445069370791,0.981841099749166,0.99993589116344,2013,"02",9,"Winter",90,0.986916869251892,0.972498118085726
"01634000",2013-02-10,0.0317430887371302,0.981405862790893,0.999556713445399,2013,"02",10,"Winter",90,0.986916869251892,0.972498118085726
"01634000",2013-02-11,0.0314489481970668,0.990733713958991,1.00950458064472,2013,"02",11,"Winter",90,0.986916869251892,0.972498118085726
"01634000",2013-02-12,0.0311703957850113,0.991142711345703,1.00041282272012,2013,"02",12,"Winter",90,0.986916869251892,0.972498118085726
"01634000",2013-02-13,0.0305770084960386,0.980963113427708,0.98972943270281,2013,"02",13,"Winter",90,0.986916869251892,0.972498118085726
"01634000",2013-02-14,0.0305448804283515,0.998949273677596,1.01833520547683,2013,"02",14,"Winter",90,0.986916869251892,0.972498118085726
"01634000",2013-02-15,0.0300779644167051,0.984713771830221,0.985749524803229,2013,"02",15,"Winter",90,0.986916869251892,0.972498118085726
"01634000",2013-02-16,0.0313134675379842,1.04107668671198,1.05723786596079,2013,"02",16,"Winter",90,0.986916869251892,0.972498118085726
"01634000",2013-02-17,0.0306460716528818,0.978686618328268,0.940071592054605,2013,"02",17,"Winter",90,0.986916869251892,0.972498118085726
"01634000",2013-02-18,0.0299834507750347,0.978378276819543,0.999684943573407,2013,"02",18,"Winter",90,0.986916869251892,0.972498118085726
"01634000",2013-02-19,0.0294238709611818,0.981337044289819,1.00302415491061,2013,"02",19,"Winter",90,0.986916869251892,0.972498118085726
"01634000",2013-02-20,0.028851245646365,0.980538749793584,0.999186523630307,2013,"02",20,"Winter",90,0.986916869251892,0.972498118085726
"01634000",2013-02-21,0.0282087980303913,0.977732413225819,0.997137964646113,2013,"02",21,"Winter",90,0.986916869251892,0.972498118085726
"01634000",2013-02-22,0.0275773474713787,0.977615119994397,0.999880035447495,2013,"02",22,"Winter",90,0.986916869251892,0.972498118085726
"01634000",2013-02-23,0.0269575685961172,0.977525798088276,0.999908632851217,2013,"02",23,"Winter",90,0.986916869251892,0.972498118085726
"01634000",2013-02-24,0.0263499085558579,0.977458648093847,0.999931306166486,2013,"02",24,"Winter",90,0.986916869251892,0.972498118085726
"01634000",2013-02-25,0.0257508672075346,0.977265904090203,0.999802811091784,2013,"02",25,"Winter",90,0.986916869251892,0.972498118085726
"01634000",2013-03-30,0.0349707220448181,0.977843483423413,0.986102284250646,2013,"03",30,"Spring",91,0.959180377092057,0.946149893945231
"01634000",2013-03-31,0.0341289415955544,0.97592899431173,0.998042131338871,2013,"03",31,"Spring",91,0.959180377092057,0.946149893945231
"01634000",2013-04-01,0.0333069687476382,0.97591566542974,0.999986342365,2013,"04",1,"Spring",91,0.959180377092057,0.946149893945231
"01634000",2013-04-02,0.0324771417072043,0.975085482959396,0.99914932970158,2013,"04",2,"Spring",91,0.959180377092057,0.946149893945231
"01634000",2013-04-03,0.0315882473951206,0.972630155692349,0.997481936394341,2013,"04",3,"Spring",91,0.959180377092057,0.946149893945231
"01634000",2013-04-04,0.0306570900138468,0.970522030879825,0.997832552486487,2013,"04",4,"Spring",91,0.959180377092057,0.946149893945231
"01634000",2013-04-05,0.0297780636465177,0.971327142695799,1.00082956572891,2013,"04",5,"Spring",91,0.959180377092057,0.946149893945231
"01634000",2013-04-06,0.029008628684096,0.974161014243394,1.00291752533521,2013,"04",6,"Spring",91,0.959180377092057,0.946149893945231
"01634000",2013-04-07,0.0281422088155523,0.970132339657313,0.99586446744719,2013,"04",7,"Spring",91,0.959180377092057,0.946149893945231
"01634000",2013-04-08,0.0269892000360414,0.959029201045738,0.988555026816757,2013,"04",8,"Spring",91,0.959180377092057,0.946149893945231
"01634000",2013-04-09,0.0256029581651092,0.94863716341792,0.989164002914107,2013,"04",9,"Spring",91,0.959180377092057,0.946149893945231
"01634000",2013-04-10,0.0239892085664906,0.936970189608099,0.987701331700114,2013,"04",10,"Spring",91,0.959180377092057,0.946149893945231
"01634000",2013-04-11,0.022215134697035,0.926047002987263,0.988342012646736,2013,"04",11,"Spring",91,0.959180377092057,0.946149893945231
"01634000",2013-04-12,0.0223478900734335,1.00597589788264,1.08631192006188,2013,"04",12,"Spring",91,0.959180377092057,0.946149893945231
"01634000",2013-04-13,0.0225984758581035,1.0112129504775,1.00520594241461,2013,"04",13,"Spring",91,0.959180377092057,0.946149893945231
"01634000",2013-04-14,0.0218828434008174,0.968332711383741,0.957595243342653,2013,"04",14,"Spring",91,0.959180377092057,0.946149893945231
"01634000",2013-04-15,0.0210957896779291,0.964033297297241,0.995559982601066,2013,"04",15,"Spring",91,0.959180377092057,0.946149893945231
"01634000",2013-04-16,0.0202014556853101,0.95760604337297,0.9933329544298,2013,"04",16,"Spring",91,0.959180377092057,0.946149893945231
"01634000",2013-04-17,0.0192938260152005,0.955071075854716,0.997352807518502,2013,"04",17,"Spring",91,0.959180377092057,0.946149893945231
"01634000",2013-04-18,0.0184549734694883,0.956522229180917,1.001519419196,2013,"04",18,"Spring",91,0.959180377092057,0.946149893945231
"01634000",2013-04-19,0.0176498777000234,0.956375132654835,0.999846217346973,2013,"04",19,"Spring",91,0.959180377092057,0.946149893945231
"01634000",2013-04-20,0.0185154676437378,1.04904226297915,1.09689412361348,2013,"04",20,"Spring",91,0.959180377092057,0.946149893945231
"01634000",2013-04-21,0.0180642716004513,0.975631399002819,0.930021061527248,2013,"04",21,"Spring",91,0.959180377092057,0.946149893945231
"01634000",2013-04-22,0.0175849889637902,0.973467923464508,0.997782486766496,2013,"04",22,"Spring",91,0.959180377092057,0.946149893945231
"01634000",2013-04-23,0.0169136530021206,0.961823350412556,0.988038051618065,2013,"04",23,"Spring",91,0.959180377092057,0.946149893945231
"01634000",2013-04-24,0.0160175458877347,0.947018712381443,0.984607736935517,2013,"04",24,"Spring",91,0.959180377092057,0.946149893945231
"01634000",2013-04-25,0.0151051043649204,0.943034873805917,0.995793284205009,2013,"04",25,"Spring",91,0.959180377092057,0.946149893945231
"01634000",2013-04-26,0.0142400894546881,0.942733602540267,0.999680530090649,2013,"04",26,"Spring",91,0.959180377092057,0.946149893945231
"01634000",2013-04-27,0.0133011566358618,0.934064120747699,0.990803890124201,2013,"04",27,"Spring",91,0.959180377092057,0.946149893945231
"01634000",2013-04-28,0.0124053423060104,0.932651396087151,0.998487550662564,2013,"04",28,"Spring",91,0.959180377092057,0.946149893945231
"01634000",2013-04-29,0.0119643951184116,0.96445505680362,1.0341002660264,2013,"04",29,"Spring",91,0.959180377092057,0.946149893945231
"01634000",2013-04-30,0.011623327358393,0.97149310461222,1.00729743471088,2013,"04",30,"Spring",91,0.959180377092057,0.946149893945231
"01634000",2013-05-01,0.0108684271690436,0.935053004525049,0.962490624056754,2013,"05",1,"Spring",91,0.959180377092057,0.946149893945231
"01634000",2013-05-02,0.00983770878519863,0.905163979312413,0.968034940192703,2013,"05",2,"Spring",91,0.959180377092057,0.946149893945231
"01634000",2013-05-03,0.00878148575429805,0.892635261526573,0.986158620899434,2013,"05",3,"Spring",91,0.959180377092057,0.946149893945231
"01634000",2013-05-04,0.00775962823536247,0.883635008069627,0.989917210483536,2013,"05",4,"Spring",91,0.959180377092057,0.946149893945231
"01634000",2013-05-05,0.00678585947025567,0.874508322361489,0.989671430370243,2013,"05",5,"Spring",91,0.959180377092057,0.946149893945231
"01634000",2013-05-06,0.00588739517843351,0.867597568773655,0.992097555379265,2013,"05",6,"Spring",91,0.959180377092057,0.946149893945231
"01634000",2013-10-16,0.0141421425505541,0.963892972165169,0.978170171533516,2013,"10",16,"Fall",92,0.923771745809329,0.954833076066532
"01634000",2013-10-17,0.0135391078656539,0.957359029387201,0.993221298456725,2013,"10",17,"Fall",92,0.923771745809329,0.954833076066532
"01634000",2013-10-18,0.013130308536347,0.969806036456511,1.01300139935723,2013,"10",18,"Fall",92,0.923771745809329,0.954833076066532
"01634000",2013-10-19,0.0126856074784882,0.966131713003715,0.996211280075941,2013,"10",19,"Fall",92,0.923771745809329,0.954833076066532
"01634000",2013-10-20,0.0121377662871964,0.956813956901882,0.990355604752002,2013,"10",20,"Fall",92,0.923771745809329,0.954833076066532
"01634000",2013-10-21,0.0115662286407314,0.952912452510484,0.99592240020826,2013,"10",21,"Fall",92,0.923771745809329,0.954833076066532
"01634000",2013-10-22,0.0109241166210268,0.944483890155568,0.991154945732202,2013,"10",22,"Fall",92,0.923771745809329,0.954833076066532
"01634000",2013-10-23,0.010298443143256,0.942725485320574,0.998138237344943,2013,"10",23,"Fall",92,0.923771745809329,0.954833076066532
"01634000",2013-10-24,0.00976872342289426,0.948563126193629,1.00619230196272,2013,"10",24,"Fall",92,0.923771745809329,0.954833076066532
"01634000",2013-10-25,0.00927725742803887,0.949689844457713,1.00118781579525,2013,"10",25,"Fall",92,0.923771745809329,0.954833076066532
"01634000",2013-10-26,0.00877046640380286,0.945372753945113,0.995454210089963,2013,"10",26,"Fall",92,0.923771745809329,0.954833076066532
"01634000",2013-10-27,0.00821620543138124,0.936803706108345,0.990935799872581,2013,"10",27,"Fall",92,0.923771745809329,0.954833076066532
"01634000",2013-10-28,0.00762097517144866,0.927554116690031,0.990126438059539,2013,"10",28,"Fall",92,0.923771745809329,0.954833076066532
"01634000",2013-10-29,0.00702137930784375,0.921322947507918,0.993282150259493,2013,"10",29,"Fall",92,0.923771745809329,0.954833076066532
"01634000",2013-10-30,0.00638098025228828,0.908792983902741,0.986400030913081,2013,"10",30,"Fall",92,0.923771745809329,0.954833076066532
"01634000",2013-10-31,0.00565495704358909,0.886220740388778,0.975162392410834,2013,"10",31,"Fall",92,0.923771745809329,0.954833076066532
"01634000",2013-11-01,0.00501225123298355,0.886346473430038,1.00014187553454,2013,"11",1,"Fall",92,0.923771745809329,0.954833076066532
"01634000",2013-11-02,0.00497972726589069,0.993511105971937,1.12090602913688,2013,"11",2,"Fall",92,0.923771745809329,0.954833076066532
"01634000",2013-11-03,0.00481242632668,0.966403593956512,0.972715441375056,2013,"11",3,"Fall",92,0.923771745809329,0.954833076066532
"01634000",2013-11-04,0.00447309052105993,0.929487584310893,0.96180062876786,2013,"11",4,"Fall",92,0.923771745809329,0.954833076066532
"01634000",2013-11-05,0.00407866915338673,0.911823522055676,0.980995913712701,2013,"11",5,"Fall",92,0.923771745809329,0.954833076066532
"01634000",2013-11-06,0.00348793980083428,0.855166150933833,0.937863665773712,2013,"11",6,"Fall",92,0.923771745809329,0.954833076066532
"01634000",2013-11-07,0.00303630375128705,0.870514952855778,1.01794832724048,2013,"11",7,"Fall",92,0.923771745809329,0.954833076066532
"01634000",2013-11-08,0.00291868165368215,0.961261419396842,1.1042445810303,2013,"11",8,"Fall",92,0.923771745809329,0.954833076066532
"01634000",2013-11-09,0.00264303667063359,0.905558393906781,0.942052157336125,2013,"11",9,"Fall",92,0.923771745809329,0.954833076066532
"01634000",2013-11-10,0.00219598607509397,0.830857210379736,0.917508154052035,2013,"11",10,"Fall",92,0.923771745809329,0.954833076066532
"01634000",2013-11-11,0.0017728449893184,0.807311580626729,0.971661039395391,2013,"11",11,"Fall",92,0.923771745809329,0.954833076066532
"01634000",2013-11-12,0.00145656112727011,0.821595309260572,1.01769295644533,2013,"11",12,"Fall",92,0.923771745809329,0.954833076066532
"01634000",2014-04-11,0.0340415008831769,0.959492986377909,0.994754474128599,2014,"04",11,"Spring",93,0.976537250043508,0.914201736341665
"01634000",2014-04-12,0.0327959395945072,0.963410506107113,1.00408290606062,2014,"04",12,"Spring",93,0.976537250043508,0.914201736341665
"01634000",2014-04-13,0.0314211816294119,0.958081458189855,0.994468559473374,2014,"04",13,"Spring",93,0.976537250043508,0.914201736341665
"01634000",2014-04-14,0.0296349007403478,0.943150422853862,0.984415693249921,2014,"04",14,"Spring",93,0.976537250043508,0.914201736341665
"01634000",2014-04-15,0.0304444449720904,1.02731725808146,1.08924009700693,2014,"04",15,"Spring",93,0.976537250043508,0.914201736341665
"01634000",2014-04-16,0.0313195826020092,1.02874539610497,1.00139016259317,2014,"04",16,"Spring",93,0.976537250043508,0.914201736341665
"01634000",2014-04-17,0.0310545404208824,0.991537493187736,0.963831767259313,2014,"04",17,"Spring",93,0.976537250043508,0.914201736341665
"01634000",2014-04-18,0.030312919174321,0.976118749899042,0.984449661868938,2014,"04",18,"Spring",93,0.976537250043508,0.914201736341665
"01634000",2014-04-19,0.0294962836196646,0.973059818160034,0.996866229913805,2014,"04",19,"Spring",93,0.976537250043508,0.914201736341665
"01634000",2014-04-20,0.0285115513252094,0.966615038451873,0.993376789804817,2014,"04",20,"Spring",93,0.976537250043508,0.914201736341665
"01634000",2014-04-21,0.0273291353369132,0.95852852849677,0.991634198069115,2014,"04",21,"Spring",93,0.976537250043508,0.914201736341665
"01634000",2014-04-22,0.0260705561377108,0.953947346533777,0.995220609687875,2014,"04",22,"Spring",93,0.976537250043508,0.914201736341665
"01634000",2014-04-23,0.0248107722727582,0.951677905975686,0.997621000187969,2014,"04",23,"Spring",93,0.976537250043508,0.914201736341665
"01634000",2014-04-24,0.0236662289244123,0.953869096223071,1.00230244942499,2014,"04",24,"Spring",93,0.976537250043508,0.914201736341665
"01634000",2014-04-25,0.0231363482889719,0.977610263251795,1.02488933452476,2014,"04",25,"Spring",93,0.976537250043508,0.914201736341665
"01634000",2014-04-26,0.0241459324024618,1.0436362774661,1.06753817619987,2014,"04",26,"Spring",93,0.976537250043508,0.914201736341665
"01634000",2014-04-27,0.0235733652953058,0.976287223139184,0.93546692867899,2014,"04",27,"Spring",93,0.976537250043508,0.914201736341665
"01634000",2014-04-28,0.0229061614372768,0.971696707293551,0.995297986353982,2014,"04",28,"Spring",93,0.976537250043508,0.914201736341665
"01634000",2014-12-15,0.0176901613012888,0.999698460223165,0.986052995065115,2014,"12",15,"Winter",94,1.0022625338491,0.0547517829164808
"01634000",2014-12-16,0.0176846293034032,0.999687283920631,0.999988820326349,2014,"12",16,"Winter",94,1.0022625338491,0.0547517829164808
"01634000",2014-12-17,0.0176997560192831,1.00085535951138,1.00116844098103,2014,"12",17,"Winter",94,1.0022625338491,0.0547517829164808
"01634000",2014-12-18,0.0172953652217984,0.977152747357415,0.97631764477383,2014,"12",18,"Winter",94,1.0022625338491,0.0547517829164808
"01634000",2014-12-19,0.016901177004911,0.977208447937798,1.00005700294098,2014,"12",19,"Winter",94,1.0022625338491,0.0547517829164808
"01634000",2014-12-20,0.016516879783012,0.977262103001029,1.00005490646683,2014,"12",20,"Winter",94,1.0022625338491,0.0547517829164808
"01634000",2014-12-21,0.0161422295495868,0.977317130211813,1.0000563075255,2014,"12",21,"Winter",94,1.0022625338491,0.0547517829164808
"01634000",2014-12-22,0.0157769718207419,0.977372535328973,1.00005669103247,2014,"12",22,"Winter",94,1.0022625338491,0.0547517829164808
"01634000",2014-12-23,0.0154208614840172,0.977428473551782,1.00005723326653,2014,"12",23,"Winter",94,1.0022625338491,0.0547517829164808
"01634000",2014-12-24,0.0186037716921419,1.20640287907544,1.23426205775611,2014,"12",24,"Winter",94,1.0022625338491,0.0547517829164808
"01634000",2014-12-25,0.0195309768314473,1.0498396322342,0.870223082556617,2014,"12",25,"Winter",94,1.0022625338491,0.0547517829164808
"01634000",2014-12-26,0.0193032186361961,0.988338617304358,0.941418657629677,2014,"12",26,"Winter",94,1.0022625338491,0.0547517829164808
"01634000",2014-12-27,0.0189890441251919,0.98372424221445,0.995331180013493,2014,"12",27,"Winter",94,1.0022625338491,0.0547517829164808
"01634000",2014-12-28,0.0185929911676794,0.979143080878568,0.995343043162614,2014,"12",28,"Winter",94,1.0022625338491,0.0547517829164808
"01634000",2014-12-29,0.0181780334096402,0.977682033283565,0.998507830343149,2014,"12",29,"Winter",94,1.0022625338491,0.0547517829164808
"01634000",2014-12-30,0.0178248183219694,0.980569125399258,1.00295299700455,2014,"12",30,"Winter",94,1.0022625338491,0.0547517829164808
"01634000",2014-12-31,0.0174740668735467,0.980322298825881,0.999748282332185,2014,"12",31,"Winter",94,1.0022625338491,0.0547517829164808
"01634000",2015-01-01,0.0171266188262962,0.980116360446319,0.999789927884117,2015,"01",1,"Winter",94,1.0022625338491,0.0547517829164808
"01634000",2015-01-02,0.0167739185271785,0.979406308816999,0.999275543539548,2015,"01",2,"Winter",94,1.0022625338491,0.0547517829164808
"01634000",2015-01-07,0.0228684123139828,0.989749584693917,0.995891509788044,2015,"01",7,"Winter",95,0.993886680006995,0.490124266881881
"01634000",2015-01-08,0.0225761465844698,0.987219675528838,0.997443889642185,2015,"01",8,"Winter",95,0.993886680006995,0.490124266881881
"01634000",2015-01-09,0.0222511228639632,0.985603224213198,0.998362622468223,2015,"01",9,"Winter",95,0.993886680006995,0.490124266881881
"01634000",2015-01-10,0.0219032057793811,0.98436406617728,0.998742741495283,2015,"01",10,"Winter",95,0.993886680006995,0.490124266881881
"01634000",2015-01-11,0.0215392895624973,0.983385253257019,0.999005639321982,2015,"01",11,"Winter",95,0.993886680006995,0.490124266881881
"01634000",2015-01-12,0.0213291354593821,0.990243220301885,1.00697383555646,2015,"01",12,"Winter",95,0.993886680006995,0.490124266881881
"01634000",2015-01-13,0.021349235845264,1.00094239102753,1.01080458871749,2015,"01",13,"Winter",95,0.993886680006995,0.490124266881881
"01634000",2015-01-14,0.0209410278475843,0.980879503105482,0.979956001362421,2015,"01",14,"Winter",95,0.993886680006995,0.490124266881881
"01634000",2015-01-15,0.0205333890626207,0.980533964811538,0.999647726053149,2015,"01",15,"Winter",95,0.993886680006995,0.490124266881881
"01634000",2015-01-16,0.0201582532608882,0.981730448851454,1.00122023722059,2015,"01",16,"Winter",95,0.993886680006995,0.490124266881881
"01634000",2015-01-17,0.0199519859743305,0.989767601195987,1.00818672004514,2015,"01",17,"Winter",95,0.993886680006995,0.490124266881881
"01634000",2015-01-18,0.0204045708524063,1.02268370069316,1.03325639216459,2015,"01",18,"Winter",95,0.993886680006995,0.490124266881881
"01634000",2015-01-19,0.0214581686304882,1.05163538041074,1.02830951514917,2015,"01",19,"Winter",95,0.993886680006995,0.490124266881881
"01634000",2015-01-20,0.021527350123506,1.00322401665348,0.953965638034777,2015,"01",20,"Winter",95,0.993886680006995,0.490124266881881
"01634000",2015-01-21,0.0212697824463248,0.988035328282231,0.984860122844834,2015,"01",21,"Winter",95,0.993886680006995,0.490124266881881
"01634000",2015-01-22,0.021135504997801,0.993686938319062,1.00572004853982,2015,"01",22,"Winter",95,0.993886680006995,0.490124266881881
"01634000",2015-01-28,0.0262176742544398,0.978947581600103,0.97164378270124,2015,"01",28,"Winter",96,0.99034819318912,0.48622695103256
"01634000",2015-01-29,0.0260363884735853,0.993085359933336,1.01444181343206,2015,"01",29,"Winter",96,0.99034819318912,0.48622695103256
"01634000",2015-01-30,0.0270176015328616,1.03768621981777,1.04491140609245,2015,"01",30,"Winter",96,0.99034819318912,0.48622695103256
"01634000",2015-01-31,0.0268214331008494,0.992739235872821,0.956685380333141,2015,"01",31,"Winter",96,0.99034819318912,0.48622695103256
"01634000",2015-02-01,0.0267641461687163,0.997864136046806,1.00516238301942,2015,"02",1,"Winter",96,0.99034819318912,0.48622695103256
"01634000",2015-02-02,0.0302912455517799,1.13178449111843,1.13420700297154,2015,"02",2,"Winter",96,0.99034819318912,0.48622695103256
"01634000",2015-02-03,0.0316624403931201,1.04526703396849,0.923556597719017,2015,"02",3,"Winter",96,0.99034819318912,0.48622695103256
"01634000",2015-02-04,0.0310878421878442,0.98185237151206,0.93933161537137,2015,"02",4,"Winter",96,0.99034819318912,0.48622695103256
"01634000",2015-02-05,0.0307954832678661,0.990595715257058,1.00890494742253,2015,"02",5,"Winter",96,0.99034819318912,0.48622695103256
"01634000",2015-02-06,0.0304197324439884,0.987798508612144,0.997176237892177,2015,"02",6,"Winter",96,0.99034819318912,0.48622695103256
"01634000",2015-02-07,0.0297780351247638,0.978905228032296,0.990996867779905,2015,"02",7,"Winter",96,0.99034819318912,0.48622695103256
"01634000",2015-02-08,0.0293895548675209,0.986954133957622,1.0082223546211,2015,"02",8,"Winter",96,0.99034819318912,0.48622695103256
"01634000",2015-02-09,0.0301268204348162,1.0250859725715,1.03863587709084,2015,"02",9,"Winter",96,0.99034819318912,0.48622695103256
"01634000",2015-02-10,0.0307226296281442,1.01977670343995,0.994820659658202,2015,"02",10,"Winter",96,0.99034819318912,0.48622695103256
"01634000",2015-02-11,0.0302989440970123,0.986209333762766,0.967083608044826,2015,"02",11,"Winter",96,0.99034819318912,0.48622695103256
"01634000",2015-02-12,0.0296876993961632,0.979826204540595,0.993527612238451,2015,"02",12,"Winter",96,0.99034819318912,0.48622695103256
"01634000",2015-02-13,0.0290306772803888,0.977868877375545,0.998002373118846,2015,"02",13,"Winter",96,0.99034819318912,0.48622695103256
"01634000",2015-02-14,0.0283837288152427,0.977715006133076,0.999842646344486,2015,"02",14,"Winter",96,0.99034819318912,0.48622695103256
"01634000",2015-02-15,0.0277476808987558,0.977591107897518,0.999873277760102,2015,"02",15,"Winter",96,0.99034819318912,0.48622695103256
"01634000",2015-02-16,0.0271229743957519,0.977486172437861,0.999892659150836,2015,"02",16,"Winter",96,0.99034819318912,0.48622695103256
"01634000",2015-02-17,0.0265107925515622,0.977429398588173,0.999941918513746,2015,"02",17,"Winter",96,0.99034819318912,0.48622695103256
"01634000",2015-02-18,0.0259109650505707,0.977374214677857,0.999943541794021,2015,"02",18,"Winter",96,0.99034819318912,0.48622695103256
"01634000",2015-02-19,0.0253237542929128,0.977337364451233,0.999962296706758,2015,"02",19,"Winter",96,0.99034819318912,0.48622695103256
"01634000",2015-02-20,0.0247493727365509,0.97731846748637,0.999980664849671,2015,"02",20,"Winter",96,0.99034819318912,0.48622695103256
"01634000",2015-02-21,0.024187927832827,0.97731478249165,0.999996229484204,2015,"02",21,"Winter",96,0.99034819318912,0.48622695103256
"01634000",2015-02-22,0.0236393632367253,0.97732072793118,1.00000608344378,2015,"02",22,"Winter",96,0.99034819318912,0.48622695103256
"01634000",2015-02-23,0.0231013399898075,0.97724036635293,0.999917773586548,2015,"02",23,"Winter",96,0.99034819318912,0.48622695103256
"01634000",2015-02-24,0.0225755490828305,0.977239809153543,0.999999429823607,2015,"02",24,"Winter",96,0.99034819318912,0.48622695103256
"01634000",2015-02-25,0.0220624114735983,0.977270204709108,1.00003110347663,2015,"02",25,"Winter",96,0.99034819318912,0.48622695103256
"01634000",2015-02-26,0.0215615394408815,0.977297493824904,1.00002792381847,2015,"02",26,"Winter",96,0.99034819318912,0.48622695103256
"01634000",2015-02-27,0.0210729756508954,0.977340959752635,1.00004447563614,2015,"02",27,"Winter",96,0.99034819318912,0.48622695103256
"01634000",2015-02-28,0.0205963804619387,0.977383583749528,1.00004361220766,2015,"02",28,"Winter",96,0.99034819318912,0.48622695103256
"01634000",2015-03-01,0.0201314985170029,0.977428949431438,1.00004641543265,2015,"03",1,"Spring",96,0.99034819318912,0.48622695103256
"01634000",2015-03-02,0.019677676842548,0.977457133949981,1.00002883536298,2015,"03",2,"Spring",96,0.99034819318912,0.48622695103256
"01634000",2015-03-03,0.0192317448672839,0.977338179764194,0.999878302401553,2015,"03",3,"Spring",96,0.99034819318912,0.48622695103256
"01634000",2015-03-04,0.0225307006621733,1.17153699873075,1.19870176259093,2015,"03",4,"Spring",96,0.99034819318912,0.48622695103256
"01634000",2015-03-05,0.0288992691785097,1.28266180496679,1.09485385980676,2015,"03",5,"Spring",96,0.99034819318912,0.48622695103256
"01634000",2015-03-06,0.0287412676261738,0.994532680001009,0.775366254884902,2015,"03",6,"Spring",96,0.99034819318912,0.48622695103256
"01634000",2015-03-07,0.0284322472289204,0.989248198747785,0.994686467966826,2015,"03",7,"Spring",96,0.99034819318912,0.48622695103256
"01634000",2015-04-03,0.0348163797752932,0.965361776372893,1.00057191414121,2015,"04",3,"Spring",97,0.996573558160991,0.177192235124007
"01634000",2015-04-04,0.0337776073720307,0.970164261477878,1.00497480345972,2015,"04",4,"Spring",97,0.996573558160991,0.177192235124007
"01634000",2015-04-05,0.0327153597027063,0.968551719557143,0.998337867117185,2015,"04",5,"Spring",97,0.996573558160991,0.177192235124007
"01634000",2015-04-06,0.031363605055958,0.9586813454282,0.989809140875351,2015,"04",6,"Spring",97,0.996573558160991,0.177192235124007
"01634000",2015-04-07,0.0301344820763916,0.960810532546451,1.00222095394722,2015,"04",7,"Spring",97,0.996573558160991,0.177192235124007
"01634000",2015-04-08,0.0311855389736593,1.03487887711504,1.07708943861417,2015,"04",8,"Spring",97,0.996573558160991,0.177192235124007
"01634000",2015-04-09,0.0334167423425242,1.07154608970361,1.03543140496866,2015,"04",9,"Spring",97,0.996573558160991,0.177192235124007
"01634000",2015-04-10,0.0331016350537539,0.990570376802727,0.924430956653219,2015,"04",10,"Spring",97,0.996573558160991,0.177192235124007
"01634000",2015-04-11,0.0321993872057647,0.972743103278009,0.982003021751711,2015,"04",11,"Spring",97,0.996573558160991,0.177192235124007
"01634000",2015-04-12,0.0311657669954002,0.967899382564044,0.995020555069842,2015,"04",12,"Spring",97,0.996573558160991,0.177192235124007
"01634000",2015-04-13,0.0298379231244325,0.957394153939365,0.989146362923747,2015,"04",13,"Spring",97,0.996573558160991,0.177192235124007
"01634000",2015-04-14,0.0320309168891981,1.07349686355917,1.12126949923611,2015,"04",14,"Spring",97,0.996573558160991,0.177192235124007
"01634000",2015-04-15,0.0351054766215384,1.09598725328332,1.02095058727007,2015,"04",15,"Spring",97,0.996573558160991,0.177192235124007
"01634000",2015-04-16,0.0341296795522794,0.972203850704585,0.88705762570878,2015,"04",16,"Spring",97,0.996573558160991,0.177192235124007
"01634000",2015-04-17,0.0330371840391308,0.967989869009021,0.995665536921593,2015,"04",17,"Spring",97,0.996573558160991,0.177192235124007
"01634000",2015-04-18,0.0318660950288177,0.964552396205256,0.996448854565716,2015,"04",18,"Spring",97,0.996573558160991,0.177192235124007
"01634000",2015-04-19,0.0307886671507731,0.966188895216994,1.0016966408649,2015,"04",19,"Spring",97,0.996573558160991,0.177192235124007
"01634000",2015-04-23,0.0349406274035573,0.985590788223806,0.997205363557521,2015,"04",23,"Spring",98,0.962649085560731,0.920105068401749
"01634000",2015-04-24,0.0342671831604093,0.980726040337804,0.995064130119592,2015,"04",24,"Spring",98,0.962649085560731,0.920105068401749
"01634000",2015-04-25,0.0335096105700359,0.977892183701615,0.99711045029944,2015,"04",25,"Spring",98,0.962649085560731,0.920105068401749
"01634000",2015-04-26,0.0338397197192535,1.00985117832174,1.03268151147211,2015,"04",26,"Spring",98,0.962649085560731,0.920105068401749
"01634000",2015-04-27,0.0330285659292713,0.976029535802547,0.966508290285502,2015,"04",27,"Spring",98,0.962649085560731,0.920105068401749
"01634000",2015-04-28,0.0321938216220587,0.974726595487068,0.998665060566627,2015,"04",28,"Spring",98,0.962649085560731,0.920105068401749
"01634000",2015-04-29,0.0311714073177427,0.968241909385014,0.993347174343988,2015,"04",29,"Spring",98,0.962649085560731,0.920105068401749
"01634000",2015-04-30,0.0301969887223095,0.968739987081732,1.00051441451965,2015,"04",30,"Spring",98,0.962649085560731,0.920105068401749
"01634000",2015-05-01,0.0312646515667439,1.03535659976737,1.06876624643762,2015,"05",1,"Spring",98,0.962649085560731,0.920105068401749
"01634000",2015-05-02,0.0304522239603102,0.974014499899374,0.940752683778926,2015,"05",2,"Spring",98,0.962649085560731,0.920105068401749
"01634000",2015-05-03,0.0294991094851866,0.968701317960691,0.994545068949968,2015,"05",3,"Spring",98,0.962649085560731,0.920105068401749
"01634000",2015-05-04,0.0281115807592869,0.952963708053746,0.983753908851827,2015,"05",4,"Spring",98,0.962649085560731,0.920105068401749
"01634000",2015-05-05,0.0268225044710561,0.954144297353151,1.00123886071361,2015,"05",5,"Spring",98,0.962649085560731,0.920105068401749
"01634000",2015-05-06,0.0273581366054714,1.01996950489814,1.06898873443733,2015,"05",6,"Spring",98,0.962649085560731,0.920105068401749
"01634000",2015-05-07,0.0291245557600632,1.06456650100353,1.04372385242031,2015,"05",7,"Spring",98,0.962649085560731,0.920105068401749
"01634000",2015-05-08,0.0280956809874624,0.964673288716333,0.906165361963738,2015,"05",8,"Spring",98,0.962649085560731,0.920105068401749
"01634000",2015-05-09,0.0265133398352191,0.943680270538755,0.978238209326276,2015,"05",9,"Spring",98,0.962649085560731,0.920105068401749
"01634000",2015-05-10,0.0247247067745775,0.932538372315296,0.988193142771653,2015,"05",10,"Spring",98,0.962649085560731,0.920105068401749
"01634000",2015-05-11,0.0227724362630397,0.921039690001696,0.987669480790317,2015,"05",11,"Spring",98,0.962649085560731,0.920105068401749
"01634000",2015-05-12,0.0209376709535718,0.919430433868607,0.998252783077039,2015,"05",12,"Spring",98,0.962649085560731,0.920105068401749
"01634000",2015-05-13,0.0192453624913469,0.919173987117406,0.99972108085424,2015,"05",13,"Spring",98,0.962649085560731,0.920105068401749
"01634000",2015-05-14,0.0177424068679102,0.921905569504732,1.00297177947332,2015,"05",14,"Spring",98,0.962649085560731,0.920105068401749
"01634000",2015-05-15,0.0161324391956441,0.909258778459312,0.986281901895641,2015,"05",15,"Spring",98,0.962649085560731,0.920105068401749
"01634000",2015-05-16,0.0144325196743011,0.894627247576922,0.983908287465553,2015,"05",16,"Spring",98,0.962649085560731,0.920105068401749
"01634000",2015-05-17,0.0144722897093743,1.002755585024,1.12086412272815,2015,"05",17,"Spring",98,0.962649085560731,0.920105068401749
"01634000",2015-05-18,0.0141934987041168,0.98073621998619,0.978041144455667,2015,"05",18,"Spring",98,0.962649085560731,0.920105068401749
"01634000",2015-05-19,0.0136995841749012,0.965201354541831,0.984159996207158,2015,"05",19,"Spring",98,0.962649085560731,0.920105068401749
"01634000",2015-05-20,0.0129513737629168,0.945384443612876,0.979468625032792,2015,"05",20,"Spring",98,0.962649085560731,0.920105068401749
"01634000",2015-05-21,0.0123512559221126,0.953663769435606,1.00875762858027,2015,"05",21,"Spring",98,0.962649085560731,0.920105068401749
"01634000",2015-11-15,0.00783485631109215,0.958534418123367,0.987388066715597,2015,"11",15,"Fall",99,1.01141119044479,0.270777687355068
"01634000",2015-11-16,0.00746802624780685,0.953179733141249,0.994413674792605,2015,"11",16,"Fall",99,1.01141119044479,0.270777687355068
"01634000",2015-11-17,0.00708823237800971,0.949144009783217,0.99576604157882,2015,"11",17,"Fall",99,1.01141119044479,0.270777687355068
"01634000",2015-11-18,0.00668741084518842,0.943452540570654,0.994003576745047,2015,"11",18,"Fall",99,1.01141119044479,0.270777687355068
"01634000",2015-11-19,0.00854973835521378,1.27848259261135,1.35511065754092,2015,"11",19,"Fall",99,1.01141119044479,0.270777687355068
"01634000",2015-11-20,0.00922477699350566,1.07895430365775,0.843933511408977,2015,"11",20,"Fall",99,1.01141119044479,0.270777687355068
"01634000",2015-11-21,0.00918279273901135,0.99544875127888,0.922605107467683,2015,"11",21,"Fall",99,1.01141119044479,0.270777687355068
"01634000",2015-11-22,0.00911639802507125,0.99276965996869,0.997308659730852,2015,"11",22,"Fall",99,1.01141119044479,0.270777687355068
"01634000",2015-11-23,0.0090154345962219,0.9889250745117,0.996127414432557,2015,"11",23,"Fall",99,1.01141119044479,0.270777687355068
"01634000",2015-11-24,0.00886172105674632,0.982949957893323,0.993957968331092,2015,"11",24,"Fall",99,1.01141119044479,0.270777687355068
"01634000",2015-11-25,0.00864763307617977,0.975841263881403,0.992768000085014,2015,"11",25,"Fall",99,1.01141119044479,0.270777687355068
"01634000",2015-11-26,0.00838867080165073,0.970053970578104,0.994069431661169,2015,"11",26,"Fall",99,1.01141119044479,0.270777687355068
"01634000",2015-11-27,0.00807448496925645,0.962546410531158,0.992260677988389,2015,"11",27,"Fall",99,1.01141119044479,0.270777687355068
"01634000",2015-11-28,0.007713485712884,0.955291358179877,0.992462646713027,2015,"11",28,"Fall",99,1.01141119044479,0.270777687355068
"01634000",2015-12-05,0.0190983123029582,0.9875430877859,0.997989742635376,2015,"12",5,"Winter",100,0.986178070337546,0.505305974564742
"01634000",2015-12-06,0.0187948435195722,0.984110177979494,0.996523787317368,2015,"12",6,"Winter",100,0.986178070337546,0.505305974564742
"01634000",2015-12-07,0.0184033484547399,0.979170081175479,0.994980138490024,2015,"12",7,"Winter",100,0.986178070337546,0.505305974564742
"01634000",2015-12-08,0.0179681350127794,0.976351399147234,0.997121356051994,2015,"12",8,"Winter",100,0.986178070337546,0.505305974564742
"01634000",2015-12-09,0.0175010258681141,0.974003470903737,0.997595201639955,2015,"12",9,"Winter",100,0.986178070337546,0.505305974564742
"01634000",2015-12-10,0.0170205350150354,0.972544989265224,0.998502590922844,2015,"12",10,"Winter",100,0.986178070337546,0.505305974564742
"01634000",2015-12-11,0.0164962186245248,0.969195069952415,0.996555512238729,2015,"12",11,"Winter",100,0.986178070337546,0.505305974564742
"01634000",2015-12-12,0.0159125575446524,0.964618492688701,0.995277960644251,2015,"12",12,"Winter",100,0.986178070337546,0.505305974564742
"01634000",2015-12-13,0.0152856611530297,0.960603668526346,0.995837914996669,2015,"12",13,"Winter",100,0.986178070337546,0.505305974564742
"01634000",2015-12-14,0.0146247242228128,0.956760985108855,0.995999720234895,2015,"12",14,"Winter",100,0.986178070337546,0.505305974564742
"01634000",2015-12-15,0.0140081174904481,0.957838060877558,1.00112575218416,2015,"12",15,"Winter",100,0.986178070337546,0.505305974564742
"01634000",2015-12-16,0.013456404209137,0.960614744865804,1.00289890755197,2015,"12",16,"Winter",100,0.986178070337546,0.505305974564742
"01634000",2015-12-17,0.0150125569198281,1.11564402246734,1.16138548614845,2015,"12",17,"Winter",100,0.986178070337546,0.505305974564742
"01634000",2015-12-18,0.0169450821122155,1.12872725164059,1.01172706428733,2015,"12",18,"Winter",100,0.986178070337546,0.505305974564742
"01634000",2015-12-19,0.0165402151760645,0.976107112761698,0.864785634742971,2015,"12",19,"Winter",100,0.986178070337546,0.505305974564742
"01634000",2015-12-20,0.0161466939607635,0.976208216694153,1.00010357872731,2015,"12",20,"Winter",100,0.986178070337546,0.505305974564742
"01634000",2015-12-21,0.0157641271362081,0.976306801535656,1.00010098751457,2015,"12",21,"Winter",100,0.986178070337546,0.505305974564742
"01634000",2015-12-22,0.0154356206185184,0.979161134971112,1.00292360294015,2015,"12",22,"Winter",100,0.986178070337546,0.505305974564742
"01634000",2015-12-31,0.0269934067036956,0.994272298633482,0.972319261128581,2015,"12",31,"Winter",101,0.999350223261449,0.00799685673069275
"01634000",2016-01-01,0.0267265317961573,0.990113329878375,0.995817072686403,2016,"01",1,"Winter",101,0.999350223261449,0.00799685673069275
"01634000",2016-01-02,0.0263526890194044,0.986012297457662,0.995858017161311,2016,"01",2,"Winter",101,0.999350223261449,0.00799685673069275
"01634000",2016-01-03,0.0258957566693425,0.982660883307757,0.996601042239995,2016,"01",3,"Winter",101,0.999350223261449,0.00799685673069275
"01634000",2016-01-04,0.0254018870182335,0.980928549128141,0.998237098668479,2016,"01",4,"Winter",101,0.999350223261449,0.00799685673069275
"01634000",2016-01-05,0.0249232549685985,0.981157618357585,1.00023352284899,2016,"01",5,"Winter",101,0.999350223261449,0.00799685673069275
"01634000",2016-01-06,0.0244365248363465,0.980470844082557,0.999300036750286,2016,"01",6,"Winter",101,0.999350223261449,0.00799685673069275
"01634000",2016-01-07,0.0239244843833148,0.979046101830728,0.998546879531984,2016,"01",7,"Winter",101,0.999350223261449,0.00799685673069275
"01634000",2016-01-08,0.0233615400502458,0.976469949193069,0.997368711613435,2016,"01",8,"Winter",101,0.999350223261449,0.00799685673069275
"01634000",2016-01-09,0.022766285110265,0.974519875885728,0.998002935667449,2016,"01",9,"Winter",101,0.999350223261449,0.00799685673069275
"01634000",2016-01-10,0.0266255028545857,1.16951460133391,1.20009312305811,2016,"01",10,"Winter",101,0.999350223261449,0.00799685673069275
"01634000",2016-01-11,0.0280326205538586,1.05284849292642,0.900243991588971,2016,"01",11,"Winter",101,0.999350223261449,0.00799685673069275
"01634000",2016-01-12,0.0280521077802405,1.00069516249273,0.95046454377426,2016,"01",12,"Winter",101,0.999350223261449,0.00799685673069275
"01634000",2016-01-13,0.0279040891909972,0.994723441446793,0.994032427386719,2016,"01",13,"Winter",101,0.999350223261449,0.00799685673069275
"01634000",2016-01-14,0.0276479624444619,0.990821175176793,0.996077033970041,2016,"01",14,"Winter",101,0.999350223261449,0.00799685673069275
"01634000",2016-01-15,0.0275144899496808,0.995172429250468,1.00439156346542,2016,"01",15,"Winter",101,0.999350223261449,0.00799685673069275
"01634000",2016-01-16,0.0298621128313243,1.08532314740113,1.09058803831469,2016,"01",16,"Winter",101,0.999350223261449,0.00799685673069275
"01634000",2016-01-17,0.0295132269384339,0.988316771326226,0.910619822025182,2016,"01",17,"Winter",101,0.999350223261449,0.00799685673069275
"01634000",2016-01-18,0.0290857454529032,0.985515596568872,0.997165711603178,2016,"01",18,"Winter",101,0.999350223261449,0.00799685673069275
"01634000",2016-01-19,0.028619967168197,0.983986028982466,0.998447951923104,2016,"01",19,"Winter",101,0.999350223261449,0.00799685673069275
"01634000",2016-01-20,0.0281282409559935,0.982818770919139,0.998813745288098,2016,"01",20,"Winter",101,0.999350223261449,0.00799685673069275
"01634000",2016-01-21,0.0276194339385256,0.981911168271633,0.999076531020406,2016,"01",21,"Winter",101,0.999350223261449,0.00799685673069275
"01634000",2016-01-22,0.027100050705485,0.981195008044097,0.999270646621937,2016,"01",22,"Winter",101,0.999350223261449,0.00799685673069275
"01634000",2016-01-23,0.0265749519458041,0.980623698258443,0.99941774083544,2016,"01",23,"Winter",101,0.999350223261449,0.00799685673069275
"01634000",2016-01-24,0.0260478180134669,0.980164256424162,0.999531479980448,2016,"01",24,"Winter",101,0.999350223261449,0.00799685673069275
"01634000",2016-01-25,0.0255214215721935,0.979791150222211,0.999619343187118,2016,"01",25,"Winter",101,0.999350223261449,0.00799685673069275
"01634000",2016-01-26,0.0249973877798766,0.979466904269631,0.999669066257124,2016,"01",26,"Winter",101,0.999350223261449,0.00799685673069275
"01634000",2016-01-27,0.0244705728255213,0.978925199745094,0.999446939429831,2016,"01",27,"Winter",101,0.999350223261449,0.00799685673069275
"01634000",2016-01-28,0.0239432479720563,0.978450653475712,0.99951523745685,2016,"01",28,"Winter",101,0.999350223261449,0.00799685673069275
"01634000",2016-01-29,0.0234249529312365,0.978353185773932,0.999900385674603,2016,"01",29,"Winter",101,0.999350223261449,0.00799685673069275
"01634000",2016-01-30,0.0229113515815698,0.978074604838081,0.999715255247387,2016,"01",30,"Winter",101,0.999350223261449,0.00799685673069275
"01634000",2016-03-18,0.0350313348462805,0.959889157871744,0.998942577470514,2016,"03",18,"Spring",102,0.958281804977947,0.881029822961072
"01634000",2016-03-19,0.0343088608933613,0.979376351027173,1.02030150355968,2016,"03",19,"Spring",102,0.958281804977947,0.881029822961072
"01634000",2016-03-20,0.0347835922148079,1.01383698872784,1.03518630776057,2016,"03",20,"Spring",102,0.958281804977947,0.881029822961072
"01634000",2016-03-21,0.0338255245005712,0.97245633204529,0.95918411229553,2016,"03",21,"Spring",102,0.958281804977947,0.881029822961072
"01634000",2016-03-22,0.0328784533776343,0.972001287875938,0.999532067246254,2016,"03",22,"Spring",102,0.958281804977947,0.881029822961072
"01634000",2016-03-23,0.0316832598764449,0.963648122754996,0.991406220109856,2016,"03",23,"Spring",102,0.958281804977947,0.881029822961072
"01634000",2016-03-24,0.0302075871732086,0.953424214901149,0.989390413769896,2016,"03",24,"Spring",102,0.958281804977947,0.881029822961072
"01634000",2016-03-25,0.0287799775833264,0.952740032439652,0.999282394498897,2016,"03",25,"Spring",102,0.958281804977947,0.881029822961072
"01634000",2016-03-26,0.0274873886955902,0.955087217007249,1.00246361492923,2016,"03",26,"Spring",102,0.958281804977947,0.881029822961072
"01634000",2016-03-27,0.0262364256195724,0.954489562836557,0.999374241262944,2016,"03",27,"Spring",102,0.958281804977947,0.881029822961072
"01634000",2016-03-28,0.0270405564224347,1.03064940379159,1.07979117207809,2016,"03",28,"Spring",102,0.958281804977947,0.881029822961072
"01634000",2016-03-29,0.0269613448763266,0.997070639195783,0.967419799136081,2016,"03",29,"Spring",102,0.958281804977947,0.881029822961072
"01634000",2016-03-30,0.0260271584847942,0.965350897894092,0.968187067139721,2016,"03",30,"Spring",102,0.958281804977947,0.881029822961072
"01634000",2016-03-31,0.0247182948514819,0.949711620111088,0.983799385469966,2016,"03",31,"Spring",102,0.958281804977947,0.881029822961072
"01634000",2016-04-01,0.0232185737695545,0.939327486344086,0.989066013780281,2016,"04",1,"Spring",102,0.958281804977947,0.881029822961072
"01634000",2016-04-02,0.0219757639570162,0.946473464525717,1.00760754719256,2016,"04",2,"Spring",102,0.958281804977947,0.881029822961072
"01634000",2016-04-03,0.0211836855160072,0.963956727849908,1.01847200579781,2016,"04",3,"Spring",102,0.958281804977947,0.881029822961072
"01634000",2016-04-04,0.0203876037267037,0.962420052511542,0.998405866888036,2016,"04",4,"Spring",102,0.958281804977947,0.881029822961072
"01634000",2016-04-05,0.0195182928582653,0.957360811986957,0.994743209566985,2016,"04",5,"Spring",102,0.958281804977947,0.881029822961072
"01634000",2016-04-06,0.0187142990762368,0.958808191481352,1.00151184326356,2016,"04",6,"Spring",102,0.958281804977947,0.881029822961072
"01634000",2016-04-07,0.019576066522859,1.04604860930734,1.09098839434319,2016,"04",7,"Spring",102,0.958281804977947,0.881029822961072
"01634000",2016-04-08,0.0205502448952757,1.04976374448253,1.00355158942151,2016,"04",8,"Spring",102,0.958281804977947,0.881029822961072
"01634000",2016-04-09,0.0200413822312839,0.975238121658164,0.929007242614283,2016,"04",9,"Spring",102,0.958281804977947,0.881029822961072
"01634000",2016-04-10,0.0195472228224389,0.975343047543216,1.00010759001594,2016,"04",10,"Spring",102,0.958281804977947,0.881029822961072
"01634000",2016-04-11,0.0187754560029134,0.960517827696752,0.98479999433655,2016,"04",11,"Spring",102,0.958281804977947,0.881029822961072
"01634000",2016-04-12,0.0176327531225979,0.939138475244587,0.977741847328923,2016,"04",12,"Spring",102,0.958281804977947,0.881029822961072
"01634000",2016-04-13,0.016552469576709,0.938734266941872,0.99956959669594,2016,"04",13,"Spring",102,0.958281804977947,0.881029822961072
"01634000",2016-04-14,0.0155563994776458,0.939823475013977,1.00116029435641,2016,"04",14,"Spring",102,0.958281804977947,0.881029822961072
"01634000",2016-04-15,0.0145234778174199,0.933601495531783,0.993379629635128,2016,"04",15,"Spring",102,0.958281804977947,0.881029822961072
"01634000",2016-04-16,0.013427124300506,0.92451164034561,0.990263666853923,2016,"04",16,"Spring",102,0.958281804977947,0.881029822961072
"01634000",2016-04-17,0.0121933553309646,0.908113685259105,0.9822631166868,2016,"04",17,"Spring",102,0.958281804977947,0.881029822961072
"01634000",2016-04-18,0.0107610980048776,0.882537883362603,0.971836343497891,2016,"04",18,"Spring",102,0.958281804977947,0.881029822961072
"01634000",2016-04-19,0.00924200145527721,0.858834428520973,0.97314171404029,2016,"04",19,"Spring",102,0.958281804977947,0.881029822961072
"01634000",2016-04-20,0.00792336405720562,0.857321230206186,0.998238079116841,2016,"04",20,"Spring",102,0.958281804977947,0.881029822961072
"01634000",2016-04-21,0.00670227603404783,0.845887679230476,0.986663632518513,2016,"04",21,"Spring",102,0.958281804977947,0.881029822961072
"01634000",2016-04-22,0.0056608318554936,0.844613356229488,0.998493508024437,2016,"04",22,"Spring",102,0.958281804977947,0.881029822961072
"01634000",2016-12-09,0.00908230975619517,0.976607990397311,1.00007277289917,2016,"12",9,"Winter",103,0.990831553275755,0.864993549373791
"01634000",2016-12-10,0.00887048372533173,0.976677074824611,1.00007073915837,2016,"12",10,"Winter",103,0.990831553275755,0.864993549373791
"01634000",2016-12-11,0.00866419385420159,0.976744236558258,1.00006876554736,2016,"12",11,"Winter",103,0.990831553275755,0.864993549373791
"01634000",2016-12-12,0.0088879712857306,1.02582784218528,1.05025226030509,2016,"12",12,"Winter",103,0.990831553275755,0.864993549373791
"01634000",2016-12-13,0.00886362927849404,0.99726124146287,0.972152636585143,2016,"12",13,"Winter",103,0.990831553275755,0.864993549373791
"01634000",2016-12-14,0.0086579184862785,0.976791584377896,0.979474127506502,2016,"12",14,"Winter",103,0.990831553275755,0.864993549373791
"01634000",2016-12-15,0.00845753872999922,0.976855897107733,1.00006584079026,2016,"12",15,"Winter",103,0.990831553275755,0.864993549373791
"01634000",2016-12-16,0.00826232490362599,0.976918364478688,1.0000639473756,2016,"12",16,"Winter",103,0.990831553275755,0.864993549373791
"01634000",2016-12-17,0.00807211815845221,0.976979028615746,1.00006209744771,2016,"12",17,"Winter",103,0.990831553275755,0.864993549373791
"01634000",2016-12-18,0.0084718320867978,1.04951784903285,1.07424808342087,2016,"12",18,"Winter",103,0.990831553275755,0.864993549373791
"01634000",2016-12-19,0.00860284629743546,1.01546468453286,0.967553515615406,2016,"12",19,"Winter",103,0.990831553275755,0.864993549373791
"01634000",2016-12-20,0.00840430162497796,0.976921048500345,0.962043351561514,2016,"12",20,"Winter",103,0.990831553275755,0.864993549373791
"01634000",2016-12-21,0.00821084846393205,0.976981649436408,1.00006203258304,2016,"12",21,"Winter",103,0.990831553275755,0.864993549373791
"01634000",2016-12-22,0.0080223316908814,0.977040524632898,1.00006026233607,2016,"12",22,"Winter",103,0.990831553275755,0.864993549373791
"01634000",2016-12-23,0.00783860252704471,0.97709778516818,1.0000586061006,2016,"12",23,"Winter",103,0.990831553275755,0.864993549373791
"01634000",2017-01-06,0.0137008010060526,0.991091497751927,0.995114714326919,2017,"01",6,"Winter",104,0.994513642704492,0.125483692744313
"01634000",2017-01-07,0.0135537226451561,0.989264980869981,0.998157065330406,2017,"01",7,"Winter",104,0.994513642704492,0.125483692744313
"01634000",2017-01-08,0.0133892192388885,0.98786286169679,0.998582665716158,2017,"01",8,"Winter",104,0.994513642704492,0.125483692744313
"01634000",2017-01-09,0.0132116475724615,0.986737713136311,0.99886102757366,2017,"01",9,"Winter",104,0.994513642704492,0.125483692744313
"01634000",2017-01-10,0.0130243187886663,0.98582093695977,0.999070901857366,2017,"01",10,"Winter",104,0.994513642704492,0.125483692744313
"01634000",2017-01-11,0.013075876282528,1.00395855589059,1.01839849231317,2017,"01",11,"Winter",104,0.994513642704492,0.125483692744313
"01634000",2017-01-12,0.0148329766234383,1.13437725342034,1.12990446345074,2017,"01",12,"Winter",104,0.994513642704492,0.125483692744313
"01634000",2017-01-13,0.0146105858148076,0.985007000666385,0.868324005701299,2017,"01",13,"Winter",104,0.994513642704492,0.125483692744313
"01634000",2017-01-14,0.0143153223907575,0.979791130363109,0.994704737834606,2017,"01",14,"Winter",104,0.994513642704492,0.125483692744313
"01634000",2017-01-15,0.0140619031153619,0.982297340676086,1.00255790263385,2017,"01",15,"Winter",104,0.994513642704492,0.125483692744313
"01634000",2017-01-16,0.013939821976237,0.99131830605549,1.00918353843165,2017,"01",16,"Winter",104,0.994513642704492,0.125483692744313
"01634000",2017-01-17,0.0155197081621736,1.11333618095194,1.12308647399236,2017,"01",17,"Winter",104,0.994513642704492,0.125483692744313
"01634000",2017-01-18,0.016720651416108,1.07738181938636,0.967705745864798,2017,"01",18,"Winter",104,0.994513642704492,0.125483692744313
"01634000",2017-01-19,0.0164015209302306,0.980913992048781,0.910460873200435,2017,"01",19,"Winter",104,0.994513642704492,0.125483692744313
"01634000",2017-01-20,0.0160433629644103,0.97816312478923,0.997195608094237,2017,"01",20,"Winter",104,0.994513642704492,0.125483692744313
"01634000",2017-01-21,0.0155678593437187,0.970361349939758,0.992024055444584,2017,"01",21,"Winter",104,0.994513642704492,0.125483692744313
"01634000",2017-01-22,0.0150891947560012,0.969253024635617,0.998857822084309,2017,"01",22,"Winter",104,0.994513642704492,0.125483692744313
"01634000",2017-01-23,0.0222923895344138,1.4773743658884,1.52424013991992,2017,"01",23,"Winter",104,0.994513642704492,0.125483692744313
"01634000",2017-01-24,0.0283443701919168,1.27148191754681,0.860636238792609,2017,"01",24,"Winter",104,0.994513642704492,0.125483692744313
"01634000",2017-01-25,0.028681693249382,1.01190088385035,0.795843707948836,2017,"01",25,"Winter",104,0.994513642704492,0.125483692744313
"01634000",2017-01-26,0.0286325083579868,0.998285146871645,0.986544396594564,2017,"01",26,"Winter",104,0.994513642704492,0.125483692744313
"01634000",2017-01-27,0.0283872137079015,0.991433001711956,0.993136084232885,2017,"01",27,"Winter",104,0.994513642704492,0.125483692744313
"01634000",2017-01-28,0.0280148583697155,0.986882990982578,0.995410672509871,2017,"01",28,"Winter",104,0.994513642704492,0.125483692744313
"01634000",2017-01-29,0.0275622190674767,0.983842884505597,0.996919486398328,2017,"01",29,"Winter",104,0.994513642704492,0.125483692744313
"01634000",2017-01-30,0.0270700828405097,0.982144535396003,0.998273759828585,2017,"01",30,"Winter",104,0.994513642704492,0.125483692744313
"01634000",2017-01-31,0.0265736853471026,0.981662505566319,0.999509206830246,2017,"01",31,"Winter",104,0.994513642704492,0.125483692744313
"01634000",2017-02-01,0.0260674585588276,0.980950072161138,0.99927425831063,2017,"02",1,"Winter",104,0.994513642704492,0.125483692744313
"01634000",2017-02-02,0.0257306643761694,0.98707989956527,1.00624886788644,2017,"02",2,"Winter",104,0.994513642704492,0.125483692744313
"01634000",2017-02-03,0.0252603252884001,0.981720678452245,0.994570630892813,2017,"02",3,"Winter",104,0.994513642704492,0.125483692744313
"01634000",2017-02-04,0.024744036141783,0.979561262940104,0.997800376869371,2017,"02",4,"Winter",104,0.994513642704492,0.125483692744313
"01634000",2017-02-05,0.0242310632020235,0.979268825149618,0.999701460437902,2017,"02",5,"Winter",104,0.994513642704492,0.125483692744313
"01634000",2017-02-06,0.0237163476413116,0.978758028221025,0.999478389472355,2017,"02",6,"Winter",104,0.994513642704492,0.125483692744313
"01634000",2017-02-07,0.0231034651515074,0.97415780460493,0.995299937795191,2017,"02",7,"Winter",104,0.994513642704492,0.125483692744313
"01634000",2017-02-08,0.0223478216212243,0.967293065116952,0.992953154555116,2017,"02",8,"Winter",104,0.994513642704492,0.125483692744313
"01634000",2017-02-09,0.0235324914683588,1.05301052904456,1.08861581563933,2017,"02",9,"Winter",104,0.994513642704492,0.125483692744313
"01634000",2017-02-10,0.0235629642847925,1.00129492520903,0.9508878568551,2017,"02",10,"Winter",104,0.994513642704492,0.125483692744313
"01634000",2017-02-11,0.023108932247851,0.980731115514421,0.979462784463508,2017,"02",11,"Winter",104,0.994513642704492,0.125483692744313
"01634000",2017-02-12,0.023100288817659,0.999625970161697,1.01926609072392,2017,"02",12,"Winter",104,0.994513642704492,0.125483692744313
"01634000",2017-02-13,0.0231276975246146,1.00118650927579,1.00156112302069,2017,"02",13,"Winter",104,0.994513642704492,0.125483692744313
"01634000",2017-02-14,0.0226621291949414,0.979869663671545,0.978708417056413,2017,"02",14,"Winter",104,0.994513642704492,0.125483692744313
"01634000",2017-02-15,0.0221729231998324,0.978413061239712,0.998513473285441,2017,"02",15,"Winter",104,0.994513642704492,0.125483692744313
"01634000",2017-02-16,0.0216623792075552,0.976974439153738,0.998529637284123,2017,"02",16,"Winter",104,0.994513642704492,0.125483692744313
"01634000",2017-02-17,0.0211637167376466,0.976980253870975,1.00000595175985,2017,"02",17,"Winter",104,0.994513642704492,0.125483692744313
"01634000",2017-02-18,0.0205580688198097,0.971382724247128,0.994270580596007,2017,"02",18,"Winter",104,0.994513642704492,0.125483692744313
"01634000",2017-02-19,0.0199212988372892,0.969025787971538,0.997573627555075,2017,"02",19,"Winter",104,0.994513642704492,0.125483692744313
"01634000",2017-02-20,0.0192712834686972,0.967370833904902,0.998292146517483,2017,"02",20,"Winter",104,0.994513642704492,0.125483692744313
"01634000",2017-02-21,0.0186065848101862,0.965508334741133,0.998074679224873,2017,"02",21,"Winter",104,0.994513642704492,0.125483692744313
"01634000",2017-02-22,0.0179407959221862,0.964217566265279,0.998663120317651,2017,"02",22,"Winter",104,0.994513642704492,0.125483692744313
"01634000",2017-02-23,0.0171876538661309,0.958020699899718,0.993573165867986,2017,"02",23,"Winter",104,0.994513642704492,0.125483692744313
"01634000",2017-02-24,0.016317862959113,0.94939443662338,0.990995744374583,2017,"02",24,"Winter",104,0.994513642704492,0.125483692744313
"01634000",2017-02-25,0.0154364519985393,0.945984902386898,0.996408727389842,2017,"02",25,"Winter",104,0.994513642704492,0.125483692744313
"01634000",2017-02-26,0.0147774679353461,0.957309875141285,1.01197162103308,2017,"02",26,"Winter",104,0.994513642704492,0.125483692744313
"01634000",2017-02-27,0.0142167327576317,0.962054718699598,1.00495643436,2017,"02",27,"Winter",104,0.994513642704492,0.125483692744313
"01634000",2017-02-28,0.0137906009913422,0.970026040894613,1.00828572641459,2017,"02",28,"Winter",104,0.994513642704492,0.125483692744313
"01634000",2017-03-01,0.0148100666119717,1.07392466951002,1.10710911278174,2017,"03",1,"Spring",104,0.994513642704492,0.125483692744313
"01634000",2017-03-02,0.0143897767411545,0.971621338253977,0.904738819993104,2017,"03",2,"Spring",104,0.994513642704492,0.125483692744313
"01634000",2017-03-03,0.0138747149612755,0.964206409234553,0.99236849920078,2017,"03",3,"Spring",104,0.994513642704492,0.125483692744313
"01634000",2017-03-04,0.0134682293864898,0.970703140502697,1.00673790508539,2017,"03",4,"Spring",104,0.994513642704492,0.125483692744313
"01634000",2017-03-05,0.0131050750496797,0.973036222773693,1.00240349719049,2017,"03",5,"Spring",104,0.994513642704492,0.125483692744313
"01634000",2017-03-06,0.0126598892966285,0.966029515179154,0.992799129744044,2017,"03",6,"Spring",104,0.994513642704492,0.125483692744313
"01634000",2017-03-07,0.0121734801796265,0.961578722719828,0.995392695161596,2017,"03",7,"Spring",104,0.994513642704492,0.125483692744313
"01634000",2017-03-08,0.0129169712890871,1.061074655603,1.10347143768088,2017,"03",8,"Spring",104,0.994513642704492,0.125483692744313
"01634000",2017-03-09,0.0124914869084023,0.967060050598373,0.911396804637469,2017,"03",9,"Spring",104,0.994513642704492,0.125483692744313
"01634000",2017-03-10,0.0119820942054503,0.959220811206279,0.991893740841385,2017,"03",10,"Spring",104,0.994513642704492,0.125483692744313
"01634000",2017-03-11,0.0117034339345992,0.976743608748765,1.01826774121013,2017,"03",11,"Spring",104,0.994513642704492,0.125483692744313
"01634000",2017-03-12,0.0114319874264766,0.976806251084981,1.00006413385832,2017,"03",12,"Spring",104,0.994513642704492,0.125483692744313
"01634000",2017-03-13,0.0111675321240909,0.976867075468161,1.00006226862606,2017,"03",13,"Spring",104,0.994513642704492,0.125483692744313
"01634000",2017-03-14,0.0109098543180153,0.976926163881831,1.00006048767038,2017,"03",14,"Spring",104,0.994513642704492,0.125483692744313
"01634000",2017-03-15,0.0106587483314797,0.976983561905048,1.00005875369638,2017,"03",15,"Spring",104,0.994513642704492,0.125483692744313
"01634000",2017-03-16,0.0104140161711257,0.977039315241994,1.00005706681168,2017,"03",16,"Spring",104,0.994513642704492,0.125483692744313
"01634000",2017-04-03,0.0180423169513233,0.974521330476465,0.991827632822261,2017,"04",3,"Spring",105,0.959687247968533,0.815230487584493
"01634000",2017-04-04,0.0181117940228432,1.00385078433703,1.03009626669354,2017,"04",4,"Spring",105,0.959687247968533,0.815230487584493
"01634000",2017-04-05,0.0177152374526486,0.978105064043103,0.97435304061556,2017,"04",5,"Spring",105,0.959687247968533,0.815230487584493
"01634000",2017-04-06,0.0179928447469138,1.0156705375814,1.03840637874117,2017,"04",6,"Spring",105,0.959687247968533,0.815230487584493
"01634000",2017-04-07,0.0192711450508796,1.07104492491022,1.05452002916289,2017,"04",7,"Spring",105,0.959687247968533,0.815230487584493
"01634000",2017-04-08,0.0188546249410138,0.97838633310236,0.913487670168802,2017,"04",8,"Spring",105,0.959687247968533,0.815230487584493
"01634000",2017-04-09,0.0183318018098362,0.972270828361041,0.993749396803277,2017,"04",9,"Spring",105,0.959687247968533,0.815230487584493
"01634000",2017-04-10,0.0175097046303563,0.955154589384728,0.982395605754041,2017,"04",10,"Spring",105,0.959687247968533,0.815230487584493
"01634000",2017-04-11,0.016449662973173,0.939459763624708,0.983568287338566,2017,"04",11,"Spring",105,0.959687247968533,0.815230487584493
"01634000",2017-04-12,0.0153617789037526,0.93386587486962,0.994045632424421,2017,"04",12,"Spring",105,0.959687247968533,0.815230487584493
"01634000",2017-04-13,0.0143138332059607,0.93178226920478,0.997768838415762,2017,"04",13,"Spring",105,0.959687247968533,0.815230487584493
"01634000",2017-04-14,0.0132868512300774,0.928252484075644,0.99621179191127,2017,"04",14,"Spring",105,0.959687247968533,0.815230487584493
"01634000",2017-04-15,0.0121216280094814,0.912302531245449,0.982817225804596,2017,"04",15,"Spring",105,0.959687247968533,0.815230487584493
"01634000",2017-04-16,0.0107974564598408,0.890759595278386,0.976386192924782,2017,"04",16,"Spring",105,0.959687247968533,0.815230487584493
"01634000",2017-04-17,0.0103824094985612,0.961560672847047,1.07948393477202,2017,"04",17,"Spring",105,0.959687247968533,0.815230487584493
"01634000",2017-04-18,0.0106330077687744,1.02413681238907,1.06507768184481,2017,"04",18,"Spring",105,0.959687247968533,0.815230487584493
"01634000",2017-04-19,0.0102395589346997,0.962997409328517,0.940301527763731,2017,"04",19,"Spring",105,0.959687247968533,0.815230487584493
"01634000",2017-04-20,0.00963670870987698,0.941125371838056,0.977287542750803,2017,"04",20,"Spring",105,0.959687247968533,0.815230487584493
"01634000",2017-12-26,0.000590264407946961,0.978717201940861,1.00000523259974,2017,"12",26,"Winter",106,0.978752238426192,0.999999849959447
"01634000",2017-12-27,0.00057770485727815,0.978722161628387,1.00000506753893,2017,"12",27,"Winter",106,0.978752238426192,0.999999849959447
"01634000",2017-12-28,0.000565415330129326,0.978726979712919,1.00000492283175,2017,"12",28,"Winter",106,0.978752238426192,0.999999849959447
"01634000",2017-12-29,0.000553389876586152,0.978731645743628,1.00000476744874,2017,"12",29,"Winter",106,0.978752238426192,0.999999849959447
"01634000",2017-12-30,0.000541622692253441,0.978736177095788,1.00000462982083,2017,"12",30,"Winter",106,0.978752238426192,0.999999849959447
"01634000",2017-12-31,0.000530108112798189,0.978740588937763,1.00000450769276,2017,"12",31,"Winter",106,0.978752238426192,0.999999849959447
"01634000",2018-01-01,0.000518840581207769,0.97874484219654,1.00000434564462,2018,"01",1,"Winter",106,0.978752238426192,0.999999849959447
"01634000",2018-01-02,0.000507814687807695,0.978748976469019,1.00000422405544,2018,"01",2,"Winter",106,0.978752238426192,0.999999849959447
"01634000",2018-01-03,0.000497025155709707,0.978753012945396,1.00000412411811,2018,"01",3,"Winter",106,0.978752238426192,0.999999849959447
"01634000",2018-01-04,0.000486466789880069,0.978756878382621,1.00000394934899,2018,"01",4,"Winter",106,0.978752238426192,0.999999849959447
"01634000",2018-01-05,0.000476134555356111,0.97876065799578,1.00000386164659,2018,"01",5,"Winter",106,0.978752238426192,0.999999849959447
"01634000",2018-01-06,0.000466023520857561,0.97876433376908,1.00000375553847,2018,"01",6,"Winter",106,0.978752238426192,0.999999849959447
"01634000",2018-01-07,0.000456128860605531,0.978767895161553,1.00000363866188,2018,"01",7,"Winter",106,0.978752238426192,0.999999849959447
"01634000",2018-01-08,0.000446445854322519,0.978771336086566,1.00000351556792,2018,"01",8,"Winter",106,0.978752238426192,0.999999849959447
"01634000",2018-01-09,0.000436969901784323,0.978774688024429,1.00000342463836,2018,"01",9,"Winter",106,0.978752238426192,0.999999849959447
"01634000",2018-01-10,0.000427696493716212,0.978777924909143,1.00000330707849,2018,"01",10,"Winter",106,0.978752238426192,0.999999849959447
"01634000",2018-02-28,0.0245298505760729,0.971304242372703,0.993163907916523,2018,"02",28,"Winter",107,0.968707632903628,0.995208589209847
"01634000",2018-03-01,0.0237201752024703,0.966992241917999,0.995560607823384,2018,"03",1,"Spring",107,0.968707632903628,0.995208589209847
"01634000",2018-03-02,0.0230670790188014,0.972466637447062,1.00566126106473,2018,"03",2,"Spring",107,0.968707632903628,0.995208589209847
"01634000",2018-03-03,0.0225122242118232,0.975946030855229,1.00357790516835,2018,"03",3,"Spring",107,0.968707632903628,0.995208589209847
"01634000",2018-03-04,0.0219685542397201,0.97585001077692,0.99990161333181,2018,"03",4,"Spring",107,0.968707632903628,0.995208589209847
"01634000",2018-03-05,0.0214073464157991,0.97445403926917,0.998569481485543,2018,"03",5,"Spring",107,0.968707632903628,0.995208589209847
"01634000",2018-03-06,0.0208115376881324,0.972168025121179,0.997654056470733,2018,"03",6,"Spring",107,0.968707632903628,0.995208589209847
"01634000",2018-03-07,0.0202145832008682,0.971316175853524,0.99912376333551,2018,"03",7,"Spring",107,0.968707632903628,0.995208589209847
"01634000",2018-03-08,0.0196027673082426,0.969733934825858,0.998371033997992,2018,"03",8,"Spring",107,0.968707632903628,0.995208589209847
"01634000",2018-03-09,0.0190580495982431,0.972212203438721,1.00255561708615,2018,"03",9,"Spring",107,0.968707632903628,0.995208589209847
"01634000",2018-03-10,0.0184942565974779,0.97041706718944,0.998153555115918,2018,"03",10,"Spring",107,0.968707632903628,0.995208589209847
"01634000",2018-03-11,0.0178771971259266,0.966635075689635,0.996102715391477,2018,"03",11,"Spring",107,0.968707632903628,0.995208589209847
"01634000",2018-03-12,0.0172780231805518,0.966483898949359,0.999843605157646,2018,"03",12,"Spring",107,0.968707632903628,0.995208589209847
"01634000",2018-03-13,0.0167061339016072,0.96690076908866,1.00043132652262,2018,"03",13,"Spring",107,0.968707632903628,0.995208589209847
"01634000",2018-03-14,0.0161964215803891,0.969489510606097,1.00267736007685,2018,"03",14,"Spring",107,0.968707632903628,0.995208589209847
"01634000",2018-03-15,0.0156818928080611,0.968231947422815,0.998702860454369,2018,"03",15,"Spring",107,0.968707632903628,0.995208589209847
"01634000",2018-03-16,0.0151359837618656,0.965188574308145,0.996856772674388,2018,"03",16,"Spring",107,0.968707632903628,0.995208589209847
"01634000",2018-03-17,0.0146255281288177,0.966275358042202,1.00112598072852,2018,"03",17,"Spring",107,0.968707632903628,0.995208589209847
"01634000",2018-03-18,0.0140428020968102,0.960156923779094,0.993668022047562,2018,"03",18,"Spring",107,0.968707632903628,0.995208589209847
"01634000",2018-03-19,0.0133871111902408,0.953307687308482,0.992866544727237,2018,"03",19,"Spring",107,0.968707632903628,0.995208589209847
"01634000",2018-03-20,0.0128749359282665,0.961741166208606,1.00884654452324,2018,"03",20,"Spring",107,0.968707632903628,0.995208589209847
"01634000",2018-03-21,0.0125716881593689,0.976446658019339,1.01529048805169,2018,"03",21,"Spring",107,0.968707632903628,0.995208589209847
"01634000",2018-03-31,0.0225991628831252,0.963407467119958,0.991187922049325,2018,"03",31,"Spring",108,0.954418739447775,0.907351438108426
"01634000",2018-04-01,0.0216510092141107,0.958044743784622,0.994433587533458,2018,"04",1,"Spring",108,0.954418739447775,0.907351438108426
"01634000",2018-04-02,0.0219869240536354,1.0155149737457,1.05998699991197,2018,"04",2,"Spring",108,0.954418739447775,0.907351438108426
"01634000",2018-04-03,0.021774299966637,0.990329521015322,0.975199329028621,2018,"04",3,"Spring",108,0.954418739447775,0.907351438108426
"01634000",2018-04-04,0.0211967760697007,0.97347680991714,0.982982723688875,2018,"04",4,"Spring",108,0.954418739447775,0.907351438108426
"01634000",2018-04-05,0.0204729774268344,0.965853361827937,0.99216884468994,2018,"04",5,"Spring",108,0.954418739447775,0.907351438108426
"01634000",2018-04-06,0.0195507786120288,0.954955315214833,0.988716665444453,2018,"04",6,"Spring",108,0.954418739447775,0.907351438108426
"01634000",2018-04-07,0.0186886390438303,0.955902545606647,1.00099191069647,2018,"04",7,"Spring",108,0.954418739447775,0.907351438108426
"01634000",2018-04-08,0.0180248046526685,0.964479254502968,1.00897236746124,2018,"04",8,"Spring",108,0.954418739447775,0.907351438108426
"01634000",2018-04-09,0.0173470097943209,0.962396549010739,0.997840590678851,2018,"04",9,"Spring",108,0.954418739447775,0.907351438108426
"01634000",2018-04-10,0.0166088052210398,0.95744485176213,0.994854826470753,2018,"04",10,"Spring",108,0.954418739447775,0.907351438108426
"01634000",2018-04-11,0.0157771374215372,0.94992609110443,0.992147056152778,2018,"04",11,"Spring",108,0.954418739447775,0.907351438108426
"01634000",2018-04-12,0.01481894380413,0.939266953706113,0.988778982388067,2018,"04",12,"Spring",108,0.954418739447775,0.907351438108426
"01634000",2018-04-13,0.0135195741895586,0.912316988866021,0.971307449140253,2018,"04",13,"Spring",108,0.954418739447775,0.907351438108426
"01634000",2018-04-14,0.0119982056785375,0.887469199126396,0.972764083051319,2018,"04",14,"Spring",108,0.954418739447775,0.907351438108426
"01634000",2018-04-15,0.0105707687034737,0.881029129412478,0.992743331576738,2018,"04",15,"Spring",108,0.954418739447775,0.907351438108426
"01634000",2018-10-07,0.0335842545609921,0.945069737047982,0.99429933707819,2018,"10",7,"Fall",109,0.974440889195086,0.893521134236836
"01634000",2018-10-08,0.0315371948527172,0.939047040494609,0.99362724641656,2018,"10",8,"Fall",109,0.974440889195086,0.893521134236836
"01634000",2018-10-09,0.0295163136906922,0.935920706598579,0.996670737714711,2018,"10",9,"Fall",109,0.974440889195086,0.893521134236836
"01634000",2018-10-10,0.027552381856367,0.933462834996754,0.997373846326408,2018,"10",10,"Fall",109,0.974440889195086,0.893521134236836
"01634000",2018-10-11,0.0276531209237874,1.00365627436298,1.07519682277063,2018,"10",11,"Fall",109,0.974440889195086,0.893521134236836
"01634000",2018-10-12,0.0309961268212646,1.12089072718738,1.11680737302102,2018,"10",12,"Fall",109,0.974440889195086,0.893521134236836
"01634000",2018-10-13,0.0301653265487403,0.973196642363897,0.868235073017252,2018,"10",13,"Fall",109,0.974440889195086,0.893521134236836
"01634000",2018-10-14,0.0293449066812173,0.972802553083674,0.999595056884633,2018,"10",14,"Fall",109,0.974440889195086,0.893521134236836
"01634000",2018-10-15,0.0285737393423915,0.973720572799798,1.00094368555388,2018,"10",15,"Fall",109,0.974440889195086,0.893521134236836
"01634000",2018-10-16,0.0278412548359484,0.974365115546622,1.00066193810096,2018,"10",16,"Fall",109,0.974440889195086,0.893521134236836
"01634000",2018-10-17,0.027021903777495,0.970570613168076,0.996105666840897,2018,"10",17,"Fall",109,0.974440889195086,0.893521134236836
"01634000",2018-10-18,0.0260555983986706,0.964239922294844,0.993477351583346,2018,"10",18,"Fall",109,0.974440889195086,0.893521134236836
"01634000",2018-10-19,0.0250552010256797,0.961605281226551,0.997267649879065,2018,"10",19,"Fall",109,0.974440889195086,0.893521134236836
"01634000",2018-10-20,0.0240090679144487,0.958246868178835,0.996507493133323,2018,"10",20,"Fall",109,0.974440889195086,0.893521134236836
"01634000",2018-10-21,0.0230405055917799,0.9596584787831,1.0014731178897,2018,"10",21,"Fall",109,0.974440889195086,0.893521134236836
"01634000",2018-10-22,0.0221748853218742,0.962430500213737,1.00288854992888,2018,"10",22,"Fall",109,0.974440889195086,0.893521134236836
"01634000",2018-10-23,0.0212461390183307,0.958117199252106,0.995518324740672,2018,"10",23,"Fall",109,0.974440889195086,0.893521134236836
"01634000",2018-10-24,0.0203202003613114,0.956418497675253,0.998227041975471,2018,"10",24,"Fall",109,0.974440889195086,0.893521134236836
"01634000",2018-10-25,0.0194518541102298,0.957266846013243,1.00088700536434,2018,"10",25,"Fall",109,0.974440889195086,0.893521134236836
"01634000",2019-04-17,0.0338949528522789,0.97434668470055,0.991814350949982,2019,"04",17,"Spring",110,0.977708109907995,0.8884737107931
"01634000",2019-04-18,0.0328165111131966,0.968182822269074,0.993673850870267,2019,"04",18,"Spring",110,0.977708109907995,0.8884737107931
"01634000",2019-04-19,0.0322650540620089,0.98319574407878,1.01550628813525,2019,"04",19,"Spring",110,0.977708109907995,0.8884737107931
"01634000",2019-04-20,0.0341490102000535,1.05838998857476,1.07647942431487,2019,"04",20,"Spring",110,0.977708109907995,0.8884737107931
"01634000",2019-04-21,0.0335221090354025,0.981642186377339,0.927486273466394,2019,"04",21,"Spring",110,0.977708109907995,0.8884737107931
"01634000",2019-04-22,0.0328059431631118,0.978636013875667,0.996937608689409,2019,"04",22,"Spring",110,0.977708109907995,0.8884737107931
"01634000",2019-04-23,0.031878269976005,0.971722404611431,0.992935464088577,2019,"04",23,"Spring",110,0.977708109907995,0.8884737107931
"01634000",2019-04-24,0.0307622813852504,0.964992184594879,0.993073927302064,2019,"04",24,"Spring",110,0.977708109907995,0.8884737107931
"01634000",2019-04-25,0.0295443859649822,0.96040945712004,0.995251021150225,2019,"04",25,"Spring",110,0.977708109907995,0.8884737107931
"01634000",2019-04-26,0.0288753815693781,0.977355955327788,1.01764507636,2019,"04",26,"Spring",110,0.977708109907995,0.8884737107931
"01634000",2019-04-27,0.0287226064829156,0.994709157830679,1.01775525325067,2019,"04",27,"Spring",110,0.977708109907995,0.8884737107931
"01634000",2019-04-28,0.0283043051604182,0.985436512429809,0.990678033545914,2019,"04",28,"Spring",110,0.977708109907995,0.8884737107931
"01634000",2019-04-29,0.0277942683314905,0.98198023848185,0.996492646756677,2019,"04",29,"Spring",110,0.977708109907995,0.8884737107931
"01634000",2019-04-30,0.0268956070067361,0.967667386885799,0.985424501395081,2019,"04",30,"Spring",110,0.977708109907995,0.8884737107931
"01634000",2019-05-01,0.0255910906707868,0.951497047989191,0.983289362527089,2019,"05",1,"Spring",110,0.977708109907995,0.8884737107931
"01634000",2019-05-02,0.0239956431905739,0.937656135850662,0.985453541692242,2019,"05",2,"Spring",110,0.977708109907995,0.8884737107931
"01634000",2019-05-03,0.0223290338180959,0.930545334449186,0.992416408180356,2019,"05",3,"Spring",110,0.977708109907995,0.8884737107931
"01634000",2020-01-10,0.00712824202491902,0.977281073358128,0.998980310527117,2020,"01",10,"Winter",111,0.977394144802942,0.95014348351171
"01634000",2020-01-11,0.00687164918053895,0.964003348443688,0.986413606815473,2020,"01",11,"Winter",111,0.977394144802942,0.95014348351171
"01634000",2020-01-12,0.00741602460038848,1.07922049067802,1.11951944194006,2020,"01",12,"Winter",111,0.977394144802942,0.95014348351171
"01634000",2020-01-13,0.00727705471217632,0.981260864721932,0.909231128576379,2020,"01",13,"Winter",111,0.977394144802942,0.95014348351171
"01634000",2020-01-14,0.00689471774967387,0.947459930201884,0.965553569152453,2020,"01",14,"Winter",111,0.977394144802942,0.95014348351171
"01634000",2020-01-15,0.00646362465340644,0.937474873965969,0.989461236388342,2020,"01",15,"Winter",111,0.977394144802942,0.95014348351171
"01634000",2020-01-16,0.00602892637834884,0.932746980468845,0.994956778439167,2020,"01",16,"Winter",111,0.977394144802942,0.95014348351171
"01634000",2020-01-17,0.00575091944483574,0.953887820804799,1.0226651393986,2020,"01",17,"Winter",111,0.977394144802942,0.95014348351171
"01634000",2020-01-18,0.00562220790015999,0.977618962339782,1.02487833581412,2020,"01",18,"Winter",111,0.977394144802942,0.95014348351171
"01634000",2020-01-19,0.00554479728452861,0.986231278350775,1.00880948134474,2020,"01",19,"Winter",111,0.977394144802942,0.95014348351171
"01634000",2020-01-20,0.00559633412922267,1.00929463099361,1.02338533886433,2020,"01",20,"Winter",111,0.977394144802942,0.95014348351171
"01634000",2020-01-21,0.00549008167581633,0.981013918941773,0.971979726054824,2020,"01",21,"Winter",111,0.977394144802942,0.95014348351171
"01634000",2020-01-22,0.00536765946890228,0.977701204801138,0.996623173151093,2020,"01",22,"Winter",111,0.977394144802942,0.95014348351171
"01634000",2020-01-23,0.0052481548191281,0.97773617151637,1.00003576421412,2020,"01",23,"Winter",111,0.977394144802942,0.95014348351171
"01634000",2020-01-24,0.00520225982472767,0.991255022768543,1.01382668622273,2020,"01",24,"Winter",111,0.977394144802942,0.95014348351171
"01634000",2020-02-14,0.0193751527112909,0.991528088989451,0.989798623067497,2020,"02",14,"Winter",112,0.972225666105366,0.909096401453211
"01634000",2020-02-15,0.0189920059056021,0.980224836862036,0.98860016952325,2020,"02",15,"Winter",112,0.972225666105366,0.909096401453211
"01634000",2020-02-16,0.0186117776902393,0.979979565231142,0.999749780232381,2020,"02",16,"Winter",112,0.972225666105366,0.909096401453211
"01634000",2020-02-17,0.0182339969323948,0.979702059409265,0.999716824889291,2020,"02",17,"Winter",112,0.972225666105366,0.909096401453211
"01634000",2020-02-18,0.0177725593675859,0.974693559151089,0.994887731213716,2020,"02",18,"Winter",112,0.972225666105366,0.909096401453211
"01634000",2020-02-19,0.0172260476392694,0.969249688972018,0.994414787983402,2020,"02",19,"Winter",112,0.972225666105366,0.909096401453211
"01634000",2020-02-20,0.0167083793785423,0.969948517990454,1.00072099999246,2020,"02",20,"Winter",112,0.972225666105366,0.909096401453211
"01634000",2020-02-21,0.0162620214978233,0.973285387492922,1.0034402542409,2020,"02",21,"Winter",112,0.972225666105366,0.909096401453211
"01634000",2020-02-22,0.0158410559524782,0.974113578351779,1.00085092293535,2020,"02",22,"Winter",112,0.972225666105366,0.909096401453211
"01634000",2020-02-23,0.0153275126940571,0.967581500882157,0.993294336908151,2020,"02",23,"Winter",112,0.972225666105366,0.909096401453211
"01634000",2020-02-24,0.0147368877660483,0.961466355318188,0.993679968500438,2020,"02",24,"Winter",112,0.972225666105366,0.909096401453211
"01634000",2020-02-25,0.0147501235478558,1.00089813955413,1.04101213112433,2020,"02",25,"Winter",112,0.972225666105366,0.909096401453211
"01634000",2020-02-26,0.0147396819666028,0.999292102115682,0.998395403712946,2020,"02",26,"Winter",112,0.972225666105366,0.909096401453211
"01634000",2020-02-27,0.0160330625949427,1.08774820455899,1.08851876468956,2020,"02",27,"Winter",112,0.972225666105366,0.909096401453211
"01634000",2020-02-28,0.0157517540501431,0.982454472242351,0.903200270177113,2020,"02",28,"Winter",112,0.972225666105366,0.909096401453211
"01634000",2020-02-29,0.0154087014961988,0.978221310918629,0.995691239193954,2020,"02",29,"Winter",112,0.972225666105366,0.909096401453211
"01634000",2020-03-01,0.0150734534254298,0.978242938196206,1.00002210877777,2020,"03",1,"Spring",112,0.972225666105366,0.909096401453211
"01634000",2020-03-02,0.0146928898757324,0.974752729918191,0.996432166140191,2020,"03",2,"Spring",112,0.972225666105366,0.909096401453211
"01634000",2020-03-03,0.0142798597225919,0.971889113943295,0.997062212921285,2020,"03",3,"Spring",112,0.972225666105366,0.909096401453211
"01634000",2020-03-04,0.0139602832496166,0.977620475327939,1.00589713507685,2020,"03",4,"Spring",112,0.972225666105366,0.909096401453211
"01634000",2020-03-05,0.0135321589768864,0.9693326943963,0.991522496571219,2020,"03",5,"Spring",112,0.972225666105366,0.909096401453211
"01634000",2020-03-06,0.0129849789082073,0.959564466423003,0.989922729286067,2020,"03",6,"Spring",112,0.972225666105366,0.909096401453211
"01634000",2020-03-07,0.0124799008481205,0.961102897150832,1.00160325937617,2020,"03",7,"Spring",112,0.972225666105366,0.909096401453211
"01634000",2020-03-08,0.0119533958786633,0.957811766626619,0.996575673079366,2020,"03",8,"Spring",112,0.972225666105366,0.909096401453211
"01634000",2020-03-09,0.0113015272363555,0.945465820012587,0.987110257939811,2020,"03",9,"Spring",112,0.972225666105366,0.909096401453211
"01634000",2020-03-10,0.0105506544059608,0.933560056557737,0.987407515742142,2020,"03",10,"Spring",112,0.972225666105366,0.909096401453211
"01634000",2020-03-11,0.00981451774714515,0.930228341248694,0.996431171957669,2020,"03",11,"Spring",112,0.972225666105366,0.909096401453211
"01634000",2020-03-12,0.00923649515607394,0.941105349650079,1.01169283703696,2020,"03",12,"Spring",112,0.972225666105366,0.909096401453211
"01634000",2020-03-13,0.00883536756737158,0.956571450325659,1.01643397381742,2020,"03",13,"Spring",112,0.972225666105366,0.909096401453211
"01634000",2020-03-14,0.00846258443198167,0.957807852073232,1.00129253465295,2020,"03",14,"Spring",112,0.972225666105366,0.909096401453211
"01634000",2020-03-15,0.00807739098672755,0.954482764887001,0.996528440251316,2020,"03",15,"Spring",112,0.972225666105366,0.909096401453211
"01634000",2020-03-16,0.00780482520349324,0.966255715034448,1.01233437687986,2020,"03",16,"Spring",112,0.972225666105366,0.909096401453211
"01634000",2020-03-17,0.00741177113377489,0.949639606337061,0.982803611467597,2020,"03",17,"Spring",112,0.972225666105366,0.909096401453211
"01634000",2020-03-18,0.00694266281789169,0.936707663065106,0.986382262085892,2020,"03",18,"Spring",112,0.972225666105366,0.909096401453211
"01634000",2020-05-03,0.0140944609884173,0.992276230469816,0.995656692415304,2020,"05",3,"Spring",113,0.936392223214055,0.742235533942214
"01634000",2020-05-04,0.0169898441527039,1.20542702318776,1.21480993514984,2020,"05",4,"Spring",113,0.936392223214055,0.742235533942214
"01634000",2020-05-05,0.0175378379062749,1.03225419542673,0.856339019758266,2020,"05",5,"Spring",113,0.936392223214055,0.742235533942214
"01634000",2020-05-06,0.0177414393401705,1.01160926648904,0.980000150128565,2020,"05",6,"Spring",113,0.936392223214055,0.742235533942214
"01634000",2020-05-07,0.017599907470867,0.99202252609894,0.980638037788959,2020,"05",7,"Spring",113,0.936392223214055,0.742235533942214
"01634000",2020-05-08,0.017172250605654,0.975701186729478,0.983547410527415,2020,"05",8,"Spring",113,0.936392223214055,0.742235533942214
"01634000",2020-05-09,0.0167859314242378,0.977503287700158,1.0018469804026,2020,"05",9,"Spring",113,0.936392223214055,0.742235533942214
"01634000",2020-05-10,0.0164503283449449,0.980006883692594,1.00256121490734,2020,"05",10,"Spring",113,0.936392223214055,0.742235533942214
"01634000",2020-05-11,0.0159237797488458,0.967991605695772,0.987739598367361,2020,"05",11,"Spring",113,0.936392223214055,0.742235533942214
"01634000",2020-05-12,0.0152393679600209,0.957019514234706,0.988665096477589,2020,"05",12,"Spring",113,0.936392223214055,0.742235533942214
"01634000",2020-05-13,0.0144612535368651,0.948940505590711,0.991558156836065,2020,"05",13,"Spring",113,0.936392223214055,0.742235533942214
"01634000",2020-05-14,0.0135579432826489,0.937535826205284,0.987981670802083,2020,"05",14,"Spring",113,0.936392223214055,0.742235533942214
"01634000",2020-05-15,0.0125725759426132,0.927321768538685,0.989105421487794,2020,"05",15,"Spring",113,0.936392223214055,0.742235533942214
"01634000",2020-05-16,0.0112742345663719,0.896732270127657,0.967013069843888,2020,"05",16,"Spring",113,0.936392223214055,0.742235533942214
"01634000",2020-05-17,0.00992883299477398,0.880665816940612,0.982083333317805,2020,"05",17,"Spring",113,0.936392223214055,0.742235533942214
"01634000",2020-05-18,0.00856975925853476,0.863118481602564,0.980074921723423,2020,"05",18,"Spring",113,0.936392223214055,0.742235533942214
"01634000",2020-05-19,0.00731149772764183,0.853174226610881,0.988478690696995,2020,"05",19,"Spring",113,0.936392223214055,0.742235533942214
"01634000",2020-05-20,0.00621504930313677,0.850037780855783,0.996323792190069,2020,"05",20,"Spring",113,0.936392223214055,0.742235533942214
"01634000",2020-05-21,0.00515021920728031,0.828669083072434,0.974861472907903,2020,"05",21,"Spring",113,0.936392223214055,0.742235533942214
"01634000",2021-01-08,0.0260839248076081,0.995574069761799,0.97978057942889,2021,"01",8,"Winter",114,0.983132560868253,0.946405200983726
"01634000",2021-01-09,0.0258382705505937,0.99058215898005,0.994985897148825,2021,"01",9,"Winter",114,0.983132560868253,0.946405200983726
"01634000",2021-01-10,0.025516900816001,0.987562258318975,0.996951387995737,2021,"01",10,"Winter",114,0.983132560868253,0.946405200983726
"01634000",2021-01-11,0.0251450494397432,0.985427251571843,0.997838104150754,2021,"01",11,"Winter",114,0.983132560868253,0.946405200983726
"01634000",2021-01-12,0.0247365540126339,0.983754439294772,0.998302449750194,2021,"01",12,"Winter",114,0.983132560868253,0.946405200983726
"01634000",2021-01-13,0.0242632777662948,0.980867333174324,0.997065216678953,2021,"01",13,"Winter",114,0.983132560868253,0.946405200983726
"01634000",2021-01-14,0.0237009524716996,0.976824017760025,0.995877816216783,2021,"01",14,"Winter",114,0.983132560868253,0.946405200983726
"01634000",2021-01-15,0.0231200788985007,0.975491551493869,0.998635919836193,2021,"01",15,"Winter",114,0.983132560868253,0.946405200983726
"01634000",2021-01-16,0.022762993350625,0.984555176068246,1.00929134092499,2021,"01",16,"Winter",114,0.983132560868253,0.946405200983726
"01634000",2021-01-17,0.022258227923885,0.977825173562853,0.993164423214686,2021,"01",17,"Winter",114,0.983132560868253,0.946405200983726
"01634000",2021-01-18,0.0217630924889818,0.97775494812092,0.999928182006527,2021,"01",18,"Winter",114,0.983132560868253,0.946405200983726
"01634000",2021-01-19,0.0212778379791416,0.977702869659455,0.999946736693519,2021,"01",19,"Winter",114,0.983132560868253,0.946405200983726
"01634000",2021-01-20,0.0208026272011921,0.977666397384199,0.999962695951513,2021,"01",20,"Winter",114,0.983132560868253,0.946405200983726
"01634000",2021-01-21,0.0203219678951427,0.976894297946088,0.999210262887037,2021,"01",21,"Winter",114,0.983132560868253,0.946405200983726
"01634000",2021-01-22,0.019783424329944,0.973499438244487,0.996524844388243,2021,"01",22,"Winter",114,0.983132560868253,0.946405200983726
"01634000",2021-01-23,0.019263002439402,0.973694043970224,1.00019990327482,2021,"01",23,"Winter",114,0.983132560868253,0.946405200983726
"01634000",2021-01-24,0.0188193214125931,0.976967192512971,1.00336157806758,2021,"01",24,"Winter",114,0.983132560868253,0.946405200983726
"01634000",2021-01-25,0.0183719334308989,0.976227199063893,0.999242560594922,2021,"01",25,"Winter",114,0.983132560868253,0.946405200983726
"01634000",2021-01-26,0.0179266196209937,0.97576118966574,0.999522642476465,2021,"01",26,"Winter",114,0.983132560868253,0.946405200983726
"01634000",2021-01-27,0.0175144904060289,0.977010210308576,1.0012800474707,2021,"01",27,"Winter",114,0.983132560868253,0.946405200983726
"01634000",2021-01-28,0.0172252469346859,0.983485476046536,1.00662763364153,2021,"01",28,"Winter",114,0.983132560868253,0.946405200983726
"01634000",2021-01-29,0.0168404555297457,0.977661196591304,0.994077920216326,2021,"01",29,"Winter",114,0.983132560868253,0.946405200983726
"01634000",2021-01-30,0.0164558904943988,0.977164214194347,0.999491661939033,2021,"01",30,"Winter",114,0.983132560868253,0.946405200983726
"01634000",2021-01-31,0.0160812043468468,0.977230879867637,1.00006822361311,2021,"01",31,"Winter",114,0.983132560868253,0.946405200983726
"01634000",2021-02-01,0.0157161468523555,0.977299119728995,1.00006982982503,2021,"02",1,"Winter",114,0.983132560868253,0.946405200983726
"01634000",2021-02-02,0.0153603570070118,0.977361509237211,1.00006383870297,2021,"02",2,"Winter",114,0.983132560868253,0.946405200983726
"01634000",2021-02-03,0.0150194882880896,0.977808541900001,1.00045738721912,2021,"02",3,"Winter",114,0.983132560868253,0.946405200983726
"01634000",2021-02-04,0.0148045762907714,0.985691123878788,1.00806147792846,2021,"02",4,"Winter",114,0.983132560868253,0.946405200983726
"01634000",2021-02-05,0.0147567635867745,0.996770410509708,1.01124012011727,2021,"02",5,"Winter",114,0.983132560868253,0.946405200983726
"01634000",2021-02-06,0.015093881287612,1.02284496182752,1.02615903425993,2021,"02",6,"Winter",114,0.983132560868253,0.946405200983726
"01634000",2021-02-07,0.0150211894069798,0.995184016672249,0.972956854472015,2021,"02",7,"Winter",114,0.983132560868253,0.946405200983726
"01634000",2021-02-08,0.0151723867165856,1.01006560169833,1.01495360132073,2021,"02",8,"Winter",114,0.983132560868253,0.946405200983726
"01634000",2021-02-09,0.014857750851661,0.979262599167691,0.969503958476713,2021,"02",9,"Winter",114,0.983132560868253,0.946405200983726
"01634000",2021-02-10,0.0145246492465958,0.977580617120933,0.998282399380731,2021,"02",10,"Winter",114,0.983132560868253,0.946405200983726
"01634000",2021-02-11,0.0142105585546233,0.978375333776398,1.00081294232061,2021,"02",11,"Winter",114,0.983132560868253,0.946405200983726
"01634000",2021-02-12,0.0140196159482002,0.986563328549747,1.00836897097737,2021,"02",12,"Winter",114,0.983132560868253,0.946405200983726
"01634000",2021-02-13,0.013702742930036,0.977397881701256,0.990709722748397,2021,"02",13,"Winter",114,0.983132560868253,0.946405200983726
"01634000",2021-02-14,0.0133939795196056,0.977467036198015,1.0000707536798,2021,"02",14,"Winter",114,0.983132560868253,0.946405200983726
"01634000",2021-02-15,0.0131898074760102,0.984756431552206,1.00745743343176,2021,"02",15,"Winter",114,0.983132560868253,0.946405200983726
"01634000",2021-02-16,0.0138696462381631,1.05154273581244,1.06782012497747,2021,"02",16,"Winter",114,0.983132560868253,0.946405200983726
"01634000",2021-02-17,0.0147153220605105,1.06097313571131,1.00896815657386,2021,"02",17,"Winter",114,0.983132560868253,0.946405200983726
"01634000",2021-02-18,0.014390898111742,0.977953323248076,0.921751258661629,2021,"02",18,"Winter",114,0.983132560868253,0.946405200983726
"01634000",2021-02-19,0.0140646328800358,0.977328362054068,0.999360949874446,2021,"02",19,"Winter",114,0.983132560868253,0.946405200983726
"01634000",2021-02-20,0.0137467923923396,0.977401437321027,1.00007477043519,2021,"02",20,"Winter",114,0.983132560868253,0.946405200983726
"01634000",2021-02-21,0.0134370273444802,0.977466376226645,1.00006644036231,2021,"02",21,"Winter",114,0.983132560868253,0.946405200983726
"01634000",2021-03-07,0.0344909806735814,0.973646902901756,0.998732837392217,2021,"03",7,"Spring",115,0.972127082480767,0.910947183971158
"01634000",2021-03-08,0.033514243317768,0.971681368962596,0.997981266172262,2021,"03",8,"Spring",115,0.972127082480767,0.910947183971158
"01634000",2021-03-09,0.0324389199959114,0.967914438298344,0.996123286105327,2021,"03",9,"Spring",115,0.972127082480767,0.910947183971158
"01634000",2021-03-10,0.0312500960426405,0.963351925606008,0.995286243792006,2021,"03",10,"Spring",115,0.972127082480767,0.910947183971158
"01634000",2021-03-11,0.0299769768025726,0.959260309525745,0.995752729639597,2021,"03",11,"Spring",115,0.972127082480767,0.910947183971158
"01634000",2021-03-12,0.02867734991014,0.956645831866506,0.997274485733146,2021,"03",12,"Spring",115,0.972127082480767,0.910947183971158
"01634000",2021-03-13,0.0274851312860847,0.958426471490875,1.00186133631178,2021,"03",13,"Spring",115,0.972127082480767,0.910947183971158
"01634000",2021-03-14,0.026409970712848,0.960882101597202,1.0025621476236,2021,"03",14,"Spring",115,0.972127082480767,0.910947183971158
"01634000",2021-03-15,0.0254276219056919,0.962803866091445,1.0020000003029,2021,"03",15,"Spring",115,0.972127082480767,0.910947183971158
"01634000",2021-03-16,0.0244949733605608,0.96332144041664,1.00053756984514,2021,"03",16,"Spring",115,0.972127082480767,0.910947183971158
"01634000",2021-03-17,0.023552309779916,0.961516039769912,0.998125858544218,2021,"03",17,"Spring",115,0.972127082480767,0.910947183971158
"01634000",2021-03-18,0.0235775059554726,1.00106979637208,1.041136866122,2021,"03",18,"Spring",115,0.972127082480767,0.910947183971158
"01634000",2021-03-19,0.024174433783628,1.02531768327332,1.02422197432099,2021,"03",19,"Spring",115,0.972127082480767,0.910947183971158
"01634000",2021-03-20,0.023559398658108,0.974558447530772,0.950494137991946,2021,"03",20,"Spring",115,0.972127082480767,0.910947183971158
"01634000",2021-03-21,0.0228800215409137,0.971163223346517,0.996516141035094,2021,"03",21,"Spring",115,0.972127082480767,0.910947183971158
"01634000",2021-03-22,0.0219551483169198,0.959577257287976,0.988070011528426,2021,"03",22,"Spring",115,0.972127082480767,0.910947183971158
"01634000",2021-03-23,0.0208776057697833,0.950920734782459,0.990978816515533,2021,"03",23,"Spring",115,0.972127082480767,0.910947183971158
"01634000",2021-03-24,0.0198776456527412,0.952103697709948,1.00124401843836,2021,"03",24,"Spring",115,0.972127082480767,0.910947183971158
"01634000",2021-03-25,0.018715275102295,0.941523731192687,0.988887800202111,2021,"03",25,"Spring",115,0.972127082480767,0.910947183971158
"01634000",2021-03-26,0.0175156141631305,0.935899369226085,0.994026319485885,2021,"03",26,"Spring",115,0.972127082480767,0.910947183971158
"01634000",2021-03-27,0.0163108290289529,0.931216506429237,0.994996403512142,2021,"03",27,"Spring",115,0.972127082480767,0.910947183971158
"01634000",2021-03-28,0.015500787703786,0.950337207034116,1.02053303444781,2021,"03",28,"Spring",115,0.972127082480767,0.910947183971158
"01634000",2021-03-29,0.0151301754522137,0.976090747215266,1.02709937061343,2021,"03",29,"Spring",115,0.972127082480767,0.910947183971158
"01634000",2021-03-30,0.0146972222719342,0.971384787860062,0.99517876860463,2021,"03",30,"Spring",115,0.972127082480767,0.910947183971158
"01634000",2021-03-31,0.0148729840293527,1.01195884189315,1.04176929116058,2021,"03",31,"Spring",115,0.972127082480767,0.910947183971158
"01634000",2021-04-01,0.0188559672096744,1.267799869378,1.25281762152128,2021,"04",1,"Spring",115,0.972127082480767,0.910947183971158
"01634000",2021-04-02,0.0187740849796683,0.995657489796432,0.785342792537842,2021,"04",2,"Spring",115,0.972127082480767,0.910947183971158
"01634000",2021-04-03,0.0183109987992793,0.975333754966464,0.979587624219928,2021,"04",3,"Spring",115,0.972127082480767,0.910947183971158
"01634000",2021-04-04,0.0176902703824453,0.9661007887315,0.990533531534257,2021,"04",4,"Spring",115,0.972127082480767,0.910947183971158
"01634000",2021-04-05,0.0166040106560104,0.938595640261503,0.971529731896699,2021,"04",5,"Spring",115,0.972127082480767,0.910947183971158
"01634000",2021-04-06,0.0152507820166647,0.918499893346204,0.978589558641354,2021,"04",6,"Spring",115,0.972127082480767,0.910947183971158
"01634000",2021-04-07,0.0137246809899807,0.899932932946228,0.979785560635904,2021,"04",7,"Spring",115,0.972127082480767,0.910947183971158
"01634000",2021-04-08,0.0122647917014547,0.89363036637487,0.992996626370007,2021,"04",8,"Spring",115,0.972127082480767,0.910947183971158
"01634000",2022-01-17,0.00180348823778331,0.978404345088133,1.00001503131658,2022,"01",17,"Winter",116,1.04277049117348,0.473614546953026
"01634000",2022-01-18,0.00176456647750456,0.978418622609598,1.0000145926595,2022,"01",18,"Winter",116,1.04277049117348,0.473614546953026
"01634000",2022-01-19,0.00174590701499255,0.989425469230044,1.01124962911181,2022,"01",19,"Winter",116,1.04277049117348,0.473614546953026
"01634000",2022-01-20,0.0037641035305569,2.15595876426039,2.17900067393467,2022,"01",20,"Winter",116,1.04277049117348,0.473614546953026
"01634000",2022-01-21,0.00426608070847578,1.13335902528819,0.525686782175997,2022,"01",21,"Winter",116,1.04277049117348,0.473614546953026
"01634000",2022-01-22,0.00417373146046884,0.978352672085303,0.863232788777176,2022,"01",22,"Winter",116,1.04277049117348,0.473614546953026
"01634000",2022-01-23,0.00408111189608462,0.977808930626836,0.99944422755313,2022,"01",23,"Winter",116,1.04277049117348,0.473614546953026
"01634000",2022-01-24,0.0039906775491545,0.977840757805028,1.0000325494861,2022,"01",24,"Winter",116,1.04277049117348,0.473614546953026
"01634000",2022-01-25,0.00390237040119246,0.977871640373261,1.00003158241052,2022,"01",25,"Winter",116,1.04277049117348,0.473614546953026
"01634000",2022-01-26,0.00381613439822104,0.97790163564559,1.00003067403848,2022,"01",26,"Winter",116,1.04277049117348,0.473614546953026
"01634000",2022-01-27,0.00373191507242154,0.977930723341726,1.00002974501225,2022,"01",27,"Winter",116,1.04277049117348,0.473614546953026
"01634000",2022-01-28,0.00364965996413957,0.977959008528938,1.00002892350811,2022,"01",28,"Winter",116,1.04277049117348,0.473614546953026
"01634000",2022-01-29,0.00356931783608161,0.977986407268792,1.00002801624569,2022,"01",29,"Winter",116,1.04277049117348,0.473614546953026
"01634000",2022-01-30,0.00349083938635885,0.978013039654403,1.00002723185661,2022,"01",30,"Winter",116,1.04277049117348,0.473614546953026
"01634000",2022-01-31,0.00341417659365107,0.978038865664412,1.00002640661112,2022,"01",31,"Winter",116,1.04277049117348,0.473614546953026
"01634000",2022-02-01,0.00333928302279674,0.978063943442879,1.00002564088131,2022,"02",1,"Winter",116,1.04277049117348,0.473614546953026
"01634000",2022-02-02,0.00326611356285866,0.978088272411006,1.00002487461918,2022,"02",2,"Winter",116,1.04277049117348,0.473614546953026
"01634000",2022-02-07,0.00740199681604281,0.977033725479844,1.00005723759271,2022,"02",7,"Winter",117,0.962455010759566,0.928575801802611
"01634000",2022-02-08,0.00723240230581724,0.977088005515214,1.00005555594854,2022,"02",8,"Winter",117,0.962455010759566,0.928575801802611
"01634000",2022-02-09,0.00706707520294003,0.977140776205961,1.0000540081246,2022,"02",9,"Winter",117,0.962455010759566,0.928575801802611
"01634000",2022-02-10,0.00686593778664246,0.971538803462302,0.994266974749114,2022,"02",10,"Winter",117,0.962455010759566,0.928575801802611
"01634000",2022-02-11,0.00649329580483027,0.945725989166817,0.973431000178793,2022,"02",11,"Winter",117,0.962455010759566,0.928575801802611
"01634000",2022-02-12,0.00600156959262676,0.92427170623619,0.977314483078203,2022,"02",12,"Winter",117,0.962455010759566,0.928575801802611
"01634000",2022-02-13,0.00566773326136172,0.94437516284487,1.0217505918152,2022,"02",13,"Winter",117,0.962455010759566,0.928575801802611
"01634000",2022-02-14,0.00554066288168542,0.977580035295138,1.035160679523,2022,"02",14,"Winter",117,0.962455010759566,0.928575801802611
"01634000",2022-02-15,0.00541665477794595,0.977618543775804,1.00003939163984,2022,"02",15,"Winter",117,0.962455010759566,0.928575801802611
"01634000",2022-02-16,0.00529562465089839,0.977655927503385,1.00003823958518,2022,"02",16,"Winter",117,0.962455010759566,0.928575801802611
"01634000",2022-02-17,0.00546490769193042,1.03196658603878,1.05555191454123,2022,"02",17,"Winter",117,0.962455010759566,0.928575801802611
"01634000",2022-02-18,0.00542416657845024,0.992544958528698,0.961799511686319,2022,"02",18,"Winter",117,0.962455010759566,0.928575801802611
"01634000",2022-02-19,0.00530303108098451,0.977667445180059,0.985010741104673,2022,"02",19,"Winter",117,0.962455010759566,0.928575801802611
"01634000",2022-02-20,0.00515991056454368,0.973011563716074,0.99523776567693,2022,"02",20,"Winter",117,0.962455010759566,0.928575801802611
"01634000",2022-02-21,0.00486770371207968,0.943369783485802,0.969536045268501,2022,"02",21,"Winter",117,0.962455010759566,0.928575801802611
"01634000",2022-02-22,0.00444974529091269,0.914136429435961,0.96901177612259,2022,"02",22,"Winter",117,0.962455010759566,0.928575801802611
"01634000",2022-02-23,0.00395256243064068,0.888267119179303,0.971700821208252,2022,"02",23,"Winter",117,0.962455010759566,0.928575801802611
"01634000",2022-02-24,0.00354736806184519,0.897485649902863,1.01037810645527,2022,"02",24,"Winter",117,0.962455010759566,0.928575801802611
"01634000",2023-01-28,0.012992195377592,0.976763198761145,1.00005511733653,2023,"01",28,"Winter",118,0.983091172500681,0.355154814396829
"01634000",2023-01-29,0.0126913647400215,0.976845280660624,1.00008403459465,2023,"01",29,"Winter",118,0.983091172500681,0.355154814396829
"01634000",2023-01-30,0.0122967568458989,0.968907371097907,0.991873933651653,2023,"01",30,"Winter",118,0.983091172500681,0.355154814396829
"01634000",2023-01-31,0.0118747029919177,0.965677628721921,0.996666613886603,2023,"01",31,"Winter",118,0.983091172500681,0.355154814396829
"01634000",2023-02-01,0.0115994478692301,0.976820041488616,1.0115384393666,2023,"02",1,"Winter",118,0.983091172500681,0.355154814396829
"01634000",2023-02-02,0.0113314195768908,0.976893012895011,1.00007470301928,2023,"02",2,"Winter",118,0.983091172500681,0.355154814396829
"01634000",2023-02-03,0.0110703761456534,0.976962865996974,1.00007150537576,2023,"02",3,"Winter",118,0.983091172500681,0.355154814396829
"01634000",2023-02-04,0.0108161360549275,0.977034195823078,1.00007301180893,2023,"02",4,"Winter",118,0.983091172500681,0.355154814396829
"01634000",2023-02-05,0.0105684905429371,0.977104068335236,1.00007151490957,2023,"02",5,"Winter",118,0.983091172500681,0.355154814396829
"01634000",2023-02-06,0.0102670154883526,0.971474161484118,0.994238170698942,2023,"02",6,"Winter",118,0.983091172500681,0.355154814396829
"01634000",2023-02-07,0.00986056830151938,0.960412333331498,0.988613358346329,2023,"02",7,"Winter",118,0.983091172500681,0.355154814396829
"01634000",2023-02-08,0.00950749343610369,0.964193253916076,1.00393676804572,2023,"02",8,"Winter",118,0.983091172500681,0.355154814396829
"01634000",2023-02-09,0.009085785219213,0.955644648116264,0.991133929048879,2023,"02",9,"Winter",118,0.983091172500681,0.355154814396829
"01634000",2023-02-10,0.00855194794712588,0.941244784109771,0.984931779783544,2023,"02",10,"Winter",118,0.983091172500681,0.355154814396829
"01634000",2023-02-11,0.00810642502619885,0.947903925084488,1.00707482377288,2023,"02",11,"Winter",118,0.983091172500681,0.355154814396829
"01634000",2023-02-12,0.00862167260493152,1.06356039525037,1.1220128613304,2023,"02",12,"Winter",118,0.983091172500681,0.355154814396829
"01634000",2023-02-13,0.0135256291250698,1.56879410119717,1.47503997723408,2023,"02",13,"Winter",118,0.983091172500681,0.355154814396829
"01634000",2023-02-14,0.0133284222683869,0.985419764592142,0.62813836681318,2023,"02",14,"Winter",118,0.983091172500681,0.355154814396829
"01634000",2023-02-15,0.0129981720820069,0.97522210958432,0.989651460855321,2023,"02",15,"Winter",118,0.983091172500681,0.355154814396829
"01634000",2023-02-20,0.0172190662706271,0.98160729497908,0.993814770773706,2023,"02",20,"Winter",119,0.986492261737839,0.624697061010221
"01634000",2023-02-21,0.0172195327468216,1.00002709067886,1.018764933588,2023,"02",21,"Winter",119,0.986492261737839,0.624697061010221
"01634000",2023-02-22,0.0173068336443976,1.00506987610288,1.00504264881525,2023,"02",22,"Winter",119,0.986492261737839,0.624697061010221
"01634000",2023-02-23,0.0172382068121806,0.996034697413342,0.991010397481443,2023,"02",23,"Winter",119,0.986492261737839,0.624697061010221
"01634000",2023-02-24,0.0167622878216207,0.972391618470223,0.976262795859904,2023,"02",24,"Winter",119,0.986492261737839,0.624697061010221
"01634000",2023-02-25,0.0162885225145146,0.971736238385371,0.999326012202899,2023,"02",25,"Winter",119,0.986492261737839,0.624697061010221
"01634000",2023-02-26,0.0158666711067781,0.974101309227977,1.00243386090709,2023,"02",26,"Winter",119,0.986492261737839,0.624697061010221
"01634000",2023-02-27,0.0154831944382749,0.975831309168606,1.0017759959095,2023,"02",27,"Winter",119,0.986492261737839,0.624697061010221
"01634000",2023-02-28,0.0177119374275208,1.14394594075085,1.17227837434881,2023,"02",28,"Winter",119,0.986492261737839,0.624697061010221
"01634000",2023-03-01,0.0173656673869118,0.980449906057656,0.857077131996396,2023,"03",1,"Spring",119,0.986492261737839,0.624697061010221
"01634000",2023-03-02,0.0167565364972688,0.964923266346672,0.98416376031549,2023,"03",2,"Spring",119,0.986492261737839,0.624697061010221
"01634000",2023-03-03,0.0164457547944039,0.981453106200343,1.01713072990379,2023,"03",3,"Spring",119,0.986492261737839,0.624697061010221
"01634000",2023-03-04,0.0195968438056298,1.1916050099627,1.21412322446658,2023,"03",4,"Spring",119,0.986492261737839,0.624697061010221
"01634000",2023-03-05,0.0192047951277345,0.979994294908724,0.822415386571262,2023,"03",5,"Spring",119,0.986492261737839,0.624697061010221
"01634000",2023-03-06,0.0186314429156482,0.970145361704051,0.989950009652259,2023,"03",6,"Spring",119,0.986492261737839,0.624697061010221
"01634000",2023-03-07,0.0179886698606424,0.965500629343851,0.995212333590874,2023,"03",7,"Spring",119,0.986492261737839,0.624697061010221
"01634000",2023-03-08,0.0173728415975347,0.965765769905252,1.000274614592,2023,"03",8,"Spring",119,0.986492261737839,0.624697061010221
"01634000",2023-03-09,0.0167748716194183,0.965580185903421,0.999807837461614,2023,"03",9,"Spring",119,0.986492261737839,0.624697061010221
"01634000",2023-03-10,0.0162469315109774,0.968527919591964,1.0030528108712,2023,"03",10,"Spring",119,0.986492261737839,0.624697061010221
"01634000",2023-03-11,0.0158357409527525,0.974691186582089,1.00636354085974,2023,"03",11,"Spring",119,0.986492261737839,0.624697061010221
"01634000",2023-03-12,0.0154314652318135,0.974470678565327,0.999773766276132,2023,"03",12,"Spring",119,0.986492261737839,0.624697061010221
"01634000",2023-03-13,0.015342858270742,0.994258033197728,1.02030574656339,2023,"03",13,"Spring",119,0.986492261737839,0.624697061010221
"01634000",2023-03-14,0.0150493162800558,0.980867841864513,0.986532478606032,2023,"03",14,"Spring",119,0.986492261737839,0.624697061010221
"01634000",2023-03-15,0.0146923101856373,0.976277587115928,0.995320210784096,2023,"03",15,"Spring",119,0.986492261737839,0.624697061010221
"01634000",2023-03-16,0.0142437377944589,0.969468900022478,0.993025869708262,2023,"03",16,"Spring",119,0.986492261737839,0.624697061010221
"01634000",2023-03-17,0.0136058051139116,0.955213112614625,0.985295260727268,2023,"03",17,"Spring",119,0.986492261737839,0.624697061010221
"01634000",2023-03-18,0.0130305852508172,0.95772246785262,1.00262701087836,2023,"03",18,"Spring",119,0.986492261737839,0.624697061010221
"01634000",2023-03-19,0.0125737055786885,0.964937900843705,1.00753394979577,2023,"03",19,"Spring",119,0.986492261737839,0.624697061010221
"01634000",2023-03-20,0.0121654655667953,0.967532243431471,1.00268861093081,2023,"03",20,"Spring",119,0.986492261737839,0.624697061010221
"01634000",2023-03-21,0.0116086567868479,0.954230376397002,0.986251758404151,2023,"03",21,"Spring",119,0.986492261737839,0.624697061010221
"01634000",2023-03-22,0.0109572391374968,0.943885183160115,0.989158599964142,2023,"03",22,"Spring",119,0.986492261737839,0.624697061010221
"01634000",2023-03-23,0.0101595919986721,0.927203638725465,0.982326722855422,2023,"03",23,"Spring",119,0.986492261737839,0.624697061010221
