"GroupID","site_no","Date","Flow","AGWR","delta_AGWR","Year","Month","Day","Season","calc_AGWR","event_R_squared","mk_pval","mk_pval_orig","trim_start","trim_end","win_len","is_short","met_alpha","kept","AGWRC","R_squared"
1,1633000,"1950-04-05",325,0.942028985507246,1.05124973745012,1950,4,5,"Spring",0.959802376373756,0.958944287898092,0.328092098236084,0.0867875814437866,3,15,13,FALSE,TRUE,TRUE,0.96275982939779,0.98202291432201
1,1633000,"1950-04-06",306,0.941538461538462,0.999479289940828,1950,4,6,"Spring",0.959802376373756,0.958944287898092,0.328092098236084,0.0867875814437866,3,15,13,FALSE,TRUE,TRUE,0.96275982939779,0.98202291432201
1,1633000,"1950-04-07",288,0.941176470588235,0.999615532487505,1950,4,7,"Spring",0.959802376373756,0.958944287898092,0.328092098236084,0.0867875814437866,3,15,13,FALSE,TRUE,TRUE,0.96275982939779,0.98202291432201
1,1633000,"1950-04-08",270,0.9375,0.99609375,1950,4,8,"Spring",0.959802376373756,0.958944287898092,0.328092098236084,0.0867875814437866,3,15,13,FALSE,TRUE,TRUE,0.96275982939779,0.98202291432201
1,1633000,"1950-04-09",270,1,1.06666666666667,1950,4,9,"Spring",0.959802376373756,0.958944287898092,0.328092098236084,0.0867875814437866,3,15,13,FALSE,TRUE,TRUE,0.96275982939779,0.98202291432201
1,1633000,"1950-04-10",252,0.933333333333333,0.933333333333333,1950,4,10,"Spring",0.959802376373756,0.958944287898092,0.328092098236084,0.0867875814437866,3,15,13,FALSE,TRUE,TRUE,0.96275982939779,0.98202291432201
1,1633000,"1950-04-11",248,0.984126984126984,1.05442176870748,1950,4,11,"Spring",0.959802376373756,0.958944287898092,0.328092098236084,0.0867875814437866,3,15,13,FALSE,TRUE,TRUE,0.96275982939779,0.98202291432201
1,1633000,"1950-04-12",238,0.959677419354839,0.975156087408949,1950,4,12,"Spring",0.959802376373756,0.958944287898092,0.328092098236084,0.0867875814437866,3,15,13,FALSE,TRUE,TRUE,0.96275982939779,0.98202291432201
1,1633000,"1950-04-13",227,0.953781512605042,0.993856366075842,1950,4,13,"Spring",0.959802376373756,0.958944287898092,0.328092098236084,0.0867875814437866,3,15,13,FALSE,TRUE,TRUE,0.96275982939779,0.98202291432201
1,1633000,"1950-04-14",227,1,1.04845814977974,1950,4,14,"Spring",0.959802376373756,0.958944287898092,0.328092098236084,0.0867875814437866,3,15,13,FALSE,TRUE,TRUE,0.96275982939779,0.98202291432201
1,1633000,"1950-04-15",216,0.951541850220264,0.951541850220264,1950,4,15,"Spring",0.959802376373756,0.958944287898092,0.328092098236084,0.0867875814437866,3,15,13,FALSE,TRUE,TRUE,0.96275982939779,0.98202291432201
1,1633000,"1950-04-16",206,0.953703703703704,1.0022719478738,1950,4,16,"Spring",0.959802376373756,0.958944287898092,0.328092098236084,0.0867875814437866,3,15,13,FALSE,TRUE,TRUE,0.96275982939779,0.98202291432201
1,1633000,"1950-04-17",202,0.980582524271845,1.0281836176831,1950,4,17,"Spring",0.959802376373756,0.958944287898092,0.328092098236084,0.0867875814437866,3,15,13,FALSE,TRUE,TRUE,0.96275982939779,0.98202291432201
2,1633000,"1950-10-14",131,0.949275362318841,0.997427011132115,1950,10,14,"Fall",0.975293458396302,0.918693195792956,0.584070324897766,0.584070324897766,1,14,14,FALSE,TRUE,TRUE,0.979470721117218,0.752436671689054
2,1633000,"1950-10-15",125,0.954198473282443,1.00518617796166,1950,10,15,"Fall",0.975293458396302,0.918693195792956,0.584070324897766,0.584070324897766,1,14,14,FALSE,TRUE,TRUE,0.979470721117218,0.752436671689054
2,1633000,"1950-10-16",121,0.968,1.014464,1950,10,16,"Fall",0.975293458396302,0.918693195792956,0.584070324897766,0.584070324897766,1,14,14,FALSE,TRUE,TRUE,0.979470721117218,0.752436671689054
2,1633000,"1950-10-17",118,0.975206611570248,1.00744484666348,1950,10,17,"Fall",0.975293458396302,0.918693195792956,0.584070324897766,0.584070324897766,1,14,14,FALSE,TRUE,TRUE,0.979470721117218,0.752436671689054
2,1633000,"1950-10-18",108,0.915254237288136,0.93852341281241,1950,10,18,"Fall",0.975293458396302,0.918693195792956,0.584070324897766,0.584070324897766,1,14,14,FALSE,TRUE,TRUE,0.979470721117218,0.752436671689054
2,1633000,"1950-10-19",108,1,1.09259259259259,1950,10,19,"Fall",0.975293458396302,0.918693195792956,0.584070324897766,0.584070324897766,1,14,14,FALSE,TRUE,TRUE,0.979470721117218,0.752436671689054
2,1633000,"1950-10-20",104,0.962962962962963,0.962962962962963,1950,10,20,"Fall",0.975293458396302,0.918693195792956,0.584070324897766,0.584070324897766,1,14,14,FALSE,TRUE,TRUE,0.979470721117218,0.752436671689054
2,1633000,"1950-10-21",101,0.971153846153846,1.00850591715976,1950,10,21,"Fall",0.975293458396302,0.918693195792956,0.584070324897766,0.584070324897766,1,14,14,FALSE,TRUE,TRUE,0.979470721117218,0.752436671689054
2,1633000,"1950-10-22",98,0.97029702970297,0.999117733555534,1950,10,22,"Fall",0.975293458396302,0.918693195792956,0.584070324897766,0.584070324897766,1,14,14,FALSE,TRUE,TRUE,0.979470721117218,0.752436671689054
2,1633000,"1950-10-23",101,1.03061224489796,1.06216159933361,1950,10,23,"Fall",0.975293458396302,0.918693195792956,0.584070324897766,0.584070324897766,1,14,14,FALSE,TRUE,TRUE,0.979470721117218,0.752436671689054
2,1633000,"1950-10-24",111,1.0990099009901,1.06636604254485,1950,10,24,"Fall",0.975293458396302,0.918693195792956,0.584070324897766,0.584070324897766,1,14,14,FALSE,TRUE,TRUE,0.979470721117218,0.752436671689054
2,1633000,"1950-10-25",104,0.936936936936937,0.852528203879555,1950,10,25,"Fall",0.975293458396302,0.918693195792956,0.584070324897766,0.584070324897766,1,14,14,FALSE,TRUE,TRUE,0.979470721117218,0.752436671689054
2,1633000,"1950-10-26",98,0.942307692307692,1.00573224852071,1950,10,26,"Fall",0.975293458396302,0.918693195792956,0.584070324897766,0.584070324897766,1,14,14,FALSE,TRUE,TRUE,0.979470721117218,0.752436671689054
2,1633000,"1950-10-27",94,0.959183673469388,1.01790920449813,1950,10,27,"Fall",0.975293458396302,0.918693195792956,0.584070324897766,0.584070324897766,1,14,14,FALSE,TRUE,TRUE,0.979470721117218,0.752436671689054
3,1633000,"1953-05-25",498,0.873684210526316,1.10360110803324,1953,5,25,"Spring",0.92067636974669,0.910688395884411,0.42771053314209,0.0170238018035889,4,16,13,FALSE,TRUE,TRUE,0.939873054346603,0.881331395951414
3,1633000,"1953-05-26",430,0.863453815261044,0.988290511443364,1953,5,26,"Spring",0.92067636974669,0.910688395884411,0.42771053314209,0.0170238018035889,4,16,13,FALSE,TRUE,TRUE,0.939873054346603,0.881331395951414
3,1633000,"1953-05-27",386,0.897674418604651,1.03963223363981,1953,5,27,"Spring",0.92067636974669,0.910688395884411,0.42771053314209,0.0170238018035889,4,16,13,FALSE,TRUE,TRUE,0.939873054346603,0.881331395951414
3,1633000,"1953-05-28",343,0.88860103626943,0.989892346103251,1953,5,28,"Spring",0.92067636974669,0.910688395884411,0.42771053314209,0.0170238018035889,4,16,13,FALSE,TRUE,TRUE,0.939873054346603,0.881331395951414
3,1633000,"1953-05-29",322,0.938775510204082,1.05646456833462,1953,5,29,"Spring",0.92067636974669,0.910688395884411,0.42771053314209,0.0170238018035889,4,16,13,FALSE,TRUE,TRUE,0.939873054346603,0.881331395951414
3,1633000,"1953-05-30",301,0.934782608695652,0.995746691871456,1953,5,30,"Spring",0.92067636974669,0.910688395884411,0.42771053314209,0.0170238018035889,4,16,13,FALSE,TRUE,TRUE,0.939873054346603,0.881331395951414
3,1633000,"1953-05-31",364,1.2093023255814,1.29367225527312,1953,5,31,"Spring",0.92067636974669,0.910688395884411,0.42771053314209,0.0170238018035889,4,16,13,FALSE,TRUE,TRUE,0.939873054346603,0.881331395951414
3,1633000,"1953-06-01",343,0.942307692307692,0.779215976331361,1953,6,1,"Summer",0.92067636974669,0.910688395884411,0.42771053314209,0.0170238018035889,4,16,13,FALSE,TRUE,TRUE,0.939873054346603,0.881331395951414
3,1633000,"1953-06-02",301,0.877551020408163,0.931278633902541,1953,6,2,"Summer",0.92067636974669,0.910688395884411,0.42771053314209,0.0170238018035889,4,16,13,FALSE,TRUE,TRUE,0.939873054346603,0.881331395951414
3,1633000,"1953-06-03",259,0.86046511627907,0.980530016224986,1953,6,3,"Summer",0.92067636974669,0.910688395884411,0.42771053314209,0.0170238018035889,4,16,13,FALSE,TRUE,TRUE,0.939873054346603,0.881331395951414
3,1633000,"1953-06-04",239,0.922779922779923,1.07241991025775,1953,6,4,"Summer",0.92067636974669,0.910688395884411,0.42771053314209,0.0170238018035889,4,16,13,FALSE,TRUE,TRUE,0.939873054346603,0.881331395951414
3,1633000,"1953-06-05",223,0.933054393305439,1.01113425885401,1953,6,5,"Summer",0.92067636974669,0.910688395884411,0.42771053314209,0.0170238018035889,4,16,13,FALSE,TRUE,TRUE,0.939873054346603,0.881331395951414
3,1633000,"1953-06-06",208,0.932735426008969,0.999658147157594,1953,6,6,"Summer",0.92067636974669,0.910688395884411,0.42771053314209,0.0170238018035889,4,16,13,FALSE,TRUE,TRUE,0.939873054346603,0.881331395951414
4,1633000,"1955-01-08",332,0.878306878306878,0.980543657792335,1955,1,8,"Winter",0.952513756354852,0.985419761563923,0.35139274597168,0.16105043888092,2,23,22,FALSE,TRUE,TRUE,0.955279556553123,0.989121653057703
4,1633000,"1955-01-09",310,0.933734939759036,1.06310785309914,1955,1,9,"Winter",0.952513756354852,0.985419761563923,0.35139274597168,0.16105043888092,2,23,22,FALSE,TRUE,TRUE,0.955279556553123,0.989121653057703
4,1633000,"1955-01-10",290,0.935483870967742,1.00187304890739,1955,1,10,"Winter",0.952513756354852,0.985419761563923,0.35139274597168,0.16105043888092,2,23,22,FALSE,TRUE,TRUE,0.955279556553123,0.989121653057703
4,1633000,"1955-01-11",290,1,1.06896551724138,1955,1,11,"Winter",0.952513756354852,0.985419761563923,0.35139274597168,0.16105043888092,2,23,22,FALSE,TRUE,TRUE,0.955279556553123,0.989121653057703
4,1633000,"1955-01-12",270,0.931034482758621,0.931034482758621,1955,1,12,"Winter",0.952513756354852,0.985419761563923,0.35139274597168,0.16105043888092,2,23,22,FALSE,TRUE,TRUE,0.955279556553123,0.989121653057703
4,1633000,"1955-01-13",250,0.925925925925926,0.994513031550069,1955,1,13,"Winter",0.952513756354852,0.985419761563923,0.35139274597168,0.16105043888092,2,23,22,FALSE,TRUE,TRUE,0.955279556553123,0.989121653057703
4,1633000,"1955-01-14",230,0.92,0.9936,1955,1,14,"Winter",0.952513756354852,0.985419761563923,0.35139274597168,0.16105043888092,2,23,22,FALSE,TRUE,TRUE,0.955279556553123,0.989121653057703
4,1633000,"1955-01-15",226,0.982608695652174,1.06805293005671,1955,1,15,"Winter",0.952513756354852,0.985419761563923,0.35139274597168,0.16105043888092,2,23,22,FALSE,TRUE,TRUE,0.955279556553123,0.989121653057703
4,1633000,"1955-01-16",222,0.982300884955752,0.99968674132665,1955,1,16,"Winter",0.952513756354852,0.985419761563923,0.35139274597168,0.16105043888092,2,23,22,FALSE,TRUE,TRUE,0.955279556553123,0.989121653057703
4,1633000,"1955-01-17",210,0.945945945945946,0.962990017044071,1955,1,17,"Winter",0.952513756354852,0.985419761563923,0.35139274597168,0.16105043888092,2,23,22,FALSE,TRUE,TRUE,0.955279556553123,0.989121653057703
4,1633000,"1955-01-18",198,0.942857142857143,0.996734693877551,1955,1,18,"Winter",0.952513756354852,0.985419761563923,0.35139274597168,0.16105043888092,2,23,22,FALSE,TRUE,TRUE,0.955279556553123,0.989121653057703
4,1633000,"1955-01-19",190,0.95959595959596,1.01775329048056,1955,1,19,"Winter",0.952513756354852,0.985419761563923,0.35139274597168,0.16105043888092,2,23,22,FALSE,TRUE,TRUE,0.955279556553123,0.989121653057703
4,1633000,"1955-01-20",176,0.926315789473684,0.965318559556787,1955,1,20,"Winter",0.952513756354852,0.985419761563923,0.35139274597168,0.16105043888092,2,23,22,FALSE,TRUE,TRUE,0.955279556553123,0.989121653057703
4,1633000,"1955-01-21",166,0.943181818181818,1.0182076446281,1955,1,21,"Winter",0.952513756354852,0.985419761563923,0.35139274597168,0.16105043888092,2,23,22,FALSE,TRUE,TRUE,0.955279556553123,0.989121653057703
4,1633000,"1955-01-22",162,0.975903614457831,1.03469298882276,1955,1,22,"Winter",0.952513756354852,0.985419761563923,0.35139274597168,0.16105043888092,2,23,22,FALSE,TRUE,TRUE,0.955279556553123,0.989121653057703
4,1633000,"1955-01-23",162,1,1.02469135802469,1955,1,23,"Winter",0.952513756354852,0.985419761563923,0.35139274597168,0.16105043888092,2,23,22,FALSE,TRUE,TRUE,0.955279556553123,0.989121653057703
4,1633000,"1955-01-24",155,0.95679012345679,0.95679012345679,1955,1,24,"Winter",0.952513756354852,0.985419761563923,0.35139274597168,0.16105043888092,2,23,22,FALSE,TRUE,TRUE,0.955279556553123,0.989121653057703
4,1633000,"1955-01-25",148,0.954838709677419,0.9979604578564,1955,1,25,"Winter",0.952513756354852,0.985419761563923,0.35139274597168,0.16105043888092,2,23,22,FALSE,TRUE,TRUE,0.955279556553123,0.989121653057703
4,1633000,"1955-01-26",142,0.959459459459459,1.00483929875822,1955,1,26,"Winter",0.952513756354852,0.985419761563923,0.35139274597168,0.16105043888092,2,23,22,FALSE,TRUE,TRUE,0.955279556553123,0.989121653057703
4,1633000,"1955-01-27",142,1,1.04225352112676,1955,1,27,"Winter",0.952513756354852,0.985419761563923,0.35139274597168,0.16105043888092,2,23,22,FALSE,TRUE,TRUE,0.955279556553123,0.989121653057703
4,1633000,"1955-01-28",132,0.929577464788732,0.929577464788732,1955,1,28,"Winter",0.952513756354852,0.985419761563923,0.35139274597168,0.16105043888092,2,23,22,FALSE,TRUE,TRUE,0.955279556553123,0.989121653057703
4,1633000,"1955-01-29",120,0.909090909090909,0.977961432506887,1955,1,29,"Winter",0.952513756354852,0.985419761563923,0.35139274597168,0.16105043888092,2,23,22,FALSE,TRUE,TRUE,0.955279556553123,0.989121653057703
5,1633000,"1955-04-30",372,0.889952153110048,0.983631327121632,1955,4,30,"Spring",0.930636018124002,0.979929072928546,0.436274886131287,0.0374975204467773,2,12,11,FALSE,TRUE,TRUE,0.928597551818237,0.989933422042807
5,1633000,"1955-05-01",350,0.940860215053763,1.05720314487224,1955,5,1,"Spring",0.930636018124002,0.979929072928546,0.436274886131287,0.0374975204467773,2,12,11,FALSE,TRUE,TRUE,0.928597551818237,0.989933422042807
5,1633000,"1955-05-02",305,0.871428571428571,0.926204081632653,1955,5,2,"Spring",0.930636018124002,0.979929072928546,0.436274886131287,0.0374975204467773,2,12,11,FALSE,TRUE,TRUE,0.928597551818237,0.989933422042807
5,1633000,"1955-05-03",282,0.924590163934426,1.06100510615426,1955,5,3,"Spring",0.930636018124002,0.979929072928546,0.436274886131287,0.0374975204467773,2,12,11,FALSE,TRUE,TRUE,0.928597551818237,0.989933422042807
5,1633000,"1955-05-04",260,0.921985815602837,0.997183240279664,1955,5,4,"Spring",0.930636018124002,0.979929072928546,0.436274886131287,0.0374975204467773,2,12,11,FALSE,TRUE,TRUE,0.928597551818237,0.989933422042807
5,1633000,"1955-05-05",252,0.969230769230769,1.0512426035503,1955,5,5,"Spring",0.930636018124002,0.979929072928546,0.436274886131287,0.0374975204467773,2,12,11,FALSE,TRUE,TRUE,0.928597551818237,0.989933422042807
5,1633000,"1955-05-06",227,0.900793650793651,0.92939027462837,1955,5,6,"Spring",0.930636018124002,0.979929072928546,0.436274886131287,0.0374975204467773,2,12,11,FALSE,TRUE,TRUE,0.928597551818237,0.989933422042807
5,1633000,"1955-05-07",215,0.947136563876652,1.0514467581362,1955,5,7,"Spring",0.930636018124002,0.979929072928546,0.436274886131287,0.0374975204467773,2,12,11,FALSE,TRUE,TRUE,0.928597551818237,0.989933422042807
5,1633000,"1955-05-08",204,0.948837209302326,1.00179556517036,1955,5,8,"Spring",0.930636018124002,0.979929072928546,0.436274886131287,0.0374975204467773,2,12,11,FALSE,TRUE,TRUE,0.928597551818237,0.989933422042807
5,1633000,"1955-05-09",189,0.926470588235294,0.976427335640138,1955,5,9,"Spring",0.930636018124002,0.979929072928546,0.436274886131287,0.0374975204467773,2,12,11,FALSE,TRUE,TRUE,0.928597551818237,0.989933422042807
5,1633000,"1955-05-10",174,0.920634920634921,0.993701184177375,1955,5,10,"Spring",0.930636018124002,0.979929072928546,0.436274886131287,0.0374975204467773,2,12,11,FALSE,TRUE,TRUE,0.928597551818237,0.989933422042807
6,1633000,"1955-09-09",250,0.925925925925926,0.994513031550069,1955,9,9,"Fall",0.964577227288099,0.971334334500768,0.446270704269409,0.446270704269409,1,22,22,FALSE,TRUE,TRUE,0.966022646702016,0.961350850514238
6,1633000,"1955-09-10",230,0.92,0.9936,1955,9,10,"Fall",0.964577227288099,0.971334334500768,0.446270704269409,0.446270704269409,1,22,22,FALSE,TRUE,TRUE,0.966022646702016,0.961350850514238
6,1633000,"1955-09-11",226,0.982608695652174,1.06805293005671,1955,9,11,"Fall",0.964577227288099,0.971334334500768,0.446270704269409,0.446270704269409,1,22,22,FALSE,TRUE,TRUE,0.966022646702016,0.961350850514238
6,1633000,"1955-09-12",214,0.946902654867257,0.963661993891456,1955,9,12,"Fall",0.964577227288099,0.971334334500768,0.446270704269409,0.446270704269409,1,22,22,FALSE,TRUE,TRUE,0.966022646702016,0.961350850514238
6,1633000,"1955-09-13",198,0.925233644859813,0.977115905319242,1955,9,13,"Fall",0.964577227288099,0.971334334500768,0.446270704269409,0.446270704269409,1,22,22,FALSE,TRUE,TRUE,0.966022646702016,0.961350850514238
6,1633000,"1955-09-14",190,0.95959595959596,1.0371390674421,1955,9,14,"Fall",0.964577227288099,0.971334334500768,0.446270704269409,0.446270704269409,1,22,22,FALSE,TRUE,TRUE,0.966022646702016,0.961350850514238
6,1633000,"1955-09-15",180,0.947368421052632,0.987257617728532,1955,9,15,"Fall",0.964577227288099,0.971334334500768,0.446270704269409,0.446270704269409,1,22,22,FALSE,TRUE,TRUE,0.966022646702016,0.961350850514238
6,1633000,"1955-09-16",172,0.955555555555556,1.00864197530864,1955,9,16,"Fall",0.964577227288099,0.971334334500768,0.446270704269409,0.446270704269409,1,22,22,FALSE,TRUE,TRUE,0.966022646702016,0.961350850514238
6,1633000,"1955-09-17",169,0.982558139534884,1.0282585181179,1955,9,17,"Fall",0.964577227288099,0.971334334500768,0.446270704269409,0.446270704269409,1,22,22,FALSE,TRUE,TRUE,0.966022646702016,0.961350850514238
6,1633000,"1955-09-18",162,0.958579881656805,0.975596092573789,1955,9,18,"Fall",0.964577227288099,0.971334334500768,0.446270704269409,0.446270704269409,1,22,22,FALSE,TRUE,TRUE,0.966022646702016,0.961350850514238
6,1633000,"1955-09-19",158,0.975308641975309,1.01745160798659,1955,9,19,"Fall",0.964577227288099,0.971334334500768,0.446270704269409,0.446270704269409,1,22,22,FALSE,TRUE,TRUE,0.966022646702016,0.961350850514238
6,1633000,"1955-09-20",155,0.981012658227848,1.00584842172729,1955,9,20,"Fall",0.964577227288099,0.971334334500768,0.446270704269409,0.446270704269409,1,22,22,FALSE,TRUE,TRUE,0.966022646702016,0.961350850514238
6,1633000,"1955-09-21",145,0.935483870967742,0.953590010405827,1955,9,21,"Fall",0.964577227288099,0.971334334500768,0.446270704269409,0.446270704269409,1,22,22,FALSE,TRUE,TRUE,0.966022646702016,0.961350850514238
6,1633000,"1955-09-22",142,0.979310344827586,1.04684898929845,1955,9,22,"Fall",0.964577227288099,0.971334334500768,0.446270704269409,0.446270704269409,1,22,22,FALSE,TRUE,TRUE,0.966022646702016,0.961350850514238
6,1633000,"1955-09-23",138,0.971830985915493,0.992362626463003,1955,9,23,"Fall",0.964577227288099,0.971334334500768,0.446270704269409,0.446270704269409,1,22,22,FALSE,TRUE,TRUE,0.966022646702016,0.961350850514238
6,1633000,"1955-09-24",148,1.07246376811594,1.10354967443814,1955,9,24,"Fall",0.964577227288099,0.971334334500768,0.446270704269409,0.446270704269409,1,22,22,FALSE,TRUE,TRUE,0.966022646702016,0.961350850514238
6,1633000,"1955-09-25",145,0.97972972972973,0.913531775018261,1955,9,25,"Fall",0.964577227288099,0.971334334500768,0.446270704269409,0.446270704269409,1,22,22,FALSE,TRUE,TRUE,0.966022646702016,0.961350850514238
6,1633000,"1955-09-26",135,0.931034482758621,0.950297265160523,1955,9,26,"Fall",0.964577227288099,0.971334334500768,0.446270704269409,0.446270704269409,1,22,22,FALSE,TRUE,TRUE,0.966022646702016,0.961350850514238
6,1633000,"1955-09-27",129,0.955555555555556,1.02633744855967,1955,9,27,"Fall",0.964577227288099,0.971334334500768,0.446270704269409,0.446270704269409,1,22,22,FALSE,TRUE,TRUE,0.966022646702016,0.961350850514238
6,1633000,"1955-09-28",119,0.922480620155039,0.965386695511087,1955,9,28,"Fall",0.964577227288099,0.971334334500768,0.446270704269409,0.446270704269409,1,22,22,FALSE,TRUE,TRUE,0.966022646702016,0.961350850514238
6,1633000,"1955-09-29",116,0.974789915966387,1.05670503495516,1955,9,29,"Fall",0.964577227288099,0.971334334500768,0.446270704269409,0.446270704269409,1,22,22,FALSE,TRUE,TRUE,0.966022646702016,0.961350850514238
6,1633000,"1955-09-30",110,0.948275862068966,0.972800237812128,1955,9,30,"Fall",0.964577227288099,0.971334334500768,0.446270704269409,0.446270704269409,1,22,22,FALSE,TRUE,TRUE,0.966022646702016,0.961350850514238
8,1633000,"1959-06-16",189,0.931034482758621,1.02734839476813,1959,6,16,"Summer",0.949920705320681,0.987135121810081,1,1,1,15,15,FALSE,TRUE,TRUE,0.951042641361362,0.980394146198237
8,1633000,"1959-06-17",179,0.947089947089947,1.0172447579855,1959,6,17,"Summer",0.949920705320681,0.987135121810081,1,1,1,15,15,FALSE,TRUE,TRUE,0.951042641361362,0.980394146198237
8,1633000,"1959-06-18",165,0.921787709497207,0.973284229580849,1959,6,18,"Summer",0.949920705320681,0.987135121810081,1,1,1,15,15,FALSE,TRUE,TRUE,0.951042641361362,0.980394146198237
8,1633000,"1959-06-19",162,0.981818181818182,1.06512396694215,1959,6,19,"Summer",0.949920705320681,0.987135121810081,1,1,1,15,15,FALSE,TRUE,TRUE,0.951042641361362,0.980394146198237
8,1633000,"1959-06-20",145,0.895061728395062,0.911636945587563,1959,6,20,"Summer",0.949920705320681,0.987135121810081,1,1,1,15,15,FALSE,TRUE,TRUE,0.951042641361362,0.980394146198237
8,1633000,"1959-06-21",138,0.951724137931034,1.06330558858502,1959,6,21,"Summer",0.949920705320681,0.987135121810081,1,1,1,15,15,FALSE,TRUE,TRUE,0.951042641361362,0.980394146198237
8,1633000,"1959-06-22",135,0.978260869565217,1.02788279773157,1959,6,22,"Summer",0.949920705320681,0.987135121810081,1,1,1,15,15,FALSE,TRUE,TRUE,0.951042641361362,0.980394146198237
8,1633000,"1959-06-23",125,0.925925925925926,0.946502057613169,1959,6,23,"Summer",0.949920705320681,0.987135121810081,1,1,1,15,15,FALSE,TRUE,TRUE,0.951042641361362,0.980394146198237
8,1633000,"1959-06-24",125,1,1.08,1959,6,24,"Summer",0.949920705320681,0.987135121810081,1,1,1,15,15,FALSE,TRUE,TRUE,0.951042641361362,0.980394146198237
8,1633000,"1959-06-25",119,0.952,0.952,1959,6,25,"Summer",0.949920705320681,0.987135121810081,1,1,1,15,15,FALSE,TRUE,TRUE,0.951042641361362,0.980394146198237
8,1633000,"1959-06-26",116,0.974789915966387,1.02393898735965,1959,6,26,"Summer",0.949920705320681,0.987135121810081,1,1,1,15,15,FALSE,TRUE,TRUE,0.951042641361362,0.980394146198237
8,1633000,"1959-06-27",113,0.974137931034483,0.999331153388823,1959,6,27,"Summer",0.949920705320681,0.987135121810081,1,1,1,15,15,FALSE,TRUE,TRUE,0.951042641361362,0.980394146198237
8,1633000,"1959-06-28",103,0.911504424778761,0.935703657295011,1959,6,28,"Summer",0.949920705320681,0.987135121810081,1,1,1,15,15,FALSE,TRUE,TRUE,0.951042641361362,0.980394146198237
8,1633000,"1959-06-29",94,0.912621359223301,1.00122537468187,1959,6,29,"Summer",0.949920705320681,0.987135121810081,1,1,1,15,15,FALSE,TRUE,TRUE,0.951042641361362,0.980394146198237
8,1633000,"1959-06-30",88,0.936170212765957,1.02580353100951,1959,6,30,"Summer",0.949920705320681,0.987135121810081,1,1,1,15,15,FALSE,TRUE,TRUE,0.951042641361362,0.980394146198237
9,1633000,"1960-01-02",253,0.923357664233577,0.997495870850871,1960,1,2,"Winter",0.972196686381561,0.619128014080155,0.406443357467651,0.406443357467651,1,34,34,FALSE,TRUE,TRUE,0.969257915989662,0.574328517826003
9,1633000,"1960-01-03",380,1.50197628458498,1.62664625287069,1960,1,3,"Winter",0.972196686381561,0.619128014080155,0.406443357467651,0.406443357467651,1,34,34,FALSE,TRUE,TRUE,0.969257915989662,0.574328517826003
9,1633000,"1960-01-04",592,1.55789473684211,1.03722991689751,1960,1,4,"Winter",0.972196686381561,0.619128014080155,0.406443357467651,0.406443357467651,1,34,34,FALSE,TRUE,TRUE,0.969257915989662,0.574328517826003
9,1633000,"1960-01-05",538,0.908783783783784,0.583340942293645,1960,1,5,"Winter",0.972196686381561,0.619128014080155,0.406443357467651,0.406443357467651,1,34,34,FALSE,TRUE,TRUE,0.969257915989662,0.574328517826003
9,1633000,"1960-01-06",482,0.895910780669145,0.985834911070881,1960,1,6,"Winter",0.972196686381561,0.619128014080155,0.406443357467651,0.406443357467651,1,34,34,FALSE,TRUE,TRUE,0.969257915989662,0.574328517826003
9,1633000,"1960-01-07",430,0.892116182572614,0.995764535734578,1960,1,7,"Winter",0.972196686381561,0.619128014080155,0.406443357467651,0.406443357467651,1,34,34,FALSE,TRUE,TRUE,0.969257915989662,0.574328517826003
9,1633000,"1960-01-08",380,0.883720930232558,0.990589507842077,1960,1,8,"Winter",0.972196686381561,0.619128014080155,0.406443357467651,0.406443357467651,1,34,34,FALSE,TRUE,TRUE,0.969257915989662,0.574328517826003
9,1633000,"1960-01-09",332,0.873684210526316,0.988642659279778,1960,1,9,"Winter",0.972196686381561,0.619128014080155,0.406443357467651,0.406443357467651,1,34,34,FALSE,TRUE,TRUE,0.969257915989662,0.574328517826003
9,1633000,"1960-01-10",283,0.852409638554217,0.975649586296995,1960,1,10,"Winter",0.972196686381561,0.619128014080155,0.406443357467651,0.406443357467651,1,34,34,FALSE,TRUE,TRUE,0.969257915989662,0.574328517826003
9,1633000,"1960-01-11",270,0.954063604240283,1.11925482900273,1960,1,11,"Winter",0.972196686381561,0.619128014080155,0.406443357467651,0.406443357467651,1,34,34,FALSE,TRUE,TRUE,0.969257915989662,0.574328517826003
9,1633000,"1960-01-12",245,0.907407407407407,0.951097393689986,1960,1,12,"Winter",0.972196686381561,0.619128014080155,0.406443357467651,0.406443357467651,1,34,34,FALSE,TRUE,TRUE,0.969257915989662,0.574328517826003
9,1633000,"1960-01-13",241,0.983673469387755,1.08404831320283,1960,1,13,"Winter",0.972196686381561,0.619128014080155,0.406443357467651,0.406443357467651,1,34,34,FALSE,TRUE,TRUE,0.969257915989662,0.574328517826003
9,1633000,"1960-01-14",237,0.983402489626556,0.999724522649403,1960,1,14,"Winter",0.972196686381561,0.619128014080155,0.406443357467651,0.406443357467651,1,34,34,FALSE,TRUE,TRUE,0.969257915989662,0.574328517826003
9,1633000,"1960-01-15",310,1.30801687763713,1.33009311185885,1960,1,15,"Winter",0.972196686381561,0.619128014080155,0.406443357467651,0.406443357467651,1,34,34,FALSE,TRUE,TRUE,0.969257915989662,0.574328517826003
9,1633000,"1960-01-16",600,1.93548387096774,1.47970863683663,1960,1,16,"Winter",0.972196686381561,0.619128014080155,0.406443357467651,0.406443357467651,1,34,34,FALSE,TRUE,TRUE,0.969257915989662,0.574328517826003
9,1633000,"1960-01-17",520,0.866666666666667,0.447777777777778,1960,1,17,"Winter",0.972196686381561,0.619128014080155,0.406443357467651,0.406443357467651,1,34,34,FALSE,TRUE,TRUE,0.969257915989662,0.574328517826003
9,1633000,"1960-01-18",450,0.865384615384615,0.998520710059172,1960,1,18,"Winter",0.972196686381561,0.619128014080155,0.406443357467651,0.406443357467651,1,34,34,FALSE,TRUE,TRUE,0.969257915989662,0.574328517826003
9,1633000,"1960-01-19",370,0.822222222222222,0.950123456790123,1960,1,19,"Winter",0.972196686381561,0.619128014080155,0.406443357467651,0.406443357467651,1,34,34,FALSE,TRUE,TRUE,0.969257915989662,0.574328517826003
9,1633000,"1960-01-20",332,0.897297297297297,1.09130752373996,1960,1,20,"Winter",0.972196686381561,0.619128014080155,0.406443357467651,0.406443357467651,1,34,34,FALSE,TRUE,TRUE,0.969257915989662,0.574328517826003
9,1633000,"1960-01-21",310,0.933734939759036,1.04060821599652,1960,1,21,"Winter",0.972196686381561,0.619128014080155,0.406443357467651,0.406443357467651,1,34,34,FALSE,TRUE,TRUE,0.969257915989662,0.574328517826003
9,1633000,"1960-01-22",292,0.941935483870968,1.0087825182102,1960,1,22,"Winter",0.972196686381561,0.619128014080155,0.406443357467651,0.406443357467651,1,34,34,FALSE,TRUE,TRUE,0.969257915989662,0.574328517826003
9,1633000,"1960-01-23",265,0.907534246575342,0.963478138487521,1960,1,23,"Winter",0.972196686381561,0.619128014080155,0.406443357467651,0.406443357467651,1,34,34,FALSE,TRUE,TRUE,0.969257915989662,0.574328517826003
9,1633000,"1960-01-24",233,0.879245283018868,0.968828764684941,1960,1,24,"Winter",0.972196686381561,0.619128014080155,0.406443357467651,0.406443357467651,1,34,34,FALSE,TRUE,TRUE,0.969257915989662,0.574328517826003
9,1633000,"1960-01-25",225,0.965665236051502,1.0982887877839,1960,1,25,"Winter",0.972196686381561,0.619128014080155,0.406443357467651,0.406443357467651,1,34,34,FALSE,TRUE,TRUE,0.969257915989662,0.574328517826003
9,1633000,"1960-01-26",211,0.937777777777778,0.971120987654321,1960,1,26,"Winter",0.972196686381561,0.619128014080155,0.406443357467651,0.406443357467651,1,34,34,FALSE,TRUE,TRUE,0.969257915989662,0.574328517826003
9,1633000,"1960-01-27",197,0.933649289099526,0.995597583163002,1960,1,27,"Winter",0.972196686381561,0.619128014080155,0.406443357467651,0.406443357467651,1,34,34,FALSE,TRUE,TRUE,0.969257915989662,0.574328517826003
9,1633000,"1960-01-28",204,1.03553299492386,1.10912417222809,1960,1,28,"Winter",0.972196686381561,0.619128014080155,0.406443357467651,0.406443357467651,1,34,34,FALSE,TRUE,TRUE,0.969257915989662,0.574328517826003
9,1633000,"1960-01-29",190,0.931372549019608,0.899413687043445,1960,1,29,"Winter",0.972196686381561,0.619128014080155,0.406443357467651,0.406443357467651,1,34,34,FALSE,TRUE,TRUE,0.969257915989662,0.574328517826003
9,1633000,"1960-01-30",183,0.963157894736842,1.03412742382271,1960,1,30,"Winter",0.972196686381561,0.619128014080155,0.406443357467651,0.406443357467651,1,34,34,FALSE,TRUE,TRUE,0.969257915989662,0.574328517826003
9,1633000,"1960-01-31",176,0.961748633879781,0.998536832989937,1960,1,31,"Winter",0.972196686381561,0.619128014080155,0.406443357467651,0.406443357467651,1,34,34,FALSE,TRUE,TRUE,0.969257915989662,0.574328517826003
9,1633000,"1960-02-01",162,0.920454545454545,0.957063533057851,1960,2,1,"Winter",0.972196686381561,0.619128014080155,0.406443357467651,0.406443357467651,1,34,34,FALSE,TRUE,TRUE,0.969257915989662,0.574328517826003
9,1633000,"1960-02-02",152,0.938271604938272,1.01935680536504,1960,2,2,"Winter",0.972196686381561,0.619128014080155,0.406443357467651,0.406443357467651,1,34,34,FALSE,TRUE,TRUE,0.969257915989662,0.574328517826003
9,1633000,"1960-02-03",148,0.973684210526316,1.03774238227147,1960,2,3,"Winter",0.972196686381561,0.619128014080155,0.406443357467651,0.406443357467651,1,34,34,FALSE,TRUE,TRUE,0.969257915989662,0.574328517826003
9,1633000,"1960-02-04",142,0.959459459459459,0.985390796201607,1960,2,4,"Winter",0.972196686381561,0.619128014080155,0.406443357467651,0.406443357467651,1,34,34,FALSE,TRUE,TRUE,0.969257915989662,0.574328517826003
10,1633000,"1964-03-14",740,0.86046511627907,0.980530016224986,1964,3,14,"Spring",0.939403211084665,0.977749206632922,0.51932680606842,0.51932680606842,1,18,18,FALSE,TRUE,TRUE,0.936403989071258,0.971036657383297
10,1633000,"1964-03-15",860,1.16216216216216,1.35062089116143,1964,3,15,"Spring",0.939403211084665,0.977749206632922,0.51932680606842,0.51932680606842,1,18,18,FALSE,TRUE,TRUE,0.936403989071258,0.971036657383297
10,1633000,"1964-03-16",800,0.930232558139535,0.800432666306111,1964,3,16,"Spring",0.939403211084665,0.977749206632922,0.51932680606842,0.51932680606842,1,18,18,FALSE,TRUE,TRUE,0.936403989071258,0.971036657383297
10,1633000,"1964-03-17",740,0.925,0.994375,1964,3,17,"Spring",0.939403211084665,0.977749206632922,0.51932680606842,0.51932680606842,1,18,18,FALSE,TRUE,TRUE,0.936403989071258,0.971036657383297
10,1633000,"1964-03-18",650,0.878378378378378,0.949598246895544,1964,3,18,"Spring",0.939403211084665,0.977749206632922,0.51932680606842,0.51932680606842,1,18,18,FALSE,TRUE,TRUE,0.936403989071258,0.971036657383297
10,1633000,"1964-03-19",565,0.869230769230769,0.989585798816568,1964,3,19,"Spring",0.939403211084665,0.977749206632922,0.51932680606842,0.51932680606842,1,18,18,FALSE,TRUE,TRUE,0.936403989071258,0.971036657383297
10,1633000,"1964-03-20",510,0.902654867256637,1.03845250215365,1964,3,20,"Spring",0.939403211084665,0.977749206632922,0.51932680606842,0.51932680606842,1,18,18,FALSE,TRUE,TRUE,0.936403989071258,0.971036657383297
10,1633000,"1964-03-21",510,1,1.1078431372549,1964,3,21,"Spring",0.939403211084665,0.977749206632922,0.51932680606842,0.51932680606842,1,18,18,FALSE,TRUE,TRUE,0.936403989071258,0.971036657383297
10,1633000,"1964-03-22",485,0.950980392156863,0.950980392156863,1964,3,22,"Spring",0.939403211084665,0.977749206632922,0.51932680606842,0.51932680606842,1,18,18,FALSE,TRUE,TRUE,0.936403989071258,0.971036657383297
10,1633000,"1964-03-23",460,0.948453608247423,0.99734296949729,1964,3,23,"Spring",0.939403211084665,0.977749206632922,0.51932680606842,0.51932680606842,1,18,18,FALSE,TRUE,TRUE,0.936403989071258,0.971036657383297
10,1633000,"1964-03-24",412,0.895652173913044,0.944328922495274,1964,3,24,"Spring",0.939403211084665,0.977749206632922,0.51932680606842,0.51932680606842,1,18,18,FALSE,TRUE,TRUE,0.936403989071258,0.971036657383297
10,1633000,"1964-03-25",389,0.944174757281553,1.05417569987746,1964,3,25,"Spring",0.939403211084665,0.977749206632922,0.51932680606842,0.51932680606842,1,18,18,FALSE,TRUE,TRUE,0.936403989071258,0.971036657383297
10,1633000,"1964-03-26",366,0.940874035989717,0.996504120379855,1964,3,26,"Spring",0.939403211084665,0.977749206632922,0.51932680606842,0.51932680606842,1,18,18,FALSE,TRUE,TRUE,0.936403989071258,0.971036657383297
10,1633000,"1964-03-27",345,0.942622950819672,1.0018588193138,1964,3,27,"Spring",0.939403211084665,0.977749206632922,0.51932680606842,0.51932680606842,1,18,18,FALSE,TRUE,TRUE,0.936403989071258,0.971036657383297
10,1633000,"1964-03-28",324,0.939130434782609,0.996294896030246,1964,3,28,"Spring",0.939403211084665,0.977749206632922,0.51932680606842,0.51932680606842,1,18,18,FALSE,TRUE,TRUE,0.936403989071258,0.971036657383297
10,1633000,"1964-03-29",324,1,1.06481481481481,1964,3,29,"Spring",0.939403211084665,0.977749206632922,0.51932680606842,0.51932680606842,1,18,18,FALSE,TRUE,TRUE,0.936403989071258,0.971036657383297
10,1633000,"1964-03-30",303,0.935185185185185,0.935185185185185,1964,3,30,"Spring",0.939403211084665,0.977749206632922,0.51932680606842,0.51932680606842,1,18,18,FALSE,TRUE,TRUE,0.936403989071258,0.971036657383297
10,1633000,"1964-03-31",282,0.930693069306931,0.995196549357906,1964,3,31,"Spring",0.939403211084665,0.977749206632922,0.51932680606842,0.51932680606842,1,18,18,FALSE,TRUE,TRUE,0.936403989071258,0.971036657383297
11,1633000,"1964-05-21",162,0.941860465116279,1.01852352623039,1964,5,21,"Spring",0.964243076810037,0.905186000245053,0.367394685745239,0.367394685745239,1,16,16,FALSE,TRUE,TRUE,0.966868350137139,0.890768263994629
11,1633000,"1964-05-22",146,0.901234567901235,0.956866331351928,1964,5,22,"Spring",0.964243076810037,0.905186000245053,0.367394685745239,0.367394685745239,1,16,16,FALSE,TRUE,TRUE,0.966868350137139,0.890768263994629
11,1633000,"1964-05-23",140,0.958904109589041,1.06398949146181,1964,5,23,"Spring",0.964243076810037,0.905186000245053,0.367394685745239,0.367394685745239,1,16,16,FALSE,TRUE,TRUE,0.966868350137139,0.890768263994629
11,1633000,"1964-05-24",134,0.957142857142857,0.998163265306123,1964,5,24,"Spring",0.964243076810037,0.905186000245053,0.367394685745239,0.367394685745239,1,16,16,FALSE,TRUE,TRUE,0.966868350137139,0.890768263994629
11,1633000,"1964-05-25",122,0.91044776119403,0.951214078859434,1964,5,25,"Spring",0.964243076810037,0.905186000245053,0.367394685745239,0.367394685745239,1,16,16,FALSE,TRUE,TRUE,0.966868350137139,0.890768263994629
11,1633000,"1964-05-26",113,0.926229508196721,1.01733404998656,1964,5,26,"Spring",0.964243076810037,0.905186000245053,0.367394685745239,0.367394685745239,1,16,16,FALSE,TRUE,TRUE,0.966868350137139,0.890768263994629
11,1633000,"1964-05-27",110,0.973451327433628,1.05098284908763,1964,5,27,"Spring",0.964243076810037,0.905186000245053,0.367394685745239,0.367394685745239,1,16,16,FALSE,TRUE,TRUE,0.966868350137139,0.890768263994629
11,1633000,"1964-05-28",107,0.972727272727273,0.999256198347108,1964,5,28,"Spring",0.964243076810037,0.905186000245053,0.367394685745239,0.367394685745239,1,16,16,FALSE,TRUE,TRUE,0.966868350137139,0.890768263994629
11,1633000,"1964-05-29",110,1.02803738317757,1.05686086121059,1964,5,29,"Spring",0.964243076810037,0.905186000245053,0.367394685745239,0.367394685745239,1,16,16,FALSE,TRUE,TRUE,0.966868350137139,0.890768263994629
11,1633000,"1964-05-30",105,0.954545454545455,0.928512396694215,1964,5,30,"Spring",0.964243076810037,0.905186000245053,0.367394685745239,0.367394685745239,1,16,16,FALSE,TRUE,TRUE,0.966868350137139,0.890768263994629
11,1633000,"1964-05-31",99,0.942857142857143,0.987755102040816,1964,5,31,"Spring",0.964243076810037,0.905186000245053,0.367394685745239,0.367394685745239,1,16,16,FALSE,TRUE,TRUE,0.966868350137139,0.890768263994629
11,1633000,"1964-06-01",102,1.03030303030303,1.09274563820018,1964,6,1,"Summer",0.964243076810037,0.905186000245053,0.367394685745239,0.367394685745239,1,16,16,FALSE,TRUE,TRUE,0.966868350137139,0.890768263994629
11,1633000,"1964-06-02",105,1.02941176470588,0.999134948096886,1964,6,2,"Summer",0.964243076810037,0.905186000245053,0.367394685745239,0.367394685745239,1,16,16,FALSE,TRUE,TRUE,0.966868350137139,0.890768263994629
11,1633000,"1964-06-03",99,0.942857142857143,0.915918367346939,1964,6,3,"Summer",0.964243076810037,0.905186000245053,0.367394685745239,0.367394685745239,1,16,16,FALSE,TRUE,TRUE,0.966868350137139,0.890768263994629
11,1633000,"1964-06-04",94,0.94949494949495,1.00704009794919,1964,6,4,"Summer",0.964243076810037,0.905186000245053,0.367394685745239,0.367394685745239,1,16,16,FALSE,TRUE,TRUE,0.966868350137139,0.890768263994629
11,1633000,"1964-06-05",88,0.936170212765957,0.98596650067904,1964,6,5,"Summer",0.964243076810037,0.905186000245053,0.367394685745239,0.367394685745239,1,16,16,FALSE,TRUE,TRUE,0.966868350137139,0.890768263994629
12,1633000,"1966-03-13",202,0.926605504587156,1.04136857166905,1966,3,13,"Spring",0.944982524515003,0.92101274390781,0.399612307548523,0.0696753263473511,3,17,15,FALSE,TRUE,TRUE,0.956862392504326,0.842752220274486
12,1633000,"1966-03-14",195,0.965346534653465,1.04180962650721,1966,3,14,"Spring",0.944982524515003,0.92101274390781,0.399612307548523,0.0696753263473511,3,17,15,FALSE,TRUE,TRUE,0.956862392504326,0.842752220274486
12,1633000,"1966-03-15",180,0.923076923076923,0.956213017751479,1966,3,15,"Spring",0.944982524515003,0.92101274390781,0.399612307548523,0.0696753263473511,3,17,15,FALSE,TRUE,TRUE,0.956862392504326,0.842752220274486
12,1633000,"1966-03-16",170,0.944444444444444,1.02314814814815,1966,3,16,"Spring",0.944982524515003,0.92101274390781,0.399612307548523,0.0696753263473511,3,17,15,FALSE,TRUE,TRUE,0.956862392504326,0.842752220274486
12,1633000,"1966-03-17",152,0.894117647058824,0.946712802768166,1966,3,17,"Spring",0.944982524515003,0.92101274390781,0.399612307548523,0.0696753263473511,3,17,15,FALSE,TRUE,TRUE,0.956862392504326,0.842752220274486
12,1633000,"1966-03-18",139,0.914473684210526,1.02276662049861,1966,3,18,"Spring",0.944982524515003,0.92101274390781,0.399612307548523,0.0696753263473511,3,17,15,FALSE,TRUE,TRUE,0.956862392504326,0.842752220274486
12,1633000,"1966-03-19",132,0.949640287769784,1.03845556648207,1966,3,19,"Spring",0.944982524515003,0.92101274390781,0.399612307548523,0.0696753263473511,3,17,15,FALSE,TRUE,TRUE,0.956862392504326,0.842752220274486
12,1633000,"1966-03-20",126,0.954545454545455,1.0051652892562,1966,3,20,"Spring",0.944982524515003,0.92101274390781,0.399612307548523,0.0696753263473511,3,17,15,FALSE,TRUE,TRUE,0.956862392504326,0.842752220274486
12,1633000,"1966-03-21",120,0.952380952380952,0.997732426303855,1966,3,21,"Spring",0.944982524515003,0.92101274390781,0.399612307548523,0.0696753263473511,3,17,15,FALSE,TRUE,TRUE,0.956862392504326,0.842752220274486
12,1633000,"1966-03-22",114,0.95,0.9975,1966,3,22,"Spring",0.944982524515003,0.92101274390781,0.399612307548523,0.0696753263473511,3,17,15,FALSE,TRUE,TRUE,0.956862392504326,0.842752220274486
12,1633000,"1966-03-23",108,0.947368421052632,0.997229916897507,1966,3,23,"Spring",0.944982524515003,0.92101274390781,0.399612307548523,0.0696753263473511,3,17,15,FALSE,TRUE,TRUE,0.956862392504326,0.842752220274486
12,1633000,"1966-03-24",114,1.05555555555556,1.1141975308642,1966,3,24,"Spring",0.944982524515003,0.92101274390781,0.399612307548523,0.0696753263473511,3,17,15,FALSE,TRUE,TRUE,0.956862392504326,0.842752220274486
12,1633000,"1966-03-25",126,1.10526315789474,1.04709141274238,1966,3,25,"Spring",0.944982524515003,0.92101274390781,0.399612307548523,0.0696753263473511,3,17,15,FALSE,TRUE,TRUE,0.956862392504326,0.842752220274486
12,1633000,"1966-03-26",117,0.928571428571429,0.840136054421769,1966,3,26,"Spring",0.944982524515003,0.92101274390781,0.399612307548523,0.0696753263473511,3,17,15,FALSE,TRUE,TRUE,0.956862392504326,0.842752220274486
12,1633000,"1966-03-27",108,0.923076923076923,0.994082840236686,1966,3,27,"Spring",0.944982524515003,0.92101274390781,0.399612307548523,0.0696753263473511,3,17,15,FALSE,TRUE,TRUE,0.956862392504326,0.842752220274486
13,1633000,"1966-06-02",195,0.894495412844037,1.05451982156384,1966,6,2,"Summer",0.927007443550749,0.982966400443056,0.324423551559448,0.113287210464478,2,15,14,FALSE,TRUE,TRUE,0.928565114084278,0.9544133865822
13,1633000,"1966-06-03",173,0.887179487179487,0.991821170282709,1966,6,3,"Summer",0.927007443550749,0.982966400443056,0.324423551559448,0.113287210464478,2,15,14,FALSE,TRUE,TRUE,0.928565114084278,0.9544133865822
13,1633000,"1966-06-04",152,0.878612716763006,0.990343813692405,1966,6,4,"Summer",0.927007443550749,0.982966400443056,0.324423551559448,0.113287210464478,2,15,14,FALSE,TRUE,TRUE,0.928565114084278,0.9544133865822
13,1633000,"1966-06-05",139,0.914473684210526,1.0408154432133,1966,6,5,"Summer",0.927007443550749,0.982966400443056,0.324423551559448,0.113287210464478,2,15,14,FALSE,TRUE,TRUE,0.928565114084278,0.9544133865822
13,1633000,"1966-06-06",126,0.906474820143885,0.991253040732881,1966,6,6,"Summer",0.927007443550749,0.982966400443056,0.324423551559448,0.113287210464478,2,15,14,FALSE,TRUE,TRUE,0.928565114084278,0.9544133865822
13,1633000,"1966-06-07",135,1.07142857142857,1.18197278911565,1966,6,7,"Summer",0.927007443550749,0.982966400443056,0.324423551559448,0.113287210464478,2,15,14,FALSE,TRUE,TRUE,0.928565114084278,0.9544133865822
13,1633000,"1966-06-08",139,1.02962962962963,0.960987654320988,1966,6,8,"Summer",0.927007443550749,0.982966400443056,0.324423551559448,0.113287210464478,2,15,14,FALSE,TRUE,TRUE,0.928565114084278,0.9544133865822
13,1633000,"1966-06-09",123,0.884892086330935,0.85942756586098,1966,6,9,"Summer",0.927007443550749,0.982966400443056,0.324423551559448,0.113287210464478,2,15,14,FALSE,TRUE,TRUE,0.928565114084278,0.9544133865822
13,1633000,"1966-06-10",108,0.878048780487805,0.992266508030934,1966,6,10,"Summer",0.927007443550749,0.982966400443056,0.324423551559448,0.113287210464478,2,15,14,FALSE,TRUE,TRUE,0.928565114084278,0.9544133865822
13,1633000,"1966-06-11",94,0.87037037037037,0.991255144032922,1966,6,11,"Summer",0.927007443550749,0.982966400443056,0.324423551559448,0.113287210464478,2,15,14,FALSE,TRUE,TRUE,0.928565114084278,0.9544133865822
13,1633000,"1966-06-12",86,0.914893617021277,1.05115436849253,1966,6,12,"Summer",0.927007443550749,0.982966400443056,0.324423551559448,0.113287210464478,2,15,14,FALSE,TRUE,TRUE,0.928565114084278,0.9544133865822
13,1633000,"1966-06-13",80,0.930232558139535,1.01676581936182,1966,6,13,"Summer",0.927007443550749,0.982966400443056,0.324423551559448,0.113287210464478,2,15,14,FALSE,TRUE,TRUE,0.928565114084278,0.9544133865822
13,1633000,"1966-06-14",75,0.9375,1.0078125,1966,6,14,"Summer",0.927007443550749,0.982966400443056,0.324423551559448,0.113287210464478,2,15,14,FALSE,TRUE,TRUE,0.928565114084278,0.9544133865822
13,1633000,"1966-06-15",71,0.946666666666667,1.00977777777778,1966,6,15,"Summer",0.927007443550749,0.982966400443056,0.324423551559448,0.113287210464478,2,15,14,FALSE,TRUE,TRUE,0.928565114084278,0.9544133865822
15,1633000,"1967-12-25",244,0.927756653992395,0.994780898957626,1967,12,25,"Winter",0.962448211975311,0.9068391375503,0.536648273468018,0.000501632690429688,9,25,17,FALSE,TRUE,TRUE,0.969010467054204,0.93506834802732
15,1633000,"1967-12-26",233,0.954918032786885,1.02927640419242,1967,12,26,"Winter",0.962448211975311,0.9068391375503,0.536648273468018,0.000501632690429688,9,25,17,FALSE,TRUE,TRUE,0.969010467054204,0.93506834802732
15,1633000,"1967-12-27",263,1.12875536480687,1.18204424469045,1967,12,27,"Winter",0.962448211975311,0.9068391375503,0.536648273468018,0.000501632690429688,9,25,17,FALSE,TRUE,TRUE,0.969010467054204,0.93506834802732
15,1633000,"1967-12-28",250,0.950570342205323,0.842140265147682,1967,12,28,"Winter",0.962448211975311,0.9068391375503,0.536648273468018,0.000501632690429688,9,25,17,FALSE,TRUE,TRUE,0.969010467054204,0.93506834802732
15,1633000,"1967-12-29",240,0.96,1.00992,1967,12,29,"Winter",0.962448211975311,0.9068391375503,0.536648273468018,0.000501632690429688,9,25,17,FALSE,TRUE,TRUE,0.969010467054204,0.93506834802732
15,1633000,"1967-12-30",237,0.9875,1.02864583333333,1967,12,30,"Winter",0.962448211975311,0.9068391375503,0.536648273468018,0.000501632690429688,9,25,17,FALSE,TRUE,TRUE,0.969010467054204,0.93506834802732
15,1633000,"1967-12-31",225,0.949367088607595,0.961384393526678,1967,12,31,"Winter",0.962448211975311,0.9068391375503,0.536648273468018,0.000501632690429688,9,25,17,FALSE,TRUE,TRUE,0.969010467054204,0.93506834802732
15,1633000,"1968-01-01",211,0.937777777777778,0.987792592592593,1968,1,1,"Winter",0.962448211975311,0.9068391375503,0.536648273468018,0.000501632690429688,9,25,17,FALSE,TRUE,TRUE,0.969010467054204,0.93506834802732
15,1633000,"1968-01-02",200,0.947867298578199,1.01075896767817,1968,1,2,"Winter",0.962448211975311,0.9068391375503,0.536648273468018,0.000501632690429688,9,25,17,FALSE,TRUE,TRUE,0.969010467054204,0.93506834802732
15,1633000,"1968-01-03",195,0.975,1.028625,1968,1,3,"Winter",0.962448211975311,0.9068391375503,0.536648273468018,0.000501632690429688,9,25,17,FALSE,TRUE,TRUE,0.969010467054204,0.93506834802732
15,1633000,"1968-01-04",190,0.974358974358974,0.999342537804076,1968,1,4,"Winter",0.962448211975311,0.9068391375503,0.536648273468018,0.000501632690429688,9,25,17,FALSE,TRUE,TRUE,0.969010467054204,0.93506834802732
15,1633000,"1968-01-05",180,0.947368421052632,0.972299168975069,1968,1,5,"Winter",0.962448211975311,0.9068391375503,0.536648273468018,0.000501632690429688,9,25,17,FALSE,TRUE,TRUE,0.969010467054204,0.93506834802732
15,1633000,"1968-01-06",175,0.972222222222222,1.02623456790123,1968,1,6,"Winter",0.962448211975311,0.9068391375503,0.536648273468018,0.000501632690429688,9,25,17,FALSE,TRUE,TRUE,0.969010467054204,0.93506834802732
15,1633000,"1968-01-07",170,0.971428571428571,0.999183673469388,1968,1,7,"Winter",0.962448211975311,0.9068391375503,0.536648273468018,0.000501632690429688,9,25,17,FALSE,TRUE,TRUE,0.969010467054204,0.93506834802732
15,1633000,"1968-01-08",170,1,1.02941176470588,1968,1,8,"Winter",0.962448211975311,0.9068391375503,0.536648273468018,0.000501632690429688,9,25,17,FALSE,TRUE,TRUE,0.969010467054204,0.93506834802732
15,1633000,"1968-01-09",165,0.970588235294118,0.970588235294118,1968,1,9,"Winter",0.962448211975311,0.9068391375503,0.536648273468018,0.000501632690429688,9,25,17,FALSE,TRUE,TRUE,0.969010467054204,0.93506834802732
15,1633000,"1968-01-10",160,0.96969696969697,0.999081726354454,1968,1,10,"Winter",0.962448211975311,0.9068391375503,0.536648273468018,0.000501632690429688,9,25,17,FALSE,TRUE,TRUE,0.969010467054204,0.93506834802732
16,1633000,"1968-02-18",230,0.938775510204082,1.01541024573095,1968,2,18,"Winter",0.950386459053316,0.982175201305065,0.350201368331909,0.00298547744750977,5,15,11,FALSE,TRUE,TRUE,0.956868702252204,0.990105663072188
16,1633000,"1968-02-19",220,0.956521739130435,1.01890359168242,1968,2,19,"Winter",0.950386459053316,0.982175201305065,0.350201368331909,0.00298547744750977,5,15,11,FALSE,TRUE,TRUE,0.956868702252204,0.990105663072188
16,1633000,"1968-02-20",210,0.954545454545455,0.997933884297521,1968,2,20,"Winter",0.950386459053316,0.982175201305065,0.350201368331909,0.00298547744750977,5,15,11,FALSE,TRUE,TRUE,0.956868702252204,0.990105663072188
16,1633000,"1968-02-21",200,0.952380952380952,0.997732426303855,1968,2,21,"Winter",0.950386459053316,0.982175201305065,0.350201368331909,0.00298547744750977,5,15,11,FALSE,TRUE,TRUE,0.956868702252204,0.990105663072188
16,1633000,"1968-02-22",190,0.95,0.9975,1968,2,22,"Winter",0.950386459053316,0.982175201305065,0.350201368331909,0.00298547744750977,5,15,11,FALSE,TRUE,TRUE,0.956868702252204,0.990105663072188
16,1633000,"1968-02-23",180,0.947368421052632,0.997229916897507,1968,2,23,"Winter",0.950386459053316,0.982175201305065,0.350201368331909,0.00298547744750977,5,15,11,FALSE,TRUE,TRUE,0.956868702252204,0.990105663072188
16,1633000,"1968-02-24",170,0.944444444444444,0.996913580246914,1968,2,24,"Winter",0.950386459053316,0.982175201305065,0.350201368331909,0.00298547744750977,5,15,11,FALSE,TRUE,TRUE,0.956868702252204,0.990105663072188
16,1633000,"1968-02-25",165,0.970588235294118,1.02768166089965,1968,2,25,"Winter",0.950386459053316,0.982175201305065,0.350201368331909,0.00298547744750977,5,15,11,FALSE,TRUE,TRUE,0.956868702252204,0.990105663072188
16,1633000,"1968-02-26",160,0.96969696969697,0.999081726354454,1968,2,26,"Winter",0.950386459053316,0.982175201305065,0.350201368331909,0.00298547744750977,5,15,11,FALSE,TRUE,TRUE,0.956868702252204,0.990105663072188
16,1633000,"1968-02-27",155,0.96875,0.9990234375,1968,2,27,"Winter",0.950386459053316,0.982175201305065,0.350201368331909,0.00298547744750977,5,15,11,FALSE,TRUE,TRUE,0.956868702252204,0.990105663072188
16,1633000,"1968-02-28",150,0.967741935483871,0.998959417273673,1968,2,28,"Winter",0.950386459053316,0.982175201305065,0.350201368331909,0.00298547744750977,5,15,11,FALSE,TRUE,TRUE,0.956868702252204,0.990105663072188
17,1633000,"1968-04-04",345,0.942622950819672,1.0018588193138,1968,4,4,"Spring",0.967916368867291,0.988934964859681,0.510034441947937,0.510034441947937,1,20,20,FALSE,TRUE,TRUE,0.967842982808284,0.976787566127868
17,1633000,"1968-04-05",345,1,1.06086956521739,1968,4,5,"Spring",0.967916368867291,0.988934964859681,0.510034441947937,0.510034441947937,1,20,20,FALSE,TRUE,TRUE,0.967842982808284,0.976787566127868
17,1633000,"1968-04-06",324,0.939130434782609,0.939130434782609,1968,4,6,"Spring",0.967916368867291,0.988934964859681,0.510034441947937,0.510034441947937,1,20,20,FALSE,TRUE,TRUE,0.967842982808284,0.976787566127868
17,1633000,"1968-04-07",303,0.935185185185185,0.995799039780521,1968,4,7,"Spring",0.967916368867291,0.988934964859681,0.510034441947937,0.510034441947937,1,20,20,FALSE,TRUE,TRUE,0.967842982808284,0.976787566127868
17,1633000,"1968-04-08",303,1,1.06930693069307,1968,4,8,"Spring",0.967916368867291,0.988934964859681,0.510034441947937,0.510034441947937,1,20,20,FALSE,TRUE,TRUE,0.967842982808284,0.976787566127868
17,1633000,"1968-04-09",282,0.930693069306931,0.930693069306931,1968,4,9,"Spring",0.967916368867291,0.988934964859681,0.510034441947937,0.510034441947937,1,20,20,FALSE,TRUE,TRUE,0.967842982808284,0.976787566127868
17,1633000,"1968-04-10",263,0.932624113475177,1.00207484532971,1968,4,10,"Spring",0.967916368867291,0.988934964859681,0.510034441947937,0.510034441947937,1,20,20,FALSE,TRUE,TRUE,0.967842982808284,0.976787566127868
17,1633000,"1968-04-11",263,1,1.0722433460076,1968,4,11,"Spring",0.967916368867291,0.988934964859681,0.510034441947937,0.510034441947937,1,20,20,FALSE,TRUE,TRUE,0.967842982808284,0.976787566127868
17,1633000,"1968-04-12",244,0.927756653992395,0.927756653992395,1968,4,12,"Spring",0.967916368867291,0.988934964859681,0.510034441947937,0.510034441947937,1,20,20,FALSE,TRUE,TRUE,0.967842982808284,0.976787566127868
17,1633000,"1968-04-13",244,1,1.07786885245902,1968,4,13,"Spring",0.967916368867291,0.988934964859681,0.510034441947937,0.510034441947937,1,20,20,FALSE,TRUE,TRUE,0.967842982808284,0.976787566127868
17,1633000,"1968-04-14",237,0.971311475409836,0.971311475409836,1968,4,14,"Spring",0.967916368867291,0.988934964859681,0.510034441947937,0.510034441947937,1,20,20,FALSE,TRUE,TRUE,0.967842982808284,0.976787566127868
17,1633000,"1968-04-15",244,1.0295358649789,1.05994409727786,1968,4,15,"Spring",0.967916368867291,0.988934964859681,0.510034441947937,0.510034441947937,1,20,20,FALSE,TRUE,TRUE,0.967842982808284,0.976787566127868
17,1633000,"1968-04-16",229,0.938524590163934,0.911599704380543,1968,4,16,"Spring",0.967916368867291,0.988934964859681,0.510034441947937,0.510034441947937,1,20,20,FALSE,TRUE,TRUE,0.967842982808284,0.976787566127868
17,1633000,"1968-04-17",218,0.951965065502183,1.01432085581892,1968,4,17,"Spring",0.967916368867291,0.988934964859681,0.510034441947937,0.510034441947937,1,20,20,FALSE,TRUE,TRUE,0.967842982808284,0.976787566127868
17,1633000,"1968-04-18",218,1,1.05045871559633,1968,4,18,"Spring",0.967916368867291,0.988934964859681,0.510034441947937,0.510034441947937,1,20,20,FALSE,TRUE,TRUE,0.967842982808284,0.976787566127868
17,1633000,"1968-04-19",207,0.94954128440367,0.94954128440367,1968,4,19,"Spring",0.967916368867291,0.988934964859681,0.510034441947937,0.510034441947937,1,20,20,FALSE,TRUE,TRUE,0.967842982808284,0.976787566127868
17,1633000,"1968-04-20",200,0.966183574879227,1.01752666339938,1968,4,20,"Spring",0.967916368867291,0.988934964859681,0.510034441947937,0.510034441947937,1,20,20,FALSE,TRUE,TRUE,0.967842982808284,0.976787566127868
17,1633000,"1968-04-21",200,1,1.035,1968,4,21,"Spring",0.967916368867291,0.988934964859681,0.510034441947937,0.510034441947937,1,20,20,FALSE,TRUE,TRUE,0.967842982808284,0.976787566127868
17,1633000,"1968-04-22",190,0.95,0.95,1968,4,22,"Spring",0.967916368867291,0.988934964859681,0.510034441947937,0.510034441947937,1,20,20,FALSE,TRUE,TRUE,0.967842982808284,0.976787566127868
17,1633000,"1968-04-23",182,0.957894736842105,1.00831024930748,1968,4,23,"Spring",0.967916368867291,0.988934964859681,0.510034441947937,0.510034441947937,1,20,20,FALSE,TRUE,TRUE,0.967842982808284,0.976787566127868
18,1633000,"1968-06-05",229,0.870722433460076,1.07267706631584,1968,6,5,"Summer",0.898999471865784,0.956243114817821,0.640428781509399,0.0100724697113037,5,15,11,FALSE,TRUE,TRUE,0.925897422981968,0.961307195401355
18,1633000,"1968-06-06",200,0.873362445414847,1.00303197879522,1968,6,6,"Summer",0.898999471865784,0.956243114817821,0.640428781509399,0.0100724697113037,5,15,11,FALSE,TRUE,TRUE,0.925897422981968,0.961307195401355
18,1633000,"1968-06-07",166,0.83,0.95035,1968,6,7,"Summer",0.898999471865784,0.956243114817821,0.640428781509399,0.0100724697113037,5,15,11,FALSE,TRUE,TRUE,0.925897422981968,0.961307195401355
18,1633000,"1968-06-08",153,0.921686746987952,1.11046596022645,1968,6,8,"Summer",0.898999471865784,0.956243114817821,0.640428781509399,0.0100724697113037,5,15,11,FALSE,TRUE,TRUE,0.925897422981968,0.961307195401355
18,1633000,"1968-06-09",150,0.980392156862745,1.0636934512367,1968,6,9,"Summer",0.898999471865784,0.956243114817821,0.640428781509399,0.0100724697113037,5,15,11,FALSE,TRUE,TRUE,0.925897422981968,0.961307195401355
18,1633000,"1968-06-10",146,0.973333333333333,0.9928,1968,6,10,"Summer",0.898999471865784,0.956243114817821,0.640428781509399,0.0100724697113037,5,15,11,FALSE,TRUE,TRUE,0.925897422981968,0.961307195401355
18,1633000,"1968-06-11",134,0.917808219178082,0.942953649840495,1968,6,11,"Summer",0.898999471865784,0.956243114817821,0.640428781509399,0.0100724697113037,5,15,11,FALSE,TRUE,TRUE,0.925897422981968,0.961307195401355
18,1633000,"1968-06-12",128,0.955223880597015,1.0407663176654,1968,6,12,"Summer",0.898999471865784,0.956243114817821,0.640428781509399,0.0100724697113037,5,15,11,FALSE,TRUE,TRUE,0.925897422981968,0.961307195401355
18,1633000,"1968-06-13",116,0.90625,0.94873046875,1968,6,13,"Summer",0.898999471865784,0.956243114817821,0.640428781509399,0.0100724697113037,5,15,11,FALSE,TRUE,TRUE,0.925897422981968,0.961307195401355
18,1633000,"1968-06-14",105,0.905172413793103,0.998810939357907,1968,6,14,"Summer",0.898999471865784,0.956243114817821,0.640428781509399,0.0100724697113037,5,15,11,FALSE,TRUE,TRUE,0.925897422981968,0.961307195401355
18,1633000,"1968-06-15",96,0.914285714285714,1.01006802721088,1968,6,15,"Summer",0.898999471865784,0.956243114817821,0.640428781509399,0.0100724697113037,5,15,11,FALSE,TRUE,TRUE,0.925897422981968,0.961307195401355
19,1633000,"1969-05-15",91,0.947916666666667,1.00716145833333,1969,5,15,"Spring",0.962038717685933,0.963087758759156,0.300427138805389,0.232248723506927,2,17,16,FALSE,TRUE,TRUE,0.968264557322352,0.706406201942372
19,1633000,"1969-05-16",83,0.912087912087912,0.962202632532303,1969,5,16,"Spring",0.962038717685933,0.963087758759156,0.300427138805389,0.232248723506927,2,17,16,FALSE,TRUE,TRUE,0.968264557322352,0.706406201942372
19,1633000,"1969-05-17",78,0.939759036144578,1.03033822035128,1969,5,17,"Spring",0.962038717685933,0.963087758759156,0.300427138805389,0.232248723506927,2,17,16,FALSE,TRUE,TRUE,0.968264557322352,0.706406201942372
19,1633000,"1969-05-18",73,0.935897435897436,0.995890861275477,1969,5,18,"Spring",0.962038717685933,0.963087758759156,0.300427138805389,0.232248723506927,2,17,16,FALSE,TRUE,TRUE,0.968264557322352,0.706406201942372
19,1633000,"1969-05-19",78,1.06849315068493,1.14167761306061,1969,5,19,"Spring",0.962038717685933,0.963087758759156,0.300427138805389,0.232248723506927,2,17,16,FALSE,TRUE,TRUE,0.968264557322352,0.706406201942372
19,1633000,"1969-05-20",83,1.06410256410256,0.995890861275477,1969,5,20,"Spring",0.962038717685933,0.963087758759156,0.300427138805389,0.232248723506927,2,17,16,FALSE,TRUE,TRUE,0.968264557322352,0.706406201942372
19,1633000,"1969-05-21",76,0.91566265060241,0.86050224996371,1969,5,21,"Spring",0.962038717685933,0.963087758759156,0.300427138805389,0.232248723506927,2,17,16,FALSE,TRUE,TRUE,0.968264557322352,0.706406201942372
19,1633000,"1969-05-22",69,0.907894736842105,0.991516620498615,1969,5,22,"Spring",0.962038717685933,0.963087758759156,0.300427138805389,0.232248723506927,2,17,16,FALSE,TRUE,TRUE,0.968264557322352,0.706406201942372
19,1633000,"1969-05-23",64,0.927536231884058,1.02163411048099,1969,5,23,"Spring",0.962038717685933,0.963087758759156,0.300427138805389,0.232248723506927,2,17,16,FALSE,TRUE,TRUE,0.968264557322352,0.706406201942372
19,1633000,"1969-05-24",88,1.375,1.482421875,1969,5,24,"Spring",0.962038717685933,0.963087758759156,0.300427138805389,0.232248723506927,2,17,16,FALSE,TRUE,TRUE,0.968264557322352,0.706406201942372
19,1633000,"1969-05-25",73,0.829545454545455,0.603305785123967,1969,5,25,"Spring",0.962038717685933,0.963087758759156,0.300427138805389,0.232248723506927,2,17,16,FALSE,TRUE,TRUE,0.968264557322352,0.706406201942372
19,1633000,"1969-05-26",66,0.904109589041096,1.08988553199475,1969,5,26,"Spring",0.962038717685933,0.963087758759156,0.300427138805389,0.232248723506927,2,17,16,FALSE,TRUE,TRUE,0.968264557322352,0.706406201942372
19,1633000,"1969-05-27",59,0.893939393939394,0.988751147842057,1969,5,27,"Spring",0.962038717685933,0.963087758759156,0.300427138805389,0.232248723506927,2,17,16,FALSE,TRUE,TRUE,0.968264557322352,0.706406201942372
19,1633000,"1969-05-28",57,0.966101694915254,1.0807239299052,1969,5,28,"Spring",0.962038717685933,0.963087758759156,0.300427138805389,0.232248723506927,2,17,16,FALSE,TRUE,TRUE,0.968264557322352,0.706406201942372
19,1633000,"1969-05-29",53,0.929824561403509,0.962449984610649,1969,5,29,"Spring",0.962038717685933,0.963087758759156,0.300427138805389,0.232248723506927,2,17,16,FALSE,TRUE,TRUE,0.968264557322352,0.706406201942372
19,1633000,"1969-05-30",49,0.924528301886792,0.994304022783909,1969,5,30,"Spring",0.962038717685933,0.963087758759156,0.300427138805389,0.232248723506927,2,17,16,FALSE,TRUE,TRUE,0.968264557322352,0.706406201942372
20,1633000,"1970-05-03",436,1.05825242718447,1.18154397209916,1970,5,3,"Spring",0.926426374393726,0.943435976144099,0.37269139289856,0.00151479244232178,6,17,12,FALSE,TRUE,TRUE,0.939388341815382,0.961795163285681
20,1633000,"1970-05-04",389,0.892201834862385,0.843089807255282,1970,5,4,"Spring",0.926426374393726,0.943435976144099,0.37269139289856,0.00151479244232178,6,17,12,FALSE,TRUE,TRUE,0.939388341815382,0.961795163285681
20,1633000,"1970-05-05",345,0.886889460154242,0.994045770249998,1970,5,5,"Spring",0.926426374393726,0.943435976144099,0.37269139289856,0.00151479244232178,6,17,12,FALSE,TRUE,TRUE,0.939388341815382,0.961795163285681
20,1633000,"1970-05-06",324,0.939130434782609,1.05890359168242,1970,5,6,"Spring",0.926426374393726,0.943435976144099,0.37269139289856,0.00151479244232178,6,17,12,FALSE,TRUE,TRUE,0.939388341815382,0.961795163285681
20,1633000,"1970-05-07",303,0.935185185185185,0.995799039780521,1970,5,7,"Spring",0.926426374393726,0.943435976144099,0.37269139289856,0.00151479244232178,6,17,12,FALSE,TRUE,TRUE,0.939388341815382,0.961795163285681
20,1633000,"1970-05-08",282,0.930693069306931,0.995196549357906,1970,5,8,"Spring",0.926426374393726,0.943435976144099,0.37269139289856,0.00151479244232178,6,17,12,FALSE,TRUE,TRUE,0.939388341815382,0.961795163285681
20,1633000,"1970-05-09",263,0.932624113475177,1.00207484532971,1970,5,9,"Spring",0.926426374393726,0.943435976144099,0.37269139289856,0.00151479244232178,6,17,12,FALSE,TRUE,TRUE,0.939388341815382,0.961795163285681
20,1633000,"1970-05-10",244,0.927756653992395,0.994780898957626,1970,5,10,"Spring",0.926426374393726,0.943435976144099,0.37269139289856,0.00151479244232178,6,17,12,FALSE,TRUE,TRUE,0.939388341815382,0.961795163285681
20,1633000,"1970-05-11",244,1,1.07786885245902,1970,5,11,"Spring",0.926426374393726,0.943435976144099,0.37269139289856,0.00151479244232178,6,17,12,FALSE,TRUE,TRUE,0.939388341815382,0.961795163285681
20,1633000,"1970-05-12",229,0.938524590163934,0.938524590163934,1970,5,12,"Spring",0.926426374393726,0.943435976144099,0.37269139289856,0.00151479244232178,6,17,12,FALSE,TRUE,TRUE,0.939388341815382,0.961795163285681
20,1633000,"1970-05-13",222,0.96943231441048,1.03293224766881,1970,5,13,"Spring",0.926426374393726,0.943435976144099,0.37269139289856,0.00151479244232178,6,17,12,FALSE,TRUE,TRUE,0.939388341815382,0.961795163285681
20,1633000,"1970-05-14",214,0.963963963963964,0.994359224088954,1970,5,14,"Spring",0.926426374393726,0.943435976144099,0.37269139289856,0.00151479244232178,6,17,12,FALSE,TRUE,TRUE,0.939388341815382,0.961795163285681
21,1633000,"1971-04-17",366,0.940874035989717,1.0545529040913,1971,4,17,"Spring",0.93042352249983,0.94021506688705,0.346494913101196,0.00146663188934326,6,20,15,FALSE,TRUE,TRUE,0.948239686010634,0.961815587930237
21,1633000,"1971-04-18",345,0.942622950819672,1.0018588193138,1971,4,18,"Spring",0.93042352249983,0.94021506688705,0.346494913101196,0.00146663188934326,6,20,15,FALSE,TRUE,TRUE,0.948239686010634,0.961815587930237
21,1633000,"1971-04-19",303,0.878260869565217,0.9317202268431,1971,4,19,"Spring",0.93042352249983,0.94021506688705,0.346494913101196,0.00146663188934326,6,20,15,FALSE,TRUE,TRUE,0.948239686010634,0.961815587930237
21,1633000,"1971-04-20",263,0.867986798679868,0.988301800477077,1971,4,20,"Spring",0.93042352249983,0.94021506688705,0.346494913101196,0.00146663188934326,6,20,15,FALSE,TRUE,TRUE,0.948239686010634,0.961815587930237
21,1633000,"1971-04-21",263,1,1.15209125475285,1971,4,21,"Spring",0.93042352249983,0.94021506688705,0.346494913101196,0.00146663188934326,6,20,15,FALSE,TRUE,TRUE,0.948239686010634,0.961815587930237
21,1633000,"1971-04-22",263,1,1,1971,4,22,"Spring",0.93042352249983,0.94021506688705,0.346494913101196,0.00146663188934326,6,20,15,FALSE,TRUE,TRUE,0.948239686010634,0.961815587930237
21,1633000,"1971-04-23",244,0.927756653992395,0.927756653992395,1971,4,23,"Spring",0.93042352249983,0.94021506688705,0.346494913101196,0.00146663188934326,6,20,15,FALSE,TRUE,TRUE,0.948239686010634,0.961815587930237
21,1633000,"1971-04-24",229,0.938524590163934,1.01160642300457,1971,4,24,"Spring",0.93042352249983,0.94021506688705,0.346494913101196,0.00146663188934326,6,20,15,FALSE,TRUE,TRUE,0.948239686010634,0.961815587930237
21,1633000,"1971-04-25",218,0.951965065502183,1.01432085581892,1971,4,25,"Spring",0.93042352249983,0.94021506688705,0.346494913101196,0.00146663188934326,6,20,15,FALSE,TRUE,TRUE,0.948239686010634,0.961815587930237
21,1633000,"1971-04-26",207,0.94954128440367,0.997453918020369,1971,4,26,"Spring",0.93042352249983,0.94021506688705,0.346494913101196,0.00146663188934326,6,20,15,FALSE,TRUE,TRUE,0.948239686010634,0.961815587930237
21,1633000,"1971-04-27",186,0.898550724637681,0.946299796961423,1971,4,27,"Spring",0.93042352249983,0.94021506688705,0.346494913101196,0.00146663188934326,6,20,15,FALSE,TRUE,TRUE,0.948239686010634,0.961815587930237
21,1633000,"1971-04-28",193,1.03763440860215,1.1547866805411,1971,4,28,"Spring",0.93042352249983,0.94021506688705,0.346494913101196,0.00146663188934326,6,20,15,FALSE,TRUE,TRUE,0.948239686010634,0.961815587930237
21,1633000,"1971-04-29",186,0.963730569948187,0.928776611452656,1971,4,29,"Spring",0.93042352249983,0.94021506688705,0.346494913101196,0.00146663188934326,6,20,15,FALSE,TRUE,TRUE,0.948239686010634,0.961815587930237
21,1633000,"1971-04-30",176,0.946236559139785,0.981847612440745,1971,4,30,"Spring",0.93042352249983,0.94021506688705,0.346494913101196,0.00146663188934326,6,20,15,FALSE,TRUE,TRUE,0.948239686010634,0.961815587930237
21,1633000,"1971-05-01",166,0.943181818181818,0.996771694214876,1971,5,1,"Spring",0.93042352249983,0.94021506688705,0.346494913101196,0.00146663188934326,6,20,15,FALSE,TRUE,TRUE,0.948239686010634,0.961815587930237
22,1633000,"1971-11-09",214,0.946902654867257,1.02231968047615,1971,11,9,"Fall",0.971603110584368,0.902298110213971,0.700180292129517,0.700180292129517,1,19,19,FALSE,TRUE,TRUE,0.974719510788891,0.818744414682171
22,1633000,"1971-11-10",211,0.985981308411215,1.04126997991091,1971,11,10,"Fall",0.971603110584368,0.902298110213971,0.700180292129517,0.700180292129517,1,19,19,FALSE,TRUE,TRUE,0.974719510788891,0.818744414682171
22,1633000,"1971-11-11",200,0.947867298578199,0.961344084813908,1971,11,11,"Fall",0.971603110584368,0.902298110213971,0.700180292129517,0.700180292129517,1,19,19,FALSE,TRUE,TRUE,0.974719510788891,0.818744414682171
22,1633000,"1971-11-12",190,0.95,1.00225,1971,11,12,"Fall",0.971603110584368,0.902298110213971,0.700180292129517,0.700180292129517,1,19,19,FALSE,TRUE,TRUE,0.974719510788891,0.818744414682171
22,1633000,"1971-11-13",182,0.957894736842105,1.00831024930748,1971,11,13,"Fall",0.971603110584368,0.902298110213971,0.700180292129517,0.700180292129517,1,19,19,FALSE,TRUE,TRUE,0.974719510788891,0.818744414682171
22,1633000,"1971-11-14",176,0.967032967032967,1.00953991063881,1971,11,14,"Fall",0.971603110584368,0.902298110213971,0.700180292129517,0.700180292129517,1,19,19,FALSE,TRUE,TRUE,0.974719510788891,0.818744414682171
22,1633000,"1971-11-15",172,0.977272727272727,1.01058884297521,1971,11,15,"Fall",0.971603110584368,0.902298110213971,0.700180292129517,0.700180292129517,1,19,19,FALSE,TRUE,TRUE,0.974719510788891,0.818744414682171
22,1633000,"1971-11-16",166,0.965116279069767,0.987560843699297,1971,11,16,"Fall",0.971603110584368,0.902298110213971,0.700180292129517,0.700180292129517,1,19,19,FALSE,TRUE,TRUE,0.974719510788891,0.818744414682171
22,1633000,"1971-11-17",159,0.957831325301205,0.992451734649441,1971,11,17,"Fall",0.971603110584368,0.902298110213971,0.700180292129517,0.700180292129517,1,19,19,FALSE,TRUE,TRUE,0.974719510788891,0.818744414682171
22,1633000,"1971-11-18",153,0.962264150943396,1.00462798148807,1971,11,18,"Fall",0.971603110584368,0.902298110213971,0.700180292129517,0.700180292129517,1,19,19,FALSE,TRUE,TRUE,0.974719510788891,0.818744414682171
22,1633000,"1971-11-19",150,0.980392156862745,1.01883890811226,1971,11,19,"Fall",0.971603110584368,0.902298110213971,0.700180292129517,0.700180292129517,1,19,19,FALSE,TRUE,TRUE,0.974719510788891,0.818744414682171
22,1633000,"1971-11-20",146,0.973333333333333,0.9928,1971,11,20,"Fall",0.971603110584368,0.902298110213971,0.700180292129517,0.700180292129517,1,19,19,FALSE,TRUE,TRUE,0.974719510788891,0.818744414682171
22,1633000,"1971-11-21",140,0.958904109589041,0.985175455057234,1971,11,21,"Fall",0.971603110584368,0.902298110213971,0.700180292129517,0.700180292129517,1,19,19,FALSE,TRUE,TRUE,0.974719510788891,0.818744414682171
22,1633000,"1971-11-22",137,0.978571428571429,1.02051020408163,1971,11,22,"Fall",0.971603110584368,0.902298110213971,0.700180292129517,0.700180292129517,1,19,19,FALSE,TRUE,TRUE,0.974719510788891,0.818744414682171
22,1633000,"1971-11-23",131,0.956204379562044,0.977143161596249,1971,11,23,"Fall",0.971603110584368,0.902298110213971,0.700180292129517,0.700180292129517,1,19,19,FALSE,TRUE,TRUE,0.974719510788891,0.818744414682171
22,1633000,"1971-11-24",125,0.954198473282443,0.997902220150341,1971,11,24,"Fall",0.971603110584368,0.902298110213971,0.700180292129517,0.700180292129517,1,19,19,FALSE,TRUE,TRUE,0.974719510788891,0.818744414682171
22,1633000,"1971-11-25",156,1.248,1.307904,1971,11,25,"Fall",0.971603110584368,0.902298110213971,0.700180292129517,0.700180292129517,1,19,19,FALSE,TRUE,TRUE,0.974719510788891,0.818744414682171
22,1633000,"1971-11-26",146,0.935897435897436,0.74991781722551,1971,11,26,"Fall",0.971603110584368,0.902298110213971,0.700180292129517,0.700180292129517,1,19,19,FALSE,TRUE,TRUE,0.974719510788891,0.818744414682171
22,1633000,"1971-11-27",140,0.958904109589041,1.02458247325952,1971,11,27,"Fall",0.971603110584368,0.902298110213971,0.700180292129517,0.700180292129517,1,19,19,FALSE,TRUE,TRUE,0.974719510788891,0.818744414682171
23,1633000,"1974-05-20",283,0.868098159509202,0.987927660054951,1974,5,20,"Spring",0.923315608949401,0.98452409733563,0.945329904556274,0.228439807891846,3,14,12,FALSE,TRUE,TRUE,0.928495403387426,0.991841569455463
23,1633000,"1974-05-21",250,0.88339222614841,1.01761790008615,1974,5,21,"Spring",0.923315608949401,0.98452409733563,0.945329904556274,0.228439807891846,3,14,12,FALSE,TRUE,TRUE,0.928495403387426,0.991841569455463
23,1633000,"1974-05-22",238,0.952,1.077664,1974,5,22,"Spring",0.923315608949401,0.98452409733563,0.945329904556274,0.228439807891846,3,14,12,FALSE,TRUE,TRUE,0.928495403387426,0.991841569455463
23,1633000,"1974-05-23",230,0.966386554621849,1.01511192712379,1974,5,23,"Spring",0.923315608949401,0.98452409733563,0.945329904556274,0.228439807891846,3,14,12,FALSE,TRUE,TRUE,0.928495403387426,0.991841569455463
23,1633000,"1974-05-24",214,0.930434782608696,0.962797731568998,1974,5,24,"Spring",0.923315608949401,0.98452409733563,0.945329904556274,0.228439807891846,3,14,12,FALSE,TRUE,TRUE,0.928495403387426,0.991841569455463
23,1633000,"1974-05-25",188,0.878504672897196,0.944187265263342,1974,5,25,"Spring",0.923315608949401,0.98452409733563,0.945329904556274,0.228439807891846,3,14,12,FALSE,TRUE,TRUE,0.928495403387426,0.991841569455463
23,1633000,"1974-05-26",177,0.941489361702128,1.07169533725668,1974,5,26,"Spring",0.923315608949401,0.98452409733563,0.945329904556274,0.228439807891846,3,14,12,FALSE,TRUE,TRUE,0.928495403387426,0.991841569455463
23,1633000,"1974-05-27",170,0.96045197740113,1.02014108334131,1974,5,27,"Spring",0.923315608949401,0.98452409733563,0.945329904556274,0.228439807891846,3,14,12,FALSE,TRUE,TRUE,0.928495403387426,0.991841569455463
23,1633000,"1974-05-28",157,0.923529411764706,0.961557093425606,1974,5,28,"Spring",0.923315608949401,0.98452409733563,0.945329904556274,0.228439807891846,3,14,12,FALSE,TRUE,TRUE,0.928495403387426,0.991841569455463
23,1633000,"1974-05-29",147,0.936305732484076,1.01383423262607,1974,5,29,"Spring",0.923315608949401,0.98452409733563,0.945329904556274,0.228439807891846,3,14,12,FALSE,TRUE,TRUE,0.928495403387426,0.991841569455463
23,1633000,"1974-05-30",132,0.897959183673469,0.959044842426767,1974,5,30,"Spring",0.923315608949401,0.98452409733563,0.945329904556274,0.228439807891846,3,14,12,FALSE,TRUE,TRUE,0.928495403387426,0.991841569455463
23,1633000,"1974-05-31",120,0.909090909090909,1.01239669421488,1974,5,31,"Spring",0.923315608949401,0.98452409733563,0.945329904556274,0.228439807891846,3,14,12,FALSE,TRUE,TRUE,0.928495403387426,0.991841569455463
24,1633000,"1974-07-09",135,0.9375,0.99609375,1974,7,9,"Summer",0.921143032334524,0.932299938101422,0.465512216091156,0.198210641741753,7,15,9,FALSE,TRUE,TRUE,0.886816116114445,0.966965620762661
24,1633000,"1974-07-10",123,0.911111111111111,0.971851851851852,1974,7,10,"Summer",0.921143032334524,0.932299938101422,0.465512216091156,0.198210641741753,7,15,9,FALSE,TRUE,TRUE,0.886816116114445,0.966965620762661
24,1633000,"1974-07-11",114,0.926829268292683,1.01725163593099,1974,7,11,"Summer",0.921143032334524,0.932299938101422,0.465512216091156,0.198210641741753,7,15,9,FALSE,TRUE,TRUE,0.886816116114445,0.966965620762661
24,1633000,"1974-07-12",106,0.929824561403509,1.00323176361958,1974,7,12,"Summer",0.921143032334524,0.932299938101422,0.465512216091156,0.198210641741753,7,15,9,FALSE,TRUE,TRUE,0.886816116114445,0.966965620762661
24,1633000,"1974-07-13",98,0.924528301886792,0.994304022783909,1974,7,13,"Summer",0.921143032334524,0.932299938101422,0.465512216091156,0.198210641741753,7,15,9,FALSE,TRUE,TRUE,0.886816116114445,0.966965620762661
24,1633000,"1974-07-14",82,0.836734693877551,0.905039566847147,1974,7,14,"Summer",0.921143032334524,0.932299938101422,0.465512216091156,0.198210641741753,7,15,9,FALSE,TRUE,TRUE,0.886816116114445,0.966965620762661
24,1633000,"1974-07-15",64,0.780487804878049,0.932778108268888,1974,7,15,"Summer",0.921143032334524,0.932299938101422,0.465512216091156,0.198210641741753,7,15,9,FALSE,TRUE,TRUE,0.886816116114445,0.966965620762661
24,1633000,"1974-07-16",59,0.921875,1.18115234375,1974,7,16,"Summer",0.921143032334524,0.932299938101422,0.465512216091156,0.198210641741753,7,15,9,FALSE,TRUE,TRUE,0.886816116114445,0.966965620762661
24,1633000,"1974-07-17",55,0.932203389830508,1.01120367710428,1974,7,17,"Summer",0.921143032334524,0.932299938101422,0.465512216091156,0.198210641741753,7,15,9,FALSE,TRUE,TRUE,0.886816116114445,0.966965620762661
25,1633000,"1975-10-07",150,0.882352941176471,0.986159169550173,1975,10,7,"Fall",0.925134125401857,0.972659143399781,0.465512275695801,0.00256562232971191,5,13,9,FALSE,TRUE,TRUE,0.934631206439077,0.984770428119034
25,1633000,"1975-10-08",144,0.96,1.088,1975,10,8,"Fall",0.925134125401857,0.972659143399781,0.465512275695801,0.00256562232971191,5,13,9,FALSE,TRUE,TRUE,0.934631206439077,0.984770428119034
25,1633000,"1975-10-09",135,0.9375,0.9765625,1975,10,9,"Fall",0.925134125401857,0.972659143399781,0.465512275695801,0.00256562232971191,5,13,9,FALSE,TRUE,TRUE,0.934631206439077,0.984770428119034
25,1633000,"1975-10-10",125,0.925925925925926,0.987654320987654,1975,10,10,"Fall",0.925134125401857,0.972659143399781,0.465512275695801,0.00256562232971191,5,13,9,FALSE,TRUE,TRUE,0.934631206439077,0.984770428119034
25,1633000,"1975-10-11",110,0.88,0.9504,1975,10,11,"Fall",0.925134125401857,0.972659143399781,0.465512275695801,0.00256562232971191,5,13,9,FALSE,TRUE,TRUE,0.934631206439077,0.984770428119034
25,1633000,"1975-10-12",106,0.963636363636364,1.09504132231405,1975,10,12,"Fall",0.925134125401857,0.972659143399781,0.465512275695801,0.00256562232971191,5,13,9,FALSE,TRUE,TRUE,0.934631206439077,0.984770428119034
25,1633000,"1975-10-13",100,0.943396226415094,0.978996084015664,1975,10,13,"Fall",0.925134125401857,0.972659143399781,0.465512275695801,0.00256562232971191,5,13,9,FALSE,TRUE,TRUE,0.934631206439077,0.984770428119034
25,1633000,"1975-10-14",95,0.95,1.007,1975,10,14,"Fall",0.925134125401857,0.972659143399781,0.465512275695801,0.00256562232971191,5,13,9,FALSE,TRUE,TRUE,0.934631206439077,0.984770428119034
25,1633000,"1975-10-15",90,0.947368421052632,0.997229916897507,1975,10,15,"Fall",0.925134125401857,0.972659143399781,0.465512275695801,0.00256562232971191,5,13,9,FALSE,TRUE,TRUE,0.934631206439077,0.984770428119034
26,1633000,"1975-11-21",330,0.942857142857143,1.03714285714286,1975,11,21,"Fall",0.943093610545112,0.977317701592596,0.302274703979492,0.00550317764282227,4,20,17,FALSE,TRUE,TRUE,0.941792925764259,0.985375251204736
26,1633000,"1975-11-22",320,0.96969696969697,1.02846648301194,1975,11,22,"Fall",0.943093610545112,0.977317701592596,0.302274703979492,0.00550317764282227,4,20,17,FALSE,TRUE,TRUE,0.941792925764259,0.985375251204736
26,1633000,"1975-11-23",305,0.953125,0.98291015625,1975,11,23,"Fall",0.943093610545112,0.977317701592596,0.302274703979492,0.00550317764282227,4,20,17,FALSE,TRUE,TRUE,0.941792925764259,0.985375251204736
26,1633000,"1975-11-24",275,0.901639344262295,0.945982262832572,1975,11,24,"Fall",0.943093610545112,0.977317701592596,0.302274703979492,0.00550317764282227,4,20,17,FALSE,TRUE,TRUE,0.941792925764259,0.985375251204736
26,1633000,"1975-11-25",250,0.909090909090909,1.00826446280992,1975,11,25,"Fall",0.943093610545112,0.977317701592596,0.302274703979492,0.00550317764282227,4,20,17,FALSE,TRUE,TRUE,0.941792925764259,0.985375251204736
26,1633000,"1975-11-26",230,0.92,1.012,1975,11,26,"Fall",0.943093610545112,0.977317701592596,0.302274703979492,0.00550317764282227,4,20,17,FALSE,TRUE,TRUE,0.941792925764259,0.985375251204736
26,1633000,"1975-11-27",215,0.934782608695652,1.01606805293006,1975,11,27,"Fall",0.943093610545112,0.977317701592596,0.302274703979492,0.00550317764282227,4,20,17,FALSE,TRUE,TRUE,0.941792925764259,0.985375251204736
26,1633000,"1975-11-28",200,0.930232558139535,0.995132504056247,1975,11,28,"Fall",0.943093610545112,0.977317701592596,0.302274703979492,0.00550317764282227,4,20,17,FALSE,TRUE,TRUE,0.941792925764259,0.985375251204736
26,1633000,"1975-11-29",190,0.95,1.02125,1975,11,29,"Fall",0.943093610545112,0.977317701592596,0.302274703979492,0.00550317764282227,4,20,17,FALSE,TRUE,TRUE,0.941792925764259,0.985375251204736
26,1633000,"1975-11-30",185,0.973684210526316,1.02493074792244,1975,11,30,"Fall",0.943093610545112,0.977317701592596,0.302274703979492,0.00550317764282227,4,20,17,FALSE,TRUE,TRUE,0.941792925764259,0.985375251204736
26,1633000,"1975-12-01",175,0.945945945945946,0.971512052593134,1975,12,1,"Winter",0.943093610545112,0.977317701592596,0.302274703979492,0.00550317764282227,4,20,17,FALSE,TRUE,TRUE,0.941792925764259,0.985375251204736
26,1633000,"1975-12-02",165,0.942857142857143,0.996734693877551,1975,12,2,"Winter",0.943093610545112,0.977317701592596,0.302274703979492,0.00550317764282227,4,20,17,FALSE,TRUE,TRUE,0.941792925764259,0.985375251204736
26,1633000,"1975-12-03",160,0.96969696969697,1.02846648301194,1975,12,3,"Winter",0.943093610545112,0.977317701592596,0.302274703979492,0.00550317764282227,4,20,17,FALSE,TRUE,TRUE,0.941792925764259,0.985375251204736
26,1633000,"1975-12-04",150,0.9375,0.966796875,1975,12,4,"Winter",0.943093610545112,0.977317701592596,0.302274703979492,0.00550317764282227,4,20,17,FALSE,TRUE,TRUE,0.941792925764259,0.985375251204736
26,1633000,"1975-12-05",140,0.933333333333333,0.995555555555556,1975,12,5,"Winter",0.943093610545112,0.977317701592596,0.302274703979492,0.00550317764282227,4,20,17,FALSE,TRUE,TRUE,0.941792925764259,0.985375251204736
26,1633000,"1975-12-06",135,0.964285714285714,1.03316326530612,1975,12,6,"Winter",0.943093610545112,0.977317701592596,0.302274703979492,0.00550317764282227,4,20,17,FALSE,TRUE,TRUE,0.941792925764259,0.985375251204736
26,1633000,"1975-12-07",130,0.962962962962963,0.998628257887517,1975,12,7,"Winter",0.943093610545112,0.977317701592596,0.302274703979492,0.00550317764282227,4,20,17,FALSE,TRUE,TRUE,0.941792925764259,0.985375251204736
27,1633000,"1976-02-24",400,0.833333333333333,1.02430555555556,1976,2,24,"Winter",0.970358724692661,0.905904576875697,0.428480446338654,0.428480446338654,1,15,15,FALSE,TRUE,TRUE,0.971090874245995,0.904916892075511
27,1633000,"1976-02-25",330,0.825,0.99,1976,2,25,"Winter",0.970358724692661,0.905904576875697,0.428480446338654,0.428480446338654,1,15,15,FALSE,TRUE,TRUE,0.971090874245995,0.904916892075511
27,1633000,"1976-02-26",320,0.96969696969697,1.17539026629936,1976,2,26,"Winter",0.970358724692661,0.905904576875697,0.428480446338654,0.428480446338654,1,15,15,FALSE,TRUE,TRUE,0.971090874245995,0.904916892075511
27,1633000,"1976-02-27",310,0.96875,0.9990234375,1976,2,27,"Winter",0.970358724692661,0.905904576875697,0.428480446338654,0.428480446338654,1,15,15,FALSE,TRUE,TRUE,0.971090874245995,0.904916892075511
27,1633000,"1976-02-28",300,0.967741935483871,0.998959417273673,1976,2,28,"Winter",0.970358724692661,0.905904576875697,0.428480446338654,0.428480446338654,1,15,15,FALSE,TRUE,TRUE,0.971090874245995,0.904916892075511
27,1633000,"1976-02-29",295,0.983333333333333,1.01611111111111,1976,2,29,"Winter",0.970358724692661,0.905904576875697,0.428480446338654,0.428480446338654,1,15,15,FALSE,TRUE,TRUE,0.971090874245995,0.904916892075511
27,1633000,"1976-03-01",290,0.983050847457627,0.999712726228095,1976,3,1,"Spring",0.970358724692661,0.905904576875697,0.428480446338654,0.428480446338654,1,15,15,FALSE,TRUE,TRUE,0.971090874245995,0.904916892075511
27,1633000,"1976-03-02",285,0.982758620689655,0.999702734839477,1976,3,2,"Spring",0.970358724692661,0.905904576875697,0.428480446338654,0.428480446338654,1,15,15,FALSE,TRUE,TRUE,0.971090874245995,0.904916892075511
27,1633000,"1976-03-03",280,0.982456140350877,0.999692212988612,1976,3,3,"Spring",0.970358724692661,0.905904576875697,0.428480446338654,0.428480446338654,1,15,15,FALSE,TRUE,TRUE,0.971090874245995,0.904916892075511
27,1633000,"1976-03-04",275,0.982142857142857,0.99968112244898,1976,3,4,"Spring",0.970358724692661,0.905904576875697,0.428480446338654,0.428480446338654,1,15,15,FALSE,TRUE,TRUE,0.971090874245995,0.904916892075511
27,1633000,"1976-03-05",270,0.981818181818182,0.999669421487603,1976,3,5,"Spring",0.970358724692661,0.905904576875697,0.428480446338654,0.428480446338654,1,15,15,FALSE,TRUE,TRUE,0.971090874245995,0.904916892075511
27,1633000,"1976-03-06",260,0.962962962962963,0.98079561042524,1976,3,6,"Spring",0.970358724692661,0.905904576875697,0.428480446338654,0.428480446338654,1,15,15,FALSE,TRUE,TRUE,0.971090874245995,0.904916892075511
27,1633000,"1976-03-07",250,0.961538461538462,0.998520710059172,1976,3,7,"Spring",0.970358724692661,0.905904576875697,0.428480446338654,0.428480446338654,1,15,15,FALSE,TRUE,TRUE,0.971090874245995,0.904916892075511
27,1633000,"1976-03-08",240,0.96,0.9984,1976,3,8,"Spring",0.970358724692661,0.905904576875697,0.428480446338654,0.428480446338654,1,15,15,FALSE,TRUE,TRUE,0.971090874245995,0.904916892075511
27,1633000,"1976-03-09",230,0.958333333333333,0.998263888888889,1976,3,9,"Spring",0.970358724692661,0.905904576875697,0.428480446338654,0.428480446338654,1,15,15,FALSE,TRUE,TRUE,0.971090874245995,0.904916892075511
28,1633000,"1976-11-12",314,0.984326018808777,1.05221057183007,1976,11,12,"Fall",0.957376331967489,0.92256744665585,0.360121607780457,3.33786010742188e-06,10,22,13,FALSE,TRUE,TRUE,0.969640759984952,0.950018237015054
28,1633000,"1976-11-13",302,0.961783439490446,0.977098462412268,1976,11,13,"Fall",0.957376331967489,0.92256744665585,0.360121607780457,3.33786010742188e-06,10,22,13,FALSE,TRUE,TRUE,0.969640759984952,0.950018237015054
28,1633000,"1976-11-14",280,0.927152317880795,0.963992807333012,1976,11,14,"Fall",0.957376331967489,0.92256744665585,0.360121607780457,3.33786010742188e-06,10,22,13,FALSE,TRUE,TRUE,0.969640759984952,0.950018237015054
28,1633000,"1976-11-15",268,0.957142857142857,1.03234693877551,1976,11,15,"Fall",0.957376331967489,0.92256744665585,0.360121607780457,3.33786010742188e-06,10,22,13,FALSE,TRUE,TRUE,0.969640759984952,0.950018237015054
28,1633000,"1976-11-16",256,0.955223880597015,0.99799509913121,1976,11,16,"Fall",0.957376331967489,0.92256744665585,0.360121607780457,3.33786010742188e-06,10,22,13,FALSE,TRUE,TRUE,0.969640759984952,0.950018237015054
28,1633000,"1976-11-17",248,0.96875,1.01416015625,1976,11,17,"Fall",0.957376331967489,0.92256744665585,0.360121607780457,3.33786010742188e-06,10,22,13,FALSE,TRUE,TRUE,0.969640759984952,0.950018237015054
28,1633000,"1976-11-18",240,0.967741935483871,0.998959417273673,1976,11,18,"Fall",0.957376331967489,0.92256744665585,0.360121607780457,3.33786010742188e-06,10,22,13,FALSE,TRUE,TRUE,0.969640759984952,0.950018237015054
28,1633000,"1976-11-19",240,1,1.03333333333333,1976,11,19,"Fall",0.957376331967489,0.92256744665585,0.360121607780457,3.33786010742188e-06,10,22,13,FALSE,TRUE,TRUE,0.969640759984952,0.950018237015054
28,1633000,"1976-11-20",233,0.970833333333333,0.970833333333333,1976,11,20,"Fall",0.957376331967489,0.92256744665585,0.360121607780457,3.33786010742188e-06,10,22,13,FALSE,TRUE,TRUE,0.969640759984952,0.950018237015054
28,1633000,"1976-11-21",229,0.982832618025751,1.01235977822395,1976,11,21,"Fall",0.957376331967489,0.92256744665585,0.360121607780457,3.33786010742188e-06,10,22,13,FALSE,TRUE,TRUE,0.969640759984952,0.950018237015054
28,1633000,"1976-11-22",225,0.982532751091703,0.999694895215576,1976,11,22,"Fall",0.957376331967489,0.92256744665585,0.360121607780457,3.33786010742188e-06,10,22,13,FALSE,TRUE,TRUE,0.969640759984952,0.950018237015054
28,1633000,"1976-11-23",218,0.968888888888889,0.986113580246914,1976,11,23,"Fall",0.957376331967489,0.92256744665585,0.360121607780457,3.33786010742188e-06,10,22,13,FALSE,TRUE,TRUE,0.969640759984952,0.950018237015054
28,1633000,"1976-11-24",210,0.963302752293578,0.994234492046124,1976,11,24,"Fall",0.957376331967489,0.92256744665585,0.360121607780457,3.33786010742188e-06,10,22,13,FALSE,TRUE,TRUE,0.969640759984952,0.950018237015054
30,1633000,"1978-04-02",809,0.825510204081633,0.9771345272803,1978,4,2,"Spring",0.981840401818665,0.282274034412344,0.372443914413452,0.372443914413452,1,32,32,FALSE,TRUE,TRUE,0.988723609268023,0.0941776832026266
30,1633000,"1978-04-03",705,0.871446229913473,1.05564561843659,1978,4,3,"Spring",0.981840401818665,0.282274034412344,0.372443914413452,0.372443914413452,1,32,32,FALSE,TRUE,TRUE,0.988723609268023,0.0941776832026266
30,1633000,"1978-04-04",655,0.929078014184397,1.06613349429103,1978,4,4,"Spring",0.981840401818665,0.282274034412344,0.372443914413452,0.372443914413452,1,32,32,FALSE,TRUE,TRUE,0.988723609268023,0.0941776832026266
30,1633000,"1978-04-05",605,0.923664122137405,0.994172833750947,1978,4,5,"Spring",0.981840401818665,0.282274034412344,0.372443914413452,0.372443914413452,1,32,32,FALSE,TRUE,TRUE,0.988723609268023,0.0941776832026266
30,1633000,"1978-04-06",561,0.927272727272727,1.00390683696469,1978,4,6,"Spring",0.981840401818665,0.282274034412344,0.372443914413452,0.372443914413452,1,32,32,FALSE,TRUE,TRUE,0.988723609268023,0.0941776832026266
30,1633000,"1978-04-07",532,0.948306595365419,1.02268358323722,1978,4,7,"Spring",0.981840401818665,0.282274034412344,0.372443914413452,0.372443914413452,1,32,32,FALSE,TRUE,TRUE,0.988723609268023,0.0941776832026266
30,1633000,"1978-04-08",488,0.917293233082707,0.967296059698117,1978,4,8,"Spring",0.981840401818665,0.282274034412344,0.372443914413452,0.372443914413452,1,32,32,FALSE,TRUE,TRUE,0.988723609268023,0.0941776832026266
30,1633000,"1978-04-09",455,0.932377049180328,1.01644383230314,1978,4,9,"Spring",0.981840401818665,0.282274034412344,0.372443914413452,0.372443914413452,1,32,32,FALSE,TRUE,TRUE,0.988723609268023,0.0941776832026266
30,1633000,"1978-04-10",432,0.949450549450549,1.01831179809202,1978,4,10,"Spring",0.981840401818665,0.282274034412344,0.372443914413452,0.372443914413452,1,32,32,FALSE,TRUE,TRUE,0.988723609268023,0.0941776832026266
30,1633000,"1978-04-11",413,0.956018518518518,1.00691765260631,1978,4,11,"Spring",0.981840401818665,0.282274034412344,0.372443914413452,0.372443914413452,1,32,32,FALSE,TRUE,TRUE,0.988723609268023,0.0941776832026266
30,1633000,"1978-04-12",390,0.944309927360775,0.987752756948801,1978,4,12,"Spring",0.981840401818665,0.282274034412344,0.372443914413452,0.372443914413452,1,32,32,FALSE,TRUE,TRUE,0.988723609268023,0.0941776832026266
30,1633000,"1978-04-13",368,0.943589743589744,0.999237343852728,1978,4,13,"Spring",0.981840401818665,0.282274034412344,0.372443914413452,0.372443914413452,1,32,32,FALSE,TRUE,TRUE,0.988723609268023,0.0941776832026266
30,1633000,"1978-04-14",346,0.940217391304348,0.996426039697543,1978,4,14,"Spring",0.981840401818665,0.282274034412344,0.372443914413452,0.372443914413452,1,32,32,FALSE,TRUE,TRUE,0.988723609268023,0.0941776832026266
30,1633000,"1978-04-15",328,0.947976878612717,1.0082528651141,1978,4,15,"Spring",0.981840401818665,0.282274034412344,0.372443914413452,0.372443914413452,1,32,32,FALSE,TRUE,TRUE,0.988723609268023,0.0941776832026266
30,1633000,"1978-04-16",314,0.957317073170732,1.00985276621059,1978,4,16,"Spring",0.981840401818665,0.282274034412344,0.372443914413452,0.372443914413452,1,32,32,FALSE,TRUE,TRUE,0.988723609268023,0.0941776832026266
30,1633000,"1978-04-17",302,0.961783439490446,1.00466550367155,1978,4,17,"Spring",0.981840401818665,0.282274034412344,0.372443914413452,0.372443914413452,1,32,32,FALSE,TRUE,TRUE,0.988723609268023,0.0941776832026266
30,1633000,"1978-04-18",293,0.970198675496689,1.0087496162449,1978,4,18,"Spring",0.981840401818665,0.282274034412344,0.372443914413452,0.372443914413452,1,32,32,FALSE,TRUE,TRUE,0.988723609268023,0.0941776832026266
30,1633000,"1978-04-19",323,1.10238907849829,1.1362508590665,1978,4,19,"Spring",0.981840401818665,0.282274034412344,0.372443914413452,0.372443914413452,1,32,32,FALSE,TRUE,TRUE,0.988723609268023,0.0941776832026266
30,1633000,"1978-04-20",332,1.02786377708978,0.932396553211475,1978,4,20,"Spring",0.981840401818665,0.282274034412344,0.372443914413452,0.372443914413452,1,32,32,FALSE,TRUE,TRUE,0.988723609268023,0.0941776832026266
30,1633000,"1978-04-21",310,0.933734939759036,0.90842284801858,1978,4,21,"Spring",0.981840401818665,0.282274034412344,0.372443914413452,0.372443914413452,1,32,32,FALSE,TRUE,TRUE,0.988723609268023,0.0941776832026266
30,1633000,"1978-04-22",293,0.945161290322581,1.0122372528616,1978,4,22,"Spring",0.981840401818665,0.282274034412344,0.372443914413452,0.372443914413452,1,32,32,FALSE,TRUE,TRUE,0.988723609268023,0.0941776832026266
30,1633000,"1978-04-23",272,0.928327645051195,0.982189658586588,1978,4,23,"Spring",0.981840401818665,0.282274034412344,0.372443914413452,0.372443914413452,1,32,32,FALSE,TRUE,TRUE,0.988723609268023,0.0941776832026266
30,1633000,"1978-04-24",264,0.970588235294118,1.04552335640138,1978,4,24,"Spring",0.981840401818665,0.282274034412344,0.372443914413452,0.372443914413452,1,32,32,FALSE,TRUE,TRUE,0.988723609268023,0.0941776832026266
30,1633000,"1978-04-25",252,0.954545454545455,0.983471074380165,1978,4,25,"Spring",0.981840401818665,0.282274034412344,0.372443914413452,0.372443914413452,1,32,32,FALSE,TRUE,TRUE,0.988723609268023,0.0941776832026266
30,1633000,"1978-04-26",378,1.5,1.57142857142857,1978,4,26,"Spring",0.981840401818665,0.282274034412344,0.372443914413452,0.372443914413452,1,32,32,FALSE,TRUE,TRUE,0.988723609268023,0.0941776832026266
30,1633000,"1978-04-27",893,2.36243386243386,1.57495590828924,1978,4,27,"Spring",0.981840401818665,0.282274034412344,0.372443914413452,0.372443914413452,1,32,32,FALSE,TRUE,TRUE,0.988723609268023,0.0941776832026266
30,1633000,"1978-04-28",731,0.818589025755879,0.34650240955848,1978,4,28,"Spring",0.981840401818665,0.282274034412344,0.372443914413452,0.372443914413452,1,32,32,FALSE,TRUE,TRUE,0.988723609268023,0.0941776832026266
30,1633000,"1978-04-29",590,0.807113543091655,0.985981387114703,1978,4,29,"Spring",0.981840401818665,0.282274034412344,0.372443914413452,0.372443914413452,1,32,32,FALSE,TRUE,TRUE,0.988723609268023,0.0941776832026266
30,1633000,"1978-04-30",502,0.850847457627119,1.05418557885665,1978,4,30,"Spring",0.981840401818665,0.282274034412344,0.372443914413452,0.372443914413452,1,32,32,FALSE,TRUE,TRUE,0.988723609268023,0.0941776832026266
30,1633000,"1978-05-01",446,0.888446215139442,1.04418977476548,1978,5,1,"Spring",0.981840401818665,0.282274034412344,0.372443914413452,0.372443914413452,1,32,32,FALSE,TRUE,TRUE,0.988723609268023,0.0941776832026266
30,1633000,"1978-05-02",395,0.885650224215247,0.996852942950793,1978,5,2,"Spring",0.981840401818665,0.282274034412344,0.372443914413452,0.372443914413452,1,32,32,FALSE,TRUE,TRUE,0.988723609268023,0.0941776832026266
30,1633000,"1978-05-03",354,0.89620253164557,1.01191475725044,1978,5,3,"Spring",0.981840401818665,0.282274034412344,0.372443914413452,0.372443914413452,1,32,32,FALSE,TRUE,TRUE,0.988723609268023,0.0941776832026266
31,1633000,"1978-05-28",297,0.919504643962848,1.03622195171045,1978,5,28,"Spring",0.939602078249416,0.953222640310742,0.444043636322021,0.00402510166168213,7,22,16,FALSE,TRUE,TRUE,0.951321370241643,0.988238986894431
31,1633000,"1978-05-29",272,0.915824915824916,0.995998140779286,1978,5,29,"Spring",0.939602078249416,0.953222640310742,0.444043636322021,0.00402510166168213,7,22,16,FALSE,TRUE,TRUE,0.951321370241643,0.988238986894431
31,1633000,"1978-05-30",256,0.941176470588235,1.02768166089965,1978,5,30,"Spring",0.939602078249416,0.953222640310742,0.444043636322021,0.00402510166168213,7,22,16,FALSE,TRUE,TRUE,0.951321370241643,0.988238986894431
31,1633000,"1978-05-31",252,0.984375,1.0458984375,1978,5,31,"Spring",0.939602078249416,0.953222640310742,0.444043636322021,0.00402510166168213,7,22,16,FALSE,TRUE,TRUE,0.951321370241643,0.988238986894431
31,1633000,"1978-06-01",233,0.924603174603175,0.939279415469892,1978,6,1,"Summer",0.939602078249416,0.953222640310742,0.444043636322021,0.00402510166168213,7,22,16,FALSE,TRUE,TRUE,0.951321370241643,0.988238986894431
31,1633000,"1978-06-02",214,0.918454935622318,0.99335040247564,1978,6,2,"Summer",0.939602078249416,0.953222640310742,0.444043636322021,0.00402510166168213,7,22,16,FALSE,TRUE,TRUE,0.951321370241643,0.988238986894431
31,1633000,"1978-06-03",207,0.967289719626168,1.05317058258363,1978,6,3,"Summer",0.939602078249416,0.953222640310742,0.444043636322021,0.00402510166168213,7,22,16,FALSE,TRUE,TRUE,0.951321370241643,0.988238986894431
31,1633000,"1978-06-04",210,1.01449275362319,1.04879927186165,1978,6,4,"Summer",0.939602078249416,0.953222640310742,0.444043636322021,0.00402510166168213,7,22,16,FALSE,TRUE,TRUE,0.951321370241643,0.988238986894431
31,1633000,"1978-06-05",192,0.914285714285714,0.901224489795918,1978,6,5,"Summer",0.939602078249416,0.953222640310742,0.444043636322021,0.00402510166168213,7,22,16,FALSE,TRUE,TRUE,0.951321370241643,0.988238986894431
31,1633000,"1978-06-06",178,0.927083333333333,1.01399739583333,1978,6,6,"Summer",0.939602078249416,0.953222640310742,0.444043636322021,0.00402510166168213,7,22,16,FALSE,TRUE,TRUE,0.951321370241643,0.988238986894431
31,1633000,"1978-06-07",167,0.938202247191011,1.01199343517233,1978,6,7,"Summer",0.939602078249416,0.953222640310742,0.444043636322021,0.00402510166168213,7,22,16,FALSE,TRUE,TRUE,0.951321370241643,0.988238986894431
31,1633000,"1978-06-08",167,1,1.06586826347305,1978,6,8,"Summer",0.939602078249416,0.953222640310742,0.444043636322021,0.00402510166168213,7,22,16,FALSE,TRUE,TRUE,0.951321370241643,0.988238986894431
31,1633000,"1978-06-09",164,0.982035928143713,0.982035928143713,1978,6,9,"Summer",0.939602078249416,0.953222640310742,0.444043636322021,0.00402510166168213,7,22,16,FALSE,TRUE,TRUE,0.951321370241643,0.988238986894431
31,1633000,"1978-06-10",150,0.914634146341463,0.931365258774539,1978,6,10,"Summer",0.939602078249416,0.953222640310742,0.444043636322021,0.00402510166168213,7,22,16,FALSE,TRUE,TRUE,0.951321370241643,0.988238986894431
31,1633000,"1978-06-11",143,0.953333333333333,1.04231111111111,1978,6,11,"Summer",0.939602078249416,0.953222640310742,0.444043636322021,0.00402510166168213,7,22,16,FALSE,TRUE,TRUE,0.951321370241643,0.988238986894431
31,1633000,"1978-06-12",136,0.951048951048951,0.997603794806592,1978,6,12,"Summer",0.939602078249416,0.953222640310742,0.444043636322021,0.00402510166168213,7,22,16,FALSE,TRUE,TRUE,0.951321370241643,0.988238986894431
32,1633000,"1978-09-07",178,0.951871657754011,1.05367611312877,1978,9,7,"Fall",0.955637246050072,0.962155726898659,0.624854445457458,0.0828869342803955,3,15,13,FALSE,TRUE,TRUE,0.963056524781929,0.967195039501033
32,1633000,"1978-09-08",164,0.921348314606742,0.967933341749779,1978,9,8,"Fall",0.955637246050072,0.962155726898659,0.624854445457458,0.0828869342803955,3,15,13,FALSE,TRUE,TRUE,0.963056524781929,0.967195039501033
32,1633000,"1978-09-09",157,0.957317073170732,1.03903926234384,1978,9,9,"Fall",0.955637246050072,0.962155726898659,0.624854445457458,0.0828869342803955,3,15,13,FALSE,TRUE,TRUE,0.963056524781929,0.967195039501033
32,1633000,"1978-09-10",147,0.936305732484076,0.97805184794515,1978,9,10,"Fall",0.955637246050072,0.962155726898659,0.624854445457458,0.0828869342803955,3,15,13,FALSE,TRUE,TRUE,0.963056524781929,0.967195039501033
32,1633000,"1978-09-11",140,0.952380952380952,1.01716877227081,1978,9,11,"Fall",0.955637246050072,0.962155726898659,0.624854445457458,0.0828869342803955,3,15,13,FALSE,TRUE,TRUE,0.963056524781929,0.967195039501033
32,1633000,"1978-09-12",136,0.971428571428571,1.02,1978,9,12,"Fall",0.955637246050072,0.962155726898659,0.624854445457458,0.0828869342803955,3,15,13,FALSE,TRUE,TRUE,0.963056524781929,0.967195039501033
32,1633000,"1978-09-13",136,1,1.02941176470588,1978,9,13,"Fall",0.955637246050072,0.962155726898659,0.624854445457458,0.0828869342803955,3,15,13,FALSE,TRUE,TRUE,0.963056524781929,0.967195039501033
32,1633000,"1978-09-14",130,0.955882352941177,0.955882352941177,1978,9,14,"Fall",0.955637246050072,0.962155726898659,0.624854445457458,0.0828869342803955,3,15,13,FALSE,TRUE,TRUE,0.963056524781929,0.967195039501033
32,1633000,"1978-09-15",127,0.976923076923077,1.02201183431953,1978,9,15,"Fall",0.955637246050072,0.962155726898659,0.624854445457458,0.0828869342803955,3,15,13,FALSE,TRUE,TRUE,0.963056524781929,0.967195039501033
32,1633000,"1978-09-16",121,0.952755905511811,0.975261950523901,1978,9,16,"Fall",0.955637246050072,0.962155726898659,0.624854445457458,0.0828869342803955,3,15,13,FALSE,TRUE,TRUE,0.963056524781929,0.967195039501033
32,1633000,"1978-09-17",121,1,1.0495867768595,1978,9,17,"Fall",0.955637246050072,0.962155726898659,0.624854445457458,0.0828869342803955,3,15,13,FALSE,TRUE,TRUE,0.963056524781929,0.967195039501033
32,1633000,"1978-09-18",114,0.942148760330578,0.942148760330578,1978,9,18,"Fall",0.955637246050072,0.962155726898659,0.624854445457458,0.0828869342803955,3,15,13,FALSE,TRUE,TRUE,0.963056524781929,0.967195039501033
32,1633000,"1978-09-19",105,0.921052631578947,0.977608494921514,1978,9,19,"Fall",0.955637246050072,0.962155726898659,0.624854445457458,0.0828869342803955,3,15,13,FALSE,TRUE,TRUE,0.963056524781929,0.967195039501033
33,1633000,"1979-10-20",618,0.922388059701493,1.03527734462018,1979,10,20,"Fall",0.936305498995944,0.928351704919235,0.360121607780457,0.000858426094055176,6,18,13,FALSE,TRUE,TRUE,0.949636493647097,0.970797469705613
33,1633000,"1979-10-21",572,0.925566343042071,1.00344571171228,1979,10,21,"Fall",0.936305498995944,0.928351704919235,0.360121607780457,0.000858426094055176,6,18,13,FALSE,TRUE,TRUE,0.949636493647097,0.970797469705613
33,1633000,"1979-10-22",532,0.93006993006993,1.00486576360702,1979,10,22,"Fall",0.936305498995944,0.928351704919235,0.360121607780457,0.000858426094055176,6,18,13,FALSE,TRUE,TRUE,0.949636493647097,0.970797469705613
33,1633000,"1979-10-23",522,0.981203007518797,1.05497766973826,1979,10,23,"Fall",0.936305498995944,0.928351704919235,0.360121607780457,0.000858426094055176,6,18,13,FALSE,TRUE,TRUE,0.949636493647097,0.970797469705613
33,1633000,"1979-10-24",552,1.05747126436782,1.07772933456643,1979,10,24,"Fall",0.936305498995944,0.928351704919235,0.360121607780457,0.000858426094055176,6,18,13,FALSE,TRUE,TRUE,0.949636493647097,0.970797469705613
33,1633000,"1979-10-25",497,0.90036231884058,0.851429584120983,1979,10,25,"Fall",0.936305498995944,0.928351704919235,0.360121607780457,0.000858426094055176,6,18,13,FALSE,TRUE,TRUE,0.949636493647097,0.970797469705613
33,1633000,"1979-10-26",447,0.899396378269618,0.998927164597241,1979,10,26,"Fall",0.936305498995944,0.928351704919235,0.360121607780457,0.000858426094055176,6,18,13,FALSE,TRUE,TRUE,0.949636493647097,0.970797469705613
33,1633000,"1979-10-27",418,0.935123042505593,1.03972293540331,1979,10,27,"Fall",0.936305498995944,0.928351704919235,0.360121607780457,0.000858426094055176,6,18,13,FALSE,TRUE,TRUE,0.949636493647097,0.970797469705613
33,1633000,"1979-10-28",408,0.976076555023923,1.04379478491793,1979,10,28,"Fall",0.936305498995944,0.928351704919235,0.360121607780457,0.000858426094055176,6,18,13,FALSE,TRUE,TRUE,0.949636493647097,0.970797469705613
33,1633000,"1979-10-29",389,0.95343137254902,0.976799788542868,1979,10,29,"Fall",0.936305498995944,0.928351704919235,0.360121607780457,0.000858426094055176,6,18,13,FALSE,TRUE,TRUE,0.949636493647097,0.970797469705613
33,1633000,"1979-10-30",366,0.940874035989717,0.986829323094613,1979,10,30,"Fall",0.936305498995944,0.928351704919235,0.360121607780457,0.000858426094055176,6,18,13,FALSE,TRUE,TRUE,0.949636493647097,0.970797469705613
33,1633000,"1979-10-31",348,0.950819672131147,1.01057063513392,1979,10,31,"Fall",0.936305498995944,0.928351704919235,0.360121607780457,0.000858426094055176,6,18,13,FALSE,TRUE,TRUE,0.949636493647097,0.970797469705613
33,1633000,"1979-11-01",330,0.948275862068966,0.997324613555291,1979,11,1,"Fall",0.936305498995944,0.928351704919235,0.360121607780457,0.000858426094055176,6,18,13,FALSE,TRUE,TRUE,0.949636493647097,0.970797469705613
34,1633000,"1980-06-18",170,0.96045197740113,0.998435953908519,1980,6,18,"Summer",0.970293025828069,0.96497117428549,0.322299718856812,0.322299718856812,1,15,15,FALSE,TRUE,TRUE,0.970633077266895,0.966729941214664
34,1633000,"1980-06-19",164,0.964705882352941,1.00442906574394,1980,6,19,"Summer",0.970293025828069,0.96497117428549,0.322299718856812,0.322299718856812,1,15,15,FALSE,TRUE,TRUE,0.970633077266895,0.966729941214664
34,1633000,"1980-06-20",153,0.932926829268293,0.967058298631767,1980,6,20,"Summer",0.970293025828069,0.96497117428549,0.322299718856812,0.322299718856812,1,15,15,FALSE,TRUE,TRUE,0.970633077266895,0.966729941214664
34,1633000,"1980-06-21",144,0.941176470588235,1.00884275278739,1980,6,21,"Summer",0.970293025828069,0.96497117428549,0.322299718856812,0.322299718856812,1,15,15,FALSE,TRUE,TRUE,0.970633077266895,0.966729941214664
34,1633000,"1980-06-22",141,0.979166666666667,1.04036458333333,1980,6,22,"Summer",0.970293025828069,0.96497117428549,0.322299718856812,0.322299718856812,1,15,15,FALSE,TRUE,TRUE,0.970633077266895,0.966729941214664
34,1633000,"1980-06-23",135,0.957446808510638,0.977818017202354,1980,6,23,"Summer",0.970293025828069,0.96497117428549,0.322299718856812,0.322299718856812,1,15,15,FALSE,TRUE,TRUE,0.970633077266895,0.966729941214664
34,1633000,"1980-06-24",132,0.977777777777778,1.02123456790123,1980,6,24,"Summer",0.970293025828069,0.96497117428549,0.322299718856812,0.322299718856812,1,15,15,FALSE,TRUE,TRUE,0.970633077266895,0.966729941214664
34,1633000,"1980-06-25",129,0.977272727272727,0.99948347107438,1980,6,25,"Summer",0.970293025828069,0.96497117428549,0.322299718856812,0.322299718856812,1,15,15,FALSE,TRUE,TRUE,0.970633077266895,0.966729941214664
34,1633000,"1980-06-26",129,1,1.02325581395349,1980,6,26,"Summer",0.970293025828069,0.96497117428549,0.322299718856812,0.322299718856812,1,15,15,FALSE,TRUE,TRUE,0.970633077266895,0.966729941214664
34,1633000,"1980-06-27",126,0.976744186046512,0.976744186046512,1980,6,27,"Summer",0.970293025828069,0.96497117428549,0.322299718856812,0.322299718856812,1,15,15,FALSE,TRUE,TRUE,0.970633077266895,0.966729941214664
34,1633000,"1980-06-28",120,0.952380952380952,0.975056689342404,1980,6,28,"Summer",0.970293025828069,0.96497117428549,0.322299718856812,0.322299718856812,1,15,15,FALSE,TRUE,TRUE,0.970633077266895,0.966729941214664
34,1633000,"1980-06-29",117,0.975,1.02375,1980,6,29,"Summer",0.970293025828069,0.96497117428549,0.322299718856812,0.322299718856812,1,15,15,FALSE,TRUE,TRUE,0.970633077266895,0.966729941214664
34,1633000,"1980-06-30",114,0.974358974358974,0.999342537804076,1980,6,30,"Summer",0.970293025828069,0.96497117428549,0.322299718856812,0.322299718856812,1,15,15,FALSE,TRUE,TRUE,0.970633077266895,0.966729941214664
34,1633000,"1980-07-01",112,0.982456140350877,1.00831024930748,1980,7,1,"Summer",0.970293025828069,0.96497117428549,0.322299718856812,0.322299718856812,1,15,15,FALSE,TRUE,TRUE,0.970633077266895,0.966729941214664
34,1633000,"1980-07-02",109,0.973214285714286,0.990593112244898,1980,7,2,"Summer",0.970293025828069,0.96497117428549,0.322299718856812,0.322299718856812,1,15,15,FALSE,TRUE,TRUE,0.970633077266895,0.966729941214664
35,1633000,"1981-03-12",112,0.957264957264957,1.00635546789393,1981,3,12,"Spring",0.951837886888182,0.903530871203931,0.509949445724487,1.0371208190918e-05,13,26,14,FALSE,TRUE,TRUE,0.97757671675107,0.923411939221432
35,1633000,"1981-03-13",106,0.946428571428571,0.988679846938775,1981,3,13,"Spring",0.951837886888182,0.903530871203931,0.509949445724487,1.0371208190918e-05,13,26,14,FALSE,TRUE,TRUE,0.97757671675107,0.923411939221432
35,1633000,"1981-03-14",103,0.971698113207547,1.02669989320043,1981,3,14,"Spring",0.951837886888182,0.903530871203931,0.509949445724487,1.0371208190918e-05,13,26,14,FALSE,TRUE,TRUE,0.97757671675107,0.923411939221432
35,1633000,"1981-03-15",95,0.922330097087379,0.949194080497691,1981,3,15,"Spring",0.951837886888182,0.903530871203931,0.509949445724487,1.0371208190918e-05,13,26,14,FALSE,TRUE,TRUE,0.97757671675107,0.923411939221432
35,1633000,"1981-03-16",95,1,1.08421052631579,1981,3,16,"Spring",0.951837886888182,0.903530871203931,0.509949445724487,1.0371208190918e-05,13,26,14,FALSE,TRUE,TRUE,0.97757671675107,0.923411939221432
35,1633000,"1981-03-17",92,0.968421052631579,0.968421052631579,1981,3,17,"Spring",0.951837886888182,0.903530871203931,0.509949445724487,1.0371208190918e-05,13,26,14,FALSE,TRUE,TRUE,0.97757671675107,0.923411939221432
35,1633000,"1981-03-18",89,0.967391304347826,0.998936672967864,1981,3,18,"Spring",0.951837886888182,0.903530871203931,0.509949445724487,1.0371208190918e-05,13,26,14,FALSE,TRUE,TRUE,0.97757671675107,0.923411939221432
35,1633000,"1981-03-19",92,1.03370786516854,1.0685519505113,1981,3,19,"Spring",0.951837886888182,0.903530871203931,0.509949445724487,1.0371208190918e-05,13,26,14,FALSE,TRUE,TRUE,0.97757671675107,0.923411939221432
35,1633000,"1981-03-20",89,0.967391304347826,0.935845935727788,1981,3,20,"Spring",0.951837886888182,0.903530871203931,0.509949445724487,1.0371208190918e-05,13,26,14,FALSE,TRUE,TRUE,0.97757671675107,0.923411939221432
35,1633000,"1981-03-21",87,0.97752808988764,1.01047847494003,1981,3,21,"Spring",0.951837886888182,0.903530871203931,0.509949445724487,1.0371208190918e-05,13,26,14,FALSE,TRUE,TRUE,0.97757671675107,0.923411939221432
35,1633000,"1981-03-22",87,1,1.02298850574713,1981,3,22,"Spring",0.951837886888182,0.903530871203931,0.509949445724487,1.0371208190918e-05,13,26,14,FALSE,TRUE,TRUE,0.97757671675107,0.923411939221432
35,1633000,"1981-03-23",84,0.96551724137931,0.96551724137931,1981,3,23,"Spring",0.951837886888182,0.903530871203931,0.509949445724487,1.0371208190918e-05,13,26,14,FALSE,TRUE,TRUE,0.97757671675107,0.923411939221432
35,1633000,"1981-03-24",82,0.976190476190476,1.01105442176871,1981,3,24,"Spring",0.951837886888182,0.903530871203931,0.509949445724487,1.0371208190918e-05,13,26,14,FALSE,TRUE,TRUE,0.97757671675107,0.923411939221432
35,1633000,"1981-03-25",79,0.963414634146341,0.98691255205235,1981,3,25,"Spring",0.951837886888182,0.903530871203931,0.509949445724487,1.0371208190918e-05,13,26,14,FALSE,TRUE,TRUE,0.97757671675107,0.923411939221432
37,1633000,"1981-11-03",90,0.9,0.99,1981,11,3,"Fall",0.975050736424272,0.871197506196587,0.302762746810913,0.302762746810913,1,25,25,FALSE,TRUE,TRUE,0.978155073918402,0.849454456929865
37,1633000,"1981-11-04",85,0.944444444444444,1.04938271604938,1981,11,4,"Fall",0.975050736424272,0.871197506196587,0.302762746810913,0.302762746810913,1,25,25,FALSE,TRUE,TRUE,0.978155073918402,0.849454456929865
37,1633000,"1981-11-05",80,0.941176470588235,0.996539792387543,1981,11,5,"Fall",0.975050736424272,0.871197506196587,0.302762746810913,0.302762746810913,1,25,25,FALSE,TRUE,TRUE,0.978155073918402,0.849454456929865
37,1633000,"1981-11-06",80,1,1.0625,1981,11,6,"Fall",0.975050736424272,0.871197506196587,0.302762746810913,0.302762746810913,1,25,25,FALSE,TRUE,TRUE,0.978155073918402,0.849454456929865
37,1633000,"1981-11-07",76,0.95,0.95,1981,11,7,"Fall",0.975050736424272,0.871197506196587,0.302762746810913,0.302762746810913,1,25,25,FALSE,TRUE,TRUE,0.978155073918402,0.849454456929865
37,1633000,"1981-11-08",74,0.973684210526316,1.02493074792244,1981,11,8,"Fall",0.975050736424272,0.871197506196587,0.302762746810913,0.302762746810913,1,25,25,FALSE,TRUE,TRUE,0.978155073918402,0.849454456929865
37,1633000,"1981-11-09",72,0.972972972972973,0.99926953981008,1981,11,9,"Fall",0.975050736424272,0.871197506196587,0.302762746810913,0.302762746810913,1,25,25,FALSE,TRUE,TRUE,0.978155073918402,0.849454456929865
37,1633000,"1981-11-10",70,0.972222222222222,0.999228395061728,1981,11,10,"Fall",0.975050736424272,0.871197506196587,0.302762746810913,0.302762746810913,1,25,25,FALSE,TRUE,TRUE,0.978155073918402,0.849454456929865
37,1633000,"1981-11-11",66,0.942857142857143,0.969795918367347,1981,11,11,"Fall",0.975050736424272,0.871197506196587,0.302762746810913,0.302762746810913,1,25,25,FALSE,TRUE,TRUE,0.978155073918402,0.849454456929865
37,1633000,"1981-11-12",64,0.96969696969697,1.02846648301194,1981,11,12,"Fall",0.975050736424272,0.871197506196587,0.302762746810913,0.302762746810913,1,25,25,FALSE,TRUE,TRUE,0.978155073918402,0.849454456929865
37,1633000,"1981-11-13",62,0.96875,0.9990234375,1981,11,13,"Fall",0.975050736424272,0.871197506196587,0.302762746810913,0.302762746810913,1,25,25,FALSE,TRUE,TRUE,0.978155073918402,0.849454456929865
37,1633000,"1981-11-14",60,0.967741935483871,0.998959417273673,1981,11,14,"Fall",0.975050736424272,0.871197506196587,0.302762746810913,0.302762746810913,1,25,25,FALSE,TRUE,TRUE,0.978155073918402,0.849454456929865
37,1633000,"1981-11-15",60,1,1.03333333333333,1981,11,15,"Fall",0.975050736424272,0.871197506196587,0.302762746810913,0.302762746810913,1,25,25,FALSE,TRUE,TRUE,0.978155073918402,0.849454456929865
37,1633000,"1981-11-16",57,0.95,0.95,1981,11,16,"Fall",0.975050736424272,0.871197506196587,0.302762746810913,0.302762746810913,1,25,25,FALSE,TRUE,TRUE,0.978155073918402,0.849454456929865
37,1633000,"1981-11-17",55,0.964912280701754,1.01569713758079,1981,11,17,"Fall",0.975050736424272,0.871197506196587,0.302762746810913,0.302762746810913,1,25,25,FALSE,TRUE,TRUE,0.978155073918402,0.849454456929865
37,1633000,"1981-11-18",53,0.963636363636364,0.998677685950413,1981,11,18,"Fall",0.975050736424272,0.871197506196587,0.302762746810913,0.302762746810913,1,25,25,FALSE,TRUE,TRUE,0.978155073918402,0.849454456929865
37,1633000,"1981-11-19",50,0.943396226415094,0.978996084015664,1981,11,19,"Fall",0.975050736424272,0.871197506196587,0.302762746810913,0.302762746810913,1,25,25,FALSE,TRUE,TRUE,0.978155073918402,0.849454456929865
37,1633000,"1981-11-20",55,1.1,1.166,1981,11,20,"Fall",0.975050736424272,0.871197506196587,0.302762746810913,0.302762746810913,1,25,25,FALSE,TRUE,TRUE,0.978155073918402,0.849454456929865
37,1633000,"1981-11-21",55,1,0.909090909090909,1981,11,21,"Fall",0.975050736424272,0.871197506196587,0.302762746810913,0.302762746810913,1,25,25,FALSE,TRUE,TRUE,0.978155073918402,0.849454456929865
37,1633000,"1981-11-22",53,0.963636363636364,0.963636363636364,1981,11,22,"Fall",0.975050736424272,0.871197506196587,0.302762746810913,0.302762746810913,1,25,25,FALSE,TRUE,TRUE,0.978155073918402,0.849454456929865
37,1633000,"1981-11-23",50,0.943396226415094,0.978996084015664,1981,11,23,"Fall",0.975050736424272,0.871197506196587,0.302762746810913,0.302762746810913,1,25,25,FALSE,TRUE,TRUE,0.978155073918402,0.849454456929865
37,1633000,"1981-11-24",53,1.06,1.1236,1981,11,24,"Fall",0.975050736424272,0.871197506196587,0.302762746810913,0.302762746810913,1,25,25,FALSE,TRUE,TRUE,0.978155073918402,0.849454456929865
37,1633000,"1981-11-25",57,1.07547169811321,1.01459594161623,1981,11,25,"Fall",0.975050736424272,0.871197506196587,0.302762746810913,0.302762746810913,1,25,25,FALSE,TRUE,TRUE,0.978155073918402,0.849454456929865
37,1633000,"1981-11-26",55,0.964912280701754,0.897199138196368,1981,11,26,"Fall",0.975050736424272,0.871197506196587,0.302762746810913,0.302762746810913,1,25,25,FALSE,TRUE,TRUE,0.978155073918402,0.849454456929865
37,1633000,"1981-11-27",53,0.963636363636364,0.998677685950413,1981,11,27,"Fall",0.975050736424272,0.871197506196587,0.302762746810913,0.302762746810913,1,25,25,FALSE,TRUE,TRUE,0.978155073918402,0.849454456929865
38,1633000,"1982-04-07",364,0.968085106382979,1.00155613399728,1982,4,7,"Spring",0.97490237657551,0.941366488988982,0.441488146781921,0.441488146781921,1,19,19,FALSE,TRUE,TRUE,0.975178014392194,0.912332768005074
38,1633000,"1982-04-08",343,0.942307692307692,0.973372781065089,1982,4,8,"Spring",0.97490237657551,0.941366488988982,0.441488146781921,0.441488146781921,1,19,19,FALSE,TRUE,TRUE,0.975178014392194,0.912332768005074
38,1633000,"1982-04-09",339,0.988338192419825,1.04884869399655,1982,4,9,"Spring",0.97490237657551,0.941366488988982,0.441488146781921,0.441488146781921,1,19,19,FALSE,TRUE,TRUE,0.975178014392194,0.912332768005074
38,1633000,"1982-04-10",331,0.976401179941003,0.987922137816413,1982,4,10,"Spring",0.97490237657551,0.941366488988982,0.441488146781921,0.441488146781921,1,19,19,FALSE,TRUE,TRUE,0.975178014392194,0.912332768005074
38,1633000,"1982-04-11",319,0.963746223564955,0.987039183651117,1982,4,11,"Spring",0.97490237657551,0.941366488988982,0.441488146781921,0.441488146781921,1,19,19,FALSE,TRUE,TRUE,0.975178014392194,0.912332768005074
38,1633000,"1982-04-12",300,0.940438871473354,0.975815882312477,1982,4,12,"Spring",0.97490237657551,0.941366488988982,0.441488146781921,0.441488146781921,1,19,19,FALSE,TRUE,TRUE,0.975178014392194,0.912332768005074
38,1633000,"1982-04-13",292,0.973333333333333,1.03497777777778,1982,4,13,"Spring",0.97490237657551,0.941366488988982,0.441488146781921,0.441488146781921,1,19,19,FALSE,TRUE,TRUE,0.975178014392194,0.912332768005074
38,1633000,"1982-04-14",277,0.948630136986301,0.974620003753049,1982,4,14,"Spring",0.97490237657551,0.941366488988982,0.441488146781921,0.441488146781921,1,19,19,FALSE,TRUE,TRUE,0.975178014392194,0.912332768005074
38,1633000,"1982-04-15",265,0.956678700361011,1.00848440615673,1982,4,15,"Spring",0.97490237657551,0.941366488988982,0.441488146781921,0.441488146781921,1,19,19,FALSE,TRUE,TRUE,0.975178014392194,0.912332768005074
38,1633000,"1982-04-16",254,0.958490566037736,1.00189391242435,1982,4,16,"Spring",0.97490237657551,0.941366488988982,0.441488146781921,0.441488146781921,1,19,19,FALSE,TRUE,TRUE,0.975178014392194,0.912332768005074
38,1633000,"1982-04-17",254,1,1.04330708661417,1982,4,17,"Spring",0.97490237657551,0.941366488988982,0.441488146781921,0.441488146781921,1,19,19,FALSE,TRUE,TRUE,0.975178014392194,0.912332768005074
38,1633000,"1982-04-18",284,1.11811023622047,1.11811023622047,1982,4,18,"Spring",0.97490237657551,0.941366488988982,0.441488146781921,0.441488146781921,1,19,19,FALSE,TRUE,TRUE,0.975178014392194,0.912332768005074
38,1633000,"1982-04-19",273,0.961267605633803,0.859725252926007,1982,4,19,"Spring",0.97490237657551,0.941366488988982,0.441488146781921,0.441488146781921,1,19,19,FALSE,TRUE,TRUE,0.975178014392194,0.912332768005074
38,1633000,"1982-04-20",258,0.945054945054945,0.983134082035181,1982,4,20,"Spring",0.97490237657551,0.941366488988982,0.441488146781921,0.441488146781921,1,19,19,FALSE,TRUE,TRUE,0.975178014392194,0.912332768005074
38,1633000,"1982-04-21",250,0.968992248062015,1.02532900667027,1982,4,21,"Spring",0.97490237657551,0.941366488988982,0.441488146781921,0.441488146781921,1,19,19,FALSE,TRUE,TRUE,0.975178014392194,0.912332768005074
38,1633000,"1982-04-22",239,0.956,0.986592,1982,4,22,"Spring",0.97490237657551,0.941366488988982,0.441488146781921,0.441488146781921,1,19,19,FALSE,TRUE,TRUE,0.975178014392194,0.912332768005074
38,1633000,"1982-04-23",231,0.96652719665272,1.01101171197983,1982,4,23,"Spring",0.97490237657551,0.941366488988982,0.441488146781921,0.441488146781921,1,19,19,FALSE,TRUE,TRUE,0.975178014392194,0.912332768005074
38,1633000,"1982-04-24",227,0.982683982683983,1.01671632840464,1982,4,24,"Spring",0.97490237657551,0.941366488988982,0.441488146781921,0.441488146781921,1,19,19,FALSE,TRUE,TRUE,0.975178014392194,0.912332768005074
38,1633000,"1982-04-25",224,0.986784140969163,1.00417240777038,1982,4,25,"Spring",0.97490237657551,0.941366488988982,0.441488146781921,0.441488146781921,1,19,19,FALSE,TRUE,TRUE,0.975178014392194,0.912332768005074
39,1633000,"1982-05-05",307,0.916417910447761,1.0531967030519,1982,5,5,"Spring",0.936203648743575,0.996018344813747,0.584070324897766,0.234954833984375,2,15,14,FALSE,TRUE,TRUE,0.937191511191809,0.996812566402824
39,1633000,"1982-05-06",281,0.915309446254072,0.998790438094834,1982,5,6,"Spring",0.936203648743575,0.996018344813747,0.584070324897766,0.234954833984375,2,15,14,FALSE,TRUE,TRUE,0.937191511191809,0.996812566402824
39,1633000,"1982-05-07",265,0.943060498220641,1.03031876495992,1982,5,7,"Spring",0.936203648743575,0.996018344813747,0.584070324897766,0.234954833984375,2,15,14,FALSE,TRUE,TRUE,0.937191511191809,0.996812566402824
39,1633000,"1982-05-08",254,0.958490566037736,1.01636169455322,1982,5,8,"Spring",0.936203648743575,0.996018344813747,0.584070324897766,0.234954833984375,2,15,14,FALSE,TRUE,TRUE,0.937191511191809,0.996812566402824
39,1633000,"1982-05-09",239,0.940944881889764,0.981694463388927,1982,5,9,"Spring",0.936203648743575,0.996018344813747,0.584070324897766,0.234954833984375,2,15,14,FALSE,TRUE,TRUE,0.937191511191809,0.996812566402824
39,1633000,"1982-05-10",216,0.903765690376569,0.960487386425308,1982,5,10,"Spring",0.936203648743575,0.996018344813747,0.584070324897766,0.234954833984375,2,15,14,FALSE,TRUE,TRUE,0.937191511191809,0.996812566402824
39,1633000,"1982-05-11",201,0.930555555555556,1.02964248971193,1982,5,11,"Spring",0.936203648743575,0.996018344813747,0.584070324897766,0.234954833984375,2,15,14,FALSE,TRUE,TRUE,0.937191511191809,0.996812566402824
39,1633000,"1982-05-12",190,0.945273631840796,1.01581644018712,1982,5,12,"Spring",0.936203648743575,0.996018344813747,0.584070324897766,0.234954833984375,2,15,14,FALSE,TRUE,TRUE,0.937191511191809,0.996812566402824
39,1633000,"1982-05-13",179,0.942105263157895,0.996648199445983,1982,5,13,"Spring",0.936203648743575,0.996018344813747,0.584070324897766,0.234954833984375,2,15,14,FALSE,TRUE,TRUE,0.937191511191809,0.996812566402824
39,1633000,"1982-05-14",165,0.921787709497207,0.978433881589214,1982,5,14,"Spring",0.936203648743575,0.996018344813747,0.584070324897766,0.234954833984375,2,15,14,FALSE,TRUE,TRUE,0.937191511191809,0.996812566402824
39,1633000,"1982-05-15",158,0.957575757575758,1.0388246097337,1982,5,15,"Spring",0.936203648743575,0.996018344813747,0.584070324897766,0.234954833984375,2,15,14,FALSE,TRUE,TRUE,0.937191511191809,0.996812566402824
39,1633000,"1982-05-16",151,0.955696202531646,0.998037173529883,1982,5,16,"Spring",0.936203648743575,0.996018344813747,0.584070324897766,0.234954833984375,2,15,14,FALSE,TRUE,TRUE,0.937191511191809,0.996812566402824
39,1633000,"1982-05-17",141,0.933774834437086,0.977062409543441,1982,5,17,"Spring",0.936203648743575,0.996018344813747,0.584070324897766,0.234954833984375,2,15,14,FALSE,TRUE,TRUE,0.937191511191809,0.996812566402824
39,1633000,"1982-05-18",131,0.929078014184397,0.994970071927971,1982,5,18,"Spring",0.936203648743575,0.996018344813747,0.584070324897766,0.234954833984375,2,15,14,FALSE,TRUE,TRUE,0.937191511191809,0.996812566402824
40,1633000,"1982-08-25",138,0.958333333333333,0.984953703703704,1982,8,25,"Summer",0.963876518732464,0.988007727114413,1,1,1,15,15,FALSE,TRUE,TRUE,0.96520933807812,0.978993135098643
40,1633000,"1982-08-26",128,0.927536231884058,0.967863894139887,1982,8,26,"Summer",0.963876518732464,0.988007727114413,1,1,1,15,15,FALSE,TRUE,TRUE,0.96520933807812,0.978993135098643
40,1633000,"1982-08-27",125,0.9765625,1.0528564453125,1982,8,27,"Summer",0.963876518732464,0.988007727114413,1,1,1,15,15,FALSE,TRUE,TRUE,0.96520933807812,0.978993135098643
40,1633000,"1982-08-28",125,1,1.024,1982,8,28,"Summer",0.963876518732464,0.988007727114413,1,1,1,15,15,FALSE,TRUE,TRUE,0.96520933807812,0.978993135098643
40,1633000,"1982-08-29",122,0.976,0.976,1982,8,29,"Summer",0.963876518732464,0.988007727114413,1,1,1,15,15,FALSE,TRUE,TRUE,0.96520933807812,0.978993135098643
40,1633000,"1982-08-30",116,0.950819672131147,0.97420048374093,1982,8,30,"Summer",0.963876518732464,0.988007727114413,1,1,1,15,15,FALSE,TRUE,TRUE,0.96520933807812,0.978993135098643
40,1633000,"1982-08-31",112,0.96551724137931,1.01545778834721,1982,8,31,"Summer",0.963876518732464,0.988007727114413,1,1,1,15,15,FALSE,TRUE,TRUE,0.96520933807812,0.978993135098643
40,1633000,"1982-09-01",112,1,1.03571428571429,1982,9,1,"Fall",0.963876518732464,0.988007727114413,1,1,1,15,15,FALSE,TRUE,TRUE,0.96520933807812,0.978993135098643
40,1633000,"1982-09-02",106,0.946428571428571,0.946428571428571,1982,9,2,"Fall",0.963876518732464,0.988007727114413,1,1,1,15,15,FALSE,TRUE,TRUE,0.96520933807812,0.978993135098643
40,1633000,"1982-09-03",100,0.943396226415094,0.996796012815949,1982,9,3,"Fall",0.963876518732464,0.988007727114413,1,1,1,15,15,FALSE,TRUE,TRUE,0.96520933807812,0.978993135098643
40,1633000,"1982-09-04",92,0.92,0.9752,1982,9,4,"Fall",0.963876518732464,0.988007727114413,1,1,1,15,15,FALSE,TRUE,TRUE,0.96520933807812,0.978993135098643
40,1633000,"1982-09-05",92,1,1.08695652173913,1982,9,5,"Fall",0.963876518732464,0.988007727114413,1,1,1,15,15,FALSE,TRUE,TRUE,0.96520933807812,0.978993135098643
40,1633000,"1982-09-06",89,0.967391304347826,0.967391304347826,1982,9,6,"Fall",0.963876518732464,0.988007727114413,1,1,1,15,15,FALSE,TRUE,TRUE,0.96520933807812,0.978993135098643
40,1633000,"1982-09-07",87,0.97752808988764,1.01047847494003,1982,9,7,"Fall",0.963876518732464,0.988007727114413,1,1,1,15,15,FALSE,TRUE,TRUE,0.96520933807812,0.978993135098643
40,1633000,"1982-09-08",84,0.96551724137931,0.987713040031708,1982,9,8,"Fall",0.963876518732464,0.988007727114413,1,1,1,15,15,FALSE,TRUE,TRUE,0.96520933807812,0.978993135098643
41,1633000,"1982-12-27",201,0.94811320754717,1.03308561765753,1982,12,27,"Winter",0.952963516030564,0.944944930642007,0.72051477432251,5.67436218261719e-05,6,15,10,FALSE,TRUE,TRUE,0.955604151901502,0.991687488328453
41,1633000,"1982-12-28",197,0.980099502487562,1.03373678869335,1982,12,28,"Winter",0.952963516030564,0.944944930642007,0.72051477432251,5.67436218261719e-05,6,15,10,FALSE,TRUE,TRUE,0.955604151901502,0.991687488328453
41,1633000,"1982-12-29",186,0.944162436548223,0.963333247442604,1982,12,29,"Winter",0.952963516030564,0.944944930642007,0.72051477432251,5.67436218261719e-05,6,15,10,FALSE,TRUE,TRUE,0.955604151901502,0.991687488328453
41,1633000,"1982-12-30",175,0.940860215053763,0.996502485836513,1982,12,30,"Winter",0.952963516030564,0.944944930642007,0.72051477432251,5.67436218261719e-05,6,15,10,FALSE,TRUE,TRUE,0.955604151901502,0.991687488328453
41,1633000,"1982-12-31",165,0.942857142857143,1.00212244897959,1982,12,31,"Winter",0.952963516030564,0.944944930642007,0.72051477432251,5.67436218261719e-05,6,15,10,FALSE,TRUE,TRUE,0.955604151901502,0.991687488328453
41,1633000,"1983-01-01",158,0.957575757575758,1.01561065197429,1983,1,1,"Winter",0.952963516030564,0.944944930642007,0.72051477432251,5.67436218261719e-05,6,15,10,FALSE,TRUE,TRUE,0.955604151901502,0.991687488328453
41,1633000,"1983-01-02",154,0.974683544303797,1.01786572664637,1983,1,2,"Winter",0.952963516030564,0.944944930642007,0.72051477432251,5.67436218261719e-05,6,15,10,FALSE,TRUE,TRUE,0.955604151901502,0.991687488328453
41,1633000,"1983-01-03",148,0.961038961038961,0.986001011975038,1983,1,3,"Winter",0.952963516030564,0.944944930642007,0.72051477432251,5.67436218261719e-05,6,15,10,FALSE,TRUE,TRUE,0.955604151901502,0.991687488328453
41,1633000,"1983-01-04",141,0.952702702702703,0.991325785244704,1983,1,4,"Winter",0.952963516030564,0.944944930642007,0.72051477432251,5.67436218261719e-05,6,15,10,FALSE,TRUE,TRUE,0.955604151901502,0.991687488328453
41,1633000,"1983-01-05",135,0.957446808510638,1.00497962879131,1983,1,5,"Winter",0.952963516030564,0.944944930642007,0.72051477432251,5.67436218261719e-05,6,15,10,FALSE,TRUE,TRUE,0.955604151901502,0.991687488328453
42,1633000,"1983-05-03",608,0.932515337423313,1.03406225300162,1983,5,3,"Spring",0.939250120158329,0.976282582332415,0.348082542419434,0.00102090835571289,3,11,9,FALSE,TRUE,TRUE,0.935303541196474,0.983077480991758
42,1633000,"1983-05-04",565,0.929276315789474,0.996526575484765,1983,5,4,"Spring",0.939250120158329,0.976282582332415,0.348082542419434,0.00102090835571289,3,11,9,FALSE,TRUE,TRUE,0.935303541196474,0.983077480991758
42,1633000,"1983-05-05",520,0.920353982300885,0.990398621661837,1983,5,5,"Spring",0.939250120158329,0.976282582332415,0.348082542419434,0.00102090835571289,3,11,9,FALSE,TRUE,TRUE,0.935303541196474,0.983077480991758
42,1633000,"1983-05-06",471,0.905769230769231,0.984153106508876,1983,5,6,"Spring",0.939250120158329,0.976282582332415,0.348082542419434,0.00102090835571289,3,11,9,FALSE,TRUE,TRUE,0.935303541196474,0.983077480991758
42,1633000,"1983-05-07",435,0.923566878980892,1.0196492082167,1983,5,7,"Spring",0.939250120158329,0.976282582332415,0.348082542419434,0.00102090835571289,3,11,9,FALSE,TRUE,TRUE,0.935303541196474,0.983077480991758
42,1633000,"1983-05-08",418,0.960919540229885,1.04044391597305,1983,5,8,"Spring",0.939250120158329,0.976282582332415,0.348082542419434,0.00102090835571289,3,11,9,FALSE,TRUE,TRUE,0.935303541196474,0.983077480991758
42,1633000,"1983-05-09",401,0.95933014354067,0.998345962775578,1983,5,9,"Spring",0.939250120158329,0.976282582332415,0.348082542419434,0.00102090835571289,3,11,9,FALSE,TRUE,TRUE,0.935303541196474,0.983077480991758
42,1633000,"1983-05-10",376,0.937655860349127,0.977406856922532,1983,5,10,"Spring",0.939250120158329,0.976282582332415,0.348082542419434,0.00102090835571289,3,11,9,FALSE,TRUE,TRUE,0.935303541196474,0.983077480991758
42,1633000,"1983-05-11",355,0.944148936170213,1.00692479628791,1983,5,11,"Spring",0.939250120158329,0.976282582332415,0.348082542419434,0.00102090835571289,3,11,9,FALSE,TRUE,TRUE,0.935303541196474,0.983077480991758
43,1633000,"1983-05-29",471,0.951515151515152,1.09568411386593,1983,5,29,"Spring",0.943320380043536,0.961412231033959,0.443421363830566,0.000380992889404297,5,18,14,FALSE,TRUE,TRUE,0.950538823316242,0.963950954871275
43,1633000,"1983-05-30",448,0.951167728237792,0.999634873625705,1983,5,30,"Spring",0.943320380043536,0.961412231033959,0.443421363830566,0.000380992889404297,5,18,14,FALSE,TRUE,TRUE,0.950538823316242,0.963950954871275
43,1633000,"1983-05-31",397,0.886160714285714,0.931655572385204,1983,5,31,"Spring",0.943320380043536,0.961412231033959,0.443421363830566,0.000380992889404297,5,18,14,FALSE,TRUE,TRUE,0.950538823316242,0.963950954871275
43,1633000,"1983-06-01",372,0.937027707808564,1.05740154432805,1983,6,1,"Summer",0.943320380043536,0.961412231033959,0.443421363830566,0.000380992889404297,5,18,14,FALSE,TRUE,TRUE,0.950538823316242,0.963950954871275
43,1633000,"1983-06-02",355,0.954301075268817,1.01843421204764,1983,6,2,"Summer",0.943320380043536,0.961412231033959,0.443421363830566,0.000380992889404297,5,18,14,FALSE,TRUE,TRUE,0.950538823316242,0.963950954871275
43,1633000,"1983-06-03",327,0.92112676056338,0.965237056139655,1983,6,3,"Summer",0.943320380043536,0.961412231033959,0.443421363830566,0.000380992889404297,5,18,14,FALSE,TRUE,TRUE,0.950538823316242,0.963950954871275
43,1633000,"1983-06-04",364,1.1131498470948,1.20846543033228,1983,6,4,"Summer",0.943320380043536,0.961412231033959,0.443421363830566,0.000380992889404297,5,18,14,FALSE,TRUE,TRUE,0.950538823316242,0.963950954871275
43,1633000,"1983-06-05",323,0.887362637362637,0.797163687960391,1983,6,5,"Summer",0.943320380043536,0.961412231033959,0.443421363830566,0.000380992889404297,5,18,14,FALSE,TRUE,TRUE,0.950538823316242,0.963950954871275
43,1633000,"1983-06-06",292,0.904024767801858,1.0187771377086,1983,6,6,"Summer",0.943320380043536,0.961412231033959,0.443421363830566,0.000380992889404297,5,18,14,FALSE,TRUE,TRUE,0.950538823316242,0.963950954871275
43,1633000,"1983-06-07",288,0.986301369863014,1.09101144680053,1983,6,7,"Summer",0.943320380043536,0.961412231033959,0.443421363830566,0.000380992889404297,5,18,14,FALSE,TRUE,TRUE,0.950538823316242,0.963950954871275
43,1633000,"1983-06-08",277,0.961805555555556,0.975163966049383,1983,6,8,"Summer",0.943320380043536,0.961412231033959,0.443421363830566,0.000380992889404297,5,18,14,FALSE,TRUE,TRUE,0.950538823316242,0.963950954871275
43,1633000,"1983-06-09",258,0.931407942238267,0.968395261244119,1983,6,9,"Summer",0.943320380043536,0.961412231033959,0.443421363830566,0.000380992889404297,5,18,14,FALSE,TRUE,TRUE,0.950538823316242,0.963950954871275
43,1633000,"1983-06-10",246,0.953488372093023,1.02370650802235,1983,6,10,"Summer",0.943320380043536,0.961412231033959,0.443421363830566,0.000380992889404297,5,18,14,FALSE,TRUE,TRUE,0.950538823316242,0.963950954871275
43,1633000,"1983-06-11",235,0.955284552845528,1.0018837993258,1983,6,11,"Summer",0.943320380043536,0.961412231033959,0.443421363830566,0.000380992889404297,5,18,14,FALSE,TRUE,TRUE,0.950538823316242,0.963950954871275
44,1633000,"1984-05-16",446,0.919587628865979,1.00491019236901,1984,5,16,"Spring",0.936052136318447,0.974109905075385,0.436274886131287,0.00139057636260986,6,16,11,FALSE,TRUE,TRUE,0.946713528717971,0.990742559955581
44,1633000,"1984-05-17",418,0.937219730941704,1.01917392266082,1984,5,17,"Spring",0.936052136318447,0.974109905075385,0.436274886131287,0.00139057636260986,6,16,11,FALSE,TRUE,TRUE,0.946713528717971,0.990742559955581
44,1633000,"1984-05-18",394,0.942583732057416,1.00572331219523,1984,5,18,"Spring",0.936052136318447,0.974109905075385,0.436274886131287,0.00139057636260986,6,16,11,FALSE,TRUE,TRUE,0.946713528717971,0.990742559955581
44,1633000,"1984-05-19",379,0.961928934010152,1.02052358988894,1984,5,19,"Spring",0.936052136318447,0.974109905075385,0.436274886131287,0.00139057636260986,6,16,11,FALSE,TRUE,TRUE,0.946713528717971,0.990742559955581
44,1633000,"1984-05-20",352,0.928759894459103,0.965518201627669,1984,5,20,"Spring",0.936052136318447,0.974109905075385,0.436274886131287,0.00139057636260986,6,16,11,FALSE,TRUE,TRUE,0.946713528717971,0.990742559955581
44,1633000,"1984-05-21",329,0.934659090909091,1.00635169163223,1984,5,21,"Spring",0.936052136318447,0.974109905075385,0.436274886131287,0.00139057636260986,6,16,11,FALSE,TRUE,TRUE,0.946713528717971,0.990742559955581
44,1633000,"1984-05-22",306,0.930091185410334,0.995112757642668,1984,5,22,"Spring",0.936052136318447,0.974109905075385,0.436274886131287,0.00139057636260986,6,16,11,FALSE,TRUE,TRUE,0.946713528717971,0.990742559955581
44,1633000,"1984-05-23",298,0.973856209150327,1.04705455166816,1984,5,23,"Spring",0.936052136318447,0.974109905075385,0.436274886131287,0.00139057636260986,6,16,11,FALSE,TRUE,TRUE,0.946713528717971,0.990742559955581
44,1633000,"1984-05-24",293,0.983221476510067,1.00961668393316,1984,5,24,"Spring",0.936052136318447,0.974109905075385,0.436274886131287,0.00139057636260986,6,16,11,FALSE,TRUE,TRUE,0.946713528717971,0.990742559955581
44,1633000,"1984-05-25",272,0.928327645051195,0.944169413738075,1984,5,25,"Spring",0.936052136318447,0.974109905075385,0.436274886131287,0.00139057636260986,6,16,11,FALSE,TRUE,TRUE,0.946713528717971,0.990742559955581
44,1633000,"1984-05-26",255,0.9375,1.00988051470588,1984,5,26,"Spring",0.936052136318447,0.974109905075385,0.436274886131287,0.00139057636260986,6,16,11,FALSE,TRUE,TRUE,0.946713528717971,0.990742559955581
45,1633000,"1985-03-13",235,0.967078189300412,0.951159206760487,1985,3,13,"Spring",0.945071195337096,0.92039930721738,0.72051477432251,7.89165496826172e-05,13,22,10,FALSE,TRUE,TRUE,0.960271820210868,0.995227970643311
45,1633000,"1985-03-14",228,0.970212765957447,1.00324128564962,1985,3,14,"Spring",0.945071195337096,0.92039930721738,0.72051477432251,7.89165496826172e-05,13,22,10,FALSE,TRUE,TRUE,0.960271820210868,0.995227970643311
45,1633000,"1985-03-15",216,0.947368421052632,0.976454293628809,1985,3,15,"Spring",0.945071195337096,0.92039930721738,0.72051477432251,7.89165496826172e-05,13,22,10,FALSE,TRUE,TRUE,0.960271820210868,0.995227970643311
45,1633000,"1985-03-16",208,0.962962962962963,1.01646090534979,1985,3,16,"Spring",0.945071195337096,0.92039930721738,0.72051477432251,7.89165496826172e-05,13,22,10,FALSE,TRUE,TRUE,0.960271820210868,0.995227970643311
45,1633000,"1985-03-17",201,0.966346153846154,1.00351331360947,1985,3,17,"Spring",0.945071195337096,0.92039930721738,0.72051477432251,7.89165496826172e-05,13,22,10,FALSE,TRUE,TRUE,0.960271820210868,0.995227970643311
45,1633000,"1985-03-18",190,0.945273631840796,0.978193609069082,1985,3,18,"Spring",0.945071195337096,0.92039930721738,0.72051477432251,7.89165496826172e-05,13,22,10,FALSE,TRUE,TRUE,0.960271820210868,0.995227970643311
45,1633000,"1985-03-19",183,0.963157894736842,1.01891966759003,1985,3,19,"Spring",0.945071195337096,0.92039930721738,0.72051477432251,7.89165496826172e-05,13,22,10,FALSE,TRUE,TRUE,0.960271820210868,0.995227970643311
45,1633000,"1985-03-20",176,0.961748633879781,0.998536832989937,1985,3,20,"Spring",0.945071195337096,0.92039930721738,0.72051477432251,7.89165496826172e-05,13,22,10,FALSE,TRUE,TRUE,0.960271820210868,0.995227970643311
45,1633000,"1985-03-21",169,0.960227272727273,0.998418130165289,1985,3,21,"Spring",0.945071195337096,0.92039930721738,0.72051477432251,7.89165496826172e-05,13,22,10,FALSE,TRUE,TRUE,0.960271820210868,0.995227970643311
45,1633000,"1985-03-22",166,0.982248520710059,1.0229333706803,1985,3,22,"Spring",0.945071195337096,0.92039930721738,0.72051477432251,7.89165496826172e-05,13,22,10,FALSE,TRUE,TRUE,0.960271820210868,0.995227970643311
46,1633000,"1985-04-10",201,0.930555555555556,0.999485596707819,1985,4,10,"Spring",0.959304678677818,0.954701057298227,0.463469266891479,0.0295100212097168,9,30,22,FALSE,TRUE,TRUE,0.968181563355227,0.975607206867421
46,1633000,"1985-04-11",194,0.965174129353234,1.03720204945422,1985,4,11,"Spring",0.959304678677818,0.954701057298227,0.463469266891479,0.0295100212097168,9,30,22,FALSE,TRUE,TRUE,0.968181563355227,0.975607206867421
46,1633000,"1985-04-12",183,0.943298969072165,0.977335529811882,1985,4,12,"Spring",0.959304678677818,0.954701057298227,0.463469266891479,0.0295100212097168,9,30,22,FALSE,TRUE,TRUE,0.968181563355227,0.975607206867421
46,1633000,"1985-04-13",176,0.961748633879781,1.01955866105288,1985,4,13,"Spring",0.959304678677818,0.954701057298227,0.463469266891479,0.0295100212097168,9,30,22,FALSE,TRUE,TRUE,0.968181563355227,0.975607206867421
46,1633000,"1985-04-14",166,0.943181818181818,0.980694731404959,1985,4,14,"Spring",0.959304678677818,0.954701057298227,0.463469266891479,0.0295100212097168,9,30,22,FALSE,TRUE,TRUE,0.968181563355227,0.975607206867421
46,1633000,"1985-04-15",163,0.981927710843373,1.04107998258093,1985,4,15,"Spring",0.959304678677818,0.954701057298227,0.463469266891479,0.0295100212097168,9,30,22,FALSE,TRUE,TRUE,0.968181563355227,0.975607206867421
46,1633000,"1985-04-16",160,0.98159509202454,0.999661259362415,1985,4,16,"Spring",0.959304678677818,0.954701057298227,0.463469266891479,0.0295100212097168,9,30,22,FALSE,TRUE,TRUE,0.968181563355227,0.975607206867421
46,1633000,"1985-04-17",156,0.975,0.99328125,1985,4,17,"Spring",0.959304678677818,0.954701057298227,0.463469266891479,0.0295100212097168,9,30,22,FALSE,TRUE,TRUE,0.968181563355227,0.975607206867421
46,1633000,"1985-04-18",146,0.935897435897436,0.959894806048652,1985,4,18,"Spring",0.959304678677818,0.954701057298227,0.463469266891479,0.0295100212097168,9,30,22,FALSE,TRUE,TRUE,0.968181563355227,0.975607206867421
46,1633000,"1985-04-19",140,0.958904109589041,1.02458247325952,1985,4,19,"Spring",0.959304678677818,0.954701057298227,0.463469266891479,0.0295100212097168,9,30,22,FALSE,TRUE,TRUE,0.968181563355227,0.975607206867421
46,1633000,"1985-04-20",131,0.935714285714286,0.975816326530612,1985,4,20,"Spring",0.959304678677818,0.954701057298227,0.463469266891479,0.0295100212097168,9,30,22,FALSE,TRUE,TRUE,0.968181563355227,0.975607206867421
46,1633000,"1985-04-21",128,0.977099236641221,1.04422819183031,1985,4,21,"Spring",0.959304678677818,0.954701057298227,0.463469266891479,0.0295100212097168,9,30,22,FALSE,TRUE,TRUE,0.968181563355227,0.975607206867421
46,1633000,"1985-04-22",124,0.96875,0.991455078125,1985,4,22,"Spring",0.959304678677818,0.954701057298227,0.463469266891479,0.0295100212097168,9,30,22,FALSE,TRUE,TRUE,0.968181563355227,0.975607206867421
46,1633000,"1985-04-23",121,0.975806451612903,1.00728407908429,1985,4,23,"Spring",0.959304678677818,0.954701057298227,0.463469266891479,0.0295100212097168,9,30,22,FALSE,TRUE,TRUE,0.968181563355227,0.975607206867421
46,1633000,"1985-04-24",118,0.975206611570248,0.999385287890171,1985,4,24,"Spring",0.959304678677818,0.954701057298227,0.463469266891479,0.0295100212097168,9,30,22,FALSE,TRUE,TRUE,0.968181563355227,0.975607206867421
46,1633000,"1985-04-25",121,1.02542372881356,1.0514938236139,1985,4,25,"Spring",0.959304678677818,0.954701057298227,0.463469266891479,0.0295100212097168,9,30,22,FALSE,TRUE,TRUE,0.968181563355227,0.975607206867421
46,1633000,"1985-04-26",115,0.950413223140496,0.926849258930401,1985,4,26,"Spring",0.959304678677818,0.954701057298227,0.463469266891479,0.0295100212097168,9,30,22,FALSE,TRUE,TRUE,0.968181563355227,0.975607206867421
46,1633000,"1985-04-27",112,0.973913043478261,1.0247258979206,1985,4,27,"Spring",0.959304678677818,0.954701057298227,0.463469266891479,0.0295100212097168,9,30,22,FALSE,TRUE,TRUE,0.968181563355227,0.975607206867421
46,1633000,"1985-04-28",112,1,1.02678571428571,1985,4,28,"Spring",0.959304678677818,0.954701057298227,0.463469266891479,0.0295100212097168,9,30,22,FALSE,TRUE,TRUE,0.968181563355227,0.975607206867421
46,1633000,"1985-04-29",109,0.973214285714286,0.973214285714286,1985,4,29,"Spring",0.959304678677818,0.954701057298227,0.463469266891479,0.0295100212097168,9,30,22,FALSE,TRUE,TRUE,0.968181563355227,0.975607206867421
46,1633000,"1985-04-30",104,0.954128440366973,0.980388856156889,1985,4,30,"Spring",0.959304678677818,0.954701057298227,0.463469266891479,0.0295100212097168,9,30,22,FALSE,TRUE,TRUE,0.968181563355227,0.975607206867421
46,1633000,"1985-05-01",98,0.942307692307692,0.987610946745562,1985,5,1,"Spring",0.959304678677818,0.954701057298227,0.463469266891479,0.0295100212097168,9,30,22,FALSE,TRUE,TRUE,0.968181563355227,0.975607206867421
48,1633000,"1985-12-20",352,0.916666666666667,1.052734375,1985,12,20,"Winter",0.955312956211958,0.951112604164721,0.459607839584351,0.0230865478515625,4,26,23,FALSE,TRUE,TRUE,0.958795088346771,0.975487128077032
48,1633000,"1985-12-21",332,0.943181818181818,1.02892561983471,1985,12,21,"Winter",0.955312956211958,0.951112604164721,0.459607839584351,0.0230865478515625,4,26,23,FALSE,TRUE,TRUE,0.958795088346771,0.975487128077032
48,1633000,"1985-12-22",309,0.930722891566265,0.986790535636522,1985,12,22,"Winter",0.955312956211958,0.951112604164721,0.459607839584351,0.0230865478515625,4,26,23,FALSE,TRUE,TRUE,0.958795088346771,0.975487128077032
48,1633000,"1985-12-23",295,0.954692556634304,1.02575381489511,1985,12,23,"Winter",0.955312956211958,0.951112604164721,0.459607839584351,0.0230865478515625,4,26,23,FALSE,TRUE,TRUE,0.958795088346771,0.975487128077032
48,1633000,"1985-12-24",295,1,1.04745762711864,1985,12,24,"Winter",0.955312956211958,0.951112604164721,0.459607839584351,0.0230865478515625,4,26,23,FALSE,TRUE,TRUE,0.958795088346771,0.975487128077032
48,1633000,"1985-12-25",292,0.989830508474576,0.989830508474576,1985,12,25,"Winter",0.955312956211958,0.951112604164721,0.459607839584351,0.0230865478515625,4,26,23,FALSE,TRUE,TRUE,0.958795088346771,0.975487128077032
48,1633000,"1985-12-26",243,0.832191780821918,0.840741696378307,1985,12,26,"Winter",0.955312956211958,0.951112604164721,0.459607839584351,0.0230865478515625,4,26,23,FALSE,TRUE,TRUE,0.958795088346771,0.975487128077032
48,1633000,"1985-12-27",239,0.983539094650206,1.18186590797473,1985,12,27,"Winter",0.955312956211958,0.951112604164721,0.459607839584351,0.0230865478515625,4,26,23,FALSE,TRUE,TRUE,0.958795088346771,0.975487128077032
48,1633000,"1985-12-28",231,0.96652719665272,0.982703384044397,1985,12,28,"Winter",0.955312956211958,0.951112604164721,0.459607839584351,0.0230865478515625,4,26,23,FALSE,TRUE,TRUE,0.958795088346771,0.975487128077032
48,1633000,"1985-12-29",220,0.952380952380952,0.9853638425067,1985,12,29,"Winter",0.955312956211958,0.951112604164721,0.459607839584351,0.0230865478515625,4,26,23,FALSE,TRUE,TRUE,0.958795088346771,0.975487128077032
48,1633000,"1985-12-30",206,0.936363636363636,0.983181818181818,1985,12,30,"Winter",0.955312956211958,0.951112604164721,0.459607839584351,0.0230865478515625,4,26,23,FALSE,TRUE,TRUE,0.958795088346771,0.975487128077032
48,1633000,"1985-12-31",198,0.961165048543689,1.02648694504666,1985,12,31,"Winter",0.955312956211958,0.951112604164721,0.459607839584351,0.0230865478515625,4,26,23,FALSE,TRUE,TRUE,0.958795088346771,0.975487128077032
48,1633000,"1986-01-01",197,0.994949494949495,1.03514947454341,1986,1,1,"Winter",0.955312956211958,0.951112604164721,0.459607839584351,0.0230865478515625,4,26,23,FALSE,TRUE,TRUE,0.958795088346771,0.975487128077032
48,1633000,"1986-01-02",187,0.949238578680203,0.954057048622742,1986,1,2,"Winter",0.955312956211958,0.951112604164721,0.459607839584351,0.0230865478515625,4,26,23,FALSE,TRUE,TRUE,0.958795088346771,0.975487128077032
48,1633000,"1986-01-03",184,0.983957219251337,1.03657525236638,1986,1,3,"Winter",0.955312956211958,0.951112604164721,0.459607839584351,0.0230865478515625,4,26,23,FALSE,TRUE,TRUE,0.958795088346771,0.975487128077032
48,1633000,"1986-01-04",181,0.983695652173913,0.999734168241966,1986,1,4,"Winter",0.955312956211958,0.951112604164721,0.459607839584351,0.0230865478515625,4,26,23,FALSE,TRUE,TRUE,0.958795088346771,0.975487128077032
48,1633000,"1986-01-05",177,0.977900552486188,0.994108848936235,1986,1,5,"Winter",0.955312956211958,0.951112604164721,0.459607839584351,0.0230865478515625,4,26,23,FALSE,TRUE,TRUE,0.958795088346771,0.975487128077032
48,1633000,"1986-01-06",169,0.954802259887006,0.976379712087842,1986,1,6,"Winter",0.955312956211958,0.951112604164721,0.459607839584351,0.0230865478515625,4,26,23,FALSE,TRUE,TRUE,0.958795088346771,0.975487128077032
48,1633000,"1986-01-07",163,0.964497041420118,1.01015370610273,1986,1,7,"Winter",0.955312956211958,0.951112604164721,0.459607839584351,0.0230865478515625,4,26,23,FALSE,TRUE,TRUE,0.958795088346771,0.975487128077032
48,1633000,"1986-01-08",149,0.914110429447853,0.947758666114645,1986,1,8,"Winter",0.955312956211958,0.951112604164721,0.459607839584351,0.0230865478515625,4,26,23,FALSE,TRUE,TRUE,0.958795088346771,0.975487128077032
48,1633000,"1986-01-09",134,0.899328859060403,0.983829557227152,1986,1,9,"Winter",0.955312956211958,0.951112604164721,0.459607839584351,0.0230865478515625,4,26,23,FALSE,TRUE,TRUE,0.958795088346771,0.975487128077032
48,1633000,"1986-01-10",144,1.07462686567164,1.19492091779906,1986,1,10,"Winter",0.955312956211958,0.951112604164721,0.459607839584351,0.0230865478515625,4,26,23,FALSE,TRUE,TRUE,0.958795088346771,0.975487128077032
48,1633000,"1986-01-11",141,0.979166666666667,0.911168981481481,1986,1,11,"Winter",0.955312956211958,0.951112604164721,0.459607839584351,0.0230865478515625,4,26,23,FALSE,TRUE,TRUE,0.958795088346771,0.975487128077032
49,1633000,"1986-03-26",392,0.922352941176471,1.01567335640138,1986,3,26,"Spring",0.932077367209336,0.955499138010959,0.60216760635376,3.17096710205078e-05,7,15,9,FALSE,TRUE,TRUE,0.945713959528967,0.999620893494434
49,1633000,"1986-03-27",372,0.948979591836735,1.02886817992503,1986,3,27,"Spring",0.932077367209336,0.955499138010959,0.60216760635376,3.17096710205078e-05,7,15,9,FALSE,TRUE,TRUE,0.945713959528967,0.999620893494434
49,1633000,"1986-03-28",349,0.938172043010753,0.988611400161868,1986,3,28,"Spring",0.932077367209336,0.955499138010959,0.60216760635376,3.17096710205078e-05,7,15,9,FALSE,TRUE,TRUE,0.945713959528967,0.999620893494434
49,1633000,"1986-03-29",331,0.948424068767908,1.01092766069244,1986,3,29,"Spring",0.932077367209336,0.955499138010959,0.60216760635376,3.17096710205078e-05,7,15,9,FALSE,TRUE,TRUE,0.945713959528967,0.999620893494434
49,1633000,"1986-03-30",313,0.945619335347432,0.997042743311945,1986,3,30,"Spring",0.932077367209336,0.955499138010959,0.60216760635376,3.17096710205078e-05,7,15,9,FALSE,TRUE,TRUE,0.945713959528967,0.999620893494434
49,1633000,"1986-03-31",296,0.945686900958466,1.00007145117333,1986,3,31,"Spring",0.932077367209336,0.955499138010959,0.60216760635376,3.17096710205078e-05,7,15,9,FALSE,TRUE,TRUE,0.945713959528967,0.999620893494434
49,1633000,"1986-04-01",279,0.942567567567568,0.996701515704894,1986,4,1,"Spring",0.932077367209336,0.955499138010959,0.60216760635376,3.17096710205078e-05,7,15,9,FALSE,TRUE,TRUE,0.945713959528967,0.999620893494434
49,1633000,"1986-04-02",266,0.953405017921147,1.01149779679089,1986,4,2,"Spring",0.932077367209336,0.955499138010959,0.60216760635376,3.17096710205078e-05,7,15,9,FALSE,TRUE,TRUE,0.945713959528967,0.999620893494434
49,1633000,"1986-04-03",251,0.943609022556391,0.989725252982079,1986,4,3,"Spring",0.932077367209336,0.955499138010959,0.60216760635376,3.17096710205078e-05,7,15,9,FALSE,TRUE,TRUE,0.945713959528967,0.999620893494434
50,1633000,"1986-04-26",318,0.966565349544073,1.06351567335852,1986,4,26,"Spring",0.948988192018183,0.904716558878041,0.38107442855835,7.46250152587891e-05,6,19,14,FALSE,TRUE,TRUE,0.944801879020687,0.986692296641872
50,1633000,"1986-04-27",293,0.921383647798742,0.953255409200585,1986,4,27,"Spring",0.948988192018183,0.904716558878041,0.38107442855835,7.46250152587891e-05,6,19,14,FALSE,TRUE,TRUE,0.944801879020687,0.986692296641872
50,1633000,"1986-04-28",268,0.914675767918089,0.992719775419632,1986,4,28,"Spring",0.948988192018183,0.904716558878041,0.38107442855835,7.46250152587891e-05,6,19,14,FALSE,TRUE,TRUE,0.944801879020687,0.986692296641872
50,1633000,"1986-04-29",251,0.936567164179104,1.02393350412119,1986,4,29,"Spring",0.948988192018183,0.904716558878041,0.38107442855835,7.46250152587891e-05,6,19,14,FALSE,TRUE,TRUE,0.944801879020687,0.986692296641872
50,1633000,"1986-04-30",239,0.952191235059761,1.01668227488453,1986,4,30,"Spring",0.948988192018183,0.904716558878041,0.38107442855835,7.46250152587891e-05,6,19,14,FALSE,TRUE,TRUE,0.944801879020687,0.986692296641872
50,1633000,"1986-05-01",224,0.937238493723849,0.984296493408729,1986,5,1,"Spring",0.948988192018183,0.904716558878041,0.38107442855835,7.46250152587891e-05,6,19,14,FALSE,TRUE,TRUE,0.944801879020687,0.986692296641872
50,1633000,"1986-05-02",208,0.928571428571429,0.990752551020408,1986,5,2,"Spring",0.948988192018183,0.904716558878041,0.38107442855835,7.46250152587891e-05,6,19,14,FALSE,TRUE,TRUE,0.944801879020687,0.986692296641872
50,1633000,"1986-05-03",198,0.951923076923077,1.02514792899408,1986,5,3,"Spring",0.948988192018183,0.904716558878041,0.38107442855835,7.46250152587891e-05,6,19,14,FALSE,TRUE,TRUE,0.944801879020687,0.986692296641872
50,1633000,"1986-05-04",187,0.944444444444444,0.992143658810326,1986,5,4,"Spring",0.948988192018183,0.904716558878041,0.38107442855835,7.46250152587891e-05,6,19,14,FALSE,TRUE,TRUE,0.944801879020687,0.986692296641872
50,1633000,"1986-05-05",176,0.941176470588235,0.996539792387543,1986,5,5,"Spring",0.948988192018183,0.904716558878041,0.38107442855835,7.46250152587891e-05,6,19,14,FALSE,TRUE,TRUE,0.944801879020687,0.986692296641872
50,1633000,"1986-05-06",171,0.971590909090909,1.03231534090909,1986,5,6,"Spring",0.948988192018183,0.904716558878041,0.38107442855835,7.46250152587891e-05,6,19,14,FALSE,TRUE,TRUE,0.944801879020687,0.986692296641872
50,1633000,"1986-05-07",168,0.982456140350877,1.01118292808043,1986,5,7,"Spring",0.948988192018183,0.904716558878041,0.38107442855835,7.46250152587891e-05,6,19,14,FALSE,TRUE,TRUE,0.944801879020687,0.986692296641872
50,1633000,"1986-05-08",158,0.94047619047619,0.957270408163265,1986,5,8,"Spring",0.948988192018183,0.904716558878041,0.38107442855835,7.46250152587891e-05,6,19,14,FALSE,TRUE,TRUE,0.944801879020687,0.986692296641872
50,1633000,"1986-05-09",147,0.930379746835443,0.989264540938952,1986,5,9,"Spring",0.948988192018183,0.904716558878041,0.38107442855835,7.46250152587891e-05,6,19,14,FALSE,TRUE,TRUE,0.944801879020687,0.986692296641872
51,1633000,"1987-01-06",117,0.906976744186046,1.0124391563007,1987,1,6,"Winter",0.950711644140093,0.844228735101061,0.348082542419434,0.00217151641845703,6,14,9,FALSE,TRUE,TRUE,0.978100245383962,0.922675796174136
51,1633000,"1987-01-07",112,0.957264957264957,1.0554459785229,1987,1,7,"Winter",0.950711644140093,0.844228735101061,0.348082542419434,0.00217151641845703,6,14,9,FALSE,TRUE,TRUE,0.978100245383962,0.922675796174136
51,1633000,"1987-01-08",108,0.964285714285714,1.00733418367347,1987,1,8,"Winter",0.950711644140093,0.844228735101061,0.348082542419434,0.00217151641845703,6,14,9,FALSE,TRUE,TRUE,0.978100245383962,0.922675796174136
51,1633000,"1987-01-09",106,0.981481481481482,1.01783264746228,1987,1,9,"Winter",0.950711644140093,0.844228735101061,0.348082542419434,0.00217151641845703,6,14,9,FALSE,TRUE,TRUE,0.978100245383962,0.922675796174136
51,1633000,"1987-01-10",105,0.990566037735849,1.00925596297615,1987,1,10,"Winter",0.950711644140093,0.844228735101061,0.348082542419434,0.00217151641845703,6,14,9,FALSE,TRUE,TRUE,0.978100245383962,0.922675796174136
51,1633000,"1987-01-11",106,1.00952380952381,1.01913832199546,1987,1,11,"Winter",0.950711644140093,0.844228735101061,0.348082542419434,0.00217151641845703,6,14,9,FALSE,TRUE,TRUE,0.978100245383962,0.922675796174136
51,1633000,"1987-01-12",103,0.971698113207547,0.962531149875401,1987,1,12,"Winter",0.950711644140093,0.844228735101061,0.348082542419434,0.00217151641845703,6,14,9,FALSE,TRUE,TRUE,0.978100245383962,0.922675796174136
51,1633000,"1987-01-13",98,0.951456310679612,0.979168630408144,1987,1,13,"Winter",0.950711644140093,0.844228735101061,0.348082542419434,0.00217151641845703,6,14,9,FALSE,TRUE,TRUE,0.978100245383962,0.922675796174136
51,1633000,"1987-01-14",95,0.969387755102041,1.01884631403582,1987,1,14,"Winter",0.950711644140093,0.844228735101061,0.348082542419434,0.00217151641845703,6,14,9,FALSE,TRUE,TRUE,0.978100245383962,0.922675796174136
52,1633000,"1987-03-15",379,0.913253012048193,1.04088837276818,1987,3,15,"Spring",0.955296835095728,0.935507079007729,0.367394685745239,0.012937068939209,4,19,16,FALSE,TRUE,TRUE,0.963272245485586,0.98321239891626
52,1633000,"1987-03-16",366,0.965699208443272,1.05742789315028,1987,3,16,"Spring",0.955296835095728,0.935507079007729,0.367394685745239,0.012937068939209,4,19,16,FALSE,TRUE,TRUE,0.963272245485586,0.98321239891626
52,1633000,"1987-03-17",347,0.948087431693989,0.981762668338858,1987,3,17,"Spring",0.955296835095728,0.935507079007729,0.367394685745239,0.012937068939209,4,19,16,FALSE,TRUE,TRUE,0.963272245485586,0.98321239891626
52,1633000,"1987-03-18",326,0.939481268011527,0.990922605453081,1987,3,18,"Spring",0.955296835095728,0.935507079007729,0.367394685745239,0.012937068939209,4,19,16,FALSE,TRUE,TRUE,0.963272245485586,0.98321239891626
52,1633000,"1987-03-19",329,1.00920245398773,1.07421242801761,1987,3,19,"Spring",0.955296835095728,0.935507079007729,0.367394685745239,0.012937068939209,4,19,16,FALSE,TRUE,TRUE,0.963272245485586,0.98321239891626
52,1633000,"1987-03-20",323,0.981762917933131,0.972810672480853,1987,3,20,"Spring",0.955296835095728,0.935507079007729,0.367394685745239,0.012937068939209,4,19,16,FALSE,TRUE,TRUE,0.963272245485586,0.98321239891626
52,1633000,"1987-03-21",312,0.96594427244582,0.983887509704876,1987,3,21,"Spring",0.955296835095728,0.935507079007729,0.367394685745239,0.012937068939209,4,19,16,FALSE,TRUE,TRUE,0.963272245485586,0.98321239891626
52,1633000,"1987-03-22",299,0.958333333333333,0.992120726495726,1987,3,22,"Spring",0.955296835095728,0.935507079007729,0.367394685745239,0.012937068939209,4,19,16,FALSE,TRUE,TRUE,0.963272245485586,0.98321239891626
52,1633000,"1987-03-23",282,0.94314381270903,0.98415006543551,1987,3,23,"Spring",0.955296835095728,0.935507079007729,0.367394685745239,0.012937068939209,4,19,16,FALSE,TRUE,TRUE,0.963272245485586,0.98321239891626
52,1633000,"1987-03-24",264,0.936170212765957,0.992606005734118,1987,3,24,"Spring",0.955296835095728,0.935507079007729,0.367394685745239,0.012937068939209,4,19,16,FALSE,TRUE,TRUE,0.963272245485586,0.98321239891626
52,1633000,"1987-03-25",253,0.958333333333333,1.02367424242424,1987,3,25,"Spring",0.955296835095728,0.935507079007729,0.367394685745239,0.012937068939209,4,19,16,FALSE,TRUE,TRUE,0.963272245485586,0.98321239891626
52,1633000,"1987-03-26",248,0.980237154150198,1.02285616085238,1987,3,26,"Spring",0.955296835095728,0.935507079007729,0.367394685745239,0.012937068939209,4,19,16,FALSE,TRUE,TRUE,0.963272245485586,0.98321239891626
52,1633000,"1987-03-27",232,0.935483870967742,0.954344432882414,1987,3,27,"Spring",0.955296835095728,0.935507079007729,0.367394685745239,0.012937068939209,4,19,16,FALSE,TRUE,TRUE,0.963272245485586,0.98321239891626
52,1633000,"1987-03-28",234,1.00862068965517,1.0781807372176,1987,3,28,"Spring",0.955296835095728,0.935507079007729,0.367394685745239,0.012937068939209,4,19,16,FALSE,TRUE,TRUE,0.963272245485586,0.98321239891626
52,1633000,"1987-03-29",226,0.965811965811966,0.957557162685368,1987,3,29,"Spring",0.955296835095728,0.935507079007729,0.367394685745239,0.012937068939209,4,19,16,FALSE,TRUE,TRUE,0.963272245485586,0.98321239891626
52,1633000,"1987-03-30",222,0.982300884955752,1.01707259769755,1987,3,30,"Spring",0.955296835095728,0.935507079007729,0.367394685745239,0.012937068939209,4,19,16,FALSE,TRUE,TRUE,0.963272245485586,0.98321239891626
53,1633000,"1987-07-14",91,0.928571428571429,0.994897959183674,1987,7,14,"Summer",0.963230444381279,0.9755337302635,0.528069972991943,0.528069972991943,1,16,16,FALSE,TRUE,TRUE,0.962873206508695,0.971262899431538
53,1633000,"1987-07-15",92,1.01098901098901,1.0887573964497,1987,7,15,"Summer",0.963230444381279,0.9755337302635,0.528069972991943,0.528069972991943,1,16,16,FALSE,TRUE,TRUE,0.962873206508695,0.971262899431538
53,1633000,"1987-07-16",88,0.956521739130435,0.946124763705104,1987,7,16,"Summer",0.963230444381279,0.9755337302635,0.528069972991943,0.528069972991943,1,16,16,FALSE,TRUE,TRUE,0.962873206508695,0.971262899431538
53,1633000,"1987-07-17",83,0.943181818181818,0.986053719008264,1987,7,17,"Summer",0.963230444381279,0.9755337302635,0.528069972991943,0.528069972991943,1,16,16,FALSE,TRUE,TRUE,0.962873206508695,0.971262899431538
53,1633000,"1987-07-18",80,0.963855421686747,1.02191900130643,1987,7,18,"Summer",0.963230444381279,0.9755337302635,0.528069972991943,0.528069972991943,1,16,16,FALSE,TRUE,TRUE,0.962873206508695,0.971262899431538
53,1633000,"1987-07-19",77,0.9625,0.99859375,1987,7,19,"Summer",0.963230444381279,0.9755337302635,0.528069972991943,0.528069972991943,1,16,16,FALSE,TRUE,TRUE,0.962873206508695,0.971262899431538
53,1633000,"1987-07-20",74,0.961038961038961,0.998482037443076,1987,7,20,"Summer",0.963230444381279,0.9755337302635,0.528069972991943,0.528069972991943,1,16,16,FALSE,TRUE,TRUE,0.962873206508695,0.971262899431538
53,1633000,"1987-07-21",68,0.918918918918919,0.956172388604821,1987,7,21,"Summer",0.963230444381279,0.9755337302635,0.528069972991943,0.528069972991943,1,16,16,FALSE,TRUE,TRUE,0.962873206508695,0.971262899431538
53,1633000,"1987-07-22",64,0.941176470588235,1.0242214532872,1987,7,22,"Summer",0.963230444381279,0.9755337302635,0.528069972991943,0.528069972991943,1,16,16,FALSE,TRUE,TRUE,0.962873206508695,0.971262899431538
53,1633000,"1987-07-23",62,0.96875,1.029296875,1987,7,23,"Summer",0.963230444381279,0.9755337302635,0.528069972991943,0.528069972991943,1,16,16,FALSE,TRUE,TRUE,0.962873206508695,0.971262899431538
53,1633000,"1987-07-24",62,1,1.03225806451613,1987,7,24,"Summer",0.963230444381279,0.9755337302635,0.528069972991943,0.528069972991943,1,16,16,FALSE,TRUE,TRUE,0.962873206508695,0.971262899431538
53,1633000,"1987-07-25",61,0.983870967741935,0.983870967741935,1987,7,25,"Summer",0.963230444381279,0.9755337302635,0.528069972991943,0.528069972991943,1,16,16,FALSE,TRUE,TRUE,0.962873206508695,0.971262899431538
53,1633000,"1987-07-26",61,1,1.01639344262295,1987,7,26,"Summer",0.963230444381279,0.9755337302635,0.528069972991943,0.528069972991943,1,16,16,FALSE,TRUE,TRUE,0.962873206508695,0.971262899431538
53,1633000,"1987-07-27",58,0.950819672131147,0.950819672131147,1987,7,27,"Summer",0.963230444381279,0.9755337302635,0.528069972991943,0.528069972991943,1,16,16,FALSE,TRUE,TRUE,0.962873206508695,0.971262899431538
53,1633000,"1987-07-28",55,0.948275862068966,0.997324613555291,1987,7,28,"Summer",0.963230444381279,0.9755337302635,0.528069972991943,0.528069972991943,1,16,16,FALSE,TRUE,TRUE,0.962873206508695,0.971262899431538
53,1633000,"1987-07-29",53,0.963636363636364,1.01619834710744,1987,7,29,"Summer",0.963230444381279,0.9755337302635,0.528069972991943,0.528069972991943,1,16,16,FALSE,TRUE,TRUE,0.962873206508695,0.971262899431538
54,1633000,"1987-10-06",120,0.975609756097561,1.03906404917708,1987,10,6,"Fall",0.966658746348139,0.918219578887874,0.381032347679138,0.00417411327362061,9,28,20,FALSE,TRUE,TRUE,0.978546100958906,0.892084206882009
54,1633000,"1987-10-07",116,0.966666666666667,0.990833333333333,1987,10,7,"Fall",0.966658746348139,0.918219578887874,0.381032347679138,0.00417411327362061,9,28,20,FALSE,TRUE,TRUE,0.978546100958906,0.892084206882009
54,1633000,"1987-10-08",113,0.974137931034483,1.0077288941736,1987,10,8,"Fall",0.966658746348139,0.918219578887874,0.381032347679138,0.00417411327362061,9,28,20,FALSE,TRUE,TRUE,0.978546100958906,0.892084206882009
54,1633000,"1987-10-09",106,0.938053097345133,0.962957161876419,1987,10,9,"Fall",0.966658746348139,0.918219578887874,0.381032347679138,0.00417411327362061,9,28,20,FALSE,TRUE,TRUE,0.978546100958906,0.892084206882009
54,1633000,"1987-10-10",102,0.962264150943396,1.02580989676041,1987,10,10,"Fall",0.966658746348139,0.918219578887874,0.381032347679138,0.00417411327362061,9,28,20,FALSE,TRUE,TRUE,0.978546100958906,0.892084206882009
54,1633000,"1987-10-11",101,0.990196078431373,1.02902729719339,1987,10,11,"Fall",0.966658746348139,0.918219578887874,0.381032347679138,0.00417411327362061,9,28,20,FALSE,TRUE,TRUE,0.978546100958906,0.892084206882009
54,1633000,"1987-10-12",97,0.96039603960396,0.969904911283207,1987,10,12,"Fall",0.966658746348139,0.918219578887874,0.381032347679138,0.00417411327362061,9,28,20,FALSE,TRUE,TRUE,0.978546100958906,0.892084206882009
54,1633000,"1987-10-13",93,0.958762886597938,0.998299500478266,1987,10,13,"Fall",0.966658746348139,0.918219578887874,0.381032347679138,0.00417411327362061,9,28,20,FALSE,TRUE,TRUE,0.978546100958906,0.892084206882009
54,1633000,"1987-10-14",90,0.967741935483871,1.00936524453694,1987,10,14,"Fall",0.966658746348139,0.918219578887874,0.381032347679138,0.00417411327362061,9,28,20,FALSE,TRUE,TRUE,0.978546100958906,0.892084206882009
54,1633000,"1987-10-15",90,1,1.03333333333333,1987,10,15,"Fall",0.966658746348139,0.918219578887874,0.381032347679138,0.00417411327362061,9,28,20,FALSE,TRUE,TRUE,0.978546100958906,0.892084206882009
54,1633000,"1987-10-16",88,0.977777777777778,0.977777777777778,1987,10,16,"Fall",0.966658746348139,0.918219578887874,0.381032347679138,0.00417411327362061,9,28,20,FALSE,TRUE,TRUE,0.978546100958906,0.892084206882009
54,1633000,"1987-10-17",86,0.977272727272727,0.99948347107438,1987,10,17,"Fall",0.966658746348139,0.918219578887874,0.381032347679138,0.00417411327362061,9,28,20,FALSE,TRUE,TRUE,0.978546100958906,0.892084206882009
54,1633000,"1987-10-18",84,0.976744186046512,0.999459167117361,1987,10,18,"Fall",0.966658746348139,0.918219578887874,0.381032347679138,0.00417411327362061,9,28,20,FALSE,TRUE,TRUE,0.978546100958906,0.892084206882009
54,1633000,"1987-10-19",83,0.988095238095238,1.01162131519274,1987,10,19,"Fall",0.966658746348139,0.918219578887874,0.381032347679138,0.00417411327362061,9,28,20,FALSE,TRUE,TRUE,0.978546100958906,0.892084206882009
54,1633000,"1987-10-20",82,0.987951807228916,0.999854841050951,1987,10,20,"Fall",0.966658746348139,0.918219578887874,0.381032347679138,0.00417411327362061,9,28,20,FALSE,TRUE,TRUE,0.978546100958906,0.892084206882009
54,1633000,"1987-10-21",93,1.13414634146341,1.14797739440809,1987,10,21,"Fall",0.966658746348139,0.918219578887874,0.381032347679138,0.00417411327362061,9,28,20,FALSE,TRUE,TRUE,0.978546100958906,0.892084206882009
54,1633000,"1987-10-22",83,0.89247311827957,0.786911781708868,1987,10,22,"Fall",0.966658746348139,0.918219578887874,0.381032347679138,0.00417411327362061,9,28,20,FALSE,TRUE,TRUE,0.978546100958906,0.892084206882009
54,1633000,"1987-10-23",79,0.951807228915663,1.06648279866454,1987,10,23,"Fall",0.966658746348139,0.918219578887874,0.381032347679138,0.00417411327362061,9,28,20,FALSE,TRUE,TRUE,0.978546100958906,0.892084206882009
54,1633000,"1987-10-24",77,0.974683544303797,1.02403460983817,1987,10,24,"Fall",0.966658746348139,0.918219578887874,0.381032347679138,0.00417411327362061,9,28,20,FALSE,TRUE,TRUE,0.978546100958906,0.892084206882009
54,1633000,"1987-10-25",76,0.987012987012987,1.01264968797436,1987,10,25,"Fall",0.966658746348139,0.918219578887874,0.381032347679138,0.00417411327362061,9,28,20,FALSE,TRUE,TRUE,0.978546100958906,0.892084206882009
55,1633000,"1988-02-24",213,0.981566820276498,1.01323026609187,1988,2,24,"Winter",0.992530330893869,0.221782171179776,0.84297114610672,0.84297114610672,1,40,40,FALSE,TRUE,TRUE,0.991451257882499,0.268278008881129
55,1633000,"1988-02-25",203,0.953051643192488,0.970949326632723,1988,2,25,"Winter",0.992530330893869,0.221782171179776,0.84297114610672,0.84297114610672,1,40,40,FALSE,TRUE,TRUE,0.991451257882499,0.268278008881129
55,1633000,"1988-02-26",195,0.960591133004926,1.00791089325147,1988,2,26,"Winter",0.992530330893869,0.221782171179776,0.84297114610672,0.84297114610672,1,40,40,FALSE,TRUE,TRUE,0.991451257882499,0.268278008881129
55,1633000,"1988-02-27",191,0.979487179487179,1.01967126890204,1988,2,27,"Winter",0.992530330893869,0.221782171179776,0.84297114610672,0.84297114610672,1,40,40,FALSE,TRUE,TRUE,0.991451257882499,0.268278008881129
55,1633000,"1988-02-28",188,0.984293193717278,1.00490666374277,1988,2,28,"Winter",0.992530330893869,0.221782171179776,0.84297114610672,0.84297114610672,1,40,40,FALSE,TRUE,TRUE,0.991451257882499,0.268278008881129
55,1633000,"1988-02-29",182,0.968085106382979,0.983533272974196,1988,2,29,"Winter",0.992530330893869,0.221782171179776,0.84297114610672,0.84297114610672,1,40,40,FALSE,TRUE,TRUE,0.991451257882499,0.268278008881129
55,1633000,"1988-03-01",175,0.961538461538462,0.99323753169907,1988,3,1,"Spring",0.992530330893869,0.221782171179776,0.84297114610672,0.84297114610672,1,40,40,FALSE,TRUE,TRUE,0.991451257882499,0.268278008881129
55,1633000,"1988-03-02",170,0.971428571428571,1.01028571428571,1988,3,2,"Spring",0.992530330893869,0.221782171179776,0.84297114610672,0.84297114610672,1,40,40,FALSE,TRUE,TRUE,0.991451257882499,0.268278008881129
55,1633000,"1988-03-03",168,0.988235294117647,1.01730103806228,1988,3,3,"Spring",0.992530330893869,0.221782171179776,0.84297114610672,0.84297114610672,1,40,40,FALSE,TRUE,TRUE,0.991451257882499,0.268278008881129
55,1633000,"1988-03-04",188,1.11904761904762,1.13236961451247,1988,3,4,"Spring",0.992530330893869,0.221782171179776,0.84297114610672,0.84297114610672,1,40,40,FALSE,TRUE,TRUE,0.991451257882499,0.268278008881129
55,1633000,"1988-03-05",284,1.51063829787234,1.34993209597103,1988,3,5,"Spring",0.992530330893869,0.221782171179776,0.84297114610672,0.84297114610672,1,40,40,FALSE,TRUE,TRUE,0.991451257882499,0.268278008881129
55,1633000,"1988-03-06",285,1.00352112676056,0.664302717714739,1988,3,6,"Spring",0.992530330893869,0.221782171179776,0.84297114610672,0.84297114610672,1,40,40,FALSE,TRUE,TRUE,0.991451257882499,0.268278008881129
55,1633000,"1988-03-07",278,0.975438596491228,0.972016004924592,1988,3,7,"Spring",0.992530330893869,0.221782171179776,0.84297114610672,0.84297114610672,1,40,40,FALSE,TRUE,TRUE,0.991451257882499,0.268278008881129
55,1633000,"1988-03-08",272,0.97841726618705,1.00305367217018,1988,3,8,"Spring",0.992530330893869,0.221782171179776,0.84297114610672,0.84297114610672,1,40,40,FALSE,TRUE,TRUE,0.991451257882499,0.268278008881129
55,1633000,"1988-03-09",263,0.966911764705882,0.988240700692042,1988,3,9,"Spring",0.992530330893869,0.221782171179776,0.84297114610672,0.84297114610672,1,40,40,FALSE,TRUE,TRUE,0.991451257882499,0.268278008881129
55,1633000,"1988-03-10",260,0.988593155893536,1.02242333993552,1988,3,10,"Spring",0.992530330893869,0.221782171179776,0.84297114610672,0.84297114610672,1,40,40,FALSE,TRUE,TRUE,0.991451257882499,0.268278008881129
55,1633000,"1988-03-11",247,0.95,0.960961538461538,1988,3,11,"Spring",0.992530330893869,0.221782171179776,0.84297114610672,0.84297114610672,1,40,40,FALSE,TRUE,TRUE,0.991451257882499,0.268278008881129
55,1633000,"1988-03-12",234,0.947368421052632,0.997229916897507,1988,3,12,"Spring",0.992530330893869,0.221782171179776,0.84297114610672,0.84297114610672,1,40,40,FALSE,TRUE,TRUE,0.991451257882499,0.268278008881129
55,1633000,"1988-03-13",226,0.965811965811966,1.01946818613485,1988,3,13,"Spring",0.992530330893869,0.221782171179776,0.84297114610672,0.84297114610672,1,40,40,FALSE,TRUE,TRUE,0.991451257882499,0.268278008881129
55,1633000,"1988-03-14",217,0.960176991150443,0.994165557208865,1988,3,14,"Spring",0.992530330893869,0.221782171179776,0.84297114610672,0.84297114610672,1,40,40,FALSE,TRUE,TRUE,0.991451257882499,0.268278008881129
55,1633000,"1988-03-15",210,0.967741935483871,1.00787869778505,1988,3,15,"Spring",0.992530330893869,0.221782171179776,0.84297114610672,0.84297114610672,1,40,40,FALSE,TRUE,TRUE,0.991451257882499,0.268278008881129
55,1633000,"1988-03-16",200,0.952380952380952,0.984126984126984,1988,3,16,"Spring",0.992530330893869,0.221782171179776,0.84297114610672,0.84297114610672,1,40,40,FALSE,TRUE,TRUE,0.991451257882499,0.268278008881129
55,1633000,"1988-03-17",189,0.945,0.99225,1988,3,17,"Spring",0.992530330893869,0.221782171179776,0.84297114610672,0.84297114610672,1,40,40,FALSE,TRUE,TRUE,0.991451257882499,0.268278008881129
55,1633000,"1988-03-18",180,0.952380952380952,1.00781053162006,1988,3,18,"Spring",0.992530330893869,0.221782171179776,0.84297114610672,0.84297114610672,1,40,40,FALSE,TRUE,TRUE,0.991451257882499,0.268278008881129
55,1633000,"1988-03-19",175,0.972222222222222,1.02083333333333,1988,3,19,"Spring",0.992530330893869,0.221782171179776,0.84297114610672,0.84297114610672,1,40,40,FALSE,TRUE,TRUE,0.991451257882499,0.268278008881129
55,1633000,"1988-03-20",170,0.971428571428571,0.999183673469388,1988,3,20,"Spring",0.992530330893869,0.221782171179776,0.84297114610672,0.84297114610672,1,40,40,FALSE,TRUE,TRUE,0.991451257882499,0.268278008881129
55,1633000,"1988-03-21",166,0.976470588235294,1.00519031141869,1988,3,21,"Spring",0.992530330893869,0.221782171179776,0.84297114610672,0.84297114610672,1,40,40,FALSE,TRUE,TRUE,0.991451257882499,0.268278008881129
55,1633000,"1988-03-22",160,0.963855421686747,0.98708085353462,1988,3,22,"Spring",0.992530330893869,0.221782171179776,0.84297114610672,0.84297114610672,1,40,40,FALSE,TRUE,TRUE,0.991451257882499,0.268278008881129
55,1633000,"1988-03-23",153,0.95625,0.992109375,1988,3,23,"Spring",0.992530330893869,0.221782171179776,0.84297114610672,0.84297114610672,1,40,40,FALSE,TRUE,TRUE,0.991451257882499,0.268278008881129
55,1633000,"1988-03-24",147,0.96078431372549,1.00474176598744,1988,3,24,"Spring",0.992530330893869,0.221782171179776,0.84297114610672,0.84297114610672,1,40,40,FALSE,TRUE,TRUE,0.991451257882499,0.268278008881129
55,1633000,"1988-03-25",141,0.959183673469388,0.998334027488546,1988,3,25,"Spring",0.992530330893869,0.221782171179776,0.84297114610672,0.84297114610672,1,40,40,FALSE,TRUE,TRUE,0.991451257882499,0.268278008881129
55,1633000,"1988-03-26",162,1.14893617021277,1.19782707107288,1988,3,26,"Spring",0.992530330893869,0.221782171179776,0.84297114610672,0.84297114610672,1,40,40,FALSE,TRUE,TRUE,0.991451257882499,0.268278008881129
55,1633000,"1988-03-27",185,1.14197530864198,0.993941472336534,1988,3,27,"Spring",0.992530330893869,0.221782171179776,0.84297114610672,0.84297114610672,1,40,40,FALSE,TRUE,TRUE,0.991451257882499,0.268278008881129
55,1633000,"1988-03-28",175,0.945945945945946,0.828341855368882,1988,3,28,"Spring",0.992530330893869,0.221782171179776,0.84297114610672,0.84297114610672,1,40,40,FALSE,TRUE,TRUE,0.991451257882499,0.268278008881129
55,1633000,"1988-03-29",166,0.948571428571429,1.00277551020408,1988,3,29,"Spring",0.992530330893869,0.221782171179776,0.84297114610672,0.84297114610672,1,40,40,FALSE,TRUE,TRUE,0.991451257882499,0.268278008881129
55,1633000,"1988-03-30",161,0.969879518072289,1.02246334736537,1988,3,30,"Spring",0.992530330893869,0.221782171179776,0.84297114610672,0.84297114610672,1,40,40,FALSE,TRUE,TRUE,0.991451257882499,0.268278008881129
55,1633000,"1988-03-31",164,1.01863354037267,1.05026812237182,1988,3,31,"Spring",0.992530330893869,0.221782171179776,0.84297114610672,0.84297114610672,1,40,40,FALSE,TRUE,TRUE,0.991451257882499,0.268278008881129
55,1633000,"1988-04-01",165,1.00609756097561,0.987693337299227,1988,4,1,"Spring",0.992530330893869,0.221782171179776,0.84297114610672,0.84297114610672,1,40,40,FALSE,TRUE,TRUE,0.991451257882499,0.268278008881129
55,1633000,"1988-04-02",164,0.993939393939394,0.98791551882461,1988,4,2,"Spring",0.992530330893869,0.221782171179776,0.84297114610672,0.84297114610672,1,40,40,FALSE,TRUE,TRUE,0.991451257882499,0.268278008881129
55,1633000,"1988-04-03",162,0.98780487804878,0.993828078524688,1988,4,3,"Spring",0.992530330893869,0.221782171179776,0.84297114610672,0.84297114610672,1,40,40,FALSE,TRUE,TRUE,0.991451257882499,0.268278008881129
56,1633000,"1988-04-19",205,1,1.05853658536585,1988,4,19,"Spring",0.945795905209321,0.954799858391975,0.399612307548523,0.000273704528808594,8,22,15,FALSE,TRUE,TRUE,0.958145763041468,0.967261794777458
56,1633000,"1988-04-20",192,0.936585365853659,0.936585365853659,1988,4,20,"Spring",0.945795905209321,0.954799858391975,0.399612307548523,0.000273704528808594,8,22,15,FALSE,TRUE,TRUE,0.958145763041468,0.967261794777458
56,1633000,"1988-04-21",175,0.911458333333333,0.973171657986111,1988,4,21,"Spring",0.945795905209321,0.954799858391975,0.399612307548523,0.000273704528808594,8,22,15,FALSE,TRUE,TRUE,0.958145763041468,0.967261794777458
56,1633000,"1988-04-22",160,0.914285714285714,1.00310204081633,1988,4,22,"Spring",0.945795905209321,0.954799858391975,0.399612307548523,0.000273704528808594,8,22,15,FALSE,TRUE,TRUE,0.958145763041468,0.967261794777458
56,1633000,"1988-04-23",154,0.9625,1.052734375,1988,4,23,"Spring",0.945795905209321,0.954799858391975,0.399612307548523,0.000273704528808594,8,22,15,FALSE,TRUE,TRUE,0.958145763041468,0.967261794777458
56,1633000,"1988-04-24",150,0.974025974025974,1.01197503794906,1988,4,24,"Spring",0.945795905209321,0.954799858391975,0.399612307548523,0.000273704528808594,8,22,15,FALSE,TRUE,TRUE,0.958145763041468,0.967261794777458
56,1633000,"1988-04-25",145,0.966666666666667,0.992444444444444,1988,4,25,"Spring",0.945795905209321,0.954799858391975,0.399612307548523,0.000273704528808594,8,22,15,FALSE,TRUE,TRUE,0.958145763041468,0.967261794777458
56,1633000,"1988-04-26",136,0.937931034482759,0.970273483947681,1988,4,26,"Spring",0.945795905209321,0.954799858391975,0.399612307548523,0.000273704528808594,8,22,15,FALSE,TRUE,TRUE,0.958145763041468,0.967261794777458
56,1633000,"1988-04-27",131,0.963235294117647,1.02697880622837,1988,4,27,"Spring",0.945795905209321,0.954799858391975,0.399612307548523,0.000273704528808594,8,22,15,FALSE,TRUE,TRUE,0.958145763041468,0.967261794777458
56,1633000,"1988-04-28",128,0.977099236641221,1.01439310063516,1988,4,28,"Spring",0.945795905209321,0.954799858391975,0.399612307548523,0.000273704528808594,8,22,15,FALSE,TRUE,TRUE,0.958145763041468,0.967261794777458
56,1633000,"1988-04-29",125,0.9765625,0.99945068359375,1988,4,29,"Spring",0.945795905209321,0.954799858391975,0.399612307548523,0.000273704528808594,8,22,15,FALSE,TRUE,TRUE,0.958145763041468,0.967261794777458
56,1633000,"1988-04-30",120,0.96,0.98304,1988,4,30,"Spring",0.945795905209321,0.954799858391975,0.399612307548523,0.000273704528808594,8,22,15,FALSE,TRUE,TRUE,0.958145763041468,0.967261794777458
56,1633000,"1988-05-01",116,0.966666666666667,1.00694444444444,1988,5,1,"Spring",0.945795905209321,0.954799858391975,0.399612307548523,0.000273704528808594,8,22,15,FALSE,TRUE,TRUE,0.958145763041468,0.967261794777458
56,1633000,"1988-05-02",112,0.96551724137931,0.998810939357907,1988,5,2,"Spring",0.945795905209321,0.954799858391975,0.399612307548523,0.000273704528808594,8,22,15,FALSE,TRUE,TRUE,0.958145763041468,0.967261794777458
56,1633000,"1988-05-03",108,0.964285714285714,0.998724489795918,1988,5,3,"Spring",0.945795905209321,0.954799858391975,0.399612307548523,0.000273704528808594,8,22,15,FALSE,TRUE,TRUE,0.958145763041468,0.967261794777458
57,1633000,"1988-06-23",107,0.922413793103448,1.0098840665874,1988,6,23,"Summer",0.959624093197478,0.97495906316175,0.303096532821655,0.303096532821655,1,17,17,FALSE,TRUE,TRUE,0.958712053573106,0.977929866007824
57,1633000,"1988-06-24",105,0.981308411214953,1.06384837103677,1988,6,24,"Summer",0.959624093197478,0.97495906316175,0.303096532821655,0.303096532821655,1,17,17,FALSE,TRUE,TRUE,0.958712053573106,0.977929866007824
57,1633000,"1988-06-25",96,0.914285714285714,0.931700680272109,1988,6,25,"Summer",0.959624093197478,0.97495906316175,0.303096532821655,0.303096532821655,1,17,17,FALSE,TRUE,TRUE,0.958712053573106,0.977929866007824
57,1633000,"1988-06-26",91,0.947916666666667,1.03678385416667,1988,6,26,"Summer",0.959624093197478,0.97495906316175,0.303096532821655,0.303096532821655,1,17,17,FALSE,TRUE,TRUE,0.958712053573106,0.977929866007824
57,1633000,"1988-06-27",85,0.934065934065934,0.985388238135491,1988,6,27,"Summer",0.959624093197478,0.97495906316175,0.303096532821655,0.303096532821655,1,17,17,FALSE,TRUE,TRUE,0.958712053573106,0.977929866007824
57,1633000,"1988-06-28",81,0.952941176470588,1.02020761245675,1988,6,28,"Summer",0.959624093197478,0.97495906316175,0.303096532821655,0.303096532821655,1,17,17,FALSE,TRUE,TRUE,0.958712053573106,0.977929866007824
57,1633000,"1988-06-29",79,0.975308641975309,1.02347203170248,1988,6,29,"Summer",0.959624093197478,0.97495906316175,0.303096532821655,0.303096532821655,1,17,17,FALSE,TRUE,TRUE,0.958712053573106,0.977929866007824
57,1633000,"1988-06-30",77,0.974683544303797,0.999359077070982,1988,6,30,"Summer",0.959624093197478,0.97495906316175,0.303096532821655,0.303096532821655,1,17,17,FALSE,TRUE,TRUE,0.958712053573106,0.977929866007824
57,1633000,"1988-07-01",73,0.948051948051948,0.972676673975375,1988,7,1,"Summer",0.959624093197478,0.97495906316175,0.303096532821655,0.303096532821655,1,17,17,FALSE,TRUE,TRUE,0.958712053573106,0.977929866007824
57,1633000,"1988-07-02",72,0.986301369863014,1.04034528054044,1988,7,2,"Summer",0.959624093197478,0.97495906316175,0.303096532821655,0.303096532821655,1,17,17,FALSE,TRUE,TRUE,0.958712053573106,0.977929866007824
57,1633000,"1988-07-03",72,1,1.01388888888889,1988,7,3,"Summer",0.959624093197478,0.97495906316175,0.303096532821655,0.303096532821655,1,17,17,FALSE,TRUE,TRUE,0.958712053573106,0.977929866007824
57,1633000,"1988-07-04",71,0.986111111111111,0.986111111111111,1988,7,4,"Summer",0.959624093197478,0.97495906316175,0.303096532821655,0.303096532821655,1,17,17,FALSE,TRUE,TRUE,0.958712053573106,0.977929866007824
57,1633000,"1988-07-05",63,0.887323943661972,0.899821463995239,1988,7,5,"Summer",0.959624093197478,0.97495906316175,0.303096532821655,0.303096532821655,1,17,17,FALSE,TRUE,TRUE,0.958712053573106,0.977929866007824
57,1633000,"1988-07-06",60,0.952380952380952,1.07331821617536,1988,7,6,"Summer",0.959624093197478,0.97495906316175,0.303096532821655,0.303096532821655,1,17,17,FALSE,TRUE,TRUE,0.958712053573106,0.977929866007824
57,1633000,"1988-07-07",57,0.95,0.9975,1988,7,7,"Summer",0.959624093197478,0.97495906316175,0.303096532821655,0.303096532821655,1,17,17,FALSE,TRUE,TRUE,0.958712053573106,0.977929866007824
57,1633000,"1988-07-08",55,0.964912280701754,1.01569713758079,1988,7,8,"Summer",0.959624093197478,0.97495906316175,0.303096532821655,0.303096532821655,1,17,17,FALSE,TRUE,TRUE,0.958712053573106,0.977929866007824
57,1633000,"1988-07-09",53,0.963636363636364,0.998677685950413,1988,7,9,"Summer",0.959624093197478,0.97495906316175,0.303096532821655,0.303096532821655,1,17,17,FALSE,TRUE,TRUE,0.958712053573106,0.977929866007824
58,1633000,"1989-01-23",77,0.939024390243902,1.04208804283165,1989,1,23,"Winter",0.945917277812253,0.973592847819414,0.350201368331909,0.0160061120986938,4,14,11,FALSE,TRUE,TRUE,0.952286223064927,0.993689620110003
58,1633000,"1989-01-24",73,0.948051948051948,1.00961376286052,1989,1,24,"Winter",0.945917277812253,0.973592847819414,0.350201368331909,0.0160061120986938,4,14,11,FALSE,TRUE,TRUE,0.952286223064927,0.993689620110003
58,1633000,"1989-01-25",69,0.945205479452055,0.996997560517921,1989,1,25,"Winter",0.945917277812253,0.973592847819414,0.350201368331909,0.0160061120986938,4,14,11,FALSE,TRUE,TRUE,0.952286223064927,0.993689620110003
58,1633000,"1989-01-26",66,0.956521739130435,1.0119722747322,1989,1,26,"Winter",0.945917277812253,0.973592847819414,0.350201368331909,0.0160061120986938,4,14,11,FALSE,TRUE,TRUE,0.952286223064927,0.993689620110003
58,1633000,"1989-01-27",62,0.939393939393939,0.982093663911846,1989,1,27,"Winter",0.945917277812253,0.973592847819414,0.350201368331909,0.0160061120986938,4,14,11,FALSE,TRUE,TRUE,0.952286223064927,0.993689620110003
58,1633000,"1989-01-28",58,0.935483870967742,0.995837669094693,1989,1,28,"Winter",0.945917277812253,0.973592847819414,0.350201368331909,0.0160061120986938,4,14,11,FALSE,TRUE,TRUE,0.952286223064927,0.993689620110003
58,1633000,"1989-01-29",56,0.96551724137931,1.0321046373365,1989,1,29,"Winter",0.945917277812253,0.973592847819414,0.350201368331909,0.0160061120986938,4,14,11,FALSE,TRUE,TRUE,0.952286223064927,0.993689620110003
58,1633000,"1989-01-30",55,0.982142857142857,1.0172193877551,1989,1,30,"Winter",0.945917277812253,0.973592847819414,0.350201368331909,0.0160061120986938,4,14,11,FALSE,TRUE,TRUE,0.952286223064927,0.993689620110003
58,1633000,"1989-01-31",52,0.945454545454545,0.962644628099174,1989,1,31,"Winter",0.945917277812253,0.973592847819414,0.350201368331909,0.0160061120986938,4,14,11,FALSE,TRUE,TRUE,0.952286223064927,0.993689620110003
58,1633000,"1989-02-01",49,0.942307692307692,0.996671597633136,1989,2,1,"Winter",0.945917277812253,0.973592847819414,0.350201368331909,0.0160061120986938,4,14,11,FALSE,TRUE,TRUE,0.952286223064927,0.993689620110003
58,1633000,"1989-02-02",47,0.959183673469388,1.01790920449813,1989,2,2,"Winter",0.945917277812253,0.973592847819414,0.350201368331909,0.0160061120986938,4,14,11,FALSE,TRUE,TRUE,0.952286223064927,0.993689620110003
59,1633000,"1989-04-05",171,0.934426229508197,1.02633700618113,1989,4,5,"Spring",0.939551663140597,0.98126038396389,0.45067024230957,0.0175306797027588,4,15,12,FALSE,TRUE,TRUE,0.942947240854064,0.982004331319005
59,1633000,"1989-04-06",162,0.947368421052632,1.01385041551247,1989,4,6,"Spring",0.939551663140597,0.98126038396389,0.45067024230957,0.0175306797027588,4,15,12,FALSE,TRUE,TRUE,0.942947240854064,0.982004331319005
59,1633000,"1989-04-07",149,0.919753086419753,0.970850480109739,1989,4,7,"Spring",0.939551663140597,0.98126038396389,0.45067024230957,0.0175306797027588,4,15,12,FALSE,TRUE,TRUE,0.942947240854064,0.982004331319005
59,1633000,"1989-04-08",145,0.973154362416107,1.05806044772758,1989,4,8,"Spring",0.939551663140597,0.98126038396389,0.45067024230957,0.0175306797027588,4,15,12,FALSE,TRUE,TRUE,0.942947240854064,0.982004331319005
59,1633000,"1989-04-09",142,0.979310344827586,1.00632580261593,1989,4,9,"Spring",0.939551663140597,0.98126038396389,0.45067024230957,0.0175306797027588,4,15,12,FALSE,TRUE,TRUE,0.942947240854064,0.982004331319005
59,1633000,"1989-04-10",131,0.922535211267606,0.942025391787344,1989,4,10,"Spring",0.939551663140597,0.98126038396389,0.45067024230957,0.0175306797027588,4,15,12,FALSE,TRUE,TRUE,0.942947240854064,0.982004331319005
59,1633000,"1989-04-11",118,0.900763358778626,0.976399976691335,1989,4,11,"Spring",0.939551663140597,0.98126038396389,0.45067024230957,0.0175306797027588,4,15,12,FALSE,TRUE,TRUE,0.942947240854064,0.982004331319005
59,1633000,"1989-04-12",111,0.940677966101695,1.04431197931629,1989,4,12,"Spring",0.939551663140597,0.98126038396389,0.45067024230957,0.0175306797027588,4,15,12,FALSE,TRUE,TRUE,0.942947240854064,0.982004331319005
59,1633000,"1989-04-13",104,0.936936936936937,0.996023050077104,1989,4,13,"Spring",0.939551663140597,0.98126038396389,0.45067024230957,0.0175306797027588,4,15,12,FALSE,TRUE,TRUE,0.942947240854064,0.982004331319005
59,1633000,"1989-04-14",97,0.932692307692308,0.995469674556213,1989,4,14,"Spring",0.939551663140597,0.98126038396389,0.45067024230957,0.0175306797027588,4,15,12,FALSE,TRUE,TRUE,0.942947240854064,0.982004331319005
59,1633000,"1989-04-15",96,0.989690721649485,1.06111170156233,1989,4,15,"Spring",0.939551663140597,0.98126038396389,0.45067024230957,0.0175306797027588,4,15,12,FALSE,TRUE,TRUE,0.942947240854064,0.982004331319005
59,1633000,"1989-04-16",94,0.979166666666667,0.989366319444444,1989,4,16,"Spring",0.939551663140597,0.98126038396389,0.45067024230957,0.0175306797027588,4,15,12,FALSE,TRUE,TRUE,0.942947240854064,0.982004331319005
61,1633000,"1989-11-26",272,0.96113074204947,1.07320605826019,1989,11,26,"Fall",0.957654265921721,0.932332706370281,0.37269139289856,0.00112402439117432,5,16,12,FALSE,TRUE,TRUE,0.961379911619911,0.981466452431687
61,1633000,"1989-11-27",270,0.992647058823529,1.03279087370242,1989,11,27,"Fall",0.957654265921721,0.932332706370281,0.37269139289856,0.00112402439117432,5,16,12,FALSE,TRUE,TRUE,0.961379911619911,0.981466452431687
61,1633000,"1989-11-28",254,0.940740740740741,0.947709190672154,1989,11,28,"Fall",0.957654265921721,0.932332706370281,0.37269139289856,0.00112402439117432,5,16,12,FALSE,TRUE,TRUE,0.961379911619911,0.981466452431687
61,1633000,"1989-11-29",241,0.948818897637795,1.00858701717403,1989,11,29,"Fall",0.957654265921721,0.932332706370281,0.37269139289856,0.00112402439117432,5,16,12,FALSE,TRUE,TRUE,0.961379911619911,0.981466452431687
61,1633000,"1989-11-30",228,0.946058091286307,0.997090270484324,1989,11,30,"Fall",0.957654265921721,0.932332706370281,0.37269139289856,0.00112402439117432,5,16,12,FALSE,TRUE,TRUE,0.961379911619911,0.981466452431687
61,1633000,"1989-12-01",220,0.964912280701754,1.01992920898738,1989,12,1,"Winter",0.957654265921721,0.932332706370281,0.37269139289856,0.00112402439117432,5,16,12,FALSE,TRUE,TRUE,0.961379911619911,0.981466452431687
61,1633000,"1989-12-02",211,0.959090909090909,0.99396694214876,1989,12,2,"Winter",0.957654265921721,0.932332706370281,0.37269139289856,0.00112402439117432,5,16,12,FALSE,TRUE,TRUE,0.961379911619911,0.981466452431687
61,1633000,"1989-12-03",206,0.976303317535545,1.01794658700389,1989,12,3,"Winter",0.957654265921721,0.932332706370281,0.37269139289856,0.00112402439117432,5,16,12,FALSE,TRUE,TRUE,0.961379911619911,0.981466452431687
61,1633000,"1989-12-04",192,0.932038834951456,0.954661136770666,1989,12,4,"Winter",0.957654265921721,0.932332706370281,0.37269139289856,0.00112402439117432,5,16,12,FALSE,TRUE,TRUE,0.961379911619911,0.981466452431687
61,1633000,"1989-12-05",191,0.994791666666667,1.06732855902778,1989,12,5,"Winter",0.957654265921721,0.932332706370281,0.37269139289856,0.00112402439117432,5,16,12,FALSE,TRUE,TRUE,0.961379911619911,0.981466452431687
61,1633000,"1989-12-06",187,0.979057591623037,0.984183547600121,1989,12,6,"Winter",0.957654265921721,0.932332706370281,0.37269139289856,0.00112402439117432,5,16,12,FALSE,TRUE,TRUE,0.961379911619911,0.981466452431687
61,1633000,"1989-12-07",181,0.967914438502674,0.988618490663159,1989,12,7,"Winter",0.957654265921721,0.932332706370281,0.37269139289856,0.00112402439117432,5,16,12,FALSE,TRUE,TRUE,0.961379911619911,0.981466452431687
62,1633000,"1990-03-06",267,0.943462897526502,1.01347251183059,1990,3,6,"Spring",0.956204621387851,0.974956905161388,0.371093273162842,0.0435456037521362,7,16,10,FALSE,TRUE,TRUE,0.963867886400055,0.982445968040765
62,1633000,"1990-03-07",250,0.936329588014981,0.992439226248089,1990,3,7,"Spring",0.956204621387851,0.974956905161388,0.371093273162842,0.0435456037521362,7,16,10,FALSE,TRUE,TRUE,0.963867886400055,0.982445968040765
62,1633000,"1990-03-08",235,0.94,1.00392,1990,3,8,"Spring",0.956204621387851,0.974956905161388,0.371093273162842,0.0435456037521362,7,16,10,FALSE,TRUE,TRUE,0.963867886400055,0.982445968040765
62,1633000,"1990-03-09",228,0.970212765957447,1.03214124038026,1990,3,9,"Spring",0.956204621387851,0.974956905161388,0.371093273162842,0.0435456037521362,7,16,10,FALSE,TRUE,TRUE,0.963867886400055,0.982445968040765
62,1633000,"1990-03-10",222,0.973684210526316,1.00357802400739,1990,3,10,"Spring",0.956204621387851,0.974956905161388,0.371093273162842,0.0435456037521362,7,16,10,FALSE,TRUE,TRUE,0.963867886400055,0.982445968040765
62,1633000,"1990-03-11",216,0.972972972972973,0.99926953981008,1990,3,11,"Spring",0.956204621387851,0.974956905161388,0.371093273162842,0.0435456037521362,7,16,10,FALSE,TRUE,TRUE,0.963867886400055,0.982445968040765
62,1633000,"1990-03-12",210,0.972222222222222,0.999228395061728,1990,3,12,"Spring",0.956204621387851,0.974956905161388,0.371093273162842,0.0435456037521362,7,16,10,FALSE,TRUE,TRUE,0.963867886400055,0.982445968040765
62,1633000,"1990-03-13",201,0.957142857142857,0.984489795918367,1990,3,13,"Spring",0.956204621387851,0.974956905161388,0.371093273162842,0.0435456037521362,7,16,10,FALSE,TRUE,TRUE,0.963867886400055,0.982445968040765
62,1633000,"1990-03-14",193,0.960199004975124,1.00319299027252,1990,3,14,"Spring",0.956204621387851,0.974956905161388,0.371093273162842,0.0435456037521362,7,16,10,FALSE,TRUE,TRUE,0.963867886400055,0.982445968040765
62,1633000,"1990-03-15",187,0.968911917098446,1.00907406910253,1990,3,15,"Spring",0.956204621387851,0.974956905161388,0.371093273162842,0.0435456037521362,7,16,10,FALSE,TRUE,TRUE,0.963867886400055,0.982445968040765
63,1633000,"1990-04-25",289,0.941368078175896,1.02722575305839,1990,4,25,"Spring",0.971801983731095,0.977314884655266,0.620690703392029,0.620690703392029,1,15,15,FALSE,TRUE,TRUE,0.973363981506615,0.831903614951665
63,1633000,"1990-04-26",275,0.951557093425606,1.01082362519606,1990,4,26,"Spring",0.971801983731095,0.977314884655266,0.620690703392029,0.620690703392029,1,15,15,FALSE,TRUE,TRUE,0.973363981506615,0.831903614951665
63,1633000,"1990-04-27",264,0.96,1.00887272727273,1990,4,27,"Spring",0.971801983731095,0.977314884655266,0.620690703392029,0.620690703392029,1,15,15,FALSE,TRUE,TRUE,0.973363981506615,0.831903614951665
63,1633000,"1990-04-28",253,0.958333333333333,0.998263888888889,1990,4,28,"Spring",0.971801983731095,0.977314884655266,0.620690703392029,0.620690703392029,1,15,15,FALSE,TRUE,TRUE,0.973363981506615,0.831903614951665
63,1633000,"1990-04-29",259,1.02371541501976,1.06822478089019,1990,4,29,"Spring",0.971801983731095,0.977314884655266,0.620690703392029,0.620690703392029,1,15,15,FALSE,TRUE,TRUE,0.973363981506615,0.831903614951665
63,1633000,"1990-04-30",274,1.05791505791506,1.03340737317571,1990,4,30,"Spring",0.971801983731095,0.977314884655266,0.620690703392029,0.620690703392029,1,15,15,FALSE,TRUE,TRUE,0.973363981506615,0.831903614951665
63,1633000,"1990-05-01",249,0.908759124087591,0.859009537002504,1990,5,1,"Spring",0.971801983731095,0.977314884655266,0.620690703392029,0.620690703392029,1,15,15,FALSE,TRUE,TRUE,0.973363981506615,0.831903614951665
63,1633000,"1990-05-02",232,0.931726907630522,1.02527378590668,1990,5,2,"Spring",0.971801983731095,0.977314884655266,0.620690703392029,0.620690703392029,1,15,15,FALSE,TRUE,TRUE,0.973363981506615,0.831903614951665
63,1633000,"1990-05-03",219,0.943965517241379,1.01313540428062,1990,5,3,"Spring",0.971801983731095,0.977314884655266,0.620690703392029,0.620690703392029,1,15,15,FALSE,TRUE,TRUE,0.973363981506615,0.831903614951665
63,1633000,"1990-05-04",214,0.977168949771689,1.03517441254352,1990,5,4,"Spring",0.971801983731095,0.977314884655266,0.620690703392029,0.620690703392029,1,15,15,FALSE,TRUE,TRUE,0.973363981506615,0.831903614951665
63,1633000,"1990-05-05",247,1.15420560747664,1.18117302821207,1990,5,5,"Spring",0.971801983731095,0.977314884655266,0.620690703392029,0.620690703392029,1,15,15,FALSE,TRUE,TRUE,0.973363981506615,0.831903614951665
63,1633000,"1990-05-06",227,0.919028340080972,0.796243177236145,1990,5,6,"Spring",0.971801983731095,0.977314884655266,0.620690703392029,0.620690703392029,1,15,15,FALSE,TRUE,TRUE,0.973363981506615,0.831903614951665
63,1633000,"1990-05-07",209,0.920704845814978,1.00182421549031,1990,5,7,"Spring",0.971801983731095,0.977314884655266,0.620690703392029,0.620690703392029,1,15,15,FALSE,TRUE,TRUE,0.973363981506615,0.831903614951665
63,1633000,"1990-05-08",196,0.937799043062201,1.01856642476134,1990,5,8,"Spring",0.971801983731095,0.977314884655266,0.620690703392029,0.620690703392029,1,15,15,FALSE,TRUE,TRUE,0.973363981506615,0.831903614951665
63,1633000,"1990-05-09",184,0.938775510204082,1.00104123281966,1990,5,9,"Spring",0.971801983731095,0.977314884655266,0.620690703392029,0.620690703392029,1,15,15,FALSE,TRUE,TRUE,0.973363981506615,0.831903614951665
64,1633000,"1990-06-09",229,0.912350597609562,0.992317582260599,1990,6,9,"Summer",0.927265636341259,0.982488088517747,0.371093273162842,0.0117934942245483,5,14,10,FALSE,TRUE,TRUE,0.935132165069357,0.973068973693502
64,1633000,"1990-06-10",228,0.995633187772926,1.09128353768998,1990,6,10,"Summer",0.927265636341259,0.982488088517747,0.371093273162842,0.0117934942245483,5,14,10,FALSE,TRUE,TRUE,0.935132165069357,0.973068973693502
64,1633000,"1990-06-11",202,0.885964912280702,0.889850723299477,1990,6,11,"Summer",0.927265636341259,0.982488088517747,0.371093273162842,0.0117934942245483,5,14,10,FALSE,TRUE,TRUE,0.935132165069357,0.973068973693502
64,1633000,"1990-06-12",179,0.886138613861386,1.00019605920988,1990,6,12,"Summer",0.927265636341259,0.982488088517747,0.371093273162842,0.0117934942245483,5,14,10,FALSE,TRUE,TRUE,0.935132165069357,0.973068973693502
64,1633000,"1990-06-13",167,0.932960893854749,1.05283855060703,1990,6,13,"Summer",0.927265636341259,0.982488088517747,0.371093273162842,0.0117934942245483,5,14,10,FALSE,TRUE,TRUE,0.935132165069357,0.973068973693502
64,1633000,"1990-06-14",160,0.958083832335329,1.02692817956901,1990,6,14,"Summer",0.927265636341259,0.982488088517747,0.371093273162842,0.0117934942245483,5,14,10,FALSE,TRUE,TRUE,0.935132165069357,0.973068973693502
64,1633000,"1990-06-15",150,0.9375,0.978515625,1990,6,15,"Summer",0.927265636341259,0.982488088517747,0.371093273162842,0.0117934942245483,5,14,10,FALSE,TRUE,TRUE,0.935132165069357,0.973068973693502
64,1633000,"1990-06-16",144,0.96,1.024,1990,6,16,"Summer",0.927265636341259,0.982488088517747,0.371093273162842,0.0117934942245483,5,14,10,FALSE,TRUE,TRUE,0.935132165069357,0.973068973693502
64,1633000,"1990-06-17",137,0.951388888888889,0.991030092592593,1990,6,17,"Summer",0.927265636341259,0.982488088517747,0.371093273162842,0.0117934942245483,5,14,10,FALSE,TRUE,TRUE,0.935132165069357,0.973068973693502
64,1633000,"1990-06-18",128,0.934306569343066,0.98204486120731,1990,6,18,"Summer",0.927265636341259,0.982488088517747,0.371093273162842,0.0117934942245483,5,14,10,FALSE,TRUE,TRUE,0.935132165069357,0.973068973693502
65,1633000,"1990-11-15",247,0.96484375,1.01383972167969,1990,11,15,"Fall",0.967864332577376,0.997350968277711,0.404670238494873,0.183699011802673,2,19,18,FALSE,TRUE,TRUE,0.968153638418087,0.995949833025707
65,1633000,"1990-11-16",239,0.967611336032389,1.00286842924814,1990,11,16,"Fall",0.967864332577376,0.997350968277711,0.404670238494873,0.183699011802673,2,19,18,FALSE,TRUE,TRUE,0.968153638418087,0.995949833025707
65,1633000,"1990-11-17",233,0.97489539748954,1.00752787941388,1990,11,17,"Fall",0.967864332577376,0.997350968277711,0.404670238494873,0.183699011802673,2,19,18,FALSE,TRUE,TRUE,0.968153638418087,0.995949833025707
65,1633000,"1990-11-18",222,0.952789699570815,0.977325056641309,1990,11,18,"Fall",0.967864332577376,0.997350968277711,0.404670238494873,0.183699011802673,2,19,18,FALSE,TRUE,TRUE,0.968153638418087,0.995949833025707
65,1633000,"1990-11-19",215,0.968468468468468,1.01645564483402,1990,11,19,"Fall",0.967864332577376,0.997350968277711,0.404670238494873,0.183699011802673,2,19,18,FALSE,TRUE,TRUE,0.968153638418087,0.995949833025707
65,1633000,"1990-11-20",206,0.958139534883721,0.989334775554354,1990,11,20,"Fall",0.967864332577376,0.997350968277711,0.404670238494873,0.183699011802673,2,19,18,FALSE,TRUE,TRUE,0.968153638418087,0.995949833025707
65,1633000,"1990-11-21",198,0.961165048543689,1.0031576962956,1990,11,21,"Fall",0.967864332577376,0.997350968277711,0.404670238494873,0.183699011802673,2,19,18,FALSE,TRUE,TRUE,0.968153638418087,0.995949833025707
65,1633000,"1990-11-22",194,0.97979797979798,1.01938577696153,1990,11,22,"Fall",0.967864332577376,0.997350968277711,0.404670238494873,0.183699011802673,2,19,18,FALSE,TRUE,TRUE,0.968153638418087,0.995949833025707
65,1633000,"1990-11-23",194,1,1.02061855670103,1990,11,23,"Fall",0.967864332577376,0.997350968277711,0.404670238494873,0.183699011802673,2,19,18,FALSE,TRUE,TRUE,0.968153638418087,0.995949833025707
65,1633000,"1990-11-24",185,0.95360824742268,0.95360824742268,1990,11,24,"Fall",0.967864332577376,0.997350968277711,0.404670238494873,0.183699011802673,2,19,18,FALSE,TRUE,TRUE,0.968153638418087,0.995949833025707
65,1633000,"1990-11-25",177,0.956756756756757,1.00330168005844,1990,11,25,"Fall",0.967864332577376,0.997350968277711,0.404670238494873,0.183699011802673,2,19,18,FALSE,TRUE,TRUE,0.968153638418087,0.995949833025707
65,1633000,"1990-11-26",171,0.966101694915254,1.00976730824476,1990,11,26,"Fall",0.967864332577376,0.997350968277711,0.404670238494873,0.183699011802673,2,19,18,FALSE,TRUE,TRUE,0.968153638418087,0.995949833025707
65,1633000,"1990-11-27",165,0.964912280701754,0.998768851954448,1990,11,27,"Fall",0.967864332577376,0.997350968277711,0.404670238494873,0.183699011802673,2,19,18,FALSE,TRUE,TRUE,0.968153638418087,0.995949833025707
65,1633000,"1990-11-28",162,0.981818181818182,1.01752066115702,1990,11,28,"Fall",0.967864332577376,0.997350968277711,0.404670238494873,0.183699011802673,2,19,18,FALSE,TRUE,TRUE,0.968153638418087,0.995949833025707
65,1633000,"1990-11-29",157,0.969135802469136,0.98708276177412,1990,11,29,"Fall",0.967864332577376,0.997350968277711,0.404670238494873,0.183699011802673,2,19,18,FALSE,TRUE,TRUE,0.968153638418087,0.995949833025707
65,1633000,"1990-11-30",149,0.949044585987261,0.979268935859467,1990,11,30,"Fall",0.967864332577376,0.997350968277711,0.404670238494873,0.183699011802673,2,19,18,FALSE,TRUE,TRUE,0.968153638418087,0.995949833025707
65,1633000,"1990-12-01",147,0.986577181208054,1.03954776811855,1990,12,1,"Winter",0.967864332577376,0.997350968277711,0.404670238494873,0.183699011802673,2,19,18,FALSE,TRUE,TRUE,0.968153638418087,0.995949833025707
65,1633000,"1990-12-02",143,0.972789115646258,0.986024341709473,1990,12,2,"Winter",0.967864332577376,0.997350968277711,0.404670238494873,0.183699011802673,2,19,18,FALSE,TRUE,TRUE,0.968153638418087,0.995949833025707
66,1633000,"1991-01-31",465,0.976890756302521,1.02819804392345,1991,1,31,"Winter",0.952041836468511,0.889357335746465,0.42771053314209,0.000197529792785645,10,22,13,FALSE,TRUE,TRUE,0.974441031373904,0.818219924869131
66,1633000,"1991-02-01",416,0.894623655913979,0.915786796161406,1991,2,1,"Winter",0.952041836468511,0.889357335746465,0.42771053314209,0.000197529792785645,10,22,13,FALSE,TRUE,TRUE,0.974441031373904,0.818219924869131
66,1633000,"1991-02-02",390,0.9375,1.04792668269231,1991,2,2,"Winter",0.952041836468511,0.889357335746465,0.42771053314209,0.000197529792785645,10,22,13,FALSE,TRUE,TRUE,0.974441031373904,0.818219924869131
66,1633000,"1991-02-03",370,0.948717948717949,1.01196581196581,1991,2,3,"Winter",0.952041836468511,0.889357335746465,0.42771053314209,0.000197529792785645,10,22,13,FALSE,TRUE,TRUE,0.974441031373904,0.818219924869131
66,1633000,"1991-02-04",355,0.959459459459459,1.01132213294375,1991,2,4,"Winter",0.952041836468511,0.889357335746465,0.42771053314209,0.000197529792785645,10,22,13,FALSE,TRUE,TRUE,0.974441031373904,0.818219924869131
66,1633000,"1991-02-05",342,0.963380281690141,1.00408649077564,1991,2,5,"Winter",0.952041836468511,0.889357335746465,0.42771053314209,0.000197529792785645,10,22,13,FALSE,TRUE,TRUE,0.974441031373904,0.818219924869131
66,1633000,"1991-02-06",355,1.03801169590643,1.07746828083855,1991,2,6,"Winter",0.952041836468511,0.889357335746465,0.42771053314209,0.000197529792785645,10,22,13,FALSE,TRUE,TRUE,0.974441031373904,0.818219924869131
66,1633000,"1991-02-07",363,1.02253521126761,0.985090259869074,1991,2,7,"Winter",0.952041836468511,0.889357335746465,0.42771053314209,0.000197529792785645,10,22,13,FALSE,TRUE,TRUE,0.974441031373904,0.818219924869131
66,1633000,"1991-02-08",354,0.975206611570248,0.953714454841427,1991,2,8,"Winter",0.952041836468511,0.889357335746465,0.42771053314209,0.000197529792785645,10,22,13,FALSE,TRUE,TRUE,0.974441031373904,0.818219924869131
66,1633000,"1991-02-09",338,0.954802259887006,0.979076893612946,1991,2,9,"Winter",0.952041836468511,0.889357335746465,0.42771053314209,0.000197529792785645,10,22,13,FALSE,TRUE,TRUE,0.974441031373904,0.818219924869131
66,1633000,"1991-02-10",330,0.976331360946746,1.02254823010399,1991,2,10,"Winter",0.952041836468511,0.889357335746465,0.42771053314209,0.000197529792785645,10,22,13,FALSE,TRUE,TRUE,0.974441031373904,0.818219924869131
66,1633000,"1991-02-11",321,0.972727272727273,0.996308539944904,1991,2,11,"Winter",0.952041836468511,0.889357335746465,0.42771053314209,0.000197529792785645,10,22,13,FALSE,TRUE,TRUE,0.974441031373904,0.818219924869131
66,1633000,"1991-02-12",305,0.950155763239875,0.976795644452208,1991,2,12,"Winter",0.952041836468511,0.889357335746465,0.42771053314209,0.000197529792785645,10,22,13,FALSE,TRUE,TRUE,0.974441031373904,0.818219924869131
67,1633000,"1991-04-18",660,0.861618798955614,0.989849272951619,1991,4,18,"Spring",0.97207861784497,0.392369249385728,1,1,1,18,18,FALSE,TRUE,TRUE,0.977134583782858,0.190898718335909
67,1633000,"1991-04-19",581,0.88030303030303,1.02168503213958,1991,4,19,"Spring",0.97207861784497,0.392369249385728,1,1,1,18,18,FALSE,TRUE,TRUE,0.977134583782858,0.190898718335909
67,1633000,"1991-04-20",555,0.955249569707401,1.08513720483113,1991,4,20,"Spring",0.97207861784497,0.392369249385728,1,1,1,18,18,FALSE,TRUE,TRUE,0.977134583782858,0.190898718335909
67,1633000,"1991-04-21",508,0.915315315315315,0.958194951708465,1991,4,21,"Spring",0.97207861784497,0.392369249385728,1,1,1,18,18,FALSE,TRUE,TRUE,0.977134583782858,0.190898718335909
67,1633000,"1991-04-22",470,0.925196850393701,1.01079577159154,1991,4,22,"Spring",0.97207861784497,0.392369249385728,1,1,1,18,18,FALSE,TRUE,TRUE,0.977134583782858,0.190898718335909
67,1633000,"1991-04-23",427,0.908510638297872,0.981964689904934,1991,4,23,"Spring",0.97207861784497,0.392369249385728,1,1,1,18,18,FALSE,TRUE,TRUE,0.977134583782858,0.190898718335909
67,1633000,"1991-04-24",387,0.90632318501171,0.997592264532795,1991,4,24,"Spring",0.97207861784497,0.392369249385728,1,1,1,18,18,FALSE,TRUE,TRUE,0.977134583782858,0.190898718335909
67,1633000,"1991-04-25",357,0.922480620155039,1.01782745427959,1991,4,25,"Spring",0.97207861784497,0.392369249385728,1,1,1,18,18,FALSE,TRUE,TRUE,0.977134583782858,0.190898718335909
67,1633000,"1991-04-26",337,0.943977591036415,1.02330343902267,1991,4,26,"Spring",0.97207861784497,0.392369249385728,1,1,1,18,18,FALSE,TRUE,TRUE,0.977134583782858,0.190898718335909
67,1633000,"1991-04-27",320,0.949554896142433,1.00590830244169,1991,4,27,"Spring",0.97207861784497,0.392369249385728,1,1,1,18,18,FALSE,TRUE,TRUE,0.977134583782858,0.190898718335909
67,1633000,"1991-04-28",796,2.4875,2.6196484375,1991,4,28,"Spring",0.97207861784497,0.392369249385728,1,1,1,18,18,FALSE,TRUE,TRUE,0.977134583782858,0.190898718335909
67,1633000,"1991-04-29",666,0.836683417085427,0.336355142546905,1991,4,29,"Spring",0.97207861784497,0.392369249385728,1,1,1,18,18,FALSE,TRUE,TRUE,0.977134583782858,0.190898718335909
67,1633000,"1991-04-30",548,0.822822822822823,0.983433884334785,1991,4,30,"Spring",0.97207861784497,0.392369249385728,1,1,1,18,18,FALSE,TRUE,TRUE,0.977134583782858,0.190898718335909
67,1633000,"1991-05-01",468,0.854014598540146,1.03790825297032,1991,5,1,"Spring",0.97207861784497,0.392369249385728,1,1,1,18,18,FALSE,TRUE,TRUE,0.977134583782858,0.190898718335909
67,1633000,"1991-05-02",409,0.873931623931624,1.02332164511652,1991,5,2,"Spring",0.97207861784497,0.392369249385728,1,1,1,18,18,FALSE,TRUE,TRUE,0.977134583782858,0.190898718335909
67,1633000,"1991-05-03",362,0.885085574572127,1.01276295574512,1991,5,3,"Spring",0.97207861784497,0.392369249385728,1,1,1,18,18,FALSE,TRUE,TRUE,0.977134583782858,0.190898718335909
67,1633000,"1991-05-04",333,0.919889502762431,1.03932267024816,1991,5,4,"Spring",0.97207861784497,0.392369249385728,1,1,1,18,18,FALSE,TRUE,TRUE,0.977134583782858,0.190898718335909
67,1633000,"1991-05-05",309,0.927927927927928,1.00873846819793,1991,5,5,"Spring",0.97207861784497,0.392369249385728,1,1,1,18,18,FALSE,TRUE,TRUE,0.977134583782858,0.190898718335909
68,1633000,"1992-03-26",399,0.992537313432836,1.15302220242073,1992,3,26,"Spring",0.949493868857852,0.978254890372324,0.381032347679138,0.0141957998275757,4,23,20,FALSE,TRUE,TRUE,0.945801301685747,0.972829053130727
68,1633000,"1992-03-27",473,1.18546365914787,1.19437691974297,1992,3,27,"Spring",0.949493868857852,0.978254890372324,0.381032347679138,0.0141957998275757,4,23,20,FALSE,TRUE,TRUE,0.945801301685747,0.972829053130727
68,1633000,"1992-03-28",427,0.902748414376321,0.761515047222309,1992,3,28,"Spring",0.949493868857852,0.978254890372324,0.381032347679138,0.0141957998275757,4,23,20,FALSE,TRUE,TRUE,0.945801301685747,0.972829053130727
68,1633000,"1992-03-29",383,0.896955503512881,0.993583028481481,1992,3,29,"Spring",0.949493868857852,0.978254890372324,0.381032347679138,0.0141957998275757,4,23,20,FALSE,TRUE,TRUE,0.945801301685747,0.972829053130727
68,1633000,"1992-03-30",360,0.939947780678851,1.04793133772812,1992,3,30,"Spring",0.949493868857852,0.978254890372324,0.381032347679138,0.0141957998275757,4,23,20,FALSE,TRUE,TRUE,0.945801301685747,0.972829053130727
68,1633000,"1992-03-31",362,1.00555555555556,1.06979938271605,1992,3,31,"Spring",0.949493868857852,0.978254890372324,0.381032347679138,0.0141957998275757,4,23,20,FALSE,TRUE,TRUE,0.945801301685747,0.972829053130727
68,1633000,"1992-04-01",333,0.919889502762431,0.91480724031623,1992,4,1,"Spring",0.949493868857852,0.978254890372324,0.381032347679138,0.0141957998275757,4,23,20,FALSE,TRUE,TRUE,0.945801301685747,0.972829053130727
68,1633000,"1992-04-02",309,0.927927927927928,1.00873846819793,1992,4,2,"Spring",0.949493868857852,0.978254890372324,0.381032347679138,0.0141957998275757,4,23,20,FALSE,TRUE,TRUE,0.945801301685747,0.972829053130727
68,1633000,"1992-04-03",285,0.922330097087379,0.993967386181544,1992,4,3,"Spring",0.949493868857852,0.978254890372324,0.381032347679138,0.0141957998275757,4,23,20,FALSE,TRUE,TRUE,0.945801301685747,0.972829053130727
68,1633000,"1992-04-04",269,0.943859649122807,1.02334256694368,1992,4,4,"Spring",0.949493868857852,0.978254890372324,0.381032347679138,0.0141957998275757,4,23,20,FALSE,TRUE,TRUE,0.945801301685747,0.972829053130727
68,1633000,"1992-04-05",256,0.951672862453532,1.00827793977419,1992,4,5,"Spring",0.949493868857852,0.978254890372324,0.381032347679138,0.0141957998275757,4,23,20,FALSE,TRUE,TRUE,0.945801301685747,0.972829053130727
68,1633000,"1992-04-06",234,0.9140625,0.960479736328125,1992,4,6,"Spring",0.949493868857852,0.978254890372324,0.381032347679138,0.0141957998275757,4,23,20,FALSE,TRUE,TRUE,0.945801301685747,0.972829053130727
68,1633000,"1992-04-07",217,0.927350427350427,1.01453721966542,1992,4,7,"Spring",0.949493868857852,0.978254890372324,0.381032347679138,0.0141957998275757,4,23,20,FALSE,TRUE,TRUE,0.945801301685747,0.972829053130727
68,1633000,"1992-04-08",205,0.944700460829493,1.01870925269171,1992,4,8,"Spring",0.949493868857852,0.978254890372324,0.381032347679138,0.0141957998275757,4,23,20,FALSE,TRUE,TRUE,0.945801301685747,0.972829053130727
68,1633000,"1992-04-09",195,0.951219512195122,1.0069006543724,1992,4,9,"Spring",0.949493868857852,0.978254890372324,0.381032347679138,0.0141957998275757,4,23,20,FALSE,TRUE,TRUE,0.945801301685747,0.972829053130727
68,1633000,"1992-04-10",189,0.969230769230769,1.0189349112426,1992,4,10,"Spring",0.949493868857852,0.978254890372324,0.381032347679138,0.0141957998275757,4,23,20,FALSE,TRUE,TRUE,0.945801301685747,0.972829053130727
68,1633000,"1992-04-11",186,0.984126984126984,1.01536911060721,1992,4,11,"Spring",0.949493868857852,0.978254890372324,0.381032347679138,0.0141957998275757,4,23,20,FALSE,TRUE,TRUE,0.945801301685747,0.972829053130727
68,1633000,"1992-04-12",186,1,1.01612903225806,1992,4,12,"Spring",0.949493868857852,0.978254890372324,0.381032347679138,0.0141957998275757,4,23,20,FALSE,TRUE,TRUE,0.945801301685747,0.972829053130727
68,1633000,"1992-04-13",175,0.940860215053763,0.940860215053763,1992,4,13,"Spring",0.949493868857852,0.978254890372324,0.381032347679138,0.0141957998275757,4,23,20,FALSE,TRUE,TRUE,0.945801301685747,0.972829053130727
68,1633000,"1992-04-14",164,0.937142857142857,0.996048979591837,1992,4,14,"Spring",0.949493868857852,0.978254890372324,0.381032347679138,0.0141957998275757,4,23,20,FALSE,TRUE,TRUE,0.945801301685747,0.972829053130727
71,1633000,"1993-05-23",264,0.936170212765957,1.01584427342689,1993,5,23,"Spring",0.962372659223573,0.934366605828627,0.367394685745239,0.0532177686691284,3,18,16,FALSE,TRUE,TRUE,0.969846722596425,0.88817069961233
71,1633000,"1993-05-24",253,0.958333333333333,1.02367424242424,1993,5,24,"Spring",0.962372659223573,0.934366605828627,0.367394685745239,0.0532177686691284,3,18,16,FALSE,TRUE,TRUE,0.969846722596425,0.88817069961233
71,1633000,"1993-05-25",238,0.940711462450593,0.98161196081801,1993,5,25,"Spring",0.962372659223573,0.934366605828627,0.367394685745239,0.0532177686691284,3,18,16,FALSE,TRUE,TRUE,0.969846722596425,0.88817069961233
71,1633000,"1993-05-26",228,0.957983193277311,1.01836028529059,1993,5,26,"Spring",0.962372659223573,0.934366605828627,0.367394685745239,0.0532177686691284,3,18,16,FALSE,TRUE,TRUE,0.969846722596425,0.88817069961233
71,1633000,"1993-05-27",216,0.947368421052632,0.988919667590028,1993,5,27,"Spring",0.962372659223573,0.934366605828627,0.367394685745239,0.0532177686691284,3,18,16,FALSE,TRUE,TRUE,0.969846722596425,0.88817069961233
71,1633000,"1993-05-28",204,0.944444444444444,0.996913580246914,1993,5,28,"Spring",0.962372659223573,0.934366605828627,0.367394685745239,0.0532177686691284,3,18,16,FALSE,TRUE,TRUE,0.969846722596425,0.88817069961233
71,1633000,"1993-05-29",194,0.950980392156863,1.00692041522491,1993,5,29,"Spring",0.962372659223573,0.934366605828627,0.367394685745239,0.0532177686691284,3,18,16,FALSE,TRUE,TRUE,0.969846722596425,0.88817069961233
71,1633000,"1993-05-30",187,0.963917525773196,1.01360399617388,1993,5,30,"Spring",0.962372659223573,0.934366605828627,0.367394685745239,0.0532177686691284,3,18,16,FALSE,TRUE,TRUE,0.969846722596425,0.88817069961233
71,1633000,"1993-05-31",183,0.978609625668449,1.01524207154909,1993,5,31,"Spring",0.962372659223573,0.934366605828627,0.367394685745239,0.0532177686691284,3,18,16,FALSE,TRUE,TRUE,0.969846722596425,0.88817069961233
71,1633000,"1993-06-01",184,1.00546448087432,1.02744184657649,1993,6,1,"Summer",0.962372659223573,0.934366605828627,0.367394685745239,0.0532177686691284,3,18,16,FALSE,TRUE,TRUE,0.969846722596425,0.88817069961233
71,1633000,"1993-06-02",173,0.940217391304348,0.935107514177694,1993,6,2,"Summer",0.962372659223573,0.934366605828627,0.367394685745239,0.0532177686691284,3,18,16,FALSE,TRUE,TRUE,0.969846722596425,0.88817069961233
71,1633000,"1993-06-03",172,0.994219653179191,1.05743593170504,1993,6,3,"Summer",0.962372659223573,0.934366605828627,0.367394685745239,0.0532177686691284,3,18,16,FALSE,TRUE,TRUE,0.969846722596425,0.88817069961233
71,1633000,"1993-06-04",168,0.976744186046512,0.982422931314224,1993,6,4,"Summer",0.962372659223573,0.934366605828627,0.367394685745239,0.0532177686691284,3,18,16,FALSE,TRUE,TRUE,0.969846722596425,0.88817069961233
71,1633000,"1993-06-05",184,1.0952380952381,1.12131519274376,1993,6,5,"Summer",0.962372659223573,0.934366605828627,0.367394685745239,0.0532177686691284,3,18,16,FALSE,TRUE,TRUE,0.969846722596425,0.88817069961233
71,1633000,"1993-06-06",173,0.940217391304348,0.858459357277883,1993,6,6,"Summer",0.962372659223573,0.934366605828627,0.367394685745239,0.0532177686691284,3,18,16,FALSE,TRUE,TRUE,0.969846722596425,0.88817069961233
71,1633000,"1993-06-07",158,0.913294797687861,0.971365565170905,1993,6,7,"Summer",0.962372659223573,0.934366605828627,0.367394685745239,0.0532177686691284,3,18,16,FALSE,TRUE,TRUE,0.969846722596425,0.88817069961233
72,1633000,"1994-05-20",346,0.950549450549451,1.01844583987441,1994,5,20,"Spring",0.954191669655576,0.991500298895301,0.324423551559448,0.0230464935302734,2,15,14,FALSE,TRUE,TRUE,0.953639516280566,0.988736888965073
72,1633000,"1994-05-21",326,0.942196531791908,0.991212536335995,1994,5,21,"Spring",0.954191669655576,0.991500298895301,0.324423551559448,0.0230464935302734,2,15,14,FALSE,TRUE,TRUE,0.953639516280566,0.988736888965073
72,1633000,"1994-05-22",301,0.923312883435583,0.979957845609545,1994,5,22,"Spring",0.954191669655576,0.991500298895301,0.324423551559448,0.0230464935302734,2,15,14,FALSE,TRUE,TRUE,0.953639516280566,0.988736888965073
72,1633000,"1994-05-23",282,0.93687707641196,1.01469078707741,1994,5,23,"Spring",0.954191669655576,0.991500298895301,0.324423551559448,0.0230464935302734,2,15,14,FALSE,TRUE,TRUE,0.953639516280566,0.988736888965073
72,1633000,"1994-05-24",265,0.939716312056738,1.0030305316634,1994,5,24,"Spring",0.954191669655576,0.991500298895301,0.324423551559448,0.0230464935302734,2,15,14,FALSE,TRUE,TRUE,0.953639516280566,0.988736888965073
72,1633000,"1994-05-25",261,0.984905660377358,1.04808828764685,1994,5,25,"Spring",0.954191669655576,0.991500298895301,0.324423551559448,0.0230464935302734,2,15,14,FALSE,TRUE,TRUE,0.953639516280566,0.988736888965073
72,1633000,"1994-05-26",259,0.992337164750958,1.00754539716093,1994,5,26,"Spring",0.954191669655576,0.991500298895301,0.324423551559448,0.0230464935302734,2,15,14,FALSE,TRUE,TRUE,0.953639516280566,0.988736888965073
72,1633000,"1994-05-27",245,0.945945945945946,0.953250547845142,1994,5,27,"Spring",0.954191669655576,0.991500298895301,0.324423551559448,0.0230464935302734,2,15,14,FALSE,TRUE,TRUE,0.953639516280566,0.988736888965073
72,1633000,"1994-05-28",229,0.93469387755102,0.988104956268222,1994,5,28,"Spring",0.954191669655576,0.991500298895301,0.324423551559448,0.0230464935302734,2,15,14,FALSE,TRUE,TRUE,0.953639516280566,0.988736888965073
72,1633000,"1994-05-29",219,0.956331877729258,1.0231498255182,1994,5,29,"Spring",0.954191669655576,0.991500298895301,0.324423551559448,0.0230464935302734,2,15,14,FALSE,TRUE,TRUE,0.953639516280566,0.988736888965073
72,1633000,"1994-05-30",209,0.954337899543379,0.997914972581889,1994,5,30,"Spring",0.954191669655576,0.991500298895301,0.324423551559448,0.0230464935302734,2,15,14,FALSE,TRUE,TRUE,0.953639516280566,0.988736888965073
72,1633000,"1994-05-31",199,0.952153110047847,0.997710675121906,1994,5,31,"Spring",0.954191669655576,0.991500298895301,0.324423551559448,0.0230464935302734,2,15,14,FALSE,TRUE,TRUE,0.953639516280566,0.988736888965073
72,1633000,"1994-06-01",191,0.959798994974874,1.00803010024999,1994,6,1,"Summer",0.954191669655576,0.991500298895301,0.324423551559448,0.0230464935302734,2,15,14,FALSE,TRUE,TRUE,0.953639516280566,0.988736888965073
72,1633000,"1994-06-02",180,0.942408376963351,0.981880979139826,1994,6,2,"Summer",0.954191669655576,0.991500298895301,0.324423551559448,0.0230464935302734,2,15,14,FALSE,TRUE,TRUE,0.953639516280566,0.988736888965073
73,1633000,"1994-06-21",160,0.888888888888889,0.987654320987654,1994,6,21,"Summer",0.968766751476081,0.9895400636545,0.525992512702942,0.525992512702942,1,21,21,FALSE,TRUE,TRUE,0.970682230327017,0.963007592392834
73,1633000,"1994-06-22",150,0.9375,1.0546875,1994,6,22,"Summer",0.968766751476081,0.9895400636545,0.525992512702942,0.525992512702942,1,21,21,FALSE,TRUE,TRUE,0.970682230327017,0.963007592392834
73,1633000,"1994-06-23",146,0.973333333333333,1.03822222222222,1994,6,23,"Summer",0.968766751476081,0.9895400636545,0.525992512702942,0.525992512702942,1,21,21,FALSE,TRUE,TRUE,0.970682230327017,0.963007592392834
73,1633000,"1994-06-24",144,0.986301369863014,1.01332332520173,1994,6,24,"Summer",0.968766751476081,0.9895400636545,0.525992512702942,0.525992512702942,1,21,21,FALSE,TRUE,TRUE,0.970682230327017,0.963007592392834
73,1633000,"1994-06-25",142,0.986111111111111,0.999807098765432,1994,6,25,"Summer",0.968766751476081,0.9895400636545,0.525992512702942,0.525992512702942,1,21,21,FALSE,TRUE,TRUE,0.970682230327017,0.963007592392834
73,1633000,"1994-06-26",139,0.97887323943662,0.992660186470938,1994,6,26,"Summer",0.968766751476081,0.9895400636545,0.525992512702942,0.525992512702942,1,21,21,FALSE,TRUE,TRUE,0.970682230327017,0.963007592392834
73,1633000,"1994-06-27",134,0.964028776978417,0.984835153459966,1994,6,27,"Summer",0.968766751476081,0.9895400636545,0.525992512702942,0.525992512702942,1,21,21,FALSE,TRUE,TRUE,0.970682230327017,0.963007592392834
73,1633000,"1994-06-28",130,0.970149253731343,1.00634885275117,1994,6,28,"Summer",0.968766751476081,0.9895400636545,0.525992512702942,0.525992512702942,1,21,21,FALSE,TRUE,TRUE,0.970682230327017,0.963007592392834
73,1633000,"1994-06-29",133,1.02307692307692,1.05455621301775,1994,6,29,"Summer",0.968766751476081,0.9895400636545,0.525992512702942,0.525992512702942,1,21,21,FALSE,TRUE,TRUE,0.970682230327017,0.963007592392834
73,1633000,"1994-06-30",130,0.977443609022556,0.95539600881904,1994,6,30,"Summer",0.968766751476081,0.9895400636545,0.525992512702942,0.525992512702942,1,21,21,FALSE,TRUE,TRUE,0.970682230327017,0.963007592392834
73,1633000,"1994-07-01",120,0.923076923076923,0.944378698224852,1994,7,1,"Summer",0.968766751476081,0.9895400636545,0.525992512702942,0.525992512702942,1,21,21,FALSE,TRUE,TRUE,0.970682230327017,0.963007592392834
73,1633000,"1994-07-02",110,0.916666666666667,0.993055555555555,1994,7,2,"Summer",0.968766751476081,0.9895400636545,0.525992512702942,0.525992512702942,1,21,21,FALSE,TRUE,TRUE,0.970682230327017,0.963007592392834
73,1633000,"1994-07-03",115,1.04545454545455,1.1404958677686,1994,7,3,"Summer",0.968766751476081,0.9895400636545,0.525992512702942,0.525992512702942,1,21,21,FALSE,TRUE,TRUE,0.970682230327017,0.963007592392834
73,1633000,"1994-07-04",105,0.91304347826087,0.873345935727788,1994,7,4,"Summer",0.968766751476081,0.9895400636545,0.525992512702942,0.525992512702942,1,21,21,FALSE,TRUE,TRUE,0.970682230327017,0.963007592392834
73,1633000,"1994-07-05",98,0.933333333333333,1.02222222222222,1994,7,5,"Summer",0.968766751476081,0.9895400636545,0.525992512702942,0.525992512702942,1,21,21,FALSE,TRUE,TRUE,0.970682230327017,0.963007592392834
73,1633000,"1994-07-06",97,0.989795918367347,1.06049562682216,1994,7,6,"Summer",0.968766751476081,0.9895400636545,0.525992512702942,0.525992512702942,1,21,21,FALSE,TRUE,TRUE,0.970682230327017,0.963007592392834
73,1633000,"1994-07-07",96,0.989690721649485,0.999893718779892,1994,7,7,"Summer",0.968766751476081,0.9895400636545,0.525992512702942,0.525992512702942,1,21,21,FALSE,TRUE,TRUE,0.970682230327017,0.963007592392834
73,1633000,"1994-07-08",95,0.989583333333333,0.999891493055556,1994,7,8,"Summer",0.968766751476081,0.9895400636545,0.525992512702942,0.525992512702942,1,21,21,FALSE,TRUE,TRUE,0.970682230327017,0.963007592392834
73,1633000,"1994-07-09",99,1.04210526315789,1.05307479224377,1994,7,9,"Summer",0.968766751476081,0.9895400636545,0.525992512702942,0.525992512702942,1,21,21,FALSE,TRUE,TRUE,0.970682230327017,0.963007592392834
73,1633000,"1994-07-10",93,0.939393939393939,0.901438628711356,1994,7,10,"Summer",0.968766751476081,0.9895400636545,0.525992512702942,0.525992512702942,1,21,21,FALSE,TRUE,TRUE,0.970682230327017,0.963007592392834
73,1633000,"1994-07-11",87,0.935483870967742,0.995837669094693,1994,7,11,"Summer",0.968766751476081,0.9895400636545,0.525992512702942,0.525992512702942,1,21,21,FALSE,TRUE,TRUE,0.970682230327017,0.963007592392834
74,1633000,"1994-09-04",129,0.969924812030075,1.0355588218667,1994,9,4,"Fall",0.94798299212563,0.920550672696758,0.35130500793457,1.19209289550781e-07,13,26,14,FALSE,TRUE,TRUE,0.962081967856918,0.980303640040947
74,1633000,"1994-09-05",123,0.953488372093023,0.983053903010636,1994,9,5,"Fall",0.94798299212563,0.920550672696758,0.35130500793457,1.19209289550781e-07,13,26,14,FALSE,TRUE,TRUE,0.962081967856918,0.980303640040947
74,1633000,"1994-09-06",118,0.959349593495935,1.00614713464208,1994,9,6,"Fall",0.94798299212563,0.920550672696758,0.35130500793457,1.19209289550781e-07,13,26,14,FALSE,TRUE,TRUE,0.962081967856918,0.980303640040947
74,1633000,"1994-09-07",112,0.949152542372881,0.989370870439529,1994,9,7,"Fall",0.94798299212563,0.920550672696758,0.35130500793457,1.19209289550781e-07,13,26,14,FALSE,TRUE,TRUE,0.962081967856918,0.980303640040947
74,1633000,"1994-09-08",104,0.928571428571429,0.978316326530612,1994,9,8,"Fall",0.94798299212563,0.920550672696758,0.35130500793457,1.19209289550781e-07,13,26,14,FALSE,TRUE,TRUE,0.962081967856918,0.980303640040947
74,1633000,"1994-09-09",100,0.961538461538462,1.03550295857988,1994,9,9,"Fall",0.94798299212563,0.920550672696758,0.35130500793457,1.19209289550781e-07,13,26,14,FALSE,TRUE,TRUE,0.962081967856918,0.980303640040947
74,1633000,"1994-09-10",96,0.96,0.9984,1994,9,10,"Fall",0.94798299212563,0.920550672696758,0.35130500793457,1.19209289550781e-07,13,26,14,FALSE,TRUE,TRUE,0.962081967856918,0.980303640040947
74,1633000,"1994-09-11",96,1,1.04166666666667,1994,9,11,"Fall",0.94798299212563,0.920550672696758,0.35130500793457,1.19209289550781e-07,13,26,14,FALSE,TRUE,TRUE,0.962081967856918,0.980303640040947
74,1633000,"1994-09-12",93,0.96875,0.96875,1994,9,12,"Fall",0.94798299212563,0.920550672696758,0.35130500793457,1.19209289550781e-07,13,26,14,FALSE,TRUE,TRUE,0.962081967856918,0.980303640040947
74,1633000,"1994-09-13",88,0.946236559139785,0.976760319112036,1994,9,13,"Fall",0.94798299212563,0.920550672696758,0.35130500793457,1.19209289550781e-07,13,26,14,FALSE,TRUE,TRUE,0.962081967856918,0.980303640040947
74,1633000,"1994-09-14",84,0.954545454545455,1.00878099173554,1994,9,14,"Fall",0.94798299212563,0.920550672696758,0.35130500793457,1.19209289550781e-07,13,26,14,FALSE,TRUE,TRUE,0.962081967856918,0.980303640040947
74,1633000,"1994-09-15",81,0.964285714285714,1.01020408163265,1994,9,15,"Fall",0.94798299212563,0.920550672696758,0.35130500793457,1.19209289550781e-07,13,26,14,FALSE,TRUE,TRUE,0.962081967856918,0.980303640040947
74,1633000,"1994-09-16",81,1,1.03703703703704,1994,9,16,"Fall",0.94798299212563,0.920550672696758,0.35130500793457,1.19209289550781e-07,13,26,14,FALSE,TRUE,TRUE,0.962081967856918,0.980303640040947
74,1633000,"1994-09-17",78,0.962962962962963,0.962962962962963,1994,9,17,"Fall",0.94798299212563,0.920550672696758,0.35130500793457,1.19209289550781e-07,13,26,14,FALSE,TRUE,TRUE,0.962081967856918,0.980303640040947
75,1633000,"1994-12-19",75,0.974025974025974,0.999325349974701,1994,12,19,"Winter",0.977346907007925,0.958026588012507,0.669334053993225,0.260350465774536,4,16,13,FALSE,TRUE,TRUE,0.980264083996459,0.917891016855688
75,1633000,"1994-12-20",72,0.96,0.9856,1994,12,20,"Winter",0.977346907007925,0.958026588012507,0.669334053993225,0.260350465774536,4,16,13,FALSE,TRUE,TRUE,0.980264083996459,0.917891016855688
75,1633000,"1994-12-21",70,0.972222222222222,1.01273148148148,1994,12,21,"Winter",0.977346907007925,0.958026588012507,0.669334053993225,0.260350465774536,4,16,13,FALSE,TRUE,TRUE,0.980264083996459,0.917891016855688
75,1633000,"1994-12-22",67,0.957142857142857,0.984489795918367,1994,12,22,"Winter",0.977346907007925,0.958026588012507,0.669334053993225,0.260350465774536,4,16,13,FALSE,TRUE,TRUE,0.980264083996459,0.917891016855688
75,1633000,"1994-12-23",65,0.970149253731343,1.01358877255513,1994,12,23,"Winter",0.977346907007925,0.958026588012507,0.669334053993225,0.260350465774536,4,16,13,FALSE,TRUE,TRUE,0.980264083996459,0.917891016855688
75,1633000,"1994-12-24",66,1.01538461538462,1.04662721893491,1994,12,24,"Winter",0.977346907007925,0.958026588012507,0.669334053993225,0.260350465774536,4,16,13,FALSE,TRUE,TRUE,0.980264083996459,0.917891016855688
75,1633000,"1994-12-25",68,1.03030303030303,1.01469237832874,1994,12,25,"Winter",0.977346907007925,0.958026588012507,0.669334053993225,0.260350465774536,4,16,13,FALSE,TRUE,TRUE,0.980264083996459,0.917891016855688
75,1633000,"1994-12-26",65,0.955882352941177,0.927768166089965,1994,12,26,"Winter",0.977346907007925,0.958026588012507,0.669334053993225,0.260350465774536,4,16,13,FALSE,TRUE,TRUE,0.980264083996459,0.917891016855688
75,1633000,"1994-12-27",61,0.938461538461538,0.981775147928994,1994,12,27,"Winter",0.977346907007925,0.958026588012507,0.669334053993225,0.260350465774536,4,16,13,FALSE,TRUE,TRUE,0.980264083996459,0.917891016855688
75,1633000,"1994-12-28",60,0.983606557377049,1.04810534802472,1994,12,28,"Winter",0.977346907007925,0.958026588012507,0.669334053993225,0.260350465774536,4,16,13,FALSE,TRUE,TRUE,0.980264083996459,0.917891016855688
75,1633000,"1994-12-29",60,1,1.01666666666667,1994,12,29,"Winter",0.977346907007925,0.958026588012507,0.669334053993225,0.260350465774536,4,16,13,FALSE,TRUE,TRUE,0.980264083996459,0.917891016855688
75,1633000,"1994-12-30",59,0.983333333333333,0.983333333333333,1994,12,30,"Winter",0.977346907007925,0.958026588012507,0.669334053993225,0.260350465774536,4,16,13,FALSE,TRUE,TRUE,0.980264083996459,0.917891016855688
75,1633000,"1994-12-31",58,0.983050847457627,0.999712726228095,1994,12,31,"Winter",0.977346907007925,0.958026588012507,0.669334053993225,0.260350465774536,4,16,13,FALSE,TRUE,TRUE,0.980264083996459,0.917891016855688
76,1633000,"1995-03-21",261,0.952554744525547,1.03946667377058,1995,3,21,"Spring",0.950949540386049,0.970759761650918,0.484107494354248,0.000213027000427246,7,25,19,FALSE,TRUE,TRUE,0.958604936715894,0.988711728890501
76,1633000,"1995-03-22",251,0.961685823754789,1.00958588394181,1995,3,22,"Spring",0.950949540386049,0.970759761650918,0.484107494354248,0.000213027000427246,7,25,19,FALSE,TRUE,TRUE,0.958604936715894,0.988711728890501
76,1633000,"1995-03-23",246,0.9800796812749,1.01912668052888,1995,3,23,"Spring",0.950949540386049,0.970759761650918,0.484107494354248,0.000213027000427246,7,25,19,FALSE,TRUE,TRUE,0.958604936715894,0.988711728890501
76,1633000,"1995-03-24",234,0.951219512195122,0.970553242117787,1995,3,24,"Spring",0.950949540386049,0.970759761650918,0.484107494354248,0.000213027000427246,7,25,19,FALSE,TRUE,TRUE,0.958604936715894,0.988711728890501
76,1633000,"1995-03-25",212,0.905982905982906,0.952443567828183,1995,3,25,"Spring",0.950949540386049,0.970759761650918,0.484107494354248,0.000213027000427246,7,25,19,FALSE,TRUE,TRUE,0.958604936715894,0.988711728890501
76,1633000,"1995-03-26",199,0.938679245283019,1.03608935564258,1995,3,26,"Spring",0.950949540386049,0.970759761650918,0.484107494354248,0.000213027000427246,7,25,19,FALSE,TRUE,TRUE,0.958604936715894,0.988711728890501
76,1633000,"1995-03-27",191,0.959798994974874,1.02249943183253,1995,3,27,"Spring",0.950949540386049,0.970759761650918,0.484107494354248,0.000213027000427246,7,25,19,FALSE,TRUE,TRUE,0.958604936715894,0.988711728890501
76,1633000,"1995-03-28",193,1.01047120418848,1.05279460541104,1995,3,28,"Spring",0.950949540386049,0.970759761650918,0.484107494354248,0.000213027000427246,7,25,19,FALSE,TRUE,TRUE,0.958604936715894,0.988711728890501
76,1633000,"1995-03-29",190,0.984455958549223,0.974254342398454,1995,3,29,"Spring",0.950949540386049,0.970759761650918,0.484107494354248,0.000213027000427246,7,25,19,FALSE,TRUE,TRUE,0.958604936715894,0.988711728890501
76,1633000,"1995-03-30",183,0.963157894736842,0.978365650969529,1995,3,30,"Spring",0.950949540386049,0.970759761650918,0.484107494354248,0.000213027000427246,7,25,19,FALSE,TRUE,TRUE,0.958604936715894,0.988711728890501
76,1633000,"1995-03-31",175,0.956284153005464,0.99286332825704,1995,3,31,"Spring",0.950949540386049,0.970759761650918,0.484107494354248,0.000213027000427246,7,25,19,FALSE,TRUE,TRUE,0.958604936715894,0.988711728890501
76,1633000,"1995-04-01",165,0.942857142857143,0.985959183673469,1995,4,1,"Spring",0.950949540386049,0.970759761650918,0.484107494354248,0.000213027000427246,7,25,19,FALSE,TRUE,TRUE,0.958604936715894,0.988711728890501
76,1633000,"1995-04-02",158,0.957575757575758,1.01561065197429,1995,4,2,"Spring",0.950949540386049,0.970759761650918,0.484107494354248,0.000213027000427246,7,25,19,FALSE,TRUE,TRUE,0.958604936715894,0.988711728890501
76,1633000,"1995-04-03",151,0.955696202531646,0.998037173529883,1995,4,3,"Spring",0.950949540386049,0.970759761650918,0.484107494354248,0.000213027000427246,7,25,19,FALSE,TRUE,TRUE,0.958604936715894,0.988711728890501
76,1633000,"1995-04-04",142,0.940397350993378,0.983991930178501,1995,4,4,"Spring",0.950949540386049,0.970759761650918,0.484107494354248,0.000213027000427246,7,25,19,FALSE,TRUE,TRUE,0.958604936715894,0.988711728890501
76,1633000,"1995-04-05",136,0.957746478873239,1.01844872049197,1995,4,5,"Spring",0.950949540386049,0.970759761650918,0.484107494354248,0.000213027000427246,7,25,19,FALSE,TRUE,TRUE,0.958604936715894,0.988711728890501
76,1633000,"1995-04-06",131,0.963235294117647,1.00573096885813,1995,4,6,"Spring",0.950949540386049,0.970759761650918,0.484107494354248,0.000213027000427246,7,25,19,FALSE,TRUE,TRUE,0.958604936715894,0.988711728890501
76,1633000,"1995-04-07",126,0.961832061068702,0.998543208437737,1995,4,7,"Spring",0.950949540386049,0.970759761650918,0.484107494354248,0.000213027000427246,7,25,19,FALSE,TRUE,TRUE,0.958604936715894,0.988711728890501
76,1633000,"1995-04-08",122,0.968253968253968,1.00667674477198,1995,4,8,"Spring",0.950949540386049,0.970759761650918,0.484107494354248,0.000213027000427246,7,25,19,FALSE,TRUE,TRUE,0.958604936715894,0.988711728890501
77,1633000,"1995-05-25",215,0.892116182572614,1.06979907370741,1995,5,25,"Spring",0.919217386847661,0.967819572210146,0.360121607780457,0.00581979751586914,5,17,13,FALSE,TRUE,TRUE,0.899802160305068,0.853324007766961
77,1633000,"1995-05-26",417,1.93953488372093,2.17408328826393,1995,5,26,"Spring",0.919217386847661,0.967819572210146,0.360121607780457,0.00581979751586914,5,17,13,FALSE,TRUE,TRUE,0.899802160305068,0.853324007766961
77,1633000,"1995-05-27",323,0.774580335731415,0.399363962067756,1995,5,27,"Spring",0.919217386847661,0.967819572210146,0.360121607780457,0.00581979751586914,5,17,13,FALSE,TRUE,TRUE,0.899802160305068,0.853324007766961
77,1633000,"1995-05-28",255,0.789473684210526,1.0192276356526,1995,5,28,"Spring",0.919217386847661,0.967819572210146,0.360121607780457,0.00581979751586914,5,17,13,FALSE,TRUE,TRUE,0.899802160305068,0.853324007766961
77,1633000,"1995-05-29",232,0.909803921568627,1.15241830065359,1995,5,29,"Spring",0.919217386847661,0.967819572210146,0.360121607780457,0.00581979751586914,5,17,13,FALSE,TRUE,TRUE,0.899802160305068,0.853324007766961
77,1633000,"1995-05-30",203,0.875,0.961745689655172,1995,5,30,"Spring",0.919217386847661,0.967819572210146,0.360121607780457,0.00581979751586914,5,17,13,FALSE,TRUE,TRUE,0.899802160305068,0.853324007766961
77,1633000,"1995-05-31",173,0.852216748768473,0.97396199859254,1995,5,31,"Spring",0.919217386847661,0.967819572210146,0.360121607780457,0.00581979751586914,5,17,13,FALSE,TRUE,TRUE,0.899802160305068,0.853324007766961
77,1633000,"1995-06-01",148,0.855491329479769,1.00384242707742,1995,6,1,"Summer",0.919217386847661,0.967819572210146,0.360121607780457,0.00581979751586914,5,17,13,FALSE,TRUE,TRUE,0.899802160305068,0.853324007766961
77,1633000,"1995-06-02",136,0.918918918918919,1.07414170927684,1995,6,2,"Summer",0.919217386847661,0.967819572210146,0.360121607780457,0.00581979751586914,5,17,13,FALSE,TRUE,TRUE,0.899802160305068,0.853324007766961
77,1633000,"1995-06-03",128,0.941176470588235,1.0242214532872,1995,6,3,"Summer",0.919217386847661,0.967819572210146,0.360121607780457,0.00581979751586914,5,17,13,FALSE,TRUE,TRUE,0.899802160305068,0.853324007766961
77,1633000,"1995-06-04",117,0.9140625,0.97119140625,1995,6,4,"Summer",0.919217386847661,0.967819572210146,0.360121607780457,0.00581979751586914,5,17,13,FALSE,TRUE,TRUE,0.899802160305068,0.853324007766961
77,1633000,"1995-06-05",107,0.914529914529915,1.00051135948572,1995,6,5,"Summer",0.919217386847661,0.967819572210146,0.360121607780457,0.00581979751586914,5,17,13,FALSE,TRUE,TRUE,0.899802160305068,0.853324007766961
77,1633000,"1995-06-06",95,0.88785046728972,0.970827146475675,1995,6,6,"Summer",0.919217386847661,0.967819572210146,0.360121607780457,0.00581979751586914,5,17,13,FALSE,TRUE,TRUE,0.899802160305068,0.853324007766961
78,1633000,"1996-03-05",551,0.929173693086003,1.10936757960353,1996,3,5,"Spring",0.970322997663915,0.816237173318932,0.584070324897766,0.095746636390686,3,16,14,FALSE,TRUE,TRUE,0.971548683698221,0.61760466326589
78,1633000,"1996-03-06",526,0.954627949183303,1.02739450792323,1996,3,6,"Spring",0.970322997663915,0.816237173318932,0.584070324897766,0.095746636390686,3,16,14,FALSE,TRUE,TRUE,0.971548683698221,0.61760466326589
78,1633000,"1996-03-07",576,1.09505703422053,1.1471034712082,1996,3,7,"Spring",0.970322997663915,0.816237173318932,0.584070324897766,0.095746636390686,3,16,14,FALSE,TRUE,TRUE,0.971548683698221,0.61760466326589
78,1633000,"1996-03-08",718,1.24652777777778,1.13832224151235,1996,3,8,"Spring",0.970322997663915,0.816237173318932,0.584070324897766,0.095746636390686,3,16,14,FALSE,TRUE,TRUE,0.971548683698221,0.61760466326589
78,1633000,"1996-03-09",637,0.887186629526462,0.711726321180003,1996,3,9,"Spring",0.970322997663915,0.816237173318932,0.584070324897766,0.095746636390686,3,16,14,FALSE,TRUE,TRUE,0.971548683698221,0.61760466326589
78,1633000,"1996-03-10",581,0.912087912087912,1.02806769368779,1996,3,10,"Spring",0.970322997663915,0.816237173318932,0.584070324897766,0.095746636390686,3,16,14,FALSE,TRUE,TRUE,0.971548683698221,0.61760466326589
78,1633000,"1996-03-11",554,0.953528399311532,1.0454347510524,1996,3,11,"Spring",0.970322997663915,0.816237173318932,0.584070324897766,0.095746636390686,3,16,14,FALSE,TRUE,TRUE,0.971548683698221,0.61760466326589
78,1633000,"1996-03-12",529,0.954873646209386,1.0014108094723,1996,3,12,"Spring",0.970322997663915,0.816237173318932,0.584070324897766,0.095746636390686,3,16,14,FALSE,TRUE,TRUE,0.971548683698221,0.61760466326589
78,1633000,"1996-03-13",509,0.962192816635161,1.00766506694873,1996,3,13,"Spring",0.970322997663915,0.816237173318932,0.584070324897766,0.095746636390686,3,16,14,FALSE,TRUE,TRUE,0.971548683698221,0.61760466326589
78,1633000,"1996-03-14",479,0.941060903732809,0.978037756531741,1996,3,14,"Spring",0.970322997663915,0.816237173318932,0.584070324897766,0.095746636390686,3,16,14,FALSE,TRUE,TRUE,0.971548683698221,0.61760466326589
78,1633000,"1996-03-15",460,0.960334029227557,1.0204802105988,1996,3,15,"Spring",0.970322997663915,0.816237173318932,0.584070324897766,0.095746636390686,3,16,14,FALSE,TRUE,TRUE,0.971548683698221,0.61760466326589
78,1633000,"1996-03-16",458,0.995652173913044,1.03677693761815,1996,3,16,"Spring",0.970322997663915,0.816237173318932,0.584070324897766,0.095746636390686,3,16,14,FALSE,TRUE,TRUE,0.971548683698221,0.61760466326589
78,1633000,"1996-03-17",429,0.936681222707424,0.940771533723613,1996,3,17,"Spring",0.970322997663915,0.816237173318932,0.584070324897766,0.095746636390686,3,16,14,FALSE,TRUE,TRUE,0.971548683698221,0.61760466326589
78,1633000,"1996-03-18",410,0.955710955710956,1.02031612521123,1996,3,18,"Spring",0.970322997663915,0.816237173318932,0.584070324897766,0.095746636390686,3,16,14,FALSE,TRUE,TRUE,0.971548683698221,0.61760466326589
79,1633000,"1996-04-16",425,1.02657004830918,1.09104063105323,1996,4,16,"Spring",0.956975120289205,0.906304407085277,0.32471227645874,0.000149965286254883,9,26,18,FALSE,TRUE,TRUE,0.975705972701757,0.625749060475713
79,1633000,"1996-04-17",386,0.908235294117647,0.884728027681661,1996,4,17,"Spring",0.956975120289205,0.906304407085277,0.32471227645874,0.000149965286254883,9,26,18,FALSE,TRUE,TRUE,0.975705972701757,0.625749060475713
79,1633000,"1996-04-18",358,0.927461139896373,1.02116835351285,1996,4,18,"Spring",0.956975120289205,0.906304407085277,0.32471227645874,0.000149965286254883,9,26,18,FALSE,TRUE,TRUE,0.975705972701757,0.625749060475713
79,1633000,"1996-04-19",340,0.949720670391061,1.02400049936019,1996,4,19,"Spring",0.956975120289205,0.906304407085277,0.32471227645874,0.000149965286254883,9,26,18,FALSE,TRUE,TRUE,0.975705972701757,0.625749060475713
79,1633000,"1996-04-20",329,0.967647058823529,1.01887543252595,1996,4,20,"Spring",0.956975120289205,0.906304407085277,0.32471227645874,0.000149965286254883,9,26,18,FALSE,TRUE,TRUE,0.975705972701757,0.625749060475713
79,1633000,"1996-04-21",315,0.957446808510638,0.989458707883334,1996,4,21,"Spring",0.956975120289205,0.906304407085277,0.32471227645874,0.000149965286254883,9,26,18,FALSE,TRUE,TRUE,0.975705972701757,0.625749060475713
79,1633000,"1996-04-22",302,0.958730158730159,1.00134038800705,1996,4,22,"Spring",0.956975120289205,0.906304407085277,0.32471227645874,0.000149965286254883,9,26,18,FALSE,TRUE,TRUE,0.975705972701757,0.625749060475713
79,1633000,"1996-04-23",288,0.95364238410596,0.994693215209859,1996,4,23,"Spring",0.956975120289205,0.906304407085277,0.32471227645874,0.000149965286254883,9,26,18,FALSE,TRUE,TRUE,0.975705972701757,0.625749060475713
79,1633000,"1996-04-24",278,0.965277777777778,1.01220100308642,1996,4,24,"Spring",0.956975120289205,0.906304407085277,0.32471227645874,0.000149965286254883,9,26,18,FALSE,TRUE,TRUE,0.975705972701757,0.625749060475713
79,1633000,"1996-04-25",266,0.956834532374101,0.991253040732881,1996,4,25,"Spring",0.956975120289205,0.906304407085277,0.32471227645874,0.000149965286254883,9,26,18,FALSE,TRUE,TRUE,0.975705972701757,0.625749060475713
79,1633000,"1996-04-26",258,0.969924812030075,1.01368081858782,1996,4,26,"Spring",0.956975120289205,0.906304407085277,0.32471227645874,0.000149965286254883,9,26,18,FALSE,TRUE,TRUE,0.975705972701757,0.625749060475713
79,1633000,"1996-04-27",254,0.984496124031008,1.01502313562887,1996,4,27,"Spring",0.956975120289205,0.906304407085277,0.32471227645874,0.000149965286254883,9,26,18,FALSE,TRUE,TRUE,0.975705972701757,0.625749060475713
79,1633000,"1996-04-28",241,0.948818897637795,0.963760927521855,1996,4,28,"Spring",0.956975120289205,0.906304407085277,0.32471227645874,0.000149965286254883,9,26,18,FALSE,TRUE,TRUE,0.975705972701757,0.625749060475713
79,1633000,"1996-04-29",233,0.966804979253112,1.01895628518793,1996,4,29,"Spring",0.956975120289205,0.906304407085277,0.32471227645874,0.000149965286254883,9,26,18,FALSE,TRUE,TRUE,0.975705972701757,0.625749060475713
79,1633000,"1996-04-30",250,1.07296137339056,1.10980124887178,1996,4,30,"Spring",0.956975120289205,0.906304407085277,0.32471227645874,0.000149965286254883,9,26,18,FALSE,TRUE,TRUE,0.975705972701757,0.625749060475713
79,1633000,"1996-05-01",305,1.22,1.13704,1996,5,1,"Spring",0.956975120289205,0.906304407085277,0.32471227645874,0.000149965286254883,9,26,18,FALSE,TRUE,TRUE,0.975705972701757,0.625749060475713
79,1633000,"1996-05-02",286,0.937704918032787,0.768610588551465,1996,5,2,"Spring",0.956975120289205,0.906304407085277,0.32471227645874,0.000149965286254883,9,26,18,FALSE,TRUE,TRUE,0.975705972701757,0.625749060475713
79,1633000,"1996-05-03",271,0.947552447552448,1.01050173602621,1996,5,3,"Spring",0.956975120289205,0.906304407085277,0.32471227645874,0.000149965286254883,9,26,18,FALSE,TRUE,TRUE,0.975705972701757,0.625749060475713
80,1633000,"1996-10-29",354,0.951612903225806,1.01300728407908,1996,10,29,"Fall",0.948047213192941,0.96646492772046,0.367520809173584,2.26497650146484e-06,7,13,7,FALSE,TRUE,TRUE,0.954191427025772,0.997574096307181
80,1633000,"1996-10-30",337,0.951977401129944,1.00038303169587,1996,10,30,"Fall",0.948047213192941,0.96646492772046,0.367520809173584,2.26497650146484e-06,7,13,7,FALSE,TRUE,TRUE,0.954191427025772,0.997574096307181
80,1633000,"1996-10-31",318,0.943620178041543,0.991221195924944,1996,10,31,"Fall",0.948047213192941,0.96646492772046,0.367520809173584,2.26497650146484e-06,7,13,7,FALSE,TRUE,TRUE,0.954191427025772,0.997574096307181
80,1633000,"1996-11-01",305,0.959119496855346,1.01642537874293,1996,11,1,"Fall",0.948047213192941,0.96646492772046,0.367520809173584,2.26497650146484e-06,7,13,7,FALSE,TRUE,TRUE,0.954191427025772,0.997574096307181
80,1633000,"1996-11-02",293,0.960655737704918,1.00160171996775,1996,11,2,"Fall",0.948047213192941,0.96646492772046,0.367520809173584,2.26497650146484e-06,7,13,7,FALSE,TRUE,TRUE,0.954191427025772,0.997574096307181
80,1633000,"1996-11-03",278,0.948805460750853,0.987664387471025,1996,11,3,"Fall",0.948047213192941,0.96646492772046,0.367520809173584,2.26497650146484e-06,7,13,7,FALSE,TRUE,TRUE,0.954191427025772,0.997574096307181
80,1633000,"1996-11-04",267,0.960431654676259,1.01225350654728,1996,11,4,"Fall",0.948047213192941,0.96646492772046,0.367520809173584,2.26497650146484e-06,7,13,7,FALSE,TRUE,TRUE,0.954191427025772,0.997574096307181
81,1633000,"1996-12-27",734,0.954486345903771,1.02275259951197,1996,12,27,"Winter",0.955206684029588,0.99000181824958,0.381032347679138,0.381032347679138,1,20,20,FALSE,TRUE,TRUE,0.956633963933971,0.984612654334584
81,1633000,"1996-12-28",695,0.946866485013624,0.992016794244519,1996,12,28,"Winter",0.955206684029588,0.99000181824958,0.381032347679138,0.381032347679138,1,20,20,FALSE,TRUE,TRUE,0.956633963933971,0.984612654334584
81,1633000,"1996-12-29",654,0.941007194244604,0.993811914497179,1996,12,29,"Winter",0.955206684029588,0.99000181824958,0.381032347679138,0.381032347679138,1,20,20,FALSE,TRUE,TRUE,0.956633963933971,0.984612654334584
81,1633000,"1996-12-30",611,0.934250764525994,0.99282000205744,1996,12,30,"Winter",0.955206684029588,0.99000181824958,0.381032347679138,0.381032347679138,1,20,20,FALSE,TRUE,TRUE,0.956633963933971,0.984612654334584
81,1633000,"1996-12-31",581,0.950900163666121,1.01782112444786,1996,12,31,"Winter",0.955206684029588,0.99000181824958,0.381032347679138,0.381032347679138,1,20,20,FALSE,TRUE,TRUE,0.956633963933971,0.984612654334584
81,1633000,"1997-01-01",547,0.941480206540448,0.990093642334274,1997,1,1,"Winter",0.955206684029588,0.99000181824958,0.381032347679138,0.381032347679138,1,20,20,FALSE,TRUE,TRUE,0.956633963933971,0.984612654334584
81,1633000,"1997-01-02",517,0.945155393053016,1.00390362589361,1997,1,2,"Winter",0.955206684029588,0.99000181824958,0.381032347679138,0.381032347679138,1,20,20,FALSE,TRUE,TRUE,0.956633963933971,0.984612654334584
81,1633000,"1997-01-03",499,0.965183752417795,1.02119054656196,1997,1,3,"Winter",0.955206684029588,0.99000181824958,0.381032347679138,0.381032347679138,1,20,20,FALSE,TRUE,TRUE,0.956633963933971,0.984612654334584
81,1633000,"1997-01-04",476,0.953907815631262,0.988317315994715,1997,1,4,"Winter",0.955206684029588,0.99000181824958,0.381032347679138,0.381032347679138,1,20,20,FALSE,TRUE,TRUE,0.956633963933971,0.984612654334584
81,1633000,"1997-01-05",460,0.966386554621849,1.01308170326954,1997,1,5,"Winter",0.955206684029588,0.99000181824958,0.381032347679138,0.381032347679138,1,20,20,FALSE,TRUE,TRUE,0.956633963933971,0.984612654334584
81,1633000,"1997-01-06",443,0.96304347826087,0.996540642722117,1997,1,6,"Winter",0.955206684029588,0.99000181824958,0.381032347679138,0.381032347679138,1,20,20,FALSE,TRUE,TRUE,0.956633963933971,0.984612654334584
81,1633000,"1997-01-07",414,0.934537246049661,0.970399849171206,1997,1,7,"Winter",0.955206684029588,0.99000181824958,0.381032347679138,0.381032347679138,1,20,20,FALSE,TRUE,TRUE,0.956633963933971,0.984612654334584
81,1633000,"1997-01-08",388,0.93719806763285,1.00284720763612,1997,1,8,"Winter",0.955206684029588,0.99000181824958,0.381032347679138,0.381032347679138,1,20,20,FALSE,TRUE,TRUE,0.956633963933971,0.984612654334584
81,1633000,"1997-01-09",399,1.02835051546392,1.09726060155171,1997,1,9,"Winter",0.955206684029588,0.99000181824958,0.381032347679138,0.381032347679138,1,20,20,FALSE,TRUE,TRUE,0.956633963933971,0.984612654334584
81,1633000,"1997-01-10",402,1.00751879699248,0.979742589556598,1997,1,10,"Winter",0.955206684029588,0.99000181824958,0.381032347679138,0.381032347679138,1,20,20,FALSE,TRUE,TRUE,0.956633963933971,0.984612654334584
81,1633000,"1997-01-11",378,0.940298507462687,0.93328135442192,1997,1,11,"Winter",0.955206684029588,0.99000181824958,0.381032347679138,0.381032347679138,1,20,20,FALSE,TRUE,TRUE,0.956633963933971,0.984612654334584
81,1633000,"1997-01-12",346,0.915343915343915,0.973460989334005,1997,1,12,"Winter",0.955206684029588,0.99000181824958,0.381032347679138,0.381032347679138,1,20,20,FALSE,TRUE,TRUE,0.956633963933971,0.984612654334584
81,1633000,"1997-01-13",328,0.947976878612717,1.03565104079655,1997,1,13,"Winter",0.955206684029588,0.99000181824958,0.381032347679138,0.381032347679138,1,20,20,FALSE,TRUE,TRUE,0.956633963933971,0.984612654334584
81,1633000,"1997-01-14",314,0.957317073170732,1.00985276621059,1997,1,14,"Winter",0.955206684029588,0.99000181824958,0.381032347679138,0.381032347679138,1,20,20,FALSE,TRUE,TRUE,0.956633963933971,0.984612654334584
81,1633000,"1997-01-15",305,0.971337579617834,1.01464562456895,1997,1,15,"Winter",0.955206684029588,0.99000181824958,0.381032347679138,0.381032347679138,1,20,20,FALSE,TRUE,TRUE,0.956633963933971,0.984612654334584
82,1633000,"1997-03-28",580,0.909090909090909,0.986035907666002,1997,3,28,"Spring",0.96231588998997,0.98288553151453,0.399612307548523,0.399612307548523,1,15,15,FALSE,TRUE,TRUE,0.959595816995133,0.950975105793899
82,1633000,"1997-03-29",543,0.936206896551724,1.0298275862069,1997,3,29,"Spring",0.96231588998997,0.98288553151453,0.399612307548523,0.399612307548523,1,15,15,FALSE,TRUE,TRUE,0.959595816995133,0.950975105793899
82,1633000,"1997-03-30",517,0.952117863720074,1.01699513988516,1997,3,30,"Spring",0.96231588998997,0.98288553151453,0.399612307548523,0.399612307548523,1,15,15,FALSE,TRUE,TRUE,0.959595816995133,0.950975105793899
82,1633000,"1997-03-31",587,1.13539651837524,1.19249576301307,1997,3,31,"Spring",0.96231588998997,0.98288553151453,0.399612307548523,0.399612307548523,1,15,15,FALSE,TRUE,TRUE,0.959595816995133,0.950975105793899
82,1633000,"1997-04-01",535,0.911413969335605,0.802727465326248,1997,4,1,"Spring",0.96231588998997,0.98288553151453,0.399612307548523,0.399612307548523,1,15,15,FALSE,TRUE,TRUE,0.959595816995133,0.950975105793899
82,1633000,"1997-04-02",485,0.906542056074766,0.994654554982968,1997,4,2,"Spring",0.96231588998997,0.98288553151453,0.399612307548523,0.399612307548523,1,15,15,FALSE,TRUE,TRUE,0.959595816995133,0.950975105793899
82,1633000,"1997-04-03",461,0.950515463917526,1.04850674885748,1997,4,3,"Spring",0.96231588998997,0.98288553151453,0.399612307548523,0.399612307548523,1,15,15,FALSE,TRUE,TRUE,0.959595816995133,0.950975105793899
82,1633000,"1997-04-04",448,0.971800433839479,1.02239308115433,1997,4,4,"Spring",0.96231588998997,0.98288553151453,0.399612307548523,0.399612307548523,1,15,15,FALSE,TRUE,TRUE,0.959595816995133,0.950975105793899
82,1633000,"1997-04-05",434,0.96875,0.996861049107143,1997,4,5,"Spring",0.96231588998997,0.98288553151453,0.399612307548523,0.399612307548523,1,15,15,FALSE,TRUE,TRUE,0.959595816995133,0.950975105793899
82,1633000,"1997-04-06",420,0.967741935483871,0.998959417273673,1997,4,6,"Spring",0.96231588998997,0.98288553151453,0.399612307548523,0.399612307548523,1,15,15,FALSE,TRUE,TRUE,0.959595816995133,0.950975105793899
82,1633000,"1997-04-07",406,0.966666666666667,0.998888888888889,1997,4,7,"Spring",0.96231588998997,0.98288553151453,0.399612307548523,0.399612307548523,1,15,15,FALSE,TRUE,TRUE,0.959595816995133,0.950975105793899
82,1633000,"1997-04-08",376,0.926108374384236,0.958043145914727,1997,4,8,"Spring",0.96231588998997,0.98288553151453,0.399612307548523,0.399612307548523,1,15,15,FALSE,TRUE,TRUE,0.959595816995133,0.950975105793899
82,1633000,"1997-04-09",357,0.949468085106383,1.0252235174287,1997,4,9,"Spring",0.96231588998997,0.98288553151453,0.399612307548523,0.399612307548523,1,15,15,FALSE,TRUE,TRUE,0.959595816995133,0.950975105793899
82,1633000,"1997-04-10",341,0.955182072829132,1.00601809351191,1997,4,10,"Spring",0.96231588998997,0.98288553151453,0.399612307548523,0.399612307548523,1,15,15,FALSE,TRUE,TRUE,0.959595816995133,0.950975105793899
82,1633000,"1997-04-11",330,0.967741935483871,1.01314918172358,1997,4,11,"Spring",0.96231588998997,0.98288553151453,0.399612307548523,0.399612307548523,1,15,15,FALSE,TRUE,TRUE,0.959595816995133,0.950975105793899
83,1633000,"1997-11-25",226,0.953586497890295,0.973704356495576,1997,11,25,"Fall",0.95563226764717,0.991338843710358,0.511220335960388,0.511220335960388,1,14,14,FALSE,TRUE,TRUE,0.955584544910099,0.992167010945201
83,1633000,"1997-11-26",217,0.960176991150443,1.00691126948077,1997,11,26,"Fall",0.95563226764717,0.991338843710358,0.511220335960388,0.511220335960388,1,14,14,FALSE,TRUE,TRUE,0.955584544910099,0.992167010945201
83,1633000,"1997-11-27",203,0.935483870967742,0.97428274119221,1997,11,27,"Fall",0.95563226764717,0.991338843710358,0.511220335960388,0.511220335960388,1,14,14,FALSE,TRUE,TRUE,0.955584544910099,0.992167010945201
83,1633000,"1997-11-28",191,0.940886699507389,1.00577543740445,1997,11,28,"Fall",0.95563226764717,0.991338843710358,0.511220335960388,0.511220335960388,1,14,14,FALSE,TRUE,TRUE,0.955584544910099,0.992167010945201
83,1633000,"1997-11-29",180,0.942408376963351,1.00161728022806,1997,11,29,"Fall",0.95563226764717,0.991338843710358,0.511220335960388,0.511220335960388,1,14,14,FALSE,TRUE,TRUE,0.955584544910099,0.992167010945201
83,1633000,"1997-11-30",177,0.983333333333333,1.04342592592593,1997,11,30,"Fall",0.95563226764717,0.991338843710358,0.511220335960388,0.511220335960388,1,14,14,FALSE,TRUE,TRUE,0.955584544910099,0.992167010945201
83,1633000,"1997-12-01",176,0.994350282485876,1.01120367710428,1997,12,1,"Winter",0.95563226764717,0.991338843710358,0.511220335960388,0.511220335960388,1,14,14,FALSE,TRUE,TRUE,0.955584544910099,0.992167010945201
83,1633000,"1997-12-02",162,0.920454545454545,0.925684400826446,1997,12,2,"Winter",0.95563226764717,0.991338843710358,0.511220335960388,0.511220335960388,1,14,14,FALSE,TRUE,TRUE,0.955584544910099,0.992167010945201
83,1633000,"1997-12-03",153,0.944444444444444,1.02606310013717,1997,12,3,"Winter",0.95563226764717,0.991338843710358,0.511220335960388,0.511220335960388,1,14,14,FALSE,TRUE,TRUE,0.955584544910099,0.992167010945201
83,1633000,"1997-12-04",148,0.967320261437909,1.0242214532872,1997,12,4,"Winter",0.95563226764717,0.991338843710358,0.511220335960388,0.511220335960388,1,14,14,FALSE,TRUE,TRUE,0.955584544910099,0.992167010945201
83,1633000,"1997-12-05",144,0.972972972972973,1.00584368151936,1997,12,5,"Winter",0.95563226764717,0.991338843710358,0.511220335960388,0.511220335960388,1,14,14,FALSE,TRUE,TRUE,0.955584544910099,0.992167010945201
83,1633000,"1997-12-06",135,0.9375,0.963541666666667,1997,12,6,"Winter",0.95563226764717,0.991338843710358,0.511220335960388,0.511220335960388,1,14,14,FALSE,TRUE,TRUE,0.955584544910099,0.992167010945201
83,1633000,"1997-12-07",129,0.955555555555556,1.01925925925926,1997,12,7,"Winter",0.95563226764717,0.991338843710358,0.511220335960388,0.511220335960388,1,14,14,FALSE,TRUE,TRUE,0.955584544910099,0.992167010945201
83,1633000,"1997-12-08",124,0.961240310077519,1.00594916170903,1997,12,8,"Winter",0.95563226764717,0.991338843710358,0.511220335960388,0.511220335960388,1,14,14,FALSE,TRUE,TRUE,0.955584544910099,0.992167010945201
84,1633000,"1998-07-13",107,0.972727272727273,1.01694214876033,1998,7,13,"Summer",0.974947337507686,0.981139294733372,0.925549745559692,0.925549745559692,1,25,25,FALSE,TRUE,TRUE,0.975544890962734,0.977152487574201
84,1633000,"1998-07-14",102,0.953271028037383,0.979998253122543,1998,7,14,"Summer",0.974947337507686,0.981139294733372,0.925549745559692,0.925549745559692,1,25,25,FALSE,TRUE,TRUE,0.975544890962734,0.977152487574201
84,1633000,"1998-07-15",98,0.96078431372549,1.00788158400615,1998,7,15,"Summer",0.974947337507686,0.981139294733372,0.925549745559692,0.925549745559692,1,25,25,FALSE,TRUE,TRUE,0.975544890962734,0.977152487574201
84,1633000,"1998-07-16",93,0.948979591836735,0.98771345272803,1998,7,16,"Summer",0.974947337507686,0.981139294733372,0.925549745559692,0.925549745559692,1,25,25,FALSE,TRUE,TRUE,0.975544890962734,0.977152487574201
84,1633000,"1998-07-17",94,1.01075268817204,1.06509423054688,1998,7,17,"Summer",0.974947337507686,0.981139294733372,0.925549745559692,0.925549745559692,1,25,25,FALSE,TRUE,TRUE,0.975544890962734,0.977152487574201
84,1633000,"1998-07-18",91,0.968085106382979,0.9577863286555,1998,7,18,"Summer",0.974947337507686,0.981139294733372,0.925549745559692,0.925549745559692,1,25,25,FALSE,TRUE,TRUE,0.975544890962734,0.977152487574201
84,1633000,"1998-07-19",88,0.967032967032967,0.998913174737351,1998,7,19,"Summer",0.974947337507686,0.981139294733372,0.925549745559692,0.925549745559692,1,25,25,FALSE,TRUE,TRUE,0.975544890962734,0.977152487574201
84,1633000,"1998-07-20",87,0.988636363636364,1.02233987603306,1998,7,20,"Summer",0.974947337507686,0.981139294733372,0.925549745559692,0.925549745559692,1,25,25,FALSE,TRUE,TRUE,0.975544890962734,0.977152487574201
84,1633000,"1998-07-21",81,0.931034482758621,0.941736028537455,1998,7,21,"Summer",0.974947337507686,0.981139294733372,0.925549745559692,0.925549745559692,1,25,25,FALSE,TRUE,TRUE,0.975544890962734,0.977152487574201
84,1633000,"1998-07-22",78,0.962962962962963,1.03429355281207,1998,7,22,"Summer",0.974947337507686,0.981139294733372,0.925549745559692,0.925549745559692,1,25,25,FALSE,TRUE,TRUE,0.975544890962734,0.977152487574201
84,1633000,"1998-07-23",76,0.974358974358974,1.01183431952663,1998,7,23,"Summer",0.974947337507686,0.981139294733372,0.925549745559692,0.925549745559692,1,25,25,FALSE,TRUE,TRUE,0.975544890962734,0.977152487574201
84,1633000,"1998-07-24",75,0.986842105263158,1.01281163434903,1998,7,24,"Summer",0.974947337507686,0.981139294733372,0.925549745559692,0.925549745559692,1,25,25,FALSE,TRUE,TRUE,0.975544890962734,0.977152487574201
84,1633000,"1998-07-25",73,0.973333333333333,0.986311111111111,1998,7,25,"Summer",0.974947337507686,0.981139294733372,0.925549745559692,0.925549745559692,1,25,25,FALSE,TRUE,TRUE,0.975544890962734,0.977152487574201
84,1633000,"1998-07-26",73,1,1.02739726027397,1998,7,26,"Summer",0.974947337507686,0.981139294733372,0.925549745559692,0.925549745559692,1,25,25,FALSE,TRUE,TRUE,0.975544890962734,0.977152487574201
84,1633000,"1998-07-27",74,1.01369863013699,1.01369863013699,1998,7,27,"Summer",0.974947337507686,0.981139294733372,0.925549745559692,0.925549745559692,1,25,25,FALSE,TRUE,TRUE,0.975544890962734,0.977152487574201
84,1633000,"1998-07-28",72,0.972972972972973,0.959824689554419,1998,7,28,"Summer",0.974947337507686,0.981139294733372,0.925549745559692,0.925549745559692,1,25,25,FALSE,TRUE,TRUE,0.975544890962734,0.977152487574201
84,1633000,"1998-07-29",71,0.986111111111111,1.01350308641975,1998,7,29,"Summer",0.974947337507686,0.981139294733372,0.925549745559692,0.925549745559692,1,25,25,FALSE,TRUE,TRUE,0.975544890962734,0.977152487574201
84,1633000,"1998-07-30",68,0.957746478873239,0.971235865899623,1998,7,30,"Summer",0.974947337507686,0.981139294733372,0.925549745559692,0.925549745559692,1,25,25,FALSE,TRUE,TRUE,0.975544890962734,0.977152487574201
84,1633000,"1998-07-31",68,1,1.04411764705882,1998,7,31,"Summer",0.974947337507686,0.981139294733372,0.925549745559692,0.925549745559692,1,25,25,FALSE,TRUE,TRUE,0.975544890962734,0.977152487574201
84,1633000,"1998-08-01",66,0.970588235294118,0.970588235294118,1998,8,1,"Summer",0.974947337507686,0.981139294733372,0.925549745559692,0.925549745559692,1,25,25,FALSE,TRUE,TRUE,0.975544890962734,0.977152487574201
84,1633000,"1998-08-02",63,0.954545454545455,0.983471074380165,1998,8,2,"Summer",0.974947337507686,0.981139294733372,0.925549745559692,0.925549745559692,1,25,25,FALSE,TRUE,TRUE,0.975544890962734,0.977152487574201
84,1633000,"1998-08-03",62,0.984126984126984,1.03099017384732,1998,8,3,"Summer",0.974947337507686,0.981139294733372,0.925549745559692,0.925549745559692,1,25,25,FALSE,TRUE,TRUE,0.975544890962734,0.977152487574201
84,1633000,"1998-08-04",59,0.951612903225806,0.966961498439126,1998,8,4,"Summer",0.974947337507686,0.981139294733372,0.925549745559692,0.925549745559692,1,25,25,FALSE,TRUE,TRUE,0.975544890962734,0.977152487574201
84,1633000,"1998-08-05",57,0.966101694915254,1.01522550991095,1998,8,5,"Summer",0.974947337507686,0.981139294733372,0.925549745559692,0.925549745559692,1,25,25,FALSE,TRUE,TRUE,0.975544890962734,0.977152487574201
84,1633000,"1998-08-06",55,0.964912280701754,0.998768851954448,1998,8,6,"Summer",0.974947337507686,0.981139294733372,0.925549745559692,0.925549745559692,1,25,25,FALSE,TRUE,TRUE,0.975544890962734,0.977152487574201
85,1633000,"1999-03-30",271,0.88562091503268,1.00717672689991,1999,3,30,"Spring",0.916694573985694,0.933673873789862,0.59150505065918,0.00037539005279541,7,16,10,FALSE,TRUE,TRUE,0.946956792544939,0.983551323202498
85,1633000,"1999-03-31",242,0.892988929889299,1.00831960349124,1999,3,31,"Spring",0.916694573985694,0.933673873789862,0.59150505065918,0.00037539005279541,7,16,10,FALSE,TRUE,TRUE,0.946956792544939,0.983551323202498
85,1633000,"1999-04-01",233,0.962809917355372,1.07818796530292,1999,4,1,"Spring",0.916694573985694,0.933673873789862,0.59150505065918,0.00037539005279541,7,16,10,FALSE,TRUE,TRUE,0.946956792544939,0.983551323202498
85,1633000,"1999-04-02",233,1,1.03862660944206,1999,4,2,"Spring",0.916694573985694,0.933673873789862,0.59150505065918,0.00037539005279541,7,16,10,FALSE,TRUE,TRUE,0.946956792544939,0.983551323202498
85,1633000,"1999-04-03",216,0.927038626609442,0.927038626609442,1999,4,3,"Spring",0.916694573985694,0.933673873789862,0.59150505065918,0.00037539005279541,7,16,10,FALSE,TRUE,TRUE,0.946956792544939,0.983551323202498
85,1633000,"1999-04-04",203,0.939814814814815,1.01378172153635,1999,4,4,"Spring",0.916694573985694,0.933673873789862,0.59150505065918,0.00037539005279541,7,16,10,FALSE,TRUE,TRUE,0.946956792544939,0.983551323202498
85,1633000,"1999-04-05",194,0.955665024630542,1.01686524788274,1999,4,5,"Spring",0.916694573985694,0.933673873789862,0.59150505065918,0.00037539005279541,7,16,10,FALSE,TRUE,TRUE,0.946956792544939,0.983551323202498
85,1633000,"1999-04-06",183,0.943298969072165,0.987060261451801,1999,4,6,"Spring",0.916694573985694,0.933673873789862,0.59150505065918,0.00037539005279541,7,16,10,FALSE,TRUE,TRUE,0.946956792544939,0.983551323202498
85,1633000,"1999-04-07",171,0.934426229508197,0.990593926363881,1999,4,7,"Spring",0.916694573985694,0.933673873789862,0.59150505065918,0.00037539005279541,7,16,10,FALSE,TRUE,TRUE,0.946956792544939,0.983551323202498
85,1633000,"1999-04-08",160,0.935672514619883,1.00133374371602,1999,4,8,"Spring",0.916694573985694,0.933673873789862,0.59150505065918,0.00037539005279541,7,16,10,FALSE,TRUE,TRUE,0.946956792544939,0.983551323202498
86,1633000,"1999-10-20",186,0.994652406417112,1.10635133975807,1999,10,20,"Fall",0.93934461039847,0.959288421112171,0.731701731681824,0.000358939170837402,8,19,12,FALSE,TRUE,TRUE,0.950710464455019,0.98425445196669
86,1633000,"1999-10-21",181,0.973118279569892,0.978350098277257,1999,10,21,"Fall",0.93934461039847,0.959288421112171,0.731701731681824,0.000358939170837402,8,19,12,FALSE,TRUE,TRUE,0.950710464455019,0.98425445196669
86,1633000,"1999-10-22",166,0.917127071823204,0.942462073807271,1999,10,22,"Fall",0.93934461039847,0.959288421112171,0.731701731681824,0.000358939170837402,8,19,12,FALSE,TRUE,TRUE,0.950710464455019,0.98425445196669
86,1633000,"1999-10-23",154,0.927710843373494,1.01154013644941,1999,10,23,"Fall",0.93934461039847,0.959288421112171,0.731701731681824,0.000358939170837402,8,19,12,FALSE,TRUE,TRUE,0.950710464455019,0.98425445196669
86,1633000,"1999-10-24",147,0.954545454545455,1.02892561983471,1999,10,24,"Fall",0.93934461039847,0.959288421112171,0.731701731681824,0.000358939170837402,8,19,12,FALSE,TRUE,TRUE,0.950710464455019,0.98425445196669
86,1633000,"1999-10-25",139,0.945578231292517,0.99060576611597,1999,10,25,"Fall",0.93934461039847,0.959288421112171,0.731701731681824,0.000358939170837402,8,19,12,FALSE,TRUE,TRUE,0.950710464455019,0.98425445196669
86,1633000,"1999-10-26",131,0.942446043165468,0.996687542052689,1999,10,26,"Fall",0.93934461039847,0.959288421112171,0.731701731681824,0.000358939170837402,8,19,12,FALSE,TRUE,TRUE,0.950710464455019,0.98425445196669
86,1633000,"1999-10-27",126,0.961832061068702,1.02056989685916,1999,10,27,"Fall",0.93934461039847,0.959288421112171,0.731701731681824,0.000358939170837402,8,19,12,FALSE,TRUE,TRUE,0.950710464455019,0.98425445196669
86,1633000,"1999-10-28",121,0.96031746031746,0.998425296044344,1999,10,28,"Fall",0.93934461039847,0.959288421112171,0.731701731681824,0.000358939170837402,8,19,12,FALSE,TRUE,TRUE,0.950710464455019,0.98425445196669
86,1633000,"1999-10-29",116,0.958677685950413,0.998292466361587,1999,10,29,"Fall",0.93934461039847,0.959288421112171,0.731701731681824,0.000358939170837402,8,19,12,FALSE,TRUE,TRUE,0.950710464455019,0.98425445196669
86,1633000,"1999-10-30",113,0.974137931034483,1.01612663495838,1999,10,30,"Fall",0.93934461039847,0.959288421112171,0.731701731681824,0.000358939170837402,8,19,12,FALSE,TRUE,TRUE,0.950710464455019,0.98425445196669
86,1633000,"1999-10-31",108,0.955752212389381,0.981126164930692,1999,10,31,"Fall",0.93934461039847,0.959288421112171,0.731701731681824,0.000358939170837402,8,19,12,FALSE,TRUE,TRUE,0.950710464455019,0.98425445196669
87,1633000,"1999-11-17",115,0.966386554621849,1.01511192712379,1999,11,17,"Fall",0.957571267333843,0.935965668028911,0.348082542419434,1.19209289550781e-05,12,20,9,FALSE,TRUE,TRUE,0.979416349324053,0.971679687338995
87,1633000,"1999-11-18",111,0.965217391304348,0.998790170132325,1999,11,18,"Fall",0.957571267333843,0.935965668028911,0.348082542419434,1.19209289550781e-05,12,20,9,FALSE,TRUE,TRUE,0.979416349324053,0.971679687338995
87,1633000,"1999-11-19",108,0.972972972972973,1.00803506208912,1999,11,19,"Fall",0.957571267333843,0.935965668028911,0.348082542419434,1.19209289550781e-05,12,20,9,FALSE,TRUE,TRUE,0.979416349324053,0.971679687338995
87,1633000,"1999-11-20",106,0.981481481481482,1.00874485596708,1999,11,20,"Fall",0.957571267333843,0.935965668028911,0.348082542419434,1.19209289550781e-05,12,20,9,FALSE,TRUE,TRUE,0.979416349324053,0.971679687338995
87,1633000,"1999-11-21",103,0.971698113207547,0.990032039871841,1999,11,21,"Fall",0.957571267333843,0.935965668028911,0.348082542419434,1.19209289550781e-05,12,20,9,FALSE,TRUE,TRUE,0.979416349324053,0.971679687338995
87,1633000,"1999-11-22",101,0.980582524271845,1.0091431803186,1999,11,22,"Fall",0.957571267333843,0.935965668028911,0.348082542419434,1.19209289550781e-05,12,20,9,FALSE,TRUE,TRUE,0.979416349324053,0.971679687338995
87,1633000,"1999-11-23",101,1,1.01980198019802,1999,11,23,"Fall",0.957571267333843,0.935965668028911,0.348082542419434,1.19209289550781e-05,12,20,9,FALSE,TRUE,TRUE,0.979416349324053,0.971679687338995
87,1633000,"1999-11-24",99,0.98019801980198,0.98019801980198,1999,11,24,"Fall",0.957571267333843,0.935965668028911,0.348082542419434,1.19209289550781e-05,12,20,9,FALSE,TRUE,TRUE,0.979416349324053,0.971679687338995
87,1633000,"1999-11-25",96,0.96969696969697,0.989286807468626,1999,11,25,"Fall",0.957571267333843,0.935965668028911,0.348082542419434,1.19209289550781e-05,12,20,9,FALSE,TRUE,TRUE,0.979416349324053,0.971679687338995
88,1633000,"2000-01-03",146,0.954248366013072,1.00414370541245,2000,1,3,"Winter",0.961305071791043,0.931579398144708,0.300427198410034,0.00176572799682617,12,27,16,FALSE,TRUE,TRUE,0.977481563400158,0.89003549072831
88,1633000,"2000-01-04",141,0.965753424657534,1.01205667104522,2000,1,4,"Winter",0.961305071791043,0.931579398144708,0.300427198410034,0.00176572799682617,12,27,16,FALSE,TRUE,TRUE,0.977481563400158,0.89003549072831
88,1633000,"2000-01-05",138,0.978723404255319,1.01342990795232,2000,1,5,"Winter",0.961305071791043,0.931579398144708,0.300427198410034,0.00176572799682617,12,27,16,FALSE,TRUE,TRUE,0.977481563400158,0.89003549072831
88,1633000,"2000-01-06",129,0.934782608695652,0.955103969754253,2000,1,6,"Winter",0.961305071791043,0.931579398144708,0.300427198410034,0.00176572799682617,12,27,16,FALSE,TRUE,TRUE,0.977481563400158,0.89003549072831
88,1633000,"2000-01-07",123,0.953488372093023,1.02001081665765,2000,1,7,"Winter",0.961305071791043,0.931579398144708,0.300427198410034,0.00176572799682617,12,27,16,FALSE,TRUE,TRUE,0.977481563400158,0.89003549072831
88,1633000,"2000-01-08",118,0.959349593495935,1.00614713464208,2000,1,8,"Winter",0.961305071791043,0.931579398144708,0.300427198410034,0.00176572799682617,12,27,16,FALSE,TRUE,TRUE,0.977481563400158,0.89003549072831
88,1633000,"2000-01-09",114,0.966101694915254,1.00703820741166,2000,1,9,"Winter",0.961305071791043,0.931579398144708,0.300427198410034,0.00176572799682617,12,27,16,FALSE,TRUE,TRUE,0.977481563400158,0.89003549072831
88,1633000,"2000-01-10",119,1.04385964912281,1.08048630347799,2000,1,10,"Winter",0.961305071791043,0.931579398144708,0.300427198410034,0.00176572799682617,12,27,16,FALSE,TRUE,TRUE,0.977481563400158,0.89003549072831
88,1633000,"2000-01-11",124,1.04201680672269,0.998234587952828,2000,1,11,"Winter",0.961305071791043,0.931579398144708,0.300427198410034,0.00176572799682617,12,27,16,FALSE,TRUE,TRUE,0.977481563400158,0.89003549072831
88,1633000,"2000-01-12",120,0.967741935483871,0.928720083246618,2000,1,12,"Winter",0.961305071791043,0.931579398144708,0.300427198410034,0.00176572799682617,12,27,16,FALSE,TRUE,TRUE,0.977481563400158,0.89003549072831
88,1633000,"2000-01-13",115,0.958333333333333,0.990277777777778,2000,1,13,"Winter",0.961305071791043,0.931579398144708,0.300427198410034,0.00176572799682617,12,27,16,FALSE,TRUE,TRUE,0.977481563400158,0.89003549072831
88,1633000,"2000-01-14",107,0.930434782608696,0.970888468809074,2000,1,14,"Winter",0.961305071791043,0.931579398144708,0.300427198410034,0.00176572799682617,12,27,16,FALSE,TRUE,TRUE,0.977481563400158,0.89003549072831
88,1633000,"2000-01-15",104,0.97196261682243,1.04463271901476,2000,1,15,"Winter",0.961305071791043,0.931579398144708,0.300427198410034,0.00176572799682617,12,27,16,FALSE,TRUE,TRUE,0.977481563400158,0.89003549072831
88,1633000,"2000-01-16",105,1.00961538461538,1.03873890532544,2000,1,16,"Winter",0.961305071791043,0.931579398144708,0.300427198410034,0.00176572799682617,12,27,16,FALSE,TRUE,TRUE,0.977481563400158,0.89003549072831
88,1633000,"2000-01-17",104,0.990476190476191,0.981043083900227,2000,1,17,"Winter",0.961305071791043,0.931579398144708,0.300427198410034,0.00176572799682617,12,27,16,FALSE,TRUE,TRUE,0.977481563400158,0.89003549072831
88,1633000,"2000-01-18",100,0.961538461538462,0.970784023668639,2000,1,18,"Winter",0.961305071791043,0.931579398144708,0.300427198410034,0.00176572799682617,12,27,16,FALSE,TRUE,TRUE,0.977481563400158,0.89003549072831
90,1633000,"2000-04-22",481,0.833622183708839,1.00988198685005,2000,4,22,"Spring",0.94112929430507,0.974629304380726,0.450295209884644,0.450295209884644,1,21,21,FALSE,TRUE,TRUE,0.941492628144982,0.960780405439212
90,1633000,"2000-04-23",395,0.821205821205821,0.98510552772507,2000,4,23,"Spring",0.94112929430507,0.974629304380726,0.450295209884644,0.450295209884644,1,21,21,FALSE,TRUE,TRUE,0.941492628144982,0.960780405439212
90,1633000,"2000-04-24",333,0.843037974683544,1.02658548309566,2000,4,24,"Spring",0.94112929430507,0.974629304380726,0.450295209884644,0.450295209884644,1,21,21,FALSE,TRUE,TRUE,0.941492628144982,0.960780405439212
90,1633000,"2000-04-25",329,0.987987987987988,1.17193770346924,2000,4,25,"Spring",0.94112929430507,0.974629304380726,0.450295209884644,0.450295209884644,1,21,21,FALSE,TRUE,TRUE,0.941492628144982,0.960780405439212
90,1633000,"2000-04-26",330,1.00303951367781,1.01523452296265,2000,4,26,"Spring",0.94112929430507,0.974629304380726,0.450295209884644,0.450295209884644,1,21,21,FALSE,TRUE,TRUE,0.941492628144982,0.960780405439212
90,1633000,"2000-04-27",304,0.921212121212121,0.91842056932966,2000,4,27,"Spring",0.94112929430507,0.974629304380726,0.450295209884644,0.450295209884644,1,21,21,FALSE,TRUE,TRUE,0.941492628144982,0.960780405439212
90,1633000,"2000-04-28",284,0.934210526315789,1.01411011080332,2000,4,28,"Spring",0.94112929430507,0.974629304380726,0.450295209884644,0.450295209884644,1,21,21,FALSE,TRUE,TRUE,0.941492628144982,0.960780405439212
90,1633000,"2000-04-29",305,1.07394366197183,1.14957349732196,2000,4,29,"Spring",0.94112929430507,0.974629304380726,0.450295209884644,0.450295209884644,1,21,21,FALSE,TRUE,TRUE,0.941492628144982,0.960780405439212
90,1633000,"2000-04-30",318,1.04262295081967,0.970835796828809,2000,4,30,"Spring",0.94112929430507,0.974629304380726,0.450295209884644,0.450295209884644,1,21,21,FALSE,TRUE,TRUE,0.941492628144982,0.960780405439212
90,1633000,"2000-05-01",283,0.889937106918239,0.853556030220324,2000,5,1,"Spring",0.94112929430507,0.974629304380726,0.450295209884644,0.450295209884644,1,21,21,FALSE,TRUE,TRUE,0.941492628144982,0.960780405439212
90,1633000,"2000-05-02",258,0.911660777385159,1.02441034349286,2000,5,2,"Spring",0.94112929430507,0.974629304380726,0.450295209884644,0.450295209884644,1,21,21,FALSE,TRUE,TRUE,0.941492628144982,0.960780405439212
90,1633000,"2000-05-03",233,0.903100775193798,0.990610540231957,2000,5,3,"Spring",0.94112929430507,0.974629304380726,0.450295209884644,0.450295209884644,1,21,21,FALSE,TRUE,TRUE,0.941492628144982,0.960780405439212
90,1633000,"2000-05-04",208,0.892703862660944,0.988487538912118,2000,5,4,"Spring",0.94112929430507,0.974629304380726,0.450295209884644,0.450295209884644,1,21,21,FALSE,TRUE,TRUE,0.941492628144982,0.960780405439212
90,1633000,"2000-05-05",192,0.923076923076923,1.03402366863905,2000,5,5,"Spring",0.94112929430507,0.974629304380726,0.450295209884644,0.450295209884644,1,21,21,FALSE,TRUE,TRUE,0.941492628144982,0.960780405439212
90,1633000,"2000-05-06",188,0.979166666666667,1.06076388888889,2000,5,6,"Spring",0.94112929430507,0.974629304380726,0.450295209884644,0.450295209884644,1,21,21,FALSE,TRUE,TRUE,0.941492628144982,0.960780405439212
90,1633000,"2000-05-07",175,0.930851063829787,0.9506564056134,2000,5,7,"Spring",0.94112929430507,0.974629304380726,0.450295209884644,0.450295209884644,1,21,21,FALSE,TRUE,TRUE,0.941492628144982,0.960780405439212
90,1633000,"2000-05-08",167,0.954285714285714,1.02517551020408,2000,5,8,"Spring",0.94112929430507,0.974629304380726,0.450295209884644,0.450295209884644,1,21,21,FALSE,TRUE,TRUE,0.941492628144982,0.960780405439212
90,1633000,"2000-05-09",158,0.946107784431138,0.991430313026641,2000,5,9,"Spring",0.94112929430507,0.974629304380726,0.450295209884644,0.450295209884644,1,21,21,FALSE,TRUE,TRUE,0.941492628144982,0.960780405439212
90,1633000,"2000-05-10",144,0.911392405063291,0.963307162313732,2000,5,10,"Spring",0.94112929430507,0.974629304380726,0.450295209884644,0.450295209884644,1,21,21,FALSE,TRUE,TRUE,0.941492628144982,0.960780405439212
90,1633000,"2000-05-11",131,0.909722222222222,0.998167438271605,2000,5,11,"Spring",0.94112929430507,0.974629304380726,0.450295209884644,0.450295209884644,1,21,21,FALSE,TRUE,TRUE,0.941492628144982,0.960780405439212
90,1633000,"2000-05-12",122,0.931297709923664,1.02371656663365,2000,5,12,"Spring",0.94112929430507,0.974629304380726,0.450295209884644,0.450295209884644,1,21,21,FALSE,TRUE,TRUE,0.941492628144982,0.960780405439212
91,1633000,"2000-10-07",105,0.929203539823009,1.00321090140183,2000,10,7,"Fall",0.938965064798562,0.941285316488012,0.350201368331909,0.000111818313598633,6,16,11,FALSE,TRUE,TRUE,0.948461302391365,0.985434532830859
91,1633000,"2000-10-08",97,0.923809523809524,0.994195011337869,2000,10,8,"Fall",0.938965064798562,0.941285316488012,0.350201368331909,0.000111818313598633,6,16,11,FALSE,TRUE,TRUE,0.948461302391365,0.985434532830859
91,1633000,"2000-10-09",91,0.938144329896907,1.01551705813583,2000,10,9,"Fall",0.938965064798562,0.941285316488012,0.350201368331909,0.000111818313598633,6,16,11,FALSE,TRUE,TRUE,0.948461302391365,0.985434532830859
91,1633000,"2000-10-10",85,0.934065934065934,0.995652698949402,2000,10,10,"Fall",0.938965064798562,0.941285316488012,0.350201368331909,0.000111818313598633,6,16,11,FALSE,TRUE,TRUE,0.948461302391365,0.985434532830859
91,1633000,"2000-10-11",82,0.964705882352941,1.03280276816609,2000,10,11,"Fall",0.938965064798562,0.941285316488012,0.350201368331909,0.000111818313598633,6,16,11,FALSE,TRUE,TRUE,0.948461302391365,0.985434532830859
91,1633000,"2000-10-12",76,0.926829268292683,0.960737656157049,2000,10,12,"Fall",0.938965064798562,0.941285316488012,0.350201368331909,0.000111818313598633,6,16,11,FALSE,TRUE,TRUE,0.948461302391365,0.985434532830859
91,1633000,"2000-10-13",72,0.947368421052632,1.02216066481994,2000,10,13,"Fall",0.938965064798562,0.941285316488012,0.350201368331909,0.000111818313598633,6,16,11,FALSE,TRUE,TRUE,0.948461302391365,0.985434532830859
91,1633000,"2000-10-14",69,0.958333333333333,1.01157407407407,2000,10,14,"Fall",0.938965064798562,0.941285316488012,0.350201368331909,0.000111818313598633,6,16,11,FALSE,TRUE,TRUE,0.948461302391365,0.985434532830859
91,1633000,"2000-10-15",68,0.985507246376812,1.02835538752363,2000,10,15,"Fall",0.938965064798562,0.941285316488012,0.350201368331909,0.000111818313598633,6,16,11,FALSE,TRUE,TRUE,0.948461302391365,0.985434532830859
91,1633000,"2000-10-16",65,0.955882352941177,0.969939446366782,2000,10,16,"Fall",0.938965064798562,0.941285316488012,0.350201368331909,0.000111818313598633,6,16,11,FALSE,TRUE,TRUE,0.948461302391365,0.985434532830859
91,1633000,"2000-10-17",60,0.923076923076923,0.965680473372781,2000,10,17,"Fall",0.938965064798562,0.941285316488012,0.350201368331909,0.000111818313598633,6,16,11,FALSE,TRUE,TRUE,0.948461302391365,0.985434532830859
92,1633000,"2001-01-01",70,0.921052631578947,1.06648199445983,2001,1,1,"Winter",0.967454392021781,0.872634189866915,0.306103467941284,0.0105752944946289,7,24,18,FALSE,TRUE,TRUE,0.984040161626024,0.82921840679868
92,1633000,"2001-01-02",65,0.928571428571429,1.00816326530612,2001,1,2,"Winter",0.967454392021781,0.872634189866915,0.306103467941284,0.0105752944946289,7,24,18,FALSE,TRUE,TRUE,0.984040161626024,0.82921840679868
92,1633000,"2001-01-03",58,0.892307692307692,0.96094674556213,2001,1,3,"Winter",0.967454392021781,0.872634189866915,0.306103467941284,0.0105752944946289,7,24,18,FALSE,TRUE,TRUE,0.984040161626024,0.82921840679868
92,1633000,"2001-01-04",65,1.12068965517241,1.25594530321046,2001,1,4,"Winter",0.967454392021781,0.872634189866915,0.306103467941284,0.0105752944946289,7,24,18,FALSE,TRUE,TRUE,0.984040161626024,0.82921840679868
92,1633000,"2001-01-05",64,0.984615384615385,0.878579881656805,2001,1,5,"Winter",0.967454392021781,0.872634189866915,0.306103467941284,0.0105752944946289,7,24,18,FALSE,TRUE,TRUE,0.984040161626024,0.82921840679868
92,1633000,"2001-01-06",62,0.96875,0.98388671875,2001,1,6,"Winter",0.967454392021781,0.872634189866915,0.306103467941284,0.0105752944946289,7,24,18,FALSE,TRUE,TRUE,0.984040161626024,0.82921840679868
92,1633000,"2001-01-07",59,0.951612903225806,0.982310093652445,2001,1,7,"Winter",0.967454392021781,0.872634189866915,0.306103467941284,0.0105752944946289,7,24,18,FALSE,TRUE,TRUE,0.984040161626024,0.82921840679868
92,1633000,"2001-01-08",65,1.10169491525424,1.15771330077564,2001,1,8,"Winter",0.967454392021781,0.872634189866915,0.306103467941284,0.0105752944946289,7,24,18,FALSE,TRUE,TRUE,0.984040161626024,0.82921840679868
92,1633000,"2001-01-09",60,0.923076923076923,0.837869822485207,2001,1,9,"Winter",0.967454392021781,0.872634189866915,0.306103467941284,0.0105752944946289,7,24,18,FALSE,TRUE,TRUE,0.984040161626024,0.82921840679868
92,1633000,"2001-01-10",57,0.95,1.02916666666667,2001,1,10,"Winter",0.967454392021781,0.872634189866915,0.306103467941284,0.0105752944946289,7,24,18,FALSE,TRUE,TRUE,0.984040161626024,0.82921840679868
92,1633000,"2001-01-11",57,1,1.05263157894737,2001,1,11,"Winter",0.967454392021781,0.872634189866915,0.306103467941284,0.0105752944946289,7,24,18,FALSE,TRUE,TRUE,0.984040161626024,0.82921840679868
92,1633000,"2001-01-12",58,1.01754385964912,1.01754385964912,2001,1,12,"Winter",0.967454392021781,0.872634189866915,0.306103467941284,0.0105752944946289,7,24,18,FALSE,TRUE,TRUE,0.984040161626024,0.82921840679868
92,1633000,"2001-01-13",56,0.96551724137931,0.948870392390012,2001,1,13,"Winter",0.967454392021781,0.872634189866915,0.306103467941284,0.0105752944946289,7,24,18,FALSE,TRUE,TRUE,0.984040161626024,0.82921840679868
92,1633000,"2001-01-14",54,0.964285714285714,0.998724489795918,2001,1,14,"Winter",0.967454392021781,0.872634189866915,0.306103467941284,0.0105752944946289,7,24,18,FALSE,TRUE,TRUE,0.984040161626024,0.82921840679868
92,1633000,"2001-01-15",54,1,1.03703703703704,2001,1,15,"Winter",0.967454392021781,0.872634189866915,0.306103467941284,0.0105752944946289,7,24,18,FALSE,TRUE,TRUE,0.984040161626024,0.82921840679868
92,1633000,"2001-01-16",52,0.962962962962963,0.962962962962963,2001,1,16,"Winter",0.967454392021781,0.872634189866915,0.306103467941284,0.0105752944946289,7,24,18,FALSE,TRUE,TRUE,0.984040161626024,0.82921840679868
92,1633000,"2001-01-17",51,0.980769230769231,1.01849112426036,2001,1,17,"Winter",0.967454392021781,0.872634189866915,0.306103467941284,0.0105752944946289,7,24,18,FALSE,TRUE,TRUE,0.984040161626024,0.82921840679868
92,1633000,"2001-01-18",50,0.980392156862745,0.999615532487505,2001,1,18,"Winter",0.967454392021781,0.872634189866915,0.306103467941284,0.0105752944946289,7,24,18,FALSE,TRUE,TRUE,0.984040161626024,0.82921840679868
93,1633000,"2001-05-01",177,0.946524064171123,1.00220195029884,2001,5,1,"Spring",0.943640709844849,0.964794218460557,0.428480386734009,2.38418579101562e-07,15,29,15,FALSE,TRUE,TRUE,0.958665010795878,0.997581890842933
93,1633000,"2001-05-02",167,0.943502824858757,0.99680806920106,2001,5,2,"Spring",0.943640709844849,0.964794218460557,0.428480386734009,2.38418579101562e-07,15,29,15,FALSE,TRUE,TRUE,0.958665010795878,0.997581890842933
93,1633000,"2001-05-03",159,0.952095808383233,1.00910753343612,2001,5,3,"Spring",0.943640709844849,0.964794218460557,0.428480386734009,2.38418579101562e-07,15,29,15,FALSE,TRUE,TRUE,0.958665010795878,0.997581890842933
93,1633000,"2001-05-04",152,0.955974842767296,1.0040742059254,2001,5,4,"Spring",0.943640709844849,0.964794218460557,0.428480386734009,2.38418579101562e-07,15,29,15,FALSE,TRUE,TRUE,0.958665010795878,0.997581890842933
93,1633000,"2001-05-05",146,0.960526315789474,1.00476108033241,2001,5,5,"Spring",0.943640709844849,0.964794218460557,0.428480386734009,2.38418579101562e-07,15,29,15,FALSE,TRUE,TRUE,0.958665010795878,0.997581890842933
93,1633000,"2001-05-06",142,0.972602739726027,1.01257271533121,2001,5,6,"Spring",0.943640709844849,0.964794218460557,0.428480386734009,2.38418579101562e-07,15,29,15,FALSE,TRUE,TRUE,0.958665010795878,0.997581890842933
93,1633000,"2001-05-07",135,0.950704225352113,0.977484626066257,2001,5,7,"Spring",0.943640709844849,0.964794218460557,0.428480386734009,2.38418579101562e-07,15,29,15,FALSE,TRUE,TRUE,0.958665010795878,0.997581890842933
93,1633000,"2001-05-08",127,0.940740740740741,0.989519890260631,2001,5,8,"Spring",0.943640709844849,0.964794218460557,0.428480386734009,2.38418579101562e-07,15,29,15,FALSE,TRUE,TRUE,0.958665010795878,0.997581890842933
93,1633000,"2001-05-09",125,0.984251968503937,1.04625209250418,2001,5,9,"Spring",0.943640709844849,0.964794218460557,0.428480386734009,2.38418579101562e-07,15,29,15,FALSE,TRUE,TRUE,0.958665010795878,0.997581890842933
93,1633000,"2001-05-10",119,0.952,0.967232,2001,5,10,"Spring",0.943640709844849,0.964794218460557,0.428480386734009,2.38418579101562e-07,15,29,15,FALSE,TRUE,TRUE,0.958665010795878,0.997581890842933
93,1633000,"2001-05-11",113,0.949579831932773,0.997457806652073,2001,5,11,"Spring",0.943640709844849,0.964794218460557,0.428480386734009,2.38418579101562e-07,15,29,15,FALSE,TRUE,TRUE,0.958665010795878,0.997581890842933
93,1633000,"2001-05-12",110,0.973451327433628,1.0251390085363,2001,5,12,"Spring",0.943640709844849,0.964794218460557,0.428480386734009,2.38418579101562e-07,15,29,15,FALSE,TRUE,TRUE,0.958665010795878,0.997581890842933
93,1633000,"2001-05-13",106,0.963636363636364,0.989917355371901,2001,5,13,"Spring",0.943640709844849,0.964794218460557,0.428480386734009,2.38418579101562e-07,15,29,15,FALSE,TRUE,TRUE,0.958665010795878,0.997581890842933
93,1633000,"2001-05-14",101,0.952830188679245,0.988786044855821,2001,5,14,"Spring",0.943640709844849,0.964794218460557,0.428480386734009,2.38418579101562e-07,15,29,15,FALSE,TRUE,TRUE,0.958665010795878,0.997581890842933
93,1633000,"2001-05-15",96,0.95049504950495,0.997549259876483,2001,5,15,"Spring",0.943640709844849,0.964794218460557,0.428480386734009,2.38418579101562e-07,15,29,15,FALSE,TRUE,TRUE,0.958665010795878,0.997581890842933
94,1633000,"2002-02-15",30.1,0.980456026058632,1.0028117009199,2002,2,15,"Winter",0.975460279145248,0.983529691893011,0.488422334194183,0.488422334194183,1,15,15,FALSE,TRUE,TRUE,0.974720189033471,0.932694119804873
94,1633000,"2002-02-16",29,0.963455149501661,0.982660235538239,2002,2,16,"Winter",0.975460279145248,0.983529691893011,0.488422334194183,0.488422334194183,1,15,15,FALSE,TRUE,TRUE,0.974720189033471,0.932694119804873
94,1633000,"2002-02-17",30.2,1.04137931034483,1.08087990487515,2002,2,17,"Winter",0.975460279145248,0.983529691893011,0.488422334194183,0.488422334194183,1,15,15,FALSE,TRUE,TRUE,0.974720189033471,0.932694119804873
94,1633000,"2002-02-18",30,0.993377483443709,0.95390553045919,2002,2,18,"Winter",0.975460279145248,0.983529691893011,0.488422334194183,0.488422334194183,1,15,15,FALSE,TRUE,TRUE,0.974720189033471,0.932694119804873
94,1633000,"2002-02-19",28.3,0.943333333333333,0.949622222222222,2002,2,19,"Winter",0.975460279145248,0.983529691893011,0.488422334194183,0.488422334194183,1,15,15,FALSE,TRUE,TRUE,0.974720189033471,0.932694119804873
94,1633000,"2002-02-20",27,0.954063604240283,1.0113748454844,2002,2,20,"Winter",0.975460279145248,0.983529691893011,0.488422334194183,0.488422334194183,1,15,15,FALSE,TRUE,TRUE,0.974720189033471,0.932694119804873
94,1633000,"2002-02-21",26.7,0.988888888888889,1.03650205761317,2002,2,21,"Winter",0.975460279145248,0.983529691893011,0.488422334194183,0.488422334194183,1,15,15,FALSE,TRUE,TRUE,0.974720189033471,0.932694119804873
94,1633000,"2002-02-22",25,0.936329588014981,0.946850145183689,2002,2,22,"Winter",0.975460279145248,0.983529691893011,0.488422334194183,0.488422334194183,1,15,15,FALSE,TRUE,TRUE,0.974720189033471,0.932694119804873
94,1633000,"2002-02-23",25.3,1.012,1.080816,2002,2,23,"Winter",0.975460279145248,0.983529691893011,0.488422334194183,0.488422334194183,1,15,15,FALSE,TRUE,TRUE,0.974720189033471,0.932694119804873
94,1633000,"2002-02-24",24.9,0.984189723320158,0.972519489446796,2002,2,24,"Winter",0.975460279145248,0.983529691893011,0.488422334194183,0.488422334194183,1,15,15,FALSE,TRUE,TRUE,0.974720189033471,0.932694119804873
94,1633000,"2002-02-25",25.5,1.02409638554217,1.04054773310108,2002,2,25,"Winter",0.975460279145248,0.983529691893011,0.488422334194183,0.488422334194183,1,15,15,FALSE,TRUE,TRUE,0.974720189033471,0.932694119804873
94,1633000,"2002-02-26",24,0.941176470588235,0.919031141868512,2002,2,26,"Winter",0.975460279145248,0.983529691893011,0.488422334194183,0.488422334194183,1,15,15,FALSE,TRUE,TRUE,0.974720189033471,0.932694119804873
94,1633000,"2002-02-27",22.7,0.945833333333333,1.00494791666667,2002,2,27,"Winter",0.975460279145248,0.983529691893011,0.488422334194183,0.488422334194183,1,15,15,FALSE,TRUE,TRUE,0.974720189033471,0.932694119804873
94,1633000,"2002-02-28",21.6,0.951541850220264,1.00603543635623,2002,2,28,"Winter",0.975460279145248,0.983529691893011,0.488422334194183,0.488422334194183,1,15,15,FALSE,TRUE,TRUE,0.974720189033471,0.932694119804873
94,1633000,"2002-03-01",20.9,0.967592592592592,1.01686814128944,2002,3,1,"Spring",0.975460279145248,0.983529691893011,0.488422334194183,0.488422334194183,1,15,15,FALSE,TRUE,TRUE,0.974720189033471,0.932694119804873
95,1633000,"2003-10-04",376,0.935323383084577,1.03071706145887,2003,10,4,"Fall",0.947443501064273,0.961677064600637,0.452370405197144,1.33514404296875e-05,5,10,6,FALSE,TRUE,TRUE,0.944355248529696,0.996597185074183
95,1633000,"2003-10-05",360,0.957446808510638,1.02365323675871,2003,10,5,"Fall",0.947443501064273,0.961677064600637,0.452370405197144,1.33514404296875e-05,5,10,6,FALSE,TRUE,TRUE,0.944355248529696,0.996597185074183
95,1633000,"2003-10-06",336,0.933333333333333,0.974814814814815,2003,10,6,"Fall",0.947443501064273,0.961677064600637,0.452370405197144,1.33514404296875e-05,5,10,6,FALSE,TRUE,TRUE,0.944355248529696,0.996597185074183
95,1633000,"2003-10-07",316,0.94047619047619,1.00765306122449,2003,10,7,"Fall",0.947443501064273,0.961677064600637,0.452370405197144,1.33514404296875e-05,5,10,6,FALSE,TRUE,TRUE,0.944355248529696,0.996597185074183
95,1633000,"2003-10-08",299,0.94620253164557,1.00608876782567,2003,10,8,"Fall",0.947443501064273,0.961677064600637,0.452370405197144,1.33514404296875e-05,5,10,6,FALSE,TRUE,TRUE,0.944355248529696,0.996597185074183
95,1633000,"2003-10-09",285,0.953177257525084,1.00737128220042,2003,10,9,"Fall",0.947443501064273,0.961677064600637,0.452370405197144,1.33514404296875e-05,5,10,6,FALSE,TRUE,TRUE,0.944355248529696,0.996597185074183
96,1633000,"2004-01-07",374,0.91219512195122,0.95669244497323,2004,1,7,"Winter",0.958218663362536,0.953705062759987,0.350069999694824,4.92334365844727e-05,12,36,25,FALSE,TRUE,TRUE,0.966376082698084,0.988825604384276
96,1633000,"2004-01-08",350,0.935828877005348,1.02590866195773,2004,1,8,"Winter",0.958218663362536,0.953705062759987,0.350069999694824,4.92334365844727e-05,12,36,25,FALSE,TRUE,TRUE,0.966376082698084,0.988825604384276
96,1633000,"2004-01-09",342,0.977142857142857,1.04414693877551,2004,1,9,"Winter",0.958218663362536,0.953705062759987,0.350069999694824,4.92334365844727e-05,12,36,25,FALSE,TRUE,TRUE,0.966376082698084,0.988825604384276
96,1633000,"2004-01-10",327,0.956140350877193,0.978506207038063,2004,1,10,"Winter",0.958218663362536,0.953705062759987,0.350069999694824,4.92334365844727e-05,12,36,25,FALSE,TRUE,TRUE,0.966376082698084,0.988825604384276
96,1633000,"2004-01-11",302,0.923547400611621,0.965911960272704,2004,1,11,"Winter",0.958218663362536,0.953705062759987,0.350069999694824,4.92334365844727e-05,12,36,25,FALSE,TRUE,TRUE,0.966376082698084,0.988825604384276
96,1633000,"2004-01-12",309,1.02317880794702,1.10787904039297,2004,1,12,"Winter",0.958218663362536,0.953705062759987,0.350069999694824,4.92334365844727e-05,12,36,25,FALSE,TRUE,TRUE,0.966376082698084,0.988825604384276
96,1633000,"2004-01-13",304,0.983818770226537,0.961531613619463,2004,1,13,"Winter",0.958218663362536,0.953705062759987,0.350069999694824,4.92334365844727e-05,12,36,25,FALSE,TRUE,TRUE,0.966376082698084,0.988825604384276
96,1633000,"2004-01-14",291,0.957236842105263,0.972980869113573,2004,1,14,"Winter",0.958218663362536,0.953705062759987,0.350069999694824,4.92334365844727e-05,12,36,25,FALSE,TRUE,TRUE,0.966376082698084,0.988825604384276
96,1633000,"2004-01-15",284,0.975945017182131,1.01954393547549,2004,1,15,"Winter",0.958218663362536,0.953705062759987,0.350069999694824,4.92334365844727e-05,12,36,25,FALSE,TRUE,TRUE,0.966376082698084,0.988825604384276
96,1633000,"2004-01-16",266,0.936619718309859,0.959705415592144,2004,1,16,"Winter",0.958218663362536,0.953705062759987,0.350069999694824,4.92334365844727e-05,12,36,25,FALSE,TRUE,TRUE,0.966376082698084,0.988825604384276
96,1633000,"2004-01-17",250,0.93984962406015,1.00344847080106,2004,1,17,"Winter",0.958218663362536,0.953705062759987,0.350069999694824,4.92334365844727e-05,12,36,25,FALSE,TRUE,TRUE,0.966376082698084,0.988825604384276
96,1633000,"2004-01-18",245,0.98,1.04272,2004,1,18,"Winter",0.958218663362536,0.953705062759987,0.350069999694824,4.92334365844727e-05,12,36,25,FALSE,TRUE,TRUE,0.966376082698084,0.988825604384276
96,1633000,"2004-01-19",240,0.979591836734694,0.999583506872137,2004,1,19,"Winter",0.958218663362536,0.953705062759987,0.350069999694824,4.92334365844727e-05,12,36,25,FALSE,TRUE,TRUE,0.966376082698084,0.988825604384276
96,1633000,"2004-01-20",234,0.975,0.9953125,2004,1,20,"Winter",0.958218663362536,0.953705062759987,0.350069999694824,4.92334365844727e-05,12,36,25,FALSE,TRUE,TRUE,0.966376082698084,0.988825604384276
96,1633000,"2004-01-21",214,0.914529914529915,0.937979399517861,2004,1,21,"Winter",0.958218663362536,0.953705062759987,0.350069999694824,4.92334365844727e-05,12,36,25,FALSE,TRUE,TRUE,0.966376082698084,0.988825604384276
96,1633000,"2004-01-22",210,0.981308411214953,1.07301947768364,2004,1,22,"Winter",0.958218663362536,0.953705062759987,0.350069999694824,4.92334365844727e-05,12,36,25,FALSE,TRUE,TRUE,0.966376082698084,0.988825604384276
96,1633000,"2004-01-23",200,0.952380952380952,0.970521541950113,2004,1,23,"Winter",0.958218663362536,0.953705062759987,0.350069999694824,4.92334365844727e-05,12,36,25,FALSE,TRUE,TRUE,0.966376082698084,0.988825604384276
96,1633000,"2004-01-24",195,0.975,1.02375,2004,1,24,"Winter",0.958218663362536,0.953705062759987,0.350069999694824,4.92334365844727e-05,12,36,25,FALSE,TRUE,TRUE,0.966376082698084,0.988825604384276
96,1633000,"2004-01-25",192,0.984615384615385,1.00986193293886,2004,1,25,"Winter",0.958218663362536,0.953705062759987,0.350069999694824,4.92334365844727e-05,12,36,25,FALSE,TRUE,TRUE,0.966376082698084,0.988825604384276
96,1633000,"2004-01-26",188,0.979166666666667,0.994466145833333,2004,1,26,"Winter",0.958218663362536,0.953705062759987,0.350069999694824,4.92334365844727e-05,12,36,25,FALSE,TRUE,TRUE,0.966376082698084,0.988825604384276
96,1633000,"2004-01-27",185,0.984042553191489,1.00497962879131,2004,1,27,"Winter",0.958218663362536,0.953705062759987,0.350069999694824,4.92334365844727e-05,12,36,25,FALSE,TRUE,TRUE,0.966376082698084,0.988825604384276
96,1633000,"2004-01-28",180,0.972972972972973,0.988750913075237,2004,1,28,"Winter",0.958218663362536,0.953705062759987,0.350069999694824,4.92334365844727e-05,12,36,25,FALSE,TRUE,TRUE,0.966376082698084,0.988825604384276
96,1633000,"2004-01-29",175,0.972222222222222,0.999228395061728,2004,1,29,"Winter",0.958218663362536,0.953705062759987,0.350069999694824,4.92334365844727e-05,12,36,25,FALSE,TRUE,TRUE,0.966376082698084,0.988825604384276
96,1633000,"2004-01-30",170,0.971428571428571,0.999183673469388,2004,1,30,"Winter",0.958218663362536,0.953705062759987,0.350069999694824,4.92334365844727e-05,12,36,25,FALSE,TRUE,TRUE,0.966376082698084,0.988825604384276
96,1633000,"2004-01-31",165,0.970588235294118,0.999134948096886,2004,1,31,"Winter",0.958218663362536,0.953705062759987,0.350069999694824,4.92334365844727e-05,12,36,25,FALSE,TRUE,TRUE,0.966376082698084,0.988825604384276
97,1633000,"2004-10-11",273,0.931740614334471,1.00806066465538,2004,10,11,"Fall",0.952035591961931,0.849825774784144,0.303096532821655,9.84668731689453e-05,8,24,17,FALSE,TRUE,TRUE,0.976613081778723,0.793568829713047
97,1633000,"2004-10-12",255,0.934065934065934,1.00249567282534,2004,10,12,"Fall",0.952035591961931,0.849825774784144,0.303096532821655,9.84668731689453e-05,8,24,17,FALSE,TRUE,TRUE,0.976613081778723,0.793568829713047
97,1633000,"2004-10-13",247,0.968627450980392,1.03700115340254,2004,10,13,"Fall",0.952035591961931,0.849825774784144,0.303096532821655,9.84668731689453e-05,8,24,17,FALSE,TRUE,TRUE,0.976613081778723,0.793568829713047
97,1633000,"2004-10-14",266,1.07692307692308,1.1118031765805,2004,10,14,"Fall",0.952035591961931,0.849825774784144,0.303096532821655,9.84668731689453e-05,8,24,17,FALSE,TRUE,TRUE,0.976613081778723,0.793568829713047
97,1633000,"2004-10-15",243,0.913533834586466,0.84828141783029,2004,10,15,"Fall",0.952035591961931,0.849825774784144,0.303096532821655,9.84668731689453e-05,8,24,17,FALSE,TRUE,TRUE,0.976613081778723,0.793568829713047
97,1633000,"2004-10-16",224,0.921810699588477,1.00906027197751,2004,10,16,"Fall",0.952035591961931,0.849825774784144,0.303096532821655,9.84668731689453e-05,8,24,17,FALSE,TRUE,TRUE,0.976613081778723,0.793568829713047
97,1633000,"2004-10-17",214,0.955357142857143,1.0363919005102,2004,10,17,"Fall",0.952035591961931,0.849825774784144,0.303096532821655,9.84668731689453e-05,8,24,17,FALSE,TRUE,TRUE,0.976613081778723,0.793568829713047
97,1633000,"2004-10-18",201,0.939252336448598,0.983142632544327,2004,10,18,"Fall",0.952035591961931,0.849825774784144,0.303096532821655,9.84668731689453e-05,8,24,17,FALSE,TRUE,TRUE,0.976613081778723,0.793568829713047
97,1633000,"2004-10-19",194,0.965174129353234,1.02759832677409,2004,10,19,"Fall",0.952035591961931,0.849825774784144,0.303096532821655,9.84668731689453e-05,8,24,17,FALSE,TRUE,TRUE,0.976613081778723,0.793568829713047
97,1633000,"2004-10-20",195,1.00515463917526,1.04142310553725,2004,10,20,"Fall",0.952035591961931,0.849825774784144,0.303096532821655,9.84668731689453e-05,8,24,17,FALSE,TRUE,TRUE,0.976613081778723,0.793568829713047
97,1633000,"2004-10-21",205,1.05128205128205,1.04589086127548,2004,10,21,"Fall",0.952035591961931,0.849825774784144,0.303096532821655,9.84668731689453e-05,8,24,17,FALSE,TRUE,TRUE,0.976613081778723,0.793568829713047
97,1633000,"2004-10-22",193,0.941463414634146,0.895538370017846,2004,10,22,"Fall",0.952035591961931,0.849825774784144,0.303096532821655,9.84668731689453e-05,8,24,17,FALSE,TRUE,TRUE,0.976613081778723,0.793568829713047
97,1633000,"2004-10-23",184,0.953367875647668,1.0126446347553,2004,10,23,"Fall",0.952035591961931,0.849825774784144,0.303096532821655,9.84668731689453e-05,8,24,17,FALSE,TRUE,TRUE,0.976613081778723,0.793568829713047
97,1633000,"2004-10-24",192,1.04347826086957,1.0945179584121,2004,10,24,"Fall",0.952035591961931,0.849825774784144,0.303096532821655,9.84668731689453e-05,8,24,17,FALSE,TRUE,TRUE,0.976613081778723,0.793568829713047
97,1633000,"2004-10-25",208,1.08333333333333,1.03819444444444,2004,10,25,"Fall",0.952035591961931,0.849825774784144,0.303096532821655,9.84668731689453e-05,8,24,17,FALSE,TRUE,TRUE,0.976613081778723,0.793568829713047
97,1633000,"2004-10-26",192,0.923076923076923,0.85207100591716,2004,10,26,"Fall",0.952035591961931,0.849825774784144,0.303096532821655,9.84668731689453e-05,8,24,17,FALSE,TRUE,TRUE,0.976613081778723,0.793568829713047
97,1633000,"2004-10-27",180,0.9375,1.015625,2004,10,27,"Fall",0.952035591961931,0.849825774784144,0.303096532821655,9.84668731689453e-05,8,24,17,FALSE,TRUE,TRUE,0.976613081778723,0.793568829713047
98,1633000,"2005-01-04",306,0.965299684542587,1.01706654459692,2005,1,4,"Winter",0.960778787878755,0.944896392780404,0.59150505065918,0.000358939170837402,10,19,10,FALSE,TRUE,TRUE,0.973512275419459,0.990443545386924
98,1633000,"2005-01-05",299,0.977124183006536,1.01224956213422,2005,1,5,"Winter",0.960778787878755,0.944896392780404,0.59150505065918,0.000358939170837402,10,19,10,FALSE,TRUE,TRUE,0.973512275419459,0.990443545386924
98,1633000,"2005-01-06",294,0.983277591973244,1.0062974687084,2005,1,6,"Winter",0.960778787878755,0.944896392780404,0.59150505065918,0.000358939170837402,10,19,10,FALSE,TRUE,TRUE,0.973512275419459,0.990443545386924
98,1633000,"2005-01-07",285,0.969387755102041,0.9858739414133,2005,1,7,"Winter",0.960778787878755,0.944896392780404,0.59150505065918,0.000358939170837402,10,19,10,FALSE,TRUE,TRUE,0.973512275419459,0.990443545386924
98,1633000,"2005-01-08",280,0.982456140350877,1.0134810710988,2005,1,8,"Winter",0.960778787878755,0.944896392780404,0.59150505065918,0.000358939170837402,10,19,10,FALSE,TRUE,TRUE,0.973512275419459,0.990443545386924
98,1633000,"2005-01-09",270,0.964285714285714,0.981505102040816,2005,1,9,"Winter",0.960778787878755,0.944896392780404,0.59150505065918,0.000358939170837402,10,19,10,FALSE,TRUE,TRUE,0.973512275419459,0.990443545386924
98,1633000,"2005-01-10",260,0.962962962962963,0.998628257887517,2005,1,10,"Winter",0.960778787878755,0.944896392780404,0.59150505065918,0.000358939170837402,10,19,10,FALSE,TRUE,TRUE,0.973512275419459,0.990443545386924
98,1633000,"2005-01-11",252,0.969230769230769,1.00650887573964,2005,1,11,"Winter",0.960778787878755,0.944896392780404,0.59150505065918,0.000358939170837402,10,19,10,FALSE,TRUE,TRUE,0.973512275419459,0.990443545386924
98,1633000,"2005-01-12",248,0.984126984126984,1.01536911060721,2005,1,12,"Winter",0.960778787878755,0.944896392780404,0.59150505065918,0.000358939170837402,10,19,10,FALSE,TRUE,TRUE,0.973512275419459,0.990443545386924
98,1633000,"2005-01-13",244,0.983870967741935,0.999739854318418,2005,1,13,"Winter",0.960778787878755,0.944896392780404,0.59150505065918,0.000358939170837402,10,19,10,FALSE,TRUE,TRUE,0.973512275419459,0.990443545386924
101,1633000,"2006-03-10",195,0.970149253731343,1.00393554614985,2006,3,10,"Spring",0.969130965457746,0.925578019307396,0.463469266891479,1.43051147460938e-06,18,39,22,FALSE,TRUE,TRUE,0.980261032574505,0.976243635201508
101,1633000,"2006-03-11",188,0.964102564102564,0.993767258382643,2006,3,11,"Spring",0.969130965457746,0.925578019307396,0.463469266891479,1.43051147460938e-06,18,39,22,FALSE,TRUE,TRUE,0.980261032574505,0.976243635201508
101,1633000,"2006-03-12",182,0.968085106382979,1.00413082842915,2006,3,12,"Spring",0.969130965457746,0.925578019307396,0.463469266891479,1.43051147460938e-06,18,39,22,FALSE,TRUE,TRUE,0.980261032574505,0.976243635201508
101,1633000,"2006-03-13",181,0.994505494505495,1.02729138992875,2006,3,13,"Spring",0.969130965457746,0.925578019307396,0.463469266891479,1.43051147460938e-06,18,39,22,FALSE,TRUE,TRUE,0.980261032574505,0.976243635201508
101,1633000,"2006-03-14",177,0.977900552486188,0.983303317969537,2006,3,14,"Spring",0.969130965457746,0.925578019307396,0.463469266891479,1.43051147460938e-06,18,39,22,FALSE,TRUE,TRUE,0.980261032574505,0.976243635201508
101,1633000,"2006-03-15",167,0.943502824858757,0.964824922595678,2006,3,15,"Spring",0.969130965457746,0.925578019307396,0.463469266891479,1.43051147460938e-06,18,39,22,FALSE,TRUE,TRUE,0.980261032574505,0.976243635201508
101,1633000,"2006-03-16",162,0.970059880239521,1.02814729821794,2006,3,16,"Spring",0.969130965457746,0.925578019307396,0.463469266891479,1.43051147460938e-06,18,39,22,FALSE,TRUE,TRUE,0.980261032574505,0.976243635201508
101,1633000,"2006-03-17",160,0.987654320987654,1.01813747904283,2006,3,17,"Spring",0.969130965457746,0.925578019307396,0.463469266891479,1.43051147460938e-06,18,39,22,FALSE,TRUE,TRUE,0.980261032574505,0.976243635201508
101,1633000,"2006-03-18",157,0.98125,0.993515625,2006,3,18,"Spring",0.969130965457746,0.925578019307396,0.463469266891479,1.43051147460938e-06,18,39,22,FALSE,TRUE,TRUE,0.980261032574505,0.976243635201508
101,1633000,"2006-03-19",153,0.974522292993631,0.993143738082681,2006,3,19,"Spring",0.969130965457746,0.925578019307396,0.463469266891479,1.43051147460938e-06,18,39,22,FALSE,TRUE,TRUE,0.980261032574505,0.976243635201508
101,1633000,"2006-03-20",150,0.980392156862745,1.00602332436242,2006,3,20,"Spring",0.969130965457746,0.925578019307396,0.463469266891479,1.43051147460938e-06,18,39,22,FALSE,TRUE,TRUE,0.980261032574505,0.976243635201508
101,1633000,"2006-03-21",148,0.986666666666667,1.0064,2006,3,21,"Spring",0.969130965457746,0.925578019307396,0.463469266891479,1.43051147460938e-06,18,39,22,FALSE,TRUE,TRUE,0.980261032574505,0.976243635201508
101,1633000,"2006-03-22",148,1,1.01351351351351,2006,3,22,"Spring",0.969130965457746,0.925578019307396,0.463469266891479,1.43051147460938e-06,18,39,22,FALSE,TRUE,TRUE,0.980261032574505,0.976243635201508
101,1633000,"2006-03-23",143,0.966216216216216,0.966216216216216,2006,3,23,"Spring",0.969130965457746,0.925578019307396,0.463469266891479,1.43051147460938e-06,18,39,22,FALSE,TRUE,TRUE,0.980261032574505,0.976243635201508
101,1633000,"2006-03-24",141,0.986013986013986,1.02048999951098,2006,3,24,"Spring",0.969130965457746,0.925578019307396,0.463469266891479,1.43051147460938e-06,18,39,22,FALSE,TRUE,TRUE,0.980261032574505,0.976243635201508
101,1633000,"2006-03-25",139,0.985815602836879,0.999798802877119,2006,3,25,"Spring",0.969130965457746,0.925578019307396,0.463469266891479,1.43051147460938e-06,18,39,22,FALSE,TRUE,TRUE,0.980261032574505,0.976243635201508
101,1633000,"2006-03-26",138,0.992805755395683,1.00709073029346,2006,3,26,"Spring",0.969130965457746,0.925578019307396,0.463469266891479,1.43051147460938e-06,18,39,22,FALSE,TRUE,TRUE,0.980261032574505,0.976243635201508
101,1633000,"2006-03-27",135,0.978260869565217,0.985349716446125,2006,3,27,"Spring",0.969130965457746,0.925578019307396,0.463469266891479,1.43051147460938e-06,18,39,22,FALSE,TRUE,TRUE,0.980261032574505,0.976243635201508
101,1633000,"2006-03-28",131,0.97037037037037,0.991934156378601,2006,3,28,"Spring",0.969130965457746,0.925578019307396,0.463469266891479,1.43051147460938e-06,18,39,22,FALSE,TRUE,TRUE,0.980261032574505,0.976243635201508
101,1633000,"2006-03-29",133,1.01526717557252,1.04626770001748,2006,3,29,"Spring",0.969130965457746,0.925578019307396,0.463469266891479,1.43051147460938e-06,18,39,22,FALSE,TRUE,TRUE,0.980261032574505,0.976243635201508
101,1633000,"2006-03-30",129,0.969924812030075,0.955339476510826,2006,3,30,"Spring",0.969130965457746,0.925578019307396,0.463469266891479,1.43051147460938e-06,18,39,22,FALSE,TRUE,TRUE,0.980261032574505,0.976243635201508
101,1633000,"2006-03-31",124,0.961240310077519,0.991046211165194,2006,3,31,"Spring",0.969130965457746,0.925578019307396,0.463469266891479,1.43051147460938e-06,18,39,22,FALSE,TRUE,TRUE,0.980261032574505,0.976243635201508
102,1633000,"2006-08-06",106,0.938053097345133,1.00446393609523,2006,8,6,"Summer",0.96477440226656,0.980398133276696,0.468417167663574,0.0577645301818848,7,27,21,FALSE,TRUE,TRUE,0.968095737710437,0.991862156897202
102,1633000,"2006-08-07",101,0.952830188679245,1.01575293698825,2006,8,7,"Summer",0.96477440226656,0.980398133276696,0.468417167663574,0.0577645301818848,7,27,21,FALSE,TRUE,TRUE,0.968095737710437,0.991862156897202
102,1633000,"2006-08-08",96.4,0.954455445544555,1.00170571512597,2006,8,8,"Summer",0.96477440226656,0.980398133276696,0.468417167663574,0.0577645301818848,7,27,21,FALSE,TRUE,TRUE,0.968095737710437,0.991862156897202
102,1633000,"2006-08-09",91.9,0.953319502074689,0.998809851758751,2006,8,9,"Summer",0.96477440226656,0.980398133276696,0.468417167663574,0.0577645301818848,7,27,21,FALSE,TRUE,TRUE,0.968095737710437,0.991862156897202
102,1633000,"2006-08-10",92,1.00108813928183,1.05010768908344,2006,8,10,"Summer",0.96477440226656,0.980398133276696,0.468417167663574,0.0577645301818848,7,27,21,FALSE,TRUE,TRUE,0.968095737710437,0.991862156897202
102,1633000,"2006-08-11",92,1,0.998913043478261,2006,8,11,"Summer",0.96477440226656,0.980398133276696,0.468417167663574,0.0577645301818848,7,27,21,FALSE,TRUE,TRUE,0.968095737710437,0.991862156897202
102,1633000,"2006-08-12",86.6,0.941304347826087,0.941304347826087,2006,8,12,"Summer",0.96477440226656,0.980398133276696,0.468417167663574,0.0577645301818848,7,27,21,FALSE,TRUE,TRUE,0.968095737710437,0.991862156897202
102,1633000,"2006-08-13",83.1,0.959584295612009,1.01941980596195,2006,8,13,"Summer",0.96477440226656,0.980398133276696,0.468417167663574,0.0577645301818848,7,27,21,FALSE,TRUE,TRUE,0.968095737710437,0.991862156897202
102,1633000,"2006-08-14",81.6,0.981949458483754,1.02330713724059,2006,8,14,"Summer",0.96477440226656,0.980398133276696,0.468417167663574,0.0577645301818848,7,27,21,FALSE,TRUE,TRUE,0.968095737710437,0.991862156897202
102,1633000,"2006-08-15",77.5,0.949754901960784,0.96721363177624,2006,8,15,"Summer",0.96477440226656,0.980398133276696,0.468417167663574,0.0577645301818848,7,27,21,FALSE,TRUE,TRUE,0.968095737710437,0.991862156897202
102,1633000,"2006-08-16",76.3,0.984516129032258,1.03660020811655,2006,8,16,"Summer",0.96477440226656,0.980398133276696,0.468417167663574,0.0577645301818848,7,27,21,FALSE,TRUE,TRUE,0.968095737710437,0.991862156897202
102,1633000,"2006-08-17",72.3,0.947575360419397,0.962478249443031,2006,8,17,"Summer",0.96477440226656,0.980398133276696,0.468417167663574,0.0577645301818848,7,27,21,FALSE,TRUE,TRUE,0.968095737710437,0.991862156897202
102,1633000,"2006-08-18",69.7,0.964038727524205,1.01737420345915,2006,8,18,"Summer",0.96477440226656,0.980398133276696,0.468417167663574,0.0577645301818848,7,27,21,FALSE,TRUE,TRUE,0.968095737710437,0.991862156897202
102,1633000,"2006-08-19",67.9,0.974175035868006,1.01051442027628,2006,8,19,"Summer",0.96477440226656,0.980398133276696,0.468417167663574,0.0577645301818848,7,27,21,FALSE,TRUE,TRUE,0.968095737710437,0.991862156897202
102,1633000,"2006-08-20",67.9,1,1.02650957290133,2006,8,20,"Summer",0.96477440226656,0.980398133276696,0.468417167663574,0.0577645301818848,7,27,21,FALSE,TRUE,TRUE,0.968095737710437,0.991862156897202
102,1633000,"2006-08-21",67,0.986745213549337,0.986745213549337,2006,8,21,"Summer",0.96477440226656,0.980398133276696,0.468417167663574,0.0577645301818848,7,27,21,FALSE,TRUE,TRUE,0.968095737710437,0.991862156897202
102,1633000,"2006-08-22",63.2,0.943283582089552,0.955954555580308,2006,8,22,"Summer",0.96477440226656,0.980398133276696,0.468417167663574,0.0577645301818848,7,27,21,FALSE,TRUE,TRUE,0.968095737710437,0.991862156897202
102,1633000,"2006-08-23",58.8,0.930379746835443,0.986320301233777,2006,8,23,"Summer",0.96477440226656,0.980398133276696,0.468417167663574,0.0577645301818848,7,27,21,FALSE,TRUE,TRUE,0.968095737710437,0.991862156897202
102,1633000,"2006-08-24",57.9,0.98469387755102,1.05837845342219,2006,8,24,"Summer",0.96477440226656,0.980398133276696,0.468417167663574,0.0577645301818848,7,27,21,FALSE,TRUE,TRUE,0.968095737710437,0.991862156897202
102,1633000,"2006-08-25",56,0.967184801381693,0.982218762024931,2006,8,25,"Summer",0.96477440226656,0.980398133276696,0.468417167663574,0.0577645301818848,7,27,21,FALSE,TRUE,TRUE,0.968095737710437,0.991862156897202
102,1633000,"2006-08-26",54.5,0.973214285714286,1.00623405612245,2006,8,26,"Summer",0.96477440226656,0.980398133276696,0.468417167663574,0.0577645301818848,7,27,21,FALSE,TRUE,TRUE,0.968095737710437,0.991862156897202
103,1633000,"2006-10-16",223,0.899193548387097,1.00071540062435,2006,10,16,"Fall",0.959180529861405,0.848956588072586,0.350201368331909,0.00859498977661133,4,14,11,FALSE,TRUE,TRUE,0.960757654510656,0.679991595277154
103,1633000,"2006-10-17",232,1.04035874439462,1.1569908906272,2006,10,17,"Fall",0.959180529861405,0.848956588072586,0.350201368331909,0.00859498977661133,4,14,11,FALSE,TRUE,TRUE,0.960757654510656,0.679991595277154
103,1633000,"2006-10-18",282,1.21551724137931,1.16836355529132,2006,10,18,"Fall",0.959180529861405,0.848956588072586,0.350201368331909,0.00859498977661133,4,14,11,FALSE,TRUE,TRUE,0.960757654510656,0.679991595277154
103,1633000,"2006-10-19",262,0.929078014184397,0.764347869825462,2006,10,19,"Fall",0.959180529861405,0.848956588072586,0.350201368331909,0.00859498977661133,4,14,11,FALSE,TRUE,TRUE,0.960757654510656,0.679991595277154
103,1633000,"2006-10-20",244,0.931297709923664,1.00238913816211,2006,10,20,"Fall",0.959180529861405,0.848956588072586,0.350201368331909,0.00859498977661133,4,14,11,FALSE,TRUE,TRUE,0.960757654510656,0.679991595277154
103,1633000,"2006-10-21",224,0.918032786885246,0.985756517065305,2006,10,21,"Fall",0.959180529861405,0.848956588072586,0.350201368331909,0.00859498977661133,4,14,11,FALSE,TRUE,TRUE,0.960757654510656,0.679991595277154
103,1633000,"2006-10-22",211,0.941964285714286,1.02606823979592,2006,10,22,"Fall",0.959180529861405,0.848956588072586,0.350201368331909,0.00859498977661133,4,14,11,FALSE,TRUE,TRUE,0.960757654510656,0.679991595277154
103,1633000,"2006-10-23",199,0.943127962085308,1.00123537207161,2006,10,23,"Fall",0.959180529861405,0.848956588072586,0.350201368331909,0.00859498977661133,4,14,11,FALSE,TRUE,TRUE,0.960757654510656,0.679991595277154
103,1633000,"2006-10-24",187,0.939698492462312,0.996363728188682,2006,10,24,"Fall",0.959180529861405,0.848956588072586,0.350201368331909,0.00859498977661133,4,14,11,FALSE,TRUE,TRUE,0.960757654510656,0.679991595277154
103,1633000,"2006-10-25",178,0.951871657754011,1.01295433097887,2006,10,25,"Fall",0.959180529861405,0.848956588072586,0.350201368331909,0.00859498977661133,4,14,11,FALSE,TRUE,TRUE,0.960757654510656,0.679991595277154
103,1633000,"2006-10-26",168,0.943820224719101,0.991541472036359,2006,10,26,"Fall",0.959180529861405,0.848956588072586,0.350201368331909,0.00859498977661133,4,14,11,FALSE,TRUE,TRUE,0.960757654510656,0.679991595277154
105,1633000,"2007-01-19",311,0.948170731707317,1.03489366448543,2007,1,19,"Winter",0.95881303025635,0.960662101720743,0.511220335960388,0.000644326210021973,6,19,14,FALSE,TRUE,TRUE,0.964758472334252,0.990145316494559
105,1633000,"2007-01-20",297,0.954983922829582,1.00718561636046,2007,1,20,"Winter",0.95881303025635,0.960662101720743,0.511220335960388,0.000644326210021973,6,19,14,FALSE,TRUE,TRUE,0.964758472334252,0.990145316494559
105,1633000,"2007-01-21",285,0.95959595959596,1.00482943917287,2007,1,21,"Winter",0.95881303025635,0.960662101720743,0.511220335960388,0.000644326210021973,6,19,14,FALSE,TRUE,TRUE,0.964758472334252,0.990145316494559
105,1633000,"2007-01-22",279,0.978947368421053,1.02016620498615,2007,1,22,"Winter",0.95881303025635,0.960662101720743,0.511220335960388,0.000644326210021973,6,19,14,FALSE,TRUE,TRUE,0.964758472334252,0.990145316494559
105,1633000,"2007-01-23",277,0.992831541218638,1.01418275715882,2007,1,23,"Winter",0.95881303025635,0.960662101720743,0.511220335960388,0.000644326210021973,6,19,14,FALSE,TRUE,TRUE,0.964758472334252,0.990145316494559
105,1633000,"2007-01-24",265,0.956678700361011,0.963586127800441,2007,1,24,"Winter",0.95881303025635,0.960662101720743,0.511220335960388,0.000644326210021973,6,19,14,FALSE,TRUE,TRUE,0.964758472334252,0.990145316494559
105,1633000,"2007-01-25",253,0.954716981132075,0.997949448202207,2007,1,25,"Winter",0.95881303025635,0.960662101720743,0.511220335960388,0.000644326210021973,6,19,14,FALSE,TRUE,TRUE,0.964758472334252,0.990145316494559
105,1633000,"2007-01-26",237,0.936758893280632,0.98119014513584,2007,1,26,"Winter",0.95881303025635,0.960662101720743,0.511220335960388,0.000644326210021973,6,19,14,FALSE,TRUE,TRUE,0.964758472334252,0.990145316494559
105,1633000,"2007-01-27",229,0.966244725738397,1.03147643718065,2007,1,27,"Winter",0.95881303025635,0.960662101720743,0.511220335960388,0.000644326210021973,6,19,14,FALSE,TRUE,TRUE,0.964758472334252,0.990145316494559
105,1633000,"2007-01-28",229,1,1.03493449781659,2007,1,28,"Winter",0.95881303025635,0.960662101720743,0.511220335960388,0.000644326210021973,6,19,14,FALSE,TRUE,TRUE,0.964758472334252,0.990145316494559
105,1633000,"2007-01-29",219,0.956331877729258,0.956331877729258,2007,1,29,"Winter",0.95881303025635,0.960662101720743,0.511220335960388,0.000644326210021973,6,19,14,FALSE,TRUE,TRUE,0.964758472334252,0.990145316494559
105,1633000,"2007-01-30",207,0.945205479452055,0.988365547006943,2007,1,30,"Winter",0.95881303025635,0.960662101720743,0.511220335960388,0.000644326210021973,6,19,14,FALSE,TRUE,TRUE,0.964758472334252,0.990145316494559
105,1633000,"2007-01-31",201,0.971014492753623,1.02730518798572,2007,1,31,"Winter",0.95881303025635,0.960662101720743,0.511220335960388,0.000644326210021973,6,19,14,FALSE,TRUE,TRUE,0.964758472334252,0.990145316494559
105,1633000,"2007-02-01",196,0.975124378109453,1.00423256850078,2007,2,1,"Winter",0.95881303025635,0.960662101720743,0.511220335960388,0.000644326210021973,6,19,14,FALSE,TRUE,TRUE,0.964758472334252,0.990145316494559
106,1633000,"2007-03-31",436,0.933618843683084,1.01758456409998,2007,3,31,"Spring",0.9408096239434,0.954607078059318,0.537133812904358,6.5922737121582e-05,9,20,12,FALSE,TRUE,TRUE,0.954391347135674,0.992883323027949
106,1633000,"2007-04-01",420,0.963302752293578,1.03179446174564,2007,4,1,"Spring",0.9408096239434,0.954607078059318,0.537133812904358,6.5922737121582e-05,9,20,12,FALSE,TRUE,TRUE,0.954391347135674,0.992883323027949
106,1633000,"2007-04-02",416,0.990476190476191,1.02820861678005,2007,4,2,"Spring",0.9408096239434,0.954607078059318,0.537133812904358,6.5922737121582e-05,9,20,12,FALSE,TRUE,TRUE,0.954391347135674,0.992883323027949
106,1633000,"2007-04-03",395,0.949519230769231,0.958649223372781,2007,4,3,"Spring",0.9408096239434,0.954607078059318,0.537133812904358,6.5922737121582e-05,9,20,12,FALSE,TRUE,TRUE,0.954391347135674,0.992883323027949
106,1633000,"2007-04-04",367,0.929113924050633,0.978509854190034,2007,4,4,"Spring",0.9408096239434,0.954607078059318,0.537133812904358,6.5922737121582e-05,9,20,12,FALSE,TRUE,TRUE,0.954391347135674,0.992883323027949
106,1633000,"2007-04-05",346,0.942779291553134,1.01470795684874,2007,4,5,"Spring",0.9408096239434,0.954607078059318,0.537133812904358,6.5922737121582e-05,9,20,12,FALSE,TRUE,TRUE,0.954391347135674,0.992883323027949
106,1633000,"2007-04-06",331,0.956647398843931,1.01470981322463,2007,4,6,"Spring",0.9408096239434,0.954607078059318,0.537133812904358,6.5922737121582e-05,9,20,12,FALSE,TRUE,TRUE,0.954391347135674,0.992883323027949
106,1633000,"2007-04-07",319,0.963746223564955,1.00742052372651,2007,4,7,"Spring",0.9408096239434,0.954607078059318,0.537133812904358,6.5922737121582e-05,9,20,12,FALSE,TRUE,TRUE,0.954391347135674,0.992883323027949
106,1633000,"2007-04-08",306,0.959247648902821,0.995332199958727,2007,4,8,"Spring",0.9408096239434,0.954607078059318,0.537133812904358,6.5922737121582e-05,9,20,12,FALSE,TRUE,TRUE,0.954391347135674,0.992883323027949
106,1633000,"2007-04-09",291,0.950980392156863,0.991381519928233,2007,4,9,"Spring",0.9408096239434,0.954607078059318,0.537133812904358,6.5922737121582e-05,9,20,12,FALSE,TRUE,TRUE,0.954391347135674,0.992883323027949
106,1633000,"2007-04-10",278,0.9553264604811,1.00457009246466,2007,4,10,"Spring",0.9408096239434,0.954607078059318,0.537133812904358,6.5922737121582e-05,9,20,12,FALSE,TRUE,TRUE,0.954391347135674,0.992883323027949
106,1633000,"2007-04-11",267,0.960431654676259,1.00534392629781,2007,4,11,"Spring",0.9408096239434,0.954607078059318,0.537133812904358,6.5922737121582e-05,9,20,12,FALSE,TRUE,TRUE,0.954391347135674,0.992883323027949
107,1633000,"2007-04-25",395,0.936018957345972,1.01586891579255,2007,4,25,"Spring",0.958324035331403,0.968624139077062,0.38107442855835,5.24520874023438e-05,5,18,14,FALSE,TRUE,TRUE,0.952610941782162,0.730659884111936
107,1633000,"2007-04-26",367,0.929113924050633,0.992622977087005,2007,4,26,"Spring",0.958324035331403,0.968624139077062,0.38107442855835,5.24520874023438e-05,5,18,14,FALSE,TRUE,TRUE,0.952610941782162,0.730659884111936
107,1633000,"2007-04-27",570,1.55313351498638,1.67162871503983,2007,4,27,"Spring",0.958324035331403,0.968624139077062,0.38107442855835,5.24520874023438e-05,5,18,14,FALSE,TRUE,TRUE,0.952610941782162,0.730659884111936
107,1633000,"2007-04-28",495,0.868421052631579,0.559141274238227,2007,4,28,"Spring",0.958324035331403,0.968624139077062,0.38107442855835,5.24520874023438e-05,5,18,14,FALSE,TRUE,TRUE,0.952610941782162,0.730659884111936
107,1633000,"2007-04-29",424,0.856565656565657,0.986348331802877,2007,4,29,"Spring",0.958324035331403,0.968624139077062,0.38107442855835,5.24520874023438e-05,5,18,14,FALSE,TRUE,TRUE,0.952610941782162,0.730659884111936
107,1633000,"2007-04-30",385,0.908018867924528,1.06006919722321,2007,4,30,"Spring",0.958324035331403,0.968624139077062,0.38107442855835,5.24520874023438e-05,5,18,14,FALSE,TRUE,TRUE,0.952610941782162,0.730659884111936
107,1633000,"2007-05-01",364,0.945454545454545,1.04122786304604,2007,5,1,"Spring",0.958324035331403,0.968624139077062,0.38107442855835,5.24520874023438e-05,5,18,14,FALSE,TRUE,TRUE,0.952610941782162,0.730659884111936
107,1633000,"2007-05-02",342,0.93956043956044,0.99376584953508,2007,5,2,"Spring",0.958324035331403,0.968624139077062,0.38107442855835,5.24520874023438e-05,5,18,14,FALSE,TRUE,TRUE,0.952610941782162,0.730659884111936
107,1633000,"2007-05-03",321,0.93859649122807,0.998974043295373,2007,5,3,"Spring",0.958324035331403,0.968624139077062,0.38107442855835,5.24520874023438e-05,5,18,14,FALSE,TRUE,TRUE,0.952610941782162,0.730659884111936
107,1633000,"2007-05-04",308,0.959501557632399,1.02227268757097,2007,5,4,"Spring",0.958324035331403,0.968624139077062,0.38107442855835,5.24520874023438e-05,5,18,14,FALSE,TRUE,TRUE,0.952610941782162,0.730659884111936
107,1633000,"2007-05-05",291,0.944805194805195,0.984683336144375,2007,5,5,"Spring",0.958324035331403,0.968624139077062,0.38107442855835,5.24520874023438e-05,5,18,14,FALSE,TRUE,TRUE,0.952610941782162,0.730659884111936
107,1633000,"2007-05-06",283,0.972508591065292,1.02932180772546,2007,5,6,"Spring",0.958324035331403,0.968624139077062,0.38107442855835,5.24520874023438e-05,5,18,14,FALSE,TRUE,TRUE,0.952610941782162,0.730659884111936
107,1633000,"2007-05-07",262,0.925795053003534,0.951965937894093,2007,5,7,"Spring",0.958324035331403,0.968624139077062,0.38107442855835,5.24520874023438e-05,5,18,14,FALSE,TRUE,TRUE,0.952610941782162,0.730659884111936
107,1633000,"2007-05-08",246,0.938931297709924,1.01418914981644,2007,5,8,"Spring",0.958324035331403,0.968624139077062,0.38107442855835,5.24520874023438e-05,5,18,14,FALSE,TRUE,TRUE,0.952610941782162,0.730659884111936
108,1633000,"2008-02-18",342,0.95,1.06083333333333,2008,2,18,"Winter",0.939520706774415,0.981308259031735,0.360121607780457,0.00638759136199951,3,15,13,FALSE,TRUE,TRUE,0.937740200725162,0.982714224940112
108,1633000,"2008-02-19",319,0.932748538011696,0.981840566328101,2008,2,19,"Winter",0.939520706774415,0.981308259031735,0.360121607780457,0.00638759136199951,3,15,13,FALSE,TRUE,TRUE,0.937740200725162,0.982714224940112
108,1633000,"2008-02-20",285,0.893416927899687,0.957832568469256,2008,2,20,"Winter",0.939520706774415,0.981308259031735,0.360121607780457,0.00638759136199951,3,15,13,FALSE,TRUE,TRUE,0.937740200725162,0.982714224940112
108,1633000,"2008-02-21",259,0.908771929824561,1.01718682671591,2008,2,21,"Winter",0.939520706774415,0.981308259031735,0.360121607780457,0.00638759136199951,3,15,13,FALSE,TRUE,TRUE,0.937740200725162,0.982714224940112
108,1633000,"2008-02-22",238,0.918918918918919,1.0111656057602,2008,2,22,"Winter",0.939520706774415,0.981308259031735,0.360121607780457,0.00638759136199951,3,15,13,FALSE,TRUE,TRUE,0.937740200725162,0.982714224940112
108,1633000,"2008-02-23",226,0.949579831932773,1.03336628769155,2008,2,23,"Winter",0.939520706774415,0.981308259031735,0.360121607780457,0.00638759136199951,3,15,13,FALSE,TRUE,TRUE,0.937740200725162,0.982714224940112
108,1633000,"2008-02-24",216,0.955752212389381,1.006500117472,2008,2,24,"Winter",0.939520706774415,0.981308259031735,0.360121607780457,0.00638759136199951,3,15,13,FALSE,TRUE,TRUE,0.937740200725162,0.982714224940112
108,1633000,"2008-02-25",204,0.944444444444444,0.988168724279835,2008,2,25,"Winter",0.939520706774415,0.981308259031735,0.360121607780457,0.00638759136199951,3,15,13,FALSE,TRUE,TRUE,0.937740200725162,0.982714224940112
108,1633000,"2008-02-26",191,0.936274509803922,0.991349480968858,2008,2,26,"Winter",0.939520706774415,0.981308259031735,0.360121607780457,0.00638759136199951,3,15,13,FALSE,TRUE,TRUE,0.937740200725162,0.982714224940112
108,1633000,"2008-02-27",187,0.979057591623037,1.04569501932513,2008,2,27,"Winter",0.939520706774415,0.981308259031735,0.360121607780457,0.00638759136199951,3,15,13,FALSE,TRUE,TRUE,0.937740200725162,0.982714224940112
108,1633000,"2008-02-28",174,0.93048128342246,0.950384626383368,2008,2,28,"Winter",0.939520706774415,0.981308259031735,0.360121607780457,0.00638759136199951,3,15,13,FALSE,TRUE,TRUE,0.937740200725162,0.982714224940112
108,1633000,"2008-02-29",161,0.925287356321839,0.99441802087462,2008,2,29,"Winter",0.939520706774415,0.981308259031735,0.360121607780457,0.00638759136199951,3,15,13,FALSE,TRUE,TRUE,0.937740200725162,0.982714224940112
108,1633000,"2008-03-01",154,0.956521739130435,1.03375641371861,2008,3,1,"Spring",0.939520706774415,0.981308259031735,0.360121607780457,0.00638759136199951,3,15,13,FALSE,TRUE,TRUE,0.937740200725162,0.982714224940112
109,1633000,"2008-05-28",338,0.936288088642659,1.02706394211217,2008,5,28,"Spring",0.966472687854926,0.402814730012694,0.592301249504089,0.592301249504089,1,17,17,FALSE,TRUE,TRUE,0.970455150720424,0.163061009039736
109,1633000,"2008-05-29",288,0.85207100591716,0.9100521690417,2008,5,29,"Spring",0.966472687854926,0.402814730012694,0.592301249504089,0.592301249504089,1,17,17,FALSE,TRUE,TRUE,0.970455150720424,0.163061009039736
109,1633000,"2008-05-30",253,0.878472222222222,1.03098476080247,2008,5,30,"Spring",0.966472687854926,0.402814730012694,0.592301249504089,0.592301249504089,1,17,17,FALSE,TRUE,TRUE,0.970455150720424,0.163061009039736
109,1633000,"2008-05-31",228,0.901185770750988,1.0258557390367,2008,5,31,"Spring",0.966472687854926,0.402814730012694,0.592301249504089,0.592301249504089,1,17,17,FALSE,TRUE,TRUE,0.970455150720424,0.163061009039736
109,1633000,"2008-06-01",211,0.925438596491228,1.02691212680825,2008,6,1,"Summer",0.966472687854926,0.402814730012694,0.592301249504089,0.592301249504089,1,17,17,FALSE,TRUE,TRUE,0.970455150720424,0.163061009039736
109,1633000,"2008-06-02",195,0.924170616113744,0.998629860066036,2008,6,2,"Summer",0.966472687854926,0.402814730012694,0.592301249504089,0.592301249504089,1,17,17,FALSE,TRUE,TRUE,0.970455150720424,0.163061009039736
109,1633000,"2008-06-03",176,0.902564102564103,0.976620644312952,2008,6,3,"Summer",0.966472687854926,0.402814730012694,0.592301249504089,0.592301249504089,1,17,17,FALSE,TRUE,TRUE,0.970455150720424,0.163061009039736
109,1633000,"2008-06-04",330,1.875,2.07741477272727,2008,6,4,"Summer",0.966472687854926,0.402814730012694,0.592301249504089,0.592301249504089,1,17,17,FALSE,TRUE,TRUE,0.970455150720424,0.163061009039736
109,1633000,"2008-06-05",558,1.69090909090909,0.901818181818182,2008,6,5,"Summer",0.966472687854926,0.402814730012694,0.592301249504089,0.592301249504089,1,17,17,FALSE,TRUE,TRUE,0.970455150720424,0.163061009039736
109,1633000,"2008-06-06",428,0.767025089605735,0.45361698847651,2008,6,6,"Summer",0.966472687854926,0.402814730012694,0.592301249504089,0.592301249504089,1,17,17,FALSE,TRUE,TRUE,0.970455150720424,0.163061009039736
109,1633000,"2008-06-07",326,0.761682242990654,0.993034326142021,2008,6,7,"Summer",0.966472687854926,0.402814730012694,0.592301249504089,0.592301249504089,1,17,17,FALSE,TRUE,TRUE,0.970455150720424,0.163061009039736
109,1633000,"2008-06-08",266,0.815950920245399,1.07124844743874,2008,6,8,"Summer",0.966472687854926,0.402814730012694,0.592301249504089,0.592301249504089,1,17,17,FALSE,TRUE,TRUE,0.970455150720424,0.163061009039736
109,1633000,"2008-06-09",228,0.857142857142857,1.05048335123523,2008,6,9,"Summer",0.966472687854926,0.402814730012694,0.592301249504089,0.592301249504089,1,17,17,FALSE,TRUE,TRUE,0.970455150720424,0.163061009039736
109,1633000,"2008-06-10",191,0.837719298245614,0.97733918128655,2008,6,10,"Summer",0.966472687854926,0.402814730012694,0.592301249504089,0.592301249504089,1,17,17,FALSE,TRUE,TRUE,0.970455150720424,0.163061009039736
109,1633000,"2008-06-11",168,0.879581151832461,1.04997121789425,2008,6,11,"Summer",0.966472687854926,0.402814730012694,0.592301249504089,0.592301249504089,1,17,17,FALSE,TRUE,TRUE,0.970455150720424,0.163061009039736
109,1633000,"2008-06-12",151,0.898809523809524,1.0218608276644,2008,6,12,"Summer",0.966472687854926,0.402814730012694,0.592301249504089,0.592301249504089,1,17,17,FALSE,TRUE,TRUE,0.970455150720424,0.163061009039736
109,1633000,"2008-06-13",139,0.920529801324503,1.02416560677163,2008,6,13,"Summer",0.966472687854926,0.402814730012694,0.592301249504089,0.592301249504089,1,17,17,FALSE,TRUE,TRUE,0.970455150720424,0.163061009039736
110,1633000,"2008-11-19",49.6,0.880994671403197,1.0249582766769,2008,11,19,"Fall",0.957417688049863,0.859547069015368,0.533416509628296,0.125311136245728,4,14,11,FALSE,TRUE,TRUE,0.971127582612318,0.938381742752855
110,1633000,"2008-11-20",46.6,0.939516129032258,1.06642657388137,2008,11,20,"Fall",0.957417688049863,0.859547069015368,0.533416509628296,0.125311136245728,4,14,11,FALSE,TRUE,TRUE,0.971127582612318,0.938381742752855
110,1633000,"2008-11-21",44.6,0.957081545064378,1.01869623680672,2008,11,21,"Fall",0.957417688049863,0.859547069015368,0.533416509628296,0.125311136245728,4,14,11,FALSE,TRUE,TRUE,0.971127582612318,0.938381742752855
110,1633000,"2008-11-22",43.1,0.966367713004484,1.00970258802711,2008,11,22,"Fall",0.957417688049863,0.859547069015368,0.533416509628296,0.125311136245728,4,14,11,FALSE,TRUE,TRUE,0.971127582612318,0.938381742752855
110,1633000,"2008-11-23",43,0.997679814385151,1.03240184968858,2008,11,23,"Fall",0.957417688049863,0.859547069015368,0.533416509628296,0.125311136245728,4,14,11,FALSE,TRUE,TRUE,0.971127582612318,0.938381742752855
110,1633000,"2008-11-24",42.5,0.988372093023256,0.990670632774473,2008,11,24,"Fall",0.957417688049863,0.859547069015368,0.533416509628296,0.125311136245728,4,14,11,FALSE,TRUE,TRUE,0.971127582612318,0.938381742752855
110,1633000,"2008-11-25",41.7,0.981176470588235,0.992719723183391,2008,11,25,"Fall",0.957417688049863,0.859547069015368,0.533416509628296,0.125311136245728,4,14,11,FALSE,TRUE,TRUE,0.971127582612318,0.938381742752855
110,1633000,"2008-11-26",41.4,0.992805755395683,1.01185238859272,2008,11,26,"Fall",0.957417688049863,0.859547069015368,0.533416509628296,0.125311136245728,4,14,11,FALSE,TRUE,TRUE,0.971127582612318,0.938381742752855
110,1633000,"2008-11-27",38.4,0.927536231884058,0.934257508926696,2008,11,27,"Fall",0.957417688049863,0.859547069015368,0.533416509628296,0.125311136245728,4,14,11,FALSE,TRUE,TRUE,0.971127582612318,0.938381742752855
110,1633000,"2008-11-28",36.9,0.9609375,1.0360107421875,2008,11,28,"Fall",0.957417688049863,0.859547069015368,0.533416509628296,0.125311136245728,4,14,11,FALSE,TRUE,TRUE,0.971127582612318,0.938381742752855
110,1633000,"2008-11-29",35.1,0.951219512195122,0.989886972040452,2008,11,29,"Fall",0.957417688049863,0.859547069015368,0.533416509628296,0.125311136245728,4,14,11,FALSE,TRUE,TRUE,0.971127582612318,0.938381742752855
112,1633000,"2009-01-14",307,0.905604719764012,1.01513213424874,2009,1,14,"Winter",0.921897171410771,0.938553923672656,0.45067024230957,0.00313210487365723,5,16,12,FALSE,TRUE,TRUE,0.933751973939805,0.949768576856229
112,1633000,"2009-01-15",275,0.895765472312704,0.989135163237806,2009,1,15,"Winter",0.921897171410771,0.938553923672656,0.45067024230957,0.00313210487365723,5,16,12,FALSE,TRUE,TRUE,0.933751973939805,0.949768576856229
112,1633000,"2009-01-16",237,0.861818181818182,0.962102479338843,2009,1,16,"Winter",0.921897171410771,0.938553923672656,0.45067024230957,0.00313210487365723,5,16,12,FALSE,TRUE,TRUE,0.933751973939805,0.949768576856229
112,1633000,"2009-01-17",202,0.852320675105485,0.988979686303833,2009,1,17,"Winter",0.921897171410771,0.938553923672656,0.45067024230957,0.00313210487365723,5,16,12,FALSE,TRUE,TRUE,0.933751973939805,0.949768576856229
112,1633000,"2009-01-18",210,1.03960396039604,1.21973335947456,2009,1,18,"Winter",0.921897171410771,0.938553923672656,0.45067024230957,0.00313210487365723,5,16,12,FALSE,TRUE,TRUE,0.933751973939805,0.949768576856229
112,1633000,"2009-01-19",199,0.947619047619048,0.911519274376417,2009,1,19,"Winter",0.921897171410771,0.938553923672656,0.45067024230957,0.00313210487365723,5,16,12,FALSE,TRUE,TRUE,0.933751973939805,0.949768576856229
112,1633000,"2009-01-20",180,0.904522613065327,0.954521350470948,2009,1,20,"Winter",0.921897171410771,0.938553923672656,0.45067024230957,0.00313210487365723,5,16,12,FALSE,TRUE,TRUE,0.933751973939805,0.949768576856229
112,1633000,"2009-01-21",163,0.905555555555556,1.00114197530864,2009,1,21,"Winter",0.921897171410771,0.938553923672656,0.45067024230957,0.00313210487365723,5,16,12,FALSE,TRUE,TRUE,0.933751973939805,0.949768576856229
112,1633000,"2009-01-22",160,0.98159509202454,1.0839700402725,2009,1,22,"Winter",0.921897171410771,0.938553923672656,0.45067024230957,0.00313210487365723,5,16,12,FALSE,TRUE,TRUE,0.933751973939805,0.949768576856229
112,1633000,"2009-01-23",157,0.98125,0.9996484375,2009,1,23,"Winter",0.921897171410771,0.938553923672656,0.45067024230957,0.00313210487365723,5,16,12,FALSE,TRUE,TRUE,0.933751973939805,0.949768576856229
112,1633000,"2009-01-24",148,0.942675159235669,0.960688060367561,2009,1,24,"Winter",0.921897171410771,0.938553923672656,0.45067024230957,0.00313210487365723,5,16,12,FALSE,TRUE,TRUE,0.933751973939805,0.949768576856229
112,1633000,"2009-01-25",134,0.905405405405405,0.960463842220599,2009,1,25,"Winter",0.921897171410771,0.938553923672656,0.45067024230957,0.00313210487365723,5,16,12,FALSE,TRUE,TRUE,0.933751973939805,0.949768576856229
113,1633000,"2009-02-17",155,0.974842767295597,0.974842767295597,2009,2,17,"Winter",0.972226017386648,0.990048966324666,0.658661365509033,0.658661365509033,1,26,26,FALSE,TRUE,TRUE,0.971714818210668,0.987597756118565
113,1633000,"2009-02-18",151,0.974193548387097,0.999334027055151,2009,2,18,"Winter",0.972226017386648,0.990048966324666,0.658661365509033,0.658661365509033,1,26,26,FALSE,TRUE,TRUE,0.971714818210668,0.987597756118565
113,1633000,"2009-02-19",151,1,1.02649006622517,2009,2,19,"Winter",0.972226017386648,0.990048966324666,0.658661365509033,0.658661365509033,1,26,26,FALSE,TRUE,TRUE,0.971714818210668,0.987597756118565
113,1633000,"2009-02-20",145,0.960264900662252,0.960264900662252,2009,2,20,"Winter",0.972226017386648,0.990048966324666,0.658661365509033,0.658661365509033,1,26,26,FALSE,TRUE,TRUE,0.971714818210668,0.987597756118565
113,1633000,"2009-02-21",137,0.944827586206897,0.983923900118906,2009,2,21,"Winter",0.972226017386648,0.990048966324666,0.658661365509033,0.658661365509033,1,26,26,FALSE,TRUE,TRUE,0.971714818210668,0.987597756118565
113,1633000,"2009-02-22",133,0.970802919708029,1.02749214129682,2009,2,22,"Winter",0.972226017386648,0.990048966324666,0.658661365509033,0.658661365509033,1,26,26,FALSE,TRUE,TRUE,0.971714818210668,0.987597756118565
113,1633000,"2009-02-23",129,0.969924812030075,0.999095483068574,2009,2,23,"Winter",0.972226017386648,0.990048966324666,0.658661365509033,0.658661365509033,1,26,26,FALSE,TRUE,TRUE,0.971714818210668,0.987597756118565
113,1633000,"2009-02-24",121,0.937984496124031,0.96706928670152,2009,2,24,"Winter",0.972226017386648,0.990048966324666,0.658661365509033,0.658661365509033,1,26,26,FALSE,TRUE,TRUE,0.971714818210668,0.987597756118565
113,1633000,"2009-02-25",115,0.950413223140496,1.01325046103408,2009,2,25,"Winter",0.972226017386648,0.990048966324666,0.658661365509033,0.658661365509033,1,26,26,FALSE,TRUE,TRUE,0.971714818210668,0.987597756118565
113,1633000,"2009-02-26",115,1,1.05217391304348,2009,2,26,"Winter",0.972226017386648,0.990048966324666,0.658661365509033,0.658661365509033,1,26,26,FALSE,TRUE,TRUE,0.971714818210668,0.987597756118565
113,1633000,"2009-02-27",115,1,1,2009,2,27,"Winter",0.972226017386648,0.990048966324666,0.658661365509033,0.658661365509033,1,26,26,FALSE,TRUE,TRUE,0.971714818210668,0.987597756118565
113,1633000,"2009-02-28",110,0.956521739130435,0.956521739130435,2009,2,28,"Winter",0.972226017386648,0.990048966324666,0.658661365509033,0.658661365509033,1,26,26,FALSE,TRUE,TRUE,0.971714818210668,0.987597756118565
113,1633000,"2009-03-01",108,0.981818181818182,1.02644628099174,2009,3,1,"Spring",0.972226017386648,0.990048966324666,0.658661365509033,0.658661365509033,1,26,26,FALSE,TRUE,TRUE,0.971714818210668,0.987597756118565
113,1633000,"2009-03-02",108,1,1.01851851851852,2009,3,2,"Spring",0.972226017386648,0.990048966324666,0.658661365509033,0.658661365509033,1,26,26,FALSE,TRUE,TRUE,0.971714818210668,0.987597756118565
113,1633000,"2009-03-03",103,0.953703703703704,0.953703703703704,2009,3,3,"Spring",0.972226017386648,0.990048966324666,0.658661365509033,0.658661365509033,1,26,26,FALSE,TRUE,TRUE,0.971714818210668,0.987597756118565
113,1633000,"2009-03-04",96,0.932038834951456,0.977283438589877,2009,3,4,"Spring",0.972226017386648,0.990048966324666,0.658661365509033,0.658661365509033,1,26,26,FALSE,TRUE,TRUE,0.971714818210668,0.987597756118565
113,1633000,"2009-03-05",94.5,0.984375,1.05615234375,2009,3,5,"Spring",0.972226017386648,0.990048966324666,0.658661365509033,0.658661365509033,1,26,26,FALSE,TRUE,TRUE,0.971714818210668,0.987597756118565
113,1633000,"2009-03-06",94.3,0.997883597883598,1.01372302007223,2009,3,6,"Spring",0.972226017386648,0.990048966324666,0.658661365509033,0.658661365509033,1,26,26,FALSE,TRUE,TRUE,0.971714818210668,0.987597756118565
113,1633000,"2009-03-07",92.5,0.980911983032874,0.982992390207917,2009,3,7,"Spring",0.972226017386648,0.990048966324666,0.658661365509033,0.658661365509033,1,26,26,FALSE,TRUE,TRUE,0.971714818210668,0.987597756118565
113,1633000,"2009-03-08",91.9,0.993513513513514,1.01284674945215,2009,3,8,"Spring",0.972226017386648,0.990048966324666,0.658661365509033,0.658661365509033,1,26,26,FALSE,TRUE,TRUE,0.971714818210668,0.987597756118565
113,1633000,"2009-03-09",87.1,0.947769314472252,0.953957144599383,2009,3,9,"Spring",0.972226017386648,0.990048966324666,0.658661365509033,0.658661365509033,1,26,26,FALSE,TRUE,TRUE,0.971714818210668,0.987597756118565
113,1633000,"2009-03-10",81.7,0.938002296211252,0.989694730445626,2009,3,10,"Spring",0.972226017386648,0.990048966324666,0.658661365509033,0.658661365509033,1,26,26,FALSE,TRUE,TRUE,0.971714818210668,0.987597756118565
113,1633000,"2009-03-11",80.4,0.984088127294982,1.04913189580652,2009,3,11,"Spring",0.972226017386648,0.990048966324666,0.658661365509033,0.658661365509033,1,26,26,FALSE,TRUE,TRUE,0.971714818210668,0.987597756118565
113,1633000,"2009-03-12",79.5,0.988805970149254,1.00479412638301,2009,3,12,"Spring",0.972226017386648,0.990048966324666,0.658661365509033,0.658661365509033,1,26,26,FALSE,TRUE,TRUE,0.971714818210668,0.987597756118565
113,1633000,"2009-03-13",78,0.981132075471698,0.992239231043076,2009,3,13,"Spring",0.972226017386648,0.990048966324666,0.658661365509033,0.658661365509033,1,26,26,FALSE,TRUE,TRUE,0.971714818210668,0.987597756118565
113,1633000,"2009-03-14",77.6,0.994871794871795,1.01400394477318,2009,3,14,"Spring",0.972226017386648,0.990048966324666,0.658661365509033,0.658661365509033,1,26,26,FALSE,TRUE,TRUE,0.971714818210668,0.987597756118565
114,1633000,"2010-01-04",423,0.950561797752809,1.15135462694104,2010,1,4,"Winter",0.92374230562088,0.953337999939923,0.45067024230957,0.0798019170761108,3,14,12,FALSE,TRUE,TRUE,0.930914075929956,0.956254649166058
114,1633000,"2010-01-05",386,0.912529550827423,0.959989716591497,2010,1,5,"Winter",0.92374230562088,0.953337999939923,0.45067024230957,0.0798019170761108,3,14,12,FALSE,TRUE,TRUE,0.930914075929956,0.956254649166058
114,1633000,"2010-01-06",350,0.906735751295337,0.993650836264061,2010,1,6,"Winter",0.92374230562088,0.953337999939923,0.45067024230957,0.0798019170761108,3,14,12,FALSE,TRUE,TRUE,0.930914075929956,0.956254649166058
114,1633000,"2010-01-07",319,0.911428571428571,1.00517551020408,2010,1,7,"Winter",0.92374230562088,0.953337999939923,0.45067024230957,0.0798019170761108,3,14,12,FALSE,TRUE,TRUE,0.930914075929956,0.956254649166058
114,1633000,"2010-01-08",297,0.931034482758621,1.02151118797968,2010,1,8,"Winter",0.92374230562088,0.953337999939923,0.45067024230957,0.0798019170761108,3,14,12,FALSE,TRUE,TRUE,0.930914075929956,0.956254649166058
114,1633000,"2010-01-09",260,0.875420875420875,0.940266866192792,2010,1,9,"Winter",0.92374230562088,0.953337999939923,0.45067024230957,0.0798019170761108,3,14,12,FALSE,TRUE,TRUE,0.930914075929956,0.956254649166058
114,1633000,"2010-01-10",240,0.923076923076923,1.05443786982249,2010,1,10,"Winter",0.92374230562088,0.953337999939923,0.45067024230957,0.0798019170761108,3,14,12,FALSE,TRUE,TRUE,0.930914075929956,0.956254649166058
114,1633000,"2010-01-11",220,0.916666666666667,0.993055555555555,2010,1,11,"Winter",0.92374230562088,0.953337999939923,0.45067024230957,0.0798019170761108,3,14,12,FALSE,TRUE,TRUE,0.930914075929956,0.956254649166058
114,1633000,"2010-01-12",234,1.06363636363636,1.1603305785124,2010,1,12,"Winter",0.92374230562088,0.953337999939923,0.45067024230957,0.0798019170761108,3,14,12,FALSE,TRUE,TRUE,0.930914075929956,0.956254649166058
114,1633000,"2010-01-13",208,0.888888888888889,0.835707502374169,2010,1,13,"Winter",0.92374230562088,0.953337999939923,0.45067024230957,0.0798019170761108,3,14,12,FALSE,TRUE,TRUE,0.930914075929956,0.956254649166058
114,1633000,"2010-01-14",203,0.975961538461538,1.09795673076923,2010,1,14,"Winter",0.92374230562088,0.953337999939923,0.45067024230957,0.0798019170761108,3,14,12,FALSE,TRUE,TRUE,0.930914075929956,0.956254649166058
114,1633000,"2010-01-15",195,0.960591133004926,0.9842510131282,2010,1,15,"Winter",0.92374230562088,0.953337999939923,0.45067024230957,0.0798019170761108,3,14,12,FALSE,TRUE,TRUE,0.930914075929956,0.956254649166058
115,1633000,"2010-04-16",312,0.951219512195122,1.00052052349792,2010,4,16,"Spring",0.945955004980634,0.974968445347618,0.348082542419434,5.91278076171875e-05,13,21,9,FALSE,TRUE,TRUE,0.962228499783636,0.997143579397026
115,1633000,"2010-04-17",300,0.961538461538462,1.01084812623274,2010,4,17,"Spring",0.945955004980634,0.974968445347618,0.348082542419434,5.91278076171875e-05,13,21,9,FALSE,TRUE,TRUE,0.962228499783636,0.997143579397026
115,1633000,"2010-04-18",286,0.953333333333333,0.991466666666667,2010,4,18,"Spring",0.945955004980634,0.974968445347618,0.348082542419434,5.91278076171875e-05,13,21,9,FALSE,TRUE,TRUE,0.962228499783636,0.997143579397026
115,1633000,"2010-04-19",276,0.965034965034965,1.01227443884787,2010,4,19,"Spring",0.945955004980634,0.974968445347618,0.348082542419434,5.91278076171875e-05,13,21,9,FALSE,TRUE,TRUE,0.962228499783636,0.997143579397026
115,1633000,"2010-04-20",264,0.956521739130435,0.991178323881538,2010,4,20,"Spring",0.945955004980634,0.974968445347618,0.348082542419434,5.91278076171875e-05,13,21,9,FALSE,TRUE,TRUE,0.962228499783636,0.997143579397026
115,1633000,"2010-04-21",257,0.973484848484849,1.01773415977961,2010,4,21,"Spring",0.945955004980634,0.974968445347618,0.348082542419434,5.91278076171875e-05,13,21,9,FALSE,TRUE,TRUE,0.962228499783636,0.997143579397026
115,1633000,"2010-04-22",249,0.968871595330739,0.995261094036246,2010,4,22,"Spring",0.945955004980634,0.974968445347618,0.348082542419434,5.91278076171875e-05,13,21,9,FALSE,TRUE,TRUE,0.962228499783636,0.997143579397026
115,1633000,"2010-04-23",237,0.951807228915663,0.982387380848696,2010,4,23,"Spring",0.945955004980634,0.974968445347618,0.348082542419434,5.91278076171875e-05,13,21,9,FALSE,TRUE,TRUE,0.962228499783636,0.997143579397026
115,1633000,"2010-04-24",228,0.962025316455696,1.01073545906105,2010,4,24,"Spring",0.945955004980634,0.974968445347618,0.348082542419434,5.91278076171875e-05,13,21,9,FALSE,TRUE,TRUE,0.962228499783636,0.997143579397026
117,1633000,"2010-10-13",56.5,0.917207792207792,1.00505723983808,2010,10,13,"Fall",0.966437712799418,0.721623518639692,0.474274396896362,0.00215351581573486,6,15,10,FALSE,TRUE,TRUE,0.995105648033311,0.514002999651336
117,1633000,"2010-10-14",55.4,0.980530973451327,1.0690390790195,2010,10,14,"Fall",0.966437712799418,0.721623518639692,0.474274396896362,0.00215351581573486,6,15,10,FALSE,TRUE,TRUE,0.995105648033311,0.514002999651336
117,1633000,"2010-10-15",54.7,0.987364620938628,1.00696933362875,2010,10,15,"Fall",0.966437712799418,0.721623518639692,0.474274396896362,0.00215351581573486,6,15,10,FALSE,TRUE,TRUE,0.995105648033311,0.514002999651336
117,1633000,"2010-10-16",53.3,0.974405850091408,0.986875394790932,2010,10,16,"Fall",0.966437712799418,0.721623518639692,0.474274396896362,0.00215351581573486,6,15,10,FALSE,TRUE,TRUE,0.995105648033311,0.514002999651336
117,1633000,"2010-10-17",54.7,1.02626641651032,1.05322275765693,2010,10,17,"Fall",0.966437712799418,0.721623518639692,0.474274396896362,0.00215351581573486,6,15,10,FALSE,TRUE,TRUE,0.995105648033311,0.514002999651336
117,1633000,"2010-10-18",55.2,1.0091407678245,0.983312667733925,2010,10,18,"Fall",0.966437712799418,0.721623518639692,0.474274396896362,0.00215351581573486,6,15,10,FALSE,TRUE,TRUE,0.995105648033311,0.514002999651336
117,1633000,"2010-10-19",55.2,1,0.990942028985507,2010,10,19,"Fall",0.966437712799418,0.721623518639692,0.474274396896362,0.00215351581573486,6,15,10,FALSE,TRUE,TRUE,0.995105648033311,0.514002999651336
117,1633000,"2010-10-20",53.8,0.97463768115942,0.97463768115942,2010,10,20,"Fall",0.966437712799418,0.721623518639692,0.474274396896362,0.00215351581573486,6,15,10,FALSE,TRUE,TRUE,0.995105648033311,0.514002999651336
117,1633000,"2010-10-21",53.6,0.996282527881041,1.02220809552107,2010,10,21,"Fall",0.966437712799418,0.721623518639692,0.474274396896362,0.00215351581573486,6,15,10,FALSE,TRUE,TRUE,0.995105648033311,0.514002999651336
117,1633000,"2010-10-22",52.8,0.985074626865672,0.988750278458454,2010,10,22,"Fall",0.966437712799418,0.721623518639692,0.474274396896362,0.00215351581573486,6,15,10,FALSE,TRUE,TRUE,0.995105648033311,0.514002999651336
118,1633000,"2011-02-13",154,0.94478527607362,1.01434002032444,2011,2,13,"Winter",0.934594162895965,0.889564765687347,0.386476278305054,3.08752059936523e-05,7,14,8,FALSE,TRUE,TRUE,0.94174312535539,0.992261168064496
118,1633000,"2011-02-14",144,0.935064935064935,0.989711587114184,2011,2,14,"Winter",0.934594162895965,0.889564765687347,0.386476278305054,3.08752059936523e-05,7,14,8,FALSE,TRUE,TRUE,0.94174312535539,0.992261168064496
118,1633000,"2011-02-15",134,0.930555555555556,0.995177469135803,2011,2,15,"Winter",0.934594162895965,0.889564765687347,0.386476278305054,3.08752059936523e-05,7,14,8,FALSE,TRUE,TRUE,0.94174312535539,0.992261168064496
118,1633000,"2011-02-16",125,0.932835820895522,1.00245043439519,2011,2,16,"Winter",0.934594162895965,0.889564765687347,0.386476278305054,3.08752059936523e-05,7,14,8,FALSE,TRUE,TRUE,0.94174312535539,0.992261168064496
118,1633000,"2011-02-17",117,0.936,1.003392,2011,2,17,"Winter",0.934594162895965,0.889564765687347,0.386476278305054,3.08752059936523e-05,7,14,8,FALSE,TRUE,TRUE,0.94174312535539,0.992261168064496
118,1633000,"2011-02-18",112,0.957264957264957,1.02271897143692,2011,2,18,"Winter",0.934594162895965,0.889564765687347,0.386476278305054,3.08752059936523e-05,7,14,8,FALSE,TRUE,TRUE,0.94174312535539,0.992261168064496
118,1633000,"2011-02-19",107,0.955357142857143,0.998007015306122,2011,2,19,"Winter",0.934594162895965,0.889564765687347,0.386476278305054,3.08752059936523e-05,7,14,8,FALSE,TRUE,TRUE,0.94174312535539,0.992261168064496
118,1633000,"2011-02-20",101,0.94392523364486,0.988033889422657,2011,2,20,"Winter",0.934594162895965,0.889564765687347,0.386476278305054,3.08752059936523e-05,7,14,8,FALSE,TRUE,TRUE,0.94174312535539,0.992261168064496
119,1633000,"2011-07-12",122,0.924242424242424,1.01526629935721,2011,7,12,"Summer",0.964871748190172,0.992158930954501,0.777959406375885,0.777959406375885,1,22,22,FALSE,TRUE,TRUE,0.966011280827149,0.92843646899159
119,1633000,"2011-07-13",120,0.983606557377049,1.06423004568664,2011,7,13,"Summer",0.964871748190172,0.992158930954501,0.777959406375885,0.777959406375885,1,22,22,FALSE,TRUE,TRUE,0.966011280827149,0.92843646899159
119,1633000,"2011-07-14",114,0.95,0.965833333333333,2011,7,14,"Summer",0.964871748190172,0.992158930954501,0.777959406375885,0.777959406375885,1,22,22,FALSE,TRUE,TRUE,0.966011280827149,0.92843646899159
119,1633000,"2011-07-15",108,0.947368421052632,0.997229916897507,2011,7,15,"Summer",0.964871748190172,0.992158930954501,0.777959406375885,0.777959406375885,1,22,22,FALSE,TRUE,TRUE,0.966011280827149,0.92843646899159
119,1633000,"2011-07-16",104,0.962962962962963,1.01646090534979,2011,7,16,"Summer",0.964871748190172,0.992158930954501,0.777959406375885,0.777959406375885,1,22,22,FALSE,TRUE,TRUE,0.966011280827149,0.92843646899159
119,1633000,"2011-07-17",102,0.980769230769231,1.01849112426036,2011,7,17,"Summer",0.964871748190172,0.992158930954501,0.777959406375885,0.777959406375885,1,22,22,FALSE,TRUE,TRUE,0.966011280827149,0.92843646899159
119,1633000,"2011-07-18",101,0.990196078431373,1.00961168781238,2011,7,18,"Summer",0.964871748190172,0.992158930954501,0.777959406375885,0.777959406375885,1,22,22,FALSE,TRUE,TRUE,0.966011280827149,0.92843646899159
119,1633000,"2011-07-19",97.1,0.961386138613861,0.970904813253603,2011,7,19,"Summer",0.964871748190172,0.992158930954501,0.777959406375885,0.777959406375885,1,22,22,FALSE,TRUE,TRUE,0.966011280827149,0.92843646899159
119,1633000,"2011-07-20",94.4,0.972193614830072,1.01124155610543,2011,7,20,"Summer",0.964871748190172,0.992158930954501,0.777959406375885,0.777959406375885,1,22,22,FALSE,TRUE,TRUE,0.966011280827149,0.92843646899159
119,1633000,"2011-07-21",88.5,0.9375,0.964314088983051,2011,7,21,"Summer",0.964871748190172,0.992158930954501,0.777959406375885,0.777959406375885,1,22,22,FALSE,TRUE,TRUE,0.966011280827149,0.92843646899159
119,1633000,"2011-07-22",87,0.983050847457627,1.04858757062147,2011,7,22,"Summer",0.964871748190172,0.992158930954501,0.777959406375885,0.777959406375885,1,22,22,FALSE,TRUE,TRUE,0.966011280827149,0.92843646899159
119,1633000,"2011-07-23",83.1,0.955172413793103,0.971640903686088,2011,7,23,"Summer",0.964871748190172,0.992158930954501,0.777959406375885,0.777959406375885,1,22,22,FALSE,TRUE,TRUE,0.966011280827149,0.92843646899159
119,1633000,"2011-07-24",84.1,1.01203369434416,1.05952986050472,2011,7,24,"Summer",0.964871748190172,0.992158930954501,0.777959406375885,0.777959406375885,1,22,22,FALSE,TRUE,TRUE,0.966011280827149,0.92843646899159
119,1633000,"2011-07-25",99.4,1.18192627824019,1.16787245804708,2011,7,25,"Summer",0.964871748190172,0.992158930954501,0.777959406375885,0.777959406375885,1,22,22,FALSE,TRUE,TRUE,0.966011280827149,0.92843646899159
119,1633000,"2011-07-26",85.6,0.861167002012072,0.728613127456894,2011,7,26,"Summer",0.964871748190172,0.992158930954501,0.777959406375885,0.777959406375885,1,22,22,FALSE,TRUE,TRUE,0.966011280827149,0.92843646899159
119,1633000,"2011-07-27",74,0.864485981308411,1.00385404838851,2011,7,27,"Summer",0.964871748190172,0.992158930954501,0.777959406375885,0.777959406375885,1,22,22,FALSE,TRUE,TRUE,0.966011280827149,0.92843646899159
119,1633000,"2011-07-28",68.8,0.92972972972973,1.0754711468225,2011,7,28,"Summer",0.964871748190172,0.992158930954501,0.777959406375885,0.777959406375885,1,22,22,FALSE,TRUE,TRUE,0.966011280827149,0.92843646899159
119,1633000,"2011-07-29",66.9,0.972383720930233,1.04587783937263,2011,7,29,"Summer",0.964871748190172,0.992158930954501,0.777959406375885,0.777959406375885,1,22,22,FALSE,TRUE,TRUE,0.966011280827149,0.92843646899159
119,1633000,"2011-07-30",66,0.986547085201794,1.01456561228525,2011,7,30,"Summer",0.964871748190172,0.992158930954501,0.777959406375885,0.777959406375885,1,22,22,FALSE,TRUE,TRUE,0.966011280827149,0.92843646899159
119,1633000,"2011-07-31",62.1,0.940909090909091,0.953739669421488,2011,7,31,"Summer",0.964871748190172,0.992158930954501,0.777959406375885,0.777959406375885,1,22,22,FALSE,TRUE,TRUE,0.966011280827149,0.92843646899159
119,1633000,"2011-08-01",59.6,0.959742351046699,1.02001602526702,2011,8,1,"Summer",0.964871748190172,0.992158930954501,0.777959406375885,0.777959406375885,1,22,22,FALSE,TRUE,TRUE,0.966011280827149,0.92843646899159
119,1633000,"2011-08-02",55.5,0.931208053691275,0.970268794198459,2011,8,2,"Summer",0.964871748190172,0.992158930954501,0.777959406375885,0.777959406375885,1,22,22,FALSE,TRUE,TRUE,0.966011280827149,0.92843646899159
121,1633000,"2012-02-08",357,0.986187845303867,1.00798205182992,2012,2,8,"Winter",0.970655486495706,0.95978440163094,0.843085289001465,0.843085289001465,1,15,15,FALSE,TRUE,TRUE,0.970395288501085,0.960040722699176
121,1633000,"2012-02-09",351,0.983193277310924,0.996963491278864,2012,2,9,"Winter",0.970655486495706,0.95978440163094,0.843085289001465,0.843085289001465,1,15,15,FALSE,TRUE,TRUE,0.970395288501085,0.960040722699176
121,1633000,"2012-02-10",331,0.943019943019943,0.959139942045925,2012,2,10,"Winter",0.970655486495706,0.95978440163094,0.843085289001465,0.843085289001465,1,15,15,FALSE,TRUE,TRUE,0.970395288501085,0.960040722699176
121,1633000,"2012-02-11",328,0.990936555891239,1.0508118764889,2012,2,11,"Winter",0.970655486495706,0.95978440163094,0.843085289001465,0.843085289001465,1,15,15,FALSE,TRUE,TRUE,0.970395288501085,0.960040722699176
121,1633000,"2012-02-12",310,0.945121951219512,0.953766359309935,2012,2,12,"Winter",0.970655486495706,0.95978440163094,0.843085289001465,0.843085289001465,1,15,15,FALSE,TRUE,TRUE,0.970395288501085,0.960040722699176
121,1633000,"2012-02-13",288,0.929032258064516,0.982976066597295,2012,2,13,"Winter",0.970655486495706,0.95978440163094,0.843085289001465,0.843085289001465,1,15,15,FALSE,TRUE,TRUE,0.970395288501085,0.960040722699176
121,1633000,"2012-02-14",280,0.972222222222222,1.04648919753086,2012,2,14,"Winter",0.970655486495706,0.95978440163094,0.843085289001465,0.843085289001465,1,15,15,FALSE,TRUE,TRUE,0.970395288501085,0.960040722699176
121,1633000,"2012-02-15",271,0.967857142857143,0.995510204081633,2012,2,15,"Winter",0.970655486495706,0.95978440163094,0.843085289001465,0.843085289001465,1,15,15,FALSE,TRUE,TRUE,0.970395288501085,0.960040722699176
121,1633000,"2012-02-16",265,0.977859778597786,1.0103348265955,2012,2,16,"Winter",0.970655486495706,0.95978440163094,0.843085289001465,0.843085289001465,1,15,15,FALSE,TRUE,TRUE,0.970395288501085,0.960040722699176
121,1633000,"2012-02-17",271,1.02264150943396,1.04579565681737,2012,2,17,"Winter",0.970655486495706,0.95978440163094,0.843085289001465,0.843085289001465,1,15,15,FALSE,TRUE,TRUE,0.970395288501085,0.960040722699176
121,1633000,"2012-02-18",260,0.959409594095941,0.938168053267249,2012,2,18,"Winter",0.970655486495706,0.95978440163094,0.843085289001465,0.843085289001465,1,15,15,FALSE,TRUE,TRUE,0.970395288501085,0.960040722699176
121,1633000,"2012-02-19",253,0.973076923076923,1.01424556213018,2012,2,19,"Winter",0.970655486495706,0.95978440163094,0.843085289001465,0.843085289001465,1,15,15,FALSE,TRUE,TRUE,0.970395288501085,0.960040722699176
121,1633000,"2012-02-20",247,0.976284584980237,1.00329641144214,2012,2,20,"Winter",0.970655486495706,0.95978440163094,0.843085289001465,0.843085289001465,1,15,15,FALSE,TRUE,TRUE,0.970395288501085,0.960040722699176
121,1633000,"2012-02-21",240,0.97165991902834,0.995262993984494,2012,2,21,"Winter",0.970655486495706,0.95978440163094,0.843085289001465,0.843085289001465,1,15,15,FALSE,TRUE,TRUE,0.970395288501085,0.960040722699176
121,1633000,"2012-02-22",235,0.979166666666667,1.00772569444444,2012,2,22,"Winter",0.970655486495706,0.95978440163094,0.843085289001465,0.843085289001465,1,15,15,FALSE,TRUE,TRUE,0.970395288501085,0.960040722699176
122,1633000,"2012-04-09",201,0.943661971830986,1.01011704026979,2012,4,9,"Spring",0.942287606272648,0.966217859398787,0.763890624046326,5.48362731933594e-06,11,17,7,FALSE,TRUE,TRUE,0.961798844023809,0.996891246127391
122,1633000,"2012-04-10",193,0.960199004975124,1.01752431870498,2012,4,10,"Spring",0.942287606272648,0.966217859398787,0.763890624046326,5.48362731933594e-06,11,17,7,FALSE,TRUE,TRUE,0.961798844023809,0.996891246127391
122,1633000,"2012-04-11",185,0.958549222797927,0.998281833069344,2012,4,11,"Spring",0.942287606272648,0.966217859398787,0.763890624046326,5.48362731933594e-06,11,17,7,FALSE,TRUE,TRUE,0.961798844023809,0.996891246127391
122,1633000,"2012-04-12",178,0.962162162162162,1.00376917457999,2012,4,12,"Spring",0.942287606272648,0.966217859398787,0.763890624046326,5.48362731933594e-06,11,17,7,FALSE,TRUE,TRUE,0.961798844023809,0.996891246127391
122,1633000,"2012-04-13",173,0.971910112359551,1.01013129655347,2012,4,13,"Spring",0.942287606272648,0.966217859398787,0.763890624046326,5.48362731933594e-06,11,17,7,FALSE,TRUE,TRUE,0.961798844023809,0.996891246127391
122,1633000,"2012-04-14",166,0.959537572254335,0.987269872030472,2012,4,14,"Spring",0.942287606272648,0.966217859398787,0.763890624046326,5.48362731933594e-06,11,17,7,FALSE,TRUE,TRUE,0.961798844023809,0.996891246127391
122,1633000,"2012-04-15",158,0.951807228915663,0.991943678327769,2012,4,15,"Spring",0.942287606272648,0.966217859398787,0.763890624046326,5.48362731933594e-06,11,17,7,FALSE,TRUE,TRUE,0.961798844023809,0.996891246127391
123,1633000,"2012-11-10",140,0.927152317880795,1.02539362308671,2012,11,10,"Fall",0.982406253944435,0.441399102828242,0.42771053314209,0.0041201114654541,3,15,13,FALSE,TRUE,TRUE,0.98676447259289,0.0718089370475322
123,1633000,"2012-11-11",131,0.935714285714286,1.00923469387755,2012,11,11,"Fall",0.982406253944435,0.441399102828242,0.42771053314209,0.0041201114654541,3,15,13,FALSE,TRUE,TRUE,0.98676447259289,0.0718089370475322
123,1633000,"2012-11-12",124,0.946564885496183,1.01159606083562,2012,11,12,"Fall",0.982406253944435,0.441399102828242,0.42771053314209,0.0041201114654541,3,15,13,FALSE,TRUE,TRUE,0.98676447259289,0.0718089370475322
123,1633000,"2012-11-13",181,1.45967741935484,1.54207856399584,2012,11,13,"Fall",0.982406253944435,0.441399102828242,0.42771053314209,0.0041201114654541,3,15,13,FALSE,TRUE,TRUE,0.98676447259289,0.0718089370475322
123,1633000,"2012-11-14",222,1.22651933701657,0.840267391105278,2012,11,14,"Fall",0.982406253944435,0.441399102828242,0.42771053314209,0.0041201114654541,3,15,13,FALSE,TRUE,TRUE,0.98676447259289,0.0718089370475322
123,1633000,"2012-11-15",197,0.887387387387387,0.723500527554582,2012,11,15,"Fall",0.982406253944435,0.441399102828242,0.42771053314209,0.0041201114654541,3,15,13,FALSE,TRUE,TRUE,0.98676447259289,0.0718089370475322
123,1633000,"2012-11-16",179,0.908629441624365,1.02393774639903,2012,11,16,"Fall",0.982406253944435,0.441399102828242,0.42771053314209,0.0041201114654541,3,15,13,FALSE,TRUE,TRUE,0.98676447259289,0.0718089370475322
123,1633000,"2012-11-17",163,0.910614525139665,1.00218470085203,2012,11,17,"Fall",0.982406253944435,0.441399102828242,0.42771053314209,0.0041201114654541,3,15,13,FALSE,TRUE,TRUE,0.98676447259289,0.0718089370475322
123,1633000,"2012-11-18",152,0.932515337423313,1.02405058526855,2012,11,18,"Fall",0.982406253944435,0.441399102828242,0.42771053314209,0.0041201114654541,3,15,13,FALSE,TRUE,TRUE,0.98676447259289,0.0718089370475322
123,1633000,"2012-11-19",142,0.934210526315789,1.00181786703601,2012,11,19,"Fall",0.982406253944435,0.441399102828242,0.42771053314209,0.0041201114654541,3,15,13,FALSE,TRUE,TRUE,0.98676447259289,0.0718089370475322
123,1633000,"2012-11-20",133,0.936619718309859,1.0025788534021,2012,11,20,"Fall",0.982406253944435,0.441399102828242,0.42771053314209,0.0041201114654541,3,15,13,FALSE,TRUE,TRUE,0.98676447259289,0.0718089370475322
123,1633000,"2012-11-21",127,0.954887218045113,1.01950364633388,2012,11,21,"Fall",0.982406253944435,0.441399102828242,0.42771053314209,0.0041201114654541,3,15,13,FALSE,TRUE,TRUE,0.98676447259289,0.0718089370475322
123,1633000,"2012-11-22",121,0.952755905511811,0.997767995535991,2012,11,22,"Fall",0.982406253944435,0.441399102828242,0.42771053314209,0.0041201114654541,3,15,13,FALSE,TRUE,TRUE,0.98676447259289,0.0718089370475322
124,1633000,"2013-04-07",490,0.892531876138434,0.991702084598259,2013,4,7,"Spring",0.970926127853181,0.570667730504437,0.391793489456177,0.391793489456177,1,30,30,FALSE,TRUE,TRUE,0.966091124427492,0.405651208313685
124,1633000,"2013-04-08",457,0.93265306122449,1.0449521032903,2013,4,8,"Spring",0.970926127853181,0.570667730504437,0.391793489456177,0.391793489456177,1,30,30,FALSE,TRUE,TRUE,0.966091124427492,0.405651208313685
124,1633000,"2013-04-09",439,0.960612691466083,1.02997859697676,2013,4,9,"Spring",0.970926127853181,0.570667730504437,0.391793489456177,0.391793489456177,1,30,30,FALSE,TRUE,TRUE,0.966091124427492,0.405651208313685
124,1633000,"2013-04-10",418,0.952164009111617,0.991204902423711,2013,4,10,"Spring",0.970926127853181,0.570667730504437,0.391793489456177,0.391793489456177,1,30,30,FALSE,TRUE,TRUE,0.966091124427492,0.405651208313685
124,1633000,"2013-04-11",394,0.942583732057416,0.989938417160779,2013,4,11,"Spring",0.970926127853181,0.570667730504437,0.391793489456177,0.391793489456177,1,30,30,FALSE,TRUE,TRUE,0.966091124427492,0.405651208313685
124,1633000,"2013-04-12",575,1.45939086294416,1.54828776830117,2013,4,12,"Spring",0.970926127853181,0.570667730504437,0.391793489456177,0.391793489456177,1,30,30,FALSE,TRUE,TRUE,0.966091124427492,0.405651208313685
124,1633000,"2013-04-13",1050,1.82608695652174,1.25126654064272,2013,4,13,"Spring",0.970926127853181,0.570667730504437,0.391793489456177,0.391793489456177,1,30,30,FALSE,TRUE,TRUE,0.966091124427492,0.405651208313685
124,1633000,"2013-04-14",834,0.794285714285714,0.434965986394558,2013,4,14,"Spring",0.970926127853181,0.570667730504437,0.391793489456177,0.391793489456177,1,30,30,FALSE,TRUE,TRUE,0.966091124427492,0.405651208313685
124,1633000,"2013-04-15",668,0.800959232613909,1.00840191156427,2013,4,15,"Spring",0.970926127853181,0.570667730504437,0.391793489456177,0.391793489456177,1,30,30,FALSE,TRUE,TRUE,0.966091124427492,0.405651208313685
124,1633000,"2013-04-16",568,0.850299401197605,1.0616013482018,2013,4,16,"Spring",0.970926127853181,0.570667730504437,0.391793489456177,0.391793489456177,1,30,30,FALSE,TRUE,TRUE,0.966091124427492,0.405651208313685
124,1633000,"2013-04-17",501,0.882042253521127,1.03733138266217,2013,4,17,"Spring",0.970926127853181,0.570667730504437,0.391793489456177,0.391793489456177,1,30,30,FALSE,TRUE,TRUE,0.966091124427492,0.405651208313685
124,1633000,"2013-04-18",452,0.902195608782435,1.02284851454775,2013,4,18,"Spring",0.970926127853181,0.570667730504437,0.391793489456177,0.391793489456177,1,30,30,FALSE,TRUE,TRUE,0.966091124427492,0.405651208313685
124,1633000,"2013-04-19",466,1.03097345132743,1.14273827237842,2013,4,19,"Spring",0.970926127853181,0.570667730504437,0.391793489456177,0.391793489456177,1,30,30,FALSE,TRUE,TRUE,0.966091124427492,0.405651208313685
124,1633000,"2013-04-20",1280,2.74678111587983,2.66425979480189,2013,4,20,"Spring",0.970926127853181,0.570667730504437,0.391793489456177,0.391793489456177,1,30,30,FALSE,TRUE,TRUE,0.966091124427492,0.405651208313685
124,1633000,"2013-04-21",951,0.74296875,0.270487060546875,2013,4,21,"Spring",0.970926127853181,0.570667730504437,0.391793489456177,0.391793489456177,1,30,30,FALSE,TRUE,TRUE,0.966091124427492,0.405651208313685
124,1633000,"2013-04-22",722,0.759200841219769,1.02184760963334,2013,4,22,"Spring",0.970926127853181,0.570667730504437,0.391793489456177,0.391793489456177,1,30,30,FALSE,TRUE,TRUE,0.966091124427492,0.405651208313685
124,1633000,"2013-04-23",598,0.828254847645429,1.09095617743879,2013,4,23,"Spring",0.970926127853181,0.570667730504437,0.391793489456177,0.391793489456177,1,30,30,FALSE,TRUE,TRUE,0.966091124427492,0.405651208313685
124,1633000,"2013-04-24",522,0.872909698996655,1.05391438574513,2013,4,24,"Spring",0.970926127853181,0.570667730504437,0.391793489456177,0.391793489456177,1,30,30,FALSE,TRUE,TRUE,0.966091124427492,0.405651208313685
124,1633000,"2013-04-25",459,0.879310344827586,1.00733254062624,2013,4,25,"Spring",0.970926127853181,0.570667730504437,0.391793489456177,0.391793489456177,1,30,30,FALSE,TRUE,TRUE,0.966091124427492,0.405651208313685
124,1633000,"2013-04-26",396,0.862745098039216,0.981161091887736,2013,4,26,"Spring",0.970926127853181,0.570667730504437,0.391793489456177,0.391793489456177,1,30,30,FALSE,TRUE,TRUE,0.966091124427492,0.405651208313685
124,1633000,"2013-04-27",355,0.896464646464647,1.03908402203857,2013,4,27,"Spring",0.970926127853181,0.570667730504437,0.391793489456177,0.391793489456177,1,30,30,FALSE,TRUE,TRUE,0.966091124427492,0.405651208313685
124,1633000,"2013-04-28",329,0.926760563380282,1.03379488196786,2013,4,28,"Spring",0.970926127853181,0.570667730504437,0.391793489456177,0.391793489456177,1,30,30,FALSE,TRUE,TRUE,0.966091124427492,0.405651208313685
124,1633000,"2013-04-29",315,0.957446808510638,1.03311129793701,2013,4,29,"Spring",0.970926127853181,0.570667730504437,0.391793489456177,0.391793489456177,1,30,30,FALSE,TRUE,TRUE,0.966091124427492,0.405651208313685
124,1633000,"2013-04-30",297,0.942857142857143,0.984761904761905,2013,4,30,"Spring",0.970926127853181,0.570667730504437,0.391793489456177,0.391793489456177,1,30,30,FALSE,TRUE,TRUE,0.966091124427492,0.405651208313685
124,1633000,"2013-05-01",274,0.922558922558923,0.978471584532191,2013,5,1,"Spring",0.970926127853181,0.570667730504437,0.391793489456177,0.391793489456177,1,30,30,FALSE,TRUE,TRUE,0.966091124427492,0.405651208313685
124,1633000,"2013-05-02",249,0.908759124087591,0.985041824284725,2013,5,2,"Spring",0.970926127853181,0.570667730504437,0.391793489456177,0.391793489456177,1,30,30,FALSE,TRUE,TRUE,0.966091124427492,0.405651208313685
124,1633000,"2013-05-03",233,0.93574297188755,1.02969306946662,2013,5,3,"Spring",0.970926127853181,0.570667730504437,0.391793489456177,0.391793489456177,1,30,30,FALSE,TRUE,TRUE,0.966091124427492,0.405651208313685
124,1633000,"2013-05-04",221,0.948497854077253,1.01363075392805,2013,5,4,"Spring",0.970926127853181,0.570667730504437,0.391793489456177,0.391793489456177,1,30,30,FALSE,TRUE,TRUE,0.966091124427492,0.405651208313685
124,1633000,"2013-05-05",212,0.959276018099548,1.01136340369771,2013,5,5,"Spring",0.970926127853181,0.570667730504437,0.391793489456177,0.391793489456177,1,30,30,FALSE,TRUE,TRUE,0.966091124427492,0.405651208313685
124,1633000,"2013-05-06",203,0.957547169811321,0.998197757208971,2013,5,6,"Spring",0.970926127853181,0.570667730504437,0.391793489456177,0.391793489456177,1,30,30,FALSE,TRUE,TRUE,0.966091124427492,0.405651208313685
125,1633000,"2013-05-16",574,0.856716417910448,1.01015816440187,2013,5,16,"Spring",0.966870571560985,0.502292409020585,0.773080110549927,0.773080110549927,1,17,17,FALSE,TRUE,TRUE,0.972469963118906,0.136448493814105
125,1633000,"2013-05-17",504,0.878048780487805,1.02490014447183,2013,5,17,"Spring",0.966870571560985,0.502292409020585,0.773080110549927,0.773080110549927,1,17,17,FALSE,TRUE,TRUE,0.972469963118906,0.136448493814105
125,1633000,"2013-05-18",447,0.886904761904762,1.01008597883598,2013,5,18,"Spring",0.966870571560985,0.502292409020585,0.773080110549927,0.773080110549927,1,17,17,FALSE,TRUE,TRUE,0.972469963118906,0.136448493814105
125,1633000,"2013-05-19",411,0.919463087248322,1.03671005810549,2013,5,19,"Spring",0.966870571560985,0.502292409020585,0.773080110549927,0.773080110549927,1,17,17,FALSE,TRUE,TRUE,0.972469963118906,0.136448493814105
125,1633000,"2013-05-20",379,0.922141119221411,1.00291260411672,2013,5,20,"Spring",0.966870571560985,0.502292409020585,0.773080110549927,0.773080110549927,1,17,17,FALSE,TRUE,TRUE,0.972469963118906,0.136448493814105
125,1633000,"2013-05-21",349,0.920844327176781,0.998593716278778,2013,5,21,"Spring",0.966870571560985,0.502292409020585,0.773080110549927,0.773080110549927,1,17,17,FALSE,TRUE,TRUE,0.972469963118906,0.136448493814105
125,1633000,"2013-05-22",325,0.931232091690544,1.01128069556079,2013,5,22,"Spring",0.966870571560985,0.502292409020585,0.773080110549927,0.773080110549927,1,17,17,FALSE,TRUE,TRUE,0.972469963118906,0.136448493814105
125,1633000,"2013-05-23",672,2.06769230769231,2.22038343195266,2013,5,23,"Spring",0.966870571560985,0.502292409020585,0.773080110549927,0.773080110549927,1,17,17,FALSE,TRUE,TRUE,0.972469963118906,0.136448493814105
125,1633000,"2013-05-24",1060,1.57738095238095,0.762870252267574,2013,5,24,"Spring",0.966870571560985,0.502292409020585,0.773080110549927,0.773080110549927,1,17,17,FALSE,TRUE,TRUE,0.972469963118906,0.136448493814105
125,1633000,"2013-05-25",781,0.736792452830189,0.467098611605554,2013,5,25,"Spring",0.966870571560985,0.502292409020585,0.773080110549927,0.773080110549927,1,17,17,FALSE,TRUE,TRUE,0.972469963118906,0.136448493814105
125,1633000,"2013-05-26",576,0.737516005121639,1.00098202999864,2013,5,26,"Spring",0.966870571560985,0.502292409020585,0.773080110549927,0.773080110549927,1,17,17,FALSE,TRUE,TRUE,0.972469963118906,0.136448493814105
125,1633000,"2013-05-27",466,0.809027777777778,1.09696301118827,2013,5,27,"Spring",0.966870571560985,0.502292409020585,0.773080110549927,0.773080110549927,1,17,17,FALSE,TRUE,TRUE,0.972469963118906,0.136448493814105
125,1633000,"2013-05-28",402,0.862660944206009,1.06629335592846,2013,5,28,"Spring",0.966870571560985,0.502292409020585,0.773080110549927,0.773080110549927,1,17,17,FALSE,TRUE,TRUE,0.972469963118906,0.136448493814105
125,1633000,"2013-05-29",354,0.880597014925373,1.02079156456523,2013,5,29,"Spring",0.966870571560985,0.502292409020585,0.773080110549927,0.773080110549927,1,17,17,FALSE,TRUE,TRUE,0.972469963118906,0.136448493814105
125,1633000,"2013-05-30",311,0.878531073446328,0.997653930862779,2013,5,30,"Spring",0.966870571560985,0.502292409020585,0.773080110549927,0.773080110549927,1,17,17,FALSE,TRUE,TRUE,0.972469963118906,0.136448493814105
125,1633000,"2013-05-31",276,0.887459807073955,1.0101632530681,2013,5,31,"Spring",0.966870571560985,0.502292409020585,0.773080110549927,0.773080110549927,1,17,17,FALSE,TRUE,TRUE,0.972469963118906,0.136448493814105
125,1633000,"2013-06-01",250,0.905797101449275,1.02066267590842,2013,6,1,"Summer",0.966870571560985,0.502292409020585,0.773080110549927,0.773080110549927,1,17,17,FALSE,TRUE,TRUE,0.972469963118906,0.136448493814105
126,1633000,"2014-01-17",431,0.93695652173913,0.993988657844991,2014,1,17,"Winter",0.94789213151947,0.978546546051515,0.912814021110535,0.912814021110535,1,14,14,FALSE,TRUE,TRUE,0.947436412194559,0.983413221066657
126,1633000,"2014-01-18",413,0.958236658932715,1.02271197937134,2014,1,18,"Winter",0.94789213151947,0.978546546051515,0.912814021110535,0.912814021110535,1,14,14,FALSE,TRUE,TRUE,0.947436412194559,0.983413221066657
126,1633000,"2014-01-19",385,0.932203389830508,0.972832108999877,2014,1,19,"Winter",0.94789213151947,0.978546546051515,0.912814021110535,0.912814021110535,1,14,14,FALSE,TRUE,TRUE,0.947436412194559,0.983413221066657
126,1633000,"2014-01-20",368,0.955844155844156,1.025360094451,2014,1,20,"Winter",0.94789213151947,0.978546546051515,0.912814021110535,0.912814021110535,1,14,14,FALSE,TRUE,TRUE,0.947436412194559,0.983413221066657
126,1633000,"2014-01-21",359,0.97554347826087,1.02060934546314,2014,1,21,"Winter",0.94789213151947,0.978546546051515,0.912814021110535,0.912814021110535,1,14,14,FALSE,TRUE,TRUE,0.947436412194559,0.983413221066657
126,1633000,"2014-01-22",333,0.927576601671309,0.95083061118396,2014,1,22,"Winter",0.94789213151947,0.978546546051515,0.912814021110535,0.912814021110535,1,14,14,FALSE,TRUE,TRUE,0.947436412194559,0.983413221066657
126,1633000,"2014-01-23",304,0.912912912912913,0.984191398605813,2014,1,23,"Winter",0.94789213151947,0.978546546051515,0.912814021110535,0.912814021110535,1,14,14,FALSE,TRUE,TRUE,0.947436412194559,0.983413221066657
126,1633000,"2014-01-24",273,0.898026315789474,0.983693299861496,2014,1,24,"Winter",0.94789213151947,0.978546546051515,0.912814021110535,0.912814021110535,1,14,14,FALSE,TRUE,TRUE,0.947436412194559,0.983413221066657
126,1633000,"2014-01-25",272,0.996336996336996,1.10947416441922,2014,1,25,"Winter",0.94789213151947,0.978546546051515,0.912814021110535,0.912814021110535,1,14,14,FALSE,TRUE,TRUE,0.947436412194559,0.983413221066657
126,1633000,"2014-01-26",270,0.992647058823529,0.996296496539792,2014,1,26,"Winter",0.94789213151947,0.978546546051515,0.912814021110535,0.912814021110535,1,14,14,FALSE,TRUE,TRUE,0.947436412194559,0.983413221066657
126,1633000,"2014-01-27",262,0.97037037037037,0.97755829903978,2014,1,27,"Winter",0.94789213151947,0.978546546051515,0.912814021110535,0.912814021110535,1,14,14,FALSE,TRUE,TRUE,0.947436412194559,0.983413221066657
126,1633000,"2014-01-28",238,0.908396946564885,0.936134257910378,2014,1,28,"Winter",0.94789213151947,0.978546546051515,0.912814021110535,0.912814021110535,1,14,14,FALSE,TRUE,TRUE,0.947436412194559,0.983413221066657
126,1633000,"2014-01-29",225,0.945378151260504,1.04071040180778,2014,1,29,"Winter",0.94789213151947,0.978546546051515,0.912814021110535,0.912814021110535,1,14,14,FALSE,TRUE,TRUE,0.947436412194559,0.983413221066657
126,1633000,"2014-01-30",215,0.955555555555556,1.01076543209877,2014,1,30,"Winter",0.94789213151947,0.978546546051515,0.912814021110535,0.912814021110535,1,14,14,FALSE,TRUE,TRUE,0.947436412194559,0.983413221066657
127,1633000,"2015-01-11",259,0.921708185053381,1.0397917959499,2015,1,11,"Winter",0.935352324931913,0.954346451251712,0.367520809173584,4.18424606323242e-05,4,10,7,FALSE,TRUE,TRUE,0.927307883265598,0.993242316842495
127,1633000,"2015-01-12",236,0.911196911196911,0.988595876626765,2015,1,12,"Winter",0.935352324931913,0.954346451251712,0.367520809173584,4.18424606323242e-05,4,10,7,FALSE,TRUE,TRUE,0.927307883265598,0.993242316842495
127,1633000,"2015-01-13",224,0.949152542372881,1.04165469692617,2015,1,13,"Winter",0.935352324931913,0.954346451251712,0.367520809173584,4.18424606323242e-05,4,10,7,FALSE,TRUE,TRUE,0.927307883265598,0.993242316842495
127,1633000,"2015-01-14",202,0.901785714285714,0.950095663265306,2015,1,14,"Winter",0.935352324931913,0.954346451251712,0.367520809173584,4.18424606323242e-05,4,10,7,FALSE,TRUE,TRUE,0.927307883265598,0.993242316842495
127,1633000,"2015-01-15",187,0.925742574257426,1.02656602293893,2015,1,15,"Winter",0.935352324931913,0.954346451251712,0.367520809173584,4.18424606323242e-05,4,10,7,FALSE,TRUE,TRUE,0.927307883265598,0.993242316842495
127,1633000,"2015-01-16",175,0.935828877005348,1.01089536446567,2015,1,16,"Winter",0.935352324931913,0.954346451251712,0.367520809173584,4.18424606323242e-05,4,10,7,FALSE,TRUE,TRUE,0.927307883265598,0.993242316842495
127,1633000,"2015-01-17",166,0.948571428571429,1.01361632653061,2015,1,17,"Winter",0.935352324931913,0.954346451251712,0.367520809173584,4.18424606323242e-05,4,10,7,FALSE,TRUE,TRUE,0.927307883265598,0.993242316842495
128,1633000,"2015-03-27",433,0.966517857142857,1.03124003507653,2015,3,27,"Spring",0.943192800860505,0.980897089365596,0.755496859550476,0.100518226623535,4,14,11,FALSE,TRUE,TRUE,0.950236387464384,0.948457274284352
128,1633000,"2015-03-28",407,0.939953810623557,0.972515720922294,2015,3,28,"Spring",0.943192800860505,0.980897089365596,0.755496859550476,0.100518226623535,4,14,11,FALSE,TRUE,TRUE,0.950236387464384,0.948457274284352
128,1633000,"2015-03-29",367,0.901719901719902,0.959323630085301,2015,3,29,"Spring",0.943192800860505,0.980897089365596,0.755496859550476,0.100518226623535,4,14,11,FALSE,TRUE,TRUE,0.950236387464384,0.948457274284352
128,1633000,"2015-03-30",340,0.926430517711172,1.02740387114018,2015,3,30,"Spring",0.943192800860505,0.980897089365596,0.755496859550476,0.100518226623535,4,14,11,FALSE,TRUE,TRUE,0.950236387464384,0.948457274284352
128,1633000,"2015-03-31",322,0.947058823529412,1.02226643598616,2015,3,31,"Spring",0.943192800860505,0.980897089365596,0.755496859550476,0.100518226623535,4,14,11,FALSE,TRUE,TRUE,0.950236387464384,0.948457274284352
128,1633000,"2015-04-01",307,0.953416149068323,1.00671270398519,2015,4,1,"Spring",0.943192800860505,0.980897089365596,0.755496859550476,0.100518226623535,4,14,11,FALSE,TRUE,TRUE,0.950236387464384,0.948457274284352
128,1633000,"2015-04-02",289,0.941368078175896,0.987363261148659,2015,4,2,"Spring",0.943192800860505,0.980897089365596,0.755496859550476,0.100518226623535,4,14,11,FALSE,TRUE,TRUE,0.950236387464384,0.948457274284352
128,1633000,"2015-04-03",281,0.972318339100346,1.0328779588367,2015,4,3,"Spring",0.943192800860505,0.980897089365596,0.755496859550476,0.100518226623535,4,14,11,FALSE,TRUE,TRUE,0.950236387464384,0.948457274284352
128,1633000,"2015-04-04",287,1.02135231316726,1.05042995909373,2015,4,4,"Spring",0.943192800860505,0.980897089365596,0.755496859550476,0.100518226623535,4,14,11,FALSE,TRUE,TRUE,0.950236387464384,0.948457274284352
128,1633000,"2015-04-05",270,0.940766550522648,0.921098957131931,2015,4,5,"Spring",0.943192800860505,0.980897089365596,0.755496859550476,0.100518226623535,4,14,11,FALSE,TRUE,TRUE,0.950236387464384,0.948457274284352
128,1633000,"2015-04-06",250,0.925925925925926,0.984224965706447,2015,4,6,"Spring",0.943192800860505,0.980897089365596,0.755496859550476,0.100518226623535,4,14,11,FALSE,TRUE,TRUE,0.950236387464384,0.948457274284352
129,1633000,"2015-07-14",138,0.913907284768212,0.980483312135433,2015,7,14,"Summer",0.969916765684623,0.555857509409429,0.909463882446289,0.909463882446289,1,18,18,FALSE,TRUE,TRUE,0.988462428566826,0.0365190781100428
129,1633000,"2015-07-15",126,0.91304347826087,0.999054820415879,2015,7,15,"Summer",0.969916765684623,0.555857509409429,0.909463882446289,0.909463882446289,1,18,18,FALSE,TRUE,TRUE,0.988462428566826,0.0365190781100428
129,1633000,"2015-07-16",115,0.912698412698413,0.999622071050642,2015,7,16,"Summer",0.969916765684623,0.555857509409429,0.909463882446289,0.909463882446289,1,18,18,FALSE,TRUE,TRUE,0.988462428566826,0.0365190781100428
129,1633000,"2015-07-17",105,0.91304347826087,1.00037807183365,2015,7,17,"Summer",0.969916765684623,0.555857509409429,0.909463882446289,0.909463882446289,1,18,18,FALSE,TRUE,TRUE,0.988462428566826,0.0365190781100428
129,1633000,"2015-07-18",99.7,0.94952380952381,1.03995464852608,2015,7,18,"Summer",0.969916765684623,0.555857509409429,0.909463882446289,0.909463882446289,1,18,18,FALSE,TRUE,TRUE,0.988462428566826,0.0365190781100428
129,1633000,"2015-07-19",98.6,0.988966900702106,1.04153986533321,2015,7,19,"Summer",0.969916765684623,0.555857509409429,0.909463882446289,0.909463882446289,1,18,18,FALSE,TRUE,TRUE,0.988462428566826,0.0365190781100428
129,1633000,"2015-07-20",97,0.983772819472617,0.994747972631033,2015,7,20,"Summer",0.969916765684623,0.555857509409429,0.909463882446289,0.909463882446289,1,18,18,FALSE,TRUE,TRUE,0.988462428566826,0.0365190781100428
129,1633000,"2015-07-21",88.2,0.909278350515464,0.924276756297162,2015,7,21,"Summer",0.969916765684623,0.555857509409429,0.909463882446289,0.909463882446289,1,18,18,FALSE,TRUE,TRUE,0.988462428566826,0.0365190781100428
129,1633000,"2015-07-22",82.7,0.937641723356009,1.03119327852078,2015,7,22,"Summer",0.969916765684623,0.555857509409429,0.909463882446289,0.909463882446289,1,18,18,FALSE,TRUE,TRUE,0.988462428566826,0.0365190781100428
129,1633000,"2015-07-23",76.2,0.921402660217654,0.982680950800449,2015,7,23,"Summer",0.969916765684623,0.555857509409429,0.909463882446289,0.909463882446289,1,18,18,FALSE,TRUE,TRUE,0.988462428566826,0.0365190781100428
129,1633000,"2015-07-24",69.8,0.916010498687664,0.994147877184643,2015,7,24,"Summer",0.969916765684623,0.555857509409429,0.909463882446289,0.909463882446289,1,18,18,FALSE,TRUE,TRUE,0.988462428566826,0.0365190781100428
129,1633000,"2015-07-25",66.9,0.958452722063037,1.04633377394274,2015,7,25,"Summer",0.969916765684623,0.555857509409429,0.909463882446289,0.909463882446289,1,18,18,FALSE,TRUE,TRUE,0.988462428566826,0.0365190781100428
129,1633000,"2015-07-26",64.7,0.96711509715994,1.00903787416687,2015,7,26,"Summer",0.969916765684623,0.555857509409429,0.909463882446289,0.909463882446289,1,18,18,FALSE,TRUE,TRUE,0.988462428566826,0.0365190781100428
129,1633000,"2015-07-27",266,4.1112828438949,4.25107916934418,2015,7,27,"Summer",0.969916765684623,0.555857509409429,0.909463882446289,0.909463882446289,1,18,18,FALSE,TRUE,TRUE,0.988462428566826,0.0365190781100428
129,1633000,"2015-07-28",109,0.409774436090226,0.0996706993046526,2015,7,28,"Summer",0.969916765684623,0.555857509409429,0.909463882446289,0.909463882446289,1,18,18,FALSE,TRUE,TRUE,0.988462428566826,0.0365190781100428
129,1633000,"2015-07-29",101,0.926605504587156,2.26125746990994,2015,7,29,"Summer",0.969916765684623,0.555857509409429,0.909463882446289,0.909463882446289,1,18,18,FALSE,TRUE,TRUE,0.988462428566826,0.0365190781100428
129,1633000,"2015-07-30",92.8,0.918811881188119,0.991589059896089,2015,7,30,"Summer",0.969916765684623,0.555857509409429,0.909463882446289,0.909463882446289,1,18,18,FALSE,TRUE,TRUE,0.988462428566826,0.0365190781100428
129,1633000,"2015-07-31",83.1,0.895474137931034,0.974600085463734,2015,7,31,"Summer",0.969916765684623,0.555857509409429,0.909463882446289,0.909463882446289,1,18,18,FALSE,TRUE,TRUE,0.988462428566826,0.0365190781100428
130,1633000,"2015-10-20",128,0.955223880597015,1.02650924482067,2015,10,20,"Fall",0.94077508696105,0.954792721556988,0.536186695098877,6.15119934082031e-05,9,16,8,FALSE,TRUE,TRUE,0.96070845780917,0.979994225931412
130,1633000,"2015-10-21",124,0.96875,1.01416015625,2015,10,21,"Fall",0.94077508696105,0.954792721556988,0.536186695098877,6.15119934082031e-05,9,16,8,FALSE,TRUE,TRUE,0.96070845780917,0.979994225931412
130,1633000,"2015-10-22",120,0.967741935483871,0.998959417273673,2015,10,22,"Fall",0.94077508696105,0.954792721556988,0.536186695098877,6.15119934082031e-05,9,16,8,FALSE,TRUE,TRUE,0.96070845780917,0.979994225931412
130,1633000,"2015-10-23",114,0.95,0.981666666666667,2015,10,23,"Fall",0.94077508696105,0.954792721556988,0.536186695098877,6.15119934082031e-05,9,16,8,FALSE,TRUE,TRUE,0.96070845780917,0.979994225931412
130,1633000,"2015-10-24",107,0.93859649122807,0.987996306555863,2015,10,24,"Fall",0.94077508696105,0.954792721556988,0.536186695098877,6.15119934082031e-05,9,16,8,FALSE,TRUE,TRUE,0.96070845780917,0.979994225931412
130,1633000,"2015-10-25",103,0.962616822429907,1.02559175473841,2015,10,25,"Fall",0.94077508696105,0.954792721556988,0.536186695098877,6.15119934082031e-05,9,16,8,FALSE,TRUE,TRUE,0.96070845780917,0.979994225931412
130,1633000,"2015-10-26",101,0.980582524271845,1.01866339900085,2015,10,26,"Fall",0.94077508696105,0.954792721556988,0.536186695098877,6.15119934082031e-05,9,16,8,FALSE,TRUE,TRUE,0.96070845780917,0.979994225931412
130,1633000,"2015-10-27",98.7,0.977227722772277,0.99657876678757,2015,10,27,"Fall",0.94077508696105,0.954792721556988,0.536186695098877,6.15119934082031e-05,9,16,8,FALSE,TRUE,TRUE,0.96070845780917,0.979994225931412
132,1633000,"2016-04-02",270,0.992647058823529,1.00359537197232,2016,4,2,"Spring",0.966976991568658,0.992578128156394,0.435936689376831,0.435936689376831,1,20,20,FALSE,TRUE,TRUE,0.966670891648623,0.988700865366079
132,1633000,"2016-04-03",261,0.966666666666667,0.973827160493827,2016,4,3,"Spring",0.966976991568658,0.992578128156394,0.435936689376831,0.435936689376831,1,20,20,FALSE,TRUE,TRUE,0.966670891648623,0.988700865366079
132,1633000,"2016-04-04",250,0.957854406130268,0.990883868410622,2016,4,4,"Spring",0.966976991568658,0.992578128156394,0.435936689376831,0.435936689376831,1,20,20,FALSE,TRUE,TRUE,0.966670891648623,0.988700865366079
132,1633000,"2016-04-05",236,0.944,0.985536,2016,4,5,"Spring",0.966976991568658,0.992578128156394,0.435936689376831,0.435936689376831,1,20,20,FALSE,TRUE,TRUE,0.966670891648623,0.988700865366079
132,1633000,"2016-04-06",224,0.949152542372881,1.00545820166619,2016,4,6,"Spring",0.966976991568658,0.992578128156394,0.435936689376831,0.435936689376831,1,20,20,FALSE,TRUE,TRUE,0.966670891648623,0.988700865366079
132,1633000,"2016-04-07",223,0.995535714285714,1.04886798469388,2016,4,7,"Spring",0.966976991568658,0.992578128156394,0.435936689376831,0.435936689376831,1,20,20,FALSE,TRUE,TRUE,0.966670891648623,0.988700865366079
132,1633000,"2016-04-08",228,1.02242152466368,1.02700637455006,2016,4,8,"Spring",0.966976991568658,0.992578128156394,0.435936689376831,0.435936689376831,1,20,20,FALSE,TRUE,TRUE,0.966670891648623,0.988700865366079
132,1633000,"2016-04-09",218,0.956140350877193,0.935172360726377,2016,4,9,"Spring",0.966976991568658,0.992578128156394,0.435936689376831,0.435936689376831,1,20,20,FALSE,TRUE,TRUE,0.966670891648623,0.988700865366079
132,1633000,"2016-04-10",209,0.958715596330275,1.00269337597845,2016,4,10,"Spring",0.966976991568658,0.992578128156394,0.435936689376831,0.435936689376831,1,20,20,FALSE,TRUE,TRUE,0.966670891648623,0.988700865366079
132,1633000,"2016-04-11",196,0.937799043062201,0.978182733911769,2016,4,11,"Spring",0.966976991568658,0.992578128156394,0.435936689376831,0.435936689376831,1,20,20,FALSE,TRUE,TRUE,0.966670891648623,0.988700865366079
132,1633000,"2016-04-12",187,0.954081632653061,1.01736255726781,2016,4,12,"Spring",0.966976991568658,0.992578128156394,0.435936689376831,0.435936689376831,1,20,20,FALSE,TRUE,TRUE,0.966670891648623,0.988700865366079
132,1633000,"2016-04-13",180,0.962566844919786,1.00889359146673,2016,4,13,"Spring",0.966976991568658,0.992578128156394,0.435936689376831,0.435936689376831,1,20,20,FALSE,TRUE,TRUE,0.966670891648623,0.988700865366079
132,1633000,"2016-04-14",174,0.966666666666667,1.00425925925926,2016,4,14,"Spring",0.966976991568658,0.992578128156394,0.435936689376831,0.435936689376831,1,20,20,FALSE,TRUE,TRUE,0.966670891648623,0.988700865366079
132,1633000,"2016-04-15",169,0.971264367816092,1.00475624256837,2016,4,15,"Spring",0.966976991568658,0.992578128156394,0.435936689376831,0.435936689376831,1,20,20,FALSE,TRUE,TRUE,0.966670891648623,0.988700865366079
132,1633000,"2016-04-16",165,0.976331360946746,1.00521690417002,2016,4,16,"Spring",0.966976991568658,0.992578128156394,0.435936689376831,0.435936689376831,1,20,20,FALSE,TRUE,TRUE,0.966670891648623,0.988700865366079
132,1633000,"2016-04-17",158,0.957575757575758,0.98078971533517,2016,4,17,"Spring",0.966976991568658,0.992578128156394,0.435936689376831,0.435936689376831,1,20,20,FALSE,TRUE,TRUE,0.966670891648623,0.988700865366079
132,1633000,"2016-04-18",156,0.987341772151899,1.03108476205736,2016,4,18,"Spring",0.966976991568658,0.992578128156394,0.435936689376831,0.435936689376831,1,20,20,FALSE,TRUE,TRUE,0.966670891648623,0.988700865366079
132,1633000,"2016-04-19",152,0.974358974358974,0.986850756081525,2016,4,19,"Spring",0.966976991568658,0.992578128156394,0.435936689376831,0.435936689376831,1,20,20,FALSE,TRUE,TRUE,0.966670891648623,0.988700865366079
132,1633000,"2016-04-20",147,0.967105263157895,0.99255540166205,2016,4,20,"Spring",0.966976991568658,0.992578128156394,0.435936689376831,0.435936689376831,1,20,20,FALSE,TRUE,TRUE,0.966670891648623,0.988700865366079
132,1633000,"2016-04-21",142,0.965986394557823,0.998843074644824,2016,4,21,"Spring",0.966976991568658,0.992578128156394,0.435936689376831,0.435936689376831,1,20,20,FALSE,TRUE,TRUE,0.966670891648623,0.988700865366079
133,1633000,"2016-08-26",115,0.950413223140496,1.02110511577078,2016,8,26,"Summer",0.959792217876288,0.967778365730278,0.535024404525757,0.0135622024536133,5,26,22,FALSE,TRUE,TRUE,0.96401582600652,0.992819899628098
133,1633000,"2016-08-27",109,0.947826086956522,0.997277882797731,2016,8,27,"Summer",0.959792217876288,0.967778365730278,0.535024404525757,0.0135622024536133,5,26,22,FALSE,TRUE,TRUE,0.96401582600652,0.992819899628098
133,1633000,"2016-08-28",103,0.944954128440367,0.99696995202424,2016,8,28,"Summer",0.959792217876288,0.967778365730278,0.535024404525757,0.0135622024536133,5,26,22,FALSE,TRUE,TRUE,0.96401582600652,0.992819899628098
133,1633000,"2016-08-29",97.8,0.949514563106796,1.00482609105476,2016,8,29,"Summer",0.959792217876288,0.967778365730278,0.535024404525757,0.0135622024536133,5,26,22,FALSE,TRUE,TRUE,0.96401582600652,0.992819899628098
133,1633000,"2016-08-30",92,0.940695296523517,0.990711815357079,2016,8,30,"Summer",0.959792217876288,0.967778365730278,0.535024404525757,0.0135622024536133,5,26,22,FALSE,TRUE,TRUE,0.96401582600652,0.992819899628098
133,1633000,"2016-08-31",90.3,0.981521739130435,1.04340028355388,2016,8,31,"Summer",0.959792217876288,0.967778365730278,0.535024404525757,0.0135622024536133,5,26,22,FALSE,TRUE,TRUE,0.96401582600652,0.992819899628098
133,1633000,"2016-09-01",89.9,0.995570321151717,1.01431306252445,2016,9,1,"Fall",0.959792217876288,0.967778365730278,0.535024404525757,0.0135622024536133,5,26,22,FALSE,TRUE,TRUE,0.96401582600652,0.992819899628098
133,1633000,"2016-09-02",85.4,0.949944382647386,0.954171053982858,2016,9,2,"Fall",0.959792217876288,0.967778365730278,0.535024404525757,0.0135622024536133,5,26,22,FALSE,TRUE,TRUE,0.96401582600652,0.992819899628098
133,1633000,"2016-09-03",79.9,0.93559718969555,0.984896807419555,2016,9,3,"Fall",0.959792217876288,0.967778365730278,0.535024404525757,0.0135622024536133,5,26,22,FALSE,TRUE,TRUE,0.96401582600652,0.992819899628098
133,1633000,"2016-09-04",79.3,0.992490613266583,1.06080974183938,2016,9,4,"Fall",0.959792217876288,0.967778365730278,0.535024404525757,0.0135622024536133,5,26,22,FALSE,TRUE,TRUE,0.96401582600652,0.992819899628098
133,1633000,"2016-09-05",77.8,0.981084489281211,0.988507574950425,2016,9,5,"Fall",0.959792217876288,0.967778365730278,0.535024404525757,0.0135622024536133,5,26,22,FALSE,TRUE,TRUE,0.96401582600652,0.992819899628098
133,1633000,"2016-09-06",72.5,0.931876606683805,0.949843379306243,2016,9,6,"Fall",0.959792217876288,0.967778365730278,0.535024404525757,0.0135622024536133,5,26,22,FALSE,TRUE,TRUE,0.96401582600652,0.992819899628098
133,1633000,"2016-09-07",71.1,0.980689655172414,1.05238145065398,2016,9,7,"Fall",0.959792217876288,0.967778365730278,0.535024404525757,0.0135622024536133,5,26,22,FALSE,TRUE,TRUE,0.96401582600652,0.992819899628098
133,1633000,"2016-09-08",71,0.9985935302391,1.01825641269107,2016,9,8,"Fall",0.959792217876288,0.967778365730278,0.535024404525757,0.0135622024536133,5,26,22,FALSE,TRUE,TRUE,0.96401582600652,0.992819899628098
133,1633000,"2016-09-09",65.9,0.928169014084507,0.929476294386035,2016,9,9,"Fall",0.959792217876288,0.967778365730278,0.535024404525757,0.0135622024536133,5,26,22,FALSE,TRUE,TRUE,0.96401582600652,0.992819899628098
133,1633000,"2016-09-10",64.2,0.974203338391502,1.04959691996657,2016,9,10,"Fall",0.959792217876288,0.967778365730278,0.535024404525757,0.0135622024536133,5,26,22,FALSE,TRUE,TRUE,0.96401582600652,0.992819899628098
133,1633000,"2016-09-11",61.3,0.954828660436137,0.980112285400957,2016,9,11,"Fall",0.959792217876288,0.967778365730278,0.535024404525757,0.0135622024536133,5,26,22,FALSE,TRUE,TRUE,0.96401582600652,0.992819899628098
133,1633000,"2016-09-12",58.4,0.952691680261011,0.997761922883474,2016,9,12,"Fall",0.959792217876288,0.967778365730278,0.535024404525757,0.0135622024536133,5,26,22,FALSE,TRUE,TRUE,0.96401582600652,0.992819899628098
133,1633000,"2016-09-13",55.9,0.957191780821918,1.00472356445862,2016,9,13,"Fall",0.959792217876288,0.967778365730278,0.535024404525757,0.0135622024536133,5,26,22,FALSE,TRUE,TRUE,0.96401582600652,0.992819899628098
133,1633000,"2016-09-14",56.7,1.01431127012522,1.05967402818091,2016,9,14,"Fall",0.959792217876288,0.967778365730278,0.535024404525757,0.0135622024536133,5,26,22,FALSE,TRUE,TRUE,0.96401582600652,0.992819899628098
133,1633000,"2016-09-15",53.7,0.947089947089947,0.933727125966985,2016,9,15,"Fall",0.959792217876288,0.967778365730278,0.535024404525757,0.0135622024536133,5,26,22,FALSE,TRUE,TRUE,0.96401582600652,0.992819899628098
133,1633000,"2016-09-16",51.4,0.957169459962756,1.01064261415062,2016,9,16,"Fall",0.959792217876288,0.967778365730278,0.535024404525757,0.0135622024536133,5,26,22,FALSE,TRUE,TRUE,0.96401582600652,0.992819899628098
134,1633000,"2016-10-21",76.6,0.961104140526976,1.05275271603519,2016,10,21,"Fall",0.960729598761339,0.806892724190532,0.533416509628296,2.84910202026367e-05,10,20,11,FALSE,TRUE,TRUE,0.984772617491709,0.812196469725982
134,1633000,"2016-10-22",80.8,1.05483028720627,1.09751924138824,2016,10,22,"Fall",0.960729598761339,0.806892724190532,0.533416509628296,2.84910202026367e-05,10,20,11,FALSE,TRUE,TRUE,0.984772617491709,0.812196469725982
134,1633000,"2016-10-23",78.4,0.97029702970297,0.919860797960984,2016,10,23,"Fall",0.960729598761339,0.806892724190532,0.533416509628296,2.84910202026367e-05,10,20,11,FALSE,TRUE,TRUE,0.984772617491709,0.812196469725982
134,1633000,"2016-10-24",76.9,0.980867346938776,1.01089389837568,2016,10,24,"Fall",0.960729598761339,0.806892724190532,0.533416509628296,2.84910202026367e-05,10,20,11,FALSE,TRUE,TRUE,0.984772617491709,0.812196469725982
134,1633000,"2016-10-25",72.1,0.937581274382315,0.955869595729174,2016,10,25,"Fall",0.960729598761339,0.806892724190532,0.533416509628296,2.84910202026367e-05,10,20,11,FALSE,TRUE,TRUE,0.984772617491709,0.812196469725982
134,1633000,"2016-10-26",71.3,0.988904299583911,1.0547398146741,2016,10,26,"Fall",0.960729598761339,0.806892724190532,0.533416509628296,2.84910202026367e-05,10,20,11,FALSE,TRUE,TRUE,0.984772617491709,0.812196469725982
134,1633000,"2016-10-27",70.9,0.994389901823282,1.00554715177361,2016,10,27,"Fall",0.960729598761339,0.806892724190532,0.533416509628296,2.84910202026367e-05,10,20,11,FALSE,TRUE,TRUE,0.984772617491709,0.812196469725982
134,1633000,"2016-10-28",69.4,0.978843441466855,0.984365830417302,2016,10,28,"Fall",0.960729598761339,0.806892724190532,0.533416509628296,2.84910202026367e-05,10,20,11,FALSE,TRUE,TRUE,0.984772617491709,0.812196469725982
134,1633000,"2016-10-29",70.6,1.01729106628242,1.03927862535193,2016,10,29,"Fall",0.960729598761339,0.806892724190532,0.533416509628296,2.84910202026367e-05,10,20,11,FALSE,TRUE,TRUE,0.984772617491709,0.812196469725982
134,1633000,"2016-10-30",69.8,0.988668555240793,0.97186399056248,2016,10,30,"Fall",0.960729598761339,0.806892724190532,0.533416509628296,2.84910202026367e-05,10,20,11,FALSE,TRUE,TRUE,0.984772617491709,0.812196469725982
134,1633000,"2016-10-31",68.4,0.979942693409742,0.991174128291229,2016,10,31,"Fall",0.960729598761339,0.806892724190532,0.533416509628296,2.84910202026367e-05,10,20,11,FALSE,TRUE,TRUE,0.984772617491709,0.812196469725982
135,1633000,"2017-02-13",127,0.962121212121212,0.991276400367309,2017,2,13,"Winter",0.978514080966272,0.9578735587839,0.540238618850708,0.540238618850708,1,28,28,FALSE,TRUE,TRUE,0.979961725825938,0.932014922604153
135,1633000,"2017-02-14",123,0.968503937007874,1.00663401326803,2017,2,14,"Winter",0.978514080966272,0.9578735587839,0.540238618850708,0.540238618850708,1,28,28,FALSE,TRUE,TRUE,0.979961725825938,0.932014922604153
135,1633000,"2017-02-15",119,0.967479674796748,0.998942428448675,2017,2,15,"Winter",0.978514080966272,0.9578735587839,0.540238618850708,0.540238618850708,1,28,28,FALSE,TRUE,TRUE,0.979961725825938,0.932014922604153
135,1633000,"2017-02-16",118,0.991596638655462,1.02492761810607,2017,2,16,"Winter",0.978514080966272,0.9578735587839,0.540238618850708,0.540238618850708,1,28,28,FALSE,TRUE,TRUE,0.979961725825938,0.932014922604153
135,1633000,"2017-02-17",114,0.966101694915254,0.974288997414536,2017,2,17,"Winter",0.978514080966272,0.9578735587839,0.540238618850708,0.540238618850708,1,28,28,FALSE,TRUE,TRUE,0.979961725825938,0.932014922604153
135,1633000,"2017-02-18",111,0.973684210526316,1.0078485687904,2017,2,18,"Winter",0.978514080966272,0.9578735587839,0.540238618850708,0.540238618850708,1,28,28,FALSE,TRUE,TRUE,0.979961725825938,0.932014922604153
135,1633000,"2017-02-19",108,0.972972972972973,0.99926953981008,2017,2,19,"Winter",0.978514080966272,0.9578735587839,0.540238618850708,0.540238618850708,1,28,28,FALSE,TRUE,TRUE,0.979961725825938,0.932014922604153
135,1633000,"2017-02-20",105,0.972222222222222,0.999228395061728,2017,2,20,"Winter",0.978514080966272,0.9578735587839,0.540238618850708,0.540238618850708,1,28,28,FALSE,TRUE,TRUE,0.979961725825938,0.932014922604153
135,1633000,"2017-02-21",99.4,0.946666666666667,0.973714285714286,2017,2,21,"Winter",0.978514080966272,0.9578735587839,0.540238618850708,0.540238618850708,1,28,28,FALSE,TRUE,TRUE,0.979961725825938,0.932014922604153
135,1633000,"2017-02-22",97.6,0.981891348088531,1.03720917051605,2017,2,22,"Winter",0.978514080966272,0.9578735587839,0.540238618850708,0.540238618850708,1,28,28,FALSE,TRUE,TRUE,0.979961725825938,0.932014922604153
135,1633000,"2017-02-23",96.2,0.985655737704918,1.00383381483472,2017,2,23,"Winter",0.978514080966272,0.9578735587839,0.540238618850708,0.540238618850708,1,28,28,FALSE,TRUE,TRUE,0.979961725825938,0.932014922604153
135,1633000,"2017-02-24",93.4,0.970893970893971,0.985023404981825,2017,2,24,"Winter",0.978514080966272,0.9578735587839,0.540238618850708,0.540238618850708,1,28,28,FALSE,TRUE,TRUE,0.979961725825938,0.932014922604153
135,1633000,"2017-02-25",89.7,0.960385438972163,0.989176437142634,2017,2,25,"Winter",0.978514080966272,0.9578735587839,0.540238618850708,0.540238618850708,1,28,28,FALSE,TRUE,TRUE,0.979961725825938,0.932014922604153
135,1633000,"2017-02-26",86.5,0.964325529542921,1.00410261381615,2017,2,26,"Winter",0.978514080966272,0.9578735587839,0.540238618850708,0.540238618850708,1,28,28,FALSE,TRUE,TRUE,0.979961725825938,0.932014922604153
135,1633000,"2017-02-27",84.4,0.975722543352601,1.01181863744195,2017,2,27,"Winter",0.978514080966272,0.9578735587839,0.540238618850708,0.540238618850708,1,28,28,FALSE,TRUE,TRUE,0.979961725825938,0.932014922604153
135,1633000,"2017-02-28",84,0.995260663507109,1.02002425821522,2017,2,28,"Winter",0.978514080966272,0.9578735587839,0.540238618850708,0.540238618850708,1,28,28,FALSE,TRUE,TRUE,0.979961725825938,0.932014922604153
135,1633000,"2017-03-01",91,1.08333333333333,1.08849206349206,2017,3,1,"Spring",0.978514080966272,0.9578735587839,0.540238618850708,0.540238618850708,1,28,28,FALSE,TRUE,TRUE,0.979961725825938,0.932014922604153
135,1633000,"2017-03-02",89.2,0.98021978021978,0.904818258664413,2017,3,2,"Spring",0.978514080966272,0.9578735587839,0.540238618850708,0.540238618850708,1,28,28,FALSE,TRUE,TRUE,0.979961725825938,0.932014922604153
135,1633000,"2017-03-03",82.6,0.926008968609865,0.94469524824549,2017,3,3,"Spring",0.978514080966272,0.9578735587839,0.540238618850708,0.540238618850708,1,28,28,FALSE,TRUE,TRUE,0.979961725825938,0.932014922604153
135,1633000,"2017-03-04",78.2,0.946731234866828,1.02237804055837,2017,3,4,"Spring",0.978514080966272,0.9578735587839,0.540238618850708,0.540238618850708,1,28,28,FALSE,TRUE,TRUE,0.979961725825938,0.932014922604153
135,1633000,"2017-03-05",76.3,0.975703324808184,1.03060223310941,2017,3,5,"Spring",0.978514080966272,0.9578735587839,0.540238618850708,0.540238618850708,1,28,28,FALSE,TRUE,TRUE,0.979961725825938,0.932014922604153
135,1633000,"2017-03-06",75.9,0.99475753604194,1.01952869355806,2017,3,6,"Spring",0.978514080966272,0.9578735587839,0.540238618850708,0.540238618850708,1,28,28,FALSE,TRUE,TRUE,0.979961725825938,0.932014922604153
135,1633000,"2017-03-07",78.4,1.03293807641634,1.03838175534343,2017,3,7,"Spring",0.978514080966272,0.9578735587839,0.540238618850708,0.540238618850708,1,28,28,FALSE,TRUE,TRUE,0.979961725825938,0.932014922604153
135,1633000,"2017-03-08",84,1.07142857142857,1.03726311953353,2017,3,8,"Spring",0.978514080966272,0.9578735587839,0.540238618850708,0.540238618850708,1,28,28,FALSE,TRUE,TRUE,0.979961725825938,0.932014922604153
135,1633000,"2017-03-09",78.9,0.939285714285714,0.876666666666667,2017,3,9,"Spring",0.978514080966272,0.9578735587839,0.540238618850708,0.540238618850708,1,28,28,FALSE,TRUE,TRUE,0.979961725825938,0.932014922604153
135,1633000,"2017-03-10",75,0.950570342205323,1.01201405253799,2017,3,10,"Spring",0.978514080966272,0.9578735587839,0.540238618850708,0.540238618850708,1,28,28,FALSE,TRUE,TRUE,0.979961725825938,0.932014922604153
135,1633000,"2017-03-11",73.3,0.977333333333333,1.02815466666667,2017,3,11,"Spring",0.978514080966272,0.9578735587839,0.540238618850708,0.540238618850708,1,28,28,FALSE,TRUE,TRUE,0.979961725825938,0.932014922604153
135,1633000,"2017-03-12",70.8,0.965893587994543,0.988294939967131,2017,3,12,"Spring",0.978514080966272,0.9578735587839,0.540238618850708,0.540238618850708,1,28,28,FALSE,TRUE,TRUE,0.979961725825938,0.932014922604153
136,1633000,"2017-11-16",63.9,0.960902255639098,1.03748544293063,2017,11,16,"Fall",0.959247996065972,0.986531560290483,0.584070324897766,0.0022892951965332,5,18,14,FALSE,TRUE,TRUE,0.959581592660778,0.990723993732269
136,1633000,"2017-11-17",60.7,0.949921752738654,0.988572716073873,2017,11,17,"Fall",0.959247996065972,0.986531560290483,0.584070324897766,0.0022892951965332,5,18,14,FALSE,TRUE,TRUE,0.959581592660778,0.990723993732269
136,1633000,"2017-11-18",57.7,0.950576606260296,1.00068937627731,2017,11,18,"Fall",0.959247996065972,0.986531560290483,0.584070324897766,0.0022892951965332,5,18,14,FALSE,TRUE,TRUE,0.959581592660778,0.990723993732269
136,1633000,"2017-11-19",55.9,0.968804159445407,1.01917525958988,2017,11,19,"Fall",0.959247996065972,0.986531560290483,0.584070324897766,0.0022892951965332,5,18,14,FALSE,TRUE,TRUE,0.959581592660778,0.990723993732269
136,1633000,"2017-11-20",52,0.930232558139535,0.960186379331863,2017,11,20,"Fall",0.959247996065972,0.986531560290483,0.584070324897766,0.0022892951965332,5,18,14,FALSE,TRUE,TRUE,0.959581592660778,0.990723993732269
136,1633000,"2017-11-21",49.5,0.951923076923077,1.02331730769231,2017,11,21,"Fall",0.959247996065972,0.986531560290483,0.584070324897766,0.0022892951965332,5,18,14,FALSE,TRUE,TRUE,0.959581592660778,0.990723993732269
136,1633000,"2017-11-22",48,0.96969696969697,1.01867156412611,2017,11,22,"Fall",0.959247996065972,0.986531560290483,0.584070324897766,0.0022892951965332,5,18,14,FALSE,TRUE,TRUE,0.959581592660778,0.990723993732269
136,1633000,"2017-11-23",46.4,0.966666666666667,0.996875,2017,11,23,"Fall",0.959247996065972,0.986531560290483,0.584070324897766,0.0022892951965332,5,18,14,FALSE,TRUE,TRUE,0.959581592660778,0.990723993732269
136,1633000,"2017-11-24",44.9,0.967672413793103,1.00104042806183,2017,11,24,"Fall",0.959247996065972,0.986531560290483,0.584070324897766,0.0022892951965332,5,18,14,FALSE,TRUE,TRUE,0.959581592660778,0.990723993732269
136,1633000,"2017-11-25",44,0.979955456570156,1.01269338941771,2017,11,25,"Fall",0.959247996065972,0.986531560290483,0.584070324897766,0.0022892951965332,5,18,14,FALSE,TRUE,TRUE,0.959581592660778,0.990723993732269
136,1633000,"2017-11-26",42.4,0.963636363636364,0.983347107438016,2017,11,26,"Fall",0.959247996065972,0.986531560290483,0.584070324897766,0.0022892951965332,5,18,14,FALSE,TRUE,TRUE,0.959581592660778,0.990723993732269
136,1633000,"2017-11-27",40.5,0.955188679245283,0.99123353506586,2017,11,27,"Fall",0.959247996065972,0.986531560290483,0.584070324897766,0.0022892951965332,5,18,14,FALSE,TRUE,TRUE,0.959581592660778,0.990723993732269
136,1633000,"2017-11-28",37.8,0.933333333333333,0.977119341563786,2017,11,28,"Fall",0.959247996065972,0.986531560290483,0.584070324897766,0.0022892951965332,5,18,14,FALSE,TRUE,TRUE,0.959581592660778,0.990723993732269
136,1633000,"2017-11-29",36.5,0.965608465608466,1.03458049886621,2017,11,29,"Fall",0.959247996065972,0.986531560290483,0.584070324897766,0.0022892951965332,5,18,14,FALSE,TRUE,TRUE,0.959581592660778,0.990723993732269
137,1633000,"2018-03-11",133,0.93006993006993,1.01462174189447,2018,3,11,"Spring",0.911485390481102,0.924889012940021,0.763890624046326,1.19209289550781e-06,12,18,7,FALSE,TRUE,TRUE,0.942909032647502,0.996892571963915
137,1633000,"2018-03-12",127,0.954887218045113,1.02668324947708,2018,3,12,"Spring",0.911485390481102,0.924889012940021,0.763890624046326,1.19209289550781e-06,12,18,7,FALSE,TRUE,TRUE,0.942909032647502,0.996892571963915
137,1633000,"2018-03-13",121,0.952755905511811,0.997767995535991,2018,3,13,"Spring",0.911485390481102,0.924889012940021,0.763890624046326,1.19209289550781e-06,12,18,7,FALSE,TRUE,TRUE,0.942909032647502,0.996892571963915
137,1633000,"2018-03-14",113,0.933884297520661,0.980192609794413,2018,3,14,"Spring",0.911485390481102,0.924889012940021,0.763890624046326,1.19209289550781e-06,12,18,7,FALSE,TRUE,TRUE,0.942909032647502,0.996892571963915
137,1633000,"2018-03-15",106,0.938053097345133,1.00446393609523,2018,3,15,"Spring",0.911485390481102,0.924889012940021,0.763890624046326,1.19209289550781e-06,12,18,7,FALSE,TRUE,TRUE,0.942909032647502,0.996892571963915
137,1633000,"2018-03-16",99.8,0.941509433962264,1.00368458526166,2018,3,16,"Spring",0.911485390481102,0.924889012940021,0.763890624046326,1.19209289550781e-06,12,18,7,FALSE,TRUE,TRUE,0.942909032647502,0.996892571963915
137,1633000,"2018-03-17",94.3,0.944889779559118,1.00359034702672,2018,3,17,"Spring",0.911485390481102,0.924889012940021,0.763890624046326,1.19209289550781e-06,12,18,7,FALSE,TRUE,TRUE,0.942909032647502,0.996892571963915
138,1633000,"2018-12-08",411,0.938356164383562,1.01119659723525,2018,12,8,"Winter",0.945844534516023,0.948714572222902,0.452370405197144,0.000458836555480957,8,13,6,FALSE,TRUE,TRUE,0.964688567917566,0.989011612317001
138,1633000,"2018-12-09",394,0.958637469586375,1.02161365371979,2018,12,9,"Winter",0.945844534516023,0.948714572222902,0.452370405197144,0.000458836555480957,8,13,6,FALSE,TRUE,TRUE,0.964688567917566,0.989011612317001
138,1633000,"2018-12-10",387,0.982233502538071,1.02461413589631,2018,12,10,"Winter",0.945844534516023,0.948714572222902,0.452370405197144,0.000458836555480957,8,13,6,FALSE,TRUE,TRUE,0.964688567917566,0.989011612317001
138,1633000,"2018-12-11",366,0.945736434108527,0.962842777877932,2018,12,11,"Winter",0.945844534516023,0.948714572222902,0.452370405197144,0.000458836555480957,8,13,6,FALSE,TRUE,TRUE,0.964688567917566,0.989011612317001
138,1633000,"2018-12-12",355,0.969945355191257,1.0255979575383,2018,12,12,"Winter",0.945844534516023,0.948714572222902,0.452370405197144,0.000458836555480957,8,13,6,FALSE,TRUE,TRUE,0.964688567917566,0.989011612317001
138,1633000,"2018-12-13",344,0.969014084507042,0.999039873041063,2018,12,13,"Winter",0.945844534516023,0.948714572222902,0.452370405197144,0.000458836555480957,8,13,6,FALSE,TRUE,TRUE,0.964688567917566,0.989011612317001
139,1633000,"2019-01-05",911,0.986998916576381,1.09072469654161,2019,1,5,"Winter",0.949088757820458,0.976773412717595,0.38107442855835,0.137645840644836,2,15,14,FALSE,TRUE,TRUE,0.947559279867521,0.979180746926277
139,1633000,"2019-01-06",880,0.965971459934138,0.978695562589692,2019,1,6,"Winter",0.949088757820458,0.976773412717595,0.38107442855835,0.137645840644836,2,15,14,FALSE,TRUE,TRUE,0.947559279867521,0.979180746926277
139,1633000,"2019-01-07",797,0.905681818181818,0.937586518595041,2019,1,7,"Winter",0.949088757820458,0.976773412717595,0.38107442855835,0.137645840644836,2,15,14,FALSE,TRUE,TRUE,0.947559279867521,0.979180746926277
139,1633000,"2019-01-08",759,0.952321204516938,1.0514964366059,2019,1,8,"Winter",0.949088757820458,0.976773412717595,0.38107442855835,0.137645840644836,2,15,14,FALSE,TRUE,TRUE,0.947559279867521,0.979180746926277
139,1633000,"2019-01-09",740,0.974967061923584,1.02377964209894,2019,1,9,"Winter",0.949088757820458,0.976773412717595,0.38107442855835,0.137645840644836,2,15,14,FALSE,TRUE,TRUE,0.947559279867521,0.979180746926277
139,1633000,"2019-01-10",676,0.913513513513514,0.936968590211834,2019,1,10,"Winter",0.949088757820458,0.976773412717595,0.38107442855835,0.137645840644836,2,15,14,FALSE,TRUE,TRUE,0.947559279867521,0.979180746926277
139,1633000,"2019-01-11",614,0.908284023668639,0.994275410524842,2019,1,11,"Winter",0.949088757820458,0.976773412717595,0.38107442855835,0.137645840644836,2,15,14,FALSE,TRUE,TRUE,0.947559279867521,0.979180746926277
139,1633000,"2019-01-12",573,0.933224755700326,1.0274591772857,2019,1,12,"Winter",0.949088757820458,0.976773412717595,0.38107442855835,0.137645840644836,2,15,14,FALSE,TRUE,TRUE,0.947559279867521,0.979180746926277
139,1633000,"2019-01-13",568,0.991273996509599,1.06220285140819,2019,1,13,"Winter",0.949088757820458,0.976773412717595,0.38107442855835,0.137645840644836,2,15,14,FALSE,TRUE,TRUE,0.947559279867521,0.979180746926277
139,1633000,"2019-01-14",541,0.952464788732394,0.960849161872644,2019,1,14,"Winter",0.949088757820458,0.976773412717595,0.38107442855835,0.137645840644836,2,15,14,FALSE,TRUE,TRUE,0.947559279867521,0.979180746926277
139,1633000,"2019-01-15",518,0.957486136783734,1.00527195137368,2019,1,15,"Winter",0.949088757820458,0.976773412717595,0.38107442855835,0.137645840644836,2,15,14,FALSE,TRUE,TRUE,0.947559279867521,0.979180746926277
139,1633000,"2019-01-16",494,0.953667953667954,0.996012283657071,2019,1,16,"Winter",0.949088757820458,0.976773412717595,0.38107442855835,0.137645840644836,2,15,14,FALSE,TRUE,TRUE,0.947559279867521,0.979180746926277
139,1633000,"2019-01-17",478,0.967611336032389,1.0146207936534,2019,1,17,"Winter",0.949088757820458,0.976773412717595,0.38107442855835,0.137645840644836,2,15,14,FALSE,TRUE,TRUE,0.947559279867521,0.979180746926277
139,1633000,"2019-01-18",468,0.97907949790795,1.01185203340278,2019,1,18,"Winter",0.949088757820458,0.976773412717595,0.38107442855835,0.137645840644836,2,15,14,FALSE,TRUE,TRUE,0.947559279867521,0.979180746926277
140,1633000,"2019-05-22",362,0.902743142144638,1.00404848228556,2019,5,22,"Spring",0.923564771702915,0.898517025304217,0.348082542419434,0.000169277191162109,7,15,9,FALSE,TRUE,TRUE,0.952985506778458,0.971255932503817
140,1633000,"2019-05-23",336,0.92817679558011,1.02817374317023,2019,5,23,"Spring",0.923564771702915,0.898517025304217,0.348082542419434,0.000169277191162109,7,15,9,FALSE,TRUE,TRUE,0.952985506778458,0.971255932503817
140,1633000,"2019-05-24",319,0.949404761904762,1.02287060657596,2019,5,24,"Spring",0.923564771702915,0.898517025304217,0.348082542419434,0.000169277191162109,7,15,9,FALSE,TRUE,TRUE,0.952985506778458,0.971255932503817
140,1633000,"2019-05-25",295,0.924764890282132,0.974047031770521,2019,5,25,"Spring",0.923564771702915,0.898517025304217,0.348082542419434,0.000169277191162109,7,15,9,FALSE,TRUE,TRUE,0.952985506778458,0.971255932503817
140,1633000,"2019-05-26",300,1.01694915254237,1.0996839988509,2019,5,26,"Spring",0.923564771702915,0.898517025304217,0.348082542419434,0.000169277191162109,7,15,9,FALSE,TRUE,TRUE,0.952985506778458,0.971255932503817
140,1633000,"2019-05-27",287,0.956666666666667,0.940722222222222,2019,5,27,"Spring",0.923564771702915,0.898517025304217,0.348082542419434,0.000169277191162109,7,15,9,FALSE,TRUE,TRUE,0.952985506778458,0.971255932503817
140,1633000,"2019-05-28",271,0.944250871080139,0.987021816460076,2019,5,28,"Spring",0.923564771702915,0.898517025304217,0.348082542419434,0.000169277191162109,7,15,9,FALSE,TRUE,TRUE,0.952985506778458,0.971255932503817
140,1633000,"2019-05-29",251,0.92619926199262,0.980882613254177,2019,5,29,"Spring",0.923564771702915,0.898517025304217,0.348082542419434,0.000169277191162109,7,15,9,FALSE,TRUE,TRUE,0.952985506778458,0.971255932503817
140,1633000,"2019-05-30",239,0.952191235059761,1.02806304661831,2019,5,30,"Spring",0.923564771702915,0.898517025304217,0.348082542419434,0.000169277191162109,7,15,9,FALSE,TRUE,TRUE,0.952985506778458,0.971255932503817
142,1633000,"2020-02-25",207,0.995192307692308,1.04782267011834,2020,2,25,"Winter",0.959468938751046,0.953671022616369,0.483755826950073,0.000596523284912109,9,25,17,FALSE,TRUE,TRUE,0.964988241023216,0.976610504957365
142,1633000,"2020-02-26",203,0.980676328502415,0.985413895306775,2020,2,26,"Winter",0.959468938751046,0.953671022616369,0.483755826950073,0.000596523284912109,9,25,17,FALSE,TRUE,TRUE,0.964988241023216,0.976610504957365
142,1633000,"2020-02-27",214,1.05418719211823,1.07495935353928,2020,2,27,"Winter",0.959468938751046,0.953671022616369,0.483755826950073,0.000596523284912109,9,25,17,FALSE,TRUE,TRUE,0.964988241023216,0.976610504957365
142,1633000,"2020-02-28",199,0.929906542056075,0.882107607651323,2020,2,28,"Winter",0.959468938751046,0.953671022616369,0.483755826950073,0.000596523284912109,9,25,17,FALSE,TRUE,TRUE,0.964988241023216,0.976610504957365
142,1633000,"2020-02-29",186,0.934673366834171,1.00512613317846,2020,2,29,"Winter",0.959468938751046,0.953671022616369,0.483755826950073,0.000596523284912109,9,25,17,FALSE,TRUE,TRUE,0.964988241023216,0.976610504957365
142,1633000,"2020-03-01",174,0.935483870967742,1.00086715227194,2020,3,1,"Spring",0.959468938751046,0.953671022616369,0.483755826950073,0.000596523284912109,9,25,17,FALSE,TRUE,TRUE,0.964988241023216,0.976610504957365
142,1633000,"2020-03-02",166,0.954022988505747,1.01981767736821,2020,3,2,"Spring",0.959468938751046,0.953671022616369,0.483755826950073,0.000596523284912109,9,25,17,FALSE,TRUE,TRUE,0.964988241023216,0.976610504957365
142,1633000,"2020-03-03",162,0.975903614457831,1.02293511394978,2020,3,3,"Spring",0.959468938751046,0.953671022616369,0.483755826950073,0.000596523284912109,9,25,17,FALSE,TRUE,TRUE,0.964988241023216,0.976610504957365
142,1633000,"2020-03-04",161,0.993827160493827,1.01836610272824,2020,3,4,"Spring",0.959468938751046,0.953671022616369,0.483755826950073,0.000596523284912109,9,25,17,FALSE,TRUE,TRUE,0.964988241023216,0.976610504957365
142,1633000,"2020-03-05",155,0.962732919254658,0.968712626827669,2020,3,5,"Spring",0.959468938751046,0.953671022616369,0.483755826950073,0.000596523284912109,9,25,17,FALSE,TRUE,TRUE,0.964988241023216,0.976610504957365
142,1633000,"2020-03-06",148,0.954838709677419,0.991800208116545,2020,3,6,"Spring",0.959468938751046,0.953671022616369,0.483755826950073,0.000596523284912109,9,25,17,FALSE,TRUE,TRUE,0.964988241023216,0.976610504957365
142,1633000,"2020-03-07",142,0.959459459459459,1.00483929875822,2020,3,7,"Spring",0.959468938751046,0.953671022616369,0.483755826950073,0.000596523284912109,9,25,17,FALSE,TRUE,TRUE,0.964988241023216,0.976610504957365
142,1633000,"2020-03-08",137,0.964788732394366,1.00555445348145,2020,3,8,"Spring",0.959468938751046,0.953671022616369,0.483755826950073,0.000596523284912109,9,25,17,FALSE,TRUE,TRUE,0.964988241023216,0.976610504957365
142,1633000,"2020-03-09",133,0.970802919708029,1.00623368320102,2020,3,9,"Spring",0.959468938751046,0.953671022616369,0.483755826950073,0.000596523284912109,9,25,17,FALSE,TRUE,TRUE,0.964988241023216,0.976610504957365
142,1633000,"2020-03-10",129,0.969924812030075,0.999095483068574,2020,3,10,"Spring",0.959468938751046,0.953671022616369,0.483755826950073,0.000596523284912109,9,25,17,FALSE,TRUE,TRUE,0.964988241023216,0.976610504957365
142,1633000,"2020-03-11",127,0.984496124031008,1.01502313562887,2020,3,11,"Spring",0.959468938751046,0.953671022616369,0.483755826950073,0.000596523284912109,9,25,17,FALSE,TRUE,TRUE,0.964988241023216,0.976610504957365
142,1633000,"2020-03-12",124,0.976377952755906,0.991753983507967,2020,3,12,"Spring",0.959468938751046,0.953671022616369,0.483755826950073,0.000596523284912109,9,25,17,FALSE,TRUE,TRUE,0.964988241023216,0.976610504957365
143,1633000,"2020-05-09",569,0.872699386503067,1.04268837743235,2020,5,9,"Spring",0.892490075416863,0.954169409520403,0.462432742118835,3.17096710205078e-05,4,8,5,FALSE,TRUE,TRUE,0.871963788192859,0.993247214052235
143,1633000,"2020-05-10",478,0.840070298769772,0.962611308959387,2020,5,10,"Spring",0.892490075416863,0.954169409520403,0.462432742118835,3.17096710205078e-05,4,8,5,FALSE,TRUE,TRUE,0.871963788192859,0.993247214052235
143,1633000,"2020-05-11",415,0.868200836820084,1.03348593336951,2020,5,11,"Spring",0.892490075416863,0.954169409520403,0.462432742118835,3.17096710205078e-05,4,8,5,FALSE,TRUE,TRUE,0.871963788192859,0.993247214052235
143,1633000,"2020-05-12",370,0.891566265060241,1.02691246915372,2020,5,12,"Spring",0.892490075416863,0.954169409520403,0.462432742118835,3.17096710205078e-05,4,8,5,FALSE,TRUE,TRUE,0.871963788192859,0.993247214052235
143,1633000,"2020-05-13",326,0.881081081081081,0.988239590942294,2020,5,13,"Spring",0.892490075416863,0.954169409520403,0.462432742118835,3.17096710205078e-05,4,8,5,FALSE,TRUE,TRUE,0.871963788192859,0.993247214052235
144,1633000,"2021-01-14",347,0.94550408719346,1.02021694421965,2021,1,14,"Winter",0.932444404589015,0.944891633549082,0.533416509628296,6.43730163574219e-06,10,20,11,FALSE,TRUE,TRUE,0.948540522597922,0.988956162800049
144,1633000,"2021-01-15",329,0.948126801152738,1.00277387902898,2021,1,15,"Winter",0.932444404589015,0.944891633549082,0.533416509628296,6.43730163574219e-06,10,20,11,FALSE,TRUE,TRUE,0.948540522597922,0.988956162800049
144,1633000,"2021-01-16",328,0.996960486322188,1.05150543694164,2021,1,16,"Winter",0.932444404589015,0.944891633549082,0.533416509628296,6.43730163574219e-06,10,20,11,FALSE,TRUE,TRUE,0.948540522597922,0.988956162800049
144,1633000,"2021-01-17",307,0.935975609756098,0.938829193932183,2021,1,17,"Winter",0.932444404589015,0.944891633549082,0.533416509628296,6.43730163574219e-06,10,20,11,FALSE,TRUE,TRUE,0.948540522597922,0.988956162800049
144,1633000,"2021-01-18",287,0.93485342019544,0.998801048286984,2021,1,18,"Winter",0.932444404589015,0.944891633549082,0.533416509628296,6.43730163574219e-06,10,20,11,FALSE,TRUE,TRUE,0.948540522597922,0.988956162800049
144,1633000,"2021-01-19",267,0.930313588850174,0.995143804101058,2021,1,19,"Winter",0.932444404589015,0.944891633549082,0.533416509628296,6.43730163574219e-06,10,20,11,FALSE,TRUE,TRUE,0.948540522597922,0.988956162800049
144,1633000,"2021-01-20",250,0.936329588014981,1.00646663580637,2021,1,20,"Winter",0.932444404589015,0.944891633549082,0.533416509628296,6.43730163574219e-06,10,20,11,FALSE,TRUE,TRUE,0.948540522597922,0.988956162800049
144,1633000,"2021-01-21",239,0.956,1.021008,2021,1,21,"Winter",0.932444404589015,0.944891633549082,0.533416509628296,6.43730163574219e-06,10,20,11,FALSE,TRUE,TRUE,0.948540522597922,0.988956162800049
144,1633000,"2021-01-22",231,0.96652719665272,1.01101171197983,2021,1,22,"Winter",0.932444404589015,0.944891633549082,0.533416509628296,6.43730163574219e-06,10,20,11,FALSE,TRUE,TRUE,0.948540522597922,0.988956162800049
144,1633000,"2021-01-23",220,0.952380952380952,0.9853638425067,2021,1,23,"Winter",0.932444404589015,0.944891633549082,0.533416509628296,6.43730163574219e-06,10,20,11,FALSE,TRUE,TRUE,0.948540522597922,0.988956162800049
144,1633000,"2021-01-24",210,0.954545454545455,1.00227272727273,2021,1,24,"Winter",0.932444404589015,0.944891633549082,0.533416509628296,6.43730163574219e-06,10,20,11,FALSE,TRUE,TRUE,0.948540522597922,0.988956162800049
145,1633000,"2021-03-11",467,0.919291338582677,1.00253425506851,2021,3,11,"Spring",0.938257252761721,0.828373291058776,0.37269139289856,9.5367431640625e-07,9,20,12,FALSE,TRUE,TRUE,0.960721263042795,0.907216968747884
145,1633000,"2021-03-12",439,0.940042826552463,1.02257335308062,2021,3,12,"Spring",0.938257252761721,0.828373291058776,0.37269139289856,9.5367431640625e-07,9,20,12,FALSE,TRUE,TRUE,0.960721263042795,0.907216968747884
145,1633000,"2021-03-13",413,0.940774487471526,1.00077832721914,2021,3,13,"Spring",0.938257252761721,0.828373291058776,0.37269139289856,9.5367431640625e-07,9,20,12,FALSE,TRUE,TRUE,0.960721263042795,0.907216968747884
145,1633000,"2021-03-14",386,0.934624697336562,0.99346305600666,2021,3,14,"Spring",0.938257252761721,0.828373291058776,0.37269139289856,9.5367431640625e-07,9,20,12,FALSE,TRUE,TRUE,0.960721263042795,0.907216968747884
145,1633000,"2021-03-15",362,0.937823834196891,1.00342291068217,2021,3,15,"Spring",0.938257252761721,0.828373291058776,0.37269139289856,9.5367431640625e-07,9,20,12,FALSE,TRUE,TRUE,0.960721263042795,0.907216968747884
145,1633000,"2021-03-16",347,0.958563535911602,1.0221147095632,2021,3,16,"Spring",0.938257252761721,0.828373291058776,0.37269139289856,9.5367431640625e-07,9,20,12,FALSE,TRUE,TRUE,0.960721263042795,0.907216968747884
145,1633000,"2021-03-17",333,0.959654178674352,1.0011377887035,2021,3,17,"Spring",0.938257252761721,0.828373291058776,0.37269139289856,9.5367431640625e-07,9,20,12,FALSE,TRUE,TRUE,0.960721263042795,0.907216968747884
145,1633000,"2021-03-18",341,1.02402402402402,1.0670760850941,2021,3,18,"Spring",0.938257252761721,0.828373291058776,0.37269139289856,9.5367431640625e-07,9,20,12,FALSE,TRUE,TRUE,0.960721263042795,0.907216968747884
145,1633000,"2021-03-19",359,1.05278592375367,1.02808713375358,2021,3,19,"Spring",0.938257252761721,0.828373291058776,0.37269139289856,9.5367431640625e-07,9,20,12,FALSE,TRUE,TRUE,0.960721263042795,0.907216968747884
145,1633000,"2021-03-20",322,0.896935933147632,0.851964215051094,2021,3,20,"Spring",0.938257252761721,0.828373291058776,0.37269139289856,9.5367431640625e-07,9,20,12,FALSE,TRUE,TRUE,0.960721263042795,0.907216968747884
145,1633000,"2021-03-21",296,0.919254658385093,1.02488329925543,2021,3,21,"Spring",0.938257252761721,0.828373291058776,0.37269139289856,9.5367431640625e-07,9,20,12,FALSE,TRUE,TRUE,0.960721263042795,0.907216968747884
145,1633000,"2021-03-22",281,0.949324324324324,1.03271092037984,2021,3,22,"Spring",0.938257252761721,0.828373291058776,0.37269139289856,9.5367431640625e-07,9,20,12,FALSE,TRUE,TRUE,0.960721263042795,0.907216968747884
147,1633000,"2021-10-15",139,0.958620689655172,0.998287752675386,2021,10,15,"Fall",0.972302502652339,0.960675627361179,0.350201368331909,0.0175306797027588,2,12,11,FALSE,TRUE,TRUE,0.967717035933123,0.984445546473602
147,1633000,"2021-10-16",138,0.992805755395683,1.03566068008902,2021,10,16,"Fall",0.972302502652339,0.960675627361179,0.350201368331909,0.0175306797027588,2,12,11,FALSE,TRUE,TRUE,0.967717035933123,0.984445546473602
147,1633000,"2021-10-17",134,0.971014492753623,0.978050829657635,2021,10,17,"Fall",0.972302502652339,0.960675627361179,0.350201368331909,0.0175306797027588,2,12,11,FALSE,TRUE,TRUE,0.967717035933123,0.984445546473602
147,1633000,"2021-10-18",126,0.940298507462687,0.968367119625752,2021,10,18,"Fall",0.972302502652339,0.960675627361179,0.350201368331909,0.0175306797027588,2,12,11,FALSE,TRUE,TRUE,0.967717035933123,0.984445546473602
147,1633000,"2021-10-19",121,0.96031746031746,1.02128999748047,2021,10,19,"Fall",0.972302502652339,0.960675627361179,0.350201368331909,0.0175306797027588,2,12,11,FALSE,TRUE,TRUE,0.967717035933123,0.984445546473602
147,1633000,"2021-10-20",117,0.966942148760331,1.00689843589919,2021,10,20,"Fall",0.972302502652339,0.960675627361179,0.350201368331909,0.0175306797027588,2,12,11,FALSE,TRUE,TRUE,0.967717035933123,0.984445546473602
147,1633000,"2021-10-21",113,0.965811965811966,0.998831178318358,2021,10,21,"Fall",0.972302502652339,0.960675627361179,0.350201368331909,0.0175306797027588,2,12,11,FALSE,TRUE,TRUE,0.967717035933123,0.984445546473602
147,1633000,"2021-10-22",111,0.982300884955752,1.01707259769755,2021,10,22,"Fall",0.972302502652339,0.960675627361179,0.350201368331909,0.0175306797027588,2,12,11,FALSE,TRUE,TRUE,0.967717035933123,0.984445546473602
147,1633000,"2021-10-23",108,0.972972972972973,0.990504017531045,2021,10,23,"Fall",0.972302502652339,0.960675627361179,0.350201368331909,0.0175306797027588,2,12,11,FALSE,TRUE,TRUE,0.967717035933123,0.984445546473602
147,1633000,"2021-10-24",105,0.972222222222222,0.999228395061728,2021,10,24,"Fall",0.972302502652339,0.960675627361179,0.350201368331909,0.0175306797027588,2,12,11,FALSE,TRUE,TRUE,0.967717035933123,0.984445546473602
147,1633000,"2021-10-25",102,0.971428571428571,0.999183673469388,2021,10,25,"Fall",0.972302502652339,0.960675627361179,0.350201368331909,0.0175306797027588,2,12,11,FALSE,TRUE,TRUE,0.967717035933123,0.984445546473602
148,1633000,"2021-12-04",113,0.974137931034483,1.03292211652794,2021,12,4,"Winter",0.970534349904217,0.929065951459308,0.387514352798462,3.57627868652344e-07,17,41,25,FALSE,TRUE,TRUE,0.981690283769812,0.984561342169076
148,1633000,"2021-12-05",111,0.982300884955752,1.0083796695121,2021,12,5,"Winter",0.970534349904217,0.929065951459308,0.387514352798462,3.57627868652344e-07,17,41,25,FALSE,TRUE,TRUE,0.981690283769812,0.984561342169076
148,1633000,"2021-12-06",109,0.981981981981982,0.999675351026702,2021,12,6,"Winter",0.970534349904217,0.929065951459308,0.387514352798462,3.57627868652344e-07,17,41,25,FALSE,TRUE,TRUE,0.981690283769812,0.984561342169076
148,1633000,"2021-12-07",103,0.944954128440367,0.962292736301658,2021,12,7,"Winter",0.970534349904217,0.929065951459308,0.387514352798462,3.57627868652344e-07,17,41,25,FALSE,TRUE,TRUE,0.981690283769812,0.984561342169076
148,1633000,"2021-12-08",101,0.980582524271845,1.03770383636535,2021,12,8,"Winter",0.970534349904217,0.929065951459308,0.387514352798462,3.57627868652344e-07,17,41,25,FALSE,TRUE,TRUE,0.981690283769812,0.984561342169076
148,1633000,"2021-12-09",98.5,0.975247524752475,0.994559356925792,2021,12,9,"Winter",0.970534349904217,0.929065951459308,0.387514352798462,3.57627868652344e-07,17,41,25,FALSE,TRUE,TRUE,0.981690283769812,0.984561342169076
148,1633000,"2021-12-10",97.6,0.990862944162436,1.01601174985184,2021,12,10,"Winter",0.970534349904217,0.929065951459308,0.387514352798462,3.57627868652344e-07,17,41,25,FALSE,TRUE,TRUE,0.981690283769812,0.984561342169076
148,1633000,"2021-12-11",97.9,1.0030737704918,1.01232342616232,2021,12,11,"Winter",0.970534349904217,0.929065951459308,0.387514352798462,3.57627868652344e-07,17,41,25,FALSE,TRUE,TRUE,0.981690283769812,0.984561342169076
148,1633000,"2021-12-12",93.4,0.954034729315628,0.951111231677276,2021,12,12,"Winter",0.970534349904217,0.929065951459308,0.387514352798462,3.57627868652344e-07,17,41,25,FALSE,TRUE,TRUE,0.981690283769812,0.984561342169076
148,1633000,"2021-12-13",91.2,0.97644539614561,1.02349040987854,2021,12,13,"Winter",0.970534349904217,0.929065951459308,0.387514352798462,3.57627868652344e-07,17,41,25,FALSE,TRUE,TRUE,0.981690283769812,0.984561342169076
148,1633000,"2021-12-14",88.2,0.967105263157895,0.990434556786704,2021,12,14,"Winter",0.970534349904217,0.929065951459308,0.387514352798462,3.57627868652344e-07,17,41,25,FALSE,TRUE,TRUE,0.981690283769812,0.984561342169076
148,1633000,"2021-12-15",88.5,1.00340136054422,1.03753065852191,2021,12,15,"Winter",0.970534349904217,0.929065951459308,0.387514352798462,3.57627868652344e-07,17,41,25,FALSE,TRUE,TRUE,0.981690283769812,0.984561342169076
148,1633000,"2021-12-16",85.8,0.969491525423729,0.96620511347314,2021,12,16,"Winter",0.970534349904217,0.929065951459308,0.387514352798462,3.57627868652344e-07,17,41,25,FALSE,TRUE,TRUE,0.981690283769812,0.984561342169076
148,1633000,"2021-12-17",86.2,1.004662004662,1.03627724257095,2021,12,17,"Winter",0.970534349904217,0.929065951459308,0.387514352798462,3.57627868652344e-07,17,41,25,FALSE,TRUE,TRUE,0.981690283769812,0.984561342169076
148,1633000,"2021-12-18",85,0.986078886310905,0.981503114216655,2021,12,18,"Winter",0.970534349904217,0.929065951459308,0.387514352798462,3.57627868652344e-07,17,41,25,FALSE,TRUE,TRUE,0.981690283769812,0.984561342169076
148,1633000,"2021-12-19",83.9,0.987058823529412,1.0009937716263,2021,12,19,"Winter",0.970534349904217,0.929065951459308,0.387514352798462,3.57627868652344e-07,17,41,25,FALSE,TRUE,TRUE,0.981690283769812,0.984561342169076
148,1633000,"2021-12-20",81.1,0.966626936829559,0.979300233975119,2021,12,20,"Winter",0.970534349904217,0.929065951459308,0.387514352798462,3.57627868652344e-07,17,41,25,FALSE,TRUE,TRUE,0.981690283769812,0.984561342169076
148,1633000,"2021-12-21",80.3,0.990135635018496,1.02432034251605,2021,12,21,"Winter",0.970534349904217,0.929065951459308,0.387514352798462,3.57627868652344e-07,17,41,25,FALSE,TRUE,TRUE,0.981690283769812,0.984561342169076
148,1633000,"2021-12-22",78.7,0.980074719800747,0.989838851504864,2021,12,22,"Winter",0.970534349904217,0.929065951459308,0.387514352798462,3.57627868652344e-07,17,41,25,FALSE,TRUE,TRUE,0.981690283769812,0.984561342169076
148,1633000,"2021-12-23",77.1,0.979669631512071,0.999586676117145,2021,12,23,"Winter",0.970534349904217,0.929065951459308,0.387514352798462,3.57627868652344e-07,17,41,25,FALSE,TRUE,TRUE,0.981690283769812,0.984561342169076
148,1633000,"2021-12-24",75.6,0.980544747081712,1.00089327620403,2021,12,24,"Winter",0.970534349904217,0.929065951459308,0.387514352798462,3.57627868652344e-07,17,41,25,FALSE,TRUE,TRUE,0.981690283769812,0.984561342169076
148,1633000,"2021-12-25",75,0.992063492063492,1.0117472915092,2021,12,25,"Winter",0.970534349904217,0.929065951459308,0.387514352798462,3.57627868652344e-07,17,41,25,FALSE,TRUE,TRUE,0.981690283769812,0.984561342169076
148,1633000,"2021-12-26",75.2,1.00266666666667,1.010688,2021,12,26,"Winter",0.970534349904217,0.929065951459308,0.387514352798462,3.57627868652344e-07,17,41,25,FALSE,TRUE,TRUE,0.981690283769812,0.984561342169076
148,1633000,"2021-12-27",72.4,0.962765957446809,0.960205409687642,2021,12,27,"Winter",0.970534349904217,0.929065951459308,0.387514352798462,3.57627868652344e-07,17,41,25,FALSE,TRUE,TRUE,0.981690283769812,0.984561342169076
148,1633000,"2021-12-28",71.3,0.984806629834254,1.02289307408199,2021,12,28,"Winter",0.970534349904217,0.929065951459308,0.387514352798462,3.57627868652344e-07,17,41,25,FALSE,TRUE,TRUE,0.981690283769812,0.984561342169076
149,1633000,"2022-08-14",96.1,0.906603773584906,1.02634389462442,2022,8,14,"Summer",0.971344580745035,0.971901671592359,0.414891004562378,0.194595098495483,2,22,21,FALSE,TRUE,TRUE,0.967304252913959,0.884822968876746
149,1633000,"2022-08-15",102,1.06139438085328,1.17073677804836,2022,8,15,"Summer",0.971344580745035,0.971901671592359,0.414891004562378,0.194595098495483,2,22,21,FALSE,TRUE,TRUE,0.967304252913959,0.884822968876746
149,1633000,"2022-08-16",126,1.23529411764706,1.16384083044983,2022,8,16,"Summer",0.971344580745035,0.971901671592359,0.414891004562378,0.194595098495483,2,22,21,FALSE,TRUE,TRUE,0.967304252913959,0.884822968876746
149,1633000,"2022-08-17",110,0.873015873015873,0.706727135298564,2022,8,17,"Summer",0.971344580745035,0.971901671592359,0.414891004562378,0.194595098495483,2,22,21,FALSE,TRUE,TRUE,0.967304252913959,0.884822968876746
149,1633000,"2022-08-18",97.6,0.887272727272727,1.0163305785124,2022,8,18,"Summer",0.971344580745035,0.971901671592359,0.414891004562378,0.194595098495483,2,22,21,FALSE,TRUE,TRUE,0.967304252913959,0.884822968876746
149,1633000,"2022-08-19",87.7,0.898565573770492,1.01272759338887,2022,8,19,"Summer",0.971344580745035,0.971901671592359,0.414891004562378,0.194595098495483,2,22,21,FALSE,TRUE,TRUE,0.967304252913959,0.884822968876746
149,1633000,"2022-08-20",85.9,0.979475484606613,1.09004341274351,2022,8,20,"Summer",0.971344580745035,0.971901671592359,0.414891004562378,0.194595098495483,2,22,21,FALSE,TRUE,TRUE,0.967304252913959,0.884822968876746
149,1633000,"2022-08-21",79.8,0.928987194412107,0.94845374796207,2022,8,21,"Summer",0.971344580745035,0.971901671592359,0.414891004562378,0.194595098495483,2,22,21,FALSE,TRUE,TRUE,0.967304252913959,0.884822968876746
149,1633000,"2022-08-22",79.6,0.99749373433584,1.07374325538156,2022,8,22,"Summer",0.971344580745035,0.971901671592359,0.414891004562378,0.194595098495483,2,22,21,FALSE,TRUE,TRUE,0.967304252913959,0.884822968876746
149,1633000,"2022-08-23",79.4,0.99748743718593,0.999993687028106,2022,8,23,"Summer",0.971344580745035,0.971901671592359,0.414891004562378,0.194595098495483,2,22,21,FALSE,TRUE,TRUE,0.967304252913959,0.884822968876746
149,1633000,"2022-08-24",76.9,0.968513853904282,0.970953435400263,2022,8,24,"Summer",0.971344580745035,0.971901671592359,0.414891004562378,0.194595098495483,2,22,21,FALSE,TRUE,TRUE,0.967304252913959,0.884822968876746
149,1633000,"2022-08-25",71.5,0.929778933680104,0.96000581708973,2022,8,25,"Summer",0.971344580745035,0.971901671592359,0.414891004562378,0.194595098495483,2,22,21,FALSE,TRUE,TRUE,0.967304252913959,0.884822968876746
149,1633000,"2022-08-26",68.1,0.952447552447552,1.02438065431072,2022,8,26,"Summer",0.971344580745035,0.971901671592359,0.414891004562378,0.194595098495483,2,22,21,FALSE,TRUE,TRUE,0.967304252913959,0.884822968876746
149,1633000,"2022-08-27",66.9,0.982378854625551,1.03142566968762,2022,8,27,"Summer",0.971344580745035,0.971901671592359,0.414891004562378,0.194595098495483,2,22,21,FALSE,TRUE,TRUE,0.967304252913959,0.884822968876746
149,1633000,"2022-08-28",63.4,0.947683109118087,0.96468190928164,2022,8,28,"Summer",0.971344580745035,0.971901671592359,0.414891004562378,0.194595098495483,2,22,21,FALSE,TRUE,TRUE,0.967304252913959,0.884822968876746
149,1633000,"2022-08-29",64,1.00946372239748,1.06519121495885,2022,8,29,"Summer",0.971344580745035,0.971901671592359,0.414891004562378,0.194595098495483,2,22,21,FALSE,TRUE,TRUE,0.967304252913959,0.884822968876746
149,1633000,"2022-08-30",63.5,0.9921875,0.9828857421875,2022,8,30,"Summer",0.971344580745035,0.971901671592359,0.414891004562378,0.194595098495483,2,22,21,FALSE,TRUE,TRUE,0.967304252913959,0.884822968876746
149,1633000,"2022-08-31",66.7,1.0503937007874,1.05866451732903,2022,8,31,"Summer",0.971344580745035,0.971901671592359,0.414891004562378,0.194595098495483,2,22,21,FALSE,TRUE,TRUE,0.967304252913959,0.884822968876746
149,1633000,"2022-09-01",61.9,0.928035982008995,0.883512516605266,2022,9,1,"Fall",0.971344580745035,0.971901671592359,0.414891004562378,0.194595098495483,2,22,21,FALSE,TRUE,TRUE,0.967304252913959,0.884822968876746
149,1633000,"2022-09-02",58.8,0.949919224555735,1.02358016603986,2022,9,2,"Fall",0.971344580745035,0.971901671592359,0.414891004562378,0.194595098495483,2,22,21,FALSE,TRUE,TRUE,0.967304252913959,0.884822968876746
149,1633000,"2022-09-03",57.5,0.977891156462585,1.02944664260262,2022,9,3,"Fall",0.971344580745035,0.971901671592359,0.414891004562378,0.194595098495483,2,22,21,FALSE,TRUE,TRUE,0.967304252913959,0.884822968876746
151,1633000,"2023-03-29",327,0.934285714285714,1.02504489795918,2023,3,29,"Spring",0.958385286391604,0.988427954910891,0.432450294494629,0.432450294494629,1,30,30,FALSE,TRUE,TRUE,0.958054447810037,0.984489864577307
151,1633000,"2023-03-30",300,0.917431192660551,0.98195999214432,2023,3,30,"Spring",0.958385286391604,0.988427954910891,0.432450294494629,0.432450294494629,1,30,30,FALSE,TRUE,TRUE,0.958054447810037,0.984489864577307
151,1633000,"2023-03-31",277,0.923333333333333,1.00643333333333,2023,3,31,"Spring",0.958385286391604,0.988427954910891,0.432450294494629,0.432450294494629,1,30,30,FALSE,TRUE,TRUE,0.958054447810037,0.984489864577307
151,1633000,"2023-04-01",283,1.02166064981949,1.10649167850487,2023,4,1,"Spring",0.958385286391604,0.988427954910891,0.432450294494629,0.432450294494629,1,30,30,FALSE,TRUE,TRUE,0.958054447810037,0.984489864577307
151,1633000,"2023-04-02",287,1.01413427561837,0.992633195569928,2023,4,2,"Spring",0.958385286391604,0.988427954910891,0.432450294494629,0.432450294494629,1,30,30,FALSE,TRUE,TRUE,0.958054447810037,0.984489864577307
151,1633000,"2023-04-03",261,0.909407665505226,0.896732994208986,2023,4,3,"Spring",0.958385286391604,0.988427954910891,0.432450294494629,0.432450294494629,1,30,30,FALSE,TRUE,TRUE,0.958054447810037,0.984489864577307
151,1633000,"2023-04-04",241,0.923371647509579,1.01535503002011,2023,4,4,"Spring",0.958385286391604,0.988427954910891,0.432450294494629,0.432450294494629,1,30,30,FALSE,TRUE,TRUE,0.958054447810037,0.984489864577307
151,1633000,"2023-04-05",234,0.970954356846473,1.05153148189597,2023,4,5,"Spring",0.958385286391604,0.988427954910891,0.432450294494629,0.432450294494629,1,30,30,FALSE,TRUE,TRUE,0.958054447810037,0.984489864577307
151,1633000,"2023-04-06",222,0.948717948717949,0.977098400175323,2023,4,6,"Spring",0.958385286391604,0.988427954910891,0.432450294494629,0.432450294494629,1,30,30,FALSE,TRUE,TRUE,0.958054447810037,0.984489864577307
151,1633000,"2023-04-07",213,0.959459459459459,1.01132213294375,2023,4,7,"Spring",0.958385286391604,0.988427954910891,0.432450294494629,0.432450294494629,1,30,30,FALSE,TRUE,TRUE,0.958054447810037,0.984489864577307
151,1633000,"2023-04-08",202,0.948356807511737,0.988428221913642,2023,4,8,"Spring",0.958385286391604,0.988427954910891,0.432450294494629,0.432450294494629,1,30,30,FALSE,TRUE,TRUE,0.958054447810037,0.984489864577307
151,1633000,"2023-04-09",188,0.930693069306931,0.981374375061269,2023,4,9,"Spring",0.958385286391604,0.988427954910891,0.432450294494629,0.432450294494629,1,30,30,FALSE,TRUE,TRUE,0.958054447810037,0.984489864577307
151,1633000,"2023-04-10",177,0.941489361702128,1.01160027161612,2023,4,10,"Spring",0.958385286391604,0.988427954910891,0.432450294494629,0.432450294494629,1,30,30,FALSE,TRUE,TRUE,0.958054447810037,0.984489864577307
151,1633000,"2023-04-11",167,0.943502824858757,1.00213859363529,2023,4,11,"Spring",0.958385286391604,0.988427954910891,0.432450294494629,0.432450294494629,1,30,30,FALSE,TRUE,TRUE,0.958054447810037,0.984489864577307
151,1633000,"2023-04-12",160,0.958083832335329,1.01545412169673,2023,4,12,"Spring",0.958385286391604,0.988427954910891,0.432450294494629,0.432450294494629,1,30,30,FALSE,TRUE,TRUE,0.958054447810037,0.984489864577307
151,1633000,"2023-04-13",151,0.94375,0.9850390625,2023,4,13,"Spring",0.958385286391604,0.988427954910891,0.432450294494629,0.432450294494629,1,30,30,FALSE,TRUE,TRUE,0.958054447810037,0.984489864577307
151,1633000,"2023-04-14",147,0.973509933774834,1.03153370466208,2023,4,14,"Spring",0.958385286391604,0.988427954910891,0.432450294494629,0.432450294494629,1,30,30,FALSE,TRUE,TRUE,0.958054447810037,0.984489864577307
151,1633000,"2023-04-15",144,0.979591836734694,1.00624739691795,2023,4,15,"Spring",0.958385286391604,0.988427954910891,0.432450294494629,0.432450294494629,1,30,30,FALSE,TRUE,TRUE,0.958054447810037,0.984489864577307
151,1633000,"2023-04-16",144,1,1.02083333333333,2023,4,16,"Spring",0.958385286391604,0.988427954910891,0.432450294494629,0.432450294494629,1,30,30,FALSE,TRUE,TRUE,0.958054447810037,0.984489864577307
151,1633000,"2023-04-17",143,0.993055555555556,0.993055555555556,2023,4,17,"Spring",0.958385286391604,0.988427954910891,0.432450294494629,0.432450294494629,1,30,30,FALSE,TRUE,TRUE,0.958054447810037,0.984489864577307
151,1633000,"2023-04-18",137,0.958041958041958,0.964741552154139,2023,4,18,"Spring",0.958385286391604,0.988427954910891,0.432450294494629,0.432450294494629,1,30,30,FALSE,TRUE,TRUE,0.958054447810037,0.984489864577307
151,1633000,"2023-04-19",129,0.941605839416058,0.982844051361287,2023,4,19,"Spring",0.958385286391604,0.988427954910891,0.432450294494629,0.432450294494629,1,30,30,FALSE,TRUE,TRUE,0.958054447810037,0.984489864577307
151,1633000,"2023-04-20",119,0.922480620155039,0.97968872062977,2023,4,20,"Spring",0.958385286391604,0.988427954910891,0.432450294494629,0.432450294494629,1,30,30,FALSE,TRUE,TRUE,0.958054447810037,0.984489864577307
151,1633000,"2023-04-21",108,0.907563025210084,0.983828825647906,2023,4,21,"Spring",0.958385286391604,0.988427954910891,0.432450294494629,0.432450294494629,1,30,30,FALSE,TRUE,TRUE,0.958054447810037,0.984489864577307
151,1633000,"2023-04-22",106,0.981481481481482,1.08144718792867,2023,4,22,"Spring",0.958385286391604,0.988427954910891,0.432450294494629,0.432450294494629,1,30,30,FALSE,TRUE,TRUE,0.958054447810037,0.984489864577307
151,1633000,"2023-04-23",117,1.10377358490566,1.12459950160199,2023,4,23,"Spring",0.958385286391604,0.988427954910891,0.432450294494629,0.432450294494629,1,30,30,FALSE,TRUE,TRUE,0.958054447810037,0.984489864577307
151,1633000,"2023-04-24",108,0.923076923076923,0.83629191321499,2023,4,24,"Spring",0.958385286391604,0.988427954910891,0.432450294494629,0.432450294494629,1,30,30,FALSE,TRUE,TRUE,0.958054447810037,0.984489864577307
151,1633000,"2023-04-25",102,0.944444444444444,1.02314814814815,2023,4,25,"Spring",0.958385286391604,0.988427954910891,0.432450294494629,0.432450294494629,1,30,30,FALSE,TRUE,TRUE,0.958054447810037,0.984489864577307
151,1633000,"2023-04-26",96.5,0.946078431372549,1.00173010380623,2023,4,26,"Spring",0.958385286391604,0.988427954910891,0.432450294494629,0.432450294494629,1,30,30,FALSE,TRUE,TRUE,0.958054447810037,0.984489864577307
151,1633000,"2023-04-27",92.1,0.95440414507772,1.00880023624795,2023,4,27,"Spring",0.958385286391604,0.988427954910891,0.432450294494629,0.432450294494629,1,30,30,FALSE,TRUE,TRUE,0.958054447810037,0.984489864577307
152,1633000,"2023-06-03",62.6,0.92603550295858,1.00959787822555,2023,6,3,"Summer",0.96607410775084,0.914451189690651,0.511220335960388,0.00783956050872803,3,16,14,FALSE,TRUE,TRUE,0.961132573547387,0.968041884298496
152,1633000,"2023-06-04",61.3,0.979233226837061,1.05744674335759,2023,6,4,"Summer",0.96607410775084,0.914451189690651,0.511220335960388,0.00783956050872803,3,16,14,FALSE,TRUE,TRUE,0.961132573547387,0.968041884298496
152,1633000,"2023-06-05",63.5,1.03588907014682,1.05785735385303,2023,6,5,"Summer",0.96607410775084,0.914451189690651,0.511220335960388,0.00783956050872803,3,16,14,FALSE,TRUE,TRUE,0.961132573547387,0.968041884298496
152,1633000,"2023-06-06",59,0.929133858267717,0.896943393886788,2023,6,6,"Summer",0.96607410775084,0.914451189690651,0.511220335960388,0.00783956050872803,3,16,14,FALSE,TRUE,TRUE,0.961132573547387,0.968041884298496
152,1633000,"2023-06-07",54.2,0.91864406779661,0.988710140764148,2023,6,7,"Summer",0.96607410775084,0.914451189690651,0.511220335960388,0.00783956050872803,3,16,14,FALSE,TRUE,TRUE,0.961132573547387,0.968041884298496
152,1633000,"2023-06-08",51.5,0.950184501845018,1.03433368282022,2023,6,8,"Summer",0.96607410775084,0.914451189690651,0.511220335960388,0.00783956050872803,3,16,14,FALSE,TRUE,TRUE,0.961132573547387,0.968041884298496
152,1633000,"2023-06-09",49.1,0.953398058252427,1.00338203412197,2023,6,9,"Summer",0.96607410775084,0.914451189690651,0.511220335960388,0.00783956050872803,3,16,14,FALSE,TRUE,TRUE,0.961132573547387,0.968041884298496
152,1633000,"2023-06-10",47.8,0.973523421588595,1.02110908781696,2023,6,10,"Summer",0.96607410775084,0.914451189690651,0.511220335960388,0.00783956050872803,3,16,14,FALSE,TRUE,TRUE,0.961132573547387,0.968041884298496
152,1633000,"2023-06-11",47.5,0.993723849372385,1.02074981180301,2023,6,11,"Summer",0.96607410775084,0.914451189690651,0.511220335960388,0.00783956050872803,3,16,14,FALSE,TRUE,TRUE,0.961132573547387,0.968041884298496
152,1633000,"2023-06-12",46.1,0.970526315789474,0.97665595567867,2023,6,12,"Summer",0.96607410775084,0.914451189690651,0.511220335960388,0.00783956050872803,3,16,14,FALSE,TRUE,TRUE,0.961132573547387,0.968041884298496
152,1633000,"2023-06-13",45,0.976138828633406,1.00578295791945,2023,6,13,"Summer",0.96607410775084,0.914451189690651,0.511220335960388,0.00783956050872803,3,16,14,FALSE,TRUE,TRUE,0.961132573547387,0.968041884298496
152,1633000,"2023-06-14",41.7,0.926666666666667,0.949318518518519,2023,6,14,"Summer",0.96607410775084,0.914451189690651,0.511220335960388,0.00783956050872803,3,16,14,FALSE,TRUE,TRUE,0.961132573547387,0.968041884298496
152,1633000,"2023-06-15",38.7,0.928057553956835,1.00150095750738,2023,6,15,"Summer",0.96607410775084,0.914451189690651,0.511220335960388,0.00783956050872803,3,16,14,FALSE,TRUE,TRUE,0.961132573547387,0.968041884298496
152,1633000,"2023-06-16",38.8,1.00258397932817,1.08030366764818,2023,6,16,"Summer",0.96607410775084,0.914451189690651,0.511220335960388,0.00783956050872803,3,16,14,FALSE,TRUE,TRUE,0.961132573547387,0.968041884298496
153,1633000,"2024-04-22",285,0.904761904761905,1.01103552532124,2024,4,22,"Spring",0.930619049573511,0.987679685762519,0.436274886131287,0.0214887857437134,4,14,11,FALSE,TRUE,TRUE,0.936094832448734,0.995628276386469
153,1633000,"2024-04-23",261,0.91578947368421,1.01218836565097,2024,4,23,"Spring",0.930619049573511,0.987679685762519,0.436274886131287,0.0214887857437134,4,14,11,FALSE,TRUE,TRUE,0.936094832448734,0.995628276386469
153,1633000,"2024-04-24",243,0.931034482758621,1.0166468489893,2024,4,24,"Spring",0.930619049573511,0.987679685762519,0.436274886131287,0.0214887857437134,4,14,11,FALSE,TRUE,TRUE,0.936094832448734,0.995628276386469
153,1633000,"2024-04-25",226,0.930041152263374,0.998933089468069,2024,4,25,"Spring",0.930619049573511,0.987679685762519,0.436274886131287,0.0214887857437134,4,14,11,FALSE,TRUE,TRUE,0.936094832448734,0.995628276386469
153,1633000,"2024-04-26",214,0.946902654867257,1.0181298457201,2024,4,26,"Spring",0.930619049573511,0.987679685762519,0.436274886131287,0.0214887857437134,4,14,11,FALSE,TRUE,TRUE,0.936094832448734,0.995628276386469
153,1633000,"2024-04-27",206,0.962616822429907,1.01659533583719,2024,4,27,"Spring",0.930619049573511,0.987679685762519,0.436274886131287,0.0214887857437134,4,14,11,FALSE,TRUE,TRUE,0.936094832448734,0.995628276386469
153,1633000,"2024-04-28",194,0.941747572815534,0.978320294089924,2024,4,28,"Spring",0.930619049573511,0.987679685762519,0.436274886131287,0.0214887857437134,4,14,11,FALSE,TRUE,TRUE,0.936094832448734,0.995628276386469
153,1633000,"2024-04-29",177,0.912371134020619,0.968806461898183,2024,4,29,"Spring",0.930619049573511,0.987679685762519,0.436274886131287,0.0214887857437134,4,14,11,FALSE,TRUE,TRUE,0.936094832448734,0.995628276386469
153,1633000,"2024-04-30",164,0.926553672316384,1.01554470299084,2024,4,30,"Spring",0.930619049573511,0.987679685762519,0.436274886131287,0.0214887857437134,4,14,11,FALSE,TRUE,TRUE,0.936094832448734,0.995628276386469
153,1633000,"2024-05-01",155,0.945121951219512,1.02004015466984,2024,5,1,"Spring",0.930619049573511,0.987679685762519,0.436274886131287,0.0214887857437134,4,14,11,FALSE,TRUE,TRUE,0.936094832448734,0.995628276386469
153,1633000,"2024-05-02",144,0.929032258064516,0.982976066597295,2024,5,2,"Spring",0.930619049573511,0.987679685762519,0.436274886131287,0.0214887857437134,4,14,11,FALSE,TRUE,TRUE,0.936094832448734,0.995628276386469
154,1633000,"2024-06-01",199,0.884444444444444,1.02202469135802,2024,6,1,"Summer",0.93345376063304,0.979817901890595,0.428177833557129,0.00472533702850342,6,28,23,FALSE,TRUE,TRUE,0.940318253034878,0.992163035740983
154,1633000,"2024-06-02",179,0.899497487437186,1.01701977222797,2024,6,2,"Summer",0.93345376063304,0.979817901890595,0.428177833557129,0.00472533702850342,6,28,23,FALSE,TRUE,TRUE,0.940318253034878,0.992163035740983
154,1633000,"2024-06-03",166,0.927374301675978,1.0309915420867,2024,6,3,"Summer",0.93345376063304,0.979817901890595,0.428177833557129,0.00472533702850342,6,28,23,FALSE,TRUE,TRUE,0.940318253034878,0.992163035740983
154,1633000,"2024-06-04",157,0.94578313253012,1.01985048628248,2024,6,4,"Summer",0.93345376063304,0.979817901890595,0.428177833557129,0.00472533702850342,6,28,23,FALSE,TRUE,TRUE,0.940318253034878,0.992163035740983
154,1633000,"2024-06-05",163,1.03821656050955,1.09773215951966,2024,6,5,"Summer",0.93345376063304,0.979817901890595,0.428177833557129,0.00472533702850342,6,28,23,FALSE,TRUE,TRUE,0.940318253034878,0.992163035740983
154,1633000,"2024-06-06",150,0.920245398773006,0.886371335014491,2024,6,6,"Summer",0.93345376063304,0.979817901890595,0.428177833557129,0.00472533702850342,6,28,23,FALSE,TRUE,TRUE,0.940318253034878,0.992163035740983
154,1633000,"2024-06-07",136,0.906666666666667,0.985244444444444,2024,6,7,"Summer",0.93345376063304,0.979817901890595,0.428177833557129,0.00472533702850342,6,28,23,FALSE,TRUE,TRUE,0.940318253034878,0.992163035740983
154,1633000,"2024-06-08",124,0.911764705882353,1.00562283737024,2024,6,8,"Summer",0.93345376063304,0.979817901890595,0.428177833557129,0.00472533702850342,6,28,23,FALSE,TRUE,TRUE,0.940318253034878,0.992163035740983
154,1633000,"2024-06-09",118,0.951612903225806,1.04370447450572,2024,6,9,"Summer",0.93345376063304,0.979817901890595,0.428177833557129,0.00472533702850342,6,28,23,FALSE,TRUE,TRUE,0.940318253034878,0.992163035740983
154,1633000,"2024-06-10",114,0.966101694915254,1.01522550991095,2024,6,10,"Summer",0.93345376063304,0.979817901890595,0.428177833557129,0.00472533702850342,6,28,23,FALSE,TRUE,TRUE,0.940318253034878,0.992163035740983
154,1633000,"2024-06-11",111,0.973684210526316,1.0078485687904,2024,6,11,"Summer",0.93345376063304,0.979817901890595,0.428177833557129,0.00472533702850342,6,28,23,FALSE,TRUE,TRUE,0.940318253034878,0.992163035740983
154,1633000,"2024-06-12",105,0.945945945945946,0.971512052593134,2024,6,12,"Summer",0.93345376063304,0.979817901890595,0.428177833557129,0.00472533702850342,6,28,23,FALSE,TRUE,TRUE,0.940318253034878,0.992163035740983
154,1633000,"2024-06-13",95.6,0.91047619047619,0.962503401360544,2024,6,13,"Summer",0.93345376063304,0.979817901890595,0.428177833557129,0.00472533702850342,6,28,23,FALSE,TRUE,TRUE,0.940318253034878,0.992163035740983
154,1633000,"2024-06-14",87.3,0.913179916317992,1.00296957336181,2024,6,14,"Summer",0.93345376063304,0.979817901890595,0.428177833557129,0.00472533702850342,6,28,23,FALSE,TRUE,TRUE,0.940318253034878,0.992163035740983
154,1633000,"2024-06-15",88.5,1.01374570446735,1.11012702573974,2024,6,15,"Summer",0.93345376063304,0.979817901890595,0.428177833557129,0.00472533702850342,6,28,23,FALSE,TRUE,TRUE,0.940318253034878,0.992163035740983
154,1633000,"2024-06-16",84.2,0.951412429378531,0.938511921861534,2024,6,16,"Summer",0.93345376063304,0.979817901890595,0.428177833557129,0.00472533702850342,6,28,23,FALSE,TRUE,TRUE,0.940318253034878,0.992163035740983
154,1633000,"2024-06-17",76.1,0.903800475059382,0.949956556327261,2024,6,17,"Summer",0.93345376063304,0.979817901890595,0.428177833557129,0.00472533702850342,6,28,23,FALSE,TRUE,TRUE,0.940318253034878,0.992163035740983
154,1633000,"2024-06-18",68.5,0.900131406044678,0.995940399329329,2024,6,18,"Summer",0.93345376063304,0.979817901890595,0.428177833557129,0.00472533702850342,6,28,23,FALSE,TRUE,TRUE,0.940318253034878,0.992163035740983
154,1633000,"2024-06-19",64.1,0.935766423357664,1.03958868346742,2024,6,19,"Summer",0.93345376063304,0.979817901890595,0.428177833557129,0.00472533702850342,6,28,23,FALSE,TRUE,TRUE,0.940318253034878,0.992163035740983
154,1633000,"2024-06-20",61.1,0.953198127925117,1.01862826463137,2024,6,20,"Summer",0.93345376063304,0.979817901890595,0.428177833557129,0.00472533702850342,6,28,23,FALSE,TRUE,TRUE,0.940318253034878,0.992163035740983
154,1633000,"2024-06-21",55,0.900163666121113,0.944361554801364,2024,6,21,"Summer",0.93345376063304,0.979817901890595,0.428177833557129,0.00472533702850342,6,28,23,FALSE,TRUE,TRUE,0.940318253034878,0.992163035740983
154,1633000,"2024-06-22",51.8,0.941818181818182,1.04627438016529,2024,6,22,"Summer",0.93345376063304,0.979817901890595,0.428177833557129,0.00472533702850342,6,28,23,FALSE,TRUE,TRUE,0.940318253034878,0.992163035740983
154,1633000,"2024-06-23",50.2,0.969111969111969,1.02897988998375,2024,6,23,"Summer",0.93345376063304,0.979817901890595,0.428177833557129,0.00472533702850342,6,28,23,FALSE,TRUE,TRUE,0.940318253034878,0.992163035740983
155,1633000,"2024-10-20",161,0.958333333333333,1.02108134920635,2024,10,20,"Fall",0.951538884484683,0.955832242008244,0.45067024230957,5.26905059814453e-05,12,23,12,FALSE,TRUE,TRUE,0.967214937442936,0.962186767489777
155,1633000,"2024-10-21",153,0.950310559006211,0.991628409397786,2024,10,21,"Fall",0.951538884484683,0.955832242008244,0.45067024230957,5.26905059814453e-05,12,23,12,FALSE,TRUE,TRUE,0.967214937442936,0.962186767489777
155,1633000,"2024-10-22",142,0.928104575163399,0.976632918962792,2024,10,22,"Fall",0.951538884484683,0.955832242008244,0.45067024230957,5.26905059814453e-05,12,23,12,FALSE,TRUE,TRUE,0.967214937442936,0.962186767489777
155,1633000,"2024-10-23",136,0.957746478873239,1.03193810751835,2024,10,23,"Fall",0.951538884484683,0.955832242008244,0.45067024230957,5.26905059814453e-05,12,23,12,FALSE,TRUE,TRUE,0.967214937442936,0.962186767489777
155,1633000,"2024-10-24",132,0.970588235294118,1.01340830449827,2024,10,24,"Fall",0.951538884484683,0.955832242008244,0.45067024230957,5.26905059814453e-05,12,23,12,FALSE,TRUE,TRUE,0.967214937442936,0.962186767489777
155,1633000,"2024-10-25",128,0.96969696969697,0.999081726354454,2024,10,25,"Fall",0.951538884484683,0.955832242008244,0.45067024230957,5.26905059814453e-05,12,23,12,FALSE,TRUE,TRUE,0.967214937442936,0.962186767489777
155,1633000,"2024-10-26",124,0.96875,0.9990234375,2024,10,26,"Fall",0.951538884484683,0.955832242008244,0.45067024230957,5.26905059814453e-05,12,23,12,FALSE,TRUE,TRUE,0.967214937442936,0.962186767489777
155,1633000,"2024-10-27",126,1.01612903225806,1.04890738813736,2024,10,27,"Fall",0.951538884484683,0.955832242008244,0.45067024230957,5.26905059814453e-05,12,23,12,FALSE,TRUE,TRUE,0.967214937442936,0.962186767489777
155,1633000,"2024-10-28",121,0.96031746031746,0.945074326026707,2024,10,28,"Fall",0.951538884484683,0.955832242008244,0.45067024230957,5.26905059814453e-05,12,23,12,FALSE,TRUE,TRUE,0.967214937442936,0.962186767489777
155,1633000,"2024-10-29",115,0.950413223140496,0.989686496823987,2024,10,29,"Fall",0.951538884484683,0.955832242008244,0.45067024230957,5.26905059814453e-05,12,23,12,FALSE,TRUE,TRUE,0.967214937442936,0.962186767489777
155,1633000,"2024-10-30",112,0.973913043478261,1.0247258979206,2024,10,30,"Fall",0.951538884484683,0.955832242008244,0.45067024230957,5.26905059814453e-05,12,23,12,FALSE,TRUE,TRUE,0.967214937442936,0.962186767489777
155,1633000,"2024-10-31",107,0.955357142857143,0.980947066326531,2024,10,31,"Fall",0.951538884484683,0.955832242008244,0.45067024230957,5.26905059814453e-05,12,23,12,FALSE,TRUE,TRUE,0.967214937442936,0.962186767489777
156,1633000,"2025-02-27",351,0.941018766756032,1.01165824522565,2025,2,27,"Winter",0.925592459012543,0.973452182571787,0.707114219665527,8.09431076049805e-05,9,14,6,FALSE,TRUE,TRUE,0.945485837036197,0.995654193131605
156,1633000,"2025-02-28",332,0.945868945868946,1.00515417894335,2025,2,28,"Winter",0.925592459012543,0.973452182571787,0.707114219665527,8.09431076049805e-05,9,14,6,FALSE,TRUE,TRUE,0.945485837036197,0.995654193131605
156,1633000,"2025-03-01",309,0.930722891566265,0.983987153433009,2025,3,1,"Spring",0.925592459012543,0.973452182571787,0.707114219665527,8.09431076049805e-05,9,14,6,FALSE,TRUE,TRUE,0.945485837036197,0.995654193131605
156,1633000,"2025-03-02",296,0.957928802588997,1.02923094647103,2025,3,2,"Spring",0.925592459012543,0.973452182571787,0.707114219665527,8.09431076049805e-05,9,14,6,FALSE,TRUE,TRUE,0.945485837036197,0.995654193131605
156,1633000,"2025-03-03",278,0.939189189189189,0.980437363038714,2025,3,3,"Spring",0.925592459012543,0.973452182571787,0.707114219665527,8.09431076049805e-05,9,14,6,FALSE,TRUE,TRUE,0.945485837036197,0.995654193131605
156,1633000,"2025-03-04",266,0.956834532374101,1.01878784741991,2025,3,4,"Spring",0.925592459012543,0.973452182571787,0.707114219665527,8.09431076049805e-05,9,14,6,FALSE,TRUE,TRUE,0.945485837036197,0.995654193131605
157,1633000,"2025-04-12",197,0.960975609756098,0.993789411064842,2025,4,12,"Spring",0.961267347804113,0.859130888944581,0.761873364448547,0.761873364448547,1,18,18,FALSE,TRUE,TRUE,0.969081061663233,0.700911559049666
157,1633000,"2025-04-13",182,0.923857868020305,0.961374938802855,2025,4,13,"Spring",0.961267347804113,0.859130888944581,0.761873364448547,0.761873364448547,1,18,18,FALSE,TRUE,TRUE,0.969081061663233,0.700911559049666
157,1633000,"2025-04-14",165,0.906593406593407,0.981312643400555,2025,4,14,"Spring",0.961267347804113,0.859130888944581,0.761873364448547,0.761873364448547,1,18,18,FALSE,TRUE,TRUE,0.969081061663233,0.700911559049666
157,1633000,"2025-04-15",167,1.01212121212121,1.11640036730946,2025,4,15,"Spring",0.961267347804113,0.859130888944581,0.761873364448547,0.761873364448547,1,18,18,FALSE,TRUE,TRUE,0.969081061663233,0.700911559049666
157,1633000,"2025-04-16",165,0.988023952095808,0.97619132991502,2025,4,16,"Spring",0.961267347804113,0.859130888944581,0.761873364448547,0.761873364448547,1,18,18,FALSE,TRUE,TRUE,0.969081061663233,0.700911559049666
157,1633000,"2025-04-17",153,0.927272727272727,0.938512396694215,2025,4,17,"Spring",0.961267347804113,0.859130888944581,0.761873364448547,0.761873364448547,1,18,18,FALSE,TRUE,TRUE,0.969081061663233,0.700911559049666
157,1633000,"2025-04-18",137,0.895424836601307,0.965654235550429,2025,4,18,"Spring",0.961267347804113,0.859130888944581,0.761873364448547,0.761873364448547,1,18,18,FALSE,TRUE,TRUE,0.969081061663233,0.700911559049666
157,1633000,"2025-04-19",123,0.897810218978102,1.00266396717992,2025,4,19,"Spring",0.961267347804113,0.859130888944581,0.761873364448547,0.761873364448547,1,18,18,FALSE,TRUE,TRUE,0.969081061663233,0.700911559049666
157,1633000,"2025-04-20",118,0.959349593495935,1.06854385617027,2025,4,20,"Spring",0.961267347804113,0.859130888944581,0.761873364448547,0.761873364448547,1,18,18,FALSE,TRUE,TRUE,0.969081061663233,0.700911559049666
157,1633000,"2025-04-21",114,0.966101694915254,1.00703820741166,2025,4,21,"Spring",0.961267347804113,0.859130888944581,0.761873364448547,0.761873364448547,1,18,18,FALSE,TRUE,TRUE,0.969081061663233,0.700911559049666
157,1633000,"2025-04-22",116,1.01754385964912,1.05324715297014,2025,4,22,"Spring",0.961267347804113,0.859130888944581,0.761873364448547,0.761873364448547,1,18,18,FALSE,TRUE,TRUE,0.969081061663233,0.700911559049666
157,1633000,"2025-04-23",113,0.974137931034483,0.957342449464923,2025,4,23,"Spring",0.961267347804113,0.859130888944581,0.761873364448547,0.761873364448547,1,18,18,FALSE,TRUE,TRUE,0.969081061663233,0.700911559049666
157,1633000,"2025-04-24",107,0.946902654867257,0.972041663403555,2025,4,24,"Spring",0.961267347804113,0.859130888944581,0.761873364448547,0.761873364448547,1,18,18,FALSE,TRUE,TRUE,0.969081061663233,0.700911559049666
157,1633000,"2025-04-25",103,0.962616822429907,1.01659533583719,2025,4,25,"Spring",0.961267347804113,0.859130888944581,0.761873364448547,0.761873364448547,1,18,18,FALSE,TRUE,TRUE,0.969081061663233,0.700911559049666
157,1633000,"2025-04-26",125,1.21359223300971,1.2607220284664,2025,4,26,"Spring",0.961267347804113,0.859130888944581,0.761873364448547,0.761873364448547,1,18,18,FALSE,TRUE,TRUE,0.969081061663233,0.700911559049666
157,1633000,"2025-04-27",134,1.072,0.883328,2025,4,27,"Spring",0.961267347804113,0.859130888944581,0.761873364448547,0.761873364448547,1,18,18,FALSE,TRUE,TRUE,0.969081061663233,0.700911559049666
157,1633000,"2025-04-28",120,0.895522388059702,0.83537536199599,2025,4,28,"Spring",0.961267347804113,0.859130888944581,0.761873364448547,0.761873364448547,1,18,18,FALSE,TRUE,TRUE,0.969081061663233,0.700911559049666
157,1633000,"2025-04-29",107,0.891666666666667,0.995694444444444,2025,4,29,"Spring",0.961267347804113,0.859130888944581,0.761873364448547,0.761873364448547,1,18,18,FALSE,TRUE,TRUE,0.969081061663233,0.700911559049666
158,1633000,"2025-08-09",238,0.937007874015748,1.03292206584413,2025,8,9,"Summer",0.95168722675568,0.976406212045368,0.428480386734009,0.108161330223083,3,17,15,FALSE,TRUE,TRUE,0.953843809036934,0.936827846064395
158,1633000,"2025-08-10",221,0.928571428571429,0.990996398559424,2025,8,10,"Summer",0.95168722675568,0.976406212045368,0.428480386734009,0.108161330223083,3,17,15,FALSE,TRUE,TRUE,0.953843809036934,0.936827846064395
158,1633000,"2025-08-11",202,0.914027149321267,0.984336930038287,2025,8,11,"Summer",0.95168722675568,0.976406212045368,0.428480386734009,0.108161330223083,3,17,15,FALSE,TRUE,TRUE,0.953843809036934,0.936827846064395
158,1633000,"2025-08-12",186,0.920792079207921,1.00740123517302,2025,8,12,"Summer",0.95168722675568,0.976406212045368,0.428480386734009,0.108161330223083,3,17,15,FALSE,TRUE,TRUE,0.953843809036934,0.936827846064395
158,1633000,"2025-08-13",182,0.978494623655914,1.06266620418545,2025,8,13,"Summer",0.95168722675568,0.976406212045368,0.428480386734009,0.108161330223083,3,17,15,FALSE,TRUE,TRUE,0.953843809036934,0.936827846064395
158,1633000,"2025-08-14",214,1.17582417582418,1.20166646540273,2025,8,14,"Summer",0.95168722675568,0.976406212045368,0.428480386734009,0.108161330223083,3,17,15,FALSE,TRUE,TRUE,0.953843809036934,0.936827846064395
158,1633000,"2025-08-15",187,0.873831775700935,0.743165341951262,2025,8,15,"Summer",0.95168722675568,0.976406212045368,0.428480386734009,0.108161330223083,3,17,15,FALSE,TRUE,TRUE,0.953843809036934,0.936827846064395
158,1633000,"2025-08-16",168,0.898395721925134,1.02811061225657,2025,8,16,"Summer",0.95168722675568,0.976406212045368,0.428480386734009,0.108161330223083,3,17,15,FALSE,TRUE,TRUE,0.953843809036934,0.936827846064395
158,1633000,"2025-08-17",157,0.93452380952381,1.04021400226757,2025,8,17,"Summer",0.95168722675568,0.976406212045368,0.428480386734009,0.108161330223083,3,17,15,FALSE,TRUE,TRUE,0.953843809036934,0.936827846064395
158,1633000,"2025-08-18",148,0.942675159235669,1.00872246338594,2025,8,18,"Summer",0.95168722675568,0.976406212045368,0.428480386734009,0.108161330223083,3,17,15,FALSE,TRUE,TRUE,0.953843809036934,0.936827846064395
158,1633000,"2025-08-19",143,0.966216216216216,1.02497260774288,2025,8,19,"Summer",0.95168722675568,0.976406212045368,0.428480386734009,0.108161330223083,3,17,15,FALSE,TRUE,TRUE,0.953843809036934,0.936827846064395
158,1633000,"2025-08-20",139,0.972027972027972,1.00601496405692,2025,8,20,"Summer",0.95168722675568,0.976406212045368,0.428480386734009,0.108161330223083,3,17,15,FALSE,TRUE,TRUE,0.953843809036934,0.936827846064395
158,1633000,"2025-08-21",134,0.964028776978417,0.991770612287149,2025,8,21,"Summer",0.95168722675568,0.976406212045368,0.428480386734009,0.108161330223083,3,17,15,FALSE,TRUE,TRUE,0.953843809036934,0.936827846064395
158,1633000,"2025-08-22",124,0.925373134328358,0.959901982624192,2025,8,22,"Summer",0.95168722675568,0.976406212045368,0.428480386734009,0.108161330223083,3,17,15,FALSE,TRUE,TRUE,0.953843809036934,0.936827846064395
158,1633000,"2025-08-23",118,0.951612903225806,1.0283558792924,2025,8,23,"Summer",0.95168722675568,0.976406212045368,0.428480386734009,0.108161330223083,3,17,15,FALSE,TRUE,TRUE,0.953843809036934,0.936827846064395
159,1633000,"2025-09-03",81.9,0.964664310954064,1.02033987189252,2025,9,3,"Fall",0.969044395601548,0.971602860588998,0.537133812904358,0.255817890167236,7,18,12,FALSE,TRUE,TRUE,0.973679745997181,0.842457530244407
159,1633000,"2025-09-04",78,0.952380952380952,0.987266701552416,2025,9,4,"Fall",0.969044395601548,0.971602860588998,0.537133812904358,0.255817890167236,7,18,12,FALSE,TRUE,TRUE,0.973679745997181,0.842457530244407
159,1633000,"2025-09-05",75.1,0.962820512820513,1.01096153846154,2025,9,5,"Fall",0.969044395601548,0.971602860588998,0.537133812904358,0.255817890167236,7,18,12,FALSE,TRUE,TRUE,0.973679745997181,0.842457530244407
159,1633000,"2025-09-06",70.7,0.941411451398136,0.977764223822298,2025,9,6,"Fall",0.969044395601548,0.971602860588998,0.537133812904358,0.255817890167236,7,18,12,FALSE,TRUE,TRUE,0.973679745997181,0.842457530244407
159,1633000,"2025-09-07",80.8,1.14285714285714,1.21398262275207,2025,9,7,"Fall",0.969044395601548,0.971602860588998,0.537133812904358,0.255817890167236,7,18,12,FALSE,TRUE,TRUE,0.973679745997181,0.842457530244407
159,1633000,"2025-09-08",76,0.940594059405941,0.823019801980198,2025,9,8,"Fall",0.969044395601548,0.971602860588998,0.537133812904358,0.255817890167236,7,18,12,FALSE,TRUE,TRUE,0.973679745997181,0.842457530244407
159,1633000,"2025-09-09",69.6,0.91578947368421,0.973628808864266,2025,9,9,"Fall",0.969044395601548,0.971602860588998,0.537133812904358,0.255817890167236,7,18,12,FALSE,TRUE,TRUE,0.973679745997181,0.842457530244407
159,1633000,"2025-09-10",67.9,0.975574712643678,1.06528273219712,2025,9,10,"Fall",0.969044395601548,0.971602860588998,0.537133812904358,0.255817890167236,7,18,12,FALSE,TRUE,TRUE,0.973679745997181,0.842457530244407
159,1633000,"2025-09-11",65.9,0.970544918998527,0.994844276322496,2025,9,11,"Fall",0.969044395601548,0.971602860588998,0.537133812904358,0.255817890167236,7,18,12,FALSE,TRUE,TRUE,0.973679745997181,0.842457530244407
159,1633000,"2025-09-12",63.4,0.96206373292868,0.991261418298291,2025,9,12,"Fall",0.969044395601548,0.971602860588998,0.537133812904358,0.255817890167236,7,18,12,FALSE,TRUE,TRUE,0.973679745997181,0.842457530244407
159,1633000,"2025-09-13",61.3,0.966876971608833,1.00500303515808,2025,9,13,"Fall",0.969044395601548,0.971602860588998,0.537133812904358,0.255817890167236,7,18,12,FALSE,TRUE,TRUE,0.973679745997181,0.842457530244407
159,1633000,"2025-09-14",60.6,0.98858075040783,1.02244730140059,2025,9,14,"Fall",0.969044395601548,0.971602860588998,0.537133812904358,0.255817890167236,7,18,12,FALSE,TRUE,TRUE,0.973679745997181,0.842457530244407
160,1633000,"2025-09-30",63.2,0.982892690513219,1.00276454895283,2025,9,30,"Fall",0.998205957186941,0.26558121475421,0.327285587787628,0.327285587787628,1,19,19,FALSE,TRUE,TRUE,0.999452263964428,0.00539124864159303
160,1633000,"2025-10-01",61.6,0.974683544303797,0.991647973081237,2025,10,1,"Fall",0.998205957186941,0.26558121475421,0.327285587787628,0.327285587787628,1,19,19,FALSE,TRUE,TRUE,0.999452263964428,0.00539124864159303
160,1633000,"2025-10-02",61.3,0.99512987012987,1.02097739922415,2025,10,2,"Fall",0.998205957186941,0.26558121475421,0.327285587787628,0.327285587787628,1,19,19,FALSE,TRUE,TRUE,0.999452263964428,0.00539124864159303
160,1633000,"2025-10-03",63,1.02773246329527,1.03276214908627,2025,10,3,"Fall",0.998205957186941,0.26558121475421,0.327285587787628,0.327285587787628,1,19,19,FALSE,TRUE,TRUE,0.999452263964428,0.00539124864159303
160,1633000,"2025-10-04",62.1,0.985714285714286,0.959115646258504,2025,10,4,"Fall",0.998205957186941,0.26558121475421,0.327285587787628,0.327285587787628,1,19,19,FALSE,TRUE,TRUE,0.999452263964428,0.00539124864159303
160,1633000,"2025-10-05",62.6,1.00805152979066,1.02266097225139,2025,10,5,"Fall",0.998205957186941,0.26558121475421,0.327285587787628,0.327285587787628,1,19,19,FALSE,TRUE,TRUE,0.999452263964428,0.00539124864159303
160,1633000,"2025-10-06",61.8,0.987220447284345,0.979335299941818,2025,10,6,"Fall",0.998205957186941,0.26558121475421,0.327285587787628,0.327285587787628,1,19,19,FALSE,TRUE,TRUE,0.999452263964428,0.00539124864159303
160,1633000,"2025-10-07",60.8,0.983818770226537,0.996554288287722,2025,10,7,"Fall",0.998205957186941,0.26558121475421,0.327285587787628,0.327285587787628,1,19,19,FALSE,TRUE,TRUE,0.999452263964428,0.00539124864159303
160,1633000,"2025-10-08",65.6,1.07894736842105,1.0966932132964,2025,10,8,"Fall",0.998205957186941,0.26558121475421,0.327285587787628,0.327285587787628,1,19,19,FALSE,TRUE,TRUE,0.999452263964428,0.00539124864159303
160,1633000,"2025-10-09",69.3,1.05640243902439,0.979104699583581,2025,10,9,"Fall",0.998205957186941,0.26558121475421,0.327285587787628,0.327285587787628,1,19,19,FALSE,TRUE,TRUE,0.999452263964428,0.00539124864159303
160,1633000,"2025-10-10",67.1,0.968253968253968,0.916557868938821,2025,10,10,"Fall",0.998205957186941,0.26558121475421,0.327285587787628,0.327285587787628,1,19,19,FALSE,TRUE,TRUE,0.999452263964428,0.00539124864159303
160,1633000,"2025-10-11",63.4,0.944858420268256,0.975837384867216,2025,10,11,"Fall",0.998205957186941,0.26558121475421,0.327285587787628,0.327285587787628,1,19,19,FALSE,TRUE,TRUE,0.999452263964428,0.00539124864159303
160,1633000,"2025-10-12",64.3,1.01419558359621,1.07338365393227,2025,10,12,"Fall",0.998205957186941,0.26558121475421,0.327285587787628,0.327285587787628,1,19,19,FALSE,TRUE,TRUE,0.999452263964428,0.00539124864159303
160,1633000,"2025-10-13",66.8,1.03888024883359,1.02433915670373,2025,10,13,"Fall",0.998205957186941,0.26558121475421,0.327285587787628,0.327285587787628,1,19,19,FALSE,TRUE,TRUE,0.999452263964428,0.00539124864159303
160,1633000,"2025-10-14",64.8,0.970059880239521,0.933755244003012,2025,10,14,"Fall",0.998205957186941,0.26558121475421,0.327285587787628,0.327285587787628,1,19,19,FALSE,TRUE,TRUE,0.999452263964428,0.00539124864159303
160,1633000,"2025-10-15",62.1,0.958333333333333,0.987911522633745,2025,10,15,"Fall",0.998205957186941,0.26558121475421,0.327285587787628,0.327285587787628,1,19,19,FALSE,TRUE,TRUE,0.999452263964428,0.00539124864159303
160,1633000,"2025-10-16",61.2,0.985507246376812,1.02835538752363,2025,10,16,"Fall",0.998205957186941,0.26558121475421,0.327285587787628,0.327285587787628,1,19,19,FALSE,TRUE,TRUE,0.999452263964428,0.00539124864159303
160,1633000,"2025-10-17",60.3,0.985294117647059,0.999783737024221,2025,10,17,"Fall",0.998205957186941,0.26558121475421,0.327285587787628,0.327285587787628,1,19,19,FALSE,TRUE,TRUE,0.999452263964428,0.00539124864159303
160,1633000,"2025-10-18",58.2,0.965174129353234,0.979579713373431,2025,10,18,"Fall",0.998205957186941,0.26558121475421,0.327285587787628,0.327285587787628,1,19,19,FALSE,TRUE,TRUE,0.999452263964428,0.00539124864159303
