"GroupID","site_no","Date","Flow","AGWR","delta_AGWR","Year","Month","Day","Season","calc_AGWR","R_squared","mk_pval","mk_pval_orig","trim_start","trim_end","win_len","is_short","met_alpha","kept","AGWRC"
1,1634000,"1984-10-13",270.441871,0.946370022099778,1.00342323520405,1984,10,13,"Fall",0.947491897801934,0.99998042545222,0.452370405197144,1.33514404296875e-05,6,11,6,FALSE,TRUE,TRUE,0.948053024518547
1,1634000,"1984-10-14",256.37236,0.947975840619739,1.00169681887894,1984,10,14,"Fall",0.947491897801934,0.99998042545222,0.452370405197144,1.33514404296875e-05,6,11,6,FALSE,TRUE,TRUE,0.948053024518547
1,1634000,"1984-10-15",243.092419,0.948200574352087,1.00023706694065,1984,10,15,"Fall",0.947491897801934,0.99998042545222,0.452370405197144,1.33514404296875e-05,6,11,6,FALSE,TRUE,TRUE,0.948053024518547
1,1634000,"1984-10-16",230.411001,0.947832935094533,0.999612276909023,1984,10,16,"Fall",0.947491897801934,0.99998042545222,0.452370405197144,1.33514404296875e-05,6,11,6,FALSE,TRUE,TRUE,0.948053024518547
1,1634000,"1984-10-17",218.290679,0.947396947422662,0.99954001633017,1984,10,17,"Fall",0.947491897801934,0.99998042545222,0.452370405197144,1.33514404296875e-05,6,11,6,FALSE,TRUE,TRUE,0.948053024518547
1,1634000,"1984-10-18",207.232361,0.94934131841699,1.00205232980708,1984,10,18,"Fall",0.947491897801934,0.99998042545222,0.452370405197144,1.33514404296875e-05,6,11,6,FALSE,TRUE,TRUE,0.948053024518547
2,1634000,"1985-01-17",477.317785,0.962335045250753,1.00239898599183,1985,1,17,"Winter",0.967687447398247,0.998456819476396,0.428480386734009,0.00964725017547607,9,23,15,FALSE,TRUE,TRUE,0.972680560299098
2,1634000,"1985-01-18",460.257697,0.964258427956964,1.00199866222861,1985,1,18,"Winter",0.967687447398247,0.998456819476396,0.428480386734009,0.00964725017547607,9,23,15,FALSE,TRUE,TRUE,0.972680560299098
2,1634000,"1985-01-19",444.439812,0.965632546499271,1.00142505214626,1985,1,19,"Winter",0.967687447398247,0.998456819476396,0.428480386734009,0.00964725017547607,9,23,15,FALSE,TRUE,TRUE,0.972680560299098
2,1634000,"1985-01-20",431.403163,0.97066723401458,1.00521387512627,1985,1,20,"Winter",0.967687447398247,0.998456819476396,0.428480386734009,0.00964725017547607,9,23,15,FALSE,TRUE,TRUE,0.972680560299098
2,1634000,"1985-01-21",421.408932,0.976833199528488,1.00635229592371,1985,1,21,"Winter",0.967687447398247,0.998456819476396,0.428480386734009,0.00964725017547607,9,23,15,FALSE,TRUE,TRUE,0.972680560299098
2,1634000,"1985-01-22",412.04265,0.977773888285785,1.00096299834788,1985,1,22,"Winter",0.967687447398247,0.998456819476396,0.428480386734009,0.00964725017547607,9,23,15,FALSE,TRUE,TRUE,0.972680560299098
2,1634000,"1985-01-23",402.026059,0.975690402437709,0.99786915372456,1985,1,23,"Winter",0.967687447398247,0.998456819476396,0.428480386734009,0.00964725017547607,9,23,15,FALSE,TRUE,TRUE,0.972680560299098
2,1634000,"1985-01-24",390.585716,0.971543279984246,0.995749550837949,1985,1,24,"Winter",0.967687447398247,0.998456819476396,0.428480386734009,0.00964725017547607,9,23,15,FALSE,TRUE,TRUE,0.972680560299098
2,1634000,"1985-01-25",377.989559,0.967750594852783,0.99609622627257,1985,1,25,"Winter",0.967687447398247,0.998456819476396,0.428480386734009,0.00964725017547607,9,23,15,FALSE,TRUE,TRUE,0.972680560299098
2,1634000,"1985-01-26",367.871282,0.97323133203264,1.0056633777432,1985,1,26,"Winter",0.967687447398247,0.998456819476396,0.428480386734009,0.00964725017547607,9,23,15,FALSE,TRUE,TRUE,0.972680560299098
2,1634000,"1985-01-27",359.727542,0.977862528556932,1.00475857730003,1985,1,27,"Winter",0.967687447398247,0.998456819476396,0.428480386734009,0.00964725017547607,9,23,15,FALSE,TRUE,TRUE,0.972680560299098
2,1634000,"1985-01-28",350.249088,0.97365101947073,0.995693148102918,1985,1,28,"Winter",0.967687447398247,0.998456819476396,0.428480386734009,0.00964725017547607,9,23,15,FALSE,TRUE,TRUE,0.972680560299098
2,1634000,"1985-01-29",340.120071,0.971080532834964,0.997359950758164,1985,1,29,"Winter",0.967687447398247,0.998456819476396,0.428480386734009,0.00964725017547607,9,23,15,FALSE,TRUE,TRUE,0.972680560299098
2,1634000,"1985-01-30",329.699388,0.969361752250134,0.998230032910029,1985,1,30,"Winter",0.967687447398247,0.998456819476396,0.428480386734009,0.00964725017547607,9,23,15,FALSE,TRUE,TRUE,0.972680560299098
2,1634000,"1985-01-31",319.049116,0.967697022234084,0.998282653496298,1985,1,31,"Winter",0.967687447398247,0.998456819476396,0.428480386734009,0.00964725017547607,9,23,15,FALSE,TRUE,TRUE,0.972680560299098
3,1634000,"1985-03-11",603.320978,0.9604447965914,1.00205865635127,1985,3,11,"Spring",0.962950655058515,0.992084806122296,0.951352119445801,9.79900360107422e-05,9,21,13,FALSE,TRUE,TRUE,0.970762887503775
3,1634000,"1985-03-12",580.110477,0.961528768522284,1.00112861450729,1985,3,12,"Spring",0.962950655058515,0.992084806122296,0.951352119445801,9.79900360107422e-05,9,21,13,FALSE,TRUE,TRUE,0.970762887503775
3,1634000,"1985-03-13",561.909209,0.968624479781633,1.00737961410167,1985,3,13,"Spring",0.962950655058515,0.992084806122296,0.951352119445801,9.79900360107422e-05,9,21,13,FALSE,TRUE,TRUE,0.970762887503775
3,1634000,"1985-03-14",548.354751,0.975877850401985,1.00748832057392,1985,3,14,"Spring",0.962950655058515,0.992084806122296,0.951352119445801,9.79900360107422e-05,9,21,13,FALSE,TRUE,TRUE,0.970762887503775
3,1634000,"1985-03-15",537.433891,0.980084315892068,1.00431044263209,1985,3,15,"Spring",0.962950655058515,0.992084806122296,0.951352119445801,9.79900360107422e-05,9,21,13,FALSE,TRUE,TRUE,0.970762887503775
3,1634000,"1985-03-16",526.944479,0.980482414347777,1.00040618796695,1985,3,16,"Spring",0.962950655058515,0.992084806122296,0.951352119445801,9.79900360107422e-05,9,21,13,FALSE,TRUE,TRUE,0.970762887503775
3,1634000,"1985-03-17",513.19782,0.973912509670682,0.993299314112161,1985,3,17,"Spring",0.962950655058515,0.992084806122296,0.951352119445801,9.79900360107422e-05,9,21,13,FALSE,TRUE,TRUE,0.970762887503775
3,1634000,"1985-03-18",497.24493,0.968914735452306,0.99486835401666,1985,3,18,"Spring",0.962950655058515,0.992084806122296,0.951352119445801,9.79900360107422e-05,9,21,13,FALSE,TRUE,TRUE,0.970762887503775
3,1634000,"1985-03-19",480.271907,0.965865870165836,0.996853319311893,1985,3,19,"Spring",0.962950655058515,0.992084806122296,0.951352119445801,9.79900360107422e-05,9,21,13,FALSE,TRUE,TRUE,0.970762887503775
3,1634000,"1985-03-20",463.091742,0.964228253309016,0.998304509034429,1985,3,20,"Spring",0.962950655058515,0.992084806122296,0.951352119445801,9.79900360107422e-05,9,21,13,FALSE,TRUE,TRUE,0.970762887503775
3,1634000,"1985-03-21",446.136423,0.963386695416391,0.999127221288386,1985,3,21,"Spring",0.962950655058515,0.992084806122296,0.951352119445801,9.79900360107422e-05,9,21,13,FALSE,TRUE,TRUE,0.970762887503775
3,1634000,"1985-03-22",429.640834,0.963025684186292,0.999625268615586,1985,3,22,"Spring",0.962950655058515,0.992084806122296,0.951352119445801,9.79900360107422e-05,9,21,13,FALSE,TRUE,TRUE,0.970762887503775
3,1634000,"1985-03-23",419.076551,0.975411361853934,1.01286121218886,1985,3,23,"Spring",0.962950655058515,0.992084806122296,0.951352119445801,9.79900360107422e-05,9,21,13,FALSE,TRUE,TRUE,0.970762887503775
4,1634000,"1985-04-07",512.512808,0.960489867651102,0.996479474980192,1985,4,7,"Spring",0.96061143053216,0.998921799285736,0.537126898765564,0.0227457396686077,8,33,26,FALSE,TRUE,TRUE,0.959284500576435
4,1634000,"1985-04-08",491.713107,0.959416231798835,0.99888219971035,1985,4,8,"Spring",0.96061143053216,0.998921799285736,0.537126898765564,0.0227457396686077,8,33,26,FALSE,TRUE,TRUE,0.959284500576435
4,1634000,"1985-04-09",471.710234,0.959320032931317,0.999899731874102,1985,4,9,"Spring",0.96061143053216,0.998921799285736,0.537126898765564,0.0227457396686077,8,33,26,FALSE,TRUE,TRUE,0.959284500576435
4,1634000,"1985-04-10",452.667419,0.959630269543823,1.00032339219641,1985,4,10,"Spring",0.96061143053216,0.998921799285736,0.537126898765564,0.0227457396686077,8,33,26,FALSE,TRUE,TRUE,0.959284500576435
4,1634000,"1985-04-11",434.714226,0.960339109362762,1.0007386592956,1985,4,11,"Spring",0.96061143053216,0.998921799285736,0.537126898765564,0.0227457396686077,8,33,26,FALSE,TRUE,TRUE,0.959284500576435
4,1634000,"1985-04-12",417.869764,0.961251643050669,1.00095022027012,1985,4,12,"Spring",0.96061143053216,0.998921799285736,0.537126898765564,0.0227457396686077,8,33,26,FALSE,TRUE,TRUE,0.959284500576435
4,1634000,"1985-04-13",402.025507,0.962083265253908,1.00086514515658,1985,4,13,"Spring",0.96061143053216,0.998921799285736,0.537126898765564,0.0227457396686077,8,33,26,FALSE,TRUE,TRUE,0.959284500576435
4,1634000,"1985-04-14",386.951226,0.962504167677102,1.00043749063973,1985,4,14,"Spring",0.96061143053216,0.998921799285736,0.537126898765564,0.0227457396686077,8,33,26,FALSE,TRUE,TRUE,0.959284500576435
4,1634000,"1985-04-15",372.325413,0.962202437885544,0.99968651585968,1985,4,15,"Spring",0.96061143053216,0.998921799285736,0.537126898765564,0.0227457396686077,8,33,26,FALSE,TRUE,TRUE,0.959284500576435
4,1634000,"1985-04-16",357.959162,0.961414798726081,0.99918142053226,1985,4,16,"Spring",0.96061143053216,0.998921799285736,0.537126898765564,0.0227457396686077,8,33,26,FALSE,TRUE,TRUE,0.959284500576435
4,1634000,"1985-04-17",343.893166,0.960705025899016,0.999261741312901,1985,4,17,"Spring",0.96061143053216,0.998921799285736,0.537126898765564,0.0227457396686077,8,33,26,FALSE,TRUE,TRUE,0.959284500576435
4,1634000,"1985-04-18",330.370015,0.960676302011771,0.999970101241827,1985,4,18,"Spring",0.96061143053216,0.998921799285736,0.537126898765564,0.0227457396686077,8,33,26,FALSE,TRUE,TRUE,0.959284500576435
4,1634000,"1985-04-19",317.741379,0.961774266953373,1.00114290832334,1985,4,19,"Spring",0.96061143053216,0.998921799285736,0.537126898765564,0.0227457396686077,8,33,26,FALSE,TRUE,TRUE,0.959284500576435
4,1634000,"1985-04-20",305.93429,0.962840568524127,1.0011086817431,1985,4,20,"Spring",0.96061143053216,0.998921799285736,0.537126898765564,0.0227457396686077,8,33,26,FALSE,TRUE,TRUE,0.959284500576435
4,1634000,"1985-04-21",294.366264,0.96218787374243,0.999322115412423,1985,4,21,"Spring",0.96061143053216,0.998921799285736,0.537126898765564,0.0227457396686077,8,33,26,FALSE,TRUE,TRUE,0.959284500576435
4,1634000,"1985-04-22",282.523616,0.959769003964394,0.997486073308503,1985,4,22,"Spring",0.96061143053216,0.998921799285736,0.537126898765564,0.0227457396686077,8,33,26,FALSE,TRUE,TRUE,0.959284500576435
4,1634000,"1985-04-23",270.193421,0.956356940440689,0.996444911734374,1985,4,23,"Spring",0.96061143053216,0.998921799285736,0.537126898765564,0.0227457396686077,8,33,26,FALSE,TRUE,TRUE,0.959284500576435
4,1634000,"1985-04-24",257.331611,0.952397767671775,0.995860151579922,1985,4,24,"Spring",0.96061143053216,0.998921799285736,0.537126898765564,0.0227457396686077,8,33,26,FALSE,TRUE,TRUE,0.959284500576435
4,1634000,"1985-04-25",243.998361,0.948186505543619,0.99557825283605,1985,4,25,"Spring",0.96061143053216,0.998921799285736,0.537126898765564,0.0227457396686077,8,33,26,FALSE,TRUE,TRUE,0.959284500576435
4,1634000,"1985-04-26",232.01346,0.950881223337398,1.00284197020103,1985,4,26,"Spring",0.96061143053216,0.998921799285736,0.537126898765564,0.0227457396686077,8,33,26,FALSE,TRUE,TRUE,0.959284500576435
4,1634000,"1985-04-27",221.752143,0.955772751287792,1.00514420500725,1985,4,27,"Spring",0.96061143053216,0.998921799285736,0.537126898765564,0.0227457396686077,8,33,26,FALSE,TRUE,TRUE,0.959284500576435
4,1634000,"1985-04-28",213.148628,0.9612021111336,1.00568059702319,1985,4,28,"Spring",0.96061143053216,0.998921799285736,0.537126898765564,0.0227457396686077,8,33,26,FALSE,TRUE,TRUE,0.959284500576435
4,1634000,"1985-04-29",205.594829,0.964560883779182,1.00349434588905,1985,4,29,"Spring",0.96061143053216,0.998921799285736,0.537126898765564,0.0227457396686077,8,33,26,FALSE,TRUE,TRUE,0.959284500576435
4,1634000,"1985-04-30",197.622108,0.961221198807486,0.996537611022944,1985,4,30,"Spring",0.96061143053216,0.998921799285736,0.537126898765564,0.0227457396686077,8,33,26,FALSE,TRUE,TRUE,0.959284500576435
4,1634000,"1985-05-01",189.652366,0.959671809593287,0.998388103366716,1985,5,1,"Spring",0.96061143053216,0.998921799285736,0.537126898765564,0.0227457396686077,8,33,26,FALSE,TRUE,TRUE,0.959284500576435
4,1634000,"1985-05-02",181.819894,0.958700900151174,0.998988290129598,1985,5,2,"Spring",0.96061143053216,0.998921799285736,0.537126898765564,0.0227457396686077,8,33,26,FALSE,TRUE,TRUE,0.959284500576435
5,1634000,"1985-06-12",505.88704,0.932641706821924,1.00645005686806,1985,6,12,"Summer",0.95232834033716,0.999103018924706,0.31452488899231,2.38418579101562e-07,6,25,20,FALSE,TRUE,TRUE,0.946858355135116
5,1634000,"1985-06-13",474.870362,0.938688530150921,1.00648354377117,1985,6,13,"Summer",0.95232834033716,0.999103018924706,0.31452488899231,2.38418579101562e-07,6,25,20,FALSE,TRUE,TRUE,0.946858355135116
5,1634000,"1985-06-14",449.72214,0.947041921306514,1.00889900205157,1985,6,14,"Summer",0.95232834033716,0.999103018924706,0.31452488899231,2.38418579101562e-07,6,25,20,FALSE,TRUE,TRUE,0.946858355135116
5,1634000,"1985-06-15",427.341064,0.950233546429357,1.00337009909597,1985,6,15,"Summer",0.95232834033716,0.999103018924706,0.31452488899231,2.38418579101562e-07,6,25,20,FALSE,TRUE,TRUE,0.946858355135116
5,1634000,"1985-06-16",405.795625,0.949582568081966,0.99931492805128,1985,6,16,"Summer",0.95232834033716,0.999103018924706,0.31452488899231,2.38418579101562e-07,6,25,20,FALSE,TRUE,TRUE,0.946858355135116
5,1634000,"1985-06-17",385.191098,0.94922437372261,0.999622787558032,1985,6,17,"Summer",0.95232834033716,0.999103018924706,0.31452488899231,2.38418579101562e-07,6,25,20,FALSE,TRUE,TRUE,0.946858355135116
5,1634000,"1985-06-18",365.423885,0.948682061702267,0.999428678787275,1985,6,18,"Summer",0.95232834033716,0.999103018924706,0.31452488899231,2.38418579101562e-07,6,25,20,FALSE,TRUE,TRUE,0.946858355135116
5,1634000,"1985-06-19",346.289575,0.947638042324464,0.998899505514071,1985,6,19,"Summer",0.95232834033716,0.999103018924706,0.31452488899231,2.38418579101562e-07,6,25,20,FALSE,TRUE,TRUE,0.946858355135116
5,1634000,"1985-06-20",327.50672,0.945759686817023,0.998017855527588,1985,6,20,"Summer",0.95232834033716,0.999103018924706,0.31452488899231,2.38418579101562e-07,6,25,20,FALSE,TRUE,TRUE,0.946858355135116
5,1634000,"1985-06-21",308.997084,0.943483187154144,0.997592940686085,1985,6,21,"Summer",0.95232834033716,0.999103018924706,0.31452488899231,2.38418579101562e-07,6,25,20,FALSE,TRUE,TRUE,0.946858355135116
5,1634000,"1985-06-22",290.839251,0.941236231860363,0.997618446916305,1985,6,22,"Summer",0.95232834033716,0.999103018924706,0.31452488899231,2.38418579101562e-07,6,25,20,FALSE,TRUE,TRUE,0.946858355135116
5,1634000,"1985-06-23",273.169582,0.939245927297482,0.997885435669059,1985,6,23,"Summer",0.95232834033716,0.999103018924706,0.31452488899231,2.38418579101562e-07,6,25,20,FALSE,TRUE,TRUE,0.946858355135116
5,1634000,"1985-06-24",256.326017,0.938340261471718,0.999035752192858,1985,6,24,"Summer",0.95232834033716,0.999103018924706,0.31452488899231,2.38418579101562e-07,6,25,20,FALSE,TRUE,TRUE,0.946858355135116
5,1634000,"1985-06-25",242.139734,0.944655313705436,1.00673002373767,1985,6,25,"Summer",0.95232834033716,0.999103018924706,0.31452488899231,2.38418579101562e-07,6,25,20,FALSE,TRUE,TRUE,0.946858355135116
5,1634000,"1985-06-26",231.378241,0.955556682820177,1.01154004953614,1985,6,26,"Summer",0.95232834033716,0.999103018924706,0.31452488899231,2.38418579101562e-07,6,25,20,FALSE,TRUE,TRUE,0.946858355135116
5,1634000,"1985-06-27",221.502915,0.95731955624989,1.00184486536634,1985,6,27,"Summer",0.95232834033716,0.999103018924706,0.31452488899231,2.38418579101562e-07,6,25,20,FALSE,TRUE,TRUE,0.946858355135116
5,1634000,"1985-06-28",211.05564,0.952834593621488,0.995315083036671,1985,6,28,"Summer",0.95232834033716,0.999103018924706,0.31452488899231,2.38418579101562e-07,6,25,20,FALSE,TRUE,TRUE,0.946858355135116
5,1634000,"1985-06-29",200.549202,0.950219581907406,0.997255544948108,1985,6,29,"Summer",0.95232834033716,0.999103018924706,0.31452488899231,2.38418579101562e-07,6,25,20,FALSE,TRUE,TRUE,0.946858355135116
5,1634000,"1985-06-30",190.354976,0.949168453933813,0.998893805186078,1985,6,30,"Summer",0.95232834033716,0.999103018924706,0.31452488899231,2.38418579101562e-07,6,25,20,FALSE,TRUE,TRUE,0.946858355135116
5,1634000,"1985-07-01",180.661301,0.949075799310862,0.999902383372976,1985,7,1,"Summer",0.95232834033716,0.999103018924706,0.31452488899231,2.38418579101562e-07,6,25,20,FALSE,TRUE,TRUE,0.946858355135116
8,1634000,"1986-01-05",530.584023,0.969139479747413,1.00051141111474,1986,1,5,"Winter",0.966682435818498,0.999996756069378,0.710523009300232,0,18,25,8,FALSE,TRUE,TRUE,0.968856331493795
8,1634000,"1986-01-06",514.053525,0.968844712084367,0.99969584598584,1986,1,6,"Winter",0.966682435818498,0.999996756069378,0.710523009300232,0,18,25,8,FALSE,TRUE,TRUE,0.968856331493795
8,1634000,"1986-01-07",498.014867,0.968799634240423,0.999953472580918,1986,1,7,"Winter",0.966682435818498,0.999996756069378,0.710523009300232,0,18,25,8,FALSE,TRUE,TRUE,0.968856331493795
8,1634000,"1986-01-08",482.44421,0.968734553862224,0.999932823696564,1986,1,8,"Winter",0.966682435818498,0.999996756069378,0.710523009300232,0,18,25,8,FALSE,TRUE,TRUE,0.968856331493795
8,1634000,"1986-01-09",467.3873,0.968790360236679,1.0000576074986,1986,1,9,"Winter",0.966682435818498,0.999996756069378,0.710523009300232,0,18,25,8,FALSE,TRUE,TRUE,0.968856331493795
8,1634000,"1986-01-10",452.842051,0.968879665750439,1.00009218249626,1986,1,10,"Winter",0.966682435818498,0.999996756069378,0.710523009300232,0,18,25,8,FALSE,TRUE,TRUE,0.968856331493795
8,1634000,"1986-01-11",438.79782,0.968986468970833,1.00011023373095,1986,1,11,"Winter",0.966682435818498,0.999996756069378,0.710523009300232,0,18,25,8,FALSE,TRUE,TRUE,0.968856331493795
8,1634000,"1986-01-12",425.240664,0.969103866559775,1.00012115503436,1986,1,12,"Winter",0.966682435818498,0.999996756069378,0.710523009300232,0,18,25,8,FALSE,TRUE,TRUE,0.968856331493795
9,1634000,"1986-03-04",778.606948,0.955308517954719,1.01616015016464,1986,3,4,"Spring",0.969388143703936,0.793692866831768,0.72051477432251,0.0124218463897705,9,18,10,FALSE,TRUE,TRUE,0.993114922191694
9,1634000,"1986-03-05",761.488051,0.978013428927172,1.02376709779691,1986,3,5,"Spring",0.969388143703936,0.793692866831768,0.72051477432251,0.0124218463897705,9,18,10,FALSE,TRUE,TRUE,0.993114922191694
9,1634000,"1986-03-06",750.67675,0.985802402301911,1.00796407609994,1986,3,6,"Spring",0.969388143703936,0.793692866831768,0.72051477432251,0.0124218463897705,9,18,10,FALSE,TRUE,TRUE,0.993114922191694
9,1634000,"1986-03-07",744.038362,0.991156795518177,1.00543150757572,1986,3,7,"Spring",0.969388143703936,0.793692866831768,0.72051477432251,0.0124218463897705,9,18,10,FALSE,TRUE,TRUE,0.993114922191694
9,1634000,"1986-03-08",749.814533,1.00776327041051,1.0167546395963,1986,3,8,"Spring",0.969388143703936,0.793692866831768,0.72051477432251,0.0124218463897705,9,18,10,FALSE,TRUE,TRUE,0.993114922191694
9,1634000,"1986-03-09",752.517901,1.00360538223924,0.995874141980209,1986,3,9,"Spring",0.969388143703936,0.793692866831768,0.72051477432251,0.0124218463897705,9,18,10,FALSE,TRUE,TRUE,0.993114922191694
9,1634000,"1986-03-10",748.565676,0.994747998692459,0.991174435984973,1986,3,10,"Spring",0.969388143703936,0.793692866831768,0.72051477432251,0.0124218463897705,9,18,10,FALSE,TRUE,TRUE,0.993114922191694
9,1634000,"1986-03-11",740.431236,0.989133298171689,0.994355655373873,1986,3,11,"Spring",0.969388143703936,0.793692866831768,0.72051477432251,0.0124218463897705,9,18,10,FALSE,TRUE,TRUE,0.993114922191694
9,1634000,"1986-03-12",727.8194,0.982966904437835,0.993765861744568,1986,3,12,"Spring",0.969388143703936,0.793692866831768,0.72051477432251,0.0124218463897705,9,18,10,FALSE,TRUE,TRUE,0.993114922191694
9,1634000,"1986-03-13",714.24665,0.981351486371482,0.998356589566688,1986,3,13,"Spring",0.969388143703936,0.793692866831768,0.72051477432251,0.0124218463897705,9,18,10,FALSE,TRUE,TRUE,0.993114922191694
10,1634000,"1986-03-31",676.087982,0.958422967591857,1.00177390723001,1986,3,31,"Spring",0.941651663545618,0.999977226005711,0.763890624046326,4.76837158203125e-06,11,17,7,FALSE,TRUE,TRUE,0.959116040057782
10,1634000,"1986-04-01",648.567722,0.959294854023895,1.00090970945138,1986,4,1,"Spring",0.941651663545618,0.999977226005711,0.763890624046326,4.76837158203125e-06,11,17,7,FALSE,TRUE,TRUE,0.959116040057782
10,1634000,"1986-04-02",622.366278,0.959601066918344,1.00031920623066,1986,4,2,"Spring",0.941651663545618,0.999977226005711,0.763890624046326,4.76837158203125e-06,11,17,7,FALSE,TRUE,TRUE,0.959116040057782
10,1634000,"1986-04-03",597.098398,0.959400306711348,0.999790787845161,1986,4,3,"Spring",0.941651663545618,0.999977226005711,0.763890624046326,4.76837158203125e-06,11,17,7,FALSE,TRUE,TRUE,0.959116040057782
10,1634000,"1986-04-04",572.601292,0.958973083695997,0.999554697854105,1986,4,4,"Spring",0.941651663545618,0.999977226005711,0.763890624046326,4.76837158203125e-06,11,17,7,FALSE,TRUE,TRUE,0.959116040057782
10,1634000,"1986-04-05",548.891251,0.95859240743732,0.999603037598084,1986,4,5,"Spring",0.941651663545618,0.999977226005711,0.763890624046326,4.76837158203125e-06,11,17,7,FALSE,TRUE,TRUE,0.959116040057782
10,1634000,"1986-04-06",526.232798,0.958719595259135,1.00013268185814,1986,4,6,"Spring",0.941651663545618,0.999977226005711,0.763890624046326,4.76837158203125e-06,11,17,7,FALSE,TRUE,TRUE,0.959116040057782
11,1634000,"1986-04-27",548.685328,0.954148238479611,1.00255227614174,1986,4,27,"Spring",0.960199611686445,0.981113539611016,0.413045883178711,0.0418587923049927,5,28,24,FALSE,TRUE,TRUE,0.961411282151218
11,1634000,"1986-04-28",524.597499,0.956099010178016,1.00204451637569,1986,4,28,"Spring",0.960199611686445,0.981113539611016,0.413045883178711,0.0418587923049927,5,28,24,FALSE,TRUE,TRUE,0.961411282151218
11,1634000,"1986-04-29",502.157893,0.957225099161214,1.00117779536555,1986,4,29,"Spring",0.960199611686445,0.981113539611016,0.413045883178711,0.0418587923049927,5,28,24,FALSE,TRUE,TRUE,0.961411282151218
11,1634000,"1986-04-30",480.821372,0.957510334304354,1.00029798126208,1986,4,30,"Spring",0.960199611686445,0.981113539611016,0.413045883178711,0.0418587923049927,5,28,24,FALSE,TRUE,TRUE,0.961411282151218
11,1634000,"1986-05-01",462.135336,0.961137259930284,1.00378787099835,1986,5,1,"Spring",0.960199611686445,0.981113539611016,0.413045883178711,0.0418587923049927,5,28,24,FALSE,TRUE,TRUE,0.961411282151218
11,1634000,"1986-05-02",446.665907,0.966526193097686,1.00560682994205,1986,5,2,"Spring",0.960199611686445,0.981113539611016,0.413045883178711,0.0418587923049927,5,28,24,FALSE,TRUE,TRUE,0.961411282151218
11,1634000,"1986-05-03",431.000233,0.964927535873025,0.998345976305581,1986,5,3,"Spring",0.960199611686445,0.981113539611016,0.413045883178711,0.0418587923049927,5,28,24,FALSE,TRUE,TRUE,0.961411282151218
11,1634000,"1986-05-04",413.757215,0.959993019307718,0.994886127318522,1986,5,4,"Spring",0.960199611686445,0.981113539611016,0.413045883178711,0.0418587923049927,5,28,24,FALSE,TRUE,TRUE,0.961411282151218
11,1634000,"1986-05-05",396.097634,0.957318977507136,0.997214519536287,1986,5,5,"Spring",0.960199611686445,0.981113539611016,0.413045883178711,0.0418587923049927,5,28,24,FALSE,TRUE,TRUE,0.961411282151218
11,1634000,"1986-05-06",378.626088,0.955890809486633,0.998508158665963,1986,5,6,"Spring",0.960199611686445,0.981113539611016,0.413045883178711,0.0418587923049927,5,28,24,FALSE,TRUE,TRUE,0.961411282151218
11,1634000,"1986-05-07",361.646121,0.955153732037609,0.999228910413502,1986,5,7,"Spring",0.960199611686445,0.981113539611016,0.413045883178711,0.0418587923049927,5,28,24,FALSE,TRUE,TRUE,0.961411282151218
11,1634000,"1986-05-08",345.115785,0.954291405215985,0.999097185308815,1986,5,8,"Spring",0.960199611686445,0.981113539611016,0.413045883178711,0.0418587923049927,5,28,24,FALSE,TRUE,TRUE,0.961411282151218
11,1634000,"1986-05-09",328.847775,0.952862167692504,0.998502304939907,1986,5,9,"Spring",0.960199611686445,0.981113539611016,0.413045883178711,0.0418587923049927,5,28,24,FALSE,TRUE,TRUE,0.961411282151218
11,1634000,"1986-05-10",312.748149,0.951042314335257,0.998090118992075,1986,5,10,"Spring",0.960199611686445,0.981113539611016,0.413045883178711,0.0418587923049927,5,28,24,FALSE,TRUE,TRUE,0.961411282151218
11,1634000,"1986-05-11",296.860929,0.949201234121453,0.998064144795606,1986,5,11,"Spring",0.960199611686445,0.981113539611016,0.413045883178711,0.0418587923049927,5,28,24,FALSE,TRUE,TRUE,0.961411282151218
11,1634000,"1986-05-12",281.287527,0.947539738380324,0.998249585355137,1986,5,12,"Spring",0.960199611686445,0.981113539611016,0.413045883178711,0.0418587923049927,5,28,24,FALSE,TRUE,TRUE,0.961411282151218
11,1634000,"1986-05-13",266.154428,0.946200604195294,0.998586725040873,1986,5,13,"Spring",0.960199611686445,0.981113539611016,0.413045883178711,0.0418587923049927,5,28,24,FALSE,TRUE,TRUE,0.961411282151218
11,1634000,"1986-05-14",256.238754,0.962744658901561,1.01748472219624,1986,5,14,"Spring",0.960199611686445,0.981113539611016,0.413045883178711,0.0418587923049927,5,28,24,FALSE,TRUE,TRUE,0.961411282151218
11,1634000,"1986-05-15",253.740395,0.990249878439543,1.02856958933365,1986,5,15,"Spring",0.960199611686445,0.981113539611016,0.413045883178711,0.0418587923049927,5,28,24,FALSE,TRUE,TRUE,0.961411282151218
11,1634000,"1986-05-16",252.283197,0.994257130402906,1.00404670785689,1986,5,16,"Spring",0.960199611686445,0.981113539611016,0.413045883178711,0.0418587923049927,5,28,24,FALSE,TRUE,TRUE,0.961411282151218
11,1634000,"1986-05-17",249.899301,0.990550714322841,0.996272175510008,1986,5,17,"Spring",0.960199611686445,0.981113539611016,0.413045883178711,0.0418587923049927,5,28,24,FALSE,TRUE,TRUE,0.961411282151218
11,1634000,"1986-05-18",246.872238,0.987886868879237,0.997310742998732,1986,5,18,"Spring",0.960199611686445,0.981113539611016,0.413045883178711,0.0418587923049927,5,28,24,FALSE,TRUE,TRUE,0.961411282151218
11,1634000,"1986-05-19",241.829256,0.979572502599502,0.991583685802842,1986,5,19,"Spring",0.960199611686445,0.981113539611016,0.413045883178711,0.0418587923049927,5,28,24,FALSE,TRUE,TRUE,0.961411282151218
11,1634000,"1986-05-20",235.898604,0.975475870462919,0.995817938819523,1986,5,20,"Spring",0.960199611686445,0.981113539611016,0.413045883178711,0.0418587923049927,5,28,24,FALSE,TRUE,TRUE,0.961411282151218
12,1634000,"1986-05-27",368.398569,0.983611463504281,0.972242669257102,1986,5,27,"Spring",0.954871151163448,0.995310147071828,0.938248038291931,0.938248038291931,1,33,33,FALSE,TRUE,TRUE,0.954871151163448
12,1634000,"1986-05-28",356.533553,0.967792991074295,0.983917966578358,1986,5,28,"Spring",0.954871151163448,0.995310147071828,0.938248038291931,0.938248038291931,1,33,33,FALSE,TRUE,TRUE,0.954871151163448
12,1634000,"1986-05-29",343.396705,0.963153964361946,0.99520659195186,1986,5,29,"Spring",0.954871151163448,0.995310147071828,0.938248038291931,0.938248038291931,1,33,33,FALSE,TRUE,TRUE,0.954871151163448
12,1634000,"1986-05-30",331.400493,0.965066024730785,1.00198520739112,1986,5,30,"Spring",0.954871151163448,0.995310147071828,0.938248038291931,0.938248038291931,1,33,33,FALSE,TRUE,TRUE,0.954871151163448
12,1634000,"1986-05-31",318.846528,0.962118448025363,0.996945725339109,1986,5,31,"Spring",0.954871151163448,0.995310147071828,0.938248038291931,0.938248038291931,1,33,33,FALSE,TRUE,TRUE,0.954871151163448
12,1634000,"1986-06-01",304.99882,0.956569362423793,0.994232429891602,1986,6,1,"Summer",0.954871151163448,0.995310147071828,0.938248038291931,0.938248038291931,1,33,33,FALSE,TRUE,TRUE,0.954871151163448
12,1634000,"1986-06-02",290.536156,0.952581246052034,0.995830813186768,1986,6,2,"Summer",0.954871151163448,0.995310147071828,0.938248038291931,0.938248038291931,1,33,33,FALSE,TRUE,TRUE,0.954871151163448
12,1634000,"1986-06-03",275.549295,0.948416537183069,0.995627975160937,1986,6,3,"Summer",0.954871151163448,0.995310147071828,0.938248038291931,0.938248038291931,1,33,33,FALSE,TRUE,TRUE,0.954871151163448
12,1634000,"1986-06-04",260.126866,0.944030236041794,0.995375132160493,1986,6,4,"Summer",0.954871151163448,0.995310147071828,0.938248038291931,0.938248038291931,1,33,33,FALSE,TRUE,TRUE,0.954871151163448
12,1634000,"1986-06-05",244.490456,0.939889292327076,0.995613547578644,1986,6,5,"Summer",0.954871151163448,0.995310147071828,0.938248038291931,0.938248038291931,1,33,33,FALSE,TRUE,TRUE,0.954871151163448
12,1634000,"1986-06-06",229.091605,0.937016555770995,0.996943537308561,1986,6,6,"Summer",0.954871151163448,0.995310147071828,0.938248038291931,0.938248038291931,1,33,33,FALSE,TRUE,TRUE,0.954871151163448
12,1634000,"1986-06-07",214.612781,0.936798976112634,0.999767795289186,1986,6,7,"Summer",0.954871151163448,0.995310147071828,0.938248038291931,0.938248038291931,1,33,33,FALSE,TRUE,TRUE,0.954871151163448
12,1634000,"1986-06-08",203.883722,0.95000736232946,1.0140994883146,1986,6,8,"Summer",0.954871151163448,0.995310147071828,0.938248038291931,0.938248038291931,1,33,33,FALSE,TRUE,TRUE,0.954871151163448
12,1634000,"1986-06-09",194.59332,0.954432840891535,1.00465836238492,1986,6,9,"Summer",0.954871151163448,0.995310147071828,0.938248038291931,0.938248038291931,1,33,33,FALSE,TRUE,TRUE,0.954871151163448
12,1634000,"1986-06-10",185.181639,0.95163410028669,0.997067640084314,1986,6,10,"Summer",0.954871151163448,0.995310147071828,0.938248038291931,0.938248038291931,1,33,33,FALSE,TRUE,TRUE,0.954871151163448
12,1634000,"1986-06-11",177.701752,0.959607836714308,1.00837899401169,1986,6,11,"Summer",0.954871151163448,0.995310147071828,0.938248038291931,0.938248038291931,1,33,33,FALSE,TRUE,TRUE,0.954871151163448
12,1634000,"1986-06-12",170.606979,0.960074828074852,1.00048664813133,1986,6,12,"Summer",0.954871151163448,0.995310147071828,0.938248038291931,0.938248038291931,1,33,33,FALSE,TRUE,TRUE,0.954871151163448
12,1634000,"1986-06-13",165.440633,0.969717850756856,1.01004403240249,1986,6,13,"Summer",0.954871151163448,0.995310147071828,0.938248038291931,0.938248038291931,1,33,33,FALSE,TRUE,TRUE,0.954871151163448
12,1634000,"1986-06-14",160.03613,0.967332674555229,0.997540340007389,1986,6,14,"Summer",0.954871151163448,0.995310147071828,0.938248038291931,0.938248038291931,1,33,33,FALSE,TRUE,TRUE,0.954871151163448
12,1634000,"1986-06-15",152.597362,0.953518196172327,0.985718999526969,1986,6,15,"Summer",0.954871151163448,0.995310147071828,0.938248038291931,0.938248038291931,1,33,33,FALSE,TRUE,TRUE,0.954871151163448
12,1634000,"1986-06-16",145.276423,0.952024472087532,0.99843346032536,1986,6,16,"Summer",0.954871151163448,0.995310147071828,0.938248038291931,0.938248038291931,1,33,33,FALSE,TRUE,TRUE,0.954871151163448
12,1634000,"1986-06-17",137.901453,0.949234914739056,0.997069868023078,1986,6,17,"Summer",0.954871151163448,0.995310147071828,0.938248038291931,0.938248038291931,1,33,33,FALSE,TRUE,TRUE,0.954871151163448
12,1634000,"1986-06-18",130.580634,0.946912676837422,0.997553568810444,1986,6,18,"Summer",0.954871151163448,0.995310147071828,0.938248038291931,0.938248038291931,1,33,33,FALSE,TRUE,TRUE,0.954871151163448
12,1634000,"1986-06-19",123.501286,0.945785620860135,0.998809757219586,1986,6,19,"Summer",0.954871151163448,0.995310147071828,0.938248038291931,0.938248038291931,1,33,33,FALSE,TRUE,TRUE,0.954871151163448
12,1634000,"1986-06-20",116.742532,0.945273816824871,0.999458858303642,1986,6,20,"Summer",0.954871151163448,0.995310147071828,0.938248038291931,0.938248038291931,1,33,33,FALSE,TRUE,TRUE,0.954871151163448
12,1634000,"1986-06-21",113.54551,0.972614762201663,1.02892383655418,1986,6,21,"Summer",0.954871151163448,0.995310147071828,0.938248038291931,0.938248038291931,1,33,33,FALSE,TRUE,TRUE,0.954871151163448
12,1634000,"1986-06-22",110.998655,0.977569742740158,1.00509449448133,1986,6,22,"Summer",0.954871151163448,0.995310147071828,0.938248038291931,0.938248038291931,1,33,33,FALSE,TRUE,TRUE,0.954871151163448
12,1634000,"1986-06-23",106.363392,0.958240367867521,0.980227114212377,1986,6,23,"Summer",0.954871151163448,0.995310147071828,0.938248038291931,0.938248038291931,1,33,33,FALSE,TRUE,TRUE,0.954871151163448
12,1634000,"1986-06-24",103.898308,0.976823943335692,1.01939343831812,1986,6,24,"Summer",0.954871151163448,0.995310147071828,0.938248038291931,0.938248038291931,1,33,33,FALSE,TRUE,TRUE,0.954871151163448
12,1634000,"1986-06-25",101.136142,0.973414716243502,0.9965098858239,1986,6,25,"Summer",0.954871151163448,0.995310147071828,0.938248038291931,0.938248038291931,1,33,33,FALSE,TRUE,TRUE,0.954871151163448
12,1634000,"1986-06-26",96.839527,0.957516522629467,0.983667605031299,1986,6,26,"Summer",0.954871151163448,0.995310147071828,0.938248038291931,0.938248038291931,1,33,33,FALSE,TRUE,TRUE,0.954871151163448
12,1634000,"1986-06-27",92.562076,0.955829493054009,0.998238119619257,1986,6,27,"Summer",0.954871151163448,0.995310147071828,0.938248038291931,0.938248038291931,1,33,33,FALSE,TRUE,TRUE,0.954871151163448
12,1634000,"1986-06-28",87.936481,0.950027103972906,0.993929472648345,1986,6,28,"Summer",0.954871151163448,0.995310147071828,0.938248038291931,0.938248038291931,1,33,33,FALSE,TRUE,TRUE,0.954871151163448
13,1634000,"1986-07-17",132.307695,0.924855570322637,1.00354266581134,1986,7,17,"Summer",0.966810039570425,0.779170068736203,0.505245089530945,0.0576701164245605,9,41,33,FALSE,TRUE,TRUE,0.976233109370677
13,1634000,"1986-07-18",124.238492,0.939011839031736,1.01530646423437,1986,7,18,"Summer",0.966810039570425,0.779170068736203,0.505245089530945,0.0576701164245605,9,41,33,FALSE,TRUE,TRUE,0.976233109370677
13,1634000,"1986-07-19",117.115559,0.942667261286462,1.00389283936877,1986,7,19,"Summer",0.966810039570425,0.779170068736203,0.505245089530945,0.0576701164245605,9,41,33,FALSE,TRUE,TRUE,0.976233109370677
13,1634000,"1986-07-20",109.450367,0.934550182183735,0.991389242592716,1986,7,20,"Summer",0.966810039570425,0.779170068736203,0.505245089530945,0.0576701164245605,9,41,33,FALSE,TRUE,TRUE,0.976233109370677
13,1634000,"1986-07-21",103.232566,0.943190679296672,1.0092456213456,1986,7,21,"Summer",0.966810039570425,0.779170068736203,0.505245089530945,0.0576701164245605,9,41,33,FALSE,TRUE,TRUE,0.976233109370677
13,1634000,"1986-07-22",97.523967,0.944701568301615,1.00160189136524,1986,7,22,"Summer",0.966810039570425,0.779170068736203,0.505245089530945,0.0576701164245605,9,41,33,FALSE,TRUE,TRUE,0.976233109370677
13,1634000,"1986-07-23",91.666119,0.939934272772148,0.994953649184644,1986,7,23,"Summer",0.966810039570425,0.779170068736203,0.505245089530945,0.0576701164245605,9,41,33,FALSE,TRUE,TRUE,0.976233109370677
13,1634000,"1986-07-24",87.087259,0.950048501562502,1.01076057026894,1986,7,24,"Summer",0.966810039570425,0.779170068736203,0.505245089530945,0.0576701164245605,9,41,33,FALSE,TRUE,TRUE,0.976233109370677
13,1634000,"1986-07-25",84.391312,0.969043152454712,1.01999334861428,1986,7,25,"Summer",0.966810039570425,0.779170068736203,0.505245089530945,0.0576701164245605,9,41,33,FALSE,TRUE,TRUE,0.976233109370677
13,1634000,"1986-07-26",83.324692,0.987361021238774,1.01890304754506,1986,7,26,"Summer",0.966810039570425,0.779170068736203,0.505245089530945,0.0576701164245605,9,41,33,FALSE,TRUE,TRUE,0.976233109370677
13,1634000,"1986-07-27",83.432055,1.00128848961122,1.01410575065539,1986,7,27,"Summer",0.966810039570425,0.779170068736203,0.505245089530945,0.0576701164245605,9,41,33,FALSE,TRUE,TRUE,0.976233109370677
13,1634000,"1986-07-28",82.351889,0.987053345383857,0.985783174005237,1986,7,28,"Summer",0.966810039570425,0.779170068736203,0.505245089530945,0.0576701164245605,9,41,33,FALSE,TRUE,TRUE,0.976233109370677
13,1634000,"1986-07-29",79.416688,0.964357818191638,0.977006787628694,1986,7,29,"Summer",0.966810039570425,0.779170068736203,0.505245089530945,0.0576701164245605,9,41,33,FALSE,TRUE,TRUE,0.976233109370677
13,1634000,"1986-07-30",75.967883,0.956573296030678,0.991927765800087,1986,7,30,"Summer",0.966810039570425,0.779170068736203,0.505245089530945,0.0576701164245605,9,41,33,FALSE,TRUE,TRUE,0.976233109370677
13,1634000,"1986-07-31",72.175748,0.950082392055074,0.993214420680006,1986,7,31,"Summer",0.966810039570425,0.779170068736203,0.505245089530945,0.0576701164245605,9,41,33,FALSE,TRUE,TRUE,0.976233109370677
13,1634000,"1986-08-01",68.305802,0.946381629463681,0.996104798255035,1986,8,1,"Summer",0.966810039570425,0.779170068736203,0.505245089530945,0.0576701164245605,9,41,33,FALSE,TRUE,TRUE,0.976233109370677
13,1634000,"1986-08-02",64.529219,0.944710655765377,0.998234355310499,1986,8,2,"Summer",0.966810039570425,0.779170068736203,0.505245089530945,0.0576701164245605,9,41,33,FALSE,TRUE,TRUE,0.976233109370677
13,1634000,"1986-08-03",60.932144,0.94425664751963,0.999519420848091,1986,8,3,"Summer",0.966810039570425,0.779170068736203,0.505245089530945,0.0576701164245605,9,41,33,FALSE,TRUE,TRUE,0.976233109370677
13,1634000,"1986-08-04",59.196634,0.971517332460844,1.02886999526328,1986,8,4,"Summer",0.966810039570425,0.779170068736203,0.505245089530945,0.0576701164245605,9,41,33,FALSE,TRUE,TRUE,0.976233109370677
13,1634000,"1986-08-05",57.567541,0.972479972425459,1.00099086236802,1986,8,5,"Summer",0.966810039570425,0.779170068736203,0.505245089530945,0.0576701164245605,9,41,33,FALSE,TRUE,TRUE,0.976233109370677
13,1634000,"1986-08-06",56.497836,0.981418261377536,1.00919123190762,1986,8,6,"Summer",0.966810039570425,0.779170068736203,0.505245089530945,0.0576701164245605,9,41,33,FALSE,TRUE,TRUE,0.976233109370677
13,1634000,"1986-08-07",56.041144,0.991916646152607,1.01069715654194,1986,8,7,"Summer",0.966810039570425,0.779170068736203,0.505245089530945,0.0576701164245605,9,41,33,FALSE,TRUE,TRUE,0.976233109370677
13,1634000,"1986-08-08",67.816256,1.21011548229636,1.21997698797585,1986,8,8,"Summer",0.966810039570425,0.779170068736203,0.505245089530945,0.0576701164245605,9,41,33,FALSE,TRUE,TRUE,0.976233109370677
13,1634000,"1986-08-09",79.603005,1.17380418346893,0.969993525941403,1986,8,9,"Summer",0.966810039570425,0.779170068736203,0.505245089530945,0.0576701164245605,9,41,33,FALSE,TRUE,TRUE,0.976233109370677
13,1634000,"1986-08-10",76.344147,0.959061118358534,0.817053757232515,1986,8,10,"Summer",0.966810039570425,0.779170068736203,0.505245089530945,0.0576701164245605,9,41,33,FALSE,TRUE,TRUE,0.976233109370677
13,1634000,"1986-08-11",73.033401,0.956633925060424,0.997469198519626,1986,8,11,"Summer",0.966810039570425,0.779170068736203,0.505245089530945,0.0576701164245605,9,41,33,FALSE,TRUE,TRUE,0.976233109370677
13,1634000,"1986-08-12",68.874626,0.943056533817999,0.985807119226336,1986,8,12,"Summer",0.966810039570425,0.779170068736203,0.505245089530945,0.0576701164245605,9,41,33,FALSE,TRUE,TRUE,0.976233109370677
13,1634000,"1986-08-13",64.578542,0.937624575994068,0.994240050697767,1986,8,13,"Summer",0.966810039570425,0.779170068736203,0.505245089530945,0.0576701164245605,9,41,33,FALSE,TRUE,TRUE,0.976233109370677
13,1634000,"1986-08-14",60.444233,0.93598014337332,0.998246171588449,1986,8,14,"Summer",0.966810039570425,0.779170068736203,0.505245089530945,0.0576701164245605,9,41,33,FALSE,TRUE,TRUE,0.976233109370677
13,1634000,"1986-08-15",56.576504,0.936011612555328,1.00003362163421,1986,8,15,"Summer",0.966810039570425,0.779170068736203,0.505245089530945,0.0576701164245605,9,41,33,FALSE,TRUE,TRUE,0.976233109370677
13,1634000,"1986-08-16",53.027459,0.937269984020222,1.00134439727885,1986,8,16,"Summer",0.966810039570425,0.779170068736203,0.505245089530945,0.0576701164245605,9,41,33,FALSE,TRUE,TRUE,0.976233109370677
13,1634000,"1986-08-17",49.828625,0.939675895086732,1.00256693493607,1986,8,17,"Summer",0.966810039570425,0.779170068736203,0.505245089530945,0.0576701164245605,9,41,33,FALSE,TRUE,TRUE,0.976233109370677
13,1634000,"1986-08-18",48.070918,0.964724954782517,1.02665712702301,1986,8,18,"Summer",0.966810039570425,0.779170068736203,0.505245089530945,0.0576701164245605,9,41,33,FALSE,TRUE,TRUE,0.976233109370677
14,1634000,"1986-09-12",126.597974,0.947167852470964,0.99188767458687,1986,9,12,"Fall",0.950904897046275,0.999131341030619,0.436274886131287,0,4,14,11,FALSE,TRUE,TRUE,0.93630191628026
14,1634000,"1986-09-13",119.075422,0.940579207057453,0.993043846033918,1986,9,13,"Fall",0.950904897046275,0.999131341030619,0.436274886131287,0,4,14,11,FALSE,TRUE,TRUE,0.93630191628026
14,1634000,"1986-09-14",111.370914,0.935297243792258,0.994384350381592,1986,9,14,"Fall",0.950904897046275,0.999131341030619,0.436274886131287,0,4,14,11,FALSE,TRUE,TRUE,0.93630191628026
14,1634000,"1986-09-15",103.859101,0.932551393086349,0.997064194592539,1986,9,15,"Fall",0.950904897046275,0.999131341030619,0.436274886131287,0,4,14,11,FALSE,TRUE,TRUE,0.93630191628026
14,1634000,"1986-09-16",96.808562,0.932114384467857,0.999531383876822,1986,9,16,"Fall",0.950904897046275,0.999131341030619,0.436274886131287,0,4,14,11,FALSE,TRUE,TRUE,0.93630191628026
14,1634000,"1986-09-17",90.340387,0.933185920063558,1.0011495752169,1986,9,17,"Fall",0.950904897046275,0.999131341030619,0.436274886131287,0,4,14,11,FALSE,TRUE,TRUE,0.93630191628026
14,1634000,"1986-09-18",84.47343,0.935057207580924,1.00200526762903,1986,9,18,"Fall",0.950904897046275,0.999131341030619,0.436274886131287,0,4,14,11,FALSE,TRUE,TRUE,0.93630191628026
14,1634000,"1986-09-19",79.194902,0.937512564601674,1.00262588962562,1986,9,19,"Fall",0.950904897046275,0.999131341030619,0.436274886131287,0,4,14,11,FALSE,TRUE,TRUE,0.93630191628026
14,1634000,"1986-09-20",74.437337,0.93992586795549,1.00257415574461,1986,9,20,"Fall",0.950904897046275,0.999131341030619,0.436274886131287,0,4,14,11,FALSE,TRUE,TRUE,0.93630191628026
14,1634000,"1986-09-21",70.149017,0.942390201304488,1.00262183799065,1986,9,21,"Fall",0.950904897046275,0.999131341030619,0.436274886131287,0,4,14,11,FALSE,TRUE,TRUE,0.93630191628026
14,1634000,"1986-09-22",66.274047,0.944760879543045,1.00251560153668,1986,9,22,"Fall",0.950904897046275,0.999131341030619,0.436274886131287,0,4,14,11,FALSE,TRUE,TRUE,0.93630191628026
15,1634000,"1987-01-03",642.257736,0.969623350349353,1.04523568952215,1987,1,3,"Winter",0.969094399677154,0.950531531549313,0.360121607780457,0.00189650058746338,4,16,13,FALSE,TRUE,TRUE,0.971237660838569
15,1634000,"1987-01-04",630.073536,0.981029111341058,1.01176308407548,1987,1,4,"Winter",0.969094399677154,0.950531531549313,0.360121607780457,0.00189650058746338,4,16,13,FALSE,TRUE,TRUE,0.971237660838569
15,1634000,"1987-01-05",610.243924,0.968528098917013,0.987257246212646,1987,1,5,"Winter",0.969094399677154,0.950531531549313,0.360121607780457,0.00189650058746338,4,16,13,FALSE,TRUE,TRUE,0.971237660838569
15,1634000,"1987-01-06",586.680288,0.961386529102091,0.992626367967117,1987,1,6,"Winter",0.969094399677154,0.950531531549313,0.360121607780457,0.00189650058746338,4,16,13,FALSE,TRUE,TRUE,0.971237660838569
15,1634000,"1987-01-07",559.24329,0.953233475606394,0.991519484360456,1987,1,7,"Winter",0.969094399677154,0.950531531549313,0.360121607780457,0.00189650058746338,4,16,13,FALSE,TRUE,TRUE,0.971237660838569
15,1634000,"1987-01-08",533.077449,0.953212060890351,0.999977534657992,1987,1,8,"Winter",0.969094399677154,0.950531531549313,0.360121607780457,0.00189650058746338,4,16,13,FALSE,TRUE,TRUE,0.971237660838569
15,1634000,"1987-01-09",511.219452,0.958996582877397,1.00606845236688,1987,1,9,"Winter",0.969094399677154,0.950531531549313,0.360121607780457,0.00189650058746338,4,16,13,FALSE,TRUE,TRUE,0.971237660838569
15,1634000,"1987-01-10",494.086698,0.966486498248506,1.00781015856035,1987,1,10,"Winter",0.969094399677154,0.950531531549313,0.360121607780457,0.00189650058746338,4,16,13,FALSE,TRUE,TRUE,0.971237660838569
15,1634000,"1987-01-11",488.632382,0.988960811893786,1.02325362401442,1987,1,11,"Winter",0.969094399677154,0.950531531549313,0.360121607780457,0.00189650058746338,4,16,13,FALSE,TRUE,TRUE,0.971237660838569
15,1634000,"1987-01-12",487.4493,0.997578789201081,1.00871417472123,1987,1,12,"Winter",0.969094399677154,0.950531531549313,0.360121607780457,0.00189650058746338,4,16,13,FALSE,TRUE,TRUE,0.971237660838569
15,1634000,"1987-01-13",480.636175,0.986022905356516,0.988416069016644,1987,1,13,"Winter",0.969094399677154,0.950531531549313,0.360121607780457,0.00189650058746338,4,16,13,FALSE,TRUE,TRUE,0.971237660838569
15,1634000,"1987-01-14",471.62073,0.981242683200032,0.995152017128085,1987,1,14,"Winter",0.969094399677154,0.950531531549313,0.360121607780457,0.00189650058746338,4,16,13,FALSE,TRUE,TRUE,0.971237660838569
15,1634000,"1987-01-15",459.705788,0.974736178369428,0.993369117607701,1987,1,15,"Winter",0.969094399677154,0.950531531549313,0.360121607780457,0.00189650058746338,4,16,13,FALSE,TRUE,TRUE,0.971237660838569
16,1634000,"1987-03-16",768.731363,0.954756207614565,1.0008049681409,1987,3,16,"Spring",0.971471409897655,0.949623745036293,0.428480386734009,0.0637866258621216,3,17,15,FALSE,TRUE,TRUE,0.9687387796062
16,1634000,"1987-03-17",776.757736,1.01044106353184,1.05832363850914,1987,3,17,"Spring",0.971471409897655,0.949623745036293,0.428480386734009,0.0637866258621216,3,17,15,FALSE,TRUE,TRUE,0.9687387796062
16,1634000,"1987-03-18",797.319464,1.02647122396989,1.01586451799773,1987,3,18,"Spring",0.971471409897655,0.949623745036293,0.428480386734009,0.0637866258621216,3,17,15,FALSE,TRUE,TRUE,0.9687387796062
16,1634000,"1987-03-19",787.12647,0.987215922274287,0.96175703636018,1987,3,19,"Spring",0.971471409897655,0.949623745036293,0.428480386734009,0.0637866258621216,3,17,15,FALSE,TRUE,TRUE,0.9687387796062
16,1634000,"1987-03-20",767.091088,0.97454617172257,0.987166180907486,1987,3,20,"Spring",0.971471409897655,0.949623745036293,0.428480386734009,0.0637866258621216,3,17,15,FALSE,TRUE,TRUE,0.9687387796062
16,1634000,"1987-03-21",735.261563,0.958506198940484,0.983541084817219,1987,3,21,"Spring",0.971471409897655,0.949623745036293,0.428480386734009,0.0637866258621216,3,17,15,FALSE,TRUE,TRUE,0.9687387796062
16,1634000,"1987-03-22",702.218647,0.955059644536321,0.996404244012222,1987,3,22,"Spring",0.971471409897655,0.949623745036293,0.428480386734009,0.0637866258621216,3,17,15,FALSE,TRUE,TRUE,0.9687387796062
16,1634000,"1987-03-23",671.792812,0.956671849814891,1.00168806763828,1987,3,23,"Spring",0.971471409897655,0.949623745036293,0.428480386734009,0.0637866258621216,3,17,15,FALSE,TRUE,TRUE,0.9687387796062
16,1634000,"1987-03-24",644.49772,0.959369776644767,1.0028201172956,1987,3,24,"Spring",0.971471409897655,0.949623745036293,0.428480386734009,0.0637866258621216,3,17,15,FALSE,TRUE,TRUE,0.9687387796062
16,1634000,"1987-03-25",619.730066,0.961570610366162,1.00229404112468,1987,3,25,"Spring",0.971471409897655,0.949623745036293,0.428480386734009,0.0637866258621216,3,17,15,FALSE,TRUE,TRUE,0.9687387796062
16,1634000,"1987-03-26",596.831689,0.96305104713122,1.00153960275938,1987,3,26,"Spring",0.971471409897655,0.949623745036293,0.428480386734009,0.0637866258621216,3,17,15,FALSE,TRUE,TRUE,0.9687387796062
16,1634000,"1987-03-27",575.255068,0.963848064039375,1.00082759570277,1987,3,27,"Spring",0.971471409897655,0.949623745036293,0.428480386734009,0.0637866258621216,3,17,15,FALSE,TRUE,TRUE,0.9687387796062
16,1634000,"1987-03-28",554.670263,0.964216212694018,1.00038195714489,1987,3,28,"Spring",0.971471409897655,0.949623745036293,0.428480386734009,0.0637866258621216,3,17,15,FALSE,TRUE,TRUE,0.9687387796062
16,1634000,"1987-03-29",543.418934,0.979715283564787,1.01607426909724,1987,3,29,"Spring",0.971471409897655,0.949623745036293,0.428480386734009,0.0637866258621216,3,17,15,FALSE,TRUE,TRUE,0.9687387796062
16,1634000,"1987-03-30",537.851634,0.989755049646467,1.01024763648184,1987,3,30,"Spring",0.971471409897655,0.949623745036293,0.428480386734009,0.0637866258621216,3,17,15,FALSE,TRUE,TRUE,0.9687387796062
17,1634000,"1987-05-31",742.198203,0.946479495128201,1.00407028373919,1987,5,31,"Spring",0.961808920901824,0.994417190317144,0.395250976085663,0.148797929286957,6,64,59,FALSE,TRUE,TRUE,0.963195064868792
17,1634000,"1987-06-01",703.639923,0.948048540343879,1.00165776989756,1987,6,1,"Summer",0.961808920901824,0.994417190317144,0.395250976085663,0.148797929286957,6,64,59,FALSE,TRUE,TRUE,0.963195064868792
17,1634000,"1987-06-02",670.393103,0.952750236430232,1.00495934109518,1987,6,2,"Summer",0.961808920901824,0.994417190317144,0.395250976085663,0.148797929286957,6,64,59,FALSE,TRUE,TRUE,0.963195064868792
17,1634000,"1987-06-03",657.338653,0.980527171384101,1.02915447710403,1987,6,3,"Summer",0.961808920901824,0.994417190317144,0.395250976085663,0.148797929286957,6,64,59,FALSE,TRUE,TRUE,0.963195064868792
17,1634000,"1987-06-04",654.310514,0.995393334948158,1.01516139888614,1987,6,4,"Summer",0.961808920901824,0.994417190317144,0.395250976085663,0.148797929286957,6,64,59,FALSE,TRUE,TRUE,0.963195064868792
17,1634000,"1987-06-05",656.537218,1.00340313039812,1.00804686466016,1987,6,5,"Summer",0.961808920901824,0.994417190317144,0.395250976085663,0.148797929286957,6,64,59,FALSE,TRUE,TRUE,0.963195064868792
17,1634000,"1987-06-06",657.896297,1.00207007152487,0.998671462313741,1987,6,6,"Summer",0.961808920901824,0.994417190317144,0.395250976085663,0.148797929286957,6,64,59,FALSE,TRUE,TRUE,0.963195064868792
17,1634000,"1987-06-07",645.964944,0.981864386447519,0.979836055729512,1987,6,7,"Summer",0.961808920901824,0.994417190317144,0.395250976085663,0.148797929286957,6,64,59,FALSE,TRUE,TRUE,0.963195064868792
17,1634000,"1987-06-08",628.017498,0.972216068121493,0.990173471551468,1987,6,8,"Summer",0.961808920901824,0.994417190317144,0.395250976085663,0.148797929286957,6,64,59,FALSE,TRUE,TRUE,0.963195064868792
17,1634000,"1987-06-09",602.835598,0.959902550358557,0.987334587272634,1987,6,9,"Summer",0.961808920901824,0.994417190317144,0.395250976085663,0.148797929286957,6,64,59,FALSE,TRUE,TRUE,0.963195064868792
17,1634000,"1987-06-10",574.408443,0.952844266174208,0.992646874225189,1987,6,10,"Summer",0.961808920901824,0.994417190317144,0.395250976085663,0.148797929286957,6,64,59,FALSE,TRUE,TRUE,0.963195064868792
17,1634000,"1987-06-11",544.808906,0.948469530069216,0.995408760633511,1987,6,11,"Summer",0.961808920901824,0.994417190317144,0.395250976085663,0.148797929286957,6,64,59,FALSE,TRUE,TRUE,0.963195064868792
17,1634000,"1987-06-12",515.506932,0.946216051761826,0.997624089930201,1987,6,12,"Summer",0.961808920901824,0.994417190317144,0.395250976085663,0.148797929286957,6,64,59,FALSE,TRUE,TRUE,0.963195064868792
17,1634000,"1987-06-13",487.523023,0.945715746456732,0.999471256797893,1987,6,13,"Summer",0.961808920901824,0.994417190317144,0.395250976085663,0.148797929286957,6,64,59,FALSE,TRUE,TRUE,0.963195064868792
17,1634000,"1987-06-14",463.176353,0.950060471297988,1.00459411282675,1987,6,14,"Summer",0.961808920901824,0.994417190317144,0.395250976085663,0.148797929286957,6,64,59,FALSE,TRUE,TRUE,0.963195064868792
17,1634000,"1987-06-15",441.222885,0.952602355759729,1.00267549754835,1987,6,15,"Summer",0.961808920901824,0.994417190317144,0.395250976085663,0.148797929286957,6,64,59,FALSE,TRUE,TRUE,0.963195064868792
17,1634000,"1987-06-16",420.267751,0.952506692847539,0.999899577287824,1987,6,16,"Summer",0.961808920901824,0.994417190317144,0.395250976085663,0.148797929286957,6,64,59,FALSE,TRUE,TRUE,0.963195064868792
17,1634000,"1987-06-17",400.028851,0.951842843159289,0.999303049843917,1987,6,17,"Summer",0.961808920901824,0.994417190317144,0.395250976085663,0.148797929286957,6,64,59,FALSE,TRUE,TRUE,0.963195064868792
17,1634000,"1987-06-18",378.621853,0.946486364804723,0.994372518117815,1987,6,18,"Summer",0.961808920901824,0.994417190317144,0.395250976085663,0.148797929286957,6,64,59,FALSE,TRUE,TRUE,0.963195064868792
17,1634000,"1987-06-19",356.439951,0.941414100046676,0.99464095316461,1987,6,19,"Summer",0.961808920901824,0.994417190317144,0.395250976085663,0.148797929286957,6,64,59,FALSE,TRUE,TRUE,0.963195064868792
17,1634000,"1987-06-20",334.691545,0.938984376080783,0.997419069922819,1987,6,20,"Summer",0.961808920901824,0.994417190317144,0.395250976085663,0.148797929286957,6,64,59,FALSE,TRUE,TRUE,0.963195064868792
17,1634000,"1987-06-21",327.226001,0.977694255766156,1.04122526494737,1987,6,21,"Summer",0.961808920901824,0.994417190317144,0.395250976085663,0.148797929286957,6,64,59,FALSE,TRUE,TRUE,0.963195064868792
17,1634000,"1987-06-22",328.597481,1.00419123173528,1.02710149498461,1987,6,22,"Summer",0.961808920901824,0.994417190317144,0.395250976085663,0.148797929286957,6,64,59,FALSE,TRUE,TRUE,0.963195064868792
17,1634000,"1987-06-23",320.702456,0.975973568099264,0.971900109516735,1987,6,23,"Summer",0.961808920901824,0.994417190317144,0.395250976085663,0.148797929286957,6,64,59,FALSE,TRUE,TRUE,0.963195064868792
17,1634000,"1987-06-24",307.979094,0.960326583841316,0.983967819652718,1987,6,24,"Summer",0.961808920901824,0.994417190317144,0.395250976085663,0.148797929286957,6,64,59,FALSE,TRUE,TRUE,0.963195064868792
17,1634000,"1987-06-25",294.222939,0.955334127322292,0.994801293015284,1987,6,25,"Summer",0.961808920901824,0.994417190317144,0.395250976085663,0.148797929286957,6,64,59,FALSE,TRUE,TRUE,0.963195064868792
17,1634000,"1987-06-26",279.83102,0.951084986612822,0.995552194161241,1987,6,26,"Summer",0.961808920901824,0.994417190317144,0.395250976085663,0.148797929286957,6,64,59,FALSE,TRUE,TRUE,0.963195064868792
17,1634000,"1987-06-27",273.971547,0.979060673830943,1.02941449777033,1987,6,27,"Summer",0.961808920901824,0.994417190317144,0.395250976085663,0.148797929286957,6,64,59,FALSE,TRUE,TRUE,0.963195064868792
17,1634000,"1987-06-28",280.583722,1.02413453175121,1.04603785968024,1987,6,28,"Summer",0.961808920901824,0.994417190317144,0.395250976085663,0.148797929286957,6,64,59,FALSE,TRUE,TRUE,0.963195064868792
17,1634000,"1987-06-29",281.521726,1.00334304496823,0.979698480874942,1987,6,29,"Summer",0.961808920901824,0.994417190317144,0.395250976085663,0.148797929286957,6,64,59,FALSE,TRUE,TRUE,0.963195064868792
17,1634000,"1987-06-30",272.257891,0.967093711978734,0.963871446389857,1987,6,30,"Summer",0.961808920901824,0.994417190317144,0.395250976085663,0.148797929286957,6,64,59,FALSE,TRUE,TRUE,0.963195064868792
17,1634000,"1987-07-01",261.361823,0.959978871650042,0.992643070427855,1987,7,1,"Summer",0.961808920901824,0.994417190317144,0.395250976085663,0.148797929286957,6,64,59,FALSE,TRUE,TRUE,0.963195064868792
17,1634000,"1987-07-02",250.742209,0.959368151484006,0.999363819158868,1987,7,2,"Summer",0.961808920901824,0.994417190317144,0.395250976085663,0.148797929286957,6,64,59,FALSE,TRUE,TRUE,0.963195064868792
17,1634000,"1987-07-03",240.399844,0.95875299559158,0.999358790583704,1987,7,3,"Summer",0.961808920901824,0.994417190317144,0.395250976085663,0.148797929286957,6,64,59,FALSE,TRUE,TRUE,0.963195064868792
17,1634000,"1987-07-04",229.377081,0.954148210678539,0.995197110273226,1987,7,4,"Summer",0.961808920901824,0.994417190317144,0.395250976085663,0.148797929286957,6,64,59,FALSE,TRUE,TRUE,0.963195064868792
17,1634000,"1987-07-05",219.081883,0.955116710200005,1.00101504096599,1987,7,5,"Summer",0.961808920901824,0.994417190317144,0.395250976085663,0.148797929286957,6,64,59,FALSE,TRUE,TRUE,0.963195064868792
17,1634000,"1987-07-06",209.546764,0.956476916897779,1.00142412616516,1987,7,6,"Summer",0.961808920901824,0.994417190317144,0.395250976085663,0.148797929286957,6,64,59,FALSE,TRUE,TRUE,0.963195064868792
17,1634000,"1987-07-07",201.531752,0.961750724053176,1.00551378403621,1987,7,7,"Summer",0.961808920901824,0.994417190317144,0.395250976085663,0.148797929286957,6,64,59,FALSE,TRUE,TRUE,0.963195064868792
17,1634000,"1987-07-08",194.901582,0.967101114667033,1.00556317815006,1987,7,8,"Summer",0.961808920901824,0.994417190317144,0.395250976085663,0.148797929286957,6,64,59,FALSE,TRUE,TRUE,0.963195064868792
17,1634000,"1987-07-09",188.095351,0.965078626196067,0.997908710433384,1987,7,9,"Summer",0.961808920901824,0.994417190317144,0.395250976085663,0.148797929286957,6,64,59,FALSE,TRUE,TRUE,0.963195064868792
17,1634000,"1987-07-10",180.430447,0.95924990192873,0.993960363322612,1987,7,10,"Summer",0.961808920901824,0.994417190317144,0.395250976085663,0.148797929286957,6,64,59,FALSE,TRUE,TRUE,0.963195064868792
17,1634000,"1987-07-11",172.301318,0.954945913313622,0.995513172733764,1987,7,11,"Summer",0.961808920901824,0.994417190317144,0.395250976085663,0.148797929286957,6,64,59,FALSE,TRUE,TRUE,0.963195064868792
17,1634000,"1987-07-12",164.14421,0.952657889709236,0.997604028068515,1987,7,12,"Summer",0.961808920901824,0.994417190317144,0.395250976085663,0.148797929286957,6,64,59,FALSE,TRUE,TRUE,0.963195064868792
17,1634000,"1987-07-13",158.784452,0.967347261289326,1.01541935645395,1987,7,13,"Summer",0.961808920901824,0.994417190317144,0.395250976085663,0.148797929286957,6,64,59,FALSE,TRUE,TRUE,0.963195064868792
17,1634000,"1987-07-14",154.198689,0.971119571581228,1.00389964436026,1987,7,14,"Summer",0.961808920901824,0.994417190317144,0.395250976085663,0.148797929286957,6,64,59,FALSE,TRUE,TRUE,0.963195064868792
17,1634000,"1987-07-15",147.839617,0.95876053135575,0.987273410414997,1987,7,15,"Summer",0.961808920901824,0.994417190317144,0.395250976085663,0.148797929286957,6,64,59,FALSE,TRUE,TRUE,0.963195064868792
17,1634000,"1987-07-16",141.833285,0.959372649078224,1.00063844693482,1987,7,16,"Summer",0.961808920901824,0.994417190317144,0.395250976085663,0.148797929286957,6,64,59,FALSE,TRUE,TRUE,0.963195064868792
17,1634000,"1987-07-17",136.19085,0.96021783603193,1.00088097878808,1987,7,17,"Summer",0.961808920901824,0.994417190317144,0.395250976085663,0.148797929286957,6,64,59,FALSE,TRUE,TRUE,0.963195064868792
17,1634000,"1987-07-18",130.798036,0.960402523370696,1.00019233900042,1987,7,18,"Summer",0.961808920901824,0.994417190317144,0.395250976085663,0.148797929286957,6,64,59,FALSE,TRUE,TRUE,0.963195064868792
17,1634000,"1987-07-19",125.576072,0.960076128360215,0.999660147695848,1987,7,19,"Summer",0.961808920901824,0.994417190317144,0.395250976085663,0.148797929286957,6,64,59,FALSE,TRUE,TRUE,0.963195064868792
17,1634000,"1987-07-20",120.445151,0.959140934110441,0.999025916568334,1987,7,20,"Summer",0.961808920901824,0.994417190317144,0.395250976085663,0.148797929286957,6,64,59,FALSE,TRUE,TRUE,0.963195064868792
17,1634000,"1987-07-21",115.367633,0.957843732538473,0.998647538098068,1987,7,21,"Summer",0.961808920901824,0.994417190317144,0.395250976085663,0.148797929286957,6,64,59,FALSE,TRUE,TRUE,0.963195064868792
17,1634000,"1987-07-22",110.323647,0.956279019783651,0.998366421680627,1987,7,22,"Summer",0.961808920901824,0.994417190317144,0.395250976085663,0.148797929286957,6,64,59,FALSE,TRUE,TRUE,0.963195064868792
17,1634000,"1987-07-23",105.297037,0.954437601215268,0.998074391960623,1987,7,23,"Summer",0.961808920901824,0.994417190317144,0.395250976085663,0.148797929286957,6,64,59,FALSE,TRUE,TRUE,0.963195064868792
17,1634000,"1987-07-24",100.301135,0.952554201501415,0.998026691622947,1987,7,24,"Summer",0.961808920901824,0.994417190317144,0.395250976085663,0.148797929286957,6,64,59,FALSE,TRUE,TRUE,0.963195064868792
17,1634000,"1987-07-25",95.413764,0.95127302397924,0.998655008271282,1987,7,25,"Summer",0.961808920901824,0.994417190317144,0.395250976085663,0.148797929286957,6,64,59,FALSE,TRUE,TRUE,0.963195064868792
17,1634000,"1987-07-26",90.660745,0.950185185022153,0.998856438761885,1987,7,26,"Summer",0.961808920901824,0.994417190317144,0.395250976085663,0.148797929286957,6,64,59,FALSE,TRUE,TRUE,0.963195064868792
17,1634000,"1987-07-27",86.032483,0.948949658421624,0.998699699153382,1987,7,27,"Summer",0.961808920901824,0.994417190317144,0.395250976085663,0.148797929286957,6,64,59,FALSE,TRUE,TRUE,0.963195064868792
17,1634000,"1987-07-28",81.542183,0.947806923112983,0.998795789325071,1987,7,28,"Summer",0.961808920901824,0.994417190317144,0.395250976085663,0.148797929286957,6,64,59,FALSE,TRUE,TRUE,0.963195064868792
18,1634000,"1987-10-01",607.764034,0.979040388340745,1.05439085736379,1987,10,1,"Fall",0.96137552116111,0.997134232137248,0.53170371055603,0.0143857002258301,5,31,27,FALSE,TRUE,TRUE,0.961998957087494
18,1634000,"1987-10-02",604.839427,0.99518792354205,1.01649322683068,1987,10,2,"Fall",0.96137552116111,0.997134232137248,0.53170371055603,0.0143857002258301,5,31,27,FALSE,TRUE,TRUE,0.961998957087494
18,1634000,"1987-10-03",587.253048,0.97092388787016,0.975618639356545,1987,10,3,"Fall",0.96137552116111,0.997134232137248,0.53170371055603,0.0143857002258301,5,31,27,FALSE,TRUE,TRUE,0.961998957087494
18,1634000,"1987-10-04",571.937171,0.973919459333313,1.00308527939273,1987,10,4,"Fall",0.96137552116111,0.997134232137248,0.53170371055603,0.0143857002258301,5,31,27,FALSE,TRUE,TRUE,0.961998957087494
18,1634000,"1987-10-05",550.185966,0.961969240498971,0.987729766851026,1987,10,5,"Fall",0.96137552116111,0.997134232137248,0.53170371055603,0.0143857002258301,5,31,27,FALSE,TRUE,TRUE,0.961998957087494
18,1634000,"1987-10-06",525.128547,0.954456455546887,0.992190202518131,1987,10,6,"Fall",0.96137552116111,0.997134232137248,0.53170371055603,0.0143857002258301,5,31,27,FALSE,TRUE,TRUE,0.961998957087494
18,1634000,"1987-10-07",501.36319,0.954743734394619,1.00030098685599,1987,10,7,"Fall",0.96137552116111,0.997134232137248,0.53170371055603,0.0143857002258301,5,31,27,FALSE,TRUE,TRUE,0.961998957087494
18,1634000,"1987-10-08",480.136244,0.957661538734026,1.00305611258215,1987,10,8,"Fall",0.96137552116111,0.997134232137248,0.53170371055603,0.0143857002258301,5,31,27,FALSE,TRUE,TRUE,0.961998957087494
18,1634000,"1987-10-09",460.420699,0.95893760313583,1.00133247953498,1987,10,9,"Fall",0.96137552116111,0.997134232137248,0.53170371055603,0.0143857002258301,5,31,27,FALSE,TRUE,TRUE,0.961998957087494
18,1634000,"1987-10-10",441.208797,0.958273157480264,0.999307102304265,1987,10,10,"Fall",0.96137552116111,0.997134232137248,0.53170371055603,0.0143857002258301,5,31,27,FALSE,TRUE,TRUE,0.961998957087494
18,1634000,"1987-10-11",423.31965,0.959454237717749,1.0012325089441,1987,10,11,"Fall",0.96137552116111,0.997134232137248,0.53170371055603,0.0143857002258301,5,31,27,FALSE,TRUE,TRUE,0.961998957087494
18,1634000,"1987-10-12",406.540788,0.960363611752963,1.00094780344853,1987,10,12,"Fall",0.96137552116111,0.997134232137248,0.53170371055603,0.0143857002258301,5,31,27,FALSE,TRUE,TRUE,0.961998957087494
18,1634000,"1987-10-13",390.635013,0.960875327963402,1.00053283590109,1987,10,13,"Fall",0.96137552116111,0.997134232137248,0.53170371055603,0.0143857002258301,5,31,27,FALSE,TRUE,TRUE,0.961998957087494
18,1634000,"1987-10-14",375.296357,0.960734047155164,0.999852966556506,1987,10,14,"Fall",0.96137552116111,0.997134232137248,0.53170371055603,0.0143857002258301,5,31,27,FALSE,TRUE,TRUE,0.961998957087494
18,1634000,"1987-10-15",360.446738,0.960432285784218,0.999685905405519,1987,10,15,"Fall",0.96137552116111,0.997134232137248,0.53170371055603,0.0143857002258301,5,31,27,FALSE,TRUE,TRUE,0.961998957087494
18,1634000,"1987-10-16",346.206622,0.960493147811481,1.00006336940997,1987,10,16,"Fall",0.96137552116111,0.997134232137248,0.53170371055603,0.0143857002258301,5,31,27,FALSE,TRUE,TRUE,0.961998957087494
18,1634000,"1987-10-17",332.584638,0.960653600669718,1.00016705257982,1987,10,17,"Fall",0.96137552116111,0.997134232137248,0.53170371055603,0.0143857002258301,5,31,27,FALSE,TRUE,TRUE,0.961998957087494
18,1634000,"1987-10-18",319.4323,0.960454162648366,0.999792393406726,1987,10,18,"Fall",0.96137552116111,0.997134232137248,0.53170371055603,0.0143857002258301,5,31,27,FALSE,TRUE,TRUE,0.961998957087494
18,1634000,"1987-10-19",306.621622,0.959895483330897,0.999418317563507,1987,10,19,"Fall",0.96137552116111,0.997134232137248,0.53170371055603,0.0143857002258301,5,31,27,FALSE,TRUE,TRUE,0.961998957087494
18,1634000,"1987-10-20",294.090499,0.95913163945105,0.999204242656506,1987,10,20,"Fall",0.96137552116111,0.997134232137248,0.53170371055603,0.0143857002258301,5,31,27,FALSE,TRUE,TRUE,0.961998957087494
18,1634000,"1987-10-21",281.84731,0.958369314746207,0.999205192829131,1987,10,21,"Fall",0.96137552116111,0.997134232137248,0.53170371055603,0.0143857002258301,5,31,27,FALSE,TRUE,TRUE,0.961998957087494
18,1634000,"1987-10-22",274.642854,0.974438443283351,1.01676715676294,1987,10,22,"Fall",0.96137552116111,0.997134232137248,0.53170371055603,0.0143857002258301,5,31,27,FALSE,TRUE,TRUE,0.961998957087494
18,1634000,"1987-10-23",268.646242,0.978165781804758,1.00382511440009,1987,10,23,"Fall",0.96137552116111,0.997134232137248,0.53170371055603,0.0143857002258301,5,31,27,FALSE,TRUE,TRUE,0.961998957087494
18,1634000,"1987-10-24",260.087028,0.96813946126222,0.98974987601382,1987,10,24,"Fall",0.96137552116111,0.997134232137248,0.53170371055603,0.0143857002258301,5,31,27,FALSE,TRUE,TRUE,0.961998957087494
18,1634000,"1987-10-25",252.213632,0.969727840482686,1.00164065125328,1987,10,25,"Fall",0.96137552116111,0.997134232137248,0.53170371055603,0.0143857002258301,5,31,27,FALSE,TRUE,TRUE,0.961998957087494
18,1634000,"1987-10-26",243.925015,0.967136522580984,0.997327788485053,1987,10,26,"Fall",0.96137552116111,0.997134232137248,0.53170371055603,0.0143857002258301,5,31,27,FALSE,TRUE,TRUE,0.961998957087494
18,1634000,"1987-10-27",235.499634,0.965459135054271,0.998265614535746,1987,10,27,"Fall",0.96137552116111,0.997134232137248,0.53170371055603,0.0143857002258301,5,31,27,FALSE,TRUE,TRUE,0.961998957087494
20,1634000,"1988-02-08",843.670434,0.978998698790055,0.97850169178722,1988,2,8,"Winter",0.979327561279037,0.951901337308387,0.860032796859741,0.860032796859741,1,26,26,FALSE,TRUE,TRUE,0.979327561279037
20,1634000,"1988-02-09",815.338136,0.96641781333302,0.987149231686841,1988,2,9,"Winter",0.979327561279037,0.951901337308387,0.860032796859741,0.860032796859741,1,26,26,FALSE,TRUE,TRUE,0.979327561279037
20,1634000,"1988-02-10",784.257056,0.961879521357259,0.995304006286775,1988,2,10,"Winter",0.979327561279037,0.951901337308387,0.860032796859741,0.860032796859741,1,26,26,FALSE,TRUE,TRUE,0.979327561279037
20,1634000,"1988-02-11",753.927255,0.961326709440533,0.999425279461251,1988,2,11,"Winter",0.979327561279037,0.951901337308387,0.860032796859741,0.860032796859741,1,26,26,FALSE,TRUE,TRUE,0.979327561279037
20,1634000,"1988-02-12",725.541024,0.962348846242467,1.00106325642666,1988,2,12,"Winter",0.979327561279037,0.951901337308387,0.860032796859741,0.860032796859741,1,26,26,FALSE,TRUE,TRUE,0.979327561279037
20,1634000,"1988-02-13",704.746241,0.971338928727482,1.00934181250398,1988,2,13,"Winter",0.979327561279037,0.951901337308387,0.860032796859741,0.860032796859741,1,26,26,FALSE,TRUE,TRUE,0.979327561279037
20,1634000,"1988-02-14",687.962898,0.976185267797689,1.00498933886708,1988,2,14,"Winter",0.979327561279037,0.951901337308387,0.860032796859741,0.860032796859741,1,26,26,FALSE,TRUE,TRUE,0.979327561279037
20,1634000,"1988-02-15",668.297003,0.971414308740818,0.995112650011985,1988,2,15,"Winter",0.979327561279037,0.951901337308387,0.860032796859741,0.860032796859741,1,26,26,FALSE,TRUE,TRUE,0.979327561279037
20,1634000,"1988-02-16",650.276469,0.973035141682358,1.00166852899628,1988,2,16,"Winter",0.979327561279037,0.951901337308387,0.860032796859741,0.860032796859741,1,26,26,FALSE,TRUE,TRUE,0.979327561279037
20,1634000,"1988-02-17",644.894475,0.991723529519257,1.01920628252397,1988,2,17,"Winter",0.979327561279037,0.951901337308387,0.860032796859741,0.860032796859741,1,26,26,FALSE,TRUE,TRUE,0.979327561279037
20,1634000,"1988-02-18",644.718698,0.999727432926139,1.00807070031984,1988,2,18,"Winter",0.979327561279037,0.951901337308387,0.860032796859741,0.860032796859741,1,26,26,FALSE,TRUE,TRUE,0.979327561279037
20,1634000,"1988-02-19",639.886108,0.992504343343863,0.992774941104562,1988,2,19,"Winter",0.979327561279037,0.951901337308387,0.860032796859741,0.860032796859741,1,26,26,FALSE,TRUE,TRUE,0.979327561279037
20,1634000,"1988-02-20",632.919929,0.989113407975408,0.99658345538617,1988,2,20,"Winter",0.979327561279037,0.951901337308387,0.860032796859741,0.860032796859741,1,26,26,FALSE,TRUE,TRUE,0.979327561279037
20,1634000,"1988-02-21",631.44526,0.997670054405887,1.00865082442669,1988,2,21,"Winter",0.979327561279037,0.951901337308387,0.860032796859741,0.860032796859741,1,26,26,FALSE,TRUE,TRUE,0.979327561279037
20,1634000,"1988-02-22",630.805894,0.998987456173161,1.00132047841013,1988,2,22,"Winter",0.979327561279037,0.951901337308387,0.860032796859741,0.860032796859741,1,26,26,FALSE,TRUE,TRUE,0.979327561279037
20,1634000,"1988-02-23",623.897307,0.989047998654242,0.990050468144021,1988,2,23,"Winter",0.979327561279037,0.951901337308387,0.860032796859741,0.860032796859741,1,26,26,FALSE,TRUE,TRUE,0.979327561279037
20,1634000,"1988-02-24",614.27395,0.98457541506907,0.995477890262902,1988,2,24,"Winter",0.979327561279037,0.951901337308387,0.860032796859741,0.860032796859741,1,26,26,FALSE,TRUE,TRUE,0.979327561279037
20,1634000,"1988-02-25",598.222645,0.973869468174582,0.989126331278812,1988,2,25,"Winter",0.979327561279037,0.951901337308387,0.860032796859741,0.860032796859741,1,26,26,FALSE,TRUE,TRUE,0.979327561279037
20,1634000,"1988-02-26",578.791944,0.967519282055931,0.993479427863619,1988,2,26,"Winter",0.979327561279037,0.951901337308387,0.860032796859741,0.860032796859741,1,26,26,FALSE,TRUE,TRUE,0.979327561279037
20,1634000,"1988-02-27",558.676075,0.96524507777185,0.997649448102731,1988,2,27,"Winter",0.979327561279037,0.951901337308387,0.860032796859741,0.860032796859741,1,26,26,FALSE,TRUE,TRUE,0.979327561279037
20,1634000,"1988-02-28",539.13527,0.965023014454306,0.999769940999797,1988,2,28,"Winter",0.979327561279037,0.951901337308387,0.860032796859741,0.860032796859741,1,26,26,FALSE,TRUE,TRUE,0.979327561279037
20,1634000,"1988-02-29",520.504966,0.965444100883995,1.00043634858794,1988,2,29,"Winter",0.979327561279037,0.951901337308387,0.860032796859741,0.860032796859741,1,26,26,FALSE,TRUE,TRUE,0.979327561279037
20,1634000,"1988-03-01",502.787664,0.965961319954054,1.00053573176281,1988,3,1,"Spring",0.979327561279037,0.951901337308387,0.860032796859741,0.860032796859741,1,26,26,FALSE,TRUE,TRUE,0.979327561279037
20,1634000,"1988-03-02",486.059587,0.966729340837607,1.00079508451083,1988,3,2,"Spring",0.979327561279037,0.951901337308387,0.860032796859741,0.860032796859741,1,26,26,FALSE,TRUE,TRUE,0.979327561279037
20,1634000,"1988-03-03",469.868798,0.96668970341696,0.999958998430096,1988,3,3,"Spring",0.979327561279037,0.951901337308387,0.860032796859741,0.860032796859741,1,26,26,FALSE,TRUE,TRUE,0.979327561279037
20,1634000,"1988-03-04",455.164901,0.968706377051238,1.00208616438879,1988,3,4,"Spring",0.979327561279037,0.951901337308387,0.860032796859741,0.860032796859741,1,26,26,FALSE,TRUE,TRUE,0.979327561279037
22,1634000,"1988-04-21",366.806507,0.956490962784924,1.00285120207926,1988,4,21,"Spring",0.95763988819708,0.998880315911877,1,0.000326395034790039,8,21,14,FALSE,TRUE,TRUE,0.964745347433719
22,1634000,"1988-04-22",351.23015,0.957535221696599,1.00109176035353,1988,4,22,"Spring",0.95763988819708,0.998880315911877,1,0.000326395034790039,8,21,14,FALSE,TRUE,TRUE,0.964745347433719
22,1634000,"1988-04-23",336.991814,0.959461521170663,1.0020117270158,1988,4,23,"Spring",0.95763988819708,0.998880315911877,1,0.000326395034790039,8,21,14,FALSE,TRUE,TRUE,0.964745347433719
22,1634000,"1988-04-24",324.565209,0.963124905461353,1.00381816697164,1988,4,24,"Spring",0.95763988819708,0.998880315911877,1,0.000326395034790039,8,21,14,FALSE,TRUE,TRUE,0.964745347433719
22,1634000,"1988-04-25",314.316209,0.968422370248562,1.00550028844355,1988,4,25,"Spring",0.95763988819708,0.998880315911877,1,0.000326395034790039,8,21,14,FALSE,TRUE,TRUE,0.964745347433719
22,1634000,"1988-04-26",304.605189,0.969104297767857,1.00070416332816,1988,4,26,"Spring",0.95763988819708,0.998880315911877,1,0.000326395034790039,8,21,14,FALSE,TRUE,TRUE,0.964745347433719
22,1634000,"1988-04-27",294.402906,0.96650653577671,0.997319419594846,1988,4,27,"Spring",0.95763988819708,0.998880315911877,1,0.000326395034790039,8,21,14,FALSE,TRUE,TRUE,0.964745347433719
22,1634000,"1988-04-28",284.014522,0.964713717873424,0.998145053512912,1988,4,28,"Spring",0.95763988819708,0.998880315911877,1,0.000326395034790039,8,21,14,FALSE,TRUE,TRUE,0.964745347433719
22,1634000,"1988-04-29",274.65399,0.967042065546212,1.00241351152124,1988,4,29,"Spring",0.95763988819708,0.998880315911877,1,0.000326395034790039,8,21,14,FALSE,TRUE,TRUE,0.964745347433719
22,1634000,"1988-04-30",265.444604,0.966469134491729,0.99940754277927,1988,4,30,"Spring",0.95763988819708,0.998880315911877,1,0.000326395034790039,8,21,14,FALSE,TRUE,TRUE,0.964745347433719
22,1634000,"1988-05-01",255.514406,0.962590318844831,0.995986611979142,1988,5,1,"Spring",0.95763988819708,0.998880315911877,1,0.000326395034790039,8,21,14,FALSE,TRUE,TRUE,0.964745347433719
22,1634000,"1988-05-02",245.800479,0.96198285978443,0.999368932921401,1988,5,2,"Spring",0.95763988819708,0.998880315911877,1,0.000326395034790039,8,21,14,FALSE,TRUE,TRUE,0.964745347433719
22,1634000,"1988-05-03",236.191568,0.960907679923602,0.998882329503179,1988,5,3,"Spring",0.95763988819708,0.998880315911877,1,0.000326395034790039,8,21,14,FALSE,TRUE,TRUE,0.964745347433719
22,1634000,"1988-05-04",226.625488,0.959498638833711,0.998533635312393,1988,5,4,"Spring",0.95763988819708,0.998880315911877,1,0.000326395034790039,8,21,14,FALSE,TRUE,TRUE,0.964745347433719
23,1634000,"1988-05-25",1421.509108,0.902400451076719,1.02042303675078,1988,5,25,"Spring",0.950920311004436,0.99500434458505,0.453299462795258,0.453299462795258,1,49,49,FALSE,TRUE,TRUE,0.950989964803677
23,1634000,"1988-05-26",1383.735472,0.973427088305367,1.07870855687616,1988,5,26,"Spring",0.950920311004436,0.99500434458505,0.453299462795258,0.453299462795258,1,49,49,FALSE,TRUE,TRUE,0.950989964803677
23,1634000,"1988-05-27",1368.041725,0.988658419678064,1.01564712093559,1988,5,27,"Spring",0.950920311004436,0.99500434458505,0.453299462795258,0.453299462795258,1,49,49,FALSE,TRUE,TRUE,0.950989964803677
23,1634000,"1988-05-28",1331.480536,0.973274799787265,0.984439904030951,1988,5,28,"Spring",0.950920311004436,0.99500434458505,0.453299462795258,0.453299462795258,1,49,49,FALSE,TRUE,TRUE,0.950989964803677
23,1634000,"1988-05-29",1265.444427,0.950403999747241,0.976501189545827,1988,5,29,"Spring",0.950920311004436,0.99500434458505,0.453299462795258,0.453299462795258,1,49,49,FALSE,TRUE,TRUE,0.950989964803677
23,1634000,"1988-05-30",1168.86502,0.923679456055639,0.971880859404307,1988,5,30,"Spring",0.950920311004436,0.99500434458505,0.453299462795258,0.453299462795258,1,49,49,FALSE,TRUE,TRUE,0.950989964803677
23,1634000,"1988-05-31",1067.868794,0.913594620189763,0.989081887878138,1988,5,31,"Spring",0.950920311004436,0.99500434458505,0.453299462795258,0.453299462795258,1,49,49,FALSE,TRUE,TRUE,0.950989964803677
23,1634000,"1988-06-01",979.080172,0.916854371530591,1.00356805006158,1988,6,1,"Summer",0.950920311004436,0.99500434458505,0.453299462795258,0.453299462795258,1,49,49,FALSE,TRUE,TRUE,0.950989964803677
23,1634000,"1988-06-02",906.401013,0.925767918625565,1.00972187881931,1988,6,2,"Summer",0.950920311004436,0.99500434458505,0.453299462795258,0.453299462795258,1,49,49,FALSE,TRUE,TRUE,0.950989964803677
23,1634000,"1988-06-03",854.954224,0.943240587485972,1.01887370312675,1988,6,3,"Summer",0.950920311004436,0.99500434458505,0.453299462795258,0.453299462795258,1,49,49,FALSE,TRUE,TRUE,0.950989964803677
23,1634000,"1988-06-04",821.019058,0.960307622271014,1.0180940419777,1988,6,4,"Summer",0.950920311004436,0.99500434458505,0.453299462795258,0.453299462795258,1,49,49,FALSE,TRUE,TRUE,0.950989964803677
23,1634000,"1988-06-05",797.461347,0.971306742796706,1.01145374697712,1988,6,5,"Summer",0.950920311004436,0.99500434458505,0.453299462795258,0.453299462795258,1,49,49,FALSE,TRUE,TRUE,0.950989964803677
23,1634000,"1988-06-06",785.865862,0.985459502151895,1.01457084433949,1988,6,6,"Summer",0.950920311004436,0.99500434458505,0.453299462795258,0.453299462795258,1,49,49,FALSE,TRUE,TRUE,0.950989964803677
23,1634000,"1988-06-07",772.997184,0.98362484156361,0.998138268914878,1988,6,7,"Summer",0.950920311004436,0.99500434458505,0.453299462795258,0.453299462795258,1,49,49,FALSE,TRUE,TRUE,0.950989964803677
23,1634000,"1988-06-08",748.56651,0.968394873221168,0.984516486673688,1988,6,8,"Summer",0.950920311004436,0.99500434458505,0.453299462795258,0.453299462795258,1,49,49,FALSE,TRUE,TRUE,0.950989964803677
23,1634000,"1988-06-09",717.368026,0.958322362030329,0.989598756179558,1988,6,9,"Summer",0.950920311004436,0.99500434458505,0.453299462795258,0.453299462795258,1,49,49,FALSE,TRUE,TRUE,0.950989964803677
23,1634000,"1988-06-10",696.003121,0.970217650877013,1.01241261742185,1988,6,10,"Summer",0.950920311004436,0.99500434458505,0.453299462795258,0.453299462795258,1,49,49,FALSE,TRUE,TRUE,0.950989964803677
23,1634000,"1988-06-11",678.708794,0.975151940446543,1.00508575530972,1988,6,11,"Summer",0.950920311004436,0.99500434458505,0.453299462795258,0.453299462795258,1,49,49,FALSE,TRUE,TRUE,0.950989964803677
23,1634000,"1988-06-12",653.758213,0.963238164555151,0.987782646583325,1988,6,12,"Summer",0.950920311004436,0.99500434458505,0.453299462795258,0.453299462795258,1,49,49,FALSE,TRUE,TRUE,0.950989964803677
23,1634000,"1988-06-13",627.077084,0.959188078299523,0.995795342829363,1988,6,13,"Summer",0.950920311004436,0.99500434458505,0.453299462795258,0.453299462795258,1,49,49,FALSE,TRUE,TRUE,0.950989964803677
23,1634000,"1988-06-14",598.337518,0.954169006118552,0.994767374309042,1988,6,14,"Summer",0.950920311004436,0.99500434458505,0.453299462795258,0.453299462795258,1,49,49,FALSE,TRUE,TRUE,0.950989964803677
23,1634000,"1988-06-15",569.926088,0.952516047974113,0.998267646366797,1988,6,15,"Summer",0.950920311004436,0.99500434458505,0.453299462795258,0.453299462795258,1,49,49,FALSE,TRUE,TRUE,0.950989964803677
23,1634000,"1988-06-16",541.816906,0.950679250183754,0.998071635859294,1988,6,16,"Summer",0.950920311004436,0.99500434458505,0.453299462795258,0.453299462795258,1,49,49,FALSE,TRUE,TRUE,0.950989964803677
23,1634000,"1988-06-17",513.341131,0.947443915675824,0.996596818004281,1988,6,17,"Summer",0.950920311004436,0.99500434458505,0.453299462795258,0.453299462795258,1,49,49,FALSE,TRUE,TRUE,0.950989964803677
23,1634000,"1988-06-18",484.379021,0.943581162211605,0.995922974014284,1988,6,18,"Summer",0.950920311004436,0.99500434458505,0.453299462795258,0.453299462795258,1,49,49,FALSE,TRUE,TRUE,0.950989964803677
23,1634000,"1988-06-19",455.431262,0.940237380759725,0.996456286342085,1988,6,19,"Summer",0.950920311004436,0.99500434458505,0.453299462795258,0.453299462795258,1,49,49,FALSE,TRUE,TRUE,0.950989964803677
23,1634000,"1988-06-20",427.312304,0.938258612558749,0.997895458911262,1988,6,20,"Summer",0.950920311004436,0.99500434458505,0.453299462795258,0.453299462795258,1,49,49,FALSE,TRUE,TRUE,0.950989964803677
23,1634000,"1988-06-21",400.626782,0.937550307467861,0.999245085436566,1988,6,21,"Summer",0.950920311004436,0.99500434458505,0.453299462795258,0.453299462795258,1,49,49,FALSE,TRUE,TRUE,0.950989964803677
23,1634000,"1988-06-22",375.568312,0.937451835159637,0.999894968507355,1988,6,22,"Summer",0.950920311004436,0.99500434458505,0.453299462795258,0.453299462795258,1,49,49,FALSE,TRUE,TRUE,0.950989964803677
23,1634000,"1988-06-23",352.355108,0.938191792922082,1.00078932883236,1988,6,23,"Summer",0.950920311004436,0.99500434458505,0.453299462795258,0.453299462795258,1,49,49,FALSE,TRUE,TRUE,0.950989964803677
23,1634000,"1988-06-24",332.166972,0.942705141654992,1.00481068878129,1988,6,24,"Summer",0.950920311004436,0.99500434458505,0.453299462795258,0.453299462795258,1,49,49,FALSE,TRUE,TRUE,0.950989964803677
23,1634000,"1988-06-25",314.020007,0.945367942842915,1.00282463844766,1988,6,25,"Summer",0.950920311004436,0.99500434458505,0.453299462795258,0.453299462795258,1,49,49,FALSE,TRUE,TRUE,0.950989964803677
23,1634000,"1988-06-26",296.954878,0.945655918032,1.00030461704489,1988,6,26,"Summer",0.950920311004436,0.99500434458505,0.453299462795258,0.453299462795258,1,49,49,FALSE,TRUE,TRUE,0.950989964803677
23,1634000,"1988-06-27",281.377911,0.947544330287108,1.0019969337886,1988,6,27,"Summer",0.950920311004436,0.99500434458505,0.453299462795258,0.453299462795258,1,49,49,FALSE,TRUE,TRUE,0.950989964803677
23,1634000,"1988-06-28",266.753888,0.948027110770611,1.00050950701521,1988,6,28,"Summer",0.950920311004436,0.99500434458505,0.453299462795258,0.453299462795258,1,49,49,FALSE,TRUE,TRUE,0.950989964803677
23,1634000,"1988-06-29",253.100846,0.948817833163129,1.0008340714981,1988,6,29,"Summer",0.950920311004436,0.99500434458505,0.453299462795258,0.453299462795258,1,49,49,FALSE,TRUE,TRUE,0.950989964803677
23,1634000,"1988-06-30",240.347892,0.949613151431347,1.00083822019404,1988,6,30,"Summer",0.950920311004436,0.99500434458505,0.453299462795258,0.453299462795258,1,49,49,FALSE,TRUE,TRUE,0.950989964803677
23,1634000,"1988-07-01",228.385091,0.950227144076637,1.00064657133735,1988,7,1,"Summer",0.950920311004436,0.99500434458505,0.453299462795258,0.453299462795258,1,49,49,FALSE,TRUE,TRUE,0.950989964803677
23,1634000,"1988-07-02",217.145161,0.950785185010172,1.00058727109304,1988,7,2,"Summer",0.950920311004436,0.99500434458505,0.453299462795258,0.453299462795258,1,49,49,FALSE,TRUE,TRUE,0.950989964803677
23,1634000,"1988-07-03",206.597447,0.951425516684666,1.00067347670598,1988,7,3,"Summer",0.950920311004436,0.99500434458505,0.453299462795258,0.453299462795258,1,49,49,FALSE,TRUE,TRUE,0.950989964803677
23,1634000,"1988-07-04",196.667204,0.951934338278633,1.00053479918821,1988,7,4,"Summer",0.950920311004436,0.99500434458505,0.453299462795258,0.453299462795258,1,49,49,FALSE,TRUE,TRUE,0.950989964803677
23,1634000,"1988-07-05",187.192169,0.951821987564332,0.999881976403431,1988,7,5,"Summer",0.950920311004436,0.99500434458505,0.453299462795258,0.453299462795258,1,49,49,FALSE,TRUE,TRUE,0.950989964803677
23,1634000,"1988-07-06",178.036765,0.951090881371218,0.999231887682081,1988,7,6,"Summer",0.950920311004436,0.99500434458505,0.453299462795258,0.453299462795258,1,49,49,FALSE,TRUE,TRUE,0.950989964803677
23,1634000,"1988-07-07",169.165385,0.95017107842866,0.999032896897054,1988,7,7,"Summer",0.950920311004436,0.99500434458505,0.453299462795258,0.453299462795258,1,49,49,FALSE,TRUE,TRUE,0.950989964803677
23,1634000,"1988-07-08",160.579885,0.949247891346093,0.999028399091989,1988,7,8,"Summer",0.950920311004436,0.99500434458505,0.453299462795258,0.453299462795258,1,49,49,FALSE,TRUE,TRUE,0.950989964803677
23,1634000,"1988-07-09",152.299497,0.948434463008863,0.999143081228154,1988,7,9,"Summer",0.950920311004436,0.99500434458505,0.453299462795258,0.453299462795258,1,49,49,FALSE,TRUE,TRUE,0.950989964803677
23,1634000,"1988-07-10",144.372978,0.947954398037178,0.999493834323394,1988,7,10,"Summer",0.950920311004436,0.99500434458505,0.453299462795258,0.453299462795258,1,49,49,FALSE,TRUE,TRUE,0.950989964803677
23,1634000,"1988-07-11",136.949076,0.948578313595498,1.00065817043479,1988,7,11,"Summer",0.950920311004436,0.99500434458505,0.453299462795258,0.453299462795258,1,49,49,FALSE,TRUE,TRUE,0.950989964803677
23,1634000,"1988-07-12",130.328113,0.951653832260979,1.00324224012019,1988,7,12,"Summer",0.950920311004436,0.99500434458505,0.453299462795258,0.453299462795258,1,49,49,FALSE,TRUE,TRUE,0.950989964803677
26,1634000,"1988-11-27",296.179753,0.924678310694301,0.986506951820557,1988,11,27,"Fall",0.973281010291973,0.981732483462358,0.480605125427246,0.480605125427246,1,26,26,FALSE,TRUE,TRUE,0.973470111263405
26,1634000,"1988-11-28",274.051035,0.925286189295998,1.0006573946795,1988,11,28,"Fall",0.973281010291973,0.981732483462358,0.480605125427246,0.480605125427246,1,26,26,FALSE,TRUE,TRUE,0.973470111263405
26,1634000,"1988-11-29",266.834347,0.973666627458641,1.05228699911695,1988,11,29,"Fall",0.973281010291973,0.981732483462358,0.480605125427246,0.480605125427246,1,26,26,FALSE,TRUE,TRUE,0.973470111263405
26,1634000,"1988-11-30",266.394393,0.998351209261677,1.02535219047968,1988,11,30,"Fall",0.973281010291973,0.981732483462358,0.480605125427246,0.480605125427246,1,26,26,FALSE,TRUE,TRUE,0.973470111263405
26,1634000,"1988-12-01",262.385152,0.984949979784297,0.98657663820802,1988,12,1,"Winter",0.973281010291973,0.981732483462358,0.480605125427246,0.480605125427246,1,26,26,FALSE,TRUE,TRUE,0.973470111263405
26,1634000,"1988-12-02",258.449496,0.985000462221277,1.00005125380782,1988,12,2,"Winter",0.973281010291973,0.981732483462358,0.480605125427246,0.480605125427246,1,26,26,FALSE,TRUE,TRUE,0.973470111263405
26,1634000,"1988-12-03",250.67305,0.96991115819394,0.984680916805552,1988,12,3,"Winter",0.973281010291973,0.981732483462358,0.480605125427246,0.480605125427246,1,26,26,FALSE,TRUE,TRUE,0.973470111263405
26,1634000,"1988-12-04",241.17957,0.96212803889369,0.991975430703631,1988,12,4,"Winter",0.973281010291973,0.981732483462358,0.480605125427246,0.480605125427246,1,26,26,FALSE,TRUE,TRUE,0.973470111263405
26,1634000,"1988-12-05",231.378237,0.959360848848018,0.997123885871932,1988,12,5,"Winter",0.973281010291973,0.981732483462358,0.480605125427246,0.480605125427246,1,26,26,FALSE,TRUE,TRUE,0.973470111263405
26,1634000,"1988-12-06",221.971434,0.959344478020204,0.999982935693244,1988,12,6,"Winter",0.973281010291973,0.981732483462358,0.480605125427246,0.480605125427246,1,26,26,FALSE,TRUE,TRUE,0.973470111263405
26,1634000,"1988-12-07",213.142187,0.960223498848956,1.00091627235982,1988,12,7,"Winter",0.973281010291973,0.981732483462358,0.480605125427246,0.480605125427246,1,26,26,FALSE,TRUE,TRUE,0.973470111263405
26,1634000,"1988-12-08",204.876458,0.961219648177862,1.00103741402923,1988,12,8,"Winter",0.973281010291973,0.981732483462358,0.480605125427246,0.480605125427246,1,26,26,FALSE,TRUE,TRUE,0.973470111263405
26,1634000,"1988-12-09",197.069762,0.961895592708851,1.0007032154745,1988,12,9,"Winter",0.973281010291973,0.981732483462358,0.480605125427246,0.480605125427246,1,26,26,FALSE,TRUE,TRUE,0.973470111263405
26,1634000,"1988-12-10",194.253827,0.985710973761667,1.02475880046996,1988,12,10,"Winter",0.973281010291973,0.981732483462358,0.480605125427246,0.480605125427246,1,26,26,FALSE,TRUE,TRUE,0.973470111263405
26,1634000,"1988-12-11",195.230224,1.00502639775535,1.01959542351443,1988,12,11,"Winter",0.973281010291973,0.981732483462358,0.480605125427246,0.480605125427246,1,26,26,FALSE,TRUE,TRUE,0.973470111263405
26,1634000,"1988-12-12",196.072687,1.00431522836341,0.999292387350699,1988,12,12,"Winter",0.973281010291973,0.981732483462358,0.480605125427246,0.480605125427246,1,26,26,FALSE,TRUE,TRUE,0.973470111263405
26,1634000,"1988-12-13",195.132214,0.99520344717875,0.990927369288714,1988,12,13,"Winter",0.973281010291973,0.981732483462358,0.480605125427246,0.480605125427246,1,26,26,FALSE,TRUE,TRUE,0.973470111263405
26,1634000,"1988-12-14",190.622243,0.976887614261375,0.981595890800723,1988,12,14,"Winter",0.973281010291973,0.981732483462358,0.480605125427246,0.480605125427246,1,26,26,FALSE,TRUE,TRUE,0.973470111263405
26,1634000,"1988-12-15",184.062938,0.965590033477888,0.988435127420436,1988,12,15,"Winter",0.973281010291973,0.981732483462358,0.480605125427246,0.480605125427246,1,26,26,FALSE,TRUE,TRUE,0.973470111263405
26,1634000,"1988-12-16",177.304714,0.96328308092094,0.997610836403688,1988,12,16,"Winter",0.973281010291973,0.981732483462358,0.480605125427246,0.480605125427246,1,26,26,FALSE,TRUE,TRUE,0.973470111263405
26,1634000,"1988-12-17",171.05169,0.96473289480617,1.00150507562517,1988,12,17,"Winter",0.973281010291973,0.981732483462358,0.480605125427246,0.480605125427246,1,26,26,FALSE,TRUE,TRUE,0.973470111263405
26,1634000,"1988-12-18",164.339672,0.960760294154358,0.995882175601973,1988,12,18,"Winter",0.973281010291973,0.981732483462358,0.480605125427246,0.480605125427246,1,26,26,FALSE,TRUE,TRUE,0.973470111263405
26,1634000,"1988-12-19",157.846754,0.960490866745797,0.99971956854358,1988,12,19,"Winter",0.973281010291973,0.981732483462358,0.480605125427246,0.480605125427246,1,26,26,FALSE,TRUE,TRUE,0.973470111263405
26,1634000,"1988-12-20",151.909813,0.962387943688725,1.00197511190227,1988,12,20,"Winter",0.973281010291973,0.981732483462358,0.480605125427246,0.480605125427246,1,26,26,FALSE,TRUE,TRUE,0.973470111263405
26,1634000,"1988-12-21",146.906445,0.967063562904919,1.00485835181837,1988,12,21,"Winter",0.973281010291973,0.981732483462358,0.480605125427246,0.480605125427246,1,26,26,FALSE,TRUE,TRUE,0.973470111263405
26,1634000,"1988-12-22",145.957985,0.993543782235014,1.02738208774049,1988,12,22,"Winter",0.973281010291973,0.981732483462358,0.480605125427246,0.480605125427246,1,26,26,FALSE,TRUE,TRUE,0.973470111263405
28,1634000,"1989-04-07",588.818645,0.963709032388356,1.01079241879118,1989,4,7,"Spring",0.969930181992195,0.965646087210066,0.414891004562378,0.000254392623901367,9,29,21,FALSE,TRUE,TRUE,0.976413555893804
28,1634000,"1989-04-08",570.222048,0.968417105745692,1.00488536809255,1989,4,8,"Spring",0.969930181992195,0.965646087210066,0.414891004562378,0.000254392623901367,9,29,21,FALSE,TRUE,TRUE,0.976413555893804
28,1634000,"1989-04-09",551.818592,0.967725807754105,0.999286156773269,1989,4,9,"Spring",0.969930181992195,0.965646087210066,0.414891004562378,0.000254392623901367,9,29,21,FALSE,TRUE,TRUE,0.976413555893804
28,1634000,"1989-04-10",537.046485,0.973230139009162,1.0056879037543,1989,4,10,"Spring",0.969930181992195,0.965646087210066,0.414891004562378,0.000254392623901367,9,29,21,FALSE,TRUE,TRUE,0.976413555893804
28,1634000,"1989-04-11",524.383075,0.976420272073841,1.00327788149669,1989,4,11,"Spring",0.969930181992195,0.965646087210066,0.414891004562378,0.000254392623901367,9,29,21,FALSE,TRUE,TRUE,0.976413555893804
28,1634000,"1989-04-12",511.263637,0.974981194806869,0.998526170227995,1989,4,12,"Spring",0.969930181992195,0.965646087210066,0.414891004562378,0.000254392623901367,9,29,21,FALSE,TRUE,TRUE,0.976413555893804
28,1634000,"1989-04-13",496.818516,0.971746238232859,0.996682031826623,1989,4,13,"Spring",0.969930181992195,0.965646087210066,0.414891004562378,0.000254392623901367,9,29,21,FALSE,TRUE,TRUE,0.976413555893804
28,1634000,"1989-04-14",481.037582,0.968236018804098,0.996387720074796,1989,4,14,"Spring",0.969930181992195,0.965646087210066,0.414891004562378,0.000254392623901367,9,29,21,FALSE,TRUE,TRUE,0.976413555893804
28,1634000,"1989-04-15",464.853603,0.966356102712989,0.998058411322654,1989,4,15,"Spring",0.969930181992195,0.965646087210066,0.414891004562378,0.000254392623901367,9,29,21,FALSE,TRUE,TRUE,0.976413555893804
28,1634000,"1989-04-16",448.761353,0.965382111924816,0.99899209951131,1989,4,16,"Spring",0.969930181992195,0.965646087210066,0.414891004562378,0.000254392623901367,9,29,21,FALSE,TRUE,TRUE,0.976413555893804
28,1634000,"1989-04-17",432.975846,0.964824272646312,0.999422157017814,1989,4,17,"Spring",0.969930181992195,0.965646087210066,0.414891004562378,0.000254392623901367,9,29,21,FALSE,TRUE,TRUE,0.976413555893804
28,1634000,"1989-04-18",417.503948,0.964266140610532,0.999421519491576,1989,4,18,"Spring",0.969930181992195,0.965646087210066,0.414891004562378,0.000254392623901367,9,29,21,FALSE,TRUE,TRUE,0.976413555893804
28,1634000,"1989-04-19",402.30337,0.963591774226767,0.999300642887515,1989,4,19,"Spring",0.969930181992195,0.965646087210066,0.414891004562378,0.000254392623901367,9,29,21,FALSE,TRUE,TRUE,0.976413555893804
28,1634000,"1989-04-20",404.168378,1.00463582494971,1.042594853776,1989,4,20,"Spring",0.969930181992195,0.965646087210066,0.414891004562378,0.000254392623901367,9,29,21,FALSE,TRUE,TRUE,0.976413555893804
28,1634000,"1989-04-21",410.450952,1.01554444717098,1.01085828511223,1989,4,21,"Spring",0.969930181992195,0.965646087210066,0.414891004562378,0.000254392623901367,9,29,21,FALSE,TRUE,TRUE,0.976413555893804
28,1634000,"1989-04-22",406.730381,0.990935406576911,0.975767638075695,1989,4,22,"Spring",0.969930181992195,0.965646087210066,0.414891004562378,0.000254392623901367,9,29,21,FALSE,TRUE,TRUE,0.976413555893804
28,1634000,"1989-04-23",401.841701,0.98798053888185,0.997018102617537,1989,4,23,"Spring",0.969930181992195,0.965646087210066,0.414891004562378,0.000254392623901367,9,29,21,FALSE,TRUE,TRUE,0.976413555893804
28,1634000,"1989-04-24",391.234698,0.973604026228229,0.985448587206089,1989,4,24,"Spring",0.969930181992195,0.965646087210066,0.414891004562378,0.000254392623901367,9,29,21,FALSE,TRUE,TRUE,0.976413555893804
28,1634000,"1989-04-25",377.854052,0.965798928192202,0.991983293181045,1989,4,25,"Spring",0.969930181992195,0.965646087210066,0.414891004562378,0.000254392623901367,9,29,21,FALSE,TRUE,TRUE,0.976413555893804
28,1634000,"1989-04-26",366.544247,0.970068324158133,1.00442058470071,1989,4,26,"Spring",0.969930181992195,0.965646087210066,0.414891004562378,0.000254392623901367,9,29,21,FALSE,TRUE,TRUE,0.976413555893804
28,1634000,"1989-04-27",365.563568,0.997324527644271,1.02809719976146,1989,4,27,"Spring",0.969930181992195,0.965646087210066,0.414891004562378,0.000254392623901367,9,29,21,FALSE,TRUE,TRUE,0.976413555893804
29,1634000,"1989-05-26",1041.881908,0.948211587059758,1.00835550679935,1989,5,26,"Spring",0.950066959796851,0.999621507965172,0.474274337291718,0.162805438041687,5,14,10,FALSE,TRUE,TRUE,0.953478235744653
29,1634000,"1989-05-27",992.356511,0.952465441025779,1.00448618644201,1989,5,27,"Spring",0.950066959796851,0.999621507965172,0.474274337291718,0.162805438041687,5,14,10,FALSE,TRUE,TRUE,0.953478235744653
29,1634000,"1989-05-28",946.913147,0.954206614763673,1.00182807025105,1989,5,28,"Spring",0.950066959796851,0.999621507965172,0.474274337291718,0.162805438041687,5,14,10,FALSE,TRUE,TRUE,0.953478235744653
29,1634000,"1989-05-29",904.2313,0.954925277851275,1.0007531524897,1989,5,29,"Spring",0.950066959796851,0.999621507965172,0.474274337291718,0.162805438041687,5,14,10,FALSE,TRUE,TRUE,0.953478235744653
29,1634000,"1989-05-30",863.476344,0.954928616162701,1.00000349588759,1989,5,30,"Spring",0.950066959796851,0.999621507965172,0.474274337291718,0.162805438041687,5,14,10,FALSE,TRUE,TRUE,0.953478235744653
29,1634000,"1989-05-31",824.267693,0.954592095924286,0.999647596445725,1989,5,31,"Spring",0.950066959796851,0.999621507965172,0.474274337291718,0.162805438041687,5,14,10,FALSE,TRUE,TRUE,0.953478235744653
29,1634000,"1989-06-01",786.325929,0.953969123960315,0.999347394592276,1989,6,1,"Summer",0.950066959796851,0.999621507965172,0.474274337291718,0.162805438041687,5,14,10,FALSE,TRUE,TRUE,0.953478235744653
29,1634000,"1989-06-02",749.169428,0.952746692396048,0.99871858372188,1989,6,2,"Summer",0.950066959796851,0.999621507965172,0.474274337291718,0.162805438041687,5,14,10,FALSE,TRUE,TRUE,0.953478235744653
29,1634000,"1989-06-03",712.248213,0.950717136044158,0.99786978389105,1989,6,3,"Summer",0.950066959796851,0.999621507965172,0.474274337291718,0.162805438041687,5,14,10,FALSE,TRUE,TRUE,0.953478235744653
29,1634000,"1989-06-04",675.350639,0.94819562432514,0.997347779246401,1989,6,4,"Summer",0.950066959796851,0.999621507965172,0.474274337291718,0.162805438041687,5,14,10,FALSE,TRUE,TRUE,0.953478235744653
30,1634000,"1989-07-04",528.451375,0.943069495607004,1.00029998249767,1989,7,4,"Summer",0.968581423013401,0.874399841384375,0.59150505065918,0.00578176975250244,8,17,10,FALSE,TRUE,TRUE,0.988891275055869
30,1634000,"1989-07-05",501.857048,0.949674978137771,1.00700423729273,1989,7,5,"Summer",0.968581423013401,0.874399841384375,0.59150505065918,0.00578176975250244,8,17,10,FALSE,TRUE,TRUE,0.988891275055869
30,1634000,"1989-07-06",496.613101,0.989550914905154,1.04198903591793,1989,7,6,"Summer",0.968581423013401,0.874399841384375,0.59150505065918,0.00578176975250244,8,17,10,FALSE,TRUE,TRUE,0.988891275055869
30,1634000,"1989-07-07",496.652459,1.00007925284275,1.01063951109439,1989,7,7,"Summer",0.968581423013401,0.874399841384375,0.59150505065918,0.00578176975250244,8,17,10,FALSE,TRUE,TRUE,0.988891275055869
30,1634000,"1989-07-08",495.942078,0.998569661768251,0.998490528555406,1989,7,8,"Summer",0.968581423013401,0.874399841384375,0.59150505065918,0.00578176975250244,8,17,10,FALSE,TRUE,TRUE,0.988891275055869
30,1634000,"1989-07-09",495.701164,0.999514229562913,1.00094592078132,1989,7,9,"Summer",0.968581423013401,0.874399841384375,0.59150505065918,0.00578176975250244,8,17,10,FALSE,TRUE,TRUE,0.988891275055869
30,1634000,"1989-07-10",486.957077,0.982360164480066,0.982837597929598,1989,7,10,"Summer",0.968581423013401,0.874399841384375,0.59150505065918,0.00578176975250244,8,17,10,FALSE,TRUE,TRUE,0.988891275055869
30,1634000,"1989-07-11",478.146495,0.981906861166739,0.9995385569064,1989,7,11,"Summer",0.968581423013401,0.874399841384375,0.59150505065918,0.00578176975250244,8,17,10,FALSE,TRUE,TRUE,0.988891275055869
30,1634000,"1989-07-12",471.148875,0.985365112840574,1.0035219752612,1989,7,12,"Summer",0.968581423013401,0.874399841384375,0.59150505065918,0.00578176975250244,8,17,10,FALSE,TRUE,TRUE,0.988891275055869
30,1634000,"1989-07-13",464.954137,0.986851845926619,1.00150881441475,1989,7,13,"Summer",0.968581423013401,0.874399841384375,0.59150505065918,0.00578176975250244,8,17,10,FALSE,TRUE,TRUE,0.988891275055869
32,1634000,"1989-11-03",585.381555,0.959455141004497,1.01202512648351,1989,11,3,"Fall",0.940056858069518,0.99955614427745,0.452370405197144,3.33786010742188e-06,9,14,6,FALSE,TRUE,TRUE,0.964886319940162
32,1634000,"1989-11-04",565.6557,0.966302568245424,1.00713678727466,1989,11,4,"Fall",0.940056858069518,0.99955614427745,0.452370405197144,3.33786010742188e-06,9,14,6,FALSE,TRUE,TRUE,0.964886319940162
32,1634000,"1989-11-05",546.731293,0.966544300711546,1.00025016229291,1989,11,5,"Fall",0.940056858069518,0.99955614427745,0.452370405197144,3.33786010742188e-06,9,14,6,FALSE,TRUE,TRUE,0.964886319940162
32,1634000,"1989-11-06",527.12318,0.964135740443158,0.997508070487183,1989,11,6,"Fall",0.940056858069518,0.99955614427745,0.452370405197144,3.33786010742188e-06,9,14,6,FALSE,TRUE,TRUE,0.964886319940162
32,1634000,"1989-11-07",507.110944,0.962034991517542,0.997821106678765,1989,11,7,"Fall",0.940056858069518,0.99955614427745,0.452370405197144,3.33786010742188e-06,9,14,6,FALSE,TRUE,TRUE,0.964886319940162
32,1634000,"1989-11-08",490.245879,0.966742849470036,1.00489364523536,1989,11,8,"Fall",0.940056858069518,0.99955614427745,0.452370405197144,3.33786010742188e-06,9,14,6,FALSE,TRUE,TRUE,0.964886319940162
33,1634000,"1989-12-09",420.377178,0.966781769005321,1.00211268961366,1989,12,9,"Winter",0.969513323009025,0.998152117362452,0.581254720687866,0.00602984428405762,9,28,20,FALSE,TRUE,TRUE,0.972219581744856
33,1634000,"1989-12-10",406.979216,0.968128712258495,1.00139322367918,1989,12,10,"Winter",0.969513323009025,0.998152117362452,0.581254720687866,0.00602984428405762,9,28,20,FALSE,TRUE,TRUE,0.972219581744856
33,1634000,"1989-12-11",394.366613,0.969009220854168,1.00090949538478,1989,12,11,"Winter",0.969513323009025,0.998152117362452,0.581254720687866,0.00602984428405762,9,28,20,FALSE,TRUE,TRUE,0.972219581744856
33,1634000,"1989-12-12",382.385258,0.96961873899807,1.00062901170679,1989,12,12,"Winter",0.969513323009025,0.998152117362452,0.581254720687866,0.00602984428405762,9,28,20,FALSE,TRUE,TRUE,0.972219581744856
33,1634000,"1989-12-13",370.931982,0.970047809740615,1.00044251490332,1989,12,13,"Winter",0.969513323009025,0.998152117362452,0.581254720687866,0.00602984428405762,9,28,20,FALSE,TRUE,TRUE,0.972219581744856
33,1634000,"1989-12-14",361.156345,0.973645742415384,1.00370902613113,1989,12,14,"Winter",0.969513323009025,0.998152117362452,0.581254720687866,0.00602984428405762,9,28,20,FALSE,TRUE,TRUE,0.972219581744856
33,1634000,"1989-12-15",353.726828,0.979428529768735,1.00593931355259,1989,12,15,"Winter",0.969513323009025,0.998152117362452,0.581254720687866,0.00602984428405762,9,28,20,FALSE,TRUE,TRUE,0.972219581744856
33,1634000,"1989-12-16",346.280214,0.97894812208024,0.999509502047476,1989,12,16,"Winter",0.969513323009025,0.998152117362452,0.581254720687866,0.00602984428405762,9,28,20,FALSE,TRUE,TRUE,0.972219581744856
33,1634000,"1989-12-17",337.203451,0.973787809314453,0.994728716824318,1989,12,17,"Winter",0.969513323009025,0.998152117362452,0.581254720687866,0.00602984428405762,9,28,20,FALSE,TRUE,TRUE,0.972219581744856
33,1634000,"1989-12-18",327.999507,0.972705071752068,0.998888117563161,1989,12,18,"Winter",0.969513323009025,0.998152117362452,0.581254720687866,0.00602984428405762,9,28,20,FALSE,TRUE,TRUE,0.972219581744856
33,1634000,"1989-12-19",319.696524,0.974685989390832,1.00203650386565,1989,12,19,"Winter",0.969513323009025,0.998152117362452,0.581254720687866,0.00602984428405762,9,28,20,FALSE,TRUE,TRUE,0.972219581744856
33,1634000,"1989-12-20",311.153935,0.973279068245359,0.998556539069211,1989,12,20,"Winter",0.969513323009025,0.998152117362452,0.581254720687866,0.00602984428405762,9,28,20,FALSE,TRUE,TRUE,0.972219581744856
33,1634000,"1989-12-21",301.854676,0.970113638447156,0.996747664774185,1989,12,21,"Winter",0.969513323009025,0.998152117362452,0.581254720687866,0.00602984428405762,9,28,20,FALSE,TRUE,TRUE,0.972219581744856
33,1634000,"1989-12-22",292.435719,0.968796385317549,0.99864216615724,1989,12,22,"Winter",0.969513323009025,0.998152117362452,0.581254720687866,0.00602984428405762,9,28,20,FALSE,TRUE,TRUE,0.972219581744856
33,1634000,"1989-12-23",283.30138,0.968764626184396,0.999967217948338,1989,12,23,"Winter",0.969513323009025,0.998152117362452,0.581254720687866,0.00602984428405762,9,28,20,FALSE,TRUE,TRUE,0.972219581744856
33,1634000,"1989-12-24",274.601876,0.969292405141126,1.00054479585904,1989,12,24,"Winter",0.969513323009025,0.998152117362452,0.581254720687866,0.00602984428405762,9,28,20,FALSE,TRUE,TRUE,0.972219581744856
33,1634000,"1989-12-25",266.280406,0.969696237617838,1.000416626061,1989,12,25,"Winter",0.969513323009025,0.998152117362452,0.581254720687866,0.00602984428405762,9,28,20,FALSE,TRUE,TRUE,0.972219581744856
33,1634000,"1989-12-26",258.279587,0.969953406935995,1.00026520605957,1989,12,26,"Winter",0.969513323009025,0.998152117362452,0.581254720687866,0.00602984428405762,9,28,20,FALSE,TRUE,TRUE,0.972219581744856
33,1634000,"1989-12-27",250.59792,0.970258327074063,1.00031436575807,1989,12,27,"Winter",0.969513323009025,0.998152117362452,0.581254720687866,0.00602984428405762,9,28,20,FALSE,TRUE,TRUE,0.972219581744856
33,1634000,"1989-12-28",243.224223,0.970575585782995,1.00032698375276,1989,12,28,"Winter",0.969513323009025,0.998152117362452,0.581254720687866,0.00602984428405762,9,28,20,FALSE,TRUE,TRUE,0.972219581744856
34,1634000,"1990-01-11",745.813841,0.965270107014358,1.01778084425566,1990,1,11,"Winter",0.958738837739892,0.997454026359428,0.350201368331909,0.000151991844177246,4,14,11,FALSE,TRUE,TRUE,0.956599264665599
34,1634000,"1990-01-12",721.903932,0.967941183596243,1.00276718046325,1990,1,12,"Winter",0.958738837739892,0.997454026359428,0.350201368331909,0.000151991844177246,4,14,11,FALSE,TRUE,TRUE,0.956599264665599
34,1634000,"1990-01-13",689.059317,0.954502789714684,0.986116518121866,1990,1,13,"Winter",0.958738837739892,0.997454026359428,0.350201368331909,0.000151991844177246,4,14,11,FALSE,TRUE,TRUE,0.956599264665599
34,1634000,"1990-01-14",655.010453,0.950586454373419,0.995896989109444,1990,1,14,"Winter",0.958738837739892,0.997454026359428,0.350201368331909,0.000151991844177246,4,14,11,FALSE,TRUE,TRUE,0.956599264665599
34,1634000,"1990-01-15",624.289179,0.953098040101049,1.00264214340113,1990,1,15,"Winter",0.958738837739892,0.997454026359428,0.350201368331909,0.000151991844177246,4,14,11,FALSE,TRUE,TRUE,0.956599264665599
34,1634000,"1990-01-16",595.418261,0.953753934921239,1.00068817140797,1990,1,16,"Winter",0.958738837739892,0.997454026359428,0.350201368331909,0.000151991844177246,4,14,11,FALSE,TRUE,TRUE,0.956599264665599
34,1634000,"1990-01-17",568.272269,0.954408532995934,1.00068633853107,1990,1,17,"Winter",0.958738837739892,0.997454026359428,0.350201368331909,0.000151991844177246,4,14,11,FALSE,TRUE,TRUE,0.956599264665599
34,1634000,"1990-01-18",543.584579,0.956556581507235,1.00225065937388,1990,1,18,"Winter",0.958738837739892,0.997454026359428,0.350201368331909,0.000151991844177246,4,14,11,FALSE,TRUE,TRUE,0.956599264665599
34,1634000,"1990-01-19",521.820991,0.959962830365723,1.00356094864051,1990,1,19,"Winter",0.958738837739892,0.997454026359428,0.350201368331909,0.000151991844177246,4,14,11,FALSE,TRUE,TRUE,0.956599264665599
34,1634000,"1990-01-20",503.033826,0.963996915946219,1.00420233518725,1990,1,20,"Winter",0.958738837739892,0.997454026359428,0.350201368331909,0.000151991844177246,4,14,11,FALSE,TRUE,TRUE,0.956599264665599
34,1634000,"1990-01-21",486.627335,0.967384914985817,1.00351453306909,1990,1,21,"Winter",0.958738837739892,0.997454026359428,0.350201368331909,0.000151991844177246,4,14,11,FALSE,TRUE,TRUE,0.956599264665599
35,1634000,"1990-03-08",548.490973,0.959594401235587,1.00393150856437,1990,3,8,"Spring",0.958232050846591,0.999671967305601,0.72051477432251,0.00255703926086426,7,16,10,FALSE,TRUE,TRUE,0.962930213548567
35,1634000,"1990-03-09",527.581921,0.961878949646816,1.00238074378955,1990,3,9,"Spring",0.958232050846591,0.999671967305601,0.72051477432251,0.00255703926086426,7,16,10,FALSE,TRUE,TRUE,0.962930213548567
35,1634000,"1990-03-10",508.167111,0.963200387982969,1.00137380939321,1990,3,10,"Spring",0.958232050846591,0.999671967305601,0.72051477432251,0.00255703926086426,7,16,10,FALSE,TRUE,TRUE,0.962930213548567
35,1634000,"1990-03-11",489.849872,0.963954300458457,1.00078271612522,1990,3,11,"Spring",0.958232050846591,0.999671967305601,0.72051477432251,0.00255703926086426,7,16,10,FALSE,TRUE,TRUE,0.962930213548567
35,1634000,"1990-03-12",472.332649,0.964239608906134,1.00029597715114,1990,3,12,"Spring",0.958232050846591,0.999671967305601,0.72051477432251,0.00255703926086426,7,16,10,FALSE,TRUE,TRUE,0.962930213548567
35,1634000,"1990-03-13",455.335286,0.964013999379492,0.999766023377843,1990,3,13,"Spring",0.958232050846591,0.999671967305601,0.72051477432251,0.00255703926086426,7,16,10,FALSE,TRUE,TRUE,0.962930213548567
35,1634000,"1990-03-14",438.620053,0.963290275289581,0.999249259771769,1990,3,14,"Spring",0.958232050846591,0.999671967305601,0.72051477432251,0.00255703926086426,7,16,10,FALSE,TRUE,TRUE,0.962930213548567
35,1634000,"1990-03-15",422.023186,0.962161175973411,0.998827872194775,1990,3,15,"Spring",0.958232050846591,0.999671967305601,0.72051477432251,0.00255703926086426,7,16,10,FALSE,TRUE,TRUE,0.962930213548567
35,1634000,"1990-03-16",405.457053,0.96074591740559,0.998529083688718,1990,3,16,"Spring",0.958232050846591,0.999671967305601,0.72051477432251,0.00255703926086426,7,16,10,FALSE,TRUE,TRUE,0.962930213548567
35,1634000,"1990-03-17",388.973123,0.959344818697728,0.998541655309194,1990,3,17,"Spring",0.958232050846591,0.999671967305601,0.72051477432251,0.00255703926086426,7,16,10,FALSE,TRUE,TRUE,0.962930213548567
36,1634000,"1990-04-15",743.323768,0.908301262025002,1.01209066438568,1990,4,15,"Spring",0.97191483984446,0.985259818476606,0.319007992744446,0.12783670425415,2,22,21,FALSE,TRUE,TRUE,0.97318908323825
36,1634000,"1990-04-16",693.600375,0.933106682255316,1.02730968376617,1990,4,16,"Spring",0.97191483984446,0.985259818476606,0.319007992744446,0.12783670425415,2,22,21,FALSE,TRUE,TRUE,0.97318908323825
36,1634000,"1990-04-17",663.375799,0.956423645243848,1.02498852857015,1990,4,17,"Spring",0.97191483984446,0.985259818476606,0.319007992744446,0.12783670425415,2,22,21,FALSE,TRUE,TRUE,0.97318908323825
36,1634000,"1990-04-18",645.777758,0.973471988235736,1.01782509568502,1990,4,18,"Spring",0.97191483984446,0.985259818476606,0.319007992744446,0.12783670425415,2,22,21,FALSE,TRUE,TRUE,0.97318908323825
36,1634000,"1990-04-19",635.155136,0.983550653660017,1.01035331837596,1990,4,19,"Spring",0.97191483984446,0.985259818476606,0.319007992744446,0.12783670425415,2,22,21,FALSE,TRUE,TRUE,0.97318908323825
36,1634000,"1990-04-20",618.127249,0.973190979597148,0.989467066058756,1990,4,20,"Spring",0.97191483984446,0.985259818476606,0.319007992744446,0.12783670425415,2,22,21,FALSE,TRUE,TRUE,0.97318908323825
36,1634000,"1990-04-21",593.663836,0.960423338334337,0.9868806415899,1990,4,21,"Spring",0.97191483984446,0.985259818476606,0.319007992744446,0.12783670425415,2,22,21,FALSE,TRUE,TRUE,0.97318908323825
36,1634000,"1990-04-22",575.590891,0.969556937943581,1.00950997257635,1990,4,22,"Spring",0.97191483984446,0.985259818476606,0.319007992744446,0.12783670425415,2,22,21,FALSE,TRUE,TRUE,0.97318908323825
36,1634000,"1990-04-23",569.041116,0.988620780657906,1.01966242720594,1990,4,23,"Spring",0.97191483984446,0.985259818476606,0.319007992744446,0.12783670425415,2,22,21,FALSE,TRUE,TRUE,0.97318908323825
36,1634000,"1990-04-24",566.863692,0.996173520790016,1.00763967365432,1990,4,24,"Spring",0.97191483984446,0.985259818476606,0.319007992744446,0.12783670425415,2,22,21,FALSE,TRUE,TRUE,0.97318908323825
36,1634000,"1990-04-25",562.480996,0.992268518760591,0.99607999816505,1990,4,25,"Spring",0.97191483984446,0.985259818476606,0.319007992744446,0.12783670425415,2,22,21,FALSE,TRUE,TRUE,0.97318908323825
36,1634000,"1990-04-26",548.527272,0.975192541438324,0.982790971395933,1990,4,26,"Spring",0.97191483984446,0.985259818476606,0.319007992744446,0.12783670425415,2,22,21,FALSE,TRUE,TRUE,0.97318908323825
36,1634000,"1990-04-27",526.357095,0.959582361476459,0.983992720105466,1990,4,27,"Spring",0.97191483984446,0.985259818476606,0.319007992744446,0.12783670425415,2,22,21,FALSE,TRUE,TRUE,0.97318908323825
36,1634000,"1990-04-28",500.478245,0.950834043568844,0.990883202673552,1990,4,28,"Spring",0.97191483984446,0.985259818476606,0.319007992744446,0.12783670425415,2,22,21,FALSE,TRUE,TRUE,0.97318908323825
36,1634000,"1990-04-29",474.342259,0.947777977841974,0.996785910488229,1990,4,29,"Spring",0.97191483984446,0.985259818476606,0.319007992744446,0.12783670425415,2,22,21,FALSE,TRUE,TRUE,0.97318908323825
36,1634000,"1990-04-30",461.373525,0.9726595432856,1.02625252540714,1990,4,30,"Spring",0.97191483984446,0.985259818476606,0.319007992744446,0.12783670425415,2,22,21,FALSE,TRUE,TRUE,0.97318908323825
36,1634000,"1990-05-01",457.951435,0.992582821045052,1.02048330055155,1990,5,1,"Spring",0.97191483984446,0.985259818476606,0.319007992744446,0.12783670425415,2,22,21,FALSE,TRUE,TRUE,0.97318908323825
36,1634000,"1990-05-02",451.213578,0.985286961705885,0.99264962158877,1990,5,2,"Spring",0.97191483984446,0.985259818476606,0.319007992744446,0.12783670425415,2,22,21,FALSE,TRUE,TRUE,0.97318908323825
36,1634000,"1990-05-03",441.707801,0.978932865801304,0.993551020005806,1990,5,3,"Spring",0.97191483984446,0.985259818476606,0.319007992744446,0.12783670425415,2,22,21,FALSE,TRUE,TRUE,0.97318908323825
36,1634000,"1990-05-04",427.813502,0.968544139432122,0.989387702944596,1990,5,4,"Spring",0.97191483984446,0.985259818476606,0.319007992744446,0.12783670425415,2,22,21,FALSE,TRUE,TRUE,0.97318908323825
36,1634000,"1990-05-05",412.735572,0.964755834190572,0.996088660199037,1990,5,5,"Spring",0.97191483984446,0.985259818476606,0.319007992744446,0.12783670425415,2,22,21,FALSE,TRUE,TRUE,0.97318908323825
37,1634000,"1990-06-11",612.591076,0.92753665575,1.01171202322114,1990,6,11,"Summer",0.945167288723037,0.994890970505698,0.739763736724854,0.00153100490570068,7,27,21,FALSE,TRUE,TRUE,0.95152817673778
37,1634000,"1990-06-12",572.981004,0.93534010932931,1.00841309454557,1990,6,12,"Summer",0.945167288723037,0.994890970505698,0.739763736724854,0.00153100490570068,7,27,21,FALSE,TRUE,TRUE,0.95152817673778
37,1634000,"1990-06-13",539.046283,0.940775137808932,1.00581075100427,1990,6,13,"Summer",0.945167288723037,0.994890970505698,0.739763736724854,0.00153100490570068,7,27,21,FALSE,TRUE,TRUE,0.95152817673778
37,1634000,"1990-06-14",508.95728,0.944181039831046,1.00362031465887,1990,6,14,"Summer",0.945167288723037,0.994890970505698,0.739763736724854,0.00153100490570068,7,27,21,FALSE,TRUE,TRUE,0.95152817673778
37,1634000,"1990-06-15",481.378054,0.945812296859178,1.00172769517637,1990,6,15,"Summer",0.945167288723037,0.994890970505698,0.739763736724854,0.00153100490570068,7,27,21,FALSE,TRUE,TRUE,0.95152817673778
37,1634000,"1990-06-16",455.298062,0.945822224791328,1.0000104967256,1990,6,16,"Summer",0.945167288723037,0.994890970505698,0.739763736724854,0.00153100490570068,7,27,21,FALSE,TRUE,TRUE,0.95152817673778
37,1634000,"1990-06-17",432.511501,0.949952431381094,1.00436678953138,1990,6,17,"Summer",0.945167288723037,0.994890970505698,0.739763736724854,0.00153100490570068,7,27,21,FALSE,TRUE,TRUE,0.95152817673778
37,1634000,"1990-06-18",413.973357,0.957138379078618,1.00756453424418,1990,6,18,"Summer",0.945167288723037,0.994890970505698,0.739763736724854,0.00153100490570068,7,27,21,FALSE,TRUE,TRUE,0.95152817673778
37,1634000,"1990-06-19",395.621179,0.955668214657592,0.998464000135026,1990,6,19,"Summer",0.945167288723037,0.994890970505698,0.739763736724854,0.00153100490570068,7,27,21,FALSE,TRUE,TRUE,0.95152817673778
37,1634000,"1990-06-20",375.241198,0.948486122377185,0.992484742957596,1990,6,20,"Summer",0.945167288723037,0.994890970505698,0.739763736724854,0.00153100490570068,7,27,21,FALSE,TRUE,TRUE,0.95152817673778
37,1634000,"1990-06-21",353.822526,0.942920254721071,0.994131840704044,1990,6,21,"Summer",0.945167288723037,0.994890970505698,0.739763736724854,0.00153100490570068,7,27,21,FALSE,TRUE,TRUE,0.95152817673778
37,1634000,"1990-06-22",342.607743,0.96830393155918,1.02692027953691,1990,6,22,"Summer",0.945167288723037,0.994890970505698,0.739763736724854,0.00153100490570068,7,27,21,FALSE,TRUE,TRUE,0.95152817673778
37,1634000,"1990-06-23",334.810866,0.977242554614418,1.00923121631949,1990,6,23,"Summer",0.945167288723037,0.994890970505698,0.739763736724854,0.00153100490570068,7,27,21,FALSE,TRUE,TRUE,0.95152817673778
37,1634000,"1990-06-24",321.924803,0.961512411009982,0.983903542134795,1990,6,24,"Summer",0.945167288723037,0.994890970505698,0.739763736724854,0.00153100490570068,7,27,21,FALSE,TRUE,TRUE,0.95152817673778
37,1634000,"1990-06-25",308.496656,0.958287939062589,0.996646458318717,1990,6,25,"Summer",0.945167288723037,0.994890970505698,0.739763736724854,0.00153100490570068,7,27,21,FALSE,TRUE,TRUE,0.95152817673778
37,1634000,"1990-06-26",292.179812,0.947108522304372,0.988333969047807,1990,6,26,"Summer",0.945167288723037,0.994890970505698,0.739763736724854,0.00153100490570068,7,27,21,FALSE,TRUE,TRUE,0.95152817673778
37,1634000,"1990-06-27",275.025042,0.94128694285011,0.99385331319784,1990,6,27,"Summer",0.945167288723037,0.994890970505698,0.739763736724854,0.00153100490570068,7,27,21,FALSE,TRUE,TRUE,0.95152817673778
37,1634000,"1990-06-28",257.801975,0.93737636807633,0.995845501944455,1990,6,28,"Summer",0.945167288723037,0.994890970505698,0.739763736724854,0.00153100490570068,7,27,21,FALSE,TRUE,TRUE,0.95152817673778
37,1634000,"1990-06-29",241.337225,0.936134119996559,0.998674760616891,1990,6,29,"Summer",0.945167288723037,0.994890970505698,0.739763736724854,0.00153100490570068,7,27,21,FALSE,TRUE,TRUE,0.95152817673778
37,1634000,"1990-06-30",226.0206,0.936534345250717,1.0004275298225,1990,6,30,"Summer",0.945167288723037,0.994890970505698,0.739763736724854,0.00153100490570068,7,27,21,FALSE,TRUE,TRUE,0.95152817673778
37,1634000,"1990-07-01",212.4769,0.94007758584837,1.00378335361177,1990,7,1,"Summer",0.945167288723037,0.994890970505698,0.739763736724854,0.00153100490570068,7,27,21,FALSE,TRUE,TRUE,0.95152817673778
38,1634000,"1990-07-23",638.242036,0.953958312390891,1.04892691164777,1990,7,23,"Summer",0.960243383075894,0.935898665872455,0.358742952346802,0.00204658508300781,3,26,24,FALSE,TRUE,TRUE,0.956550434647187
38,1634000,"1990-07-24",639.629789,1.00217433657096,1.05054311446716,1990,7,24,"Summer",0.960243383075894,0.935898665872455,0.358742952346802,0.00204658508300781,3,26,24,FALSE,TRUE,TRUE,0.956550434647187
38,1634000,"1990-07-25",625.61842,0.978094564635732,0.975972471997615,1990,7,25,"Summer",0.960243383075894,0.935898665872455,0.358742952346802,0.00204658508300781,3,26,24,FALSE,TRUE,TRUE,0.956550434647187
38,1634000,"1990-07-26",593.019669,0.947893556267093,0.969122608937218,1990,7,26,"Summer",0.960243383075894,0.935898665872455,0.358742952346802,0.00204658508300781,3,26,24,FALSE,TRUE,TRUE,0.956550434647187
38,1634000,"1990-07-27",557.267176,0.939711117743718,0.991367766486779,1990,7,27,"Summer",0.960243383075894,0.935898665872455,0.358742952346802,0.00204658508300781,3,26,24,FALSE,TRUE,TRUE,0.956550434647187
38,1634000,"1990-07-28",519.9081,0.932960207223833,0.99281597249153,1990,7,28,"Summer",0.960243383075894,0.935898665872455,0.358742952346802,0.00204658508300781,3,26,24,FALSE,TRUE,TRUE,0.956550434647187
38,1634000,"1990-07-29",484.852465,0.932573400952976,0.999585398961433,1990,7,29,"Summer",0.960243383075894,0.935898665872455,0.358742952346802,0.00204658508300781,3,26,24,FALSE,TRUE,TRUE,0.956550434647187
38,1634000,"1990-07-30",452.584699,0.933448278952238,1.00093813312536,1990,7,30,"Summer",0.960243383075894,0.935898665872455,0.358742952346802,0.00204658508300781,3,26,24,FALSE,TRUE,TRUE,0.956550434647187
38,1634000,"1990-07-31",422.740673,0.934058694282106,1.00065393588872,1990,7,31,"Summer",0.960243383075894,0.935898665872455,0.358742952346802,0.00204658508300781,3,26,24,FALSE,TRUE,TRUE,0.956550434647187
38,1634000,"1990-08-01",394.820519,0.933954417487527,0.999888361625219,1990,8,1,"Summer",0.960243383075894,0.935898665872455,0.358742952346802,0.00204658508300781,3,26,24,FALSE,TRUE,TRUE,0.956550434647187
38,1634000,"1990-08-02",368.511435,0.933364446035795,0.99936830808797,1990,8,2,"Summer",0.960243383075894,0.935898665872455,0.358742952346802,0.00204658508300781,3,26,24,FALSE,TRUE,TRUE,0.956550434647187
38,1634000,"1990-08-03",343.756503,0.932824521442598,0.999421528647797,1990,8,3,"Summer",0.960243383075894,0.935898665872455,0.358742952346802,0.00204658508300781,3,26,24,FALSE,TRUE,TRUE,0.956550434647187
38,1634000,"1990-08-04",320.969599,0.933712078750115,1.00095147295886,1990,8,4,"Summer",0.960243383075894,0.935898665872455,0.358742952346802,0.00204658508300781,3,26,24,FALSE,TRUE,TRUE,0.956550434647187
38,1634000,"1990-08-05",300.487261,0.936186049819628,1.00264960808135,1990,8,5,"Summer",0.960243383075894,0.935898665872455,0.358742952346802,0.00204658508300781,3,26,24,FALSE,TRUE,TRUE,0.956550434647187
38,1634000,"1990-08-06",284.459567,0.946660986736473,1.01118894787939,1990,8,6,"Summer",0.960243383075894,0.935898665872455,0.358742952346802,0.00204658508300781,3,26,24,FALSE,TRUE,TRUE,0.956550434647187
38,1634000,"1990-08-07",292.419164,1.02798147056168,1.08590243494195,1990,8,7,"Summer",0.960243383075894,0.935898665872455,0.358742952346802,0.00204658508300781,3,26,24,FALSE,TRUE,TRUE,0.956550434647187
38,1634000,"1990-08-08",306.3463,1.04762730256626,1.01911107599424,1990,8,8,"Summer",0.960243383075894,0.935898665872455,0.358742952346802,0.00204658508300781,3,26,24,FALSE,TRUE,TRUE,0.956550434647187
38,1634000,"1990-08-09",304.439722,0.993776396189541,0.948597267134215,1990,8,9,"Summer",0.960243383075894,0.935898665872455,0.358742952346802,0.00204658508300781,3,26,24,FALSE,TRUE,TRUE,0.956550434647187
38,1634000,"1990-08-10",298.886548,0.981759364502376,0.987907710695039,1990,8,10,"Summer",0.960243383075894,0.935898665872455,0.358742952346802,0.00204658508300781,3,26,24,FALSE,TRUE,TRUE,0.956550434647187
38,1634000,"1990-08-11",288.77554,0.966171083751819,0.984122096193645,1990,8,11,"Summer",0.960243383075894,0.935898665872455,0.358742952346802,0.00204658508300781,3,26,24,FALSE,TRUE,TRUE,0.956550434647187
38,1634000,"1990-08-12",276.549602,0.957662833908994,0.991193847563947,1990,8,12,"Summer",0.960243383075894,0.935898665872455,0.358742952346802,0.00204658508300781,3,26,24,FALSE,TRUE,TRUE,0.956550434647187
38,1634000,"1990-08-13",263.730222,0.953645277710434,0.995804832289292,1990,8,13,"Summer",0.960243383075894,0.935898665872455,0.358742952346802,0.00204658508300781,3,26,24,FALSE,TRUE,TRUE,0.956550434647187
38,1634000,"1990-08-14",251.182945,0.952423818154599,0.998719167824363,1990,8,14,"Summer",0.960243383075894,0.935898665872455,0.358742952346802,0.00204658508300781,3,26,24,FALSE,TRUE,TRUE,0.956550434647187
38,1634000,"1990-08-15",239.211282,0.952338869981798,0.999910808432988,1990,8,15,"Summer",0.960243383075894,0.935898665872455,0.358742952346802,0.00204658508300781,3,26,24,FALSE,TRUE,TRUE,0.956550434647187
40,1634000,"1990-09-23",261.404986,0.959756038046383,1.02138616040717,1990,9,23,"Fall",0.954731228612753,0.99809528630094,0.484107494354248,0.0112317800521851,5,23,19,FALSE,TRUE,TRUE,0.95520266499188
40,1634000,"1990-09-24",252.73145,0.966819546433594,1.00735969153327,1990,9,24,"Fall",0.954731228612753,0.99809528630094,0.484107494354248,0.0112317800521851,5,23,19,FALSE,TRUE,TRUE,0.95520266499188
40,1634000,"1990-09-25",242.370155,0.959002747778324,0.991914935228497,1990,9,25,"Fall",0.954731228612753,0.99809528630094,0.484107494354248,0.0112317800521851,5,23,19,FALSE,TRUE,TRUE,0.95520266499188
40,1634000,"1990-09-26",232.829024,0.960634051663663,1.0017010419304,1990,9,26,"Fall",0.954731228612753,0.99809528630094,0.484107494354248,0.0112317800521851,5,23,19,FALSE,TRUE,TRUE,0.95520266499188
40,1634000,"1990-09-27",222.838015,0.957088644584105,0.996309305220424,1990,9,27,"Fall",0.954731228612753,0.99809528630094,0.484107494354248,0.0112317800521851,5,23,19,FALSE,TRUE,TRUE,0.95520266499188
40,1634000,"1990-09-28",212.904055,0.955420712215553,0.998257285385225,1990,9,28,"Fall",0.954731228612753,0.99809528630094,0.484107494354248,0.0112317800521851,5,23,19,FALSE,TRUE,TRUE,0.95520266499188
40,1634000,"1990-09-29",203.04796,0.953706400754086,0.998205699918844,1990,9,29,"Fall",0.954731228612753,0.99809528630094,0.484107494354248,0.0112317800521851,5,23,19,FALSE,TRUE,TRUE,0.95520266499188
40,1634000,"1990-09-30",193.202603,0.951512159984272,0.997699249194428,1990,9,30,"Fall",0.954731228612753,0.99809528630094,0.484107494354248,0.0112317800521851,5,23,19,FALSE,TRUE,TRUE,0.95520266499188
40,1634000,"1990-10-01",183.4297,0.949416297460547,0.997797335008562,1990,10,1,"Fall",0.954731228612753,0.99809528630094,0.484107494354248,0.0112317800521851,5,23,19,FALSE,TRUE,TRUE,0.95520266499188
40,1634000,"1990-10-02",174.045995,0.948843044501517,0.999396204846533,1990,10,2,"Fall",0.954731228612753,0.99809528630094,0.484107494354248,0.0112317800521851,5,23,19,FALSE,TRUE,TRUE,0.95520266499188
40,1634000,"1990-10-03",165.323499,0.949883960271536,1.00109703683454,1990,10,3,"Fall",0.954731228612753,0.99809528630094,0.484107494354248,0.0112317800521851,5,23,19,FALSE,TRUE,TRUE,0.95520266499188
40,1634000,"1990-10-04",157.392583,0.952027896530305,1.00225705070139,1990,10,4,"Fall",0.954731228612753,0.99809528630094,0.484107494354248,0.0112317800521851,5,23,19,FALSE,TRUE,TRUE,0.95520266499188
40,1634000,"1990-10-05",150.224792,0.954459156439411,1.00255376960903,1990,10,5,"Fall",0.954731228612753,0.99809528630094,0.484107494354248,0.0112317800521851,5,23,19,FALSE,TRUE,TRUE,0.95520266499188
40,1634000,"1990-10-06",143.782581,0.957116192911753,1.00278381369639,1990,10,6,"Fall",0.954731228612753,0.99809528630094,0.484107494354248,0.0112317800521851,5,23,19,FALSE,TRUE,TRUE,0.95520266499188
40,1634000,"1990-10-07",138.00076,0.959787750645539,1.00279125748114,1990,10,7,"Fall",0.954731228612753,0.99809528630094,0.484107494354248,0.0112317800521851,5,23,19,FALSE,TRUE,TRUE,0.95520266499188
40,1634000,"1990-10-08",132.728811,0.961797681404073,1.00209414087352,1990,10,8,"Fall",0.954731228612753,0.99809528630094,0.484107494354248,0.0112317800521851,5,23,19,FALSE,TRUE,TRUE,0.95520266499188
40,1634000,"1990-10-09",127.771787,0.962652991745703,1.00088928301468,1990,10,9,"Fall",0.954731228612753,0.99809528630094,0.484107494354248,0.0112317800521851,5,23,19,FALSE,TRUE,TRUE,0.95520266499188
40,1634000,"1990-10-10",123.018371,0.962797608833631,1.00015022764087,1990,10,10,"Fall",0.954731228612753,0.99809528630094,0.484107494354248,0.0112317800521851,5,23,19,FALSE,TRUE,TRUE,0.95520266499188
40,1634000,"1990-10-11",118.417492,0.962600065643854,0.999794823763619,1990,10,11,"Fall",0.954731228612753,0.99809528630094,0.484107494354248,0.0112317800521851,5,23,19,FALSE,TRUE,TRUE,0.95520266499188
42,1634000,"1991-01-31",1027.167723,0.960303602007257,1.0057299105001,1991,1,31,"Winter",0.965694825737466,0.998609016622956,0.386476278305054,3.23057174682617e-05,8,15,8,FALSE,TRUE,TRUE,0.971801164250943
42,1634000,"1991-02-01",994.689595,0.968380891189666,1.00841118284418,1991,2,1,"Winter",0.965694825737466,0.998609016622956,0.386476278305054,3.23057174682617e-05,8,15,8,FALSE,TRUE,TRUE,0.971801164250943
42,1634000,"1991-02-02",968.643772,0.973815124707321,1.00561166950639,1991,2,2,"Winter",0.965694825737466,0.998609016622956,0.386476278305054,3.23057174682617e-05,8,15,8,FALSE,TRUE,TRUE,0.971801164250943
42,1634000,"1991-02-03",943.383321,0.973921836148449,1.00010958080073,1991,2,3,"Winter",0.965694825737466,0.998609016622956,0.386476278305054,3.23057174682617e-05,8,15,8,FALSE,TRUE,TRUE,0.971801164250943
42,1634000,"1991-02-04",917.751989,0.972830416407161,0.998879355918741,1991,2,4,"Winter",0.965694825737466,0.998609016622956,0.386476278305054,3.23057174682617e-05,8,15,8,FALSE,TRUE,TRUE,0.971801164250943
42,1634000,"1991-02-05",889.573909,0.969296628786712,0.99636751939408,1991,2,5,"Winter",0.965694825737466,0.998609016622956,0.386476278305054,3.23057174682617e-05,8,15,8,FALSE,TRUE,TRUE,0.971801164250943
42,1634000,"1991-02-06",860.063496,0.966826350569146,0.997451473424953,1991,2,6,"Winter",0.965694825737466,0.998609016622956,0.386476278305054,3.23057174682617e-05,8,15,8,FALSE,TRUE,TRUE,0.971801164250943
42,1634000,"1991-02-07",841.862106,0.978837155530201,1.01242291850443,1991,2,7,"Winter",0.965694825737466,0.998609016622956,0.386476278305054,3.23057174682617e-05,8,15,8,FALSE,TRUE,TRUE,0.971801164250943
43,1634000,"1991-02-12",871.033982,0.979930701914415,0.974404198071995,1991,2,12,"Winter",0.982152377998462,0.948010687530713,0.387013912200928,0.387013912200928,1,17,17,FALSE,TRUE,TRUE,0.982190130316856
43,1634000,"1991-02-13",838.558068,0.962715675081434,0.982432403843099,1991,2,13,"Winter",0.982152377998462,0.948010687530713,0.387013912200928,0.387013912200928,1,17,17,FALSE,TRUE,TRUE,0.982190130316856
43,1634000,"1991-02-14",801.812095,0.956179572527826,0.993210765418299,1991,2,14,"Winter",0.982152377998462,0.948010687530713,0.387013912200928,0.387013912200928,1,17,17,FALSE,TRUE,TRUE,0.982190130316856
43,1634000,"1991-02-15",779.148382,0.971734383727399,1.01626766733622,1991,2,15,"Winter",0.982152377998462,0.948010687530713,0.387013912200928,0.387013912200928,1,17,17,FALSE,TRUE,TRUE,0.982190130316856
43,1634000,"1991-02-16",765.90566,0.983003594301246,1.01159700712721,1991,2,16,"Winter",0.982152377998462,0.948010687530713,0.387013912200928,0.387013912200928,1,17,17,FALSE,TRUE,TRUE,0.982190130316856
43,1634000,"1991-02-17",752.019507,0.981869630001167,0.99884642914161,1991,2,17,"Winter",0.982152377998462,0.948010687530713,0.387013912200928,0.387013912200928,1,17,17,FALSE,TRUE,TRUE,0.982190130316856
43,1634000,"1991-02-18",738.702099,0.982291140221712,1.00042929346999,1991,2,18,"Winter",0.982152377998462,0.948010687530713,0.387013912200928,0.387013912200928,1,17,17,FALSE,TRUE,TRUE,0.982190130316856
43,1634000,"1991-02-19",726.915496,0.984044172859457,1.00178463651555,1991,2,19,"Winter",0.982152377998462,0.948010687530713,0.387013912200928,0.387013912200928,1,17,17,FALSE,TRUE,TRUE,0.982190130316856
43,1634000,"1991-02-20",725.196525,0.997635253327988,1.0138114536353,1991,2,20,"Winter",0.982152377998462,0.948010687530713,0.387013912200928,0.387013912200928,1,17,17,FALSE,TRUE,TRUE,0.982190130316856
43,1634000,"1991-02-21",725.405952,1.00028878654652,1.00265982302618,1991,2,21,"Winter",0.982152377998462,0.948010687530713,0.387013912200928,0.387013912200928,1,17,17,FALSE,TRUE,TRUE,0.982190130316856
43,1634000,"1991-02-22",721.829289,0.995069432515492,0.994782152813045,1991,2,22,"Winter",0.982152377998462,0.948010687530713,0.387013912200928,0.387013912200928,1,17,17,FALSE,TRUE,TRUE,0.982190130316856
43,1634000,"1991-02-23",712.553065,0.987149005808768,0.992040327591311,1991,2,23,"Winter",0.982152377998462,0.948010687530713,0.387013912200928,0.387013912200928,1,17,17,FALSE,TRUE,TRUE,0.982190130316856
43,1634000,"1991-02-24",694.281645,0.974357811512607,0.987042286199051,1991,2,24,"Winter",0.982152377998462,0.948010687530713,0.387013912200928,0.387013912200928,1,17,17,FALSE,TRUE,TRUE,0.982190130316856
43,1634000,"1991-02-25",670.749926,0.966106378917737,0.991531414335295,1991,2,25,"Winter",0.982152377998462,0.948010687530713,0.387013912200928,0.387013912200928,1,17,17,FALSE,TRUE,TRUE,0.982190130316856
43,1634000,"1991-02-26",645.69805,0.962650944817249,0.996423339938653,1991,2,26,"Winter",0.982152377998462,0.948010687530713,0.387013912200928,0.387013912200928,1,17,17,FALSE,TRUE,TRUE,0.982190130316856
43,1634000,"1991-02-27",628.820118,0.973860952499392,1.01164493500214,1991,2,27,"Winter",0.982152377998462,0.948010687530713,0.387013912200928,0.387013912200928,1,17,17,FALSE,TRUE,TRUE,0.982190130316856
43,1634000,"1991-02-28",624.173322,0.992610293680203,1.01925258542576,1991,2,28,"Winter",0.982152377998462,0.948010687530713,0.387013912200928,0.387013912200928,1,17,17,FALSE,TRUE,TRUE,0.982190130316856
44,1634000,"1991-04-20",949.23985,0.934072594054441,0.972502872037269,1991,4,20,"Spring",0.969813514936518,0.976264103412734,0.420843720436096,0.420843720436096,1,58,58,FALSE,TRUE,TRUE,0.970037281204793
44,1634000,"1991-04-21",883.783901,0.931043825224995,0.996757458843429,1991,4,21,"Spring",0.969813514936518,0.976264103412734,0.420843720436096,0.420843720436096,1,58,58,FALSE,TRUE,TRUE,0.970037281204793
44,1634000,"1991-04-22",827.831316,0.936689744023749,1.00606407415611,1991,4,22,"Spring",0.969813514936518,0.976264103412734,0.420843720436096,0.420843720436096,1,58,58,FALSE,TRUE,TRUE,0.970037281204793
44,1634000,"1991-04-23",781.455887,0.94397961504515,1.00778258870444,1991,4,23,"Spring",0.969813514936518,0.976264103412734,0.420843720436096,0.420843720436096,1,58,58,FALSE,TRUE,TRUE,0.970037281204793
44,1634000,"1991-04-24",742.8211,0.950560501695984,1.00697142877446,1991,4,24,"Spring",0.969813514936518,0.976264103412734,0.420843720436096,0.420843720436096,1,58,58,FALSE,TRUE,TRUE,0.970037281204793
44,1634000,"1991-04-25",708.189887,0.953378797398189,1.00296487777177,1991,4,25,"Spring",0.969813514936518,0.976264103412734,0.420843720436096,0.420843720436096,1,58,58,FALSE,TRUE,TRUE,0.970037281204793
44,1634000,"1991-04-26",676.527231,0.955290725579085,1.00200542343307,1991,4,26,"Spring",0.969813514936518,0.976264103412734,0.420843720436096,0.420843720436096,1,58,58,FALSE,TRUE,TRUE,0.970037281204793
44,1634000,"1991-04-27",647.273334,0.956758729494512,1.00153670906261,1991,4,27,"Spring",0.969813514936518,0.976264103412734,0.420843720436096,0.420843720436096,1,58,58,FALSE,TRUE,TRUE,0.970037281204793
44,1634000,"1991-04-28",622.485078,0.961703572976173,1.00516832857566,1991,4,28,"Spring",0.969813514936518,0.976264103412734,0.420843720436096,0.420843720436096,1,58,58,FALSE,TRUE,TRUE,0.970037281204793
44,1634000,"1991-04-29",600.6677,0.964951163054225,1.0033769138114,1991,4,29,"Spring",0.969813514936518,0.976264103412734,0.420843720436096,0.420843720436096,1,58,58,FALSE,TRUE,TRUE,0.970037281204793
44,1634000,"1991-04-30",577.815875,0.961955961673984,0.996896007285218,1991,4,30,"Spring",0.969813514936518,0.976264103412734,0.420843720436096,0.420843720436096,1,58,58,FALSE,TRUE,TRUE,0.970037281204793
44,1634000,"1991-05-01",554.860646,0.960272415499141,0.998249871884038,1991,5,1,"Spring",0.969813514936518,0.976264103412734,0.420843720436096,0.420843720436096,1,58,58,FALSE,TRUE,TRUE,0.970037281204793
44,1634000,"1991-05-02",532.730145,0.960115208819477,0.999836289497515,1991,5,2,"Spring",0.969813514936518,0.976264103412734,0.420843720436096,0.420843720436096,1,58,58,FALSE,TRUE,TRUE,0.970037281204793
44,1634000,"1991-05-03",511.239613,0.959659628422191,0.999525494031236,1991,5,3,"Spring",0.969813514936518,0.976264103412734,0.420843720436096,0.420843720436096,1,58,58,FALSE,TRUE,TRUE,0.970037281204793
44,1634000,"1991-05-04",490.474819,0.9593834408133,0.999712202534408,1991,5,4,"Spring",0.969813514936518,0.976264103412734,0.420843720436096,0.420843720436096,1,58,58,FALSE,TRUE,TRUE,0.970037281204793
44,1634000,"1991-05-05",470.15876,0.958578793012409,0.999161286544399,1991,5,5,"Spring",0.969813514936518,0.976264103412734,0.420843720436096,0.420843720436096,1,58,58,FALSE,TRUE,TRUE,0.970037281204793
44,1634000,"1991-05-06",450.111799,0.957361294299823,0.99872989187591,1991,5,6,"Spring",0.969813514936518,0.976264103412734,0.420843720436096,0.420843720436096,1,58,58,FALSE,TRUE,TRUE,0.970037281204793
44,1634000,"1991-05-07",435.623145,0.967810988220729,1.01091509964224,1991,5,7,"Spring",0.969813514936518,0.976264103412734,0.420843720436096,0.420843720436096,1,58,58,FALSE,TRUE,TRUE,0.970037281204793
44,1634000,"1991-05-08",422.609521,0.970126417410627,1.00239243945159,1991,5,8,"Spring",0.969813514936518,0.976264103412734,0.420843720436096,0.420843720436096,1,58,58,FALSE,TRUE,TRUE,0.970037281204793
44,1634000,"1991-05-09",407.142157,0.9634003418489,0.993066805066829,1991,5,9,"Spring",0.969813514936518,0.976264103412734,0.420843720436096,0.420843720436096,1,58,58,FALSE,TRUE,TRUE,0.970037281204793
44,1634000,"1991-05-10",407.012072,0.999680492433015,1.03765843648601,1991,5,10,"Spring",0.969813514936518,0.976264103412734,0.420843720436096,0.420843720436096,1,58,58,FALSE,TRUE,TRUE,0.970037281204793
44,1634000,"1991-05-11",410.323778,1.00813662843887,1.00845883866882,1991,5,11,"Spring",0.969813514936518,0.976264103412734,0.420843720436096,0.420843720436096,1,58,58,FALSE,TRUE,TRUE,0.970037281204793
44,1634000,"1991-05-12",405.380123,0.987951819355689,0.979978101664215,1991,5,12,"Spring",0.969813514936518,0.976264103412734,0.420843720436096,0.420843720436096,1,58,58,FALSE,TRUE,TRUE,0.970037281204793
44,1634000,"1991-05-13",398.47191,0.98295867851419,0.994945967259056,1991,5,13,"Spring",0.969813514936518,0.976264103412734,0.420843720436096,0.420843720436096,1,58,58,FALSE,TRUE,TRUE,0.970037281204793
44,1634000,"1991-05-14",389.029132,0.976302525314771,0.99322845065117,1991,5,14,"Spring",0.969813514936518,0.976264103412734,0.420843720436096,0.420843720436096,1,58,58,FALSE,TRUE,TRUE,0.970037281204793
44,1634000,"1991-05-15",396.991424,1.02046708419769,1.04523655090279,1991,5,15,"Spring",0.969813514936518,0.976264103412734,0.420843720436096,0.420843720436096,1,58,58,FALSE,TRUE,TRUE,0.970037281204793
44,1634000,"1991-05-16",406.982843,1.02516784594319,1.00460648052082,1991,5,16,"Spring",0.969813514936518,0.976264103412734,0.420843720436096,0.420843720436096,1,58,58,FALSE,TRUE,TRUE,0.970037281204793
44,1634000,"1991-05-17",399.615624,0.981897961728082,0.957792390400911,1991,5,17,"Spring",0.969813514936518,0.976264103412734,0.420843720436096,0.420843720436096,1,58,58,FALSE,TRUE,TRUE,0.970037281204793
44,1634000,"1991-05-18",385.854852,0.965564980011893,0.983365907301157,1991,5,18,"Spring",0.969813514936518,0.976264103412734,0.420843720436096,0.420843720436096,1,58,58,FALSE,TRUE,TRUE,0.970037281204793
44,1634000,"1991-05-19",369.171448,0.956762487465105,0.990883583467703,1991,5,19,"Spring",0.969813514936518,0.976264103412734,0.420843720436096,0.420843720436096,1,58,58,FALSE,TRUE,TRUE,0.970037281204793
44,1634000,"1991-05-20",353.034038,0.956287491658889,0.999503538430447,1991,5,20,"Spring",0.969813514936518,0.976264103412734,0.420843720436096,0.420843720436096,1,58,58,FALSE,TRUE,TRUE,0.970037281204793
44,1634000,"1991-05-21",339.845684,0.962642825958895,1.00664584066553,1991,5,21,"Spring",0.969813514936518,0.976264103412734,0.420843720436096,0.420843720436096,1,58,58,FALSE,TRUE,TRUE,0.970037281204793
44,1634000,"1991-05-22",331.720178,0.976090601168264,1.01396964153966,1991,5,22,"Spring",0.969813514936518,0.976264103412734,0.420843720436096,0.420843720436096,1,58,58,FALSE,TRUE,TRUE,0.970037281204793
44,1634000,"1991-05-23",325.723345,0.981922013197521,1.00597425282272,1991,5,23,"Spring",0.969813514936518,0.976264103412734,0.420843720436096,0.420843720436096,1,58,58,FALSE,TRUE,TRUE,0.970037281204793
44,1634000,"1991-05-24",318.154436,0.976762767802228,0.994745768680251,1991,5,24,"Spring",0.969813514936518,0.976264103412734,0.420843720436096,0.420843720436096,1,58,58,FALSE,TRUE,TRUE,0.970037281204793
44,1634000,"1991-05-25",308.183289,0.968659412311322,0.991703865300743,1991,5,25,"Spring",0.969813514936518,0.976264103412734,0.420843720436096,0.420843720436096,1,58,58,FALSE,TRUE,TRUE,0.970037281204793
44,1634000,"1991-05-26",295.737143,0.959614468258855,0.990662410401934,1991,5,26,"Spring",0.969813514936518,0.976264103412734,0.420843720436096,0.420843720436096,1,58,58,FALSE,TRUE,TRUE,0.970037281204793
44,1634000,"1991-05-27",281.310504,0.951218034861451,0.991250201330709,1991,5,27,"Spring",0.969813514936518,0.976264103412734,0.420843720436096,0.420843720436096,1,58,58,FALSE,TRUE,TRUE,0.970037281204793
44,1634000,"1991-05-28",265.753101,0.944696686477089,0.993144212845679,1991,5,28,"Spring",0.969813514936518,0.976264103412734,0.420843720436096,0.420843720436096,1,58,58,FALSE,TRUE,TRUE,0.970037281204793
44,1634000,"1991-05-29",252.090775,0.948590153986576,1.00412139426889,1991,5,29,"Spring",0.969813514936518,0.976264103412734,0.420843720436096,0.420843720436096,1,58,58,FALSE,TRUE,TRUE,0.970037281204793
44,1634000,"1991-05-30",239.223836,0.948959104116364,1.00038894577204,1991,5,30,"Spring",0.969813514936518,0.976264103412734,0.420843720436096,0.420843720436096,1,58,58,FALSE,TRUE,TRUE,0.970037281204793
44,1634000,"1991-05-31",225.682433,0.943394424124191,0.994136017065399,1991,5,31,"Spring",0.969813514936518,0.976264103412734,0.420843720436096,0.420843720436096,1,58,58,FALSE,TRUE,TRUE,0.970037281204793
44,1634000,"1991-06-01",213.122189,0.944345495424537,1.00100813750434,1991,6,1,"Summer",0.969813514936518,0.976264103412734,0.420843720436096,0.420843720436096,1,58,58,FALSE,TRUE,TRUE,0.970037281204793
44,1634000,"1991-06-02",220.036297,1.03244199035512,1.09328841547656,1991,6,2,"Summer",0.969813514936518,0.976264103412734,0.420843720436096,0.420843720436096,1,58,58,FALSE,TRUE,TRUE,0.970037281204793
44,1634000,"1991-06-03",231.802136,1.05347226416922,1.02036944836665,1991,6,3,"Summer",0.969813514936518,0.976264103412734,0.420843720436096,0.420843720436096,1,58,58,FALSE,TRUE,TRUE,0.970037281204793
44,1634000,"1991-06-04",231.397806,0.998255710637628,0.947586134529007,1991,6,4,"Summer",0.969813514936518,0.976264103412734,0.420843720436096,0.420843720436096,1,58,58,FALSE,TRUE,TRUE,0.970037281204793
44,1634000,"1991-06-05",228.490419,0.987435546385431,0.989160929272035,1991,6,5,"Summer",0.969813514936518,0.976264103412734,0.420843720436096,0.420843720436096,1,58,58,FALSE,TRUE,TRUE,0.970037281204793
44,1634000,"1991-06-06",219.23387,0.959488240073646,0.971697083000417,1991,6,6,"Summer",0.969813514936518,0.976264103412734,0.420843720436096,0.420843720436096,1,58,58,FALSE,TRUE,TRUE,0.970037281204793
44,1634000,"1991-06-07",208.09843,0.949207483314508,0.98928516647755,1991,6,7,"Summer",0.969813514936518,0.976264103412734,0.420843720436096,0.420843720436096,1,58,58,FALSE,TRUE,TRUE,0.970037281204793
44,1634000,"1991-06-08",196.279631,0.943205727212839,0.993677087246813,1991,6,8,"Summer",0.969813514936518,0.976264103412734,0.420843720436096,0.420843720436096,1,58,58,FALSE,TRUE,TRUE,0.970037281204793
44,1634000,"1991-06-09",184.658894,0.940794992629673,0.997444105232176,1991,6,9,"Summer",0.969813514936518,0.976264103412734,0.420843720436096,0.420843720436096,1,58,58,FALSE,TRUE,TRUE,0.970037281204793
44,1634000,"1991-06-10",173.676786,0.940527597874598,0.999715777871725,1991,6,10,"Summer",0.969813514936518,0.976264103412734,0.420843720436096,0.420843720436096,1,58,58,FALSE,TRUE,TRUE,0.970037281204793
44,1634000,"1991-06-11",163.459807,0.941172454676816,1.00068563304647,1991,6,11,"Summer",0.969813514936518,0.976264103412734,0.420843720436096,0.420843720436096,1,58,58,FALSE,TRUE,TRUE,0.970037281204793
44,1634000,"1991-06-12",153.961988,0.941895080054756,1.00076779274016,1991,6,12,"Summer",0.969813514936518,0.976264103412734,0.420843720436096,0.420843720436096,1,58,58,FALSE,TRUE,TRUE,0.970037281204793
44,1634000,"1991-06-13",145.096211,0.942415805906585,1.00055284910481,1991,6,13,"Summer",0.969813514936518,0.976264103412734,0.420843720436096,0.420843720436096,1,58,58,FALSE,TRUE,TRUE,0.970037281204793
44,1634000,"1991-06-14",136.781942,0.942698234897395,1.00029968617784,1991,6,14,"Summer",0.969813514936518,0.976264103412734,0.420843720436096,0.420843720436096,1,58,58,FALSE,TRUE,TRUE,0.970037281204793
44,1634000,"1991-06-15",129.002985,0.943128772071389,1.00045670730893,1991,6,15,"Summer",0.969813514936518,0.976264103412734,0.420843720436096,0.420843720436096,1,58,58,FALSE,TRUE,TRUE,0.970037281204793
44,1634000,"1991-06-16",121.782583,0.944029186611457,1.00095471007431,1991,6,16,"Summer",0.969813514936518,0.976264103412734,0.420843720436096,0.420843720436096,1,58,58,FALSE,TRUE,TRUE,0.970037281204793
45,1634000,"1991-07-12",416.822902,0.905227135830247,0.982258826647139,1991,7,12,"Summer",0.936860401446443,0.982299666751593,0.558350920677185,0.558350920677185,1,16,16,FALSE,TRUE,TRUE,0.937735264407579
45,1634000,"1991-07-13",377.875824,0.906562048742706,1.00147467178084,1991,7,13,"Summer",0.936860401446443,0.982299666751593,0.558350920677185,0.558350920677185,1,16,16,FALSE,TRUE,TRUE,0.937735264407579
45,1634000,"1991-07-14",359.756102,0.952048475056716,1.05017464207452,1991,7,14,"Summer",0.936860401446443,0.982299666751593,0.558350920677185,0.558350920677185,1,16,16,FALSE,TRUE,TRUE,0.937735264407579
45,1634000,"1991-07-15",350.471885,0.974193024250635,1.02325989671125,1991,7,15,"Summer",0.936860401446443,0.982299666751593,0.558350920677185,0.558350920677185,1,16,16,FALSE,TRUE,TRUE,0.937735264407579
45,1634000,"1991-07-16",337.410371,0.962731635377828,0.9882349918471,1991,7,16,"Summer",0.936860401446443,0.982299666751593,0.558350920677185,0.558350920677185,1,16,16,FALSE,TRUE,TRUE,0.937735264407579
45,1634000,"1991-07-17",326.062471,0.966367660939503,1.00377677997488,1991,7,17,"Summer",0.936860401446443,0.982299666751593,0.558350920677185,0.558350920677185,1,16,16,FALSE,TRUE,TRUE,0.937735264407579
45,1634000,"1991-07-18",309.525496,0.949282801699678,0.982320539138059,1991,7,18,"Summer",0.936860401446443,0.982299666751593,0.558350920677185,0.558350920677185,1,16,16,FALSE,TRUE,TRUE,0.937735264407579
45,1634000,"1991-07-19",290.455301,0.93838893646422,0.988524109763757,1991,7,19,"Summer",0.936860401446443,0.982299666751593,0.558350920677185,0.558350920677185,1,16,16,FALSE,TRUE,TRUE,0.937735264407579
45,1634000,"1991-07-20",270.297448,0.93059912168723,0.991698735487717,1991,7,20,"Summer",0.936860401446443,0.982299666751593,0.558350920677185,0.558350920677185,1,16,16,FALSE,TRUE,TRUE,0.937735264407579
45,1634000,"1991-07-21",250.036648,0.925042577538505,0.99402906792062,1991,7,21,"Summer",0.936860401446443,0.982299666751593,0.558350920677185,0.558350920677185,1,16,16,FALSE,TRUE,TRUE,0.937735264407579
45,1634000,"1991-07-22",230.210357,0.920706459798645,0.995312520909688,1991,7,22,"Summer",0.936860401446443,0.982299666751593,0.558350920677185,0.558350920677185,1,16,16,FALSE,TRUE,TRUE,0.937735264407579
45,1634000,"1991-07-23",211.432408,0.918431345814733,0.99752894751666,1991,7,23,"Summer",0.936860401446443,0.982299666751593,0.558350920677185,0.558350920677185,1,16,16,FALSE,TRUE,TRUE,0.937735264407579
45,1634000,"1991-07-24",194.888111,0.921751366517095,1.00361488174102,1991,7,24,"Summer",0.936860401446443,0.982299666751593,0.558350920677185,0.558350920677185,1,16,16,FALSE,TRUE,TRUE,0.937735264407579
45,1634000,"1991-07-25",180.288787,0.925088688452627,1.0036206313945,1991,7,25,"Summer",0.936860401446443,0.982299666751593,0.558350920677185,0.558350920677185,1,16,16,FALSE,TRUE,TRUE,0.937735264407579
45,1634000,"1991-07-26",167.869924,0.931116830909734,1.0065162859868,1991,7,26,"Summer",0.936860401446443,0.982299666751593,0.558350920677185,0.558350920677185,1,16,16,FALSE,TRUE,TRUE,0.937735264407579
45,1634000,"1991-07-27",157.88423,0.940515288492059,1.0100937468536,1991,7,27,"Summer",0.936860401446443,0.982299666751593,0.558350920677185,0.558350920677185,1,16,16,FALSE,TRUE,TRUE,0.937735264407579
46,1634000,"1991-08-18",179.518195,0.909348768184493,0.997480231093531,1991,8,18,"Summer",0.952412790711539,0.954091631427686,0.448718070983887,0.111886620521545,3,20,18,FALSE,TRUE,TRUE,0.953095810134422
46,1634000,"1991-08-19",163.670025,0.911718307996579,1.002605754684,1991,8,19,"Summer",0.952412790711539,0.954091631427686,0.448718070983887,0.111886620521545,3,20,18,FALSE,TRUE,TRUE,0.953095810134422
46,1634000,"1991-08-20",151.922125,0.928222043101661,1.01810179192447,1991,8,20,"Summer",0.952412790711539,0.954091631427686,0.448718070983887,0.111886620521545,3,20,18,FALSE,TRUE,TRUE,0.953095810134422
46,1634000,"1991-08-21",155.84449,1.02581826050682,1.10514318005102,1991,8,21,"Summer",0.952412790711539,0.954091631427686,0.448718070983887,0.111886620521545,3,20,18,FALSE,TRUE,TRUE,0.953095810134422
46,1634000,"1991-08-22",160.707999,1.03120744916936,1.00525355111136,1991,8,22,"Summer",0.952412790711539,0.954091631427686,0.448718070983887,0.111886620521545,3,20,18,FALSE,TRUE,TRUE,0.953095810134422
46,1634000,"1991-08-23",155.616923,0.968320954577998,0.939016640500398,1991,8,23,"Summer",0.952412790711539,0.954091631427686,0.448718070983887,0.111886620521545,3,20,18,FALSE,TRUE,TRUE,0.953095810134422
46,1634000,"1991-08-24",150.982554,0.970219376462032,1.00196052958996,1991,8,24,"Summer",0.952412790711539,0.954091631427686,0.448718070983887,0.111886620521545,3,20,18,FALSE,TRUE,TRUE,0.953095810134422
46,1634000,"1991-08-25",143.922796,0.953241233420916,0.982500717411945,1991,8,25,"Summer",0.952412790711539,0.954091631427686,0.448718070983887,0.111886620521545,3,20,18,FALSE,TRUE,TRUE,0.953095810134422
46,1634000,"1991-08-26",135.732864,0.94309496321903,0.989356030933037,1991,8,26,"Summer",0.952412790711539,0.954091631427686,0.448718070983887,0.111886620521545,3,20,18,FALSE,TRUE,TRUE,0.953095810134422
46,1634000,"1991-08-27",127.289493,0.937794202883688,0.994379399167556,1991,8,27,"Summer",0.952412790711539,0.954091631427686,0.448718070983887,0.111886620521545,3,20,18,FALSE,TRUE,TRUE,0.953095810134422
46,1634000,"1991-08-28",119.188859,0.936360544699475,0.998471244352115,1991,8,28,"Summer",0.952412790711539,0.954091631427686,0.448718070983887,0.111886620521545,3,20,18,FALSE,TRUE,TRUE,0.953095810134422
46,1634000,"1991-08-29",111.667487,0.936895343548846,1.00057114628804,1991,8,29,"Summer",0.952412790711539,0.954091631427686,0.448718070983887,0.111886620521545,3,20,18,FALSE,TRUE,TRUE,0.953095810134422
46,1634000,"1991-08-30",104.789041,0.938402428631711,1.00160859491217,1991,8,30,"Summer",0.952412790711539,0.954091631427686,0.448718070983887,0.111886620521545,3,20,18,FALSE,TRUE,TRUE,0.953095810134422
46,1634000,"1991-08-31",98.524955,0.940221935994242,1.00193894144667,1991,8,31,"Summer",0.952412790711539,0.954091631427686,0.448718070983887,0.111886620521545,3,20,18,FALSE,TRUE,TRUE,0.953095810134422
46,1634000,"1991-09-01",92.80234,0.941917101103979,1.00180294145971,1991,9,1,"Fall",0.952412790711539,0.954091631427686,0.448718070983887,0.111886620521545,3,20,18,FALSE,TRUE,TRUE,0.953095810134422
46,1634000,"1991-09-02",87.53976,0.943292593699685,1.00146031173454,1991,9,2,"Fall",0.952412790711539,0.954091631427686,0.448718070983887,0.111886620521545,3,20,18,FALSE,TRUE,TRUE,0.953095810134422
46,1634000,"1991-09-03",82.689438,0.94459292554606,1.00137850318667,1991,9,3,"Fall",0.952412790711539,0.954091631427686,0.448718070983887,0.111886620521545,3,20,18,FALSE,TRUE,TRUE,0.953095810134422
46,1634000,"1991-09-04",78.183973,0.945513416114885,1.00097448386912,1991,9,4,"Fall",0.952412790711539,0.954091631427686,0.448718070983887,0.111886620521545,3,20,18,FALSE,TRUE,TRUE,0.953095810134422
47,1634000,"1991-09-20",51.490772,1.02771376534986,1.08025676939654,1991,9,20,"Fall",0.962842926648279,0.991908560788355,0.324423551559448,7.15255737304688e-07,11,24,14,FALSE,TRUE,TRUE,0.96249445182969
47,1634000,"1991-09-21",52.826805,1.0259470376556,0.998280914634187,1991,9,21,"Fall",0.962842926648279,0.991908560788355,0.324423551559448,7.15255737304688e-07,11,24,14,FALSE,TRUE,TRUE,0.96249445182969
47,1634000,"1991-09-22",50.528616,0.956495778989473,0.93230522033103,1991,9,22,"Fall",0.962842926648279,0.991908560788355,0.324423551559448,7.15255737304688e-07,11,24,14,FALSE,TRUE,TRUE,0.96249445182969
47,1634000,"1991-09-23",48.472875,0.959315311545442,1.00294777312969,1991,9,23,"Fall",0.962842926648279,0.991908560788355,0.324423551559448,7.15255737304688e-07,11,24,14,FALSE,TRUE,TRUE,0.96249445182969
47,1634000,"1991-09-24",46.369271,0.956602450339494,0.997172085993731,1991,9,24,"Fall",0.962842926648279,0.991908560788355,0.324423551559448,7.15255737304688e-07,11,24,14,FALSE,TRUE,TRUE,0.96249445182969
47,1634000,"1991-09-25",44.339472,0.95622534156295,0.999605783179408,1991,9,25,"Fall",0.962842926648279,0.991908560788355,0.324423551559448,7.15255737304688e-07,11,24,14,FALSE,TRUE,TRUE,0.96249445182969
47,1634000,"1991-09-26",42.698703,0.962995296831681,1.00707987435019,1991,9,26,"Fall",0.962842926648279,0.991908560788355,0.324423551559448,7.15255737304688e-07,11,24,14,FALSE,TRUE,TRUE,0.96249445182969
47,1634000,"1991-09-27",41.160865,0.963983964571477,1.00102665894948,1991,9,27,"Fall",0.962842926648279,0.991908560788355,0.324423551559448,7.15255737304688e-07,11,24,14,FALSE,TRUE,TRUE,0.96249445182969
47,1634000,"1991-09-28",39.486614,0.959324202734807,0.995166141753466,1991,9,28,"Fall",0.962842926648279,0.991908560788355,0.324423551559448,7.15255737304688e-07,11,24,14,FALSE,TRUE,TRUE,0.96249445182969
47,1634000,"1991-09-29",37.948159,0.96103856866532,1.00178705585205,1991,9,29,"Fall",0.962842926648279,0.991908560788355,0.324423551559448,7.15255737304688e-07,11,24,14,FALSE,TRUE,TRUE,0.96249445182969
47,1634000,"1991-09-30",36.51119,0.96213336726032,1.00113918278693,1991,9,30,"Fall",0.962842926648279,0.991908560788355,0.324423551559448,7.15255737304688e-07,11,24,14,FALSE,TRUE,TRUE,0.96249445182969
47,1634000,"1991-10-01",35.166045,0.963158007175334,1.00106496661469,1991,10,1,"Fall",0.962842926648279,0.991908560788355,0.324423551559448,7.15255737304688e-07,11,24,14,FALSE,TRUE,TRUE,0.96249445182969
47,1634000,"1991-10-02",33.914301,0.964404754643293,1.0012944371107,1991,10,2,"Fall",0.962842926648279,0.991908560788355,0.324423551559448,7.15255737304688e-07,11,24,14,FALSE,TRUE,TRUE,0.96249445182969
47,1634000,"1991-10-03",32.741315,0.965413233785948,1.00104570113098,1991,10,3,"Fall",0.962842926648279,0.991908560788355,0.324423551559448,7.15255737304688e-07,11,24,14,FALSE,TRUE,TRUE,0.96249445182969
48,1634000,"1991-10-14",50.774074,0.967633752054342,0.986512734676178,1991,10,14,"Fall",0.958773680688779,0.999746923801543,0.488422393798828,0.00027310848236084,3,17,15,FALSE,TRUE,TRUE,0.954685545547361
48,1634000,"1991-10-15",48.665087,0.958463309444107,0.990522816519406,1991,10,15,"Fall",0.958773680688779,0.999746923801543,0.488422393798828,0.00027310848236084,3,17,15,FALSE,TRUE,TRUE,0.954685545547361
48,1634000,"1991-10-16",46.357326,0.952578714181688,0.99386038546866,1991,10,16,"Fall",0.958773680688779,0.999746923801543,0.488422393798828,0.00027310848236084,3,17,15,FALSE,TRUE,TRUE,0.954685545547361
48,1634000,"1991-10-17",44.012816,0.949425253734437,0.996689553944148,1991,10,17,"Fall",0.958773680688779,0.999746923801543,0.488422393798828,0.00027310848236084,3,17,15,FALSE,TRUE,TRUE,0.954685545547361
48,1634000,"1991-10-18",42.113454,0.956845251619437,1.00781525228639,1991,10,18,"Fall",0.958773680688779,0.999746923801543,0.488422393798828,0.00027310848236084,3,17,15,FALSE,TRUE,TRUE,0.954685545547361
48,1634000,"1991-10-19",40.411078,0.959576433697412,1.00285436132264,1991,10,19,"Fall",0.958773680688779,0.999746923801543,0.488422393798828,0.00027310848236084,3,17,15,FALSE,TRUE,TRUE,0.954685545547361
48,1634000,"1991-10-20",38.485741,0.952356207869535,0.992475611557012,1991,10,20,"Fall",0.958773680688779,0.999746923801543,0.488422393798828,0.00027310848236084,3,17,15,FALSE,TRUE,TRUE,0.954685545547361
48,1634000,"1991-10-21",36.634112,0.951887921295318,0.999508286321497,1991,10,21,"Fall",0.958773680688779,0.999746923801543,0.488422393798828,0.00027310848236084,3,17,15,FALSE,TRUE,TRUE,0.954685545547361
48,1634000,"1991-10-22",34.915724,0.953093226335062,1.00126622579484,1991,10,22,"Fall",0.958773680688779,0.999746923801543,0.488422393798828,0.00027310848236084,3,17,15,FALSE,TRUE,TRUE,0.954685545547361
48,1634000,"1991-10-23",33.30907,0.953984800658866,1.00093545342593,1991,10,23,"Fall",0.958773680688779,0.999746923801543,0.488422393798828,0.00027310848236084,3,17,15,FALSE,TRUE,TRUE,0.954685545547361
48,1634000,"1991-10-24",31.806579,0.954892436204313,1.00095141510097,1991,10,24,"Fall",0.958773680688779,0.999746923801543,0.488422393798828,0.00027310848236084,3,17,15,FALSE,TRUE,TRUE,0.954685545547361
48,1634000,"1991-10-25",30.401655,0.955829138367883,1.00098095044851,1991,10,25,"Fall",0.958773680688779,0.999746923801543,0.488422393798828,0.00027310848236084,3,17,15,FALSE,TRUE,TRUE,0.954685545547361
48,1634000,"1991-10-26",29.085816,0.956718178664944,1.00093012470679,1991,10,26,"Fall",0.958773680688779,0.999746923801543,0.488422393798828,0.00027310848236084,3,17,15,FALSE,TRUE,TRUE,0.954685545547361
48,1634000,"1991-10-27",27.852643,0.957602255339854,1.0009240722029,1991,10,27,"Fall",0.958773680688779,0.999746923801543,0.488422393798828,0.00027310848236084,3,17,15,FALSE,TRUE,TRUE,0.954685545547361
48,1634000,"1991-10-28",26.697354,0.958521387000867,1.00095982612393,1991,10,28,"Fall",0.958773680688779,0.999746923801543,0.488422393798828,0.00027310848236084,3,17,15,FALSE,TRUE,TRUE,0.954685545547361
50,1634000,"1992-01-13",636.076231,0.929406575951978,1.0123979689957,1992,1,13,"Winter",0.976196602512972,0.964786407786002,0.905595779418945,0.294266104698181,3,36,34,FALSE,TRUE,TRUE,0.977352968151892
50,1634000,"1992-01-14",597.764709,0.939768977155822,1.01114948126252,1992,1,14,"Winter",0.976196602512972,0.964786407786002,0.905595779418945,0.294266104698181,3,36,34,FALSE,TRUE,TRUE,0.977352968151892
50,1634000,"1992-01-15",581.694098,0.973115490496446,1.03548373499362,1992,1,15,"Winter",0.976196602512972,0.964786407786002,0.905595779418945,0.294266104698181,3,36,34,FALSE,TRUE,TRUE,0.977352968151892
50,1634000,"1992-01-16",575.361374,0.98911330883058,1.01643979413582,1992,1,16,"Winter",0.976196602512972,0.964786407786002,0.905595779418945,0.294266104698181,3,36,34,FALSE,TRUE,TRUE,0.977352968151892
50,1634000,"1992-01-17",562.966323,0.978456928879623,0.989226330435735,1992,1,17,"Winter",0.976196602512972,0.964786407786002,0.905595779418945,0.294266104698181,3,36,34,FALSE,TRUE,TRUE,0.977352968151892
50,1634000,"1992-01-18",549.569268,0.976202741704676,0.997696181499243,1992,1,18,"Winter",0.976196602512972,0.964786407786002,0.905595779418945,0.294266104698181,3,36,34,FALSE,TRUE,TRUE,0.977352968151892
50,1634000,"1992-01-19",531.447876,0.96702619113702,0.990599749236894,1992,1,19,"Winter",0.976196602512972,0.964786407786002,0.905595779418945,0.294266104698181,3,36,34,FALSE,TRUE,TRUE,0.977352968151892
50,1634000,"1992-01-20",511.194305,0.961889826049469,0.994688494340044,1992,1,20,"Winter",0.976196602512972,0.964786407786002,0.905595779418945,0.294266104698181,3,36,34,FALSE,TRUE,TRUE,0.977352968151892
50,1634000,"1992-01-21",490.927862,0.960354716784257,0.998404069547635,1992,1,21,"Winter",0.976196602512972,0.964786407786002,0.905595779418945,0.294266104698181,3,36,34,FALSE,TRUE,TRUE,0.977352968151892
50,1634000,"1992-01-22",471.77402,0.960984406299596,1.00065568430532,1992,1,22,"Winter",0.976196602512972,0.964786407786002,0.905595779418945,0.294266104698181,3,36,34,FALSE,TRUE,TRUE,0.977352968151892
50,1634000,"1992-01-23",454.006015,0.962337890077118,1.00140843469327,1992,1,23,"Winter",0.976196602512972,0.964786407786002,0.905595779418945,0.294266104698181,3,36,34,FALSE,TRUE,TRUE,0.977352968151892
50,1634000,"1992-01-24",445.201596,0.98060726354033,1.0189843646931,1992,1,24,"Winter",0.976196602512972,0.964786407786002,0.905595779418945,0.294266104698181,3,36,34,FALSE,TRUE,TRUE,0.977352968151892
50,1634000,"1992-01-25",447.095397,1.00425380550523,1.0241141819402,1992,1,25,"Winter",0.976196602512972,0.964786407786002,0.905595779418945,0.294266104698181,3,36,34,FALSE,TRUE,TRUE,0.977352968151892
50,1634000,"1992-01-26",454.304464,1.01612422549723,1.01182013941787,1992,1,26,"Winter",0.976196602512972,0.964786407786002,0.905595779418945,0.294266104698181,3,36,34,FALSE,TRUE,TRUE,0.977352968151892
50,1634000,"1992-01-27",460.95751,1.01464446539095,0.998543721260502,1992,1,27,"Winter",0.976196602512972,0.964786407786002,0.905595779418945,0.294266104698181,3,36,34,FALSE,TRUE,TRUE,0.977352968151892
50,1634000,"1992-01-28",460.759944,0.999571400843431,0.985144486505718,1992,1,28,"Winter",0.976196602512972,0.964786407786002,0.905595779418945,0.294266104698181,3,36,34,FALSE,TRUE,TRUE,0.977352968151892
50,1634000,"1992-01-29",456.845177,0.991503673331465,0.991928813184172,1992,1,29,"Winter",0.976196602512972,0.964786407786002,0.905595779418945,0.294266104698181,3,36,34,FALSE,TRUE,TRUE,0.977352968151892
50,1634000,"1992-01-30",449.97116,0.984953289766262,0.993393485328003,1992,1,30,"Winter",0.976196602512972,0.964786407786002,0.905595779418945,0.294266104698181,3,36,34,FALSE,TRUE,TRUE,0.977352968151892
50,1634000,"1992-01-31",439.584629,0.97691734065801,0.991841289133459,1992,1,31,"Winter",0.976196602512972,0.964786407786002,0.905595779418945,0.294266104698181,3,36,34,FALSE,TRUE,TRUE,0.977352968151892
50,1634000,"1992-02-01",426.895193,0.97113312167246,0.994079111154221,1992,2,1,"Winter",0.976196602512972,0.964786407786002,0.905595779418945,0.294266104698181,3,36,34,FALSE,TRUE,TRUE,0.977352968151892
50,1634000,"1992-02-02",412.904005,0.967225707317815,0.995976437969786,1992,2,2,"Winter",0.976196602512972,0.964786407786002,0.905595779418945,0.294266104698181,3,36,34,FALSE,TRUE,TRUE,0.977352968151892
50,1634000,"1992-02-03",399.163753,0.966722889985046,0.999480144780102,1992,2,3,"Winter",0.976196602512972,0.964786407786002,0.905595779418945,0.294266104698181,3,36,34,FALSE,TRUE,TRUE,0.977352968151892
50,1634000,"1992-02-04",386.372664,0.967955284256484,1.00127481647968,1992,2,4,"Winter",0.976196602512972,0.964786407786002,0.905595779418945,0.294266104698181,3,36,34,FALSE,TRUE,TRUE,0.977352968151892
50,1634000,"1992-02-05",374.462261,0.969173794862465,1.00125885009959,1992,2,5,"Winter",0.976196602512972,0.964786407786002,0.905595779418945,0.294266104698181,3,36,34,FALSE,TRUE,TRUE,0.977352968151892
50,1634000,"1992-02-06",363.010975,0.969419385629357,1.00025340219494,1992,2,6,"Winter",0.976196602512972,0.964786407786002,0.905595779418945,0.294266104698181,3,36,34,FALSE,TRUE,TRUE,0.977352968151892
50,1634000,"1992-02-07",351.773875,0.969044737559243,0.999613533548361,1992,2,7,"Winter",0.976196602512972,0.964786407786002,0.905595779418945,0.294266104698181,3,36,34,FALSE,TRUE,TRUE,0.977352968151892
50,1634000,"1992-02-08",340.74051,0.968635064215613,0.999577240009928,1992,2,8,"Winter",0.976196602512972,0.964786407786002,0.905595779418945,0.294266104698181,3,36,34,FALSE,TRUE,TRUE,0.977352968151892
50,1634000,"1992-02-09",329.97243,0.96839800468691,0.999755264353459,1992,2,9,"Winter",0.976196602512972,0.964786407786002,0.905595779418945,0.294266104698181,3,36,34,FALSE,TRUE,TRUE,0.977352968151892
50,1634000,"1992-02-10",319.516196,0.968311795018754,0.99991097702831,1992,2,10,"Winter",0.976196602512972,0.964786407786002,0.905595779418945,0.294266104698181,3,36,34,FALSE,TRUE,TRUE,0.977352968151892
50,1634000,"1992-02-11",309.39463,0.968322212999807,1.00001075891165,1992,2,11,"Winter",0.976196602512972,0.964786407786002,0.905595779418945,0.294266104698181,3,36,34,FALSE,TRUE,TRUE,0.977352968151892
50,1634000,"1992-02-12",299.616696,0.968396562021778,1.0000767812831,1992,2,12,"Winter",0.976196602512972,0.964786407786002,0.905595779418945,0.294266104698181,3,36,34,FALSE,TRUE,TRUE,0.977352968151892
50,1634000,"1992-02-13",290.181843,0.968510256184121,1.00011740454975,1992,2,13,"Winter",0.976196602512972,0.964786407786002,0.905595779418945,0.294266104698181,3,36,34,FALSE,TRUE,TRUE,0.977352968151892
50,1634000,"1992-02-14",281.083381,0.968645653684128,1.00013979975859,1992,2,14,"Winter",0.976196602512972,0.964786407786002,0.905595779418945,0.294266104698181,3,36,34,FALSE,TRUE,TRUE,0.977352968151892
50,1634000,"1992-02-15",274.690929,0.977257808778101,1.00889092421074,1992,2,15,"Winter",0.976196602512972,0.964786407786002,0.905595779418945,0.294266104698181,3,36,34,FALSE,TRUE,TRUE,0.977352968151892
51,1634000,"1992-03-31",704.42827,0.991987599469733,0.978790652039574,1992,3,31,"Spring",0.965807956637789,0.999783005355721,0.397587358951569,0.243762195110321,7,28,22,FALSE,TRUE,TRUE,0.960375862449731
51,1634000,"1992-04-01",682.941039,0.969496921240824,0.977327661917416,1992,4,1,"Spring",0.965807956637789,0.999783005355721,0.397587358951569,0.243762195110321,7,28,22,FALSE,TRUE,TRUE,0.960375862449731
51,1634000,"1992-04-02",655.008207,0.959099204170098,0.989275141732871,1992,4,2,"Spring",0.965807956637789,0.999783005355721,0.397587358951569,0.243762195110321,7,28,22,FALSE,TRUE,TRUE,0.960375862449731
51,1634000,"1992-04-03",626.570718,0.956584530245436,0.997378087778898,1992,4,3,"Spring",0.965807956637789,0.999783005355721,0.397587358951569,0.243762195110321,7,28,22,FALSE,TRUE,TRUE,0.960375862449731
51,1634000,"1992-04-04",599.711219,0.957132533920936,1.00057287532693,1992,4,4,"Spring",0.965807956637789,0.999783005355721,0.397587358951569,0.243762195110321,7,28,22,FALSE,TRUE,TRUE,0.960375862449731
51,1634000,"1992-04-05",574.853643,0.958550757076966,1.00148174166666,1992,4,5,"Spring",0.965807956637789,0.999783005355721,0.397587358951569,0.243762195110321,7,28,22,FALSE,TRUE,TRUE,0.960375862449731
51,1634000,"1992-04-06",551.917546,0.960100979998486,1.00161725699977,1992,4,6,"Spring",0.965807956637789,0.999783005355721,0.397587358951569,0.243762195110321,7,28,22,FALSE,TRUE,TRUE,0.960375862449731
51,1634000,"1992-04-07",530.669476,0.961501368901941,1.00145858501619,1992,4,7,"Spring",0.965807956637789,0.999783005355721,0.397587358951569,0.243762195110321,7,28,22,FALSE,TRUE,TRUE,0.960375862449731
51,1634000,"1992-04-08",510.757063,0.962476807314992,1.00101449508508,1992,4,8,"Spring",0.965807956637789,0.999783005355721,0.397587358951569,0.243762195110321,7,28,22,FALSE,TRUE,TRUE,0.960375862449731
51,1634000,"1992-04-09",491.767713,0.962821170032454,1.00035778806808,1992,4,9,"Spring",0.965807956637789,0.999783005355721,0.397587358951569,0.243762195110321,7,28,22,FALSE,TRUE,TRUE,0.960375862449731
51,1634000,"1992-04-10",473.352089,0.962552189757118,0.999720633193673,1992,4,10,"Spring",0.965807956637789,0.999783005355721,0.397587358951569,0.243762195110321,7,28,22,FALSE,TRUE,TRUE,0.960375862449731
51,1634000,"1992-04-11",455.304139,0.961872038976044,0.999293388152548,1992,4,11,"Spring",0.965807956637789,0.999783005355721,0.397587358951569,0.243762195110321,7,28,22,FALSE,TRUE,TRUE,0.960375862449731
51,1634000,"1992-04-12",437.60026,0.961116367097203,0.999214373795868,1992,4,12,"Spring",0.965807956637789,0.999783005355721,0.397587358951569,0.243762195110321,7,28,22,FALSE,TRUE,TRUE,0.960375862449731
51,1634000,"1992-04-13",420.315771,0.960501648239423,0.999360411622542,1992,4,13,"Spring",0.965807956637789,0.999783005355721,0.397587358951569,0.243762195110321,7,28,22,FALSE,TRUE,TRUE,0.960375862449731
51,1634000,"1992-04-14",403.447324,0.959867204221561,0.999339465976946,1992,4,14,"Spring",0.965807956637789,0.999783005355721,0.397587358951569,0.243762195110321,7,28,22,FALSE,TRUE,TRUE,0.960375862449731
51,1634000,"1992-04-15",386.954649,0.959120623638094,0.99922220430057,1992,4,15,"Spring",0.965807956637789,0.999783005355721,0.397587358951569,0.243762195110321,7,28,22,FALSE,TRUE,TRUE,0.960375862449731
51,1634000,"1992-04-16",370.943582,0.95862288502961,0.999481046912957,1992,4,16,"Spring",0.965807956637789,0.999783005355721,0.397587358951569,0.243762195110321,7,28,22,FALSE,TRUE,TRUE,0.960375862449731
51,1634000,"1992-04-17",355.529581,0.958446508450441,0.999816010464675,1992,4,17,"Spring",0.965807956637789,0.999783005355721,0.397587358951569,0.243762195110321,7,28,22,FALSE,TRUE,TRUE,0.960375862449731
51,1634000,"1992-04-18",340.670435,0.958205598650313,0.999748645544635,1992,4,18,"Spring",0.965807956637789,0.999783005355721,0.397587358951569,0.243762195110321,7,28,22,FALSE,TRUE,TRUE,0.960375862449731
51,1634000,"1992-04-19",326.270017,0.957729181870449,0.999502803176547,1992,4,19,"Spring",0.965807956637789,0.999783005355721,0.397587358951569,0.243762195110321,7,28,22,FALSE,TRUE,TRUE,0.960375862449731
51,1634000,"1992-04-20",314.071499,0.962612200433974,1.00509853793323,1992,4,20,"Spring",0.965807956637789,0.999783005355721,0.397587358951569,0.243762195110321,7,28,22,FALSE,TRUE,TRUE,0.960375862449731
51,1634000,"1992-04-21",302.345611,0.962664908986218,1.00005475574922,1992,4,21,"Spring",0.965807956637789,0.999783005355721,0.397587358951569,0.243762195110321,7,28,22,FALSE,TRUE,TRUE,0.960375862449731
52,1634000,"1992-05-26",539.222527,0.940178546047003,1.01022670560367,1992,5,26,"Spring",0.963246329808065,0.999636425837674,0.367520809173584,0.000127077102661133,4,10,7,FALSE,TRUE,TRUE,0.966482381191246
52,1634000,"1992-05-27",519.146438,0.962768452735655,1.02402725182747,1992,5,27,"Spring",0.963246329808065,0.999636425837674,0.367520809173584,0.000127077102661133,4,10,7,FALSE,TRUE,TRUE,0.966482381191246
52,1634000,"1992-05-28",503.66871,0.970186200141086,1.00770460164576,1992,5,28,"Spring",0.963246329808065,0.999636425837674,0.367520809173584,0.000127077102661133,4,10,7,FALSE,TRUE,TRUE,0.966482381191246
52,1634000,"1992-05-29",486.221565,0.965359879115778,0.995025366239382,1992,5,29,"Spring",0.963246329808065,0.999636425837674,0.367520809173584,0.000127077102661133,4,10,7,FALSE,TRUE,TRUE,0.966482381191246
52,1634000,"1992-05-30",470.503466,0.967672970243514,1.00239609204585,1992,5,30,"Spring",0.963246329808065,0.999636425837674,0.367520809173584,0.000127077102661133,4,10,7,FALSE,TRUE,TRUE,0.966482381191246
52,1634000,"1992-05-31",453.871656,0.964651036173238,0.99687711224432,1992,5,31,"Spring",0.963246329808065,0.999636425837674,0.367520809173584,0.000127077102661133,4,10,7,FALSE,TRUE,TRUE,0.966482381191246
52,1634000,"1992-06-01",438.87759,0.966964083784954,1.00239780762678,1992,6,1,"Summer",0.963246329808065,0.999636425837674,0.367520809173584,0.000127077102661133,4,10,7,FALSE,TRUE,TRUE,0.966482381191246
53,1634000,"1992-06-13",686.161898,0.887911488740975,1.00305066581084,1992,6,13,"Summer",0.963356862800912,0.971384100735232,0.474443674087524,0.258364319801331,2,43,42,FALSE,TRUE,TRUE,0.964675976552602
53,1634000,"1992-06-14",616.396793,0.898325591666706,1.01172876244737,1992,6,14,"Summer",0.963356862800912,0.971384100735232,0.474443674087524,0.258364319801331,2,43,42,FALSE,TRUE,TRUE,0.964675976552602
53,1634000,"1992-06-15",560.82624,0.909846135425951,1.01282446349755,1992,6,15,"Summer",0.963356862800912,0.971384100735232,0.474443674087524,0.258364319801331,2,43,42,FALSE,TRUE,TRUE,0.964675976552602
53,1634000,"1992-06-16",515.602296,0.919361932851073,1.01045868862285,1992,6,16,"Summer",0.963356862800912,0.971384100735232,0.474443674087524,0.258364319801331,2,43,42,FALSE,TRUE,TRUE,0.964675976552602
53,1634000,"1992-06-17",477.893556,0.926864677887315,1.00816081759332,1992,6,17,"Summer",0.963356862800912,0.971384100735232,0.474443674087524,0.258364319801331,2,43,42,FALSE,TRUE,TRUE,0.964675976552602
53,1634000,"1992-06-18",445.593666,0.932411957444348,1.00598499402273,1992,6,18,"Summer",0.963356862800912,0.971384100735232,0.474443674087524,0.258364319801331,2,43,42,FALSE,TRUE,TRUE,0.964675976552602
53,1634000,"1992-06-19",421.389592,0.945681288028004,1.01423118877628,1992,6,19,"Summer",0.963356862800912,0.971384100735232,0.474443674087524,0.258364319801331,2,43,42,FALSE,TRUE,TRUE,0.964675976552602
53,1634000,"1992-06-20",408.549198,0.969528450052464,1.02521691221594,1992,6,20,"Summer",0.963356862800912,0.971384100735232,0.474443674087524,0.258364319801331,2,43,42,FALSE,TRUE,TRUE,0.964675976552602
53,1634000,"1992-06-21",400.891175,0.981255567169171,1.01209569158705,1992,6,21,"Summer",0.963356862800912,0.971384100735232,0.474443674087524,0.258364319801331,2,43,42,FALSE,TRUE,TRUE,0.964675976552602
53,1634000,"1992-06-22",394.309835,0.983583225547432,1.00237212246854,1992,6,22,"Summer",0.963356862800912,0.971384100735232,0.474443674087524,0.258364319801331,2,43,42,FALSE,TRUE,TRUE,0.964675976552602
53,1634000,"1992-06-23",386.039156,0.979024923382903,0.995365616201931,1992,6,23,"Summer",0.963356862800912,0.971384100735232,0.474443674087524,0.258364319801331,2,43,42,FALSE,TRUE,TRUE,0.964675976552602
53,1634000,"1992-06-24",372.994281,0.966208414879034,0.986908904770695,1992,6,24,"Summer",0.963356862800912,0.971384100735232,0.474443674087524,0.258364319801331,2,43,42,FALSE,TRUE,TRUE,0.964675976552602
53,1634000,"1992-06-25",357.334339,0.958015597563545,0.991520652077416,1992,6,25,"Summer",0.963356862800912,0.971384100735232,0.474443674087524,0.258364319801331,2,43,42,FALSE,TRUE,TRUE,0.964675976552602
53,1634000,"1992-06-26",340.425266,0.952679966198267,0.994430538105174,1992,6,26,"Summer",0.963356862800912,0.971384100735232,0.474443674087524,0.258364319801331,2,43,42,FALSE,TRUE,TRUE,0.964675976552602
53,1634000,"1992-06-27",323.336378,0.949801352288581,0.996978404068711,1992,6,27,"Summer",0.963356862800912,0.971384100735232,0.474443674087524,0.258364319801331,2,43,42,FALSE,TRUE,TRUE,0.964675976552602
53,1634000,"1992-06-28",306.797158,0.948848254866021,0.998996529726701,1992,6,28,"Summer",0.963356862800912,0.971384100735232,0.474443674087524,0.258364319801331,2,43,42,FALSE,TRUE,TRUE,0.964675976552602
53,1634000,"1992-06-29",290.883605,0.948130050800536,0.999243078056157,1992,6,29,"Summer",0.963356862800912,0.971384100735232,0.474443674087524,0.258364319801331,2,43,42,FALSE,TRUE,TRUE,0.964675976552602
53,1634000,"1992-06-30",275.064646,0.945617564111253,0.997350061115391,1992,6,30,"Summer",0.963356862800912,0.971384100735232,0.474443674087524,0.258364319801331,2,43,42,FALSE,TRUE,TRUE,0.964675976552602
53,1634000,"1992-07-01",267.047903,0.97085505855958,1.02668890194742,1992,7,1,"Summer",0.963356862800912,0.971384100735232,0.474443674087524,0.258364319801331,2,43,42,FALSE,TRUE,TRUE,0.964675976552602
53,1634000,"1992-07-02",270.342418,1.01233679412191,1.04272701181975,1992,7,2,"Summer",0.963356862800912,0.971384100735232,0.474443674087524,0.258364319801331,2,43,42,FALSE,TRUE,TRUE,0.964675976552602
53,1634000,"1992-07-03",271.589088,1.00461144798964,0.99236879843039,1992,7,3,"Summer",0.963356862800912,0.971384100735232,0.474443674087524,0.258364319801331,2,43,42,FALSE,TRUE,TRUE,0.964675976552602
53,1634000,"1992-07-04",268.022507,0.986867730856698,0.982337731499628,1992,7,4,"Summer",0.963356862800912,0.971384100735232,0.474443674087524,0.258364319801331,2,43,42,FALSE,TRUE,TRUE,0.964675976552602
53,1634000,"1992-07-05",261.235682,0.974678152682155,0.98764821485858,1992,7,5,"Summer",0.963356862800912,0.971384100735232,0.474443674087524,0.258364319801331,2,43,42,FALSE,TRUE,TRUE,0.964675976552602
53,1634000,"1992-07-06",249.929725,0.95672123764471,0.981576569672737,1992,7,6,"Summer",0.963356862800912,0.971384100735232,0.474443674087524,0.258364319801331,2,43,42,FALSE,TRUE,TRUE,0.964675976552602
53,1634000,"1992-07-07",243.750242,0.975275117835624,1.0193931936084,1992,7,7,"Summer",0.963356862800912,0.971384100735232,0.474443674087524,0.258364319801331,2,43,42,FALSE,TRUE,TRUE,0.964675976552602
53,1634000,"1992-07-08",238.108323,0.976853688621159,1.00161859023845,1992,7,8,"Summer",0.963356862800912,0.971384100735232,0.474443674087524,0.258364319801331,2,43,42,FALSE,TRUE,TRUE,0.964675976552602
53,1634000,"1992-07-09",229.001633,0.961754003869911,0.984542531878483,1992,7,9,"Summer",0.963356862800912,0.971384100735232,0.474443674087524,0.258364319801331,2,43,42,FALSE,TRUE,TRUE,0.964675976552602
53,1634000,"1992-07-10",231.350292,1.01025607970228,1.05043085408244,1992,7,10,"Summer",0.963356862800912,0.971384100735232,0.474443674087524,0.258364319801331,2,43,42,FALSE,TRUE,TRUE,0.964675976552602
53,1634000,"1992-07-11",235.973368,1.01998301346428,1.00962818631575,1992,7,11,"Summer",0.963356862800912,0.971384100735232,0.474443674087524,0.258364319801331,2,43,42,FALSE,TRUE,TRUE,0.964675976552602
53,1634000,"1992-07-12",229.20885,0.971333553199953,0.952303656411797,1992,7,12,"Summer",0.963356862800912,0.971384100735232,0.474443674087524,0.258364319801331,2,43,42,FALSE,TRUE,TRUE,0.964675976552602
53,1634000,"1992-07-13",218.117834,0.951611746230566,0.979696153906745,1992,7,13,"Summer",0.963356862800912,0.971384100735232,0.474443674087524,0.258364319801331,2,43,42,FALSE,TRUE,TRUE,0.964675976552602
53,1634000,"1992-07-14",206.05074,0.944676261547692,0.992711854692476,1992,7,14,"Summer",0.963356862800912,0.971384100735232,0.474443674087524,0.258364319801331,2,43,42,FALSE,TRUE,TRUE,0.964675976552602
53,1634000,"1992-07-15",193.88149,0.940940517854971,0.996045477329344,1992,7,15,"Summer",0.963356862800912,0.971384100735232,0.474443674087524,0.258364319801331,2,43,42,FALSE,TRUE,TRUE,0.964675976552602
53,1634000,"1992-07-16",182.305019,0.940290994256337,0.999309708120429,1992,7,16,"Summer",0.963356862800912,0.971384100735232,0.474443674087524,0.258364319801331,2,43,42,FALSE,TRUE,TRUE,0.964675976552602
53,1634000,"1992-07-17",171.559901,0.941059669893126,1.00081748697104,1992,7,17,"Summer",0.963356862800912,0.971384100735232,0.474443674087524,0.258364319801331,2,43,42,FALSE,TRUE,TRUE,0.964675976552602
53,1634000,"1992-07-18",161.620518,0.942064649477735,1.00106792333872,1992,7,18,"Summer",0.963356862800912,0.971384100735232,0.474443674087524,0.258364319801331,2,43,42,FALSE,TRUE,TRUE,0.964675976552602
53,1634000,"1992-07-19",152.390196,0.942888922061245,1.00087496392521,1992,7,19,"Summer",0.963356862800912,0.971384100735232,0.474443674087524,0.258364319801331,2,43,42,FALSE,TRUE,TRUE,0.964675976552602
53,1634000,"1992-07-20",143.800804,0.943635534138955,1.00079183460558,1992,7,20,"Summer",0.963356862800912,0.971384100735232,0.474443674087524,0.258364319801331,2,43,42,FALSE,TRUE,TRUE,0.964675976552602
53,1634000,"1992-07-21",135.780698,0.944227669269499,1.00062750406181,1992,7,21,"Summer",0.963356862800912,0.971384100735232,0.474443674087524,0.258364319801331,2,43,42,FALSE,TRUE,TRUE,0.964675976552602
53,1634000,"1992-07-22",128.35421,0.945305274539095,1.00114125576349,1992,7,22,"Summer",0.963356862800912,0.971384100735232,0.474443674087524,0.258364319801331,2,43,42,FALSE,TRUE,TRUE,0.964675976552602
53,1634000,"1992-07-23",121.571636,0.947157370217931,1.00195925668535,1992,7,23,"Summer",0.963356862800912,0.971384100735232,0.474443674087524,0.258364319801331,2,43,42,FALSE,TRUE,TRUE,0.964675976552602
53,1634000,"1992-07-24",118.457763,0.974386517262958,1.02874828186024,1992,7,24,"Summer",0.963356862800912,0.971384100735232,0.474443674087524,0.258364319801331,2,43,42,FALSE,TRUE,TRUE,0.964675976552602
54,1634000,"1992-08-08",303.03011,0.927571742458328,0.998179494122495,1992,8,8,"Summer",0.951839529536073,0.981797617378552,0.414891004562378,0.157405614852905,4,24,21,FALSE,TRUE,TRUE,0.955500793433721
54,1634000,"1992-08-09",280.580455,0.92591609130855,0.998215069439922,1992,8,9,"Summer",0.951839529536073,0.981797617378552,0.414891004562378,0.157405614852905,4,24,21,FALSE,TRUE,TRUE,0.955500793433721
54,1634000,"1992-08-10",262.447466,0.935373299612049,1.01021389345349,1992,8,10,"Summer",0.951839529536073,0.981797617378552,0.414891004562378,0.157405614852905,4,24,21,FALSE,TRUE,TRUE,0.955500793433721
54,1634000,"1992-08-11",245.287235,0.934614605880782,0.999188886691996,1992,8,11,"Summer",0.951839529536073,0.981797617378552,0.414891004562378,0.157405614852905,4,24,21,FALSE,TRUE,TRUE,0.955500793433721
54,1634000,"1992-08-12",227.411281,0.92712236329787,0.991983602079649,1992,8,12,"Summer",0.951839529536073,0.981797617378552,0.414891004562378,0.157405614852905,4,24,21,FALSE,TRUE,TRUE,0.955500793433721
54,1634000,"1992-08-13",211.753409,0.931147338288816,1.0043413632874,1992,8,13,"Summer",0.951839529536073,0.981797617378552,0.414891004562378,0.157405614852905,4,24,21,FALSE,TRUE,TRUE,0.955500793433721
54,1634000,"1992-08-14",197.597164,0.933147498938258,1.00214806031999,1992,8,14,"Summer",0.951839529536073,0.981797617378552,0.414891004562378,0.157405614852905,4,24,21,FALSE,TRUE,TRUE,0.955500793433721
54,1634000,"1992-08-15",189.336251,0.958193160100213,1.02683998102171,1992,8,15,"Summer",0.951839529536073,0.981797617378552,0.414891004562378,0.157405614852905,4,24,21,FALSE,TRUE,TRUE,0.955500793433721
54,1634000,"1992-08-16",184.060546,0.972135790308851,1.0145509598578,1992,8,16,"Summer",0.951839529536073,0.981797617378552,0.414891004562378,0.157405614852905,4,24,21,FALSE,TRUE,TRUE,0.955500793433721
54,1634000,"1992-08-17",179.171724,0.973439055211756,1.001340620226,1992,8,17,"Summer",0.951839529536073,0.981797617378552,0.414891004562378,0.157405614852905,4,24,21,FALSE,TRUE,TRUE,0.955500793433721
54,1634000,"1992-08-18",175.442948,0.979188814413596,1.00590664528103,1992,8,18,"Summer",0.951839529536073,0.981797617378552,0.414891004562378,0.157405614852905,4,24,21,FALSE,TRUE,TRUE,0.955500793433721
54,1634000,"1992-08-19",170.335573,0.970888684565424,0.991523463374995,1992,8,19,"Summer",0.951839529536073,0.981797617378552,0.414891004562378,0.157405614852905,4,24,21,FALSE,TRUE,TRUE,0.955500793433721
54,1634000,"1992-08-20",164.378066,0.965024880621971,0.993960374616913,1992,8,20,"Summer",0.951839529536073,0.981797617378552,0.414891004562378,0.157405614852905,4,24,21,FALSE,TRUE,TRUE,0.955500793433721
54,1634000,"1992-08-21",157.819169,0.960098709276699,0.994895290842556,1992,8,21,"Summer",0.951839529536073,0.981797617378552,0.414891004562378,0.157405614852905,4,24,21,FALSE,TRUE,TRUE,0.955500793433721
54,1634000,"1992-08-22",150.974769,0.956631377269513,0.996388567161185,1992,8,22,"Summer",0.951839529536073,0.981797617378552,0.414891004562378,0.157405614852905,4,24,21,FALSE,TRUE,TRUE,0.955500793433721
54,1634000,"1992-08-23",144.074999,0.954298522556441,0.997561385954399,1992,8,23,"Summer",0.951839529536073,0.981797617378552,0.414891004562378,0.157405614852905,4,24,21,FALSE,TRUE,TRUE,0.955500793433721
54,1634000,"1992-08-24",137.283702,0.952862765593356,0.998495484453608,1992,8,24,"Summer",0.951839529536073,0.981797617378552,0.414891004562378,0.157405614852905,4,24,21,FALSE,TRUE,TRUE,0.955500793433721
54,1634000,"1992-08-25",130.632579,0.951551983934699,0.998624375192328,1992,8,25,"Summer",0.951839529536073,0.981797617378552,0.414891004562378,0.157405614852905,4,24,21,FALSE,TRUE,TRUE,0.955500793433721
54,1634000,"1992-08-26",124.130469,0.950225969281369,0.998606471663433,1992,8,26,"Summer",0.951839529536073,0.981797617378552,0.414891004562378,0.157405614852905,4,24,21,FALSE,TRUE,TRUE,0.955500793433721
54,1634000,"1992-08-27",117.782495,0.948860468737937,0.99856297282165,1992,8,27,"Summer",0.951839529536073,0.981797617378552,0.414891004562378,0.157405614852905,4,24,21,FALSE,TRUE,TRUE,0.955500793433721
54,1634000,"1992-08-28",111.648429,0.947920393433676,0.999009258647363,1992,8,28,"Summer",0.951839529536073,0.981797617378552,0.414891004562378,0.157405614852905,4,24,21,FALSE,TRUE,TRUE,0.955500793433721
55,1634000,"1992-10-02",297.700205,0.966958938384925,0.970135220617988,1992,10,2,"Fall",0.966832032461407,0.95997093120329,0.971535861492157,0.971535861492157,1,30,30,FALSE,TRUE,TRUE,0.966957944820337
55,1634000,"1992-10-03",284.054581,0.954163202541295,0.986767032874216,1992,10,3,"Fall",0.966832032461407,0.95997093120329,0.971535861492157,0.971535861492157,1,30,30,FALSE,TRUE,TRUE,0.966957944820337
55,1634000,"1992-10-04",269.82276,0.949897583239469,0.995529465724035,1992,10,4,"Fall",0.966832032461407,0.95997093120329,0.971535861492157,0.971535861492157,1,30,30,FALSE,TRUE,TRUE,0.966957944820337
55,1634000,"1992-10-05",256.003569,0.948784190777679,0.99882788157225,1992,10,5,"Fall",0.966832032461407,0.95997093120329,0.971535861492157,0.971535861492157,1,30,30,FALSE,TRUE,TRUE,0.966957944820337
55,1634000,"1992-10-06",243.209943,0.95002559515098,1.00130841595525,1992,10,6,"Fall",0.966832032461407,0.95997093120329,0.971535861492157,0.971535861492157,1,30,30,FALSE,TRUE,TRUE,0.966957944820337
55,1634000,"1992-10-07",232.384854,0.955490762974275,1.00575265324554,1992,10,7,"Fall",0.966832032461407,0.95997093120329,0.971535861492157,0.971535861492157,1,30,30,FALSE,TRUE,TRUE,0.966957944820337
55,1634000,"1992-10-08",223.681341,0.962546986818685,1.00738492104565,1992,10,8,"Fall",0.966832032461407,0.95997093120329,0.971535861492157,0.971535861492157,1,30,30,FALSE,TRUE,TRUE,0.966957944820337
55,1634000,"1992-10-09",215.943807,0.965408227769879,1.00297257275788,1992,10,9,"Fall",0.966832032461407,0.95997093120329,0.971535861492157,0.971535861492157,1,30,30,FALSE,TRUE,TRUE,0.966957944820337
55,1634000,"1992-10-10",216.424358,1.00222535207967,1.03813632746309,1992,10,10,"Fall",0.966832032461407,0.95997093120329,0.971535861492157,0.971535861492157,1,30,30,FALSE,TRUE,TRUE,0.966957944820337
55,1634000,"1992-10-11",220.32558,1.01802579911084,1.01576536354661,1992,10,11,"Fall",0.966832032461407,0.95997093120329,0.971535861492157,0.971535861492157,1,30,30,FALSE,TRUE,TRUE,0.966957944820337
55,1634000,"1992-10-12",220.100201,0.998977063852504,0.981288553517042,1992,10,12,"Fall",0.966832032461407,0.95997093120329,0.971535861492157,0.971535861492157,1,30,30,FALSE,TRUE,TRUE,0.966957944820337
55,1634000,"1992-10-13",219.650852,0.997958434395069,0.998980327482688,1992,10,13,"Fall",0.966832032461407,0.95997093120329,0.971535861492157,0.971535861492157,1,30,30,FALSE,TRUE,TRUE,0.966957944820337
55,1634000,"1992-10-14",217.493309,0.990177397536341,0.99220304514642,1992,10,14,"Fall",0.966832032461407,0.95997093120329,0.971535861492157,0.971535861492157,1,30,30,FALSE,TRUE,TRUE,0.966957944820337
55,1634000,"1992-10-15",213.185159,0.980191804429257,0.98991534937888,1992,10,15,"Fall",0.966832032461407,0.95997093120329,0.971535861492157,0.971535861492157,1,30,30,FALSE,TRUE,TRUE,0.966957944820337
55,1634000,"1992-10-16",206.601954,0.969119778173677,0.988704224820542,1992,10,16,"Fall",0.966832032461407,0.95997093120329,0.971535861492157,0.971535861492157,1,30,30,FALSE,TRUE,TRUE,0.966957944820337
55,1634000,"1992-10-17",198.380602,0.960206804239615,0.990803021324301,1992,10,17,"Fall",0.966832032461407,0.95997093120329,0.971535861492157,0.971535861492157,1,30,30,FALSE,TRUE,TRUE,0.966957944820337
55,1634000,"1992-10-18",189.182109,0.953632094533114,0.993152819082856,1992,10,18,"Fall",0.966832032461407,0.95997093120329,0.971535861492157,0.971535861492157,1,30,30,FALSE,TRUE,TRUE,0.966957944820337
55,1634000,"1992-10-19",179.50537,0.948849608183615,0.994984977564288,1992,10,19,"Fall",0.966832032461407,0.95997093120329,0.971535861492157,0.971535861492157,1,30,30,FALSE,TRUE,TRUE,0.966957944820337
55,1634000,"1992-10-20",169.795747,0.945909010967193,0.996900881666535,1992,10,20,"Fall",0.966832032461407,0.95997093120329,0.971535861492157,0.971535861492157,1,30,30,FALSE,TRUE,TRUE,0.966957944820337
55,1634000,"1992-10-21",160.4889,0.945187985185518,0.999237742982343,1992,10,21,"Fall",0.966832032461407,0.95997093120329,0.971535861492157,0.971535861492157,1,30,30,FALSE,TRUE,TRUE,0.966957944820337
55,1634000,"1992-10-22",151.896933,0.946463792823055,1.00134979248312,1992,10,22,"Fall",0.966832032461407,0.95997093120329,0.971535861492157,0.971535861492157,1,30,30,FALSE,TRUE,TRUE,0.966957944820337
55,1634000,"1992-10-23",144.119895,0.948800559389833,1.00246894449053,1992,10,23,"Fall",0.966832032461407,0.95997093120329,0.971535861492157,0.971535861492157,1,30,30,FALSE,TRUE,TRUE,0.966957944820337
55,1634000,"1992-10-24",137.128151,0.951486614668988,1.00283100094385,1992,10,24,"Fall",0.966832032461407,0.95997093120329,0.971535861492157,0.971535861492157,1,30,30,FALSE,TRUE,TRUE,0.966957944820337
55,1634000,"1992-10-25",130.843904,0.954172451431946,1.00282277934503,1992,10,25,"Fall",0.966832032461407,0.95997093120329,0.971535861492157,0.971535861492157,1,30,30,FALSE,TRUE,TRUE,0.966957944820337
55,1634000,"1992-10-26",126.486679,0.966699059973019,1.01312824377006,1992,10,26,"Fall",0.966832032461407,0.95997093120329,0.971535861492157,0.971535861492157,1,30,30,FALSE,TRUE,TRUE,0.966957944820337
55,1634000,"1992-10-27",122.814868,0.970970769182738,1.00441886144985,1992,10,27,"Fall",0.966832032461407,0.95997093120329,0.971535861492157,0.971535861492157,1,30,30,FALSE,TRUE,TRUE,0.966957944820337
55,1634000,"1992-10-28",118.650528,0.966092541824822,0.994975927687276,1992,10,28,"Fall",0.966832032461407,0.95997093120329,0.971535861492157,0.971535861492157,1,30,30,FALSE,TRUE,TRUE,0.966957944820337
55,1634000,"1992-10-29",114.932077,0.968660476588861,1.00265806292137,1992,10,29,"Fall",0.966832032461407,0.95997093120329,0.971535861492157,0.971535861492157,1,30,30,FALSE,TRUE,TRUE,0.966957944820337
55,1634000,"1992-10-30",111.282431,0.968245192332163,0.999571279858387,1992,10,30,"Fall",0.966832032461407,0.95997093120329,0.971535861492157,0.971535861492157,1,30,30,FALSE,TRUE,TRUE,0.966957944820337
55,1634000,"1992-10-31",107.659607,0.967444780209735,0.999173337364578,1992,10,31,"Fall",0.966832032461407,0.95997093120329,0.971535861492157,0.971535861492157,1,30,30,FALSE,TRUE,TRUE,0.966957944820337
56,1634000,"1992-12-27",1031.639531,0.941874568053369,1.02037691623534,1992,12,27,"Winter",0.972912662585227,0.902068868691756,0.436274886131287,0.0117934942245483,4,14,11,FALSE,TRUE,TRUE,0.983588621288821
56,1634000,"1992-12-28",979.971791,0.949916866844064,1.00853860913488,1992,12,28,"Winter",0.972912662585227,0.902068868691756,0.436274886131287,0.0117934942245483,4,14,11,FALSE,TRUE,TRUE,0.983588621288821
56,1634000,"1992-12-29",943.649915,0.962935794342676,1.01370533354341,1992,12,29,"Winter",0.972912662585227,0.902068868691756,0.436274886131287,0.0117934942245483,4,14,11,FALSE,TRUE,TRUE,0.983588621288821
56,1634000,"1992-12-30",932.375861,0.988052715503079,1.02608369250366,1992,12,30,"Winter",0.972912662585227,0.902068868691756,0.436274886131287,0.0117934942245483,4,14,11,FALSE,TRUE,TRUE,0.983588621288821
56,1634000,"1992-12-31",935.293228,1.00312896024235,1.01525854289222,1992,12,31,"Winter",0.972912662585227,0.902068868691756,0.436274886131287,0.0117934942245483,4,14,11,FALSE,TRUE,TRUE,0.983588621288821
56,1634000,"1993-01-01",936.456483,1.00124373294404,0.998120653103405,1993,1,1,"Winter",0.972912662585227,0.902068868691756,0.436274886131287,0.0117934942245483,4,14,11,FALSE,TRUE,TRUE,0.983588621288821
56,1634000,"1993-01-02",926.350636,0.989208417920686,0.987979635100472,1993,1,2,"Winter",0.972912662585227,0.902068868691756,0.436274886131287,0.0117934942245483,4,14,11,FALSE,TRUE,TRUE,0.983588621288821
56,1634000,"1993-01-03",907.404922,0.979548009939511,0.990234203625681,1993,1,3,"Winter",0.972912662585227,0.902068868691756,0.436274886131287,0.0117934942245483,4,14,11,FALSE,TRUE,TRUE,0.983588621288821
56,1634000,"1993-01-04",884.88832,0.975185717584194,0.995546627310707,1993,1,4,"Winter",0.972912662585227,0.902068868691756,0.436274886131287,0.0117934942245483,4,14,11,FALSE,TRUE,TRUE,0.983588621288821
56,1634000,"1993-01-05",856.927317,0.968401658866963,0.99304331616542,1993,1,5,"Winter",0.972912662585227,0.902068868691756,0.436274886131287,0.0117934942245483,4,14,11,FALSE,TRUE,TRUE,0.983588621288821
56,1634000,"1993-01-06",840.126056,0.980393598538999,1.01238322917173,1993,1,6,"Winter",0.972912662585227,0.902068868691756,0.436274886131287,0.0117934942245483,4,14,11,FALSE,TRUE,TRUE,0.983588621288821
58,1634000,"1993-05-06",1076.285236,0.952848311827493,1.01236203796674,1993,5,6,"Spring",0.953963071870688,0.998147385982836,0.45067024230957,0.000142931938171387,10,21,12,FALSE,TRUE,TRUE,0.960518716798543
58,1634000,"1993-05-07",1035.305728,0.961925048649464,1.00952589904322,1993,5,7,"Spring",0.953963071870688,0.998147385982836,0.45067024230957,0.000142931938171387,10,21,12,FALSE,TRUE,TRUE,0.960518716798543
58,1634000,"1993-05-08",1000.787496,0.966658899814374,1.00492122662941,1993,5,8,"Spring",0.953963071870688,0.998147385982836,0.45067024230957,0.000142931938171387,10,21,12,FALSE,TRUE,TRUE,0.960518716798543
58,1634000,"1993-05-09",968.744559,0.967982276828926,1.00136902170435,1993,5,9,"Spring",0.953963071870688,0.998147385982836,0.45067024230957,0.000142931938171387,10,21,12,FALSE,TRUE,TRUE,0.960518716798543
58,1634000,"1993-05-10",932.256713,0.962334915163121,0.994165841874393,1993,5,10,"Spring",0.953963071870688,0.998147385982836,0.45067024230957,0.000142931938171387,10,21,12,FALSE,TRUE,TRUE,0.960518716798543
58,1634000,"1993-05-11",892.794357,0.957670075795957,0.99515258223134,1993,5,11,"Spring",0.953963071870688,0.998147385982836,0.45067024230957,0.000142931938171387,10,21,12,FALSE,TRUE,TRUE,0.960518716798543
58,1634000,"1993-05-12",852.469238,0.954832690547573,0.99703719963681,1993,5,12,"Spring",0.953963071870688,0.998147385982836,0.45067024230957,0.000142931938171387,10,21,12,FALSE,TRUE,TRUE,0.960518716798543
58,1634000,"1993-05-13",812.970915,0.953665984367168,0.998778104067913,1993,5,13,"Spring",0.953963071870688,0.998147385982836,0.45067024230957,0.000142931938171387,10,21,12,FALSE,TRUE,TRUE,0.960518716798543
58,1634000,"1993-05-14",779.834995,0.95924095267295,1.0058458290399,1993,5,14,"Spring",0.953963071870688,0.998147385982836,0.45067024230957,0.000142931938171387,10,21,12,FALSE,TRUE,TRUE,0.960518716798543
58,1634000,"1993-05-15",751.245718,0.963339325391521,1.00427251641743,1993,5,15,"Spring",0.953963071870688,0.998147385982836,0.45067024230957,0.000142931938171387,10,21,12,FALSE,TRUE,TRUE,0.960518716798543
58,1634000,"1993-05-16",724.278749,0.964103663616489,1.00079342574815,1993,5,16,"Spring",0.953963071870688,0.998147385982836,0.45067024230957,0.000142931938171387,10,21,12,FALSE,TRUE,TRUE,0.960518716798543
58,1634000,"1993-05-17",698.486925,0.964389644131337,1.00029662838722,1993,5,17,"Spring",0.953963071870688,0.998147385982836,0.45067024230957,0.000142931938171387,10,21,12,FALSE,TRUE,TRUE,0.960518716798543
59,1634000,"1993-06-21",269.63641,0.960604943495467,1.02145168626882,1993,6,21,"Summer",0.952766187933988,0.935412490747595,0.731701731681824,0.0059974193572998,10,21,12,FALSE,TRUE,TRUE,0.964589312507291
59,1634000,"1993-06-22",266.009668,0.986549509393038,1.02700857004042,1993,6,22,"Summer",0.952766187933988,0.935412490747595,0.731701731681824,0.0059974193572998,10,21,12,FALSE,TRUE,TRUE,0.964589312507291
59,1634000,"1993-06-23",258.988567,0.973605842777113,0.986879861078753,1993,6,23,"Summer",0.952766187933988,0.935412490747595,0.731701731681824,0.0059974193572998,10,21,12,FALSE,TRUE,TRUE,0.964589312507291
59,1634000,"1993-06-24",247.147345,0.954278977882448,0.980149189697202,1993,6,24,"Summer",0.952766187933988,0.935412490747595,0.731701731681824,0.0059974193572998,10,21,12,FALSE,TRUE,TRUE,0.964589312507291
59,1634000,"1993-06-25",235.503623,0.952887529501885,0.998541885116603,1993,6,25,"Summer",0.952766187933988,0.935412490747595,0.731701731681824,0.0059974193572998,10,21,12,FALSE,TRUE,TRUE,0.964589312507291
59,1634000,"1993-06-26",223.86967,0.950599685678721,0.997599041070083,1993,6,26,"Summer",0.952766187933988,0.935412490747595,0.731701731681824,0.0059974193572998,10,21,12,FALSE,TRUE,TRUE,0.964589312507291
59,1634000,"1993-06-27",212.696546,0.950090943538712,0.999464819789367,1993,6,27,"Summer",0.952766187933988,0.935412490747595,0.731701731681824,0.0059974193572998,10,21,12,FALSE,TRUE,TRUE,0.964589312507291
59,1634000,"1993-06-28",202.231865,0.950799948580265,1.00074624965786,1993,6,28,"Summer",0.952766187933988,0.935412490747595,0.731701731681824,0.0059974193572998,10,21,12,FALSE,TRUE,TRUE,0.964589312507291
59,1634000,"1993-06-29",192.477373,0.951765801101622,1.00101583148253,1993,6,29,"Summer",0.952766187933988,0.935412490747595,0.731701731681824,0.0059974193572998,10,21,12,FALSE,TRUE,TRUE,0.964589312507291
59,1634000,"1993-06-30",189.985471,0.987053532780708,1.03707606602196,1993,6,30,"Summer",0.952766187933988,0.935412490747595,0.731701731681824,0.0059974193572998,10,21,12,FALSE,TRUE,TRUE,0.964589312507291
59,1634000,"1993-07-01",194.860738,1.02566126227621,1.03911411915698,1993,7,1,"Summer",0.952766187933988,0.935412490747595,0.731701731681824,0.0059974193572998,10,21,12,FALSE,TRUE,TRUE,0.964589312507291
59,1634000,"1993-07-02",194.680324,0.999074138783155,0.974078066052675,1993,7,2,"Summer",0.952766187933988,0.935412490747595,0.731701731681824,0.0059974193572998,10,21,12,FALSE,TRUE,TRUE,0.964589312507291
61,1634000,"1993-08-19",133.759877,0.945075431092499,1.02816861736012,1993,8,19,"Summer",0.93616821759145,0.998565660170396,0.371093273162842,2.38418579101562e-07,7,16,10,FALSE,TRUE,TRUE,0.935385807209778
61,1634000,"1993-08-20",126.252714,0.943875823091554,0.998730674863108,1993,8,20,"Summer",0.93616821759145,0.998565660170396,0.371093273162842,2.38418579101562e-07,7,16,10,FALSE,TRUE,TRUE,0.935385807209778
61,1634000,"1993-08-21",116.931991,0.926174078127144,0.981245684515544,1993,8,21,"Summer",0.93616821759145,0.998565660170396,0.371093273162842,2.38418579101562e-07,7,16,10,FALSE,TRUE,TRUE,0.935385807209778
61,1634000,"1993-08-22",108.748028,0.930010915490184,1.00414267409729,1993,8,22,"Summer",0.93616821759145,0.998565660170396,0.371093273162842,2.38418579101562e-07,7,16,10,FALSE,TRUE,TRUE,0.935385807209778
61,1634000,"1993-08-23",101.330482,0.931791443611281,1.00191452389584,1993,8,23,"Summer",0.93616821759145,0.998565660170396,0.371093273162842,2.38418579101562e-07,7,16,10,FALSE,TRUE,TRUE,0.935385807209778
61,1634000,"1993-08-24",94.685738,0.934425023262003,1.00282636170227,1993,8,24,"Summer",0.93616821759145,0.998565660170396,0.371093273162842,2.38418579101562e-07,7,16,10,FALSE,TRUE,TRUE,0.935385807209778
61,1634000,"1993-08-25",88.725107,0.937048270141803,1.00280733800412,1993,8,25,"Summer",0.93616821759145,0.998565660170396,0.371093273162842,2.38418579101562e-07,7,16,10,FALSE,TRUE,TRUE,0.935385807209778
61,1634000,"1993-08-26",83.346359,0.939377385028119,1.00248558688013,1993,8,26,"Summer",0.93616821759145,0.998565660170396,0.371093273162842,2.38418579101562e-07,7,16,10,FALSE,TRUE,TRUE,0.935385807209778
61,1634000,"1993-08-27",78.488876,0.941719313737508,1.00249306481795,1993,8,27,"Summer",0.93616821759145,0.998565660170396,0.371093273162842,2.38418579101562e-07,7,16,10,FALSE,TRUE,TRUE,0.935385807209778
61,1634000,"1993-08-28",74.041043,0.94333167670792,1.00171214813893,1993,8,28,"Summer",0.93616821759145,0.998565660170396,0.371093273162842,2.38418579101562e-07,7,16,10,FALSE,TRUE,TRUE,0.935385807209778
62,1634000,"1993-12-23",911.198417,1.02478965995424,1.03363612587876,1993,12,23,"Winter",0.970055316253385,0.97310058096959,0.502158164978027,0.0582402944564819,3,15,13,FALSE,TRUE,TRUE,0.96214095206073
62,1634000,"1993-12-24",910.015326,0.998701609904136,0.974543019831731,1993,12,24,"Winter",0.970055316253385,0.97310058096959,0.502158164978027,0.0582402944564819,3,15,13,FALSE,TRUE,TRUE,0.96214095206073
62,1634000,"1993-12-25",893.098486,0.981410379015968,0.982686289161157,1993,12,25,"Winter",0.970055316253385,0.97310058096959,0.502158164978027,0.0582402944564819,3,15,13,FALSE,TRUE,TRUE,0.96214095206073
62,1634000,"1993-12-26",852.163538,0.954165247571588,0.972238798338674,1993,12,26,"Winter",0.970055316253385,0.97310058096959,0.502158164978027,0.0582402944564819,3,15,13,FALSE,TRUE,TRUE,0.96214095206073
62,1634000,"1993-12-27",806.19815,0.946060367581698,0.991505789997574,1993,12,27,"Winter",0.970055316253385,0.97310058096959,0.502158164978027,0.0582402944564819,3,15,13,FALSE,TRUE,TRUE,0.96214095206073
62,1634000,"1993-12-28",764.511568,0.948292386927457,1.00235927793008,1993,12,28,"Winter",0.970055316253385,0.97310058096959,0.502158164978027,0.0582402944564819,3,15,13,FALSE,TRUE,TRUE,0.96214095206073
62,1634000,"1993-12-29",728.730515,0.953197499556998,1.00517257408913,1993,12,29,"Winter",0.970055316253385,0.97310058096959,0.502158164978027,0.0582402944564819,3,15,13,FALSE,TRUE,TRUE,0.96214095206073
62,1634000,"1993-12-30",697.044167,0.956518428489302,1.00348398829607,1993,12,30,"Winter",0.970055316253385,0.97310058096959,0.502158164978027,0.0582402944564819,3,15,13,FALSE,TRUE,TRUE,0.96214095206073
62,1634000,"1993-12-31",669.114927,0.959931893383163,1.00356863474053,1993,12,31,"Winter",0.970055316253385,0.97310058096959,0.502158164978027,0.0582402944564819,3,15,13,FALSE,TRUE,TRUE,0.96214095206073
62,1634000,"1994-01-01",644.090376,0.962600518998734,1.00278001557607,1994,1,1,"Winter",0.970055316253385,0.97310058096959,0.502158164978027,0.0582402944564819,3,15,13,FALSE,TRUE,TRUE,0.96214095206073
62,1634000,"1994-01-02",622.990338,0.967240563147306,1.00482032167757,1994,1,2,"Winter",0.970055316253385,0.97310058096959,0.502158164978027,0.0582402944564819,3,15,13,FALSE,TRUE,TRUE,0.96214095206073
62,1634000,"1994-01-03",615.766082,0.988403903625228,1.02188012091745,1994,1,3,"Winter",0.970055316253385,0.97310058096959,0.502158164978027,0.0582402944564819,3,15,13,FALSE,TRUE,TRUE,0.96214095206073
62,1634000,"1994-01-04",618.417917,1.00430656230916,1.0160892309567,1994,1,4,"Winter",0.970055316253385,0.97310058096959,0.502158164978027,0.0582402944564819,3,15,13,FALSE,TRUE,TRUE,0.96214095206073
63,1634000,"1994-04-25",1097.997612,0.960657380430029,1.01861143723164,1994,4,25,"Spring",0.956760775267881,0.98551044441651,0.348082542419434,0.00153923034667969,6,14,9,FALSE,TRUE,TRUE,0.963854855649845
63,1634000,"1994-04-26",1060.064981,0.965452902096111,1.00499191674761,1994,4,26,"Spring",0.956760775267881,0.98551044441651,0.348082542419434,0.00153923034667969,6,14,9,FALSE,TRUE,TRUE,0.963854855649845
63,1634000,"1994-04-27",1017.890869,0.96021554078674,0.994575228581321,1994,4,27,"Spring",0.956760775267881,0.98551044441651,0.348082542419434,0.00153923034667969,6,14,9,FALSE,TRUE,TRUE,0.963854855649845
63,1634000,"1994-04-28",973.642143,0.95652900782628,0.996160723500227,1994,4,28,"Spring",0.956760775267881,0.98551044441651,0.348082542419434,0.00153923034667969,6,14,9,FALSE,TRUE,TRUE,0.963854855649845
63,1634000,"1994-04-29",930.79213,0.955989977110101,0.999436472169931,1994,4,29,"Spring",0.956760775267881,0.98551044441651,0.348082542419434,0.00153923034667969,6,14,9,FALSE,TRUE,TRUE,0.963854855649845
63,1634000,"1994-04-30",890.468233,0.956677870707824,1.00071956151654,1994,4,30,"Spring",0.956760775267881,0.98551044441651,0.348082542419434,0.00153923034667969,6,14,9,FALSE,TRUE,TRUE,0.963854855649845
63,1634000,"1994-05-01",864.343751,0.970662084247535,1.01461747362188,1994,5,1,"Spring",0.956760775267881,0.98551044441651,0.348082542419434,0.00153923034667969,6,14,9,FALSE,TRUE,TRUE,0.963854855649845
63,1634000,"1994-05-02",848.94317,0.982182342404648,1.01186845385647,1994,5,2,"Spring",0.956760775267881,0.98551044441651,0.348082542419434,0.00153923034667969,6,14,9,FALSE,TRUE,TRUE,0.963854855649845
63,1634000,"1994-05-03",828.550503,0.975978760745551,0.993683879875188,1994,5,3,"Spring",0.956760775267881,0.98551044441651,0.348082542419434,0.00153923034667969,6,14,9,FALSE,TRUE,TRUE,0.963854855649845
64,1634000,"1994-05-17",1068.424396,0.88601116754922,1.04008106209954,1994,5,17,"Spring",0.948224296109053,0.998023528997195,0.307830333709717,0.00697004795074463,4,34,31,FALSE,TRUE,TRUE,0.950200534779851
64,1634000,"1994-05-18",974.670291,0.912250127055317,1.02961470517203,1994,5,18,"Spring",0.948224296109053,0.998023528997195,0.307830333709717,0.00697004795074463,4,34,31,FALSE,TRUE,TRUE,0.950200534779851
64,1634000,"1994-05-19",905.078021,0.928599167695366,1.01792166441546,1994,5,19,"Spring",0.948224296109053,0.998023528997195,0.307830333709717,0.00697004795074463,4,34,31,FALSE,TRUE,TRUE,0.950200534779851
64,1634000,"1994-05-20",850.925719,0.940168360358405,1.01245875838092,1994,5,20,"Spring",0.948224296109053,0.998023528997195,0.307830333709717,0.00697004795074463,4,34,31,FALSE,TRUE,TRUE,0.950200534779851
64,1634000,"1994-05-21",804.665884,0.945635871654739,1.00581545979089,1994,5,21,"Spring",0.948224296109053,0.998023528997195,0.307830333709717,0.00697004795074463,4,34,31,FALSE,TRUE,TRUE,0.950200534779851
64,1634000,"1994-05-22",764.361906,0.949912157578188,1.00452212743999,1994,5,22,"Spring",0.948224296109053,0.998023528997195,0.307830333709717,0.00697004795074463,4,34,31,FALSE,TRUE,TRUE,0.950200534779851
64,1634000,"1994-05-23",728.405984,0.952959557877286,1.0032080864265,1994,5,23,"Spring",0.948224296109053,0.998023528997195,0.307830333709717,0.00697004795074463,4,34,31,FALSE,TRUE,TRUE,0.950200534779851
64,1634000,"1994-05-24",695.493295,0.95481546043971,1.00194751450582,1994,5,24,"Spring",0.948224296109053,0.998023528997195,0.307830333709717,0.00697004795074463,4,34,31,FALSE,TRUE,TRUE,0.950200534779851
64,1634000,"1994-05-25",664.571975,0.95554044845249,1.00075929647436,1994,5,25,"Spring",0.948224296109053,0.998023528997195,0.307830333709717,0.00697004795074463,4,34,31,FALSE,TRUE,TRUE,0.950200534779851
64,1634000,"1994-05-26",634.907927,0.955363679005574,0.999815005793629,1994,5,26,"Spring",0.948224296109053,0.998023528997195,0.307830333709717,0.00697004795074463,4,34,31,FALSE,TRUE,TRUE,0.950200534779851
64,1634000,"1994-05-27",608.233704,0.957987257891017,1.00274615724158,1994,5,27,"Spring",0.948224296109053,0.998023528997195,0.307830333709717,0.00697004795074463,4,34,31,FALSE,TRUE,TRUE,0.950200534779851
64,1634000,"1994-05-28",582.53887,0.957754998068966,0.999757554372318,1994,5,28,"Spring",0.948224296109053,0.998023528997195,0.307830333709717,0.00697004795074463,4,34,31,FALSE,TRUE,TRUE,0.950200534779851
64,1634000,"1994-05-29",556.416312,0.955157399196383,0.997287825302066,1994,5,29,"Spring",0.948224296109053,0.998023528997195,0.307830333709717,0.00697004795074463,4,34,31,FALSE,TRUE,TRUE,0.950200534779851
64,1634000,"1994-05-30",531.904177,0.955946411937686,1.00082605520511,1994,5,30,"Spring",0.948224296109053,0.998023528997195,0.307830333709717,0.00697004795074463,4,34,31,FALSE,TRUE,TRUE,0.950200534779851
64,1634000,"1994-05-31",508.380784,0.955775130150933,0.999820824907533,1994,5,31,"Spring",0.948224296109053,0.998023528997195,0.307830333709717,0.00697004795074463,4,34,31,FALSE,TRUE,TRUE,0.950200534779851
64,1634000,"1994-06-01",485.397927,0.954792042257836,0.998971423442519,1994,6,1,"Summer",0.948224296109053,0.998023528997195,0.307830333709717,0.00697004795074463,4,34,31,FALSE,TRUE,TRUE,0.950200534779851
64,1634000,"1994-06-02",462.45503,0.952733838107224,0.997844342998769,1994,6,2,"Summer",0.948224296109053,0.998023528997195,0.307830333709717,0.00697004795074463,4,34,31,FALSE,TRUE,TRUE,0.950200534779851
64,1634000,"1994-06-03",439.305176,0.949941394301625,0.997069020020171,1994,6,3,"Summer",0.948224296109053,0.998023528997195,0.307830333709717,0.00697004795074463,4,34,31,FALSE,TRUE,TRUE,0.950200534779851
64,1634000,"1994-06-04",416.03342,0.947025991790272,0.996930965921854,1994,6,4,"Summer",0.948224296109053,0.998023528997195,0.307830333709717,0.00697004795074463,4,34,31,FALSE,TRUE,TRUE,0.950200534779851
64,1634000,"1994-06-05",392.916481,0.944434899004027,0.997263968667484,1994,6,5,"Summer",0.948224296109053,0.998023528997195,0.307830333709717,0.00697004795074463,4,34,31,FALSE,TRUE,TRUE,0.950200534779851
64,1634000,"1994-06-06",370.240993,0.94228929277212,0.997728158675447,1994,6,6,"Summer",0.948224296109053,0.998023528997195,0.307830333709717,0.00697004795074463,4,34,31,FALSE,TRUE,TRUE,0.950200534779851
64,1634000,"1994-06-07",348.275835,0.940673349479699,0.998285087918524,1994,6,7,"Summer",0.948224296109053,0.998023528997195,0.307830333709717,0.00697004795074463,4,34,31,FALSE,TRUE,TRUE,0.950200534779851
64,1634000,"1994-06-08",328.347114,0.942778915453609,1.00223836039904,1994,6,8,"Summer",0.948224296109053,0.998023528997195,0.307830333709717,0.00697004795074463,4,34,31,FALSE,TRUE,TRUE,0.950200534779851
64,1634000,"1994-06-09",310.173213,0.944650340371196,1.00198500930272,1994,6,9,"Summer",0.948224296109053,0.998023528997195,0.307830333709717,0.00697004795074463,4,34,31,FALSE,TRUE,TRUE,0.950200534779851
64,1634000,"1994-06-10",293.197334,0.945269680654209,1.00065562913233,1994,6,10,"Summer",0.948224296109053,0.998023528997195,0.307830333709717,0.00697004795074463,4,34,31,FALSE,TRUE,TRUE,0.950200534779851
64,1634000,"1994-06-11",278.035655,0.948288482732248,1.00319358817893,1994,6,11,"Summer",0.948224296109053,0.998023528997195,0.307830333709717,0.00697004795074463,4,34,31,FALSE,TRUE,TRUE,0.950200534779851
64,1634000,"1994-06-12",264.424038,0.951043627839746,1.00290538708175,1994,6,12,"Summer",0.948224296109053,0.998023528997195,0.307830333709717,0.00697004795074463,4,34,31,FALSE,TRUE,TRUE,0.950200534779851
64,1634000,"1994-06-13",252.166802,0.953645530517161,1.00273583945179,1994,6,13,"Summer",0.948224296109053,0.998023528997195,0.307830333709717,0.00697004795074463,4,34,31,FALSE,TRUE,TRUE,0.950200534779851
64,1634000,"1994-06-14",240.876918,0.955228507835064,1.00165992212751,1994,6,14,"Summer",0.948224296109053,0.998023528997195,0.307830333709717,0.00697004795074463,4,34,31,FALSE,TRUE,TRUE,0.950200534779851
64,1634000,"1994-06-15",230.15336,0.955481172338812,1.00026450687105,1994,6,15,"Summer",0.948224296109053,0.998023528997195,0.307830333709717,0.00697004795074463,4,34,31,FALSE,TRUE,TRUE,0.950200534779851
64,1634000,"1994-06-16",219.717844,0.95465842427849,0.999138917558879,1994,6,16,"Summer",0.948224296109053,0.998023528997195,0.307830333709717,0.00697004795074463,4,34,31,FALSE,TRUE,TRUE,0.950200534779851
65,1634000,"1994-07-02",226.532873,0.995630414476568,0.987213279979323,1994,7,2,"Summer",0.983261003649065,0.773855850971381,0.836819648742676,0.836819648742676,1,17,17,FALSE,TRUE,TRUE,0.985009580170491
65,1634000,"1994-07-03",221.884747,0.979481450358863,0.983780161912595,1994,7,3,"Summer",0.983261003649065,0.773855850971381,0.836819648742676,0.836819648742676,1,17,17,FALSE,TRUE,TRUE,0.985009580170491
65,1634000,"1994-07-04",214.50765,0.966752572676841,0.987004472951113,1994,7,4,"Summer",0.983261003649065,0.773855850971381,0.836819648742676,0.836819648742676,1,17,17,FALSE,TRUE,TRUE,0.985009580170491
65,1634000,"1994-07-05",208.886999,0.973797433331632,1.00728713928868,1994,7,5,"Summer",0.983261003649065,0.773855850971381,0.836819648742676,0.836819648742676,1,17,17,FALSE,TRUE,TRUE,0.985009580170491
65,1634000,"1994-07-06",201.782915,0.965990779541048,0.991983287772822,1994,7,6,"Summer",0.983261003649065,0.773855850971381,0.836819648742676,0.836819648742676,1,17,17,FALSE,TRUE,TRUE,0.985009580170491
65,1634000,"1994-07-07",190.807752,0.945609057139451,0.978900707094451,1994,7,7,"Summer",0.983261003649065,0.773855850971381,0.836819648742676,0.836819648742676,1,17,17,FALSE,TRUE,TRUE,0.985009580170491
65,1634000,"1994-07-08",186.231839,0.976018201818132,1.03215826291964,1994,7,8,"Summer",0.983261003649065,0.773855850971381,0.836819648742676,0.836819648742676,1,17,17,FALSE,TRUE,TRUE,0.985009580170491
65,1634000,"1994-07-09",183.997069,0.98800006480095,1.01227627001269,1994,7,9,"Summer",0.983261003649065,0.773855850971381,0.836819648742676,0.836819648742676,1,17,17,FALSE,TRUE,TRUE,0.985009580170491
65,1634000,"1994-07-10",183.934551,0.999660222848441,1.01180177862624,1994,7,10,"Summer",0.983261003649065,0.773855850971381,0.836819648742676,0.836819648742676,1,17,17,FALSE,TRUE,TRUE,0.985009580170491
65,1634000,"1994-07-11",195.877215,1.06492887788113,1.06529083936812,1994,7,11,"Summer",0.983261003649065,0.773855850971381,0.836819648742676,0.836819648742676,1,17,17,FALSE,TRUE,TRUE,0.985009580170491
65,1634000,"1994-07-12",201.399718,1.02819369777133,0.965504569485529,1994,7,12,"Summer",0.983261003649065,0.773855850971381,0.836819648742676,0.836819648742676,1,17,17,FALSE,TRUE,TRUE,0.985009580170491
65,1634000,"1994-07-13",193.981775,0.963168056670268,0.936757401604377,1994,7,13,"Summer",0.983261003649065,0.773855850971381,0.836819648742676,0.836819648742676,1,17,17,FALSE,TRUE,TRUE,0.985009580170491
65,1634000,"1994-07-14",185.154712,0.954495400405528,0.990995697786405,1994,7,14,"Summer",0.983261003649065,0.773855850971381,0.836819648742676,0.836819648742676,1,17,17,FALSE,TRUE,TRUE,0.985009580170491
65,1634000,"1994-07-15",174.728751,0.943690544586303,0.988680033644338,1994,7,15,"Summer",0.983261003649065,0.773855850971381,0.836819648742676,0.836819648742676,1,17,17,FALSE,TRUE,TRUE,0.985009580170491
65,1634000,"1994-07-16",172.412946,0.986746285389518,1.04562485133523,1994,7,16,"Summer",0.983261003649065,0.773855850971381,0.836819648742676,0.836819648742676,1,17,17,FALSE,TRUE,TRUE,0.985009580170491
65,1634000,"1994-07-17",174.379099,1.01140374342887,1.02498865048133,1994,7,17,"Summer",0.983261003649065,0.773855850971381,0.836819648742676,0.836819648742676,1,17,17,FALSE,TRUE,TRUE,0.985009580170491
65,1634000,"1994-07-18",172.131358,0.987110032034286,0.975980204194,1994,7,18,"Summer",0.983261003649065,0.773855850971381,0.836819648742676,0.836819648742676,1,17,17,FALSE,TRUE,TRUE,0.985009580170491
66,1634000,"1994-08-04",381.880545,0.956480792192188,0.969703954607902,1994,8,4,"Summer",0.970424299238564,0.65869473850397,0.436274886131287,0.0133475763723254,2,12,11,FALSE,TRUE,TRUE,0.980727751933726
66,1634000,"1994-08-05",365.990728,0.95839060877008,1.00199671189791,1994,8,5,"Summer",0.970424299238564,0.65869473850397,0.436274886131287,0.0133475763723254,2,12,11,FALSE,TRUE,TRUE,0.980727751933726
66,1634000,"1994-08-06",376.296049,1.02815732807308,1.0727957042406,1994,8,6,"Summer",0.970424299238564,0.65869473850397,0.436274886131287,0.0133475763723254,2,12,11,FALSE,TRUE,TRUE,0.980727751933726
66,1634000,"1994-08-07",393.923438,1.04684447005714,1.01817537206984,1994,8,7,"Summer",0.970424299238564,0.65869473850397,0.436274886131287,0.0133475763723254,2,12,11,FALSE,TRUE,TRUE,0.980727751933726
66,1634000,"1994-08-08",392.218404,0.995671661456204,0.951117085618133,1994,8,8,"Summer",0.970424299238564,0.65869473850397,0.436274886131287,0.0133475763723254,2,12,11,FALSE,TRUE,TRUE,0.980727751933726
66,1634000,"1994-08-09",383.927093,0.978860474379983,0.983115732096228,1994,8,9,"Summer",0.970424299238564,0.65869473850397,0.436274886131287,0.0133475763723254,2,12,11,FALSE,TRUE,TRUE,0.980727751933726
66,1634000,"1994-08-10",369.095478,0.961368667983012,0.982130439572554,1994,8,10,"Summer",0.970424299238564,0.65869473850397,0.436274886131287,0.0133475763723254,2,12,11,FALSE,TRUE,TRUE,0.980727751933726
66,1634000,"1994-08-11",351.220822,0.951571728548785,0.989809383475351,1994,8,11,"Summer",0.970424299238564,0.65869473850397,0.436274886131287,0.0133475763723254,2,12,11,FALSE,TRUE,TRUE,0.980727751933726
66,1634000,"1994-08-12",331.849893,0.944846866168999,0.992932889683428,1994,8,12,"Summer",0.970424299238564,0.65869473850397,0.436274886131287,0.0133475763723254,2,12,11,FALSE,TRUE,TRUE,0.980727751933726
66,1634000,"1994-08-13",323.628141,0.975224485005333,1.03215083832527,1994,8,13,"Summer",0.970424299238564,0.65869473850397,0.436274886131287,0.0133475763723254,2,12,11,FALSE,TRUE,TRUE,0.980727751933726
66,1634000,"1994-08-14",313.831162,0.969727666544301,0.994363535221326,1994,8,14,"Summer",0.970424299238564,0.65869473850397,0.436274886131287,0.0133475763723254,2,12,11,FALSE,TRUE,TRUE,0.980727751933726
67,1634000,"1994-09-01",439.391407,0.940670839105117,1.00503109857071,1994,9,1,"Fall",0.944808318464556,0.999495571644846,0.595912456512451,1.19209289550781e-07,9,26,18,FALSE,TRUE,TRUE,0.950155519288447
67,1634000,"1994-09-02",419.193976,0.954033167972263,1.01420510587939,1994,9,2,"Fall",0.944808318464556,0.999495571644846,0.595912456512451,1.19209289550781e-07,9,26,18,FALSE,TRUE,TRUE,0.950155519288447
67,1634000,"1994-09-03",400.891658,0.956339262852384,1.00241720619108,1994,9,3,"Fall",0.944808318464556,0.999495571644846,0.595912456512451,1.19209289550781e-07,9,26,18,FALSE,TRUE,TRUE,0.950155519288447
67,1634000,"1994-09-04",380.448292,0.949005259670432,0.992331170049342,1994,9,4,"Fall",0.944808318464556,0.999495571644846,0.595912456512451,1.19209289550781e-07,9,26,18,FALSE,TRUE,TRUE,0.950155519288447
67,1634000,"1994-09-05",361.78949,0.950955747752444,1.00205529744133,1994,9,5,"Fall",0.944808318464556,0.999495571644846,0.595912456512451,1.19209289550781e-07,9,26,18,FALSE,TRUE,TRUE,0.950155519288447
67,1634000,"1994-09-06",343.709336,0.950025762218797,0.999022051724442,1994,9,6,"Fall",0.944808318464556,0.999495571644846,0.595912456512451,1.19209289550781e-07,9,26,18,FALSE,TRUE,TRUE,0.950155519288447
67,1634000,"1994-09-07",326.375625,0.94956869312389,0.999518887683804,1994,9,7,"Fall",0.944808318464556,0.999495571644846,0.595912456512451,1.19209289550781e-07,9,26,18,FALSE,TRUE,TRUE,0.950155519288447
67,1634000,"1994-09-08",309.725081,0.948983494095185,0.999383721227393,1994,9,8,"Fall",0.944808318464556,0.999495571644846,0.595912456512451,1.19209289550781e-07,9,26,18,FALSE,TRUE,TRUE,0.950155519288447
67,1634000,"1994-09-09",293.645511,0.948084378739738,0.999052549005286,1994,9,9,"Fall",0.944808318464556,0.999495571644846,0.595912456512451,1.19209289550781e-07,9,26,18,FALSE,TRUE,TRUE,0.950155519288447
67,1634000,"1994-09-10",278.043207,0.946866873779657,0.998715826368009,1994,9,10,"Fall",0.944808318464556,0.999495571644846,0.595912456512451,1.19209289550781e-07,9,26,18,FALSE,TRUE,TRUE,0.950155519288447
67,1634000,"1994-09-11",262.918326,0.945602407758158,0.998664578879551,1994,9,11,"Fall",0.944808318464556,0.999495571644846,0.595912456512451,1.19209289550781e-07,9,26,18,FALSE,TRUE,TRUE,0.950155519288447
67,1634000,"1994-09-12",248.853389,0.946504539208119,1.00095402829197,1994,9,12,"Fall",0.944808318464556,0.999495571644846,0.595912456512451,1.19209289550781e-07,9,26,18,FALSE,TRUE,TRUE,0.950155519288447
67,1634000,"1994-09-13",236.681224,0.95108700327967,1.00484146021675,1994,9,13,"Fall",0.944808318464556,0.999495571644846,0.595912456512451,1.19209289550781e-07,9,26,18,FALSE,TRUE,TRUE,0.950155519288447
67,1634000,"1994-09-14",226.024731,0.954975334249581,1.00408830207594,1994,9,14,"Fall",0.944808318464556,0.999495571644846,0.595912456512451,1.19209289550781e-07,9,26,18,FALSE,TRUE,TRUE,0.950155519288447
67,1634000,"1994-09-15",215.841519,0.954946469994914,0.999969774868908,1994,9,15,"Fall",0.944808318464556,0.999495571644846,0.595912456512451,1.19209289550781e-07,9,26,18,FALSE,TRUE,TRUE,0.950155519288447
67,1634000,"1994-09-16",205.853009,0.953722944286729,0.998718749430854,1994,9,16,"Fall",0.944808318464556,0.999495571644846,0.595912456512451,1.19209289550781e-07,9,26,18,FALSE,TRUE,TRUE,0.950155519288447
67,1634000,"1994-09-17",196.238654,0.953295047535594,0.999551340613436,1994,9,17,"Fall",0.944808318464556,0.999495571644846,0.595912456512451,1.19209289550781e-07,9,26,18,FALSE,TRUE,TRUE,0.950155519288447
67,1634000,"1994-09-18",187.114056,0.953502544916559,1.00021766333676,1994,9,18,"Fall",0.944808318464556,0.999495571644846,0.595912456512451,1.19209289550781e-07,9,26,18,FALSE,TRUE,TRUE,0.950155519288447
68,1634000,"1994-10-01",213.111293,0.980705451743549,0.986292312601172,1994,10,1,"Fall",0.962389863030965,0.998669945490831,0.343419432640076,0.0210654735565186,2,18,17,FALSE,TRUE,TRUE,0.960323533136338
68,1634000,"1994-10-02",207.180131,0.972168710927956,0.991295306046871,1994,10,2,"Fall",0.962389863030965,0.998669945490831,0.343419432640076,0.0210654735565186,2,18,17,FALSE,TRUE,TRUE,0.960323533136338
68,1634000,"1994-10-03",200.080118,0.965730241767248,0.993377210057951,1994,10,3,"Fall",0.962389863030965,0.998669945490831,0.343419432640076,0.0210654735565186,2,18,17,FALSE,TRUE,TRUE,0.960323533136338
68,1634000,"1994-10-04",192.291594,0.961072973777435,0.995177464898179,1994,10,4,"Fall",0.962389863030965,0.998669945490831,0.343419432640076,0.0210654735565186,2,18,17,FALSE,TRUE,TRUE,0.960323533136338
68,1634000,"1994-10-05",184.170114,0.957764768438084,0.996557800053051,1994,10,5,"Fall",0.962389863030965,0.998669945490831,0.343419432640076,0.0210654735565186,2,18,17,FALSE,TRUE,TRUE,0.960323533136338
68,1634000,"1994-10-06",176.082617,0.956086811131582,0.998248048621336,1994,10,6,"Fall",0.962389863030965,0.998669945490831,0.343419432640076,0.0210654735565186,2,18,17,FALSE,TRUE,TRUE,0.960323533136338
68,1634000,"1994-10-07",168.343206,0.956046706189061,0.999958053032367,1994,10,7,"Fall",0.962389863030965,0.998669945490831,0.343419432640076,0.0210654735565186,2,18,17,FALSE,TRUE,TRUE,0.960323533136338
68,1634000,"1994-10-08",161.08554,0.956887680991415,1.00087963778015,1994,10,8,"Fall",0.962389863030965,0.998669945490831,0.343419432640076,0.0210654735565186,2,18,17,FALSE,TRUE,TRUE,0.960323533136338
68,1634000,"1994-10-09",154.325523,0.958034613162671,1.00119860689404,1994,10,9,"Fall",0.962389863030965,0.998669945490831,0.343419432640076,0.0210654735565186,2,18,17,FALSE,TRUE,TRUE,0.960323533136338
68,1634000,"1994-10-10",148.015844,0.959114481666134,1.00112717065608,1994,10,10,"Fall",0.962389863030965,0.998669945490831,0.343419432640076,0.0210654735565186,2,18,17,FALSE,TRUE,TRUE,0.960323533136338
68,1634000,"1994-10-11",142.118203,0.960155339856725,1.00108522831267,1994,10,11,"Fall",0.962389863030965,0.998669945490831,0.343419432640076,0.0210654735565186,2,18,17,FALSE,TRUE,TRUE,0.960323533136338
68,1634000,"1994-10-12",136.658106,0.961580593585186,1.00148439910637,1994,10,12,"Fall",0.962389863030965,0.998669945490831,0.343419432640076,0.0210654735565186,2,18,17,FALSE,TRUE,TRUE,0.960323533136338
68,1634000,"1994-10-13",131.568793,0.962758791637285,1.00122527228602,1994,10,13,"Fall",0.962389863030965,0.998669945490831,0.343419432640076,0.0210654735565186,2,18,17,FALSE,TRUE,TRUE,0.960323533136338
68,1634000,"1994-10-14",126.784245,0.963634628767933,1.00090971605583,1994,10,14,"Fall",0.962389863030965,0.998669945490831,0.343419432640076,0.0210654735565186,2,18,17,FALSE,TRUE,TRUE,0.960323533136338
68,1634000,"1994-10-15",122.271849,0.964408858529701,1.00080344742567,1994,10,15,"Fall",0.962389863030965,0.998669945490831,0.343419432640076,0.0210654735565186,2,18,17,FALSE,TRUE,TRUE,0.960323533136338
68,1634000,"1994-10-16",117.99063,0.964986061509547,1.00059850443589,1994,10,16,"Fall",0.962389863030965,0.998669945490831,0.343419432640076,0.0210654735565186,2,18,17,FALSE,TRUE,TRUE,0.960323533136338
68,1634000,"1994-10-17",113.92044,0.96550412520045,1.00053686132015,1994,10,17,"Fall",0.962389863030965,0.998669945490831,0.343419432640076,0.0210654735565186,2,18,17,FALSE,TRUE,TRUE,0.960323533136338
69,1634000,"1994-12-12",547.082718,1.04104326753216,1.06466124760673,1994,12,12,"Winter",0.968608345508023,0.973696169984003,0.414890944957733,0.259354889392853,2,22,21,FALSE,TRUE,TRUE,0.966691367668899
69,1634000,"1994-12-13",574.119893,1.04942063441309,1.00804708809154,1994,12,13,"Winter",0.968608345508023,0.973696169984003,0.414890944957733,0.259354889392853,2,22,21,FALSE,TRUE,TRUE,0.966691367668899
69,1634000,"1994-12-14",588.919306,1.02577756524455,0.97747035993649,1994,12,14,"Winter",0.968608345508023,0.973696169984003,0.414890944957733,0.259354889392853,2,22,21,FALSE,TRUE,TRUE,0.966691367668899
69,1634000,"1994-12-15",587.853777,0.998190704585256,0.97310639109882,1994,12,15,"Winter",0.968608345508023,0.973696169984003,0.414890944957733,0.259354889392853,2,22,21,FALSE,TRUE,TRUE,0.966691367668899
69,1634000,"1994-12-16",564.317809,0.959962887165391,0.961702891797867,1994,12,16,"Winter",0.968608345508023,0.973696169984003,0.414890944957733,0.259354889392853,2,22,21,FALSE,TRUE,TRUE,0.966691367668899
69,1634000,"1994-12-17",533.53844,0.945457384989245,0.984889517740651,1994,12,17,"Winter",0.968608345508023,0.973696169984003,0.414890944957733,0.259354889392853,2,22,21,FALSE,TRUE,TRUE,0.966691367668899
69,1634000,"1994-12-18",512.906563,0.961330102100984,1.01678840036975,1994,12,18,"Winter",0.968608345508023,0.973696169984003,0.414890944957733,0.259354889392853,2,22,21,FALSE,TRUE,TRUE,0.966691367668899
69,1634000,"1994-12-19",497.683464,0.970319937200726,1.00935145490617,1994,12,19,"Winter",0.968608345508023,0.973696169984003,0.414890944957733,0.259354889392853,2,22,21,FALSE,TRUE,TRUE,0.966691367668899
69,1634000,"1994-12-20",478.966973,0.96239278104687,0.991830368675383,1994,12,20,"Winter",0.968608345508023,0.973696169984003,0.414890944957733,0.259354889392853,2,22,21,FALSE,TRUE,TRUE,0.966691367668899
69,1634000,"1994-12-21",461.593838,0.963727906141036,1.00138729749481,1994,12,21,"Winter",0.968608345508023,0.973696169984003,0.414890944957733,0.259354889392853,2,22,21,FALSE,TRUE,TRUE,0.966691367668899
69,1634000,"1994-12-22",443.472388,0.96074156865153,0.996901264900106,1994,12,22,"Winter",0.968608345508023,0.973696169984003,0.414890944957733,0.259354889392853,2,22,21,FALSE,TRUE,TRUE,0.966691367668899
69,1634000,"1994-12-23",426.008745,0.960620675666508,0.999874167009146,1994,12,23,"Winter",0.968608345508023,0.973696169984003,0.414890944957733,0.259354889392853,2,22,21,FALSE,TRUE,TRUE,0.966691367668899
69,1634000,"1994-12-24",409.43276,0.961090035839522,1.00048860094822,1994,12,24,"Winter",0.968608345508023,0.973696169984003,0.414890944957733,0.259354889392853,2,22,21,FALSE,TRUE,TRUE,0.966691367668899
69,1634000,"1994-12-25",393.859188,0.96196305346939,1.00090836196122,1994,12,25,"Winter",0.968608345508023,0.973696169984003,0.414890944957733,0.259354889392853,2,22,21,FALSE,TRUE,TRUE,0.966691367668899
69,1634000,"1994-12-26",381.427375,0.968435894403966,1.00672878330538,1994,12,26,"Winter",0.968608345508023,0.973696169984003,0.414890944957733,0.259354889392853,2,22,21,FALSE,TRUE,TRUE,0.966691367668899
69,1634000,"1994-12-27",370.036017,0.97013492280149,1.00175440460989,1994,12,27,"Winter",0.968608345508023,0.973696169984003,0.414890944957733,0.259354889392853,2,22,21,FALSE,TRUE,TRUE,0.966691367668899
69,1634000,"1994-12-28",357.350998,0.965719501839736,0.995448652699767,1994,12,28,"Winter",0.968608345508023,0.973696169984003,0.414890944957733,0.259354889392853,2,22,21,FALSE,TRUE,TRUE,0.966691367668899
69,1634000,"1994-12-29",344.963911,0.965336358176338,0.999603255745931,1994,12,29,"Winter",0.968608345508023,0.973696169984003,0.414890944957733,0.259354889392853,2,22,21,FALSE,TRUE,TRUE,0.966691367668899
69,1634000,"1994-12-30",332.763101,0.964631633597174,0.999269969919608,1994,12,30,"Winter",0.968608345508023,0.973696169984003,0.414890944957733,0.259354889392853,2,22,21,FALSE,TRUE,TRUE,0.966691367668899
69,1634000,"1994-12-31",320.894171,0.964332193189893,0.999689580564382,1994,12,31,"Winter",0.968608345508023,0.973696169984003,0.414890944957733,0.259354889392853,2,22,21,FALSE,TRUE,TRUE,0.966691367668899
69,1634000,"1995-01-01",309.412564,0.964219957738029,0.999883613289428,1995,1,1,"Winter",0.968608345508023,0.973696169984003,0.414890944957733,0.259354889392853,2,22,21,FALSE,TRUE,TRUE,0.966691367668899
70,1634000,"1995-01-30",981.135963,0.924215800222611,1.02423446298539,1995,1,30,"Winter",0.969352935648692,0.970906323580188,0.363020420074463,0.00434005260467529,5,23,19,FALSE,TRUE,TRUE,0.974183546927717
70,1634000,"1995-01-31",922.008638,0.939735849841639,1.01679266856863,1995,1,31,"Winter",0.969352935648692,0.970906323580188,0.363020420074463,0.00434005260467529,5,23,19,FALSE,TRUE,TRUE,0.974183546927717
70,1634000,"1995-02-01",888.026759,0.963143643563131,1.02490890788665,1995,2,1,"Winter",0.969352935648692,0.970906323580188,0.363020420074463,0.00434005260467529,5,23,19,FALSE,TRUE,TRUE,0.974183546927717
70,1634000,"1995-02-02",879.170512,0.990027049398857,1.02791214583141,1995,2,2,"Winter",0.969352935648692,0.970906323580188,0.363020420074463,0.00434005260467529,5,23,19,FALSE,TRUE,TRUE,0.974183546927717
70,1634000,"1995-02-03",882.391506,1.0036636738335,1.01377399177419,1995,2,3,"Winter",0.969352935648692,0.970906323580188,0.363020420074463,0.00434005260467529,5,23,19,FALSE,TRUE,TRUE,0.974183546927717
70,1634000,"1995-02-04",884.174501,1.00202063935099,0.998362963086789,1995,2,4,"Winter",0.969352935648692,0.970906323580188,0.363020420074463,0.00434005260467529,5,23,19,FALSE,TRUE,TRUE,0.974183546927717
70,1634000,"1995-02-05",873.409918,0.987825273192311,0.985833259714221,1995,2,5,"Winter",0.969352935648692,0.970906323580188,0.363020420074463,0.00434005260467529,5,23,19,FALSE,TRUE,TRUE,0.974183546927717
70,1634000,"1995-02-06",850.06284,0.97326904868053,0.985264373258299,1995,2,6,"Winter",0.969352935648692,0.970906323580188,0.363020420074463,0.00434005260467529,5,23,19,FALSE,TRUE,TRUE,0.974183546927717
70,1634000,"1995-02-07",819.10416,0.963580715985656,0.990045576084014,1995,2,7,"Winter",0.969352935648692,0.970906323580188,0.363020420074463,0.00434005260467529,5,23,19,FALSE,TRUE,TRUE,0.974183546927717
70,1634000,"1995-02-08",785.629198,0.959132228067307,0.99538337801437,1995,2,8,"Winter",0.969352935648692,0.970906323580188,0.363020420074463,0.00434005260467529,5,23,19,FALSE,TRUE,TRUE,0.974183546927717
70,1634000,"1995-02-09",753.360496,0.958926294895674,0.99978529219892,1995,2,9,"Winter",0.969352935648692,0.970906323580188,0.363020420074463,0.00434005260467529,5,23,19,FALSE,TRUE,TRUE,0.974183546927717
70,1634000,"1995-02-10",723.707354,0.96063884135491,1.00178589998872,1995,2,10,"Winter",0.969352935648692,0.970906323580188,0.363020420074463,0.00434005260467529,5,23,19,FALSE,TRUE,TRUE,0.974183546927717
70,1634000,"1995-02-11",696.641344,0.962600891298943,1.00204244286153,1995,2,11,"Winter",0.969352935648692,0.970906323580188,0.363020420074463,0.00434005260467529,5,23,19,FALSE,TRUE,TRUE,0.974183546927717
70,1634000,"1995-02-12",678.606492,0.97411171163565,1.01195804038907,1995,2,12,"Winter",0.969352935648692,0.970906323580188,0.363020420074463,0.00434005260467529,5,23,19,FALSE,TRUE,TRUE,0.974183546927717
70,1634000,"1995-02-13",668.186322,0.984644753442765,1.01081297112159,1995,2,13,"Winter",0.969352935648692,0.970906323580188,0.363020420074463,0.00434005260467529,5,23,19,FALSE,TRUE,TRUE,0.974183546927717
70,1634000,"1995-02-14",656.603148,0.982664754397651,0.997989123449659,1995,2,14,"Winter",0.969352935648692,0.970906323580188,0.363020420074463,0.00434005260467529,5,23,19,FALSE,TRUE,TRUE,0.974183546927717
70,1634000,"1995-02-15",641.093167,0.976378454707013,0.993602803333989,1995,2,15,"Winter",0.969352935648692,0.970906323580188,0.363020420074463,0.00434005260467529,5,23,19,FALSE,TRUE,TRUE,0.974183546927717
70,1634000,"1995-02-16",620.653275,0.968117127038417,0.991538805850571,1995,2,16,"Winter",0.969352935648692,0.970906323580188,0.363020420074463,0.00434005260467529,5,23,19,FALSE,TRUE,TRUE,0.974183546927717
70,1634000,"1995-02-17",616.799113,0.993790152803109,1.02651851211767,1995,2,17,"Winter",0.969352935648692,0.970906323580188,0.363020420074463,0.00434005260467529,5,23,19,FALSE,TRUE,TRUE,0.974183546927717
71,1634000,"1995-03-18",513.225923,0.950812827670543,1.00272516059755,1995,3,18,"Spring",0.966448304724229,0.993214212793667,0.316995143890381,0.0223920345306396,4,30,27,FALSE,TRUE,TRUE,0.968166173851798
71,1634000,"1995-03-19",488.981282,0.952760295391393,1.00204821355389,1995,3,19,"Spring",0.966448304724229,0.993214212793667,0.316995143890381,0.0223920345306396,4,30,27,FALSE,TRUE,TRUE,0.968166173851798
71,1634000,"1995-03-20",466.696092,0.9544252698,1.00174752707125,1995,3,20,"Spring",0.966448304724229,0.993214212793667,0.316995143890381,0.0223920345306396,4,30,27,FALSE,TRUE,TRUE,0.968166173851798
71,1634000,"1995-03-21",446.134638,0.955942519441538,1.00158969978012,1995,3,21,"Spring",0.966448304724229,0.993214212793667,0.316995143890381,0.0223920345306396,4,30,27,FALSE,TRUE,TRUE,0.968166173851798
71,1634000,"1995-03-22",428.99354,0.961578643440817,1.00589588169231,1995,3,22,"Spring",0.966448304724229,0.993214212793667,0.316995143890381,0.0223920345306396,4,30,27,FALSE,TRUE,TRUE,0.968166173851798
71,1634000,"1995-03-23",414.288977,0.96572311321984,1.00431006845596,1995,3,23,"Spring",0.966448304724229,0.993214212793667,0.316995143890381,0.0223920345306396,4,30,27,FALSE,TRUE,TRUE,0.968166173851798
71,1634000,"1995-03-24",400.443401,0.966579907338447,1.00088720473485,1995,3,24,"Spring",0.966448304724229,0.993214212793667,0.316995143890381,0.0223920345306396,4,30,27,FALSE,TRUE,TRUE,0.968166173851798
71,1634000,"1995-03-25",388.677993,0.970619048857794,1.00417879731275,1995,3,25,"Spring",0.966448304724229,0.993214212793667,0.316995143890381,0.0223920345306396,4,30,27,FALSE,TRUE,TRUE,0.968166173851798
71,1634000,"1995-03-26",378.893188,0.974825420589223,1.00433369995817,1995,3,26,"Spring",0.966448304724229,0.993214212793667,0.316995143890381,0.0223920345306396,4,30,27,FALSE,TRUE,TRUE,0.968166173851798
71,1634000,"1995-03-27",369.709254,0.975761153035034,1.00095989746066,1995,3,27,"Spring",0.966448304724229,0.993214212793667,0.316995143890381,0.0223920345306396,4,30,27,FALSE,TRUE,TRUE,0.968166173851798
71,1634000,"1995-03-28",359.800198,0.973197706325198,0.997372874804595,1995,3,28,"Spring",0.966448304724229,0.993214212793667,0.316995143890381,0.0223920345306396,4,30,27,FALSE,TRUE,TRUE,0.968166173851798
71,1634000,"1995-03-29",349.08347,0.97021478014862,0.996934922722083,1995,3,29,"Spring",0.966448304724229,0.993214212793667,0.316995143890381,0.0223920345306396,4,30,27,FALSE,TRUE,TRUE,0.968166173851798
71,1634000,"1995-03-30",338.190316,0.968794987628604,0.998536620396775,1995,3,30,"Spring",0.966448304724229,0.993214212793667,0.316995143890381,0.0223920345306396,4,30,27,FALSE,TRUE,TRUE,0.968166173851798
71,1634000,"1995-03-31",327.722788,0.969048410008287,1.00026158514745,1995,3,31,"Spring",0.966448304724229,0.993214212793667,0.316995143890381,0.0223920345306396,4,30,27,FALSE,TRUE,TRUE,0.968166173851798
71,1634000,"1995-04-01",317.364142,0.968392048465058,0.999322674144605,1995,4,1,"Spring",0.966448304724229,0.993214212793667,0.316995143890381,0.0223920345306396,4,30,27,FALSE,TRUE,TRUE,0.968166173851798
71,1634000,"1995-04-02",306.886245,0.9669846223522,0.99854663602919,1995,4,2,"Spring",0.966448304724229,0.993214212793667,0.316995143890381,0.0223920345306396,4,30,27,FALSE,TRUE,TRUE,0.968166173851798
71,1634000,"1995-04-03",296.387536,0.965789574570213,0.998764150169131,1995,4,3,"Spring",0.966448304724229,0.993214212793667,0.316995143890381,0.0223920345306396,4,30,27,FALSE,TRUE,TRUE,0.968166173851798
71,1634000,"1995-04-04",285.947205,0.964774729933313,0.998949207297716,1995,4,4,"Spring",0.966448304724229,0.993214212793667,0.316995143890381,0.0223920345306396,4,30,27,FALSE,TRUE,TRUE,0.968166173851798
71,1634000,"1995-04-05",275.60635,0.963836488627333,0.999027502196243,1995,4,5,"Spring",0.966448304724229,0.993214212793667,0.316995143890381,0.0223920345306396,4,30,27,FALSE,TRUE,TRUE,0.968166173851798
71,1634000,"1995-04-06",265.377835,0.962887230283337,0.999015125122159,1995,4,6,"Spring",0.966448304724229,0.993214212793667,0.316995143890381,0.0223920345306396,4,30,27,FALSE,TRUE,TRUE,0.968166173851798
71,1634000,"1995-04-07",255.313823,0.962076667028352,0.999158195031057,1995,4,7,"Spring",0.966448304724229,0.993214212793667,0.316995143890381,0.0223920345306396,4,30,27,FALSE,TRUE,TRUE,0.968166173851798
71,1634000,"1995-04-08",245.450926,0.96136951425462,0.999264972534968,1995,4,8,"Spring",0.966448304724229,0.993214212793667,0.316995143890381,0.0223920345306396,4,30,27,FALSE,TRUE,TRUE,0.968166173851798
71,1634000,"1995-04-09",235.796442,0.960666337025756,0.999268567165448,1995,4,9,"Spring",0.966448304724229,0.993214212793667,0.316995143890381,0.0223920345306396,4,30,27,FALSE,TRUE,TRUE,0.968166173851798
71,1634000,"1995-04-10",226.310852,0.959772124127301,0.999069174317876,1995,4,10,"Spring",0.966448304724229,0.993214212793667,0.316995143890381,0.0223920345306396,4,30,27,FALSE,TRUE,TRUE,0.968166173851798
71,1634000,"1995-04-11",226.227824,0.999633124088985,1.04153173337674,1995,4,11,"Spring",0.966448304724229,0.993214212793667,0.316995143890381,0.0223920345306396,4,30,27,FALSE,TRUE,TRUE,0.968166173851798
71,1634000,"1995-04-12",228.909212,1.01185260041223,1.01222396100007,1995,4,12,"Spring",0.966448304724229,0.993214212793667,0.316995143890381,0.0223920345306396,4,30,27,FALSE,TRUE,TRUE,0.968166173851798
71,1634000,"1995-04-13",227.170563,0.992404635074276,0.980779843496938,1995,4,13,"Spring",0.966448304724229,0.993214212793667,0.316995143890381,0.0223920345306396,4,30,27,FALSE,TRUE,TRUE,0.968166173851798
72,1634000,"1995-05-20",855.350426,0.932917003263103,0.971026985312745,1995,5,20,"Spring",0.954731932282852,0.97269452635682,0.597354173660278,0.597354173660278,1,23,23,FALSE,TRUE,TRUE,0.955174291872569
72,1634000,"1995-05-21",798.723972,0.933797362719733,1.00094366321286,1995,5,21,"Spring",0.954731932282852,0.97269452635682,0.597354173660278,0.597354173660278,1,23,23,FALSE,TRUE,TRUE,0.955174291872569
72,1634000,"1995-05-22",742.428613,0.929518380600201,0.9954176545251,1995,5,22,"Spring",0.954731932282852,0.97269452635682,0.597354173660278,0.597354173660278,1,23,23,FALSE,TRUE,TRUE,0.955174291872569
72,1634000,"1995-05-23",693.674233,0.934331221687438,1.00517777936153,1995,5,23,"Spring",0.954731932282852,0.97269452635682,0.597354173660278,0.597354173660278,1,23,23,FALSE,TRUE,TRUE,0.955174291872569
72,1634000,"1995-05-24",638.402134,0.920319803777402,0.985003799953586,1995,5,24,"Spring",0.954731932282852,0.97269452635682,0.597354173660278,0.597354173660278,1,23,23,FALSE,TRUE,TRUE,0.955174291872569
72,1634000,"1995-05-25",582.582759,0.91256392792697,0.991572629624399,1995,5,25,"Spring",0.954731932282852,0.97269452635682,0.597354173660278,0.597354173660278,1,23,23,FALSE,TRUE,TRUE,0.955174291872569
72,1634000,"1995-05-26",531.895895,0.912996285562924,1.00047378339503,1995,5,26,"Spring",0.954731932282852,0.97269452635682,0.597354173660278,0.597354173660278,1,23,23,FALSE,TRUE,TRUE,0.955174291872569
72,1634000,"1995-05-27",507.814133,0.95472467032294,1.045704879001,1995,5,27,"Spring",0.954731932282852,0.97269452635682,0.597354173660278,0.597354173660278,1,23,23,FALSE,TRUE,TRUE,0.955174291872569
72,1634000,"1995-05-28",499.333525,0.983299779488414,1.02993020925688,1995,5,28,"Spring",0.954731932282852,0.97269452635682,0.597354173660278,0.597354173660278,1,23,23,FALSE,TRUE,TRUE,0.955174291872569
72,1634000,"1995-05-29",492.666221,0.986647593910303,1.00340467321536,1995,5,29,"Spring",0.954731932282852,0.97269452635682,0.597354173660278,0.597354173660278,1,23,23,FALSE,TRUE,TRUE,0.955174291872569
72,1634000,"1995-05-30",493.425457,1.00154107581896,1.01509503697225,1995,5,30,"Spring",0.954731932282852,0.97269452635682,0.597354173660278,0.597354173660278,1,23,23,FALSE,TRUE,TRUE,0.955174291872569
72,1634000,"1995-05-31",484.71036,0.98233756107156,0.980826033788286,1995,5,31,"Spring",0.954731932282852,0.97269452635682,0.597354173660278,0.597354173660278,1,23,23,FALSE,TRUE,TRUE,0.955174291872569
72,1634000,"1995-06-01",466.415595,0.962256294666365,0.979557672228995,1995,6,1,"Summer",0.954731932282852,0.97269452635682,0.597354173660278,0.597354173660278,1,23,23,FALSE,TRUE,TRUE,0.955174291872569
72,1634000,"1995-06-02",445.264461,0.954651743580744,0.99209716670312,1995,6,2,"Summer",0.954731932282852,0.97269452635682,0.597354173660278,0.597354173660278,1,23,23,FALSE,TRUE,TRUE,0.955174291872569
72,1634000,"1995-06-03",422.543811,0.948972684797316,0.994051172250389,1995,6,3,"Summer",0.954731932282852,0.97269452635682,0.597354173660278,0.597354173660278,1,23,23,FALSE,TRUE,TRUE,0.955174291872569
72,1634000,"1995-06-04",399.94803,0.946524406672708,0.997420075241543,1995,6,4,"Summer",0.954731932282852,0.97269452635682,0.597354173660278,0.597354173660278,1,23,23,FALSE,TRUE,TRUE,0.955174291872569
72,1634000,"1995-06-05",384.676025,0.961815026317294,1.01615449061513,1995,6,5,"Summer",0.954731932282852,0.97269452635682,0.597354173660278,0.597354173660278,1,23,23,FALSE,TRUE,TRUE,0.955174291872569
72,1634000,"1995-06-06",370.056416,0.96199500865696,1.00018712781017,1995,6,6,"Summer",0.954731932282852,0.97269452635682,0.597354173660278,0.597354173660278,1,23,23,FALSE,TRUE,TRUE,0.955174291872569
72,1634000,"1995-06-07",350.210541,0.946370677167235,0.983758406905314,1995,6,7,"Summer",0.954731932282852,0.97269452635682,0.597354173660278,0.597354173660278,1,23,23,FALSE,TRUE,TRUE,0.955174291872569
72,1634000,"1995-06-08",331.117006,0.945479839226199,0.999058679688066,1995,6,8,"Summer",0.954731932282852,0.97269452635682,0.597354173660278,0.597354173660278,1,23,23,FALSE,TRUE,TRUE,0.955174291872569
72,1634000,"1995-06-09",311.892422,0.941940209498029,0.996256261020788,1995,6,9,"Summer",0.954731932282852,0.97269452635682,0.597354173660278,0.597354173660278,1,23,23,FALSE,TRUE,TRUE,0.955174291872569
72,1634000,"1995-06-10",292.886357,0.939062113538622,0.99694450249561,1995,6,10,"Summer",0.954731932282852,0.97269452635682,0.597354173660278,0.597354173660278,1,23,23,FALSE,TRUE,TRUE,0.955174291872569
72,1634000,"1995-06-11",277.137606,0.946229141017996,1.00763211227037,1995,6,11,"Summer",0.954731932282852,0.97269452635682,0.597354173660278,0.597354173660278,1,23,23,FALSE,TRUE,TRUE,0.955174291872569
73,1634000,"1995-07-15",701.141964,0.944322850269713,1.00515365076535,1995,7,15,"Summer",0.971721030533255,0.708959092167779,1,0.000411629676818848,9,30,22,FALSE,TRUE,TRUE,0.987191899110496
73,1634000,"1995-07-16",663.575075,0.946420424209554,1.00222124662052,1995,7,16,"Summer",0.971721030533255,0.708959092167779,1,0.000411629676818848,9,30,22,FALSE,TRUE,TRUE,0.987191899110496
73,1634000,"1995-07-17",628.002355,0.946392320416797,0.999970305170896,1995,7,17,"Summer",0.971721030533255,0.708959092167779,1,0.000411629676818848,9,30,22,FALSE,TRUE,TRUE,0.987191899110496
73,1634000,"1995-07-18",593.670624,0.945331843540619,0.998879453210576,1995,7,18,"Summer",0.971721030533255,0.708959092167779,1,0.000411629676818848,9,30,22,FALSE,TRUE,TRUE,0.987191899110496
73,1634000,"1995-07-19",581.673136,0.979791002763175,1.03645191840094,1995,7,19,"Summer",0.971721030533255,0.708959092167779,1,0.000411629676818848,9,30,22,FALSE,TRUE,TRUE,0.987191899110496
73,1634000,"1995-07-20",573.846133,0.986543984042612,1.00689226708593,1995,7,20,"Summer",0.971721030533255,0.708959092167779,1,0.000411629676818848,9,30,22,FALSE,TRUE,TRUE,0.987191899110496
73,1634000,"1995-07-21",552.724227,0.96319238767093,0.976329898362977,1995,7,21,"Summer",0.971721030533255,0.708959092167779,1,0.000411629676818848,9,30,22,FALSE,TRUE,TRUE,0.987191899110496
73,1634000,"1995-07-22",552.810318,1.0001557576017,1.03837589499659,1995,7,22,"Summer",0.971721030533255,0.708959092167779,1,0.000411629676818848,9,30,22,FALSE,TRUE,TRUE,0.987191899110496
73,1634000,"1995-07-23",574.675055,1.03955196979518,1.03939007688957,1995,7,23,"Summer",0.971721030533255,0.708959092167779,1,0.000411629676818848,9,30,22,FALSE,TRUE,TRUE,0.987191899110496
73,1634000,"1995-07-24",580.299955,1.00978796617508,0.971368431319534,1995,7,24,"Summer",0.971721030533255,0.708959092167779,1,0.000411629676818848,9,30,22,FALSE,TRUE,TRUE,0.987191899110496
73,1634000,"1995-07-25",579.31723,0.998306522357046,0.988629846856345,1995,7,25,"Summer",0.971721030533255,0.708959092167779,1,0.000411629676818848,9,30,22,FALSE,TRUE,TRUE,0.987191899110496
73,1634000,"1995-07-26",577.225719,0.996389696539839,0.998079922574601,1995,7,26,"Summer",0.971721030533255,0.708959092167779,1,0.000411629676818848,9,30,22,FALSE,TRUE,TRUE,0.987191899110496
73,1634000,"1995-07-27",557.464512,0.965765200077649,0.969264539197325,1995,7,27,"Summer",0.971721030533255,0.708959092167779,1,0.000411629676818848,9,30,22,FALSE,TRUE,TRUE,0.987191899110496
73,1634000,"1995-07-28",540.97104,0.970413413508912,1.00481298501011,1995,7,28,"Summer",0.971721030533255,0.708959092167779,1,0.000411629676818848,9,30,22,FALSE,TRUE,TRUE,0.987191899110496
73,1634000,"1995-07-29",546.866537,1.01089799002919,1.04171889625257,1995,7,29,"Summer",0.971721030533255,0.708959092167779,1,0.000411629676818848,9,30,22,FALSE,TRUE,TRUE,0.987191899110496
73,1634000,"1995-07-30",560.542693,1.02500821512142,1.01395810975133,1995,7,30,"Summer",0.971721030533255,0.708959092167779,1,0.000411629676818848,9,30,22,FALSE,TRUE,TRUE,0.987191899110496
73,1634000,"1995-07-31",565.305275,1.00849637692093,0.983891018669999,1995,7,31,"Summer",0.971721030533255,0.708959092167779,1,0.000411629676818848,9,30,22,FALSE,TRUE,TRUE,0.987191899110496
73,1634000,"1995-08-01",558.176319,0.987389192503113,0.979070639319242,1995,8,1,"Summer",0.971721030533255,0.708959092167779,1,0.000411629676818848,9,30,22,FALSE,TRUE,TRUE,0.987191899110496
73,1634000,"1995-08-02",533.879673,0.956471377998392,0.968687307153584,1995,8,2,"Summer",0.971721030533255,0.708959092167779,1,0.000411629676818848,9,30,22,FALSE,TRUE,TRUE,0.987191899110496
73,1634000,"1995-08-03",502.956074,0.942077586834815,0.984951153275805,1995,8,3,"Summer",0.971721030533255,0.708959092167779,1,0.000411629676818848,9,30,22,FALSE,TRUE,TRUE,0.987191899110496
73,1634000,"1995-08-04",470.450919,0.935371781592203,0.992881897057819,1995,8,4,"Summer",0.971721030533255,0.708959092167779,1,0.000411629676818848,9,30,22,FALSE,TRUE,TRUE,0.987191899110496
73,1634000,"1995-08-05",438.609871,0.93231802359387,0.99673524682011,1995,8,5,"Summer",0.971721030533255,0.708959092167779,1,0.000411629676818848,9,30,22,FALSE,TRUE,TRUE,0.987191899110496
74,1634000,"1995-09-05",213.912013,0.95420382200467,1.00069550902644,1995,9,5,"Fall",0.9453788220323,0.999988965731122,0.640428781509399,0,24,34,11,FALSE,TRUE,TRUE,0.95466778463003
74,1634000,"1995-09-06",204.246004,0.954813154883452,1.00063857727744,1995,9,6,"Fall",0.9453788220323,0.999988965731122,0.640428781509399,0,24,34,11,FALSE,TRUE,TRUE,0.95466778463003
74,1634000,"1995-09-07",195.084427,0.955144400279185,1.00034692169252,1995,9,7,"Fall",0.9453788220323,0.999988965731122,0.640428781509399,0,24,34,11,FALSE,TRUE,TRUE,0.95466778463003
74,1634000,"1995-09-08",186.315963,0.955052978165192,0.999904284510315,1995,9,8,"Fall",0.9453788220323,0.999988965731122,0.640428781509399,0,24,34,11,FALSE,TRUE,TRUE,0.95466778463003
74,1634000,"1995-09-09",177.886941,0.954759528575659,0.999692739987999,1995,9,9,"Fall",0.9453788220323,0.999988965731122,0.640428781509399,0,24,34,11,FALSE,TRUE,TRUE,0.95466778463003
74,1634000,"1995-09-10",169.770214,0.954371428535611,0.999593510168338,1995,9,10,"Fall",0.9453788220323,0.999988965731122,0.640428781509399,0,24,34,11,FALSE,TRUE,TRUE,0.95466778463003
74,1634000,"1995-09-11",161.9907,0.954176213737941,0.999795451967826,1995,9,11,"Fall",0.9453788220323,0.999988965731122,0.640428781509399,0,24,34,11,FALSE,TRUE,TRUE,0.95466778463003
74,1634000,"1995-09-12",154.576955,0.954233514640038,1.00006005274631,1995,9,12,"Fall",0.9453788220323,0.999988965731122,0.640428781509399,0,24,34,11,FALSE,TRUE,TRUE,0.95466778463003
74,1634000,"1995-09-13",147.558566,0.95459614921254,1.00038002707612,1995,9,13,"Fall",0.9453788220323,0.999988965731122,0.640428781509399,0,24,34,11,FALSE,TRUE,TRUE,0.95466778463003
74,1634000,"1995-09-14",140.927232,0.955059647299636,1.00048554363799,1995,9,14,"Fall",0.9453788220323,0.999988965731122,0.640428781509399,0,24,34,11,FALSE,TRUE,TRUE,0.95466778463003
74,1634000,"1995-09-15",134.660371,0.955531227633847,1.00049377055721,1995,9,15,"Fall",0.9453788220323,0.999988965731122,0.640428781509399,0,24,34,11,FALSE,TRUE,TRUE,0.95466778463003
75,1634000,"1996-04-14",1006.596878,0.946270450525083,1.01115303007941,1996,4,14,"Spring",0.964109615567895,0.987144204818229,0.363020420074463,0.00115656852722168,6,24,19,FALSE,TRUE,TRUE,0.96454252970992
75,1634000,"1996-04-15",958.919449,0.952635031915925,1.00672596442942,1996,4,15,"Spring",0.964109615567895,0.987144204818229,0.363020420074463,0.00115656852722168,6,24,19,FALSE,TRUE,TRUE,0.96454252970992
75,1634000,"1996-04-16",916.87194,0.956151156341809,1.00369094596365,1996,4,16,"Spring",0.964109615567895,0.987144204818229,0.363020420074463,0.00115656852722168,6,24,19,FALSE,TRUE,TRUE,0.96454252970992
75,1634000,"1996-04-17",901.14822,0.982850691231755,1.02792396862448,1996,4,17,"Spring",0.964109615567895,0.987144204818229,0.363020420074463,0.00115656852722168,6,24,19,FALSE,TRUE,TRUE,0.96454252970992
75,1634000,"1996-04-18",894.865334,0.993027910547279,1.01035479692523,1996,4,18,"Spring",0.964109615567895,0.987144204818229,0.363020420074463,0.00115656852722168,6,24,19,FALSE,TRUE,TRUE,0.96454252970992
75,1634000,"1996-04-19",876.201341,0.979143238327746,0.986017842930637,1996,4,19,"Spring",0.964109615567895,0.987144204818229,0.363020420074463,0.00115656852722168,6,24,19,FALSE,TRUE,TRUE,0.96454252970992
75,1634000,"1996-04-20",853.971669,0.974629493291314,0.995390107535093,1996,4,20,"Spring",0.964109615567895,0.987144204818229,0.363020420074463,0.00115656852722168,6,24,19,FALSE,TRUE,TRUE,0.96454252970992
75,1634000,"1996-04-21",823.481541,0.964296089546268,0.989397608202733,1996,4,21,"Spring",0.964109615567895,0.987144204818229,0.363020420074463,0.00115656852722168,6,24,19,FALSE,TRUE,TRUE,0.96454252970992
75,1634000,"1996-04-22",789.942696,0.959271892167404,0.994789777296279,1996,4,22,"Spring",0.964109615567895,0.987144204818229,0.363020420074463,0.00115656852722168,6,24,19,FALSE,TRUE,TRUE,0.96454252970992
75,1634000,"1996-04-23",756.403502,0.957542244304769,0.99819691593514,1996,4,23,"Spring",0.964109615567895,0.987144204818229,0.363020420074463,0.00115656852722168,6,24,19,FALSE,TRUE,TRUE,0.96454252970992
75,1634000,"1996-04-24",724.051413,0.957229059735369,0.999672928718014,1996,4,24,"Spring",0.964109615567895,0.987144204818229,0.363020420074463,0.00115656852722168,6,24,19,FALSE,TRUE,TRUE,0.96454252970992
75,1634000,"1996-04-25",693.001326,0.957116184786729,0.9998820815692,1996,4,25,"Spring",0.964109615567895,0.987144204818229,0.363020420074463,0.00115656852722168,6,24,19,FALSE,TRUE,TRUE,0.96454252970992
75,1634000,"1996-04-26",663.293049,0.957130995446321,1.00001547425467,1996,4,26,"Spring",0.964109615567895,0.987144204818229,0.363020420074463,0.00115656852722168,6,24,19,FALSE,TRUE,TRUE,0.96454252970992
75,1634000,"1996-04-27",635.004347,0.957351125505312,1.00022998947901,1996,4,27,"Spring",0.964109615567895,0.987144204818229,0.363020420074463,0.00115656852722168,6,24,19,FALSE,TRUE,TRUE,0.96454252970992
75,1634000,"1996-04-28",608.26671,0.957893773284673,1.00056682210414,1996,4,28,"Spring",0.964109615567895,0.987144204818229,0.363020420074463,0.00115656852722168,6,24,19,FALSE,TRUE,TRUE,0.96454252970992
75,1634000,"1996-04-29",582.995509,0.958453749671752,1.00058459132181,1996,4,29,"Spring",0.964109615567895,0.987144204818229,0.363020420074463,0.00115656852722168,6,24,19,FALSE,TRUE,TRUE,0.96454252970992
75,1634000,"1996-04-30",558.963589,0.958778550385025,1.00033887990254,1996,4,30,"Spring",0.964109615567895,0.987144204818229,0.363020420074463,0.00115656852722168,6,24,19,FALSE,TRUE,TRUE,0.96454252970992
75,1634000,"1996-05-01",545.975713,0.976764361300822,1.01875908770443,1996,5,1,"Spring",0.964109615567895,0.987144204818229,0.363020420074463,0.00115656852722168,6,24,19,FALSE,TRUE,TRUE,0.96454252970992
75,1634000,"1996-05-02",541.104098,0.991077231305342,1.01465334994968,1996,5,2,"Spring",0.964109615567895,0.987144204818229,0.363020420074463,0.00115656852722168,6,24,19,FALSE,TRUE,TRUE,0.96454252970992
76,1634000,"1996-07-01",828.929653,0.900663172197562,1.00562742445019,1996,7,1,"Summer",0.959508901924581,0.931566189188193,0.448718070983887,0.12783670425415,5,22,18,FALSE,TRUE,TRUE,0.969301213450665
76,1634000,"1996-07-02",755.317968,0.911196704408402,1.01169530689829,1996,7,2,"Summer",0.959508901924581,0.931566189188193,0.448718070983887,0.12783670425415,5,22,18,FALSE,TRUE,TRUE,0.969301213450665
76,1634000,"1996-07-03",697.540462,0.923505717528489,1.01350862339661,1996,7,3,"Summer",0.959508901924581,0.931566189188193,0.448718070983887,0.12783670425415,5,22,18,FALSE,TRUE,TRUE,0.969301213450665
76,1634000,"1996-07-04",666.833164,0.955977753732084,1.03516170564758,1996,7,4,"Summer",0.959508901924581,0.931566189188193,0.448718070983887,0.12783670425415,5,22,18,FALSE,TRUE,TRUE,0.969301213450665
76,1634000,"1996-07-05",648.979231,0.973225787252537,1.01804229591444,1996,7,5,"Summer",0.959508901924581,0.931566189188193,0.448718070983887,0.12783670425415,5,22,18,FALSE,TRUE,TRUE,0.969301213450665
76,1634000,"1996-07-06",628.733537,0.968803787497477,0.995456347526977,1996,7,6,"Summer",0.959508901924581,0.931566189188193,0.448718070983887,0.12783670425415,5,22,18,FALSE,TRUE,TRUE,0.969301213450665
76,1634000,"1996-07-07",607.72508,0.966586072217109,0.997710872615293,1996,7,7,"Summer",0.959508901924581,0.931566189188193,0.448718070983887,0.12783670425415,5,22,18,FALSE,TRUE,TRUE,0.969301213450665
76,1634000,"1996-07-08",580.904827,0.955867786466867,0.988911193676052,1996,7,8,"Summer",0.959508901924581,0.931566189188193,0.448718070983887,0.12783670425415,5,22,18,FALSE,TRUE,TRUE,0.969301213450665
76,1634000,"1996-07-09",556.537685,0.958053125284153,1.00228623544828,1996,7,9,"Summer",0.959508901924581,0.931566189188193,0.448718070983887,0.12783670425415,5,22,18,FALSE,TRUE,TRUE,0.969301213450665
76,1634000,"1996-07-10",553.761761,0.995012154477913,1.03857722313969,1996,7,10,"Summer",0.959508901924581,0.931566189188193,0.448718070983887,0.12783670425415,5,22,18,FALSE,TRUE,TRUE,0.969301213450665
76,1634000,"1996-07-11",562.593827,1.01594921611064,1.0210420159578,1996,7,11,"Summer",0.959508901924581,0.931566189188193,0.448718070983887,0.12783670425415,5,22,18,FALSE,TRUE,TRUE,0.969301213450665
76,1634000,"1996-07-12",566.721428,1.00733673354009,0.991522723346819,1996,7,12,"Summer",0.959508901924581,0.931566189188193,0.448718070983887,0.12783670425415,5,22,18,FALSE,TRUE,TRUE,0.969301213450665
76,1634000,"1996-07-13",558.140815,0.984859204935516,0.977686181932844,1996,7,13,"Summer",0.959508901924581,0.931566189188193,0.448718070983887,0.12783670425415,5,22,18,FALSE,TRUE,TRUE,0.969301213450665
76,1634000,"1996-07-14",534.808349,0.958196094295666,0.972926982348106,1996,7,14,"Summer",0.959508901924581,0.931566189188193,0.448718070983887,0.12783670425415,5,22,18,FALSE,TRUE,TRUE,0.969301213450665
76,1634000,"1996-07-15",505.152203,0.944548087075581,0.985756561416464,1996,7,15,"Summer",0.959508901924581,0.931566189188193,0.448718070983887,0.12783670425415,5,22,18,FALSE,TRUE,TRUE,0.969301213450665
76,1634000,"1996-07-16",473.471184,0.937284210952951,0.992309680976519,1996,7,16,"Summer",0.959508901924581,0.931566189188193,0.448718070983887,0.12783670425415,5,22,18,FALSE,TRUE,TRUE,0.969301213450665
76,1634000,"1996-07-17",447.857005,0.945901292696199,1.00919367001231,1996,7,17,"Summer",0.959508901924581,0.931566189188193,0.448718070983887,0.12783670425415,5,22,18,FALSE,TRUE,TRUE,0.969301213450665
76,1634000,"1996-07-18",427.520343,0.954591171349435,1.00918687681298,1996,7,18,"Summer",0.959508901924581,0.931566189188193,0.448718070983887,0.12783670425415,5,22,18,FALSE,TRUE,TRUE,0.969301213450665
79,1634000,"1997-05-10",332.779632,0.959469557081082,1.02624418811693,1997,5,10,"Spring",0.963484865892999,0.996132338665293,0.685328602790833,0.0170532464981079,6,21,16,FALSE,TRUE,TRUE,0.969277183580831
79,1634000,"1997-05-11",322.573745,0.969331395257989,1.0102784273916,1997,5,11,"Spring",0.963484865892999,0.996132338665293,0.685328602790833,0.0170532464981079,6,21,16,FALSE,TRUE,TRUE,0.969277183580831
79,1634000,"1997-05-12",310.175237,0.961563803030529,0.991986649493188,1997,5,12,"Spring",0.963484865892999,0.996132338665293,0.685328602790833,0.0170532464981079,6,21,16,FALSE,TRUE,TRUE,0.969277183580831
79,1634000,"1997-05-13",298.918039,0.963706973809776,1.00222883886903,1997,5,13,"Spring",0.963484865892999,0.996132338665293,0.685328602790833,0.0170532464981079,6,21,16,FALSE,TRUE,TRUE,0.969277183580831
79,1634000,"1997-05-14",286.823635,0.959539397352998,0.995675473385544,1997,5,14,"Spring",0.963484865892999,0.996132338665293,0.685328602790833,0.0170532464981079,6,21,16,FALSE,TRUE,TRUE,0.969277183580831
79,1634000,"1997-05-15",280.443376,0.977755462864837,1.01898417674364,1997,5,15,"Spring",0.963484865892999,0.996132338665293,0.685328602790833,0.0170532464981079,6,21,16,FALSE,TRUE,TRUE,0.969277183580831
79,1634000,"1997-05-16",275.200823,0.981306197797305,1.00363151633238,1997,5,16,"Spring",0.963484865892999,0.996132338665293,0.685328602790833,0.0170532464981079,6,21,16,FALSE,TRUE,TRUE,0.969277183580831
79,1634000,"1997-05-17",266.837553,0.969610301637797,0.988081297982463,1997,5,17,"Spring",0.963484865892999,0.996132338665293,0.685328602790833,0.0170532464981079,6,21,16,FALSE,TRUE,TRUE,0.969277183580831
79,1634000,"1997-05-18",259.776011,0.973536176146841,1.00404891996549,1997,5,18,"Spring",0.963484865892999,0.996132338665293,0.685328602790833,0.0170532464981079,6,21,16,FALSE,TRUE,TRUE,0.969277183580831
79,1634000,"1997-05-19",252.20213,0.970844571171739,0.997235228601617,1997,5,19,"Spring",0.963484865892999,0.996132338665293,0.685328602790833,0.0170532464981079,6,21,16,FALSE,TRUE,TRUE,0.969277183580831
79,1634000,"1997-05-20",243.947261,0.967268837103001,0.996316883077976,1997,5,20,"Spring",0.963484865892999,0.996132338665293,0.685328602790833,0.0170532464981079,6,21,16,FALSE,TRUE,TRUE,0.969277183580831
79,1634000,"1997-05-21",236.834348,0.970842414992313,1.00369450327792,1997,5,21,"Spring",0.963484865892999,0.996132338665293,0.685328602790833,0.0170532464981079,6,21,16,FALSE,TRUE,TRUE,0.969277183580831
79,1634000,"1997-05-22",229.604031,0.969470994975779,0.998587391737984,1997,5,22,"Spring",0.963484865892999,0.996132338665293,0.685328602790833,0.0170532464981079,6,21,16,FALSE,TRUE,TRUE,0.969277183580831
79,1634000,"1997-05-23",221.126276,0.963076628214772,0.993404272232851,1997,5,23,"Spring",0.963484865892999,0.996132338665293,0.685328602790833,0.0170532464981079,6,21,16,FALSE,TRUE,TRUE,0.969277183580831
79,1634000,"1997-05-24",212.586702,0.961381459704952,0.998239840465278,1997,5,24,"Spring",0.963484865892999,0.996132338665293,0.685328602790833,0.0170532464981079,6,21,16,FALSE,TRUE,TRUE,0.969277183580831
79,1634000,"1997-05-25",203.525075,0.957374441041002,0.995832020033775,1997,5,25,"Spring",0.963484865892999,0.996132338665293,0.685328602790833,0.0170532464981079,6,21,16,FALSE,TRUE,TRUE,0.969277183580831
80,1634000,"1997-07-01",271.323444,0.953675756509719,0.982073780094256,1997,7,1,"Summer",0.961000782562281,0.968522340526158,0.693011879920959,0.693011879920959,1,22,22,FALSE,TRUE,TRUE,0.961016202589756
80,1634000,"1997-07-02",254.691248,0.938699746122934,0.984296538645802,1997,7,2,"Summer",0.961000782562281,0.968522340526158,0.693011879920959,0.693011879920959,1,22,22,FALSE,TRUE,TRUE,0.961016202589756
80,1634000,"1997-07-03",240.211449,0.943147638115935,1.0047383543155,1997,7,3,"Summer",0.961000782562281,0.968522340526158,0.693011879920959,0.693011879920959,1,22,22,FALSE,TRUE,TRUE,0.961016202589756
80,1634000,"1997-07-04",227.241202,0.94600487589582,1.003029470323,1997,7,4,"Summer",0.961000782562281,0.968522340526158,0.693011879920959,0.693011879920959,1,22,22,FALSE,TRUE,TRUE,0.961016202589756
80,1634000,"1997-07-05",214.320892,0.943142749262522,0.996974511753348,1997,7,5,"Summer",0.961000782562281,0.968522340526158,0.693011879920959,0.693011879920959,1,22,22,FALSE,TRUE,TRUE,0.961016202589756
80,1634000,"1997-07-06",202.823164,0.946352742876789,1.00340350770525,1997,7,6,"Summer",0.961000782562281,0.968522340526158,0.693011879920959,0.693011879920959,1,22,22,FALSE,TRUE,TRUE,0.961016202589756
80,1634000,"1997-07-07",191.566735,0.944501265151351,0.998043564897578,1997,7,7,"Summer",0.961000782562281,0.968522340526158,0.693011879920959,0.693011879920959,1,22,22,FALSE,TRUE,TRUE,0.961016202589756
80,1634000,"1997-07-08",184.798077,0.964666840513829,1.02135050116555,1997,7,8,"Summer",0.961000782562281,0.968522340526158,0.693011879920959,0.693011879920959,1,22,22,FALSE,TRUE,TRUE,0.961016202589756
80,1634000,"1997-07-09",178.342703,0.965067959013448,1.00041581039461,1997,7,9,"Summer",0.961000782562281,0.968522340526158,0.693011879920959,0.693011879920959,1,22,22,FALSE,TRUE,TRUE,0.961016202589756
80,1634000,"1997-07-10",176.785119,0.991266342980122,1.02714667264827,1997,7,10,"Summer",0.961000782562281,0.968522340526158,0.693011879920959,0.693011879920959,1,22,22,FALSE,TRUE,TRUE,0.961016202589756
80,1634000,"1997-07-11",181.394078,1.02607096697998,1.03511127382295,1997,7,11,"Summer",0.961000782562281,0.968522340526158,0.693011879920959,0.693011879920959,1,22,22,FALSE,TRUE,TRUE,0.961016202589756
80,1634000,"1997-07-12",179.344533,0.988701147123447,0.963579692770649,1997,7,12,"Summer",0.961000782562281,0.968522340526158,0.693011879920959,0.693011879920959,1,22,22,FALSE,TRUE,TRUE,0.961016202589756
80,1634000,"1997-07-13",173.079079,0.965064705931125,0.976093442127492,1997,7,13,"Summer",0.961000782562281,0.968522340526158,0.693011879920959,0.693011879920959,1,22,22,FALSE,TRUE,TRUE,0.961016202589756
80,1634000,"1997-07-14",165.793419,0.957905599902112,0.992581734690933,1997,7,14,"Summer",0.961000782562281,0.968522340526158,0.693011879920959,0.693011879920959,1,22,22,FALSE,TRUE,TRUE,0.961016202589756
80,1634000,"1997-07-15",157.373787,0.949216126606328,0.990928674707955,1997,7,15,"Summer",0.961000782562281,0.968522340526158,0.693011879920959,0.693011879920959,1,22,22,FALSE,TRUE,TRUE,0.961016202589756
80,1634000,"1997-07-16",148.718316,0.945000554634934,0.995558891328084,1997,7,16,"Summer",0.961000782562281,0.968522340526158,0.693011879920959,0.693011879920959,1,22,22,FALSE,TRUE,TRUE,0.961016202589756
80,1634000,"1997-07-17",140.318426,0.943518120525249,0.998431287577119,1997,7,17,"Summer",0.961000782562281,0.968522340526158,0.693011879920959,0.693011879920959,1,22,22,FALSE,TRUE,TRUE,0.961016202589756
80,1634000,"1997-07-18",132.433135,0.943804308352205,1.00030331990529,1997,7,18,"Summer",0.961000782562281,0.968522340526158,0.693011879920959,0.693011879920959,1,22,22,FALSE,TRUE,TRUE,0.961016202589756
80,1634000,"1997-07-19",125.081794,0.944490168566953,1.00072669748239,1997,7,19,"Summer",0.961000782562281,0.968522340526158,0.693011879920959,0.693011879920959,1,22,22,FALSE,TRUE,TRUE,0.961016202589756
80,1634000,"1997-07-20",118.273622,0.94557024022217,1.00114354991842,1997,7,20,"Summer",0.961000782562281,0.968522340526158,0.693011879920959,0.693011879920959,1,22,22,FALSE,TRUE,TRUE,0.961016202589756
80,1634000,"1997-07-21",112.036686,0.947266889315354,1.00179431312557,1997,7,21,"Summer",0.961000782562281,0.968522340526158,0.693011879920959,0.693011879920959,1,22,22,FALSE,TRUE,TRUE,0.961016202589756
80,1634000,"1997-07-22",106.367453,0.949398422941571,1.0022501933196,1997,7,22,"Summer",0.961000782562281,0.968522340526158,0.693011879920959,0.693011879920959,1,22,22,FALSE,TRUE,TRUE,0.961016202589756
81,1634000,"1997-08-05",304.684699,0.964961513996071,1.08238682793583,1997,8,5,"Summer",0.92912279691599,0.994838611518892,0.444043636322021,0.0979937314987183,5,20,16,FALSE,TRUE,TRUE,0.92818113305584
81,1634000,"1997-08-06",300.812722,0.987291856096784,1.02314117379484,1997,8,6,"Summer",0.92912279691599,0.994838611518892,0.444043636322021,0.0979937314987183,5,20,16,FALSE,TRUE,TRUE,0.92818113305584
81,1634000,"1997-08-07",284.376845,0.945361762325996,0.957530193820745,1997,8,7,"Summer",0.92912279691599,0.994838611518892,0.444043636322021,0.0979937314987183,5,20,16,FALSE,TRUE,TRUE,0.92818113305584
81,1634000,"1997-08-08",268.876398,0.945493287261134,1.00013912656549,1997,8,8,"Summer",0.92912279691599,0.994838611518892,0.444043636322021,0.0979937314987183,5,20,16,FALSE,TRUE,TRUE,0.92818113305584
81,1634000,"1997-08-09",250.562397,0.9318869148195,0.985609234222013,1997,8,9,"Summer",0.92912279691599,0.994838611518892,0.444043636322021,0.0979937314987183,5,20,16,FALSE,TRUE,TRUE,0.92818113305584
81,1634000,"1997-08-10",231.760641,0.924961781076831,0.992568697303781,1997,8,10,"Summer",0.92912279691599,0.994838611518892,0.444043636322021,0.0979937314987183,5,20,16,FALSE,TRUE,TRUE,0.92818113305584
81,1634000,"1997-08-11",213.193577,0.919886897447785,0.994513412626479,1997,8,11,"Summer",0.92912279691599,0.994838611518892,0.444043636322021,0.0979937314987183,5,20,16,FALSE,TRUE,TRUE,0.92818113305584
81,1634000,"1997-08-12",195.479957,0.916912975290996,0.996767078469059,1997,8,12,"Summer",0.92912279691599,0.994838611518892,0.444043636322021,0.0979937314987183,5,20,16,FALSE,TRUE,TRUE,0.92818113305584
81,1634000,"1997-08-13",179.162307,0.916525201609288,0.999577087802052,1997,8,13,"Summer",0.92912279691599,0.994838611518892,0.444043636322021,0.0979937314987183,5,20,16,FALSE,TRUE,TRUE,0.92818113305584
81,1634000,"1997-08-14",164.63747,0.918929169627181,1.00262291534774,1997,8,14,"Summer",0.92912279691599,0.994838611518892,0.444043636322021,0.0979937314987183,5,20,16,FALSE,TRUE,TRUE,0.92818113305584
81,1634000,"1997-08-15",152.029426,0.923419352836265,1.00488632133737,1997,8,15,"Summer",0.92912279691599,0.994838611518892,0.444043636322021,0.0979937314987183,5,20,16,FALSE,TRUE,TRUE,0.92818113305584
81,1634000,"1997-08-16",141.070204,0.927913810580328,1.00486719032935,1997,8,16,"Summer",0.92912279691599,0.994838611518892,0.444043636322021,0.0979937314987183,5,20,16,FALSE,TRUE,TRUE,0.92818113305584
81,1634000,"1997-08-17",131.416411,0.931567455591118,1.0039374831683,1997,8,17,"Summer",0.92912279691599,0.994838611518892,0.444043636322021,0.0979937314987183,5,20,16,FALSE,TRUE,TRUE,0.92818113305584
81,1634000,"1997-08-18",122.84161,0.934750911741152,1.00341731146889,1997,8,18,"Summer",0.92912279691599,0.994838611518892,0.444043636322021,0.0979937314987183,5,20,16,FALSE,TRUE,TRUE,0.92818113305584
81,1634000,"1997-08-19",115.1433,0.937331414005401,1.00276063091443,1997,8,19,"Summer",0.92912279691599,0.994838611518892,0.444043636322021,0.0979937314987183,5,20,16,FALSE,TRUE,TRUE,0.92818113305584
81,1634000,"1997-08-20",108.217264,0.939848553932361,1.00268543216343,1997,8,20,"Summer",0.92912279691599,0.994838611518892,0.444043636322021,0.0979937314987183,5,20,16,FALSE,TRUE,TRUE,0.92818113305584
82,1634000,"1997-10-18",169.63444,0.949427381768616,1.00106055384023,1997,10,18,"Fall",0.940362955357045,0.993699123015794,1,2.38418579101562e-07,13,19,7,FALSE,TRUE,TRUE,0.971959512269894
82,1634000,"1997-10-19",165.661238,0.976577857656735,1.02859668512777,1997,10,19,"Fall",0.940362955357045,0.993699123015794,1,2.38418579101562e-07,13,19,7,FALSE,TRUE,TRUE,0.971959512269894
82,1634000,"1997-10-20",162.651442,0.981831621951298,1.00537977003407,1997,10,20,"Fall",0.940362955357045,0.993699123015794,1,2.38418579101562e-07,13,19,7,FALSE,TRUE,TRUE,0.971959512269894
82,1634000,"1997-10-21",157.149977,0.96617635274331,0.984055036670265,1997,10,21,"Fall",0.940362955357045,0.993699123015794,1,2.38418579101562e-07,13,19,7,FALSE,TRUE,TRUE,0.971959512269894
82,1634000,"1997-10-22",152.527048,0.970582693753751,1.00456059703586,1997,10,22,"Fall",0.940362955357045,0.993699123015794,1,2.38418579101562e-07,13,19,7,FALSE,TRUE,TRUE,0.971959512269894
82,1634000,"1997-10-23",147.992707,0.970271889088157,0.999679775182894,1997,10,23,"Fall",0.940362955357045,0.993699123015794,1,2.38418579101562e-07,13,19,7,FALSE,TRUE,TRUE,0.971959512269894
82,1634000,"1997-10-24",143.280713,0.968160633753392,0.997824058020737,1997,10,24,"Fall",0.940362955357045,0.993699123015794,1,2.38418579101562e-07,13,19,7,FALSE,TRUE,TRUE,0.971959512269894
83,1634000,"1998-05-17",1367.038329,0.876186979506769,0.995934698241827,1998,5,17,"Spring",0.943745208577019,0.990646249217502,0.338287830352783,0.0606248378753662,3,27,25,FALSE,TRUE,TRUE,0.946395069782512
83,1634000,"1998-05-18",1259.862689,0.921600120694202,1.05183042232949,1998,5,18,"Spring",0.943745208577019,0.990646249217502,0.338287830352783,0.0606248378753662,3,27,25,FALSE,TRUE,TRUE,0.946395069782512
83,1634000,"1998-05-19",1195.098069,0.948593905855402,1.02929012763243,1998,5,19,"Spring",0.943745208577019,0.990646249217502,0.338287830352783,0.0606248378753662,3,27,25,FALSE,TRUE,TRUE,0.946395069782512
83,1634000,"1998-05-20",1113.282272,0.931540516111402,0.982022454879022,1998,5,20,"Spring",0.943745208577019,0.990646249217502,0.338287830352783,0.0606248378753662,3,27,25,FALSE,TRUE,TRUE,0.946395069782512
83,1634000,"1998-05-21",1037.330963,0.931777132439598,1.00025400540728,1998,5,21,"Spring",0.943745208577019,0.990646249217502,0.338287830352783,0.0606248378753662,3,27,25,FALSE,TRUE,TRUE,0.946395069782512
83,1634000,"1998-05-22",950.430057,0.916226441608684,0.983310718529657,1998,5,22,"Spring",0.943745208577019,0.990646249217502,0.338287830352783,0.0606248378753662,3,27,25,FALSE,TRUE,TRUE,0.946395069782512
83,1634000,"1998-05-23",870.122151,0.915503612908151,0.999211080724472,1998,5,23,"Spring",0.943745208577019,0.990646249217502,0.338287830352783,0.0606248378753662,3,27,25,FALSE,TRUE,TRUE,0.946395069782512
83,1634000,"1998-05-24",802.239957,0.921985443167967,1.00708007065011,1998,5,24,"Spring",0.943745208577019,0.990646249217502,0.338287830352783,0.0606248378753662,3,27,25,FALSE,TRUE,TRUE,0.946395069782512
83,1634000,"1998-05-25",746.329741,0.930307365630256,1.00902608877825,1998,5,25,"Spring",0.943745208577019,0.990646249217502,0.338287830352783,0.0606248378753662,3,27,25,FALSE,TRUE,TRUE,0.946395069782512
83,1634000,"1998-05-26",749.047129,1.00364100189329,1.07882731984321,1998,5,26,"Spring",0.943745208577019,0.990646249217502,0.338287830352783,0.0606248378753662,3,27,25,FALSE,TRUE,TRUE,0.946395069782512
83,1634000,"1998-05-27",758.205803,1.01222709979842,1.00855494931846,1998,5,27,"Spring",0.943745208577019,0.990646249217502,0.338287830352783,0.0606248378753662,3,27,25,FALSE,TRUE,TRUE,0.946395069782512
83,1634000,"1998-05-28",721.82854,0.95202191429284,0.940522057236399,1998,5,28,"Spring",0.943745208577019,0.990646249217502,0.338287830352783,0.0606248378753662,3,27,25,FALSE,TRUE,TRUE,0.946395069782512
83,1634000,"1998-05-29",684.10632,0.947740747407965,0.995503079476846,1998,5,29,"Spring",0.943745208577019,0.990646249217502,0.338287830352783,0.0606248378753662,3,27,25,FALSE,TRUE,TRUE,0.946395069782512
83,1634000,"1998-05-30",645.738503,0.943915418001108,0.995963738588513,1998,5,30,"Spring",0.943745208577019,0.990646249217502,0.338287830352783,0.0606248378753662,3,27,25,FALSE,TRUE,TRUE,0.946395069782512
83,1634000,"1998-05-31",610.464787,0.945374612422639,1.00154589531403,1998,5,31,"Spring",0.943745208577019,0.990646249217502,0.338287830352783,0.0606248378753662,3,27,25,FALSE,TRUE,TRUE,0.946395069782512
83,1634000,"1998-06-01",577.278274,0.945637301762993,1.00027786798683,1998,6,1,"Summer",0.943745208577019,0.990646249217502,0.338287830352783,0.0606248378753662,3,27,25,FALSE,TRUE,TRUE,0.946395069782512
83,1634000,"1998-06-02",545.751957,0.945388007101753,0.999736373913366,1998,6,2,"Summer",0.943745208577019,0.990646249217502,0.338287830352783,0.0606248378753662,3,27,25,FALSE,TRUE,TRUE,0.946395069782512
83,1634000,"1998-06-03",515.113768,0.943860597095395,0.99838435648127,1998,6,3,"Summer",0.943745208577019,0.990646249217502,0.338287830352783,0.0606248378753662,3,27,25,FALSE,TRUE,TRUE,0.946395069782512
83,1634000,"1998-06-04",485.386772,0.942290426219009,0.998336437731147,1998,6,4,"Summer",0.943745208577019,0.990646249217502,0.338287830352783,0.0606248378753662,3,27,25,FALSE,TRUE,TRUE,0.946395069782512
83,1634000,"1998-06-05",456.830166,0.941167317184326,0.9988081073484,1998,6,5,"Summer",0.943745208577019,0.990646249217502,0.338287830352783,0.0606248378753662,3,27,25,FALSE,TRUE,TRUE,0.946395069782512
83,1634000,"1998-06-06",429.66264,0.940530358934309,0.99932322527739,1998,6,6,"Summer",0.943745208577019,0.990646249217502,0.338287830352783,0.0606248378753662,3,27,25,FALSE,TRUE,TRUE,0.946395069782512
83,1634000,"1998-06-07",404.07707,0.940451955515611,0.999916639140934,1998,6,7,"Summer",0.943745208577019,0.990646249217502,0.338287830352783,0.0606248378753662,3,27,25,FALSE,TRUE,TRUE,0.946395069782512
83,1634000,"1998-06-08",380.274891,0.941094952504976,1.00068371061977,1998,6,8,"Summer",0.943745208577019,0.990646249217502,0.338287830352783,0.0606248378753662,3,27,25,FALSE,TRUE,TRUE,0.946395069782512
83,1634000,"1998-06-09",358.349294,0.942342769615047,1.00132592052136,1998,6,9,"Summer",0.943745208577019,0.990646249217502,0.338287830352783,0.0606248378753662,3,27,25,FALSE,TRUE,TRUE,0.946395069782512
83,1634000,"1998-06-10",338.601676,0.944892822922654,1.00270607828683,1998,6,10,"Summer",0.943745208577019,0.990646249217502,0.338287830352783,0.0606248378753662,3,27,25,FALSE,TRUE,TRUE,0.946395069782512
84,1634000,"1998-06-26",679.787666,0.86750674755558,1.00200508100244,1998,6,26,"Summer",0.94754220174581,0.997277478944492,0.463147401809692,0.0260777473449707,6,50,45,FALSE,TRUE,TRUE,0.95096779585287
84,1634000,"1998-06-27",597.427118,0.878843715296241,1.01306844906118,1998,6,27,"Summer",0.94754220174581,0.997277478944492,0.463147401809692,0.0260777473449707,6,50,45,FALSE,TRUE,TRUE,0.95096779585287
84,1634000,"1998-06-28",531.885386,0.890293342860945,1.0130280587611,1998,6,28,"Summer",0.94754220174581,0.997277478944492,0.463147401809692,0.0260777473449707,6,50,45,FALSE,TRUE,TRUE,0.95096779585287
84,1634000,"1998-06-29",486.691382,0.915030558858032,1.02778546666158,1998,6,29,"Summer",0.94754220174581,0.997277478944492,0.463147401809692,0.0260777473449707,6,50,45,FALSE,TRUE,TRUE,0.95096779585287
84,1634000,"1998-06-30",466.95788,0.959453767356826,1.04854833324281,1998,6,30,"Summer",0.94754220174581,0.997277478944492,0.463147401809692,0.0260777473449707,6,50,45,FALSE,TRUE,TRUE,0.95096779585287
84,1634000,"1998-07-01",461.136166,0.987532678536231,1.02926551766716,1998,7,1,"Summer",0.94754220174581,0.997277478944492,0.463147401809692,0.0260777473449707,6,50,45,FALSE,TRUE,TRUE,0.95096779585287
84,1634000,"1998-07-02",464.028653,1.00627252255031,1.01897642925787,1998,7,2,"Summer",0.94754220174581,0.997277478944492,0.463147401809692,0.0260777473449707,6,50,45,FALSE,TRUE,TRUE,0.95096779585287
84,1634000,"1998-07-03",465.272104,1.00267968581673,0.996429558938489,1998,7,3,"Summer",0.94754220174581,0.997277478944492,0.463147401809692,0.0260777473449707,6,50,45,FALSE,TRUE,TRUE,0.95096779585287
84,1634000,"1998-07-04",450.033621,0.967248234164496,0.964663239762984,1998,7,4,"Summer",0.94754220174581,0.997277478944492,0.463147401809692,0.0260777473449707,6,50,45,FALSE,TRUE,TRUE,0.95096779585287
84,1634000,"1998-07-05",423.581695,0.941222333697597,0.973092842615133,1998,7,5,"Summer",0.94754220174581,0.997277478944492,0.463147401809692,0.0260777473449707,6,50,45,FALSE,TRUE,TRUE,0.95096779585287
84,1634000,"1998-07-06",392.993304,0.927786324666367,0.985724936021814,1998,7,6,"Summer",0.94754220174581,0.997277478944492,0.463147401809692,0.0260777473449707,6,50,45,FALSE,TRUE,TRUE,0.95096779585287
84,1634000,"1998-07-07",363.142996,0.924043723655912,0.995966095952319,1998,7,7,"Summer",0.94754220174581,0.997277478944492,0.463147401809692,0.0260777473449707,6,50,45,FALSE,TRUE,TRUE,0.95096779585287
84,1634000,"1998-07-08",335.613351,0.924190621041195,1.00015897233163,1998,7,8,"Summer",0.94754220174581,0.997277478944492,0.463147401809692,0.0260777473449707,6,50,45,FALSE,TRUE,TRUE,0.95096779585287
84,1634000,"1998-07-09",314.006088,0.935618583302426,1.0123653735507,1998,7,9,"Summer",0.94754220174581,0.997277478944492,0.463147401809692,0.0260777473449707,6,50,45,FALSE,TRUE,TRUE,0.95096779585287
84,1634000,"1998-07-10",297.344242,0.946937824976183,1.01209813686449,1998,7,10,"Summer",0.94754220174581,0.997277478944492,0.463147401809692,0.0260777473449707,6,50,45,FALSE,TRUE,TRUE,0.95096779585287
84,1634000,"1998-07-11",284.373167,0.956376908754803,1.00996800796172,1998,7,11,"Summer",0.94754220174581,0.997277478944492,0.463147401809692,0.0260777473449707,6,50,45,FALSE,TRUE,TRUE,0.95096779585287
84,1634000,"1998-07-12",274.032771,0.963637933532597,1.00759222092391,1998,7,12,"Summer",0.94754220174581,0.997277478944492,0.463147401809692,0.0260777473449707,6,50,45,FALSE,TRUE,TRUE,0.95096779585287
84,1634000,"1998-07-13",262.689958,0.9586078228578,0.994780082332005,1998,7,13,"Summer",0.94754220174581,0.997277478944492,0.463147401809692,0.0260777473449707,6,50,45,FALSE,TRUE,TRUE,0.95096779585287
84,1634000,"1998-07-14",250.521832,0.953678754632866,0.994858097224537,1998,7,14,"Summer",0.94754220174581,0.997277478944492,0.463147401809692,0.0260777473449707,6,50,45,FALSE,TRUE,TRUE,0.95096779585287
84,1634000,"1998-07-15",237.97167,0.94990391895266,0.996041816322458,1998,7,15,"Summer",0.94754220174581,0.997277478944492,0.463147401809692,0.0260777473449707,6,50,45,FALSE,TRUE,TRUE,0.95096779585287
84,1634000,"1998-07-16",225.622736,0.948107545742735,0.998108889568635,1998,7,16,"Summer",0.94754220174581,0.997277478944492,0.463147401809692,0.0260777473449707,6,50,45,FALSE,TRUE,TRUE,0.95096779585287
84,1634000,"1998-07-17",213.78562,0.94753580153376,0.999396962705822,1998,7,17,"Summer",0.94754220174581,0.997277478944492,0.463147401809692,0.0260777473449707,6,50,45,FALSE,TRUE,TRUE,0.95096779585287
84,1634000,"1998-07-18",202.61324,0.947740264289057,1.00021578367273,1998,7,18,"Summer",0.94754220174581,0.997277478944492,0.463147401809692,0.0260777473449707,6,50,45,FALSE,TRUE,TRUE,0.95096779585287
84,1634000,"1998-07-19",192.920321,0.95216048566224,1.00466395861792,1998,7,19,"Summer",0.94754220174581,0.997277478944492,0.463147401809692,0.0260777473449707,6,50,45,FALSE,TRUE,TRUE,0.95096779585287
84,1634000,"1998-07-20",185.056721,0.959239130646066,1.00743429819911,1998,7,20,"Summer",0.94754220174581,0.997277478944492,0.463147401809692,0.0260777473449707,6,50,45,FALSE,TRUE,TRUE,0.95096779585287
84,1634000,"1998-07-21",177.69993,0.960245750814962,1.00104939439681,1998,7,21,"Summer",0.94754220174581,0.997277478944492,0.463147401809692,0.0260777473449707,6,50,45,FALSE,TRUE,TRUE,0.95096779585287
84,1634000,"1998-07-22",169.904144,0.956129493129232,0.995713328924146,1998,7,22,"Summer",0.94754220174581,0.997277478944492,0.463147401809692,0.0260777473449707,6,50,45,FALSE,TRUE,TRUE,0.95096779585287
84,1634000,"1998-07-23",161.720346,0.951832852293467,0.995506214517343,1998,7,23,"Summer",0.94754220174581,0.997277478944492,0.463147401809692,0.0260777473449707,6,50,45,FALSE,TRUE,TRUE,0.95096779585287
84,1634000,"1998-07-24",153.406755,0.948592794873194,0.996595980678261,1998,7,24,"Summer",0.94754220174581,0.997277478944492,0.463147401809692,0.0260777473449707,6,50,45,FALSE,TRUE,TRUE,0.95096779585287
84,1634000,"1998-07-25",145.309644,0.947218028306511,0.998550730540951,1998,7,25,"Summer",0.94754220174581,0.997277478944492,0.463147401809692,0.0260777473449707,6,50,45,FALSE,TRUE,TRUE,0.95096779585287
84,1634000,"1998-07-26",137.548372,0.9465880461451,0.999334913248497,1998,7,26,"Summer",0.94754220174581,0.997277478944492,0.463147401809692,0.0260777473449707,6,50,45,FALSE,TRUE,TRUE,0.95096779585287
84,1634000,"1998-07-27",130.137879,0.946124458674073,0.999510254251662,1998,7,27,"Summer",0.94754220174581,0.997277478944492,0.463147401809692,0.0260777473449707,6,50,45,FALSE,TRUE,TRUE,0.95096779585287
84,1634000,"1998-07-28",123.092042,0.945858676550276,0.999719083339026,1998,7,28,"Summer",0.94754220174581,0.997277478944492,0.463147401809692,0.0260777473449707,6,50,45,FALSE,TRUE,TRUE,0.95096779585287
84,1634000,"1998-07-29",116.442716,0.945980862028432,1.00012917942308,1998,7,29,"Summer",0.94754220174581,0.997277478944492,0.463147401809692,0.0260777473449707,6,50,45,FALSE,TRUE,TRUE,0.95096779585287
84,1634000,"1998-07-30",110.191926,0.946318754708538,1.000357187649,1998,7,30,"Summer",0.94754220174581,0.997277478944492,0.463147401809692,0.0260777473449707,6,50,45,FALSE,TRUE,TRUE,0.95096779585287
84,1634000,"1998-07-31",104.2918,0.946455913657413,1.00014493948069,1998,7,31,"Summer",0.94754220174581,0.997277478944492,0.463147401809692,0.0260777473449707,6,50,45,FALSE,TRUE,TRUE,0.95096779585287
84,1634000,"1998-08-01",100.775371,0.966282785415536,1.02094854231668,1998,8,1,"Summer",0.94754220174581,0.997277478944492,0.463147401809692,0.0260777473449707,6,50,45,FALSE,TRUE,TRUE,0.95096779585287
84,1634000,"1998-08-02",97.512415,0.967621493549252,1.00138542065938,1998,8,2,"Summer",0.94754220174581,0.997277478944492,0.463147401809692,0.0260777473449707,6,50,45,FALSE,TRUE,TRUE,0.95096779585287
84,1634000,"1998-08-03",92.605402,0.94967806919765,0.981456153598051,1998,8,3,"Summer",0.94754220174581,0.997277478944492,0.463147401809692,0.0260777473449707,6,50,45,FALSE,TRUE,TRUE,0.95096779585287
84,1634000,"1998-08-04",88.086171,0.951199056400619,1.00160158189633,1998,8,4,"Summer",0.94754220174581,0.997277478944492,0.463147401809692,0.0260777473449707,6,50,45,FALSE,TRUE,TRUE,0.95096779585287
84,1634000,"1998-08-05",83.71671,0.950395607501205,0.999155330428465,1998,8,5,"Summer",0.94754220174581,0.997277478944492,0.463147401809692,0.0260777473449707,6,50,45,FALSE,TRUE,TRUE,0.95096779585287
84,1634000,"1998-08-06",79.51594,0.949821606701935,0.999396040138718,1998,8,6,"Summer",0.94754220174581,0.997277478944492,0.463147401809692,0.0260777473449707,6,50,45,FALSE,TRUE,TRUE,0.95096779585287
84,1634000,"1998-08-07",75.487594,0.949339138794058,0.999492043659069,1998,8,7,"Summer",0.94754220174581,0.997277478944492,0.463147401809692,0.0260777473449707,6,50,45,FALSE,TRUE,TRUE,0.95096779585287
84,1634000,"1998-08-08",71.628835,0.948882209704551,0.999518687188977,1998,8,8,"Summer",0.94754220174581,0.997277478944492,0.463147401809692,0.0260777473449707,6,50,45,FALSE,TRUE,TRUE,0.95096779585287
84,1634000,"1998-08-09",67.945169,0.948572861753231,0.999673986983679,1998,8,9,"Summer",0.94754220174581,0.997277478944492,0.463147401809692,0.0260777473449707,6,50,45,FALSE,TRUE,TRUE,0.95096779585287
85,1634000,"1998-08-23",211.36754,0.987318616629304,0.97744466493994,1998,8,23,"Summer",0.922461708070947,0.996455132079769,0.773080050945282,0.773080050945282,1,17,17,FALSE,TRUE,TRUE,0.922461708070947
85,1634000,"1998-08-24",204.69078,0.968411611357165,0.98085014811461,1998,8,24,"Summer",0.922461708070947,0.996455132079769,0.773080050945282,0.773080050945282,1,17,17,FALSE,TRUE,TRUE,0.922461708070947
85,1634000,"1998-08-25",194.936424,0.952345894622122,0.983410239461578,1998,8,25,"Summer",0.922461708070947,0.996455132079769,0.773080050945282,0.773080050945282,1,17,17,FALSE,TRUE,TRUE,0.922461708070947
85,1634000,"1998-08-26",182.852688,0.938011913053253,0.984948765307003,1998,8,26,"Summer",0.922461708070947,0.996455132079769,0.773080050945282,0.773080050945282,1,17,17,FALSE,TRUE,TRUE,0.922461708070947
85,1634000,"1998-08-27",169.242233,0.925566010820689,0.986731616028146,1998,8,27,"Summer",0.922461708070947,0.996455132079769,0.773080050945282,0.773080050945282,1,17,17,FALSE,TRUE,TRUE,0.922461708070947
85,1634000,"1998-08-28",155.123015,0.91657390859408,0.990284753198062,1998,8,28,"Summer",0.922461708070947,0.996455132079769,0.773080050945282,0.773080050945282,1,17,17,FALSE,TRUE,TRUE,0.922461708070947
85,1634000,"1998-08-29",141.524374,0.912336406045228,0.995376802122426,1998,8,29,"Summer",0.922461708070947,0.996455132079769,0.773080050945282,0.773080050945282,1,17,17,FALSE,TRUE,TRUE,0.922461708070947
85,1634000,"1998-08-30",129.064907,0.911962394548377,0.999590050890907,1998,8,30,"Summer",0.922461708070947,0.996455132079769,0.773080050945282,0.773080050945282,1,17,17,FALSE,TRUE,TRUE,0.922461708070947
85,1634000,"1998-08-31",117.914279,0.91360449359019,1.00180062144188,1998,8,31,"Summer",0.922461708070947,0.996455132079769,0.773080050945282,0.773080050945282,1,17,17,FALSE,TRUE,TRUE,0.922461708070947
85,1634000,"1998-09-01",108.026065,0.91614065672233,1.00277599677971,1998,9,1,"Fall",0.922461708070947,0.996455132079769,0.773080050945282,0.773080050945282,1,17,17,FALSE,TRUE,TRUE,0.922461708070947
85,1634000,"1998-09-02",99.22595,0.918537114167771,1.00261581824566,1998,9,2,"Fall",0.922461708070947,0.996455132079769,0.773080050945282,0.773080050945282,1,17,17,FALSE,TRUE,TRUE,0.922461708070947
85,1634000,"1998-09-03",91.37227,0.920850543632991,1.00251860205705,1998,9,3,"Fall",0.922461708070947,0.996455132079769,0.773080050945282,0.773080050945282,1,17,17,FALSE,TRUE,TRUE,0.922461708070947
85,1634000,"1998-09-04",84.343474,0.923075173682344,1.0024158426845,1998,9,4,"Fall",0.922461708070947,0.996455132079769,0.773080050945282,0.773080050945282,1,17,17,FALSE,TRUE,TRUE,0.922461708070947
85,1634000,"1998-09-05",78.041022,0.925276352738328,1.00238461516325,1998,9,5,"Fall",0.922461708070947,0.996455132079769,0.773080050945282,0.773080050945282,1,17,17,FALSE,TRUE,TRUE,0.922461708070947
85,1634000,"1998-09-06",72.420026,0.92797382894345,1.00291531951199,1998,9,6,"Fall",0.922461708070947,0.996455132079769,0.773080050945282,0.773080050945282,1,17,17,FALSE,TRUE,TRUE,0.922461708070947
85,1634000,"1998-09-07",67.399653,0.930677006384947,1.00291298887661,1998,9,7,"Fall",0.922461708070947,0.996455132079769,0.773080050945282,0.773080050945282,1,17,17,FALSE,TRUE,TRUE,0.922461708070947
85,1634000,"1998-09-08",62.923816,0.933592580958837,1.00313274589776,1998,9,8,"Fall",0.922461708070947,0.996455132079769,0.773080050945282,0.773080050945282,1,17,17,FALSE,TRUE,TRUE,0.922461708070947
86,1634000,"1998-09-23",60.556886,0.972344965142466,1.05624486680166,1998,9,23,"Fall",0.945962326403261,0.996224206178089,0.465512275695801,1.54972076416016e-06,8,16,9,FALSE,TRUE,TRUE,0.946001027869859
86,1634000,"1998-09-24",59.269561,0.978741889072698,1.00657886260489,1998,9,24,"Fall",0.945962326403261,0.996224206178089,0.465512275695801,1.54972076416016e-06,8,16,9,FALSE,TRUE,TRUE,0.946001027869859
86,1634000,"1998-09-25",55.604765,0.938167316609617,0.958544154576317,1998,9,25,"Fall",0.945962326403261,0.996224206178089,0.465512275695801,1.54972076416016e-06,8,16,9,FALSE,TRUE,TRUE,0.946001027869859
86,1634000,"1998-09-26",52.328449,0.941078502894491,1.00310305660124,1998,9,26,"Fall",0.945962326403261,0.996224206178089,0.465512275695801,1.54972076416016e-06,8,16,9,FALSE,TRUE,TRUE,0.946001027869859
86,1634000,"1998-09-27",49.28904,0.941916700034431,1.00089067717237,1998,9,27,"Fall",0.945962326403261,0.996224206178089,0.465512275695801,1.54972076416016e-06,8,16,9,FALSE,TRUE,TRUE,0.946001027869859
86,1634000,"1998-09-28",46.515496,0.943728991272705,1.00192404619029,1998,9,28,"Fall",0.945962326403261,0.996224206178089,0.465512275695801,1.54972076416016e-06,8,16,9,FALSE,TRUE,TRUE,0.946001027869859
86,1634000,"1998-09-29",43.996345,0.945842757432921,1.00223980208276,1998,9,29,"Fall",0.945962326403261,0.996224206178089,0.465512275695801,1.54972076416016e-06,8,16,9,FALSE,TRUE,TRUE,0.946001027869859
86,1634000,"1998-09-30",41.725344,0.948382053100093,1.00268469113626,1998,9,30,"Fall",0.945962326403261,0.996224206178089,0.465512275695801,1.54972076416016e-06,8,16,9,FALSE,TRUE,TRUE,0.946001027869859
86,1634000,"1998-10-01",39.672928,0.950811286301199,1.00256144999071,1998,10,1,"Fall",0.945962326403261,0.996224206178089,0.465512275695801,1.54972076416016e-06,8,16,9,FALSE,TRUE,TRUE,0.946001027869859
88,1634000,"1998-11-14",52.88942,0.991538999386885,0.976842954643365,1998,11,14,"Fall",0.962539910197859,0.991070621217364,0.315251588821411,0.315251588821411,1,25,25,FALSE,TRUE,TRUE,0.962539910197859
88,1634000,"1998-11-15",52.364813,0.990081059690199,0.998529619412259,1998,11,15,"Fall",0.962539910197859,0.991070621217364,0.315251588821411,0.315251588821411,1,25,25,FALSE,TRUE,TRUE,0.962539910197859
88,1634000,"1998-11-16",51.517334,0.983815868873627,0.993672042551211,1998,11,16,"Fall",0.962539910197859,0.991070621217364,0.315251588821411,0.315251588821411,1,25,25,FALSE,TRUE,TRUE,0.962539910197859
88,1634000,"1998-11-17",50.307579,0.976517515444413,0.992581585985628,1998,11,17,"Fall",0.962539910197859,0.991070621217364,0.315251588821411,0.315251588821411,1,25,25,FALSE,TRUE,TRUE,0.962539910197859
88,1634000,"1998-11-18",48.716807,0.968379078627497,0.991665856793964,1998,11,18,"Fall",0.962539910197859,0.991070621217364,0.315251588821411,0.315251588821411,1,25,25,FALSE,TRUE,TRUE,0.962539910197859
88,1634000,"1998-11-19",46.815672,0.960975788088903,0.992354966456848,1998,11,19,"Fall",0.962539910197859,0.991070621217364,0.315251588821411,0.315251588821411,1,25,25,FALSE,TRUE,TRUE,0.962539910197859
88,1634000,"1998-11-20",44.726938,0.955383872306692,0.994181002423244,1998,11,20,"Fall",0.962539910197859,0.991070621217364,0.315251588821411,0.315251588821411,1,25,25,FALSE,TRUE,TRUE,0.962539910197859
88,1634000,"1998-11-21",42.571509,0.951809153579885,0.996258343027943,1998,11,21,"Fall",0.962539910197859,0.991070621217364,0.315251588821411,0.315251588821411,1,25,25,FALSE,TRUE,TRUE,0.962539910197859
88,1634000,"1998-11-22",40.439662,0.949923151655254,0.998018508313838,1998,11,22,"Fall",0.962539910197859,0.991070621217364,0.315251588821411,0.315251588821411,1,25,25,FALSE,TRUE,TRUE,0.962539910197859
88,1634000,"1998-11-23",38.395505,0.949451679393364,0.999503673259181,1998,11,23,"Fall",0.962539910197859,0.991070621217364,0.315251588821411,0.315251588821411,1,25,25,FALSE,TRUE,TRUE,0.962539910197859
88,1634000,"1998-11-24",36.469893,0.949847983507444,1.00041740314192,1998,11,24,"Fall",0.962539910197859,0.991070621217364,0.315251588821411,0.315251588821411,1,25,25,FALSE,TRUE,TRUE,0.962539910197859
88,1634000,"1998-11-25",34.666523,0.950551815438559,1.00074099428891,1998,11,25,"Fall",0.962539910197859,0.991070621217364,0.315251588821411,0.315251588821411,1,25,25,FALSE,TRUE,TRUE,0.962539910197859
88,1634000,"1998-11-26",32.980575,0.951366683067696,1.00085725745394,1998,11,26,"Fall",0.962539910197859,0.991070621217364,0.315251588821411,0.315251588821411,1,25,25,FALSE,TRUE,TRUE,0.962539910197859
88,1634000,"1998-11-27",31.871909,0.966384273166856,1.01578528065618,1998,11,27,"Fall",0.962539910197859,0.991070621217364,0.315251588821411,0.315251588821411,1,25,25,FALSE,TRUE,TRUE,0.962539910197859
88,1634000,"1998-11-28",30.960521,0.971404662331334,1.00519502366075,1998,11,28,"Fall",0.962539910197859,0.991070621217364,0.315251588821411,0.315251588821411,1,25,25,FALSE,TRUE,TRUE,0.962539910197859
88,1634000,"1998-11-29",29.891042,0.965456685951764,0.993876932435866,1998,11,29,"Fall",0.962539910197859,0.991070621217364,0.315251588821411,0.315251588821411,1,25,25,FALSE,TRUE,TRUE,0.962539910197859
88,1634000,"1998-11-30",29.021634,0.970914095266401,1.00565267131509,1998,11,30,"Fall",0.962539910197859,0.991070621217364,0.315251588821411,0.315251588821411,1,25,25,FALSE,TRUE,TRUE,0.962539910197859
88,1634000,"1998-12-01",28.229716,0.972712838980741,1.00185262910808,1998,12,1,"Winter",0.962539910197859,0.991070621217364,0.315251588821411,0.315251588821411,1,25,25,FALSE,TRUE,TRUE,0.962539910197859
88,1634000,"1998-12-02",27.439288,0.972000143394996,0.999267311423079,1998,12,2,"Winter",0.962539910197859,0.991070621217364,0.315251588821411,0.315251588821411,1,25,25,FALSE,TRUE,TRUE,0.962539910197859
88,1634000,"1998-12-03",26.645878,0.971084891123997,0.999058382576157,1998,12,3,"Winter",0.962539910197859,0.991070621217364,0.315251588821411,0.315251588821411,1,25,25,FALSE,TRUE,TRUE,0.962539910197859
88,1634000,"1998-12-04",25.821968,0.969079269971888,0.997934659296586,1998,12,4,"Winter",0.962539910197859,0.991070621217364,0.315251588821411,0.315251588821411,1,25,25,FALSE,TRUE,TRUE,0.962539910197859
88,1634000,"1998-12-05",24.970539,0.967026951625066,0.99788219765873,1998,12,5,"Winter",0.962539910197859,0.991070621217364,0.315251588821411,0.315251588821411,1,25,25,FALSE,TRUE,TRUE,0.962539910197859
88,1634000,"1998-12-06",24.106851,0.965411719787066,0.998329693050141,1998,12,6,"Winter",0.962539910197859,0.991070621217364,0.315251588821411,0.315251588821411,1,25,25,FALSE,TRUE,TRUE,0.962539910197859
88,1634000,"1998-12-07",23.249003,0.964414763255474,0.998967325016718,1998,12,7,"Winter",0.962539910197859,0.991070621217364,0.315251588821411,0.315251588821411,1,25,25,FALSE,TRUE,TRUE,0.962539910197859
88,1634000,"1998-12-08",22.409395,0.963886279338516,0.999452015940554,1998,12,8,"Winter",0.962539910197859,0.991070621217364,0.315251588821411,0.315251588821411,1,25,25,FALSE,TRUE,TRUE,0.962539910197859
89,1634000,"1998-12-29",101.86485,0.959086946752354,1.00352501921358,1998,12,29,"Winter",0.96497087653729,0.747851575990994,1,0.00025022029876709,10,15,6,FALSE,TRUE,TRUE,0.989678586033789
89,1634000,"1998-12-30",100.846891,0.990006768772545,1.03223881017763,1998,12,30,"Winter",0.96497087653729,0.747851575990994,1,0.00025022029876709,10,15,6,FALSE,TRUE,TRUE,0.989678586033789
89,1634000,"1998-12-31",101.726292,1.00872015975188,1.01890228589299,1998,12,31,"Winter",0.96497087653729,0.747851575990994,1,0.00025022029876709,10,15,6,FALSE,TRUE,TRUE,0.989678586033789
89,1634000,"1999-01-01",100.803327,0.99092697687241,0.982360635199516,1999,1,1,"Winter",0.96497087653729,0.747851575990994,1,0.00025022029876709,10,15,6,FALSE,TRUE,TRUE,0.989678586033789
89,1634000,"1999-01-02",98.807648,0.980202250665794,0.989177077164187,1999,1,2,"Winter",0.96497087653729,0.747851575990994,1,0.00025022029876709,10,15,6,FALSE,TRUE,TRUE,0.989678586033789
89,1634000,"1999-01-03",96.072348,0.972316920244878,0.991955404697796,1999,1,3,"Winter",0.96497087653729,0.747851575990994,1,0.00025022029876709,10,15,6,FALSE,TRUE,TRUE,0.989678586033789
90,1634000,"1999-02-05",759.747848,0.998500630908961,1.00660872340664,1999,2,5,"Winter",0.971972623827435,0.996584311759902,0.826665937900543,0.826665937900543,1,14,14,FALSE,TRUE,TRUE,0.971972623827435
90,1634000,"1999-02-06",750.152914,0.98737089677153,0.988853553224799,1999,2,6,"Winter",0.971972623827435,0.996584311759902,0.826665937900543,0.826665937900543,1,14,14,FALSE,TRUE,TRUE,0.971972623827435
90,1634000,"1999-02-07",724.410442,0.965683700590144,0.978035410753651,1999,2,7,"Winter",0.971972623827435,0.996584311759902,0.826665937900543,0.826665937900543,1,14,14,FALSE,TRUE,TRUE,0.971972623827435
90,1634000,"1999-02-08",694.958358,0.959343374567204,0.99343436570477,1999,2,8,"Winter",0.971972623827435,0.996584311759902,0.826665937900543,0.826665937900543,1,14,14,FALSE,TRUE,TRUE,0.971972623827435
90,1634000,"1999-02-09",672.772482,0.968075963480966,1.00910267287529,1999,2,9,"Winter",0.971972623827435,0.996584311759902,0.826665937900543,0.826665937900543,1,14,14,FALSE,TRUE,TRUE,0.971972623827435
90,1634000,"1999-02-10",655.228832,0.973923353779503,1.00604021845301,1999,2,10,"Winter",0.971972623827435,0.996584311759902,0.826665937900543,0.826665937900543,1,14,14,FALSE,TRUE,TRUE,0.971972623827435
90,1634000,"1999-02-11",638.633861,0.974673014694201,1.00076973296902,1999,2,11,"Winter",0.971972623827435,0.996584311759902,0.826665937900543,0.826665937900543,1,14,14,FALSE,TRUE,TRUE,0.971972623827435
90,1634000,"1999-02-12",622.314771,0.974446876376948,0.999767985453743,1999,2,12,"Winter",0.971972623827435,0.996584311759902,0.826665937900543,0.826665937900543,1,14,14,FALSE,TRUE,TRUE,0.971972623827435
90,1634000,"1999-02-13",601.778056,0.966999473647396,0.992357302475799,1999,2,13,"Winter",0.971972623827435,0.996584311759902,0.826665937900543,0.826665937900543,1,14,14,FALSE,TRUE,TRUE,0.971972623827435
90,1634000,"1999-02-14",588.95405,0.978689807858331,1.0120892870467,1999,2,14,"Winter",0.971972623827435,0.996584311759902,0.826665937900543,0.826665937900543,1,14,14,FALSE,TRUE,TRUE,0.971972623827435
90,1634000,"1999-02-15",577.725244,0.980934325861245,1.0022933905972,1999,2,15,"Winter",0.971972623827435,0.996584311759902,0.826665937900543,0.826665937900543,1,14,14,FALSE,TRUE,TRUE,0.971972623827435
90,1634000,"1999-02-16",559.907777,0.969159272188563,0.987996083568242,1999,2,16,"Winter",0.971972623827435,0.996584311759902,0.826665937900543,0.826665937900543,1,14,14,FALSE,TRUE,TRUE,0.971972623827435
90,1634000,"1999-02-17",541.838423,0.967727981745822,0.998523162823889,1999,2,17,"Winter",0.971972623827435,0.996584311759902,0.826665937900543,0.826665937900543,1,14,14,FALSE,TRUE,TRUE,0.971972623827435
90,1634000,"1999-02-18",525.262201,0.969407444551048,1.00173546992224,1999,2,18,"Winter",0.971972623827435,0.996584311759902,0.826665937900543,0.826665937900543,1,14,14,FALSE,TRUE,TRUE,0.971972623827435
92,1634000,"1999-04-16",601.584756,0.950489733838514,0.981009308915928,1999,4,16,"Spring",0.967576595553256,0.95194519623663,0.957874536514282,0.957874536514282,1,23,23,FALSE,TRUE,TRUE,0.967396027996046
92,1634000,"1999-04-17",567.783453,0.943812899740432,0.992975374840591,1999,4,17,"Spring",0.967576595553256,0.95194519623663,0.957874536514282,0.957874536514282,1,23,23,FALSE,TRUE,TRUE,0.967396027996046
92,1634000,"1999-04-18",536.445591,0.944806665579245,1.00105292673907,1999,4,18,"Spring",0.967576595553256,0.95194519623663,0.957874536514282,0.957874536514282,1,23,23,FALSE,TRUE,TRUE,0.967396027996046
92,1634000,"1999-04-19",509.092183,0.949009911799238,1.00444878976104,1999,4,19,"Spring",0.967576595553256,0.95194519623663,0.957874536514282,0.957874536514282,1,23,23,FALSE,TRUE,TRUE,0.967396027996046
92,1634000,"1999-04-20",485.340434,0.953344895496068,1.00456790139168,1999,4,20,"Spring",0.967576595553256,0.95194519623663,0.957874536514282,0.957874536514282,1,23,23,FALSE,TRUE,TRUE,0.967396027996046
92,1634000,"1999-04-21",463.840993,0.955702349332798,1.00247282368413,1999,4,21,"Spring",0.967576595553256,0.95194519623663,0.957874536514282,0.957874536514282,1,23,23,FALSE,TRUE,TRUE,0.967396027996046
92,1634000,"1999-04-22",452.202881,0.9749092637873,1.02009717195726,1999,4,22,"Spring",0.967576595553256,0.95194519623663,0.957874536514282,0.957874536514282,1,23,23,FALSE,TRUE,TRUE,0.967396027996046
92,1634000,"1999-04-23",445.426948,0.985015723506635,1.01036656445347,1999,4,23,"Spring",0.967576595553256,0.95194519623663,0.957874536514282,0.957874536514282,1,23,23,FALSE,TRUE,TRUE,0.967396027996046
92,1634000,"1999-04-24",441.215633,0.990545441808339,1.00561383759644,1999,4,24,"Spring",0.967576595553256,0.95194519623663,0.957874536514282,0.957874536514282,1,23,23,FALSE,TRUE,TRUE,0.967396027996046
92,1634000,"1999-04-25",451.261825,1.02276934734087,1.03253147626797,1999,4,25,"Spring",0.967576595553256,0.95194519623663,0.957874536514282,0.957874536514282,1,23,23,FALSE,TRUE,TRUE,0.967396027996046
92,1634000,"1999-04-26",454.89833,1.00805852566855,0.985616677200419,1999,4,26,"Spring",0.967576595553256,0.95194519623663,0.957874536514282,0.957874536514282,1,23,23,FALSE,TRUE,TRUE,0.967396027996046
92,1634000,"1999-04-27",442.614932,0.972997487152789,0.965219243106435,1999,4,27,"Spring",0.967576595553256,0.95194519623663,0.957874536514282,0.957874536514282,1,23,23,FALSE,TRUE,TRUE,0.967396027996046
92,1634000,"1999-04-28",426.2364,0.962995979539163,0.989720931712894,1999,4,28,"Spring",0.967576595553256,0.95194519623663,0.957874536514282,0.957874536514282,1,23,23,FALSE,TRUE,TRUE,0.967396027996046
92,1634000,"1999-04-29",406.825457,0.954459677775056,0.991135682863192,1999,4,29,"Spring",0.967576595553256,0.95194519623663,0.957874536514282,0.957874536514282,1,23,23,FALSE,TRUE,TRUE,0.967396027996046
92,1634000,"1999-04-30",387.168611,0.951682359936488,0.997090167449459,1999,4,30,"Spring",0.967576595553256,0.95194519623663,0.957874536514282,0.957874536514282,1,23,23,FALSE,TRUE,TRUE,0.967396027996046
92,1634000,"1999-05-01",368.417117,0.951567628502818,0.999879443563841,1999,5,1,"Spring",0.967576595553256,0.95194519623663,0.957874536514282,0.957874536514282,1,23,23,FALSE,TRUE,TRUE,0.967396027996046
92,1634000,"1999-05-02",350.883235,0.952407526168226,1.00088264631987,1999,5,2,"Spring",0.967576595553256,0.95194519623663,0.957874536514282,0.957874536514282,1,23,23,FALSE,TRUE,TRUE,0.967396027996046
92,1634000,"1999-05-03",334.469379,0.953221315917245,1.00085445539505,1999,5,3,"Spring",0.967576595553256,0.95194519623663,0.957874536514282,0.957874536514282,1,23,23,FALSE,TRUE,TRUE,0.967396027996046
92,1634000,"1999-05-04",319.020968,0.953812181413474,1.00061986181631,1999,5,4,"Spring",0.967576595553256,0.95194519623663,0.957874536514282,0.957874536514282,1,23,23,FALSE,TRUE,TRUE,0.967396027996046
92,1634000,"1999-05-05",304.344404,0.953994986310743,1.00019165712163,1999,5,5,"Spring",0.967576595553256,0.95194519623663,0.957874536514282,0.957874536514282,1,23,23,FALSE,TRUE,TRUE,0.967396027996046
92,1634000,"1999-05-06",290.221777,0.953596560954017,0.999582361162854,1999,5,6,"Spring",0.967576595553256,0.95194519623663,0.957874536514282,0.957874536514282,1,23,23,FALSE,TRUE,TRUE,0.967396027996046
92,1634000,"1999-05-07",276.428633,0.952473780077503,0.998822582921869,1999,5,7,"Spring",0.967576595553256,0.95194519623663,0.957874536514282,0.957874536514282,1,23,23,FALSE,TRUE,TRUE,0.967396027996046
92,1634000,"1999-05-08",262.765304,0.950571947443664,0.998003270353874,1999,5,8,"Spring",0.967576595553256,0.95194519623663,0.957874536514282,0.957874536514282,1,23,23,FALSE,TRUE,TRUE,0.967396027996046
93,1634000,"1999-05-21",392.638568,0.94354955794888,0.974001038437003,1999,5,21,"Spring",0.948379176978225,0.939417017030164,0.921310901641846,0.921310901641846,1,28,28,FALSE,TRUE,TRUE,0.94745405422113
93,1634000,"1999-05-22",366.537464,0.933523840683934,0.989374466682237,1999,5,22,"Spring",0.948379176978225,0.939417017030164,0.921310901641846,0.921310901641846,1,28,28,FALSE,TRUE,TRUE,0.94745405422113
93,1634000,"1999-05-23",345.090873,0.941488679585561,1.00853201445374,1999,5,23,"Spring",0.948379176978225,0.939417017030164,0.921310901641846,0.921310901641846,1,28,28,FALSE,TRUE,TRUE,0.94745405422113
93,1634000,"1999-05-24",374.390907,1.0849052707343,1.15232959700787,1999,5,24,"Spring",0.948379176978225,0.939417017030164,0.921310901641846,0.921310901641846,1,28,28,FALSE,TRUE,TRUE,0.94745405422113
93,1634000,"1999-05-25",412.46935,1.10170771321644,1.01548747428499,1999,5,25,"Spring",0.948379176978225,0.939417017030164,0.921310901641846,0.921310901641846,1,28,28,FALSE,TRUE,TRUE,0.94745405422113
93,1634000,"1999-05-26",414.805812,1.00566457119784,0.912823391479934,1999,5,26,"Spring",0.948379176978225,0.939417017030164,0.921310901641846,0.921310901641846,1,28,28,FALSE,TRUE,TRUE,0.94745405422113
93,1634000,"1999-05-27",411.571453,0.992202715327431,0.986613970248181,1999,5,27,"Spring",0.948379176978225,0.939417017030164,0.921310901641846,0.921310901641846,1,28,28,FALSE,TRUE,TRUE,0.94745405422113
93,1634000,"1999-05-28",393.659695,0.95647959092051,0.963996143272867,1999,5,28,"Spring",0.948379176978225,0.939417017030164,0.921310901641846,0.921310901641846,1,28,28,FALSE,TRUE,TRUE,0.94745405422113
93,1634000,"1999-05-29",369.791856,0.939369360635205,0.982111243723624,1999,5,29,"Spring",0.948379176978225,0.939417017030164,0.921310901641846,0.921310901641846,1,28,28,FALSE,TRUE,TRUE,0.94745405422113
93,1634000,"1999-05-30",345.40041,0.934040067123598,0.994326732662428,1999,5,30,"Spring",0.948379176978225,0.939417017030164,0.921310901641846,0.921310901641846,1,28,28,FALSE,TRUE,TRUE,0.94745405422113
93,1634000,"1999-05-31",322.47515,0.933627004090701,0.999557767329865,1999,5,31,"Spring",0.948379176978225,0.939417017030164,0.921310901641846,0.921310901641846,1,28,28,FALSE,TRUE,TRUE,0.94745405422113
93,1634000,"1999-06-01",301.188085,0.933988510432509,1.00038720638994,1999,6,1,"Summer",0.948379176978225,0.939417017030164,0.921310901641846,0.921310901641846,1,28,28,FALSE,TRUE,TRUE,0.94745405422113
93,1634000,"1999-06-02",281.199937,0.933635661583359,0.999622212858928,1999,6,2,"Summer",0.948379176978225,0.939417017030164,0.921310901641846,0.921310901641846,1,28,28,FALSE,TRUE,TRUE,0.94745405422113
93,1634000,"1999-06-03",262.157014,0.932279775012894,0.998547734811066,1999,6,3,"Summer",0.948379176978225,0.939417017030164,0.921310901641846,0.921310901641846,1,28,28,FALSE,TRUE,TRUE,0.94745405422113
93,1634000,"1999-06-04",243.948106,0.930541976649154,0.998135969040285,1999,6,4,"Summer",0.948379176978225,0.939417017030164,0.921310901641846,0.921310901641846,1,28,28,FALSE,TRUE,TRUE,0.94745405422113
93,1634000,"1999-06-05",226.771688,0.929589869412637,0.998976825054205,1999,6,5,"Summer",0.948379176978225,0.939417017030164,0.921310901641846,0.921310901641846,1,28,28,FALSE,TRUE,TRUE,0.94745405422113
93,1634000,"1999-06-06",211.019334,0.930536505068481,1.00101833688919,1999,6,6,"Summer",0.948379176978225,0.939417017030164,0.921310901641846,0.921310901641846,1,28,28,FALSE,TRUE,TRUE,0.94745405422113
93,1634000,"1999-06-07",196.888408,0.933034922762101,1.0026849217414,1999,6,7,"Summer",0.948379176978225,0.939417017030164,0.921310901641846,0.921310901641846,1,28,28,FALSE,TRUE,TRUE,0.94745405422113
93,1634000,"1999-06-08",184.25849,0.935852404271561,1.00301969566275,1999,6,8,"Summer",0.948379176978225,0.939417017030164,0.921310901641846,0.921310901641846,1,28,28,FALSE,TRUE,TRUE,0.94745405422113
93,1634000,"1999-06-09",172.847403,0.938070224064031,1.00236983928486,1999,6,9,"Summer",0.948379176978225,0.939417017030164,0.921310901641846,0.921310901641846,1,28,28,FALSE,TRUE,TRUE,0.94745405422113
93,1634000,"1999-06-10",162.376829,0.939423018117316,1.00144210318011,1999,6,10,"Summer",0.948379176978225,0.939417017030164,0.921310901641846,0.921310901641846,1,28,28,FALSE,TRUE,TRUE,0.94745405422113
93,1634000,"1999-06-11",152.651724,0.940107803189087,1.00072894218958,1999,6,11,"Summer",0.948379176978225,0.939417017030164,0.921310901641846,0.921310901641846,1,28,28,FALSE,TRUE,TRUE,0.94745405422113
93,1634000,"1999-06-12",143.569787,0.940505506508397,1.00042304012153,1999,6,12,"Summer",0.948379176978225,0.939417017030164,0.921310901641846,0.921310901641846,1,28,28,FALSE,TRUE,TRUE,0.94745405422113
93,1634000,"1999-06-13",135.102778,0.941025133651553,1.00055249771486,1999,6,13,"Summer",0.948379176978225,0.939417017030164,0.921310901641846,0.921310901641846,1,28,28,FALSE,TRUE,TRUE,0.94745405422113
93,1634000,"1999-06-14",127.236801,0.94177782932043,1.00079986776332,1999,6,14,"Summer",0.948379176978225,0.939417017030164,0.921310901641846,0.921310901641846,1,28,28,FALSE,TRUE,TRUE,0.94745405422113
93,1634000,"1999-06-15",119.880452,0.942183794765478,1.00043106286048,1999,6,15,"Summer",0.948379176978225,0.939417017030164,0.921310901641846,0.921310901641846,1,28,28,FALSE,TRUE,TRUE,0.94745405422113
93,1634000,"1999-06-16",112.981719,0.942453228321161,1.0002859670875,1999,6,16,"Summer",0.948379176978225,0.939417017030164,0.921310901641846,0.921310901641846,1,28,28,FALSE,TRUE,TRUE,0.94745405422113
93,1634000,"1999-06-17",106.520272,0.942809800937796,1.00037834515912,1999,6,17,"Summer",0.948379176978225,0.939417017030164,0.921310901641846,0.921310901641846,1,28,28,FALSE,TRUE,TRUE,0.94745405422113
94,1634000,"1999-07-02",68.428045,0.945728504091592,1.00752015685475,1999,7,2,"Summer",0.968992597615241,0.985997082217911,0.31452488899231,0.00112736225128174,11,30,20,FALSE,TRUE,TRUE,0.95623688240357
94,1634000,"1999-07-03",66.903411,0.977719164707979,1.03382647395948,1999,7,3,"Summer",0.968992597615241,0.985997082217911,0.31452488899231,0.00112736225128174,11,30,20,FALSE,TRUE,TRUE,0.95623688240357
94,1634000,"1999-07-04",66.837565,0.9990158050387,1.02178196060735,1999,7,4,"Summer",0.968992597615241,0.985997082217911,0.31452488899231,0.00112736225128174,11,30,20,FALSE,TRUE,TRUE,0.95623688240357
94,1634000,"1999-07-05",64.759629,0.968910656754177,0.969865193190456,1999,7,5,"Summer",0.968992597615241,0.985997082217911,0.31452488899231,0.00112736225128174,11,30,20,FALSE,TRUE,TRUE,0.95623688240357
94,1634000,"1999-07-06",61.020951,0.942268384520856,0.972502859734692,1999,7,6,"Summer",0.968992597615241,0.985997082217911,0.31452488899231,0.00112736225128174,11,30,20,FALSE,TRUE,TRUE,0.95623688240357
94,1634000,"1999-07-07",57.33119,0.93953288273072,0.997096897407284,1999,7,7,"Summer",0.968992597615241,0.985997082217911,0.31452488899231,0.00112736225128174,11,30,20,FALSE,TRUE,TRUE,0.95623688240357
94,1634000,"1999-07-08",53.686235,0.936422826737069,0.99668978483796,1999,7,8,"Summer",0.968992597615241,0.985997082217911,0.31452488899231,0.00112736225128174,11,30,20,FALSE,TRUE,TRUE,0.95623688240357
94,1634000,"1999-07-09",50.384573,0.938500772125294,1.00221902470646,1999,7,9,"Summer",0.968992597615241,0.985997082217911,0.31452488899231,0.00112736225128174,11,30,20,FALSE,TRUE,TRUE,0.95623688240357
94,1634000,"1999-07-10",47.612414,0.944980004097683,1.00690381101948,1999,7,10,"Summer",0.968992597615241,0.985997082217911,0.31452488899231,0.00112736225128174,11,30,20,FALSE,TRUE,TRUE,0.95623688240357
94,1634000,"1999-07-11",45.185779,0.949033565069816,1.00428957327621,1999,7,11,"Summer",0.968992597615241,0.985997082217911,0.31452488899231,0.00112736225128174,11,30,20,FALSE,TRUE,TRUE,0.95623688240357
94,1634000,"1999-07-12",42.940683,0.950314102142623,1.00134930641016,1999,7,12,"Summer",0.968992597615241,0.985997082217911,0.31452488899231,0.00112736225128174,11,30,20,FALSE,TRUE,TRUE,0.95623688240357
94,1634000,"1999-07-13",40.982043,0.954387311445419,1.00428617158644,1999,7,13,"Summer",0.968992597615241,0.985997082217911,0.31452488899231,0.00112736225128174,11,30,20,FALSE,TRUE,TRUE,0.95623688240357
94,1634000,"1999-07-14",39.40092,0.961419126908827,1.00736788448367,1999,7,14,"Summer",0.968992597615241,0.985997082217911,0.31452488899231,0.00112736225128174,11,30,20,FALSE,TRUE,TRUE,0.95623688240357
94,1634000,"1999-07-15",38.267069,0.971222727794173,1.01019701045148,1999,7,15,"Summer",0.968992597615241,0.985997082217911,0.31452488899231,0.00112736225128174,11,30,20,FALSE,TRUE,TRUE,0.95623688240357
94,1634000,"1999-07-16",37.318793,0.975219528833003,1.00411522601814,1999,7,16,"Summer",0.968992597615241,0.985997082217911,0.31452488899231,0.00112736225128174,11,30,20,FALSE,TRUE,TRUE,0.95623688240357
94,1634000,"1999-07-17",36.214313,0.970404187509494,0.99506230014767,1999,7,17,"Summer",0.968992597615241,0.985997082217911,0.31452488899231,0.00112736225128174,11,30,20,FALSE,TRUE,TRUE,0.95623688240357
94,1634000,"1999-07-18",34.9703,0.965648582095151,0.995099356046115,1999,7,18,"Summer",0.968992597615241,0.985997082217911,0.31452488899231,0.00112736225128174,11,30,20,FALSE,TRUE,TRUE,0.95623688240357
94,1634000,"1999-07-19",33.633708,0.961779224084437,0.995992995710387,1999,7,19,"Summer",0.968992597615241,0.985997082217911,0.31452488899231,0.00112736225128174,11,30,20,FALSE,TRUE,TRUE,0.95623688240357
94,1634000,"1999-07-20",32.266276,0.959343406323204,0.997467383677837,1999,7,20,"Summer",0.968992597615241,0.985997082217911,0.31452488899231,0.00112736225128174,11,30,20,FALSE,TRUE,TRUE,0.95623688240357
94,1634000,"1999-07-21",30.901019,0.95768780382341,0.998274233721854,1999,7,21,"Summer",0.968992597615241,0.985997082217911,0.31452488899231,0.00112736225128174,11,30,20,FALSE,TRUE,TRUE,0.95623688240357
95,1634000,"1999-10-07",1325.229771,0.96170492685279,0.995732634941864,1999,10,7,"Fall",0.957394869314222,0.965477629153928,0.478451728820801,0.478451728820801,1,27,27,FALSE,TRUE,TRUE,0.955791380239781
95,1634000,"1999-10-08",1192.2988,0.899692133463247,0.935517858276466,1999,10,8,"Fall",0.957394869314222,0.965477629153928,0.478451728820801,0.478451728820801,1,27,27,FALSE,TRUE,TRUE,0.955791380239781
95,1634000,"1999-10-09",1037.814985,0.87043196302806,0.967477574442544,1999,10,9,"Fall",0.957394869314222,0.965477629153928,0.478451728820801,0.478451728820801,1,27,27,FALSE,TRUE,TRUE,0.955791380239781
95,1634000,"1999-10-10",896.035775,0.863386815521844,0.991906147975418,1999,10,10,"Fall",0.957394869314222,0.965477629153928,0.478451728820801,0.478451728820801,1,27,27,FALSE,TRUE,TRUE,0.955791380239781
95,1634000,"1999-10-11",870.980351,0.972037473615381,1.1258423873752,1999,10,11,"Fall",0.957394869314222,0.965477629153928,0.478451728820801,0.478451728820801,1,27,27,FALSE,TRUE,TRUE,0.955791380239781
95,1634000,"1999-10-12",895.232064,1.02784415626846,1.05741206915152,1999,10,12,"Fall",0.957394869314222,0.965477629153928,0.478451728820801,0.478451728820801,1,27,27,FALSE,TRUE,TRUE,0.955791380239781
95,1634000,"1999-10-13",878.460324,0.981265483359631,0.954683136908684,1999,10,13,"Fall",0.957394869314222,0.965477629153928,0.478451728820801,0.478451728820801,1,27,27,FALSE,TRUE,TRUE,0.955791380239781
95,1634000,"1999-10-14",843.51018,0.9602143169758,0.978546920542078,1999,10,14,"Fall",0.957394869314222,0.965477629153928,0.478451728820801,0.478451728820801,1,27,27,FALSE,TRUE,TRUE,0.955791380239781
95,1634000,"1999-10-15",782.533141,0.927710369778821,0.966149278736699,1999,10,15,"Fall",0.957394869314222,0.965477629153928,0.478451728820801,0.478451728820801,1,27,27,FALSE,TRUE,TRUE,0.955791380239781
95,1634000,"1999-10-16",718.170457,0.917750852164867,0.989264410597967,1999,10,16,"Fall",0.957394869314222,0.965477629153928,0.478451728820801,0.478451728820801,1,27,27,FALSE,TRUE,TRUE,0.955791380239781
95,1634000,"1999-10-17",662.132913,0.92197180564335,1.00459923678472,1999,10,17,"Fall",0.957394869314222,0.965477629153928,0.478451728820801,0.478451728820801,1,27,27,FALSE,TRUE,TRUE,0.955791380239781
95,1634000,"1999-10-18",616.69443,0.931375586218594,1.01019964007325,1999,10,18,"Fall",0.957394869314222,0.965477629153928,0.478451728820801,0.478451728820801,1,27,27,FALSE,TRUE,TRUE,0.955791380239781
95,1634000,"1999-10-19",579.992631,0.940486248594786,1.00978194244191,1999,10,19,"Fall",0.957394869314222,0.965477629153928,0.478451728820801,0.478451728820801,1,27,27,FALSE,TRUE,TRUE,0.955791380239781
95,1634000,"1999-10-20",549.547119,0.947507070999321,1.00746509841587,1999,10,20,"Fall",0.957394869314222,0.965477629153928,0.478451728820801,0.478451728820801,1,27,27,FALSE,TRUE,TRUE,0.955791380239781
95,1634000,"1999-10-21",537.923847,0.978849362323743,1.03307868857524,1999,10,21,"Fall",0.957394869314222,0.965477629153928,0.478451728820801,0.478451728820801,1,27,27,FALSE,TRUE,TRUE,0.955791380239781
95,1634000,"1999-10-22",534.250351,0.993170973883223,1.01463106797708,1999,10,22,"Fall",0.957394869314222,0.965477629153928,0.478451728820801,0.478451728820801,1,27,27,FALSE,TRUE,TRUE,0.955791380239781
95,1634000,"1999-10-23",524.69,0.982105110493414,0.988858047928502,1999,10,23,"Fall",0.957394869314222,0.965477629153928,0.478451728820801,0.478451728820801,1,27,27,FALSE,TRUE,TRUE,0.955791380239781
95,1634000,"1999-10-24",514.08748,0.979792791934285,0.99764554879674,1999,10,24,"Fall",0.957394869314222,0.965477629153928,0.478451728820801,0.478451728820801,1,27,27,FALSE,TRUE,TRUE,0.955791380239781
95,1634000,"1999-10-25",498.381982,0.969449755905357,0.989443649602168,1999,10,25,"Fall",0.957394869314222,0.965477629153928,0.478451728820801,0.478451728820801,1,27,27,FALSE,TRUE,TRUE,0.955791380239781
95,1634000,"1999-10-26",480.148115,0.963413871972603,0.993773907419145,1999,10,26,"Fall",0.957394869314222,0.965477629153928,0.478451728820801,0.478451728820801,1,27,27,FALSE,TRUE,TRUE,0.955791380239781
95,1634000,"1999-10-27",461.177222,0.960489498120804,0.996964571575235,1999,10,27,"Fall",0.957394869314222,0.965477629153928,0.478451728820801,0.478451728820801,1,27,27,FALSE,TRUE,TRUE,0.955791380239781
95,1634000,"1999-10-28",442.57442,0.959662357305236,0.999138834087008,1999,10,28,"Fall",0.957394869314222,0.965477629153928,0.478451728820801,0.478451728820801,1,27,27,FALSE,TRUE,TRUE,0.955791380239781
95,1634000,"1999-10-29",424.700989,0.959614857541925,0.999950503671475,1999,10,29,"Fall",0.957394869314222,0.965477629153928,0.478451728820801,0.478451728820801,1,27,27,FALSE,TRUE,TRUE,0.955791380239781
95,1634000,"1999-10-30",407.597036,0.959727070473104,1.00011693538329,1999,10,30,"Fall",0.957394869314222,0.965477629153928,0.478451728820801,0.478451728820801,1,27,27,FALSE,TRUE,TRUE,0.955791380239781
95,1634000,"1999-10-31",391.192225,0.959752379062933,1.00002637061161,1999,10,31,"Fall",0.957394869314222,0.965477629153928,0.478451728820801,0.478451728820801,1,27,27,FALSE,TRUE,TRUE,0.955791380239781
95,1634000,"1999-11-01",375.395195,0.95961824139015,0.999860237207316,1999,11,1,"Fall",0.957394869314222,0.965477629153928,0.478451728820801,0.478451728820801,1,27,27,FALSE,TRUE,TRUE,0.955791380239781
95,1634000,"1999-11-02",360.0311,0.95907221188593,0.999430992992141,1999,11,2,"Fall",0.957394869314222,0.965477629153928,0.478451728820801,0.478451728820801,1,27,27,FALSE,TRUE,TRUE,0.955791380239781
97,1634000,"2000-01-02",464.34811,0.967999049036866,1.0016074252878,2000,1,2,"Winter",0.962914029217521,0.999992136897483,0.60216760635376,5.12599945068359e-06,13,21,9,FALSE,TRUE,TRUE,0.969735651308964
97,1634000,"2000-01-03",449.997507,0.969095162247995,1.00113234947103,2000,1,3,"Winter",0.962914029217521,0.999992136897483,0.60216760635376,5.12599945068359e-06,13,21,9,FALSE,TRUE,TRUE,0.969735651308964
97,1634000,"2000-01-04",436.3913,0.96976381693599,1.00068997835718,2000,1,4,"Winter",0.962914029217521,0.999992136897483,0.60216760635376,5.12599945068359e-06,13,21,9,FALSE,TRUE,TRUE,0.969735651308964
97,1634000,"2000-01-05",423.321439,0.970050133905053,1.00029524402134,2000,1,5,"Winter",0.962914029217521,0.999992136897483,0.60216760635376,5.12599945068359e-06,13,21,9,FALSE,TRUE,TRUE,0.969735651308964
97,1634000,"2000-01-06",410.612867,0.969978907682963,0.999926574700007,2000,1,6,"Winter",0.962914029217521,0.999992136897483,0.60216760635376,5.12599945068359e-06,13,21,9,FALSE,TRUE,TRUE,0.969735651308964
97,1634000,"2000-01-07",398.167117,0.96968981977859,0.999701964751931,2000,1,7,"Winter",0.962914029217521,0.999992136897483,0.60216760635376,5.12599945068359e-06,13,21,9,FALSE,TRUE,TRUE,0.969735651308964
97,1634000,"2000-01-08",386.03603,0.969532674894396,0.999837943143273,2000,1,8,"Winter",0.962914029217521,0.999992136897483,0.60216760635376,5.12599945068359e-06,13,21,9,FALSE,TRUE,TRUE,0.969735651308964
97,1634000,"2000-01-09",374.321293,0.969653772991086,1.0001249035745,2000,1,9,"Winter",0.962914029217521,0.999992136897483,0.60216760635376,5.12599945068359e-06,13,21,9,FALSE,TRUE,TRUE,0.969735651308964
97,1634000,"2000-01-10",362.989145,0.969726146463167,1.00007463846797,2000,1,10,"Winter",0.962914029217521,0.999992136897483,0.60216760635376,5.12599945068359e-06,13,21,9,FALSE,TRUE,TRUE,0.969735651308964
98,1634000,"2000-01-23",306.989901,0.96193979428739,1.00412544340688,2000,1,23,"Winter",0.973121738667194,0.969907652328042,0.37269139289856,0.000370144844055176,7,18,12,FALSE,TRUE,TRUE,0.98169250413584
98,1634000,"2000-01-24",296.285692,0.965131722688167,1.00331822055781,2000,1,24,"Winter",0.973121738667194,0.969907652328042,0.37269139289856,0.000370144844055176,7,18,12,FALSE,TRUE,TRUE,0.98169250413584
98,1634000,"2000-01-25",291.036734,0.982284132707968,1.01777209226117,2000,1,25,"Winter",0.973121738667194,0.969907652328042,0.37269139289856,0.000370144844055176,7,18,12,FALSE,TRUE,TRUE,0.98169250413584
98,1634000,"2000-01-26",289.341447,0.994175006787975,1.01210533050883,2000,1,26,"Winter",0.973121738667194,0.969907652328042,0.37269139289856,0.000370144844055176,7,18,12,FALSE,TRUE,TRUE,0.98169250413584
98,1634000,"2000-01-27",287.303935,0.992958105307326,0.998775968544431,2000,1,27,"Winter",0.973121738667194,0.969907652328042,0.37269139289856,0.000370144844055176,7,18,12,FALSE,TRUE,TRUE,0.98169250413584
98,1634000,"2000-01-28",284.385335,0.989841420027888,0.996861211703918,2000,1,28,"Winter",0.973121738667194,0.969907652328042,0.37269139289856,0.000370144844055176,7,18,12,FALSE,TRUE,TRUE,0.98169250413584
98,1634000,"2000-01-29",278.319809,0.978671452942537,0.988715397376444,2000,1,29,"Winter",0.973121738667194,0.969907652328042,0.37269139289856,0.000370144844055176,7,18,12,FALSE,TRUE,TRUE,0.98169250413584
98,1634000,"2000-01-30",270.089397,0.970428220579873,0.991577119841516,2000,1,30,"Winter",0.973121738667194,0.969907652328042,0.37269139289856,0.000370144844055176,7,18,12,FALSE,TRUE,TRUE,0.98169250413584
98,1634000,"2000-01-31",260.976598,0.96626006388544,0.995704827409139,2000,1,31,"Winter",0.973121738667194,0.969907652328042,0.37269139289856,0.000370144844055176,7,18,12,FALSE,TRUE,TRUE,0.98169250413584
98,1634000,"2000-02-01",255.670332,0.979667655871581,1.01387575921562,2000,2,1,"Winter",0.973121738667194,0.969907652328042,0.37269139289856,0.000370144844055176,7,18,12,FALSE,TRUE,TRUE,0.98169250413584
98,1634000,"2000-02-02",252.615609,0.988052102189158,1.00855845986884,2000,2,2,"Winter",0.973121738667194,0.969907652328042,0.37269139289856,0.000370144844055176,7,18,12,FALSE,TRUE,TRUE,0.98169250413584
98,1634000,"2000-02-03",250.893746,0.993183861413726,1.00519381438813,2000,2,3,"Winter",0.973121738667194,0.969907652328042,0.37269139289856,0.000370144844055176,7,18,12,FALSE,TRUE,TRUE,0.98169250413584
99,1634000,"2000-03-01",612.897018,0.963212767262689,1.02517486981142,2000,3,1,"Spring",0.950352428614997,0.999763848865697,0.60216760635376,0.00109016895294189,5,13,9,FALSE,TRUE,TRUE,0.956568544696337
99,1634000,"2000-03-02",584.95425,0.954408706227381,0.990859692339495,2000,3,2,"Spring",0.950352428614997,0.999763848865697,0.60216760635376,0.00109016895294189,5,13,9,FALSE,TRUE,TRUE,0.956568544696337
99,1634000,"2000-03-03",561.008906,0.959064586674941,1.00487828790452,2000,3,3,"Spring",0.950352428614997,0.999763848865697,0.60216760635376,0.00109016895294189,5,13,9,FALSE,TRUE,TRUE,0.956568544696337
99,1634000,"2000-03-04",536.259006,0.955883231557825,0.996682856231669,2000,3,4,"Spring",0.950352428614997,0.999763848865697,0.60216760635376,0.00109016895294189,5,13,9,FALSE,TRUE,TRUE,0.956568544696337
99,1634000,"2000-03-05",511.876168,0.954531601843159,0.99858598867514,2000,3,5,"Spring",0.950352428614997,0.999763848865697,0.60216760635376,0.00109016895294189,5,13,9,FALSE,TRUE,TRUE,0.956568544696337
99,1634000,"2000-03-06",489.008305,0.955325400107317,1.00083161025012,2000,3,6,"Spring",0.950352428614997,0.999763848865697,0.60216760635376,0.00109016895294189,5,13,9,FALSE,TRUE,TRUE,0.956568544696337
99,1634000,"2000-03-07",468.00984,0.957059083076309,1.00181475648904,2000,3,7,"Spring",0.950352428614997,0.999763848865697,0.60216760635376,0.00109016895294189,5,13,9,FALSE,TRUE,TRUE,0.956568544696337
99,1634000,"2000-03-08",448.621977,0.958573813319822,1.00158269251115,2000,3,8,"Spring",0.950352428614997,0.999763848865697,0.60216760635376,0.00109016895294189,5,13,9,FALSE,TRUE,TRUE,0.956568544696337
99,1634000,"2000-03-09",430.459143,0.959514167982903,1.00098099348221,2000,3,9,"Spring",0.950352428614997,0.999763848865697,0.60216760635376,0.00109016895294189,5,13,9,FALSE,TRUE,TRUE,0.956568544696337
100,1634000,"2000-05-02",637.015553,0.947598163800714,0.988008618366076,2000,5,2,"Spring",0.957265743792094,0.999389247560568,0.387013971805573,0.0650313571095467,8,24,17,FALSE,TRUE,TRUE,0.951994727128191
100,1634000,"2000-05-03",603.749822,0.947778777388815,1.00019060145429,2000,5,3,"Spring",0.957265743792094,0.999389247560568,0.387013971805573,0.0650313571095467,8,24,17,FALSE,TRUE,TRUE,0.951994727128191
100,1634000,"2000-05-04",574.031805,0.950777597082256,1.00316405026678,2000,5,4,"Spring",0.957265743792094,0.999389247560568,0.387013971805573,0.0650313571095467,8,24,17,FALSE,TRUE,TRUE,0.951994727128191
100,1634000,"2000-05-05",547.029013,0.952959414853329,1.00229477196115,2000,5,5,"Spring",0.957265743792094,0.999389247560568,0.387013971805573,0.0650313571095467,8,24,17,FALSE,TRUE,TRUE,0.951994727128191
100,1634000,"2000-05-06",522.191258,0.954595177934374,1.00171650865247,2000,5,6,"Spring",0.957265743792094,0.999389247560568,0.387013971805573,0.0650313571095467,8,24,17,FALSE,TRUE,TRUE,0.951994727128191
100,1634000,"2000-05-07",498.927776,0.955450265312561,1.00089575916363,2000,5,7,"Spring",0.957265743792094,0.999389247560568,0.387013971805573,0.0650313571095467,8,24,17,FALSE,TRUE,TRUE,0.951994727128191
100,1634000,"2000-05-08",476.747526,0.955544166777357,1.00009827980399,2000,5,8,"Spring",0.957265743792094,0.999389247560568,0.387013971805573,0.0650313571095467,8,24,17,FALSE,TRUE,TRUE,0.951994727128191
100,1634000,"2000-05-09",455.242576,0.9548923721106,0.999317881172405,2000,5,9,"Spring",0.957265743792094,0.999389247560568,0.387013971805573,0.0650313571095467,8,24,17,FALSE,TRUE,TRUE,0.951994727128191
100,1634000,"2000-05-10",434.11757,0.953596154855252,0.99864255146108,2000,5,10,"Spring",0.957265743792094,0.999389247560568,0.387013971805573,0.0650313571095467,8,24,17,FALSE,TRUE,TRUE,0.951994727128191
100,1634000,"2000-05-11",413.205086,0.951827602831187,0.998145386791819,2000,5,11,"Spring",0.957265743792094,0.999389247560568,0.387013971805573,0.0650313571095467,8,24,17,FALSE,TRUE,TRUE,0.951994727128191
100,1634000,"2000-05-12",392.55286,0.950019429334904,0.998100314079037,2000,5,12,"Spring",0.957265743792094,0.999389247560568,0.387013971805573,0.0650313571095467,8,24,17,FALSE,TRUE,TRUE,0.951994727128191
100,1634000,"2000-05-13",372.241293,0.948257753108715,0.998145641897637,2000,5,13,"Spring",0.957265743792094,0.999389247560568,0.387013971805573,0.0650313571095467,8,24,17,FALSE,TRUE,TRUE,0.951994727128191
100,1634000,"2000-05-14",352.295574,0.946417231577798,0.998059049319784,2000,5,14,"Spring",0.957265743792094,0.999389247560568,0.387013971805573,0.0650313571095467,8,24,17,FALSE,TRUE,TRUE,0.951994727128191
100,1634000,"2000-05-15",336.319421,0.95465128097238,1.00870023190602,2000,5,15,"Spring",0.957265743792094,0.999389247560568,0.387013971805573,0.0650313571095467,8,24,17,FALSE,TRUE,TRUE,0.951994727128191
100,1634000,"2000-05-16",320.823549,0.953925134760505,0.999239359726061,2000,5,16,"Spring",0.957265743792094,0.999389247560568,0.387013971805573,0.0650313571095467,8,24,17,FALSE,TRUE,TRUE,0.951994727128191
100,1634000,"2000-05-17",303.102605,0.944764204325911,0.990396593924644,2000,5,17,"Spring",0.957265743792094,0.999389247560568,0.387013971805573,0.0650313571095467,8,24,17,FALSE,TRUE,TRUE,0.951994727128191
100,1634000,"2000-05-18",286.703377,0.945895456754652,1.00119739128934,2000,5,18,"Spring",0.957265743792094,0.999389247560568,0.387013971805573,0.0650313571095467,8,24,17,FALSE,TRUE,TRUE,0.951994727128191
101,1634000,"2000-07-05",583.965312,0.96521268500935,0.991177317307525,2000,7,5,"Summer",0.956890180551664,0.993475087199813,0.34441751241684,0.34441751241684,1,16,16,FALSE,TRUE,TRUE,0.956992812734465
101,1634000,"2000-07-06",560.793628,0.960320102026882,0.994931083005378,2000,7,6,"Summer",0.956890180551664,0.993475087199813,0.34441751241684,0.34441751241684,1,16,16,FALSE,TRUE,TRUE,0.956992812734465
101,1634000,"2000-07-07",533.508051,0.951344709287603,0.99065374897356,2000,7,7,"Summer",0.956890180551664,0.993475087199813,0.34441751241684,0.34441751241684,1,16,16,FALSE,TRUE,TRUE,0.956992812734465
101,1634000,"2000-07-08",508.275761,0.952704949901496,1.00142980835507,2000,7,8,"Summer",0.956890180551664,0.993475087199813,0.34441751241684,0.34441751241684,1,16,16,FALSE,TRUE,TRUE,0.956992812734465
101,1634000,"2000-07-09",481.94485,0.94819561934609,0.995266813134672,2000,7,9,"Summer",0.956890180551664,0.993475087199813,0.34441751241684,0.34441751241684,1,16,16,FALSE,TRUE,TRUE,0.956992812734465
101,1634000,"2000-07-10",455.831946,0.94581765112751,0.997492112207585,2000,7,10,"Summer",0.956890180551664,0.993475087199813,0.34441751241684,0.34441751241684,1,16,16,FALSE,TRUE,TRUE,0.956992812734465
101,1634000,"2000-07-11",430.526438,0.944485005445406,0.99859101204073,2000,7,11,"Summer",0.956890180551664,0.993475087199813,0.34441751241684,0.34441751241684,1,16,16,FALSE,TRUE,TRUE,0.956992812734465
101,1634000,"2000-07-12",425.761273,0.98893177147927,1.04705926063157,2000,7,12,"Summer",0.956890180551664,0.993475087199813,0.34441751241684,0.34441751241684,1,16,16,FALSE,TRUE,TRUE,0.956992812734465
101,1634000,"2000-07-13",421.433487,0.989835181651197,1.0009135212337,2000,7,13,"Summer",0.956890180551664,0.993475087199813,0.34441751241684,0.34441751241684,1,16,16,FALSE,TRUE,TRUE,0.956992812734465
101,1634000,"2000-07-14",399.821623,0.948718209001745,0.958460788814494,2000,7,14,"Summer",0.956890180551664,0.993475087199813,0.34441751241684,0.34441751241684,1,16,16,FALSE,TRUE,TRUE,0.956992812734465
101,1634000,"2000-07-15",378.366987,0.94633948049378,0.997492692260574,2000,7,15,"Summer",0.956890180551664,0.993475087199813,0.34441751241684,0.34441751241684,1,16,16,FALSE,TRUE,TRUE,0.956992812734465
101,1634000,"2000-07-16",362.302552,0.957542715004362,1.0118384942629,2000,7,16,"Summer",0.956890180551664,0.993475087199813,0.34441751241684,0.34441751241684,1,16,16,FALSE,TRUE,TRUE,0.956992812734465
101,1634000,"2000-07-17",346.592886,0.956639372498817,0.999056603437748,2000,7,17,"Summer",0.956890180551664,0.993475087199813,0.34441751241684,0.34441751241684,1,16,16,FALSE,TRUE,TRUE,0.956992812734465
101,1634000,"2000-07-18",326.452678,0.941890878856642,0.984583016269077,2000,7,18,"Summer",0.956890180551664,0.993475087199813,0.34441751241684,0.34441751241684,1,16,16,FALSE,TRUE,TRUE,0.956992812734465
101,1634000,"2000-07-19",307.772038,0.942776882351077,1.00094066469304,2000,7,19,"Summer",0.956890180551664,0.993475087199813,0.34441751241684,0.34441751241684,1,16,16,FALSE,TRUE,TRUE,0.956992812734465
101,1634000,"2000-07-20",298.17138,0.968805944612811,1.02760893139088,2000,7,20,"Summer",0.956890180551664,0.993475087199813,0.34441751241684,0.34441751241684,1,16,16,FALSE,TRUE,TRUE,0.956992812734465
102,1634000,"2000-10-08",550.774879,0.910323042931302,1.02203077079233,2000,10,8,"Fall",0.953995933648853,0.998896718977261,0.37797749042511,0.000803589820861816,2,30,29,FALSE,TRUE,TRUE,0.953805764920135
102,1634000,"2000-10-09",509.299877,0.924696997663904,1.01578994934185,2000,10,9,"Fall",0.953995933648853,0.998896718977261,0.37797749042511,0.000803589820861816,2,30,29,FALSE,TRUE,TRUE,0.953805764920135
102,1634000,"2000-10-10",476.26157,0.935129952917699,1.01128256637596,2000,10,10,"Fall",0.953995933648853,0.998896718977261,0.37797749042511,0.000803589820861816,2,30,29,FALSE,TRUE,TRUE,0.953805764920135
102,1634000,"2000-10-11",449.006739,0.9427733986599,1.00817367224561,2000,10,11,"Fall",0.953995933648853,0.998896718977261,0.37797749042511,0.000803589820861816,2,30,29,FALSE,TRUE,TRUE,0.953805764920135
102,1634000,"2000-10-12",425.836392,0.948396438210251,1.00596435957818,2000,10,12,"Fall",0.953995933648853,0.998896718977261,0.37797749042511,0.000803589820861816,2,30,29,FALSE,TRUE,TRUE,0.953805764920135
102,1634000,"2000-10-13",405.559856,0.952384210506837,1.00420475250214,2000,10,13,"Fall",0.953995933648853,0.998896718977261,0.37797749042511,0.000803589820861816,2,30,29,FALSE,TRUE,TRUE,0.953805764920135
102,1634000,"2000-10-14",387.307504,0.954994677776984,1.00274098125667,2000,10,14,"Fall",0.953995933648853,0.998896718977261,0.37797749042511,0.000803589820861816,2,30,29,FALSE,TRUE,TRUE,0.953805764920135
102,1634000,"2000-10-15",370.450732,0.956477032265298,1.00155221230318,2000,10,15,"Fall",0.953995933648853,0.998896718977261,0.37797749042511,0.000803589820861816,2,30,29,FALSE,TRUE,TRUE,0.953805764920135
102,1634000,"2000-10-16",354.556749,0.957095555151987,1.00064666778796,2000,10,16,"Fall",0.953995933648853,0.998896718977261,0.37797749042511,0.000803589820861816,2,30,29,FALSE,TRUE,TRUE,0.953805764920135
102,1634000,"2000-10-17",339.344603,0.957095313957766,0.999999747993584,2000,10,17,"Fall",0.953995933648853,0.998896718977261,0.37797749042511,0.000803589820861816,2,30,29,FALSE,TRUE,TRUE,0.953805764920135
102,1634000,"2000-10-18",324.649397,0.956695330144974,0.999582085705614,2000,10,18,"Fall",0.953995933648853,0.998896718977261,0.37797749042511,0.000803589820861816,2,30,29,FALSE,TRUE,TRUE,0.953805764920135
102,1634000,"2000-10-19",310.402643,0.956116493264271,0.999394962155177,2000,10,19,"Fall",0.953995933648853,0.998896718977261,0.37797749042511,0.000803589820861816,2,30,29,FALSE,TRUE,TRUE,0.953805764920135
102,1634000,"2000-10-20",296.66148,0.955731166245256,0.999596987373684,2000,10,20,"Fall",0.953995933648853,0.998896718977261,0.37797749042511,0.000803589820861816,2,30,29,FALSE,TRUE,TRUE,0.953805764920135
102,1634000,"2000-10-21",283.540716,0.955771932372211,1.00004265438692,2000,10,21,"Fall",0.953995933648853,0.998896718977261,0.37797749042511,0.000803589820861816,2,30,29,FALSE,TRUE,TRUE,0.953805764920135
102,1634000,"2000-10-22",271.073353,0.956029725903634,1.00026972285196,2000,10,22,"Fall",0.953995933648853,0.998896718977261,0.37797749042511,0.000803589820861816,2,30,29,FALSE,TRUE,TRUE,0.953805764920135
102,1634000,"2000-10-23",259.154129,0.956029525336635,0.999999790208407,2000,10,23,"Fall",0.953995933648853,0.998896718977261,0.37797749042511,0.000803589820861816,2,30,29,FALSE,TRUE,TRUE,0.953805764920135
102,1634000,"2000-10-24",247.626216,0.955517154812532,0.999464064120905,2000,10,24,"Fall",0.953995933648853,0.998896718977261,0.37797749042511,0.000803589820861816,2,30,29,FALSE,TRUE,TRUE,0.953805764920135
102,1634000,"2000-10-25",236.405286,0.954686017574165,0.999130170259967,2000,10,25,"Fall",0.953995933648853,0.998896718977261,0.37797749042511,0.000803589820861816,2,30,29,FALSE,TRUE,TRUE,0.953805764920135
102,1634000,"2000-10-26",225.487476,0.953817403219994,0.999090157037831,2000,10,26,"Fall",0.953995933648853,0.998896718977261,0.37797749042511,0.000803589820861816,2,30,29,FALSE,TRUE,TRUE,0.953805764920135
102,1634000,"2000-10-27",214.906853,0.953076671096359,0.999223402591382,2000,10,27,"Fall",0.953995933648853,0.998896718977261,0.37797749042511,0.000803589820861816,2,30,29,FALSE,TRUE,TRUE,0.953805764920135
102,1634000,"2000-10-28",204.679973,0.952412499381767,0.999303128767356,2000,10,28,"Fall",0.953995933648853,0.998896718977261,0.37797749042511,0.000803589820861816,2,30,29,FALSE,TRUE,TRUE,0.953805764920135
102,1634000,"2000-10-29",194.780273,0.951633274839254,0.999181841331336,2000,10,29,"Fall",0.953995933648853,0.998896718977261,0.37797749042511,0.000803589820861816,2,30,29,FALSE,TRUE,TRUE,0.953805764920135
102,1634000,"2000-10-30",185.206603,0.950848872667922,0.999175730618011,2000,10,30,"Fall",0.953995933648853,0.998896718977261,0.37797749042511,0.000803589820861816,2,30,29,FALSE,TRUE,TRUE,0.953805764920135
102,1634000,"2000-10-31",176.061124,0.950620124488758,0.999759427406669,2000,10,31,"Fall",0.953995933648853,0.998896718977261,0.37797749042511,0.000803589820861816,2,30,29,FALSE,TRUE,TRUE,0.953805764920135
102,1634000,"2000-11-01",167.51112,0.951437297424047,1.00085962090875,2000,11,1,"Fall",0.953995933648853,0.998896718977261,0.37797749042511,0.000803589820861816,2,30,29,FALSE,TRUE,TRUE,0.953805764920135
102,1634000,"2000-11-02",159.646312,0.953049039371237,1.00169400753108,2000,11,2,"Fall",0.953995933648853,0.998896718977261,0.37797749042511,0.000803589820861816,2,30,29,FALSE,TRUE,TRUE,0.953805764920135
102,1634000,"2000-11-03",152.495049,0.95520558595804,1.00226278659095,2000,11,3,"Fall",0.953995933648853,0.998896718977261,0.37797749042511,0.000803589820861816,2,30,29,FALSE,TRUE,TRUE,0.953805764920135
102,1634000,"2000-11-04",145.982473,0.957293197105697,1.00218550977753,2000,11,4,"Fall",0.953995933648853,0.998896718977261,0.37797749042511,0.000803589820861816,2,30,29,FALSE,TRUE,TRUE,0.953805764920135
102,1634000,"2000-11-05",139.99936,0.959014853790016,1.00179846330207,2000,11,5,"Fall",0.953995933648853,0.998896718977261,0.37797749042511,0.000803589820861816,2,30,29,FALSE,TRUE,TRUE,0.953805764920135
104,1634000,"2001-04-17",1256.313544,0.850620418531595,0.971634283747165,2001,4,17,"Spring",0.948447466655103,0.991638905334915,0.394107103347778,0.394107103347778,1,33,33,FALSE,TRUE,TRUE,0.948447466655103
104,1634000,"2001-04-18",1086.00726,0.864439665708165,1.01624607977366,2001,4,18,"Spring",0.948447466655103,0.991638905334915,0.394107103347778,0.394107103347778,1,33,33,FALSE,TRUE,TRUE,0.948447466655103
104,1634000,"2001-04-19",961.596351,0.885441917763975,1.02429579864155,2001,4,19,"Spring",0.948447466655103,0.991638905334915,0.394107103347778,0.394107103347778,1,33,33,FALSE,TRUE,TRUE,0.948447466655103
104,1634000,"2001-04-20",871.55142,0.906358909425604,1.02362322275689,2001,4,20,"Spring",0.948447466655103,0.991638905334915,0.394107103347778,0.394107103347778,1,33,33,FALSE,TRUE,TRUE,0.948447466655103
104,1634000,"2001-04-21",804.809136,0.92342128936007,1.01882519138614,2001,4,21,"Spring",0.948447466655103,0.991638905334915,0.394107103347778,0.394107103347778,1,33,33,FALSE,TRUE,TRUE,0.948447466655103
104,1634000,"2001-04-22",753.532946,0.936287763512665,1.01393348225869,2001,4,22,"Spring",0.948447466655103,0.991638905334915,0.394107103347778,0.394107103347778,1,33,33,FALSE,TRUE,TRUE,0.948447466655103
104,1634000,"2001-04-23",712.215364,0.945168181140151,1.00948470969456,2001,4,23,"Spring",0.948447466655103,0.991638905334915,0.394107103347778,0.394107103347778,1,33,33,FALSE,TRUE,TRUE,0.948447466655103
104,1634000,"2001-04-24",677.221015,0.950865495510428,1.00602783132564,2001,4,24,"Spring",0.948447466655103,0.991638905334915,0.394107103347778,0.394107103347778,1,33,33,FALSE,TRUE,TRUE,0.948447466655103
104,1634000,"2001-04-25",646.247759,0.954264183606293,1.00357431004902,2001,4,25,"Spring",0.948447466655103,0.991638905334915,0.394107103347778,0.394107103347778,1,33,33,FALSE,TRUE,TRUE,0.948447466655103
104,1634000,"2001-04-26",617.754785,0.95591013879245,1.00172484225483,2001,4,26,"Spring",0.948447466655103,0.991638905334915,0.394107103347778,0.394107103347778,1,33,33,FALSE,TRUE,TRUE,0.948447466655103
104,1634000,"2001-04-27",590.806568,0.956377161853955,1.00048856377033,2001,4,27,"Spring",0.948447466655103,0.991638905334915,0.394107103347778,0.394107103347778,1,33,33,FALSE,TRUE,TRUE,0.948447466655103
104,1634000,"2001-04-28",565.102099,0.956492580834003,1.00012068353852,2001,4,28,"Spring",0.948447466655103,0.991638905334915,0.394107103347778,0.394107103347778,1,33,33,FALSE,TRUE,TRUE,0.948447466655103
104,1634000,"2001-04-29",540.649011,0.956728017745338,1.00024614609256,2001,4,29,"Spring",0.948447466655103,0.991638905334915,0.394107103347778,0.394107103347778,1,33,33,FALSE,TRUE,TRUE,0.948447466655103
104,1634000,"2001-04-30",517.393853,0.956986589216197,1.00027026643525,2001,4,30,"Spring",0.948447466655103,0.991638905334915,0.394107103347778,0.394107103347778,1,33,33,FALSE,TRUE,TRUE,0.948447466655103
104,1634000,"2001-05-01",495.165507,0.957037862218282,1.00005357755549,2001,5,1,"Spring",0.948447466655103,0.991638905334915,0.394107103347778,0.394107103347778,1,33,33,FALSE,TRUE,TRUE,0.948447466655103
104,1634000,"2001-05-02",473.776657,0.956804644714479,0.999756313189886,2001,5,2,"Spring",0.948447466655103,0.991638905334915,0.394107103347778,0.394107103347778,1,33,33,FALSE,TRUE,TRUE,0.948447466655103
104,1634000,"2001-05-03",453.032163,0.956214613587431,0.999383331665134,2001,5,3,"Spring",0.948447466655103,0.991638905334915,0.394107103347778,0.394107103347778,1,33,33,FALSE,TRUE,TRUE,0.948447466655103
104,1634000,"2001-05-04",432.670671,0.955055085128691,0.998787376345996,2001,5,4,"Spring",0.948447466655103,0.991638905334915,0.394107103347778,0.394107103347778,1,33,33,FALSE,TRUE,TRUE,0.948447466655103
104,1634000,"2001-05-05",412.359587,0.953056480687594,0.997907341186684,2001,5,5,"Spring",0.948447466655103,0.991638905334915,0.394107103347778,0.394107103347778,1,33,33,FALSE,TRUE,TRUE,0.948447466655103
104,1634000,"2001-05-06",391.907466,0.950402217761461,0.997214999341677,2001,5,6,"Spring",0.948447466655103,0.991638905334915,0.394107103347778,0.394107103347778,1,33,33,FALSE,TRUE,TRUE,0.948447466655103
104,1634000,"2001-05-07",371.417927,0.94771842647162,0.997176152117825,2001,5,7,"Spring",0.948447466655103,0.991638905334915,0.394107103347778,0.394107103347778,1,33,33,FALSE,TRUE,TRUE,0.948447466655103
104,1634000,"2001-05-08",351.259558,0.945725912685954,0.99789756774796,2001,5,8,"Spring",0.948447466655103,0.991638905334915,0.394107103347778,0.394107103347778,1,33,33,FALSE,TRUE,TRUE,0.948447466655103
104,1634000,"2001-05-09",331.897577,0.94487842235456,0.999103873204672,2001,5,9,"Spring",0.948447466655103,0.991638905334915,0.394107103347778,0.394107103347778,1,33,33,FALSE,TRUE,TRUE,0.948447466655103
104,1634000,"2001-05-10",313.674797,0.945095170128344,1.00022939223572,2001,5,10,"Spring",0.948447466655103,0.991638905334915,0.394107103347778,0.394107103347778,1,33,33,FALSE,TRUE,TRUE,0.948447466655103
104,1634000,"2001-05-11",296.57095,0.945472676913855,1.00039943785287,2001,5,11,"Spring",0.948447466655103,0.991638905334915,0.394107103347778,0.394107103347778,1,33,33,FALSE,TRUE,TRUE,0.948447466655103
104,1634000,"2001-05-12",280.325168,0.945221263242405,0.99973408679321,2001,5,12,"Spring",0.948447466655103,0.991638905334915,0.394107103347778,0.394107103347778,1,33,33,FALSE,TRUE,TRUE,0.948447466655103
104,1634000,"2001-05-13",264.742437,0.944411944488695,0.999143778514954,2001,5,13,"Spring",0.948447466655103,0.991638905334915,0.394107103347778,0.394107103347778,1,33,33,FALSE,TRUE,TRUE,0.948447466655103
104,1634000,"2001-05-14",249.893417,0.943911447789536,0.999470044081844,2001,5,14,"Spring",0.948447466655103,0.991638905334915,0.394107103347778,0.394107103347778,1,33,33,FALSE,TRUE,TRUE,0.948447466655103
104,1634000,"2001-05-15",236.081577,0.94472907623653,1.00086621308483,2001,5,15,"Spring",0.948447466655103,0.991638905334915,0.394107103347778,0.394107103347778,1,33,33,FALSE,TRUE,TRUE,0.948447466655103
104,1634000,"2001-05-16",223.50769,0.946739228194837,1.00212775493935,2001,5,16,"Spring",0.948447466655103,0.991638905334915,0.394107103347778,0.394107103347778,1,33,33,FALSE,TRUE,TRUE,0.948447466655103
104,1634000,"2001-05-17",212.161283,0.949234824985216,1.0026359917452,2001,5,17,"Spring",0.948447466655103,0.991638905334915,0.394107103347778,0.394107103347778,1,33,33,FALSE,TRUE,TRUE,0.948447466655103
104,1634000,"2001-05-18",201.970105,0.951964949231571,1.00287613156881,2001,5,18,"Spring",0.948447466655103,0.991638905334915,0.394107103347778,0.394107103347778,1,33,33,FALSE,TRUE,TRUE,0.948447466655103
104,1634000,"2001-05-19",192.838573,0.954787704843744,1.00296518859697,2001,5,19,"Spring",0.948447466655103,0.991638905334915,0.394107103347778,0.394107103347778,1,33,33,FALSE,TRUE,TRUE,0.948447466655103
105,1634000,"2001-07-08",277.973772,0.942188747940611,1.00335521163936,2001,7,8,"Summer",0.965142932955844,0.930143326874508,0.572782278060913,1.58548355102539e-05,10,31,22,FALSE,TRUE,TRUE,0.97283614256965
105,1634000,"2001-07-09",289.568862,1.04171289225086,1.10563079269178,2001,7,9,"Summer",0.965142932955844,0.930143326874508,0.572782278060913,1.58548355102539e-05,10,31,22,FALSE,TRUE,TRUE,0.97283614256965
105,1634000,"2001-07-10",306.585416,1.05876513753057,1.01636942904956,2001,7,10,"Summer",0.965142932955844,0.930143326874508,0.572782278060913,1.58548355102539e-05,10,31,22,FALSE,TRUE,TRUE,0.97283614256965
105,1634000,"2001-07-11",303.838141,0.991039120399647,0.936033011732061,2001,7,11,"Summer",0.965142932955844,0.930143326874508,0.572782278060913,1.58548355102539e-05,10,31,22,FALSE,TRUE,TRUE,0.97283614256965
105,1634000,"2001-07-12",299.455791,0.985576695586747,0.994488184471771,2001,7,12,"Summer",0.965142932955844,0.930143326874508,0.572782278060913,1.58548355102539e-05,10,31,22,FALSE,TRUE,TRUE,0.97283614256965
105,1634000,"2001-07-13",288.068415,0.961973098059072,0.976050978444024,2001,7,13,"Summer",0.965142932955844,0.930143326874508,0.572782278060913,1.58548355102539e-05,10,31,22,FALSE,TRUE,TRUE,0.97283614256965
105,1634000,"2001-07-14",273.688856,0.950082833621312,0.987639712106554,2001,7,14,"Summer",0.965142932955844,0.930143326874508,0.572782278060913,1.58548355102539e-05,10,31,22,FALSE,TRUE,TRUE,0.97283614256965
105,1634000,"2001-07-15",258.43979,0.944283204574468,0.993895659576609,2001,7,15,"Summer",0.965142932955844,0.930143326874508,0.572782278060913,1.58548355102539e-05,10,31,22,FALSE,TRUE,TRUE,0.97283614256965
105,1634000,"2001-07-16",243.676334,0.942874678856534,0.998508365169357,2001,7,16,"Summer",0.965142932955844,0.930143326874508,0.572782278060913,1.58548355102539e-05,10,31,22,FALSE,TRUE,TRUE,0.97283614256965
105,1634000,"2001-07-17",229.935993,0.943612328803338,1.00078234145358,2001,7,17,"Summer",0.965142932955844,0.930143326874508,0.572782278060913,1.58548355102539e-05,10,31,22,FALSE,TRUE,TRUE,0.97283614256965
105,1634000,"2001-07-18",217.29489,0.945023383094268,1.00149537500503,2001,7,18,"Summer",0.965142932955844,0.930143326874508,0.572782278060913,1.58548355102539e-05,10,31,22,FALSE,TRUE,TRUE,0.97283614256965
105,1634000,"2001-07-19",213.461541,0.982358770608918,1.03950736900541,2001,7,19,"Summer",0.965142932955844,0.930143326874508,0.572782278060913,1.58548355102539e-05,10,31,22,FALSE,TRUE,TRUE,0.97283614256965
105,1634000,"2001-07-20",213.140797,0.998497415513364,1.01642846319216,2001,7,20,"Summer",0.965142932955844,0.930143326874508,0.572782278060913,1.58548355102539e-05,10,31,22,FALSE,TRUE,TRUE,0.97283614256965
105,1634000,"2001-07-21",211.390152,0.991786438707931,0.993278924210352,2001,7,21,"Summer",0.965142932955844,0.930143326874508,0.572782278060913,1.58548355102539e-05,10,31,22,FALSE,TRUE,TRUE,0.97283614256965
105,1634000,"2001-07-22",211.143316,0.998832320249242,1.00710423259113,2001,7,22,"Summer",0.965142932955844,0.930143326874508,0.572782278060913,1.58548355102539e-05,10,31,22,FALSE,TRUE,TRUE,0.97283614256965
105,1634000,"2001-07-23",207.292527,0.981762202692696,0.982909926710935,2001,7,23,"Summer",0.965142932955844,0.930143326874508,0.572782278060913,1.58548355102539e-05,10,31,22,FALSE,TRUE,TRUE,0.97283614256965
105,1634000,"2001-07-24",200.188379,0.965728875503553,0.98366882820996,2001,7,24,"Summer",0.965142932955844,0.930143326874508,0.572782278060913,1.58548355102539e-05,10,31,22,FALSE,TRUE,TRUE,0.97283614256965
105,1634000,"2001-07-25",190.86589,0.953431417714812,0.987266138456997,2001,7,25,"Summer",0.965142932955844,0.930143326874508,0.572782278060913,1.58548355102539e-05,10,31,22,FALSE,TRUE,TRUE,0.97283614256965
105,1634000,"2001-07-26",183.923424,0.963626470921546,1.01069301159717,2001,7,26,"Summer",0.965142932955844,0.930143326874508,0.572782278060913,1.58548355102539e-05,10,31,22,FALSE,TRUE,TRUE,0.97283614256965
105,1634000,"2001-07-27",183.44972,0.997424449862351,1.03507373444036,2001,7,27,"Summer",0.965142932955844,0.930143326874508,0.572782278060913,1.58548355102539e-05,10,31,22,FALSE,TRUE,TRUE,0.97283614256965
105,1634000,"2001-07-28",182.979757,0.997438191783558,1.00001377740561,2001,7,28,"Summer",0.965142932955844,0.930143326874508,0.572782278060913,1.58548355102539e-05,10,31,22,FALSE,TRUE,TRUE,0.97283614256965
105,1634000,"2001-07-29",180.556714,0.98675786305695,0.989292240045962,2001,7,29,"Summer",0.965142932955844,0.930143326874508,0.572782278060913,1.58548355102539e-05,10,31,22,FALSE,TRUE,TRUE,0.97283614256965
106,1634000,"2001-08-19",373.75803,0.916877349311275,0.978554293303987,2001,8,19,"Summer",0.963431876474223,0.996291892521039,0.927053928375244,0.927053928375244,1,37,37,FALSE,TRUE,TRUE,0.963532380462044
106,1634000,"2001-08-20",339.622619,0.908669758881167,0.99104832239964,2001,8,20,"Summer",0.963431876474223,0.996291892521039,0.927053928375244,0.927053928375244,1,37,37,FALSE,TRUE,TRUE,0.963532380462044
106,1634000,"2001-08-21",340.690306,1.00314374526392,1.10396955049882,2001,8,21,"Summer",0.963431876474223,0.996291892521039,0.927053928375244,0.927053928375244,1,37,37,FALSE,TRUE,TRUE,0.963532380462044
106,1634000,"2001-08-22",345.126059,1.01301989790106,1.00984520183051,2001,8,22,"Summer",0.963431876474223,0.996291892521039,0.927053928375244,0.927053928375244,1,37,37,FALSE,TRUE,TRUE,0.963532380462044
106,1634000,"2001-08-23",323.833049,0.938303673557145,0.926244070329989,2001,8,23,"Summer",0.963431876474223,0.996291892521039,0.927053928375244,0.927053928375244,1,37,37,FALSE,TRUE,TRUE,0.963532380462044
106,1634000,"2001-08-24",312.928718,0.966327306512807,1.02986627223724,2001,8,24,"Summer",0.963431876474223,0.996291892521039,0.927053928375244,0.927053928375244,1,37,37,FALSE,TRUE,TRUE,0.963532380462044
106,1634000,"2001-08-25",307.295535,0.981998510600104,1.01621728371089,2001,8,25,"Summer",0.963431876474223,0.996291892521039,0.927053928375244,0.927053928375244,1,37,37,FALSE,TRUE,TRUE,0.963532380462044
106,1634000,"2001-08-26",296.471827,0.964777529227686,0.982463332493352,2001,8,26,"Summer",0.963431876474223,0.996291892521039,0.927053928375244,0.927053928375244,1,37,37,FALSE,TRUE,TRUE,0.963532380462044
106,1634000,"2001-08-27",292.724601,0.98736060003435,1.02340754228049,2001,8,27,"Summer",0.963431876474223,0.996291892521039,0.927053928375244,0.927053928375244,1,37,37,FALSE,TRUE,TRUE,0.963532380462044
106,1634000,"2001-08-28",289.53211,0.989093875304317,1.00175546327239,2001,8,28,"Summer",0.963431876474223,0.996291892521039,0.927053928375244,0.927053928375244,1,37,37,FALSE,TRUE,TRUE,0.963532380462044
106,1634000,"2001-08-29",275.151194,0.950330497021557,0.960809201987188,2001,8,29,"Summer",0.963431876474223,0.996291892521039,0.927053928375244,0.927053928375244,1,37,37,FALSE,TRUE,TRUE,0.963532380462044
106,1634000,"2001-08-30",259.928386,0.944674752165531,0.994048654785097,2001,8,30,"Summer",0.963431876474223,0.996291892521039,0.927053928375244,0.927053928375244,1,37,37,FALSE,TRUE,TRUE,0.963532380462044
106,1634000,"2001-08-31",244.603669,0.941042541617598,0.996155067614957,2001,8,31,"Summer",0.963431876474223,0.996291892521039,0.927053928375244,0.927053928375244,1,37,37,FALSE,TRUE,TRUE,0.963532380462044
106,1634000,"2001-09-01",233.102161,0.952979004579036,1.01268429686603,2001,9,1,"Fall",0.963431876474223,0.996291892521039,0.927053928375244,0.927053928375244,1,37,37,FALSE,TRUE,TRUE,0.963532380462044
106,1634000,"2001-09-02",225.50867,0.967424193034401,1.0151579293835,2001,9,2,"Fall",0.963431876474223,0.996291892521039,0.927053928375244,0.927053928375244,1,37,37,FALSE,TRUE,TRUE,0.963532380462044
106,1634000,"2001-09-03",219.448947,0.973128647337595,1.00589653881334,2001,9,3,"Fall",0.963431876474223,0.996291892521039,0.927053928375244,0.927053928375244,1,37,37,FALSE,TRUE,TRUE,0.963532380462044
106,1634000,"2001-09-04",214.047465,0.975386156671784,1.00231984675445,2001,9,4,"Fall",0.963431876474223,0.996291892521039,0.927053928375244,0.927053928375244,1,37,37,FALSE,TRUE,TRUE,0.963532380462044
106,1634000,"2001-09-05",208.486391,0.974019435362152,0.998598789515021,2001,9,5,"Fall",0.963431876474223,0.996291892521039,0.927053928375244,0.927053928375244,1,37,37,FALSE,TRUE,TRUE,0.963532380462044
106,1634000,"2001-09-06",201.883197,0.968327937529505,0.994156689665509,2001,9,6,"Fall",0.963431876474223,0.996291892521039,0.927053928375244,0.927053928375244,1,37,37,FALSE,TRUE,TRUE,0.963532380462044
106,1634000,"2001-09-07",194.081454,0.961355164194274,0.99279916125004,2001,9,7,"Fall",0.963431876474223,0.996291892521039,0.927053928375244,0.927053928375244,1,37,37,FALSE,TRUE,TRUE,0.963532380462044
106,1634000,"2001-09-08",185.446768,0.955509989120341,0.993919858870439,2001,9,8,"Fall",0.963431876474223,0.996291892521039,0.927053928375244,0.927053928375244,1,37,37,FALSE,TRUE,TRUE,0.963532380462044
106,1634000,"2001-09-09",176.553226,0.95204261526952,0.996371179903611,2001,9,9,"Fall",0.963431876474223,0.996291892521039,0.927053928375244,0.927053928375244,1,37,37,FALSE,TRUE,TRUE,0.963532380462044
106,1634000,"2001-09-10",167.806723,0.950459681773246,0.9983373291585,2001,9,10,"Fall",0.963431876474223,0.996291892521039,0.927053928375244,0.927053928375244,1,37,37,FALSE,TRUE,TRUE,0.963532380462044
106,1634000,"2001-09-11",159.431779,0.950091725466804,0.999612864897377,2001,9,11,"Fall",0.963431876474223,0.996291892521039,0.927053928375244,0.927053928375244,1,37,37,FALSE,TRUE,TRUE,0.963532380462044
106,1634000,"2001-09-12",152.696164,0.957752368804716,1.00806305657925,2001,9,12,"Fall",0.963431876474223,0.996291892521039,0.927053928375244,0.927053928375244,1,37,37,FALSE,TRUE,TRUE,0.963532380462044
106,1634000,"2001-09-13",148.295324,0.971179105717417,1.01401900673914,2001,9,13,"Fall",0.963431876474223,0.996291892521039,0.927053928375244,0.927053928375244,1,37,37,FALSE,TRUE,TRUE,0.963532380462044
106,1634000,"2001-09-14",144.46667,0.974182233824176,1.00309224950277,2001,9,14,"Fall",0.963431876474223,0.996291892521039,0.927053928375244,0.927053928375244,1,37,37,FALSE,TRUE,TRUE,0.963532380462044
106,1634000,"2001-09-15",139.987,0.968991671227696,0.994671877174248,2001,9,15,"Fall",0.963431876474223,0.996291892521039,0.927053928375244,0.927053928375244,1,37,37,FALSE,TRUE,TRUE,0.963532380462044
106,1634000,"2001-09-16",134.979588,0.964229449877489,0.99508538464095,2001,9,16,"Fall",0.963431876474223,0.996291892521039,0.927053928375244,0.927053928375244,1,37,37,FALSE,TRUE,TRUE,0.963532380462044
106,1634000,"2001-09-17",129.651857,0.96052935796485,0.996162643743034,2001,9,17,"Fall",0.963431876474223,0.996291892521039,0.927053928375244,0.927053928375244,1,37,37,FALSE,TRUE,TRUE,0.963532380462044
106,1634000,"2001-09-18",124.228491,0.958169777699366,0.997543458462859,2001,9,18,"Fall",0.963431876474223,0.996291892521039,0.927053928375244,0.927053928375244,1,37,37,FALSE,TRUE,TRUE,0.963532380462044
106,1634000,"2001-09-19",118.87645,0.956917765345793,0.998693329321471,2001,9,19,"Fall",0.963431876474223,0.996291892521039,0.927053928375244,0.927053928375244,1,37,37,FALSE,TRUE,TRUE,0.963532380462044
106,1634000,"2001-09-20",113.67132,0.956213951543809,0.999264499179059,2001,9,20,"Fall",0.963431876474223,0.996291892521039,0.927053928375244,0.927053928375244,1,37,37,FALSE,TRUE,TRUE,0.963532380462044
106,1634000,"2001-09-21",110.72585,0.97408783499655,1.0186923474855,2001,9,21,"Fall",0.963431876474223,0.996291892521039,0.927053928375244,0.927053928375244,1,37,37,FALSE,TRUE,TRUE,0.963532380462044
106,1634000,"2001-09-22",108.40592,0.979047982020459,1.00509209420927,2001,9,22,"Fall",0.963431876474223,0.996291892521039,0.927053928375244,0.927053928375244,1,37,37,FALSE,TRUE,TRUE,0.963532380462044
106,1634000,"2001-09-23",104.253739,0.961697839011006,0.982278556998149,2001,9,23,"Fall",0.963431876474223,0.996291892521039,0.927053928375244,0.927053928375244,1,37,37,FALSE,TRUE,TRUE,0.963532380462044
106,1634000,"2001-09-24",99.874761,0.957996921338236,0.996151683488677,2001,9,24,"Fall",0.963431876474223,0.996291892521039,0.927053928375244,0.927053928375244,1,37,37,FALSE,TRUE,TRUE,0.963532380462044
107,1634000,"2001-10-22",127.865086,0.945825393300992,0.986720884829251,2001,10,22,"Fall",0.954497746504315,0.998535906118241,0.37269139289856,0,2,13,12,FALSE,TRUE,TRUE,0.935551168405882
107,1634000,"2001-10-23",120.105969,0.939317938596624,0.993119813920773,2001,10,23,"Fall",0.954497746504315,0.998535906118241,0.37269139289856,0,2,13,12,FALSE,TRUE,TRUE,0.935551168405882
107,1634000,"2001-10-24",112.33281,0.9352808268838,0.995702081747895,2001,10,24,"Fall",0.954497746504315,0.998535906118241,0.37269139289856,0,2,13,12,FALSE,TRUE,TRUE,0.935551168405882
107,1634000,"2001-10-25",104.737476,0.932385435742238,0.996904254788149,2001,10,25,"Fall",0.954497746504315,0.998535906118241,0.37269139289856,0,2,13,12,FALSE,TRUE,TRUE,0.935551168405882
107,1634000,"2001-10-26",97.467109,0.930584855796983,0.998068845912612,2001,10,26,"Fall",0.954497746504315,0.998535906118241,0.37269139289856,0,2,13,12,FALSE,TRUE,TRUE,0.935551168405882
107,1634000,"2001-10-27",90.68581,0.930424744618208,0.999827945643239,2001,10,27,"Fall",0.954497746504315,0.998535906118241,0.37269139289856,0,2,13,12,FALSE,TRUE,TRUE,0.935551168405882
107,1634000,"2001-10-28",84.518653,0.931994244744575,1.00168686412893,2001,10,28,"Fall",0.954497746504315,0.998535906118241,0.37269139289856,0,2,13,12,FALSE,TRUE,TRUE,0.935551168405882
107,1634000,"2001-10-29",79.015966,0.934893815688236,1.00311114683381,2001,10,29,"Fall",0.954497746504315,0.998535906118241,0.37269139289856,0,2,13,12,FALSE,TRUE,TRUE,0.935551168405882
107,1634000,"2001-10-30",74.121321,0.938054987519864,1.00338131644319,2001,10,30,"Fall",0.954497746504315,0.998535906118241,0.37269139289856,0,2,13,12,FALSE,TRUE,TRUE,0.935551168405882
107,1634000,"2001-10-31",69.773137,0.941336933269174,1.00349867096596,2001,10,31,"Fall",0.954497746504315,0.998535906118241,0.37269139289856,0,2,13,12,FALSE,TRUE,TRUE,0.935551168405882
107,1634000,"2001-11-01",65.901333,0.944508672442232,1.00336939841725,2001,11,1,"Fall",0.954497746504315,0.998535906118241,0.37269139289856,0,2,13,12,FALSE,TRUE,TRUE,0.935551168405882
107,1634000,"2001-11-02",62.414796,0.947094590635974,1.00273784483848,2001,11,2,"Fall",0.954497746504315,0.998535906118241,0.37269139289856,0,2,13,12,FALSE,TRUE,TRUE,0.935551168405882
108,1634000,"2001-12-18",179.382448,0.957952703682608,0.97659675561627,2001,12,18,"Winter",0.971402227819705,0.99649121069223,0.455535411834717,0.455535411834717,1,20,20,FALSE,TRUE,TRUE,0.971402227819705
108,1634000,"2001-12-19",172.474893,0.96149258148155,1.00369525320544,2001,12,19,"Winter",0.971402227819705,0.99649121069223,0.455535411834717,0.455535411834717,1,20,20,FALSE,TRUE,TRUE,0.971402227819705
108,1634000,"2001-12-20",166.639658,0.966167626496223,1.00486227882015,2001,12,20,"Winter",0.971402227819705,0.99649121069223,0.455535411834717,0.455535411834717,1,20,20,FALSE,TRUE,TRUE,0.971402227819705
108,1634000,"2001-12-21",161.04236,0.966410768797905,1.00025165643623,2001,12,21,"Winter",0.971402227819705,0.99649121069223,0.455535411834717,0.455535411834717,1,20,20,FALSE,TRUE,TRUE,0.971402227819705
108,1634000,"2001-12-22",156.510285,0.971857870190179,1.00563642455997,2001,12,22,"Winter",0.971402227819705,0.99649121069223,0.455535411834717,0.455535411834717,1,20,20,FALSE,TRUE,TRUE,0.971402227819705
108,1634000,"2001-12-23",151.468932,0.967788998659098,0.995813305982402,2001,12,23,"Winter",0.971402227819705,0.99649121069223,0.455535411834717,0.455535411834717,1,20,20,FALSE,TRUE,TRUE,0.971402227819705
108,1634000,"2001-12-24",146.161471,0.964960068510947,0.997076914335594,2001,12,24,"Winter",0.971402227819705,0.99649121069223,0.455535411834717,0.455535411834717,1,20,20,FALSE,TRUE,TRUE,0.971402227819705
108,1634000,"2001-12-25",143.713939,0.983254602028465,1.01895885033434,2001,12,25,"Winter",0.971402227819705,0.99649121069223,0.455535411834717,0.455535411834717,1,20,20,FALSE,TRUE,TRUE,0.971402227819705
108,1634000,"2001-12-26",141.753455,0.986358428321974,1.00315668626122,2001,12,26,"Winter",0.971402227819705,0.99649121069223,0.455535411834717,0.455535411834717,1,20,20,FALSE,TRUE,TRUE,0.971402227819705
108,1634000,"2001-12-27",137.885019,0.972710111369067,0.986162923577258,2001,12,27,"Winter",0.971402227819705,0.99649121069223,0.455535411834717,0.455535411834717,1,20,20,FALSE,TRUE,TRUE,0.971402227819705
108,1634000,"2001-12-28",134.374136,0.974537603682674,1.00187876356198,2001,12,28,"Winter",0.971402227819705,0.99649121069223,0.455535411834717,0.455535411834717,1,20,20,FALSE,TRUE,TRUE,0.971402227819705
108,1634000,"2001-12-29",130.612262,0.972004478599959,0.9974006902626,2001,12,29,"Winter",0.971402227819705,0.99649121069223,0.455535411834717,0.455535411834717,1,20,20,FALSE,TRUE,TRUE,0.971402227819705
108,1634000,"2001-12-30",126.701512,0.970058324232988,0.997997792798471,2001,12,30,"Winter",0.971402227819705,0.99649121069223,0.455535411834717,0.455535411834717,1,20,20,FALSE,TRUE,TRUE,0.971402227819705
108,1634000,"2001-12-31",122.736373,0.968704880175384,0.99860478073968,2001,12,31,"Winter",0.971402227819705,0.99649121069223,0.455535411834717,0.455535411834717,1,20,20,FALSE,TRUE,TRUE,0.971402227819705
108,1634000,"2002-01-01",118.814567,0.968046913036936,0.99932077648011,2002,1,1,"Winter",0.971402227819705,0.99649121069223,0.455535411834717,0.455535411834717,1,20,20,FALSE,TRUE,TRUE,0.971402227819705
108,1634000,"2002-01-02",114.9628,0.967581693918053,0.999519425027219,2002,1,2,"Winter",0.971402227819705,0.99649121069223,0.455535411834717,0.455535411834717,1,20,20,FALSE,TRUE,TRUE,0.971402227819705
108,1634000,"2002-01-03",111.23702,0.96759142957548,1.00001006184541,2002,1,3,"Winter",0.971402227819705,0.99649121069223,0.455535411834717,0.455535411834717,1,20,20,FALSE,TRUE,TRUE,0.971402227819705
108,1634000,"2002-01-04",107.635366,0.967621804323776,1.0000313921221,2002,1,4,"Winter",0.971402227819705,0.99649121069223,0.455535411834717,0.455535411834717,1,20,20,FALSE,TRUE,TRUE,0.971402227819705
108,1634000,"2002-01-05",104.162856,0.967738206046515,1.00012029671326,2002,1,5,"Winter",0.971402227819705,0.99649121069223,0.455535411834717,0.455535411834717,1,20,20,FALSE,TRUE,TRUE,0.971402227819705
108,1634000,"2002-01-06",100.821948,0.967926109860121,1.00019416802234,2002,1,6,"Winter",0.971402227819705,0.99649121069223,0.455535411834717,0.455535411834717,1,20,20,FALSE,TRUE,TRUE,0.971402227819705
109,1634000,"2002-01-31",174.447857,0.972313689449794,0.985678282277261,2002,1,31,"Winter",0.97218843932353,0.988556150166049,0.402267217636108,0.00140004849527031,2,27,26,FALSE,TRUE,TRUE,0.973971460437284
109,1634000,"2002-02-01",170.268314,0.976041304995796,1.00383375816514,2002,2,1,"Winter",0.97218843932353,0.988556150166049,0.402267217636108,0.00140004849527031,2,27,26,FALSE,TRUE,TRUE,0.973971460437284
109,1634000,"2002-02-02",165.898987,0.974338578345235,0.998255476851393,2002,2,2,"Winter",0.97218843932353,0.988556150166049,0.402267217636108,0.00140004849527031,2,27,26,FALSE,TRUE,TRUE,0.973971460437284
109,1634000,"2002-02-03",159.570846,0.961855457260869,0.98718810754105,2002,2,3,"Winter",0.97218843932353,0.988556150166049,0.402267217636108,0.00140004849527031,2,27,26,FALSE,TRUE,TRUE,0.973971460437284
109,1634000,"2002-02-04",153.295699,0.960674852848747,0.998772576063056,2002,2,4,"Winter",0.97218843932353,0.988556150166049,0.402267217636108,0.00140004849527031,2,27,26,FALSE,TRUE,TRUE,0.973971460437284
109,1634000,"2002-02-05",147.004863,0.958962736456161,0.998217798261807,2002,2,5,"Winter",0.97218843932353,0.988556150166049,0.402267217636108,0.00140004849527031,2,27,26,FALSE,TRUE,TRUE,0.973971460437284
109,1634000,"2002-02-06",140.842961,0.958083685979831,0.999083331976403,2002,2,6,"Winter",0.97218843932353,0.988556150166049,0.402267217636108,0.00140004849527031,2,27,26,FALSE,TRUE,TRUE,0.973971460437284
109,1634000,"2002-02-07",134.927592,0.95800025107396,0.999912914803695,2002,2,7,"Winter",0.97218843932353,0.988556150166049,0.402267217636108,0.00140004849527031,2,27,26,FALSE,TRUE,TRUE,0.973971460437284
109,1634000,"2002-02-08",131.475696,0.974416678243246,1.01713614077959,2002,2,8,"Winter",0.97218843932353,0.988556150166049,0.402267217636108,0.00140004849527031,2,27,26,FALSE,TRUE,TRUE,0.973971460437284
109,1634000,"2002-02-09",129.192401,0.982633330193589,1.00843238024739,2002,2,9,"Winter",0.97218843932353,0.988556150166049,0.402267217636108,0.00140004849527031,2,27,26,FALSE,TRUE,TRUE,0.973971460437284
109,1634000,"2002-02-10",126.637245,0.980222087520457,0.997546141984969,2002,2,10,"Winter",0.97218843932353,0.988556150166049,0.402267217636108,0.00140004849527031,2,27,26,FALSE,TRUE,TRUE,0.973971460437284
109,1634000,"2002-02-11",124.535183,0.983400918110624,1.0032429697623,2002,2,11,"Winter",0.97218843932353,0.988556150166049,0.402267217636108,0.00140004849527031,2,27,26,FALSE,TRUE,TRUE,0.973971460437284
109,1634000,"2002-02-12",122.014381,0.979758314564006,0.996295911993232,2002,2,12,"Winter",0.97218843932353,0.988556150166049,0.402267217636108,0.00140004849527031,2,27,26,FALSE,TRUE,TRUE,0.973971460437284
109,1634000,"2002-02-13",119.484927,0.979269214175663,0.99950079485821,2002,2,13,"Winter",0.97218843932353,0.988556150166049,0.402267217636108,0.00140004849527031,2,27,26,FALSE,TRUE,TRUE,0.973971460437284
109,1634000,"2002-02-14",117.025774,0.979418717810323,1.00015266857417,2002,2,14,"Winter",0.97218843932353,0.988556150166049,0.402267217636108,0.00140004849527031,2,27,26,FALSE,TRUE,TRUE,0.973971460437284
109,1634000,"2002-02-15",114.635036,0.979570842231729,1.0001553211294,2002,2,15,"Winter",0.97218843932353,0.988556150166049,0.402267217636108,0.00140004849527031,2,27,26,FALSE,TRUE,TRUE,0.973971460437284
109,1634000,"2002-02-16",112.234574,0.979059962086984,0.999478465341433,2002,2,16,"Winter",0.97218843932353,0.988556150166049,0.402267217636108,0.00140004849527031,2,27,26,FALSE,TRUE,TRUE,0.973971460437284
109,1634000,"2002-02-17",109.736628,0.977743524914168,0.998655406998761,2002,2,17,"Winter",0.97218843932353,0.988556150166049,0.402267217636108,0.00140004849527031,2,27,26,FALSE,TRUE,TRUE,0.973971460437284
109,1634000,"2002-02-18",107.116228,0.976121008566073,0.99834055014761,2002,2,18,"Winter",0.97218843932353,0.988556150166049,0.402267217636108,0.00140004849527031,2,27,26,FALSE,TRUE,TRUE,0.973971460437284
109,1634000,"2002-02-19",104.388267,0.974532701058144,0.998372837492492,2002,2,19,"Winter",0.97218843932353,0.988556150166049,0.402267217636108,0.00140004849527031,2,27,26,FALSE,TRUE,TRUE,0.973971460437284
109,1634000,"2002-02-20",101.566881,0.972972192363343,0.998398710794305,2002,2,20,"Winter",0.97218843932353,0.988556150166049,0.402267217636108,0.00140004849527031,2,27,26,FALSE,TRUE,TRUE,0.973971460437284
109,1634000,"2002-02-21",98.684625,0.971622088109607,0.998612391737059,2002,2,21,"Winter",0.97218843932353,0.988556150166049,0.402267217636108,0.00140004849527031,2,27,26,FALSE,TRUE,TRUE,0.973971460437284
109,1634000,"2002-02-22",95.72976,0.970057493758526,0.998389708951425,2002,2,22,"Winter",0.97218843932353,0.988556150166049,0.402267217636108,0.00140004849527031,2,27,26,FALSE,TRUE,TRUE,0.973971460437284
109,1634000,"2002-02-23",92.676502,0.968105445997149,0.997987698900388,2002,2,23,"Winter",0.97218843932353,0.988556150166049,0.402267217636108,0.00140004849527031,2,27,26,FALSE,TRUE,TRUE,0.973971460437284
109,1634000,"2002-02-24",89.49393,0.965659342645453,0.997473308964628,2002,2,24,"Winter",0.97218843932353,0.988556150166049,0.402267217636108,0.00140004849527031,2,27,26,FALSE,TRUE,TRUE,0.973971460437284
109,1634000,"2002-02-25",86.183384,0.963008150385171,0.997254526370533,2002,2,25,"Winter",0.97218843932353,0.988556150166049,0.402267217636108,0.00140004849527031,2,27,26,FALSE,TRUE,TRUE,0.973971460437284
110,1634000,"2002-04-03",517.73831,0.949888447003588,0.989543443146903,2002,4,3,"Spring",0.967987966277539,0.989937866477867,0.371093273162842,0.00100672245025635,2,11,10,FALSE,TRUE,TRUE,0.944575609029232
110,1634000,"2002-04-04",494.636746,0.955379844307832,1.00578109705573,2002,4,4,"Spring",0.967987966277539,0.989937866477867,0.371093273162842,0.00100672245025635,2,11,10,FALSE,TRUE,TRUE,0.944575609029232
110,1634000,"2002-04-05",468.689102,0.947542021069336,0.991796118281966,2002,4,5,"Spring",0.967987966277539,0.989937866477867,0.371093273162842,0.00100672245025635,2,11,10,FALSE,TRUE,TRUE,0.944575609029232
110,1634000,"2002-04-06",439.030478,0.936720047738597,0.988578898782213,2002,4,6,"Spring",0.967987966277539,0.989937866477867,0.371093273162842,0.00100672245025635,2,11,10,FALSE,TRUE,TRUE,0.944575609029232
110,1634000,"2002-04-07",409.229658,0.932121295688269,0.99509058009228,2002,4,7,"Spring",0.967987966277539,0.989937866477867,0.371093273162842,0.00100672245025635,2,11,10,FALSE,TRUE,TRUE,0.944575609029232
110,1634000,"2002-04-08",382.377711,0.934384161863459,1.00242765205093,2002,4,8,"Spring",0.967987966277539,0.989937866477867,0.371093273162842,0.00100672245025635,2,11,10,FALSE,TRUE,TRUE,0.944575609029232
110,1634000,"2002-04-09",359.319566,0.939697988829689,1.00568698313083,2002,4,9,"Spring",0.967987966277539,0.989937866477867,0.371093273162842,0.00100672245025635,2,11,10,FALSE,TRUE,TRUE,0.944575609029232
110,1634000,"2002-04-10",341.730393,0.951048663461872,1.01207906664387,2002,4,10,"Spring",0.967987966277539,0.989937866477867,0.371093273162842,0.00100672245025635,2,11,10,FALSE,TRUE,TRUE,0.944575609029232
110,1634000,"2002-04-11",329.295633,0.963612367367043,1.01321036913026,2002,4,11,"Spring",0.967987966277539,0.989937866477867,0.371093273162842,0.00100672245025635,2,11,10,FALSE,TRUE,TRUE,0.944575609029232
110,1634000,"2002-04-12",320.66612,0.973794025382657,1.01056613464129,2002,4,12,"Spring",0.967987966277539,0.989937866477867,0.371093273162842,0.00100672245025635,2,11,10,FALSE,TRUE,TRUE,0.944575609029232
112,1634000,"2002-08-13",136.459793,0.935138853048469,1.00358551831134,2002,8,13,"Summer",0.947421229793407,0.976028175603618,0.536648273468018,0.0322802066802979,14,30,17,FALSE,TRUE,TRUE,0.954474208845332
112,1634000,"2002-08-14",128.016318,0.938124814537862,1.00319306751041,2002,8,14,"Summer",0.947421229793407,0.976028175603618,0.536648273468018,0.0322802066802979,14,30,17,FALSE,TRUE,TRUE,0.954474208845332
112,1634000,"2002-08-15",120.40889,0.940574544567045,1.00261130501104,2002,8,15,"Summer",0.947421229793407,0.976028175603618,0.536648273468018,0.0322802066802979,14,30,17,FALSE,TRUE,TRUE,0.954474208845332
112,1634000,"2002-08-16",117.59916,0.976665095077282,1.03837074979193,2002,8,16,"Summer",0.947421229793407,0.976028175603618,0.536648273468018,0.0322802066802979,14,30,17,FALSE,TRUE,TRUE,0.954474208845332
112,1634000,"2002-08-17",118.965573,1.01161924115785,1.03578928565866,2002,8,17,"Summer",0.947421229793407,0.976028175603618,0.536648273468018,0.0322802066802979,14,30,17,FALSE,TRUE,TRUE,0.954474208845332
112,1634000,"2002-08-18",116.860413,0.982304460467735,0.971021922579727,2002,8,18,"Summer",0.947421229793407,0.976028175603618,0.536648273468018,0.0322802066802979,14,30,17,FALSE,TRUE,TRUE,0.954474208845332
112,1634000,"2002-08-19",111.729206,0.956091144398061,0.973314469062685,2002,8,19,"Summer",0.947421229793407,0.976028175603618,0.536648273468018,0.0322802066802979,14,30,17,FALSE,TRUE,TRUE,0.954474208845332
112,1634000,"2002-08-20",106.392467,0.952235058396459,0.995966821757324,2002,8,20,"Summer",0.947421229793407,0.976028175603618,0.536648273468018,0.0322802066802979,14,30,17,FALSE,TRUE,TRUE,0.954474208845332
112,1634000,"2002-08-21",100.605713,0.945609363489992,0.993041954454371,2002,8,21,"Summer",0.947421229793407,0.976028175603618,0.536648273468018,0.0322802066802979,14,30,17,FALSE,TRUE,TRUE,0.954474208845332
112,1634000,"2002-08-22",94.854847,0.942837580207796,0.997068786129649,2002,8,22,"Summer",0.947421229793407,0.976028175603618,0.536648273468018,0.0322802066802979,14,30,17,FALSE,TRUE,TRUE,0.954474208845332
112,1634000,"2002-08-23",89.36092,0.942080693040388,0.999197224226848,2002,8,23,"Summer",0.947421229793407,0.976028175603618,0.536648273468018,0.0322802066802979,14,30,17,FALSE,TRUE,TRUE,0.954474208845332
112,1634000,"2002-08-24",84.180113,0.942023795189217,0.999939604057708,2002,8,24,"Summer",0.947421229793407,0.976028175603618,0.536648273468018,0.0322802066802979,14,30,17,FALSE,TRUE,TRUE,0.954474208845332
112,1634000,"2002-08-25",79.326328,0.942340478920478,1.0003361738131,2002,8,25,"Summer",0.947421229793407,0.976028175603618,0.536648273468018,0.0322802066802979,14,30,17,FALSE,TRUE,TRUE,0.954474208845332
112,1634000,"2002-08-26",74.898542,0.944182642615198,1.001954881209,2002,8,26,"Summer",0.947421229793407,0.976028175603618,0.536648273468018,0.0322802066802979,14,30,17,FALSE,TRUE,TRUE,0.954474208845332
112,1634000,"2002-08-27",70.861845,0.946104464890652,1.00203543487109,2002,8,27,"Summer",0.947421229793407,0.976028175603618,0.536648273468018,0.0322802066802979,14,30,17,FALSE,TRUE,TRUE,0.954474208845332
112,1634000,"2002-08-28",67.091535,0.946793510668541,1.00072829777626,2002,8,28,"Summer",0.947421229793407,0.976028175603618,0.536648273468018,0.0322802066802979,14,30,17,FALSE,TRUE,TRUE,0.954474208845332
112,1634000,"2002-08-29",65.396263,0.974731953889563,1.02950848617593,2002,8,29,"Summer",0.947421229793407,0.976028175603618,0.536648273468018,0.0322802066802979,14,30,17,FALSE,TRUE,TRUE,0.954474208845332
113,1634000,"2002-09-14",47.701394,0.943523780713126,1.00342394002365,2002,9,14,"Fall",0.950063888019507,0.953743963225035,0.710523009300232,0.00399315357208252,11,18,8,FALSE,TRUE,TRUE,0.978203602374805
113,1634000,"2002-09-15",45.144522,0.946398379888018,1.0030466631935,2002,9,15,"Fall",0.950063888019507,0.953743963225035,0.710523009300232,0.00399315357208252,11,18,8,FALSE,TRUE,TRUE,0.978203602374805
113,1634000,"2002-09-16",44.129817,0.977523186534127,1.03288763728631,2002,9,16,"Fall",0.950063888019507,0.953743963225035,0.710523009300232,0.00399315357208252,11,18,8,FALSE,TRUE,TRUE,0.978203602374805
113,1634000,"2002-09-17",44.115387,0.99967301020079,1.02265912867519,2002,9,17,"Fall",0.950063888019507,0.953743963225035,0.710523009300232,0.00399315357208252,11,18,8,FALSE,TRUE,TRUE,0.978203602374805
113,1634000,"2002-09-18",43.291229,0.98131812829841,0.981639114275283,2002,9,18,"Fall",0.950063888019507,0.953743963225035,0.710523009300232,0.00399315357208252,11,18,8,FALSE,TRUE,TRUE,0.978203602374805
113,1634000,"2002-09-19",42.222414,0.975311049727879,0.993878561500798,2002,9,19,"Fall",0.950063888019507,0.953743963225035,0.710523009300232,0.00399315357208252,11,18,8,FALSE,TRUE,TRUE,0.978203602374805
113,1634000,"2002-09-20",41.194428,0.975653073744197,1.00035068198644,2002,9,20,"Fall",0.950063888019507,0.953743963225035,0.710523009300232,0.00399315357208252,11,18,8,FALSE,TRUE,TRUE,0.978203602374805
113,1634000,"2002-09-21",39.946688,0.969710952170522,0.993909595804509,2002,9,21,"Fall",0.950063888019507,0.953743963225035,0.710523009300232,0.00399315357208252,11,18,8,FALSE,TRUE,TRUE,0.978203602374805
114,1634000,"2002-11-24",1374.234479,0.948308583400473,0.993313736626737,2002,11,24,"Fall",0.956546094683454,0.992559809947781,0.386476278305054,4.76837158203125e-07,2,9,8,FALSE,TRUE,TRUE,0.933285492110092
114,1634000,"2002-11-25",1285.643375,0.93553421533677,0.986529313045026,2002,11,25,"Fall",0.956546094683454,0.992559809947781,0.386476278305054,4.76837158203125e-07,2,9,8,FALSE,TRUE,TRUE,0.933285492110092
114,1634000,"2002-11-26",1189.657679,0.925340340979084,0.989103686224862,2002,11,26,"Fall",0.956546094683454,0.992559809947781,0.386476278305054,4.76837158203125e-07,2,9,8,FALSE,TRUE,TRUE,0.933285492110092
114,1634000,"2002-11-27",1094.322181,0.919863083571959,0.994080818522049,2002,11,27,"Fall",0.956546094683454,0.992559809947781,0.386476278305054,4.76837158203125e-07,2,9,8,FALSE,TRUE,TRUE,0.933285492110092
114,1634000,"2002-11-28",1014.033031,0.926631159091895,1.00735769881497,2002,11,28,"Fall",0.956546094683454,0.992559809947781,0.386476278305054,4.76837158203125e-07,2,9,8,FALSE,TRUE,TRUE,0.933285492110092
114,1634000,"2002-11-29",950.905009,0.937745595981478,1.01199445624133,2002,11,29,"Fall",0.956546094683454,0.992559809947781,0.386476278305054,4.76837158203125e-07,2,9,8,FALSE,TRUE,TRUE,0.933285492110092
114,1634000,"2002-11-30",901.191952,0.947720270132682,1.01063686589833,2002,11,30,"Fall",0.956546094683454,0.992559809947781,0.386476278305054,4.76837158203125e-07,2,9,8,FALSE,TRUE,TRUE,0.933285492110092
114,1634000,"2002-12-01",860.74142,0.955114410520168,1.0078020283205,2002,12,1,"Winter",0.956546094683454,0.992559809947781,0.386476278305054,4.76837158203125e-07,2,9,8,FALSE,TRUE,TRUE,0.933285492110092
115,1634000,"2003-01-23",870.635753,0.966383772894337,1.00011515393243,2003,1,23,"Winter",0.966669414481822,0.999999216802462,0.367520809173584,0,14,20,7,FALSE,TRUE,TRUE,0.966799487849911
115,1634000,"2003-01-24",841.573467,0.966619466407325,1.00024389225026,2003,1,24,"Winter",0.966669414481822,0.999999216802462,0.367520809173584,0,14,20,7,FALSE,TRUE,TRUE,0.966799487849911
115,1634000,"2003-01-25",813.715202,0.966897405761486,1.00028753750966,2003,1,25,"Winter",0.966669414481822,0.999999216802462,0.367520809173584,0,14,20,7,FALSE,TRUE,TRUE,0.966799487849911
115,1634000,"2003-01-26",786.760932,0.966875056612252,0.999976885707727,2003,1,26,"Winter",0.966669414481822,0.999999216802462,0.367520809173584,0,14,20,7,FALSE,TRUE,TRUE,0.966799487849911
115,1634000,"2003-01-27",760.589972,0.966735816516115,0.999855989566403,2003,1,27,"Winter",0.966669414481822,0.999999216802462,0.367520809173584,0,14,20,7,FALSE,TRUE,TRUE,0.966799487849911
115,1634000,"2003-01-28",735.306153,0.966757622463105,1.00002255626265,2003,1,28,"Winter",0.966669414481822,0.999999216802462,0.367520809173584,0,14,20,7,FALSE,TRUE,TRUE,0.966799487849911
115,1634000,"2003-01-29",710.939822,0.966862332239997,1.0001083102677,2003,1,29,"Winter",0.966669414481822,0.999999216802462,0.367520809173584,0,14,20,7,FALSE,TRUE,TRUE,0.966799487849911
116,1634000,"2003-07-23",630.817853,0.938521090565279,1.00739260459399,2003,7,23,"Summer",0.959148891868465,0.972598587557313,0.669334053993225,0.000467777252197266,7,19,13,FALSE,TRUE,TRUE,0.975770410304421
116,1634000,"2003-07-24",596.573311,0.945714057017977,1.00766415003883,2003,7,24,"Summer",0.959148891868465,0.972598587557313,0.669334053993225,0.000467777252197266,7,19,13,FALSE,TRUE,TRUE,0.975770410304421
116,1634000,"2003-07-25",593.293659,0.994502516388971,1.05158901785264,2003,7,25,"Summer",0.959148891868465,0.972598587557313,0.669334053993225,0.000467777252197266,7,19,13,FALSE,TRUE,TRUE,0.975770410304421
116,1634000,"2003-07-26",592.517664,0.998692055800313,1.00421269865315,2003,7,26,"Summer",0.959148891868465,0.972598587557313,0.669334053993225,0.000467777252197266,7,19,13,FALSE,TRUE,TRUE,0.975770410304421
116,1634000,"2003-07-27",571.123719,0.963893152390475,0.965155521957214,2003,7,27,"Summer",0.959148891868465,0.972598587557313,0.669334053993225,0.000467777252197266,7,19,13,FALSE,TRUE,TRUE,0.975770410304421
116,1634000,"2003-07-28",548.799508,0.960911777505777,0.99690694463665,2003,7,28,"Summer",0.959148891868465,0.972598587557313,0.669334053993225,0.000467777252197266,7,19,13,FALSE,TRUE,TRUE,0.975770410304421
116,1634000,"2003-07-29",544.730267,0.992585195612092,1.03296183775427,2003,7,29,"Summer",0.959148891868465,0.972598587557313,0.669334053993225,0.000467777252197266,7,19,13,FALSE,TRUE,TRUE,0.975770410304421
116,1634000,"2003-07-30",541.2776,0.993661694219756,1.00108454026155,2003,7,30,"Summer",0.959148891868465,0.972598587557313,0.669334053993225,0.000467777252197266,7,19,13,FALSE,TRUE,TRUE,0.975770410304421
116,1634000,"2003-07-31",515.764822,0.952865631239867,0.958943709697974,2003,7,31,"Summer",0.959148891868465,0.972598587557313,0.669334053993225,0.000467777252197266,7,19,13,FALSE,TRUE,TRUE,0.975770410304421
116,1634000,"2003-08-01",489.011166,0.948128187773148,0.995028214565201,2003,8,1,"Summer",0.959148891868465,0.972598587557313,0.669334053993225,0.000467777252197266,7,19,13,FALSE,TRUE,TRUE,0.975770410304421
116,1634000,"2003-08-02",481.352824,0.984339126522113,1.03819202847878,2003,8,2,"Summer",0.959148891868465,0.972598587557313,0.669334053993225,0.000467777252197266,7,19,13,FALSE,TRUE,TRUE,0.975770410304421
116,1634000,"2003-08-03",477.621638,0.992248542412208,1.00803525500204,2003,8,3,"Summer",0.959148891868465,0.972598587557313,0.669334053993225,0.000467777252197266,7,19,13,FALSE,TRUE,TRUE,0.975770410304421
116,1634000,"2003-08-04",473.426824,0.991217286516655,0.998960687920946,2003,8,4,"Summer",0.959148891868465,0.972598587557313,0.669334053993225,0.000467777252197266,7,19,13,FALSE,TRUE,TRUE,0.975770410304421
118,1634000,"2004-01-11",670.723958,0.967480231790348,1.00020631875811,2004,1,11,"Winter",0.969085842969632,0.990354892177805,0.362377643585205,2.02655792236328e-06,12,36,25,FALSE,TRUE,TRUE,0.973931144891029
118,1634000,"2004-01-12",648.818194,0.967340119972276,0.999855178624361,2004,1,12,"Winter",0.969085842969632,0.990354892177805,0.362377643585205,2.02655792236328e-06,12,36,25,FALSE,TRUE,TRUE,0.973931144891029
118,1634000,"2004-01-13",627.636167,0.967352908417362,1.00001322021575,2004,1,13,"Winter",0.969085842969632,0.990354892177805,0.362377643585205,2.02655792236328e-06,12,36,25,FALSE,TRUE,TRUE,0.973931144891029
118,1634000,"2004-01-14",607.187124,0.967418953726419,1.00006827426525,2004,1,14,"Winter",0.969085842969632,0.990354892177805,0.362377643585205,2.02655792236328e-06,12,36,25,FALSE,TRUE,TRUE,0.973931144891029
118,1634000,"2004-01-15",587.690447,0.96789016724933,1.0004870832033,2004,1,15,"Winter",0.969085842969632,0.990354892177805,0.362377643585205,2.02655792236328e-06,12,36,25,FALSE,TRUE,TRUE,0.973931144891029
118,1634000,"2004-01-16",570.217771,0.970268912674703,1.00245766049275,2004,1,16,"Winter",0.969085842969632,0.990354892177805,0.362377643585205,2.02655792236328e-06,12,36,25,FALSE,TRUE,TRUE,0.973931144891029
118,1634000,"2004-01-17",555.287679,0.973816859524008,1.00365666342903,2004,1,17,"Winter",0.969085842969632,0.990354892177805,0.362377643585205,2.02655792236328e-06,12,36,25,FALSE,TRUE,TRUE,0.973931144891029
118,1634000,"2004-01-18",541.053678,0.974366438265597,1.00056435533665,2004,1,18,"Winter",0.969085842969632,0.990354892177805,0.362377643585205,2.02655792236328e-06,12,36,25,FALSE,TRUE,TRUE,0.973931144891029
118,1634000,"2004-01-19",528.537396,0.976866838709486,1.00256618079779,2004,1,19,"Winter",0.969085842969632,0.990354892177805,0.362377643585205,2.02655792236328e-06,12,36,25,FALSE,TRUE,TRUE,0.973931144891029
118,1634000,"2004-01-20",519.64838,0.98318185985084,1.00646456701273,2004,1,20,"Winter",0.969085842969632,0.990354892177805,0.362377643585205,2.02655792236328e-06,12,36,25,FALSE,TRUE,TRUE,0.973931144891029
118,1634000,"2004-01-21",513.693649,0.988540845638738,1.00545065567901,2004,1,21,"Winter",0.969085842969632,0.990354892177805,0.362377643585205,2.02655792236328e-06,12,36,25,FALSE,TRUE,TRUE,0.973931144891029
118,1634000,"2004-01-22",507.802719,0.988532211734625,0.999991266011768,2004,1,22,"Winter",0.969085842969632,0.990354892177805,0.362377643585205,2.02655792236328e-06,12,36,25,FALSE,TRUE,TRUE,0.973931144891029
118,1634000,"2004-01-23",499.94767,0.984531297871999,0.995952672239577,2004,1,23,"Winter",0.969085842969632,0.990354892177805,0.362377643585205,2.02655792236328e-06,12,36,25,FALSE,TRUE,TRUE,0.973931144891029
118,1634000,"2004-01-24",489.090496,0.978283379138461,0.993653915576841,2004,1,24,"Winter",0.969085842969632,0.990354892177805,0.362377643585205,2.02655792236328e-06,12,36,25,FALSE,TRUE,TRUE,0.973931144891029
118,1634000,"2004-01-25",475.180429,0.971559318543781,0.993126673990311,2004,1,25,"Winter",0.969085842969632,0.990354892177805,0.362377643585205,2.02655792236328e-06,12,36,25,FALSE,TRUE,TRUE,0.973931144891029
118,1634000,"2004-01-26",459.699843,0.967421667528315,0.9957412265659,2004,1,26,"Winter",0.969085842969632,0.990354892177805,0.362377643585205,2.02655792236328e-06,12,36,25,FALSE,TRUE,TRUE,0.973931144891029
118,1634000,"2004-01-27",442.991791,0.963654431789745,0.996105901009851,2004,1,27,"Winter",0.969085842969632,0.990354892177805,0.362377643585205,2.02655792236328e-06,12,36,25,FALSE,TRUE,TRUE,0.973931144891029
118,1634000,"2004-01-28",426.238362,0.962181175045747,0.998471177327269,2004,1,28,"Winter",0.969085842969632,0.990354892177805,0.362377643585205,2.02655792236328e-06,12,36,25,FALSE,TRUE,TRUE,0.973931144891029
118,1634000,"2004-01-29",410.310423,0.962631380889175,1.00046790132161,2004,1,29,"Winter",0.969085842969632,0.990354892177805,0.362377643585205,2.02655792236328e-06,12,36,25,FALSE,TRUE,TRUE,0.973931144891029
118,1634000,"2004-01-30",396.272911,0.965788068708164,1.00327922804269,2004,1,30,"Winter",0.969085842969632,0.990354892177805,0.362377643585205,2.02655792236328e-06,12,36,25,FALSE,TRUE,TRUE,0.973931144891029
118,1634000,"2004-01-31",384.522199,0.970346920837089,1.00472034422109,2004,1,31,"Winter",0.969085842969632,0.990354892177805,0.362377643585205,2.02655792236328e-06,12,36,25,FALSE,TRUE,TRUE,0.973931144891029
118,1634000,"2004-02-01",374.297279,0.973408765406546,1.00315541225896,2004,2,1,"Winter",0.969085842969632,0.990354892177805,0.362377643585205,2.02655792236328e-06,12,36,25,FALSE,TRUE,TRUE,0.973931144891029
118,1634000,"2004-02-02",365.971205,0.977755451436237,1.00446542725334,2004,2,2,"Winter",0.969085842969632,0.990354892177805,0.362377643585205,2.02655792236328e-06,12,36,25,FALSE,TRUE,TRUE,0.973931144891029
118,1634000,"2004-02-03",358.155093,0.978642822459215,1.00090755926922,2004,2,3,"Winter",0.969085842969632,0.990354892177805,0.362377643585205,2.02655792236328e-06,12,36,25,FALSE,TRUE,TRUE,0.973931144891029
118,1634000,"2004-02-04",349.028295,0.974517190517796,0.995784333316775,2004,2,4,"Winter",0.969085842969632,0.990354892177805,0.362377643585205,2.02655792236328e-06,12,36,25,FALSE,TRUE,TRUE,0.973931144891029
119,1634000,"2004-06-27",344.562589,0.937863866418987,1.00576099967299,2004,6,27,"Summer",0.932574964099709,0.999909656238365,0.5480055809021,3.57627868652344e-06,9,15,7,FALSE,TRUE,TRUE,0.942675318512701
119,1634000,"2004-06-28",324.493956,0.941756204414868,1.00415021639627,2004,6,28,"Summer",0.932574964099709,0.999909656238365,0.5480055809021,3.57627868652344e-06,9,15,7,FALSE,TRUE,TRUE,0.942675318512701
119,1634000,"2004-06-29",306.256104,0.943796019424164,1.00216596928136,2004,6,29,"Summer",0.932574964099709,0.999909656238365,0.5480055809021,3.57627868652344e-06,9,15,7,FALSE,TRUE,TRUE,0.942675318512701
119,1634000,"2004-06-30",289.202184,0.944314840497024,1.00054971737768,2004,6,30,"Summer",0.932574964099709,0.999909656238365,0.5480055809021,3.57627868652344e-06,9,15,7,FALSE,TRUE,TRUE,0.942675318512701
119,1634000,"2004-07-01",272.531487,0.942356254819985,0.997925918779368,2004,7,1,"Summer",0.932574964099709,0.999909656238365,0.5480055809021,3.57627868652344e-06,9,15,7,FALSE,TRUE,TRUE,0.942675318512701
119,1634000,"2004-07-02",256.174097,0.939979815983611,0.9974781948714,2004,7,2,"Summer",0.932574964099709,0.999909656238365,0.5480055809021,3.57627868652344e-06,9,15,7,FALSE,TRUE,TRUE,0.942675318512701
119,1634000,"2004-07-03",241.723208,0.943589577676934,1.00384025447349,2004,7,3,"Summer",0.932574964099709,0.999909656238365,0.5480055809021,3.57627868652344e-06,9,15,7,FALSE,TRUE,TRUE,0.942675318512701
120,1634000,"2004-07-16",248.59327,0.962700659589404,1.00512387719102,2004,7,16,"Summer",0.981966123366028,0.743060509556238,0.313654899597168,0.00903177261352539,5,32,28,FALSE,TRUE,TRUE,0.985238943596373
120,1634000,"2004-07-17",240.116451,0.965900850815471,1.00332418098418,2004,7,17,"Summer",0.981966123366028,0.743060509556238,0.313654899597168,0.00903177261352539,5,32,28,FALSE,TRUE,TRUE,0.985238943596373
120,1634000,"2004-07-18",231.332175,0.963416600722622,0.997428048550996,2004,7,18,"Summer",0.981966123366028,0.743060509556238,0.313654899597168,0.00903177261352539,5,32,28,FALSE,TRUE,TRUE,0.985238943596373
120,1634000,"2004-07-19",231.902469,1.00246526018268,1.04053143721083,2004,7,19,"Summer",0.981966123366028,0.743060509556238,0.313654899597168,0.00903177261352539,5,32,28,FALSE,TRUE,TRUE,0.985238943596373
120,1634000,"2004-07-20",232.03491,1.00057110646804,0.998110504383668,2004,7,20,"Summer",0.981966123366028,0.743060509556238,0.313654899597168,0.00903177261352539,5,32,28,FALSE,TRUE,TRUE,0.985238943596373
120,1634000,"2004-07-21",222.8455,0.960396433450467,0.959848257902043,2004,7,21,"Summer",0.981966123366028,0.743060509556238,0.313654899597168,0.00903177261352539,5,32,28,FALSE,TRUE,TRUE,0.985238943596373
120,1634000,"2004-07-22",214.454839,0.962347630982003,1.00203165845226,2004,7,22,"Summer",0.981966123366028,0.743060509556238,0.313654899597168,0.00903177261352539,5,32,28,FALSE,TRUE,TRUE,0.985238943596373
120,1634000,"2004-07-23",205.427565,0.957905944010897,0.99538452963554,2004,7,23,"Summer",0.981966123366028,0.743060509556238,0.313654899597168,0.00903177261352539,5,32,28,FALSE,TRUE,TRUE,0.985238943596373
120,1634000,"2004-07-24",195.686051,0.952579324006493,0.994439307911484,2004,7,24,"Summer",0.981966123366028,0.743060509556238,0.313654899597168,0.00903177261352539,5,32,28,FALSE,TRUE,TRUE,0.985238943596373
120,1634000,"2004-07-25",186.597367,0.953554768193467,1.0010240031065,2004,7,25,"Summer",0.981966123366028,0.743060509556238,0.313654899597168,0.00903177261352539,5,32,28,FALSE,TRUE,TRUE,0.985238943596373
120,1634000,"2004-07-26",180.158683,0.965494239798143,1.01252101295377,2004,7,26,"Summer",0.981966123366028,0.743060509556238,0.313654899597168,0.00903177261352539,5,32,28,FALSE,TRUE,TRUE,0.985238943596373
120,1634000,"2004-07-27",175.772885,0.975655916623236,1.01052484458863,2004,7,27,"Summer",0.981966123366028,0.743060509556238,0.313654899597168,0.00903177261352539,5,32,28,FALSE,TRUE,TRUE,0.985238943596373
120,1634000,"2004-07-28",175.998949,1.00128611418081,1.02626970955732,2004,7,28,"Summer",0.981966123366028,0.743060509556238,0.313654899597168,0.00903177261352539,5,32,28,FALSE,TRUE,TRUE,0.985238943596373
120,1634000,"2004-07-29",174.678739,0.992498762023857,0.991223934864871,2004,7,29,"Summer",0.981966123366028,0.743060509556238,0.313654899597168,0.00903177261352539,5,32,28,FALSE,TRUE,TRUE,0.985238943596373
120,1634000,"2004-07-30",167.624845,0.959617901752771,0.966870628428758,2004,7,30,"Summer",0.981966123366028,0.743060509556238,0.313654899597168,0.00903177261352539,5,32,28,FALSE,TRUE,TRUE,0.985238943596373
120,1634000,"2004-07-31",160.167861,0.955513849990435,0.995723243850662,2004,7,31,"Summer",0.981966123366028,0.743060509556238,0.313654899597168,0.00903177261352539,5,32,28,FALSE,TRUE,TRUE,0.985238943596373
120,1634000,"2004-08-01",156.273431,0.975685321788745,1.02111060116869,2004,8,1,"Summer",0.981966123366028,0.743060509556238,0.313654899597168,0.00903177261352539,5,32,28,FALSE,TRUE,TRUE,0.985238943596373
120,1634000,"2004-08-02",169.790307,1.08649503574283,1.11357116016764,2004,8,2,"Summer",0.981966123366028,0.743060509556238,0.313654899597168,0.00903177261352539,5,32,28,FALSE,TRUE,TRUE,0.985238943596373
120,1634000,"2004-08-03",185.63396,1.09331305938448,1.00627524601342,2004,8,3,"Summer",0.981966123366028,0.743060509556238,0.313654899597168,0.00903177261352539,5,32,28,FALSE,TRUE,TRUE,0.985238943596373
120,1634000,"2004-08-04",186.637963,1.00540850930509,0.919598005964657,2004,8,4,"Summer",0.981966123366028,0.743060509556238,0.313654899597168,0.00903177261352539,5,32,28,FALSE,TRUE,TRUE,0.985238943596373
120,1634000,"2004-08-05",182.824119,0.979565550659166,0.97429606134547,2004,8,5,"Summer",0.981966123366028,0.743060509556238,0.313654899597168,0.00903177261352539,5,32,28,FALSE,TRUE,TRUE,0.985238943596373
120,1634000,"2004-08-06",176.528141,0.965562650954167,0.985704989629764,2004,8,6,"Summer",0.981966123366028,0.743060509556238,0.313654899597168,0.00903177261352539,5,32,28,FALSE,TRUE,TRUE,0.985238943596373
120,1634000,"2004-08-07",171.282198,0.970282681445107,1.00488837310171,2004,8,7,"Summer",0.981966123366028,0.743060509556238,0.313654899597168,0.00903177261352539,5,32,28,FALSE,TRUE,TRUE,0.985238943596373
120,1634000,"2004-08-08",169.635436,0.990385679193584,1.02071870201634,2004,8,8,"Summer",0.981966123366028,0.743060509556238,0.313654899597168,0.00903177261352539,5,32,28,FALSE,TRUE,TRUE,0.985238943596373
120,1634000,"2004-08-09",168.74425,0.994746463233071,1.00440311701906,2004,8,9,"Summer",0.981966123366028,0.743060509556238,0.313654899597168,0.00903177261352539,5,32,28,FALSE,TRUE,TRUE,0.985238943596373
120,1634000,"2004-08-10",165.605034,0.981396604625046,0.986579637021643,2004,8,10,"Summer",0.981966123366028,0.743060509556238,0.313654899597168,0.00903177261352539,5,32,28,FALSE,TRUE,TRUE,0.985238943596373
120,1634000,"2004-08-11",160.241753,0.967614021926411,0.985956154083189,2004,8,11,"Summer",0.981966123366028,0.743060509556238,0.313654899597168,0.00903177261352539,5,32,28,FALSE,TRUE,TRUE,0.985238943596373
120,1634000,"2004-08-12",152.976227,0.954658970811434,0.986611344170907,2004,8,12,"Summer",0.981966123366028,0.743060509556238,0.313654899597168,0.00903177261352539,5,32,28,FALSE,TRUE,TRUE,0.985238943596373
121,1634000,"2004-08-21",226.213271,0.90812345815494,0.993916135627565,2004,8,21,"Summer",0.94751682938614,0.998051576170638,0.32471227645874,0.141726016998291,2,19,18,FALSE,TRUE,TRUE,0.94812532317087
121,1634000,"2004-08-22",215.997836,0.954841575143485,1.05144467590724,2004,8,22,"Summer",0.94751682938614,0.998051576170638,0.32471227645874,0.141726016998291,2,19,18,FALSE,TRUE,TRUE,0.94812532317087
121,1634000,"2004-08-23",209.53417,0.970075320569415,1.01595421253378,2004,8,23,"Summer",0.94751682938614,0.998051576170638,0.32471227645874,0.141726016998291,2,19,18,FALSE,TRUE,TRUE,0.94812532317087
121,1634000,"2004-08-24",197.577367,0.942936261899432,0.972023761356949,2004,8,24,"Summer",0.94751682938614,0.998051576170638,0.32471227645874,0.141726016998291,2,19,18,FALSE,TRUE,TRUE,0.94812532317087
121,1634000,"2004-08-25",187.398605,0.948482145730791,1.00588150446159,2004,8,25,"Summer",0.94751682938614,0.998051576170638,0.32471227645874,0.141726016998291,2,19,18,FALSE,TRUE,TRUE,0.94812532317087
121,1634000,"2004-08-26",176.61678,0.942465820383241,0.993656891302984,2004,8,26,"Summer",0.94751682938614,0.998051576170638,0.32471227645874,0.141726016998291,2,19,18,FALSE,TRUE,TRUE,0.94812532317087
121,1634000,"2004-08-27",165.904926,0.939349737890137,0.996693691775647,2004,8,27,"Summer",0.94751682938614,0.998051576170638,0.32471227645874,0.141726016998291,2,19,18,FALSE,TRUE,TRUE,0.94812532317087
121,1634000,"2004-08-28",155.583215,0.937785385588852,0.998334643383413,2004,8,28,"Summer",0.94751682938614,0.998051576170638,0.32471227645874,0.141726016998291,2,19,18,FALSE,TRUE,TRUE,0.94812532317087
121,1634000,"2004-08-29",146.254108,0.940037831201778,1.00240187749515,2004,8,29,"Summer",0.94751682938614,0.998051576170638,0.32471227645874,0.141726016998291,2,19,18,FALSE,TRUE,TRUE,0.94812532317087
121,1634000,"2004-08-30",137.97747,0.943409192991694,1.00358641075711,2004,8,30,"Summer",0.94751682938614,0.998051576170638,0.32471227645874,0.141726016998291,2,19,18,FALSE,TRUE,TRUE,0.94812532317087
121,1634000,"2004-08-31",132.028735,0.956886185838891,1.01428541607111,2004,8,31,"Summer",0.94751682938614,0.998051576170638,0.32471227645874,0.141726016998291,2,19,18,FALSE,TRUE,TRUE,0.94812532317087
121,1634000,"2004-09-01",126.60982,0.958956548360476,1.00216364553301,2004,9,1,"Fall",0.94751682938614,0.998051576170638,0.32471227645874,0.141726016998291,2,19,18,FALSE,TRUE,TRUE,0.94812532317087
121,1634000,"2004-09-02",120.377348,0.950774181655104,0.991467427049368,2004,9,2,"Fall",0.94751682938614,0.998051576170638,0.32471227645874,0.141726016998291,2,19,18,FALSE,TRUE,TRUE,0.94812532317087
121,1634000,"2004-09-03",114.699986,0.952836957331873,1.0021695747703,2004,9,3,"Fall",0.94751682938614,0.998051576170638,0.32471227645874,0.141726016998291,2,19,18,FALSE,TRUE,TRUE,0.94812532317087
121,1634000,"2004-09-04",109.002994,0.950331362725711,0.997370384736988,2004,9,4,"Fall",0.94751682938614,0.998051576170638,0.32471227645874,0.141726016998291,2,19,18,FALSE,TRUE,TRUE,0.94812532317087
121,1634000,"2004-09-05",103.38948,0.948501286120636,0.998074275271916,2004,9,5,"Fall",0.94751682938614,0.998051576170638,0.32471227645874,0.141726016998291,2,19,18,FALSE,TRUE,TRUE,0.94812532317087
121,1634000,"2004-09-06",97.935862,0.947251712650068,0.99868258115318,2004,9,6,"Fall",0.94751682938614,0.998051576170638,0.32471227645874,0.141726016998291,2,19,18,FALSE,TRUE,TRUE,0.94812532317087
121,1634000,"2004-09-07",93.478716,0.954489132898019,1.0076404403933,2004,9,7,"Fall",0.94751682938614,0.998051576170638,0.32471227645874,0.141726016998291,2,19,18,FALSE,TRUE,TRUE,0.94812532317087
122,1634000,"2004-10-13",663.962858,0.938347020651012,1.01176988947877,2004,10,13,"Fall",0.985086505054999,0.553373868461349,0.303673267364502,0.0285390615463257,3,14,12,FALSE,TRUE,TRUE,0.993066346447092
122,1634000,"2004-10-14",627.892765,0.945674531993174,1.00780895679413,2004,10,14,"Fall",0.985086505054999,0.553373868461349,0.303673267364502,0.0285390615463257,3,14,12,FALSE,TRUE,TRUE,0.993066346447092
122,1634000,"2004-10-15",607.868684,0.968109075122087,1.02372332379686,2004,10,15,"Fall",0.985086505054999,0.553373868461349,0.303673267364502,0.0285390615463257,3,14,12,FALSE,TRUE,TRUE,0.993066346447092
122,1634000,"2004-10-16",612.602685,1.00778786788102,1.04098587006214,2004,10,16,"Fall",0.985086505054999,0.553373868461349,0.303673267364502,0.0285390615463257,3,14,12,FALSE,TRUE,TRUE,0.993066346447092
122,1634000,"2004-10-17",628.863957,1.02654456534091,1.01861175159742,2004,10,17,"Fall",0.985086505054999,0.553373868461349,0.303673267364502,0.0285390615463257,3,14,12,FALSE,TRUE,TRUE,0.993066346447092
122,1634000,"2004-10-18",637.623419,1.01392902535198,0.98771067480666,2004,10,18,"Fall",0.985086505054999,0.553373868461349,0.303673267364502,0.0285390615463257,3,14,12,FALSE,TRUE,TRUE,0.993066346447092
122,1634000,"2004-10-19",630.005312,0.98805234128328,0.974478801354249,2004,10,19,"Fall",0.985086505054999,0.553373868461349,0.303673267364502,0.0285390615463257,3,14,12,FALSE,TRUE,TRUE,0.993066346447092
122,1634000,"2004-10-20",608.388241,0.965687478203358,0.977364698057519,2004,10,20,"Fall",0.985086505054999,0.553373868461349,0.303673267364502,0.0285390615463257,3,14,12,FALSE,TRUE,TRUE,0.993066346447092
122,1634000,"2004-10-21",594.630566,0.977386684894852,1.01211489944268,2004,10,21,"Fall",0.985086505054999,0.553373868461349,0.303673267364502,0.0285390615463257,3,14,12,FALSE,TRUE,TRUE,0.993066346447092
122,1634000,"2004-10-22",596.97001,1.00393428144089,1.02716181523272,2004,10,22,"Fall",0.985086505054999,0.553373868461349,0.303673267364502,0.0285390615463257,3,14,12,FALSE,TRUE,TRUE,0.993066346447092
122,1634000,"2004-10-23",598.818268,1.00309606507704,0.999165068491685,2004,10,23,"Fall",0.985086505054999,0.553373868461349,0.303673267364502,0.0285390615463257,3,14,12,FALSE,TRUE,TRUE,0.993066346447092
122,1634000,"2004-10-24",596.621275,0.996331118943085,0.993255933933473,2004,10,24,"Fall",0.985086505054999,0.553373868461349,0.303673267364502,0.0285390615463257,3,14,12,FALSE,TRUE,TRUE,0.993066346447092
125,1634000,"2005-05-13",373.994397,0.9444317407213,1.00408714672132,2005,5,13,"Spring",0.94942148562824,0.979350933621409,0.901538610458374,0.000458836555480957,7,14,8,FALSE,TRUE,TRUE,0.963447756442707
125,1634000,"2005-05-14",354.05476,0.946684663834683,1.0023854800895,2005,5,14,"Spring",0.94942148562824,0.979350933621409,0.901538610458374,0.000458836555480957,7,14,8,FALSE,TRUE,TRUE,0.963447756442707
125,1634000,"2005-05-15",339.227093,0.958120413350748,1.01207978744447,2005,5,15,"Spring",0.94942148562824,0.979350933621409,0.901538610458374,0.000458836555480957,7,14,8,FALSE,TRUE,TRUE,0.963447756442707
125,1634000,"2005-05-16",334.358837,0.9856489764513,1.0287318407133,2005,5,16,"Spring",0.94942148562824,0.979350933621409,0.901538610458374,0.000458836555480957,7,14,8,FALSE,TRUE,TRUE,0.963447756442707
125,1634000,"2005-05-17",326.772757,0.977311561231444,0.991541192230653,2005,5,17,"Spring",0.94942148562824,0.979350933621409,0.901538610458374,0.000458836555480957,7,14,8,FALSE,TRUE,TRUE,0.963447756442707
125,1634000,"2005-05-18",311.713229,0.953914371142023,0.976059640530661,2005,5,18,"Spring",0.94942148562824,0.979350933621409,0.901538610458374,0.000458836555480957,7,14,8,FALSE,TRUE,TRUE,0.963447756442707
125,1634000,"2005-05-19",297.076871,0.953045438440471,0.999089087314503,2005,5,19,"Spring",0.94942148562824,0.979350933621409,0.901538610458374,0.000458836555480957,7,14,8,FALSE,TRUE,TRUE,0.963447756442707
125,1634000,"2005-05-20",282.098252,0.949579989348952,0.99636381545754,2005,5,20,"Spring",0.94942148562824,0.979350933621409,0.901538610458374,0.000458836555480957,7,14,8,FALSE,TRUE,TRUE,0.963447756442707
126,1634000,"2005-06-05",380.570128,0.948859792891979,1.01716516318009,2005,6,5,"Summer",0.954165822778464,0.986827334261244,0.411824345588684,8.8810920715332e-05,8,37,30,FALSE,TRUE,TRUE,0.956849924724583
126,1634000,"2005-06-06",366.858934,0.963971964715002,1.01592666475725,2005,6,6,"Summer",0.954165822778464,0.986827334261244,0.411824345588684,8.8810920715332e-05,8,37,30,FALSE,TRUE,TRUE,0.956849924724583
126,1634000,"2005-06-07",356.976047,0.973060797805186,1.00942852429621,2005,6,7,"Summer",0.954165822778464,0.986827334261244,0.411824345588684,8.8810920715332e-05,8,37,30,FALSE,TRUE,TRUE,0.956849924724583
126,1634000,"2005-06-08",345.913285,0.969009791853065,0.995836841889779,2005,6,8,"Summer",0.954165822778464,0.986827334261244,0.411824345588684,8.8810920715332e-05,8,37,30,FALSE,TRUE,TRUE,0.956849924724583
126,1634000,"2005-06-09",333.025991,0.96274414843593,0.993533973062178,2005,6,9,"Summer",0.954165822778464,0.986827334261244,0.411824345588684,8.8810920715332e-05,8,37,30,FALSE,TRUE,TRUE,0.956849924724583
126,1634000,"2005-06-10",321.240648,0.964611341701555,1.00193944909316,2005,6,10,"Summer",0.954165822778464,0.986827334261244,0.411824345588684,8.8810920715332e-05,8,37,30,FALSE,TRUE,TRUE,0.956849924724583
126,1634000,"2005-06-11",311.78399,0.970562075319933,1.00616904794824,2005,6,11,"Summer",0.954165822778464,0.986827334261244,0.411824345588684,8.8810920715332e-05,8,37,30,FALSE,TRUE,TRUE,0.956849924724583
126,1634000,"2005-06-12",299.213289,0.95968137748189,0.988789281886524,2005,6,12,"Summer",0.954165822778464,0.986827334261244,0.411824345588684,8.8810920715332e-05,8,37,30,FALSE,TRUE,TRUE,0.956849924724583
126,1634000,"2005-06-13",283.657301,0.948010370622276,0.987838664859541,2005,6,13,"Summer",0.954165822778464,0.986827334261244,0.411824345588684,8.8810920715332e-05,8,37,30,FALSE,TRUE,TRUE,0.956849924724583
126,1634000,"2005-06-14",271.30674,0.956459569500028,1.00891255954532,2005,6,14,"Summer",0.954165822778464,0.986827334261244,0.411824345588684,8.8810920715332e-05,8,37,30,FALSE,TRUE,TRUE,0.956849924724583
126,1634000,"2005-06-15",258.891388,0.954238689388992,0.997678019874696,2005,6,15,"Summer",0.954165822778464,0.986827334261244,0.411824345588684,8.8810920715332e-05,8,37,30,FALSE,TRUE,TRUE,0.956849924724583
126,1634000,"2005-06-16",244.29183,0.943607401880823,0.988858880250415,2005,6,16,"Summer",0.954165822778464,0.986827334261244,0.411824345588684,8.8810920715332e-05,8,37,30,FALSE,TRUE,TRUE,0.956849924724583
126,1634000,"2005-06-17",230.709193,0.944399953940334,1.00083991717099,2005,6,17,"Summer",0.954165822778464,0.986827334261244,0.411824345588684,8.8810920715332e-05,8,37,30,FALSE,TRUE,TRUE,0.956849924724583
126,1634000,"2005-06-18",217.934859,0.944630147442803,1.00024374577901,2005,6,18,"Summer",0.954165822778464,0.986827334261244,0.411824345588684,8.8810920715332e-05,8,37,30,FALSE,TRUE,TRUE,0.956849924724583
126,1634000,"2005-06-19",206.153866,0.945942594709,1.00138937685797,2005,6,19,"Summer",0.954165822778464,0.986827334261244,0.411824345588684,8.8810920715332e-05,8,37,30,FALSE,TRUE,TRUE,0.956849924724583
126,1634000,"2005-06-20",195.323013,0.947462285281616,1.00160653572544,2005,6,20,"Summer",0.954165822778464,0.986827334261244,0.411824345588684,8.8810920715332e-05,8,37,30,FALSE,TRUE,TRUE,0.956849924724583
126,1634000,"2005-06-21",185.343508,0.948907684523585,1.00152554805022,2005,6,21,"Summer",0.954165822778464,0.986827334261244,0.411824345588684,8.8810920715332e-05,8,37,30,FALSE,TRUE,TRUE,0.956849924724583
126,1634000,"2005-06-22",176.099822,0.950126734409278,1.00128468754714,2005,6,22,"Summer",0.954165822778464,0.986827334261244,0.411824345588684,8.8810920715332e-05,8,37,30,FALSE,TRUE,TRUE,0.956849924724583
126,1634000,"2005-06-23",167.952565,0.95373500718246,1.003797675239,2005,6,23,"Summer",0.954165822778464,0.986827334261244,0.411824345588684,8.8810920715332e-05,8,37,30,FALSE,TRUE,TRUE,0.956849924724583
126,1634000,"2005-06-24",160.35695,0.954775236686621,1.00109069028223,2005,6,24,"Summer",0.954165822778464,0.986827334261244,0.411824345588684,8.8810920715332e-05,8,37,30,FALSE,TRUE,TRUE,0.956849924724583
126,1634000,"2005-06-25",152.760188,0.952625926097996,0.997748883186284,2005,6,25,"Summer",0.954165822778464,0.986827334261244,0.411824345588684,8.8810920715332e-05,8,37,30,FALSE,TRUE,TRUE,0.956849924724583
126,1634000,"2005-06-26",145.441823,0.952092458802159,0.999440003383046,2005,6,26,"Summer",0.954165822778464,0.986827334261244,0.411824345588684,8.8810920715332e-05,8,37,30,FALSE,TRUE,TRUE,0.956849924724583
126,1634000,"2005-06-27",138.252598,0.950569754615906,0.998400676140037,2005,6,27,"Summer",0.954165822778464,0.986827334261244,0.411824345588684,8.8810920715332e-05,8,37,30,FALSE,TRUE,TRUE,0.956849924724583
126,1634000,"2005-06-28",131.182459,0.948860715080378,0.998202089297256,2005,6,28,"Summer",0.954165822778464,0.986827334261244,0.411824345588684,8.8810920715332e-05,8,37,30,FALSE,TRUE,TRUE,0.956849924724583
126,1634000,"2005-06-29",131.801916,1.00472210236584,1.05887206246148,2005,6,29,"Summer",0.954165822778464,0.986827334261244,0.411824345588684,8.8810920715332e-05,8,37,30,FALSE,TRUE,TRUE,0.956849924724583
126,1634000,"2005-06-30",133.147278,1.01020745404035,1.00545957102128,2005,6,30,"Summer",0.954165822778464,0.986827334261244,0.411824345588684,8.8810920715332e-05,8,37,30,FALSE,TRUE,TRUE,0.956849924724583
126,1634000,"2005-07-01",128.083694,0.961970052440727,0.952250004287044,2005,7,1,"Summer",0.954165822778464,0.986827334261244,0.411824345588684,8.8810920715332e-05,8,37,30,FALSE,TRUE,TRUE,0.956849924724583
126,1634000,"2005-07-02",125.435768,0.979326595624264,1.01804270636025,2005,7,2,"Summer",0.954165822778464,0.986827334261244,0.411824345588684,8.8810920715332e-05,8,37,30,FALSE,TRUE,TRUE,0.956849924724583
126,1634000,"2005-07-03",123.023999,0.980772876521153,1.00147681162071,2005,7,3,"Summer",0.954165822778464,0.986827334261244,0.411824345588684,8.8810920715332e-05,8,37,30,FALSE,TRUE,TRUE,0.956849924724583
126,1634000,"2005-07-04",120.015796,0.975547835995804,0.994672527503124,2005,7,4,"Summer",0.954165822778464,0.986827334261244,0.411824345588684,8.8810920715332e-05,8,37,30,FALSE,TRUE,TRUE,0.956849924724583
127,1634000,"2005-07-16",705.441822,0.815564944154692,1.03765411384503,2005,7,16,"Summer",0.935826127798766,0.996759925621081,0.463469266891479,0.204904437065125,2,23,22,FALSE,TRUE,TRUE,0.938722301160206
127,1634000,"2005-07-17",616.722437,0.874235716917844,1.07193881147499,2005,7,17,"Summer",0.935826127798766,0.996759925621081,0.463469266891479,0.204904437065125,2,23,22,FALSE,TRUE,TRUE,0.938722301160206
127,1634000,"2005-07-18",589.835273,0.956403136343165,1.09398771731153,2005,7,18,"Summer",0.935826127798766,0.996759925621081,0.463469266891479,0.204904437065125,2,23,22,FALSE,TRUE,TRUE,0.938722301160206
127,1634000,"2005-07-19",567.934551,0.962869765504851,1.00676140522334,2005,7,19,"Summer",0.935826127798766,0.996759925621081,0.463469266891479,0.204904437065125,2,23,22,FALSE,TRUE,TRUE,0.938722301160206
127,1634000,"2005-07-20",529.069643,0.931567980973216,0.967491154408381,2005,7,20,"Summer",0.935826127798766,0.996759925621081,0.463469266891479,0.204904437065125,2,23,22,FALSE,TRUE,TRUE,0.938722301160206
127,1634000,"2005-07-21",495.591372,0.936722373995667,1.00553302939531,2005,7,21,"Summer",0.935826127798766,0.996759925621081,0.463469266891479,0.204904437065125,2,23,22,FALSE,TRUE,TRUE,0.938722301160206
127,1634000,"2005-07-22",461.238099,0.930682261756567,0.99355186509175,2005,7,22,"Summer",0.935826127798766,0.996759925621081,0.463469266891479,0.204904437065125,2,23,22,FALSE,TRUE,TRUE,0.938722301160206
127,1634000,"2005-07-23",433.065613,0.938919863599559,1.00885114306084,2005,7,23,"Summer",0.935826127798766,0.996759925621081,0.463469266891479,0.204904437065125,2,23,22,FALSE,TRUE,TRUE,0.938722301160206
127,1634000,"2005-07-24",407.392353,0.940717389630287,1.0019144616068,2005,7,24,"Summer",0.935826127798766,0.996759925621081,0.463469266891479,0.204904437065125,2,23,22,FALSE,TRUE,TRUE,0.938722301160206
127,1634000,"2005-07-25",381.487319,0.936412566879968,0.99542389372433,2005,7,25,"Summer",0.935826127798766,0.996759925621081,0.463469266891479,0.204904437065125,2,23,22,FALSE,TRUE,TRUE,0.938722301160206
127,1634000,"2005-07-26",356.156041,0.93359863686583,0.996994989053261,2005,7,26,"Summer",0.935826127798766,0.996759925621081,0.463469266891479,0.204904437065125,2,23,22,FALSE,TRUE,TRUE,0.938722301160206
127,1634000,"2005-07-27",331.125505,0.929720310429888,0.995845831085442,2005,7,27,"Summer",0.935826127798766,0.996759925621081,0.463469266891479,0.204904437065125,2,23,22,FALSE,TRUE,TRUE,0.938722301160206
127,1634000,"2005-07-28",307.230358,0.927836585707888,0.997973880207985,2005,7,28,"Summer",0.935826127798766,0.996759925621081,0.463469266891479,0.204904437065125,2,23,22,FALSE,TRUE,TRUE,0.938722301160206
127,1634000,"2005-07-29",284.548693,0.926173750707279,0.998207836351549,2005,7,29,"Summer",0.935826127798766,0.996759925621081,0.463469266891479,0.204904437065125,2,23,22,FALSE,TRUE,TRUE,0.938722301160206
127,1634000,"2005-07-30",265.804047,0.934124997017646,1.00858504822048,2005,7,30,"Summer",0.935826127798766,0.996759925621081,0.463469266891479,0.204904437065125,2,23,22,FALSE,TRUE,TRUE,0.938722301160206
127,1634000,"2005-07-31",253.136528,0.952342640591924,1.01950236171009,2005,7,31,"Summer",0.935826127798766,0.996759925621081,0.463469266891479,0.204904437065125,2,23,22,FALSE,TRUE,TRUE,0.938722301160206
127,1634000,"2005-08-01",242.99402,0.959932657368201,1.00796983822079,2005,8,1,"Summer",0.935826127798766,0.996759925621081,0.463469266891479,0.204904437065125,2,23,22,FALSE,TRUE,TRUE,0.938722301160206
127,1634000,"2005-08-02",232.42332,0.956498106414306,0.996422091771196,2005,8,2,"Summer",0.935826127798766,0.996759925621081,0.463469266891479,0.204904437065125,2,23,22,FALSE,TRUE,TRUE,0.938722301160206
127,1634000,"2005-08-03",221.114643,0.951344482128557,0.994611986943635,2005,8,3,"Summer",0.935826127798766,0.996759925621081,0.463469266891479,0.204904437065125,2,23,22,FALSE,TRUE,TRUE,0.938722301160206
127,1634000,"2005-08-04",208.725285,0.943968622647936,0.992246909905738,2005,8,4,"Summer",0.935826127798766,0.996759925621081,0.463469266891479,0.204904437065125,2,23,22,FALSE,TRUE,TRUE,0.938722301160206
127,1634000,"2005-08-05",195.399239,0.936155094961303,0.991722682831644,2005,8,5,"Summer",0.935826127798766,0.996759925621081,0.463469266891479,0.204904437065125,2,23,22,FALSE,TRUE,TRUE,0.938722301160206
127,1634000,"2005-08-06",181.788146,0.930342139152343,0.993790606022179,2005,8,6,"Summer",0.935826127798766,0.996759925621081,0.463469266891479,0.204904437065125,2,23,22,FALSE,TRUE,TRUE,0.938722301160206
128,1634000,"2005-09-17",100.129225,0.960608547202782,1.02106788015113,2005,9,17,"Fall",0.950814583213128,0.9965676135655,0.31452488899231,0.00016629695892334,14,33,20,FALSE,TRUE,TRUE,0.955772632367852
128,1634000,"2005-09-18",97.89024,0.97763904594288,1.01772886446793,2005,9,18,"Fall",0.950814583213128,0.9965676135655,0.31452488899231,0.00016629695892334,14,33,20,FALSE,TRUE,TRUE,0.955772632367852
128,1634000,"2005-09-19",94.062343,0.960896030084307,0.982874031138531,2005,9,19,"Fall",0.950814583213128,0.9965676135655,0.31452488899231,0.00016629695892334,14,33,20,FALSE,TRUE,TRUE,0.955772632367852
128,1634000,"2005-09-20",89.256842,0.948911532003833,0.987527788954002,2005,9,20,"Fall",0.950814583213128,0.9965676135655,0.31452488899231,0.00016629695892334,14,33,20,FALSE,TRUE,TRUE,0.955772632367852
128,1634000,"2005-09-21",84.640823,0.948283863773715,0.999338538726795,2005,9,21,"Fall",0.950814583213128,0.9965676135655,0.31452488899231,0.00016629695892334,14,33,20,FALSE,TRUE,TRUE,0.955772632367852
128,1634000,"2005-09-22",80.016092,0.945360514748303,0.996917221586184,2005,9,22,"Fall",0.950814583213128,0.9965676135655,0.31452488899231,0.00016629695892334,14,33,20,FALSE,TRUE,TRUE,0.955772632367852
128,1634000,"2005-09-23",75.528985,0.943922442500691,0.998478810755075,2005,9,23,"Fall",0.950814583213128,0.9965676135655,0.31452488899231,0.00016629695892334,14,33,20,FALSE,TRUE,TRUE,0.955772632367852
128,1634000,"2005-09-24",74.517018,0.986601607316714,1.04521469444349,2005,9,24,"Fall",0.950814583213128,0.9965676135655,0.31452488899231,0.00016629695892334,14,33,20,FALSE,TRUE,TRUE,0.955772632367852
128,1634000,"2005-09-25",73.64188,0.988255863915542,1.00167672197831,2005,9,25,"Fall",0.950814583213128,0.9965676135655,0.31452488899231,0.00016629695892334,14,33,20,FALSE,TRUE,TRUE,0.955772632367852
128,1634000,"2005-09-26",69.863303,0.948689835186174,0.959963780460047,2005,9,26,"Fall",0.950814583213128,0.9965676135655,0.31452488899231,0.00016629695892334,14,33,20,FALSE,TRUE,TRUE,0.955772632367852
128,1634000,"2005-09-27",66.353922,0.949767891735666,1.00113636355056,2005,9,27,"Fall",0.950814583213128,0.9965676135655,0.31452488899231,0.00016629695892334,14,33,20,FALSE,TRUE,TRUE,0.955772632367852
128,1634000,"2005-09-28",62.935,0.948474454908634,0.998638154818365,2005,9,28,"Fall",0.950814583213128,0.9965676135655,0.31452488899231,0.00016629695892334,14,33,20,FALSE,TRUE,TRUE,0.955772632367852
128,1634000,"2005-09-29",59.722107,0.948949026773655,1.00050035281664,2005,9,29,"Fall",0.950814583213128,0.9965676135655,0.31452488899231,0.00016629695892334,14,33,20,FALSE,TRUE,TRUE,0.955772632367852
128,1634000,"2005-09-30",56.731397,0.949922898734969,1.00102626372317,2005,9,30,"Fall",0.950814583213128,0.9965676135655,0.31452488899231,0.00016629695892334,14,33,20,FALSE,TRUE,TRUE,0.955772632367852
128,1634000,"2005-10-01",53.973777,0.95139164297329,1.00154617205278,2005,10,1,"Fall",0.950814583213128,0.9965676135655,0.31452488899231,0.00016629695892334,14,33,20,FALSE,TRUE,TRUE,0.955772632367852
128,1634000,"2005-10-02",51.451478,0.953268065712726,1.00197229264446,2005,10,2,"Fall",0.950814583213128,0.9965676135655,0.31452488899231,0.00016629695892334,14,33,20,FALSE,TRUE,TRUE,0.955772632367852
128,1634000,"2005-10-03",49.125571,0.954794165485392,1.00160091355995,2005,10,3,"Fall",0.950814583213128,0.9965676135655,0.31452488899231,0.00016629695892334,14,33,20,FALSE,TRUE,TRUE,0.955772632367852
128,1634000,"2005-10-04",46.947791,0.955669115784934,1.00091637583384,2005,10,4,"Fall",0.950814583213128,0.9965676135655,0.31452488899231,0.00016629695892334,14,33,20,FALSE,TRUE,TRUE,0.955772632367852
128,1634000,"2005-10-05",44.898682,0.956353452284901,1.00071608100405,2005,10,5,"Fall",0.950814583213128,0.9965676135655,0.31452488899231,0.00016629695892334,14,33,20,FALSE,TRUE,TRUE,0.955772632367852
128,1634000,"2005-10-06",42.968622,0.957012992051749,1.00068964017986,2005,10,6,"Fall",0.950814583213128,0.9965676135655,0.31452488899231,0.00016629695892334,14,33,20,FALSE,TRUE,TRUE,0.955772632367852
129,1634000,"2006-02-11",988.659567,0.875907412227837,0.984029536381234,2006,2,11,"Winter",0.967542706044481,0.998053812282659,0.820293843746185,0.820293843746185,1,57,57,FALSE,TRUE,TRUE,0.967798779521338
129,1634000,"2006-02-12",917.622884,0.928148489762199,1.05964223707331,2006,2,12,"Winter",0.967542706044481,0.998053812282659,0.820293843746185,0.820293843746185,1,57,57,FALSE,TRUE,TRUE,0.967798779521338
129,1634000,"2006-02-13",908.681786,0.990256239076095,1.06691574677863,2006,2,13,"Winter",0.967542706044481,0.998053812282659,0.820293843746185,0.820293843746185,1,57,57,FALSE,TRUE,TRUE,0.967798779521338
129,1634000,"2006-02-14",896.778869,0.9869008962396,0.99661164181139,2006,2,14,"Winter",0.967542706044481,0.998053812282659,0.820293843746185,0.820293843746185,1,57,57,FALSE,TRUE,TRUE,0.967798779521338
129,1634000,"2006-02-15",867.748232,0.967627875718825,0.980471169299561,2006,2,15,"Winter",0.967542706044481,0.998053812282659,0.820293843746185,0.820293843746185,1,57,57,FALSE,TRUE,TRUE,0.967798779521338
129,1634000,"2006-02-16",835.617753,0.962972579124771,0.995188959815161,2006,2,16,"Winter",0.967542706044481,0.998053812282659,0.820293843746185,0.820293843746185,1,57,57,FALSE,TRUE,TRUE,0.967798779521338
129,1634000,"2006-02-17",814.983111,0.97530612301388,1.01280778306306,2006,2,17,"Winter",0.967542706044481,0.998053812282659,0.820293843746185,0.820293843746185,1,57,57,FALSE,TRUE,TRUE,0.967798779521338
129,1634000,"2006-02-18",803.472724,0.985876533090512,1.0108380433868,2006,2,18,"Winter",0.967542706044481,0.998053812282659,0.820293843746185,0.820293843746185,1,57,57,FALSE,TRUE,TRUE,0.967798779521338
129,1634000,"2006-02-19",793.940486,0.988136202119538,1.00229204058843,2006,2,19,"Winter",0.967542706044481,0.998053812282659,0.820293843746185,0.820293843746185,1,57,57,FALSE,TRUE,TRUE,0.967798779521338
129,1634000,"2006-02-20",784.882727,0.988591387944411,1.00046065089397,2006,2,20,"Winter",0.967542706044481,0.998053812282659,0.820293843746185,0.820293843746185,1,57,57,FALSE,TRUE,TRUE,0.967798779521338
129,1634000,"2006-02-21",769.483363,0.980380044724822,0.991693895658283,2006,2,21,"Winter",0.967542706044481,0.998053812282659,0.820293843746185,0.820293843746185,1,57,57,FALSE,TRUE,TRUE,0.967798779521338
129,1634000,"2006-02-22",744.385939,0.96738405895853,0.986743930747857,2006,2,22,"Winter",0.967542706044481,0.998053812282659,0.820293843746185,0.820293843746185,1,57,57,FALSE,TRUE,TRUE,0.967798779521338
129,1634000,"2006-02-23",715.690674,0.961451092106134,0.993866999567076,2006,2,23,"Winter",0.967542706044481,0.998053812282659,0.820293843746185,0.820293843746185,1,57,57,FALSE,TRUE,TRUE,0.967798779521338
129,1634000,"2006-02-24",687.65432,0.960826157139502,0.999350008573746,2006,2,24,"Winter",0.967542706044481,0.998053812282659,0.820293843746185,0.820293843746185,1,57,57,FALSE,TRUE,TRUE,0.967798779521338
129,1634000,"2006-02-25",661.346585,0.961742791058158,1.00095400599978,2006,2,25,"Winter",0.967542706044481,0.998053812282659,0.820293843746185,0.820293843746185,1,57,57,FALSE,TRUE,TRUE,0.967798779521338
129,1634000,"2006-02-26",637.959999,0.964637927328225,1.00301030202356,2006,2,26,"Winter",0.967542706044481,0.998053812282659,0.820293843746185,0.820293843746185,1,57,57,FALSE,TRUE,TRUE,0.967798779521338
129,1634000,"2006-02-27",616.994808,0.967137138640569,1.00259082837357,2006,2,27,"Winter",0.967542706044481,0.998053812282659,0.820293843746185,0.820293843746185,1,57,57,FALSE,TRUE,TRUE,0.967798779521338
129,1634000,"2006-02-28",597.619321,0.968597001548836,1.00150946835763,2006,2,28,"Winter",0.967542706044481,0.998053812282659,0.820293843746185,0.820293843746185,1,57,57,FALSE,TRUE,TRUE,0.967798779521338
129,1634000,"2006-03-01",579.032488,0.968898540681552,1.00031131536876,2006,3,1,"Spring",0.967542706044481,0.998053812282659,0.820293843746185,0.820293843746185,1,57,57,FALSE,TRUE,TRUE,0.967798779521338
129,1634000,"2006-03-02",561.194532,0.969193514406052,1.00030444232509,2006,3,2,"Spring",0.967542706044481,0.998053812282659,0.820293843746185,0.820293843746185,1,57,57,FALSE,TRUE,TRUE,0.967798779521338
129,1634000,"2006-03-03",543.770367,0.968951648659328,0.999750446383381,2006,3,3,"Spring",0.967542706044481,0.998053812282659,0.820293843746185,0.820293843746185,1,57,57,FALSE,TRUE,TRUE,0.967798779521338
129,1634000,"2006-03-04",526.756053,0.968710479583747,0.999751103085572,2006,3,4,"Spring",0.967542706044481,0.998053812282659,0.820293843746185,0.820293843746185,1,57,57,FALSE,TRUE,TRUE,0.967798779521338
129,1634000,"2006-03-05",510.087963,0.968357098309414,0.999635204447789,2006,3,5,"Spring",0.967542706044481,0.998053812282659,0.820293843746185,0.820293843746185,1,57,57,FALSE,TRUE,TRUE,0.967798779521338
129,1634000,"2006-03-06",493.73181,0.967934642284433,0.999563739424517,2006,3,6,"Spring",0.967542706044481,0.998053812282659,0.820293843746185,0.820293843746185,1,57,57,FALSE,TRUE,TRUE,0.967798779521338
129,1634000,"2006-03-07",477.728474,0.967586986141322,0.999640826841066,2006,3,7,"Spring",0.967542706044481,0.998053812282659,0.820293843746185,0.820293843746185,1,57,57,FALSE,TRUE,TRUE,0.967798779521338
129,1634000,"2006-03-08",462.150004,0.967390534900375,0.999796967876004,2006,3,8,"Spring",0.967542706044481,0.998053812282659,0.820293843746185,0.820293843746185,1,57,57,FALSE,TRUE,TRUE,0.967798779521338
129,1634000,"2006-03-09",447.023206,0.967268640335228,0.999873996529064,2006,3,9,"Spring",0.967542706044481,0.998053812282659,0.820293843746185,0.820293843746185,1,57,57,FALSE,TRUE,TRUE,0.967798779521338
129,1634000,"2006-03-10",432.34686,0.967168715621444,0.999896693938357,2006,3,10,"Spring",0.967542706044481,0.998053812282659,0.820293843746185,0.820293843746185,1,57,57,FALSE,TRUE,TRUE,0.967798779521338
129,1634000,"2006-03-11",418.088985,0.967022138197095,0.99984844689248,2006,3,11,"Spring",0.967542706044481,0.998053812282659,0.820293843746185,0.820293843746185,1,57,57,FALSE,TRUE,TRUE,0.967798779521338
129,1634000,"2006-03-12",404.122037,0.966593360501952,0.999556599918237,2006,3,12,"Spring",0.967542706044481,0.998053812282659,0.820293843746185,0.820293843746185,1,57,57,FALSE,TRUE,TRUE,0.967798779521338
129,1634000,"2006-03-13",390.250651,0.965675254675607,0.999050163322177,2006,3,13,"Spring",0.967542706044481,0.998053812282659,0.820293843746185,0.820293843746185,1,57,57,FALSE,TRUE,TRUE,0.967798779521338
129,1634000,"2006-03-14",376.340053,0.9643547090457,0.998632515824017,2006,3,14,"Spring",0.967542706044481,0.998053812282659,0.820293843746185,0.820293843746185,1,57,57,FALSE,TRUE,TRUE,0.967798779521338
129,1634000,"2006-03-15",362.394799,0.96294507085059,0.998538257570698,2006,3,15,"Spring",0.967542706044481,0.998053812282659,0.820293843746185,0.820293843746185,1,57,57,FALSE,TRUE,TRUE,0.967798779521338
129,1634000,"2006-03-16",349.337505,0.963969422199131,1.00106376924245,2006,3,16,"Spring",0.967542706044481,0.998053812282659,0.820293843746185,0.820293843746185,1,57,57,FALSE,TRUE,TRUE,0.967798779521338
129,1634000,"2006-03-17",338.006877,0.967565383510711,1.00373036864943,2006,3,17,"Spring",0.967542706044481,0.998053812282659,0.820293843746185,0.820293843746185,1,57,57,FALSE,TRUE,TRUE,0.967798779521338
129,1634000,"2006-03-18",327.552645,0.969070948813861,1.00155603469162,2006,3,18,"Spring",0.967542706044481,0.998053812282659,0.820293843746185,0.820293843746185,1,57,57,FALSE,TRUE,TRUE,0.967798779521338
129,1634000,"2006-03-19",317.097343,0.968080544731977,0.998977985994632,2006,3,19,"Spring",0.967542706044481,0.998053812282659,0.820293843746185,0.820293843746185,1,57,57,FALSE,TRUE,TRUE,0.967798779521338
129,1634000,"2006-03-20",306.60141,0.966899965478424,0.998780494804923,2006,3,20,"Spring",0.967542706044481,0.998053812282659,0.820293843746185,0.820293843746185,1,57,57,FALSE,TRUE,TRUE,0.967798779521338
129,1634000,"2006-03-21",296.152321,0.965919631615523,0.998986106217911,2006,3,21,"Spring",0.967542706044481,0.998053812282659,0.820293843746185,0.820293843746185,1,57,57,FALSE,TRUE,TRUE,0.967798779521338
129,1634000,"2006-03-22",285.867948,0.965273366876635,0.999330933218733,2006,3,22,"Spring",0.967542706044481,0.998053812282659,0.820293843746185,0.820293843746185,1,57,57,FALSE,TRUE,TRUE,0.967798779521338
129,1634000,"2006-03-23",275.851071,0.964959775763318,0.99967512714628,2006,3,23,"Spring",0.967542706044481,0.998053812282659,0.820293843746185,0.820293843746185,1,57,57,FALSE,TRUE,TRUE,0.967798779521338
129,1634000,"2006-03-24",266.168788,0.964900324784311,0.999938390199777,2006,3,24,"Spring",0.967542706044481,0.998053812282659,0.820293843746185,0.820293843746185,1,57,57,FALSE,TRUE,TRUE,0.967798779521338
129,1634000,"2006-03-25",256.866284,0.965050357444615,1.00015549032004,2006,3,25,"Spring",0.967542706044481,0.998053812282659,0.820293843746185,0.820293843746185,1,57,57,FALSE,TRUE,TRUE,0.967798779521338
129,1634000,"2006-03-26",247.967707,0.965357162250223,1.00031791585096,2006,3,26,"Spring",0.967542706044481,0.998053812282659,0.820293843746185,0.820293843746185,1,57,57,FALSE,TRUE,TRUE,0.967798779521338
129,1634000,"2006-03-27",239.44154,0.965615817062824,1.00026793690741,2006,3,27,"Spring",0.967542706044481,0.998053812282659,0.820293843746185,0.820293843746185,1,57,57,FALSE,TRUE,TRUE,0.967798779521338
129,1634000,"2006-03-28",231.253268,0.965802625559458,1.00019346047707,2006,3,28,"Spring",0.967542706044481,0.998053812282659,0.820293843746185,0.820293843746185,1,57,57,FALSE,TRUE,TRUE,0.967798779521338
129,1634000,"2006-03-29",223.400883,0.966044220399947,1.0002501492894,2006,3,29,"Spring",0.967542706044481,0.998053812282659,0.820293843746185,0.820293843746185,1,57,57,FALSE,TRUE,TRUE,0.967798779521338
129,1634000,"2006-03-30",215.875999,0.966316677450196,1.00028203372526,2006,3,30,"Spring",0.967542706044481,0.998053812282659,0.820293843746185,0.820293843746185,1,57,57,FALSE,TRUE,TRUE,0.967798779521338
129,1634000,"2006-03-31",208.709624,0.966803280433227,1.00050356471578,2006,3,31,"Spring",0.967542706044481,0.998053812282659,0.820293843746185,0.820293843746185,1,57,57,FALSE,TRUE,TRUE,0.967798779521338
129,1634000,"2006-04-01",201.909675,0.967419092279137,1.0006369567195,2006,4,1,"Spring",0.967542706044481,0.998053812282659,0.820293843746185,0.820293843746185,1,57,57,FALSE,TRUE,TRUE,0.967798779521338
129,1634000,"2006-04-02",195.416663,0.967841996674998,1.00043714704334,2006,4,2,"Spring",0.967542706044481,0.998053812282659,0.820293843746185,0.820293843746185,1,57,57,FALSE,TRUE,TRUE,0.967798779521338
129,1634000,"2006-04-03",189.09755,0.96766338702652,0.999815455777811,2006,4,3,"Spring",0.967542706044481,0.998053812282659,0.820293843746185,0.820293843746185,1,57,57,FALSE,TRUE,TRUE,0.967798779521338
129,1634000,"2006-04-04",184.296551,0.974610993109112,1.007179775711,2006,4,4,"Spring",0.967542706044481,0.998053812282659,0.820293843746185,0.820293843746185,1,57,57,FALSE,TRUE,TRUE,0.967798779521338
129,1634000,"2006-04-05",179.998518,0.976678711692223,1.00212158348072,2006,4,5,"Spring",0.967542706044481,0.998053812282659,0.820293843746185,0.820293843746185,1,57,57,FALSE,TRUE,TRUE,0.967798779521338
129,1634000,"2006-04-06",174.709147,0.970614363613816,0.993790846461781,2006,4,6,"Spring",0.967542706044481,0.998053812282659,0.820293843746185,0.820293843746185,1,57,57,FALSE,TRUE,TRUE,0.967798779521338
129,1634000,"2006-04-07",169.421465,0.969734372293627,0.999093366682817,2006,4,7,"Spring",0.967542706044481,0.998053812282659,0.820293843746185,0.820293843746185,1,57,57,FALSE,TRUE,TRUE,0.967798779521338
129,1634000,"2006-04-08",166.122208,0.980526334133635,1.01112878139452,2006,4,8,"Spring",0.967542706044481,0.998053812282659,0.820293843746185,0.820293843746185,1,57,57,FALSE,TRUE,TRUE,0.967798779521338
132,1634000,"2006-07-12",1013.917238,0.878837576247669,0.984237923104502,2006,7,12,"Summer",0.949873561785744,0.995376350598785,0.713754653930664,0.713754653930664,1,47,47,FALSE,TRUE,TRUE,0.950216821641809
132,1634000,"2006-07-13",928.563469,0.915817814510813,1.04207858114242,2006,7,13,"Summer",0.949873561785744,0.995376350598785,0.713754653930664,0.713754653930664,1,47,47,FALSE,TRUE,TRUE,0.950216821641809
132,1634000,"2006-07-14",883.761127,0.951750910416227,1.03923607439828,2006,7,14,"Summer",0.949873561785744,0.995376350598785,0.713754653930664,0.713754653930664,1,47,47,FALSE,TRUE,TRUE,0.950216821641809
132,1634000,"2006-07-15",852.084864,0.964157437986068,1.01303547749108,2006,7,15,"Summer",0.949873561785744,0.995376350598785,0.713754653930664,0.713754653930664,1,47,47,FALSE,TRUE,TRUE,0.950216821641809
132,1634000,"2006-07-16",819.406658,0.961649118085966,0.997398433283529,2006,7,16,"Summer",0.949873561785744,0.995376350598785,0.713754653930664,0.713754653930664,1,47,47,FALSE,TRUE,TRUE,0.950216821641809
132,1634000,"2006-07-17",777.729346,0.94913720605868,0.986989108821532,2006,7,17,"Summer",0.949873561785744,0.995376350598785,0.713754653930664,0.713754653930664,1,47,47,FALSE,TRUE,TRUE,0.950216821641809
132,1634000,"2006-07-18",728.097675,0.936183877777964,0.986352522903928,2006,7,18,"Summer",0.949873561785744,0.995376350598785,0.713754653930664,0.713754653930664,1,47,47,FALSE,TRUE,TRUE,0.950216821641809
132,1634000,"2006-07-19",677.658397,0.930724572084371,0.994168554038175,2006,7,19,"Summer",0.949873561785744,0.995376350598785,0.713754653930664,0.713754653930664,1,47,47,FALSE,TRUE,TRUE,0.950216821641809
132,1634000,"2006-07-20",631.527968,0.931926721185453,1.00129162712272,2006,7,20,"Summer",0.949873561785744,0.995376350598785,0.713754653930664,0.713754653930664,1,47,47,FALSE,TRUE,TRUE,0.950216821641809
132,1634000,"2006-07-21",593.4805,0.939753312714727,1.00839829071466,2006,7,21,"Summer",0.949873561785744,0.995376350598785,0.713754653930664,0.713754653930664,1,47,47,FALSE,TRUE,TRUE,0.950216821641809
132,1634000,"2006-07-22",573.958184,0.967105379199485,1.02910558134213,2006,7,22,"Summer",0.949873561785744,0.995376350598785,0.713754653930664,0.713754653930664,1,47,47,FALSE,TRUE,TRUE,0.950216821641809
132,1634000,"2006-07-23",565.686104,0.985587660859977,1.01911092840347,2006,7,23,"Summer",0.949873561785744,0.995376350598785,0.713754653930664,0.713754653930664,1,47,47,FALSE,TRUE,TRUE,0.950216821641809
132,1634000,"2006-07-24",557.250062,0.985087061640107,0.999492080471632,2006,7,24,"Summer",0.949873561785744,0.995376350598785,0.713754653930664,0.713754653930664,1,47,47,FALSE,TRUE,TRUE,0.950216821641809
132,1634000,"2006-07-25",548.020144,0.983436667612251,0.998324621150634,2006,7,25,"Summer",0.949873561785744,0.995376350598785,0.713754653930664,0.713754653930664,1,47,47,FALSE,TRUE,TRUE,0.950216821641809
132,1634000,"2006-07-26",532.05228,0.970862633107881,0.987214189872644,2006,7,26,"Summer",0.949873561785744,0.995376350598785,0.713754653930664,0.713754653930664,1,47,47,FALSE,TRUE,TRUE,0.950216821641809
132,1634000,"2006-07-27",510.478353,0.959451490368578,0.988246387954211,2006,7,27,"Summer",0.949873561785744,0.995376350598785,0.713754653930664,0.713754653930664,1,47,47,FALSE,TRUE,TRUE,0.950216821641809
132,1634000,"2006-07-28",486.595391,0.953214545024987,0.993499467762362,2006,7,28,"Summer",0.949873561785744,0.995376350598785,0.713754653930664,0.713754653930664,1,47,47,FALSE,TRUE,TRUE,0.950216821641809
132,1634000,"2006-07-29",462.731934,0.950958316824666,0.997633032131017,2006,7,29,"Summer",0.949873561785744,0.995376350598785,0.713754653930664,0.713754653930664,1,47,47,FALSE,TRUE,TRUE,0.950216821641809
132,1634000,"2006-07-30",438.845471,0.948379480116019,0.997288170613768,2006,7,30,"Summer",0.949873561785744,0.995376350598785,0.713754653930664,0.713754653930664,1,47,47,FALSE,TRUE,TRUE,0.950216821641809
132,1634000,"2006-07-31",414.628814,0.944817347790289,0.996243979967497,2006,7,31,"Summer",0.949873561785744,0.995376350598785,0.713754653930664,0.713754653930664,1,47,47,FALSE,TRUE,TRUE,0.950216821641809
132,1634000,"2006-08-01",390.416848,0.941605683969663,0.99660075693134,2006,8,1,"Summer",0.949873561785744,0.995376350598785,0.713754653930664,0.713754653930664,1,47,47,FALSE,TRUE,TRUE,0.950216821641809
132,1634000,"2006-08-02",367.793983,0.942054588279448,1.00047674341545,2006,8,2,"Summer",0.949873561785744,0.995376350598785,0.713754653930664,0.713754653930664,1,47,47,FALSE,TRUE,TRUE,0.950216821641809
132,1634000,"2006-08-03",347.938949,0.946015881396298,1.00420495071744,2006,8,3,"Summer",0.949873561785744,0.995376350598785,0.713754653930664,0.713754653930664,1,47,47,FALSE,TRUE,TRUE,0.950216821641809
132,1634000,"2006-08-04",329.278618,0.946368950490794,1.00037321687874,2006,8,4,"Summer",0.949873561785744,0.995376350598785,0.713754653930664,0.713754653930664,1,47,47,FALSE,TRUE,TRUE,0.950216821641809
132,1634000,"2006-08-05",309.673514,0.940460440100608,0.993756652321357,2006,8,5,"Summer",0.949873561785744,0.995376350598785,0.713754653930664,0.713754653930664,1,47,47,FALSE,TRUE,TRUE,0.950216821641809
132,1634000,"2006-08-06",288.965072,0.933128146051264,0.992203506137313,2006,8,6,"Summer",0.949873561785744,0.995376350598785,0.713754653930664,0.713754653930664,1,47,47,FALSE,TRUE,TRUE,0.950216821641809
132,1634000,"2006-08-07",268.338718,0.928619906007187,0.995168680675688,2006,8,7,"Summer",0.949873561785744,0.995376350598785,0.713754653930664,0.713754653930664,1,47,47,FALSE,TRUE,TRUE,0.950216821641809
132,1634000,"2006-08-08",249.013982,0.92798379546555,0.999314993640001,2006,8,8,"Summer",0.949873561785744,0.995376350598785,0.713754653930664,0.713754653930664,1,47,47,FALSE,TRUE,TRUE,0.950216821641809
132,1634000,"2006-08-09",231.558295,0.929900775611869,1.0020657474362,2006,8,9,"Summer",0.949873561785744,0.995376350598785,0.713754653930664,0.713754653930664,1,47,47,FALSE,TRUE,TRUE,0.950216821641809
132,1634000,"2006-08-10",216.019107,0.932892976258959,1.00321776336311,2006,8,10,"Summer",0.949873561785744,0.995376350598785,0.713754653930664,0.713754653930664,1,47,47,FALSE,TRUE,TRUE,0.950216821641809
132,1634000,"2006-08-11",218.028272,1.00930086707561,1.08190424063762,2006,8,11,"Summer",0.949873561785744,0.995376350598785,0.713754653930664,0.713754653930664,1,47,47,FALSE,TRUE,TRUE,0.950216821641809
132,1634000,"2006-08-12",221.536295,1.01608976197362,1.0067263341581,2006,8,12,"Summer",0.949873561785744,0.995376350598785,0.713754653930664,0.713754653930664,1,47,47,FALSE,TRUE,TRUE,0.950216821641809
132,1634000,"2006-08-13",210.793688,0.951508591402596,0.936441471031472,2006,8,13,"Summer",0.949873561785744,0.995376350598785,0.713754653930664,0.713754653930664,1,47,47,FALSE,TRUE,TRUE,0.950216821641809
132,1634000,"2006-08-14",199.957283,0.94859236487195,0.996935154808905,2006,8,14,"Summer",0.949873561785744,0.995376350598785,0.713754653930664,0.713754653930664,1,47,47,FALSE,TRUE,TRUE,0.950216821641809
132,1634000,"2006-08-15",187.982613,0.940113859218621,0.991062013603205,2006,8,15,"Summer",0.949873561785744,0.995376350598785,0.713754653930664,0.713754653930664,1,47,47,FALSE,TRUE,TRUE,0.950216821641809
132,1634000,"2006-08-16",176.237068,0.937517918213,0.997238695100422,2006,8,16,"Summer",0.949873561785744,0.995376350598785,0.713754653930664,0.713754653930664,1,47,47,FALSE,TRUE,TRUE,0.950216821641809
132,1634000,"2006-08-17",165.186076,0.937294735293713,0.999761942769358,2006,8,17,"Summer",0.949873561785744,0.995376350598785,0.713754653930664,0.713754653930664,1,47,47,FALSE,TRUE,TRUE,0.950216821641809
132,1634000,"2006-08-18",154.952373,0.938047423561293,1.00080304331097,2006,8,18,"Summer",0.949873561785744,0.995376350598785,0.713754653930664,0.713754653930664,1,47,47,FALSE,TRUE,TRUE,0.950216821641809
132,1634000,"2006-08-19",145.511279,0.939070994414522,1.00109117175477,2006,8,19,"Summer",0.949873561785744,0.995376350598785,0.713754653930664,0.713754653930664,1,47,47,FALSE,TRUE,TRUE,0.950216821641809
132,1634000,"2006-08-20",136.79006,0.940064996611019,1.00105849526011,2006,8,20,"Summer",0.949873561785744,0.995376350598785,0.713754653930664,0.713754653930664,1,47,47,FALSE,TRUE,TRUE,0.950216821641809
132,1634000,"2006-08-21",128.749868,0.941222395837826,1.00123119064211,2006,8,21,"Summer",0.949873561785744,0.995376350598785,0.713754653930664,0.713754653930664,1,47,47,FALSE,TRUE,TRUE,0.950216821641809
132,1634000,"2006-08-22",121.387023,0.942812795738167,1.00168971744337,2006,8,22,"Summer",0.949873561785744,0.995376350598785,0.713754653930664,0.713754653930664,1,47,47,FALSE,TRUE,TRUE,0.950216821641809
132,1634000,"2006-08-23",114.635544,0.944380553759853,1.00166285187131,2006,8,23,"Summer",0.949873561785744,0.995376350598785,0.713754653930664,0.713754653930664,1,47,47,FALSE,TRUE,TRUE,0.950216821641809
132,1634000,"2006-08-24",108.426633,0.945837819725442,1.00154309188154,2006,8,24,"Summer",0.949873561785744,0.995376350598785,0.713754653930664,0.713754653930664,1,47,47,FALSE,TRUE,TRUE,0.950216821641809
132,1634000,"2006-08-25",102.684848,0.947044514422946,1.00127579450973,2006,8,25,"Summer",0.949873561785744,0.995376350598785,0.713754653930664,0.713754653930664,1,47,47,FALSE,TRUE,TRUE,0.950216821641809
132,1634000,"2006-08-26",97.340403,0.947952934594596,1.00095921591627,2006,8,26,"Summer",0.949873561785744,0.995376350598785,0.713754653930664,0.713754653930664,1,47,47,FALSE,TRUE,TRUE,0.950216821641809
132,1634000,"2006-08-27",94.840172,0.974314560830409,1.02780900324665,2006,8,27,"Summer",0.949873561785744,0.995376350598785,0.713754653930664,0.713754653930664,1,47,47,FALSE,TRUE,TRUE,0.950216821641809
134,1634000,"2006-12-09",707.573407,0.963729250390585,1.00181001799749,2006,12,9,"Winter",0.959408877158819,0.999951899750647,0.826665878295898,1.16825103759766e-05,10,23,14,FALSE,TRUE,TRUE,0.966496149683416
134,1634000,"2006-12-10",682.75985,0.964931473180704,1.00124746944189,2006,12,10,"Winter",0.959408877158819,0.999951899750647,0.826665878295898,1.16825103759766e-05,10,23,14,FALSE,TRUE,TRUE,0.966496149683416
134,1634000,"2006-12-11",659.379211,0.965755691404525,1.00085417280577,2006,12,11,"Winter",0.959408877158819,0.999951899750647,0.826665878295898,1.16825103759766e-05,10,23,14,FALSE,TRUE,TRUE,0.966496149683416
134,1634000,"2006-12-12",637.149099,0.966286301373854,1.00054942463612,2006,12,12,"Winter",0.959408877158819,0.999951899750647,0.826665878295898,1.16825103759766e-05,10,23,14,FALSE,TRUE,TRUE,0.966496149683416
134,1634000,"2006-12-13",615.852398,0.966575011981615,1.00029878371177,2006,12,13,"Winter",0.959408877158819,0.999951899750647,0.826665878295898,1.16825103759766e-05,10,23,14,FALSE,TRUE,TRUE,0.966496149683416
134,1634000,"2006-12-14",595.4495,0.966870474051479,1.00030567940015,2006,12,14,"Winter",0.959408877158819,0.999951899750647,0.826665878295898,1.16825103759766e-05,10,23,14,FALSE,TRUE,TRUE,0.966496149683416
134,1634000,"2006-12-15",575.877736,0.967131110194903,1.00026956676248,2006,12,15,"Winter",0.959408877158819,0.999951899750647,0.826665878295898,1.16825103759766e-05,10,23,14,FALSE,TRUE,TRUE,0.966496149683416
134,1634000,"2006-12-16",556.889685,0.9670276348381,0.999893007932728,2006,12,16,"Winter",0.959408877158819,0.999951899750647,0.826665878295898,1.16825103759766e-05,10,23,14,FALSE,TRUE,TRUE,0.966496149683416
134,1634000,"2006-12-17",538.413448,0.966822447070464,0.999787816024854,2006,12,17,"Winter",0.959408877158819,0.999951899750647,0.826665878295898,1.16825103759766e-05,10,23,14,FALSE,TRUE,TRUE,0.966496149683416
134,1634000,"2006-12-18",520.480201,0.966692423700383,0.999865514738021,2006,12,18,"Winter",0.959408877158819,0.999951899750647,0.826665878295898,1.16825103759766e-05,10,23,14,FALSE,TRUE,TRUE,0.966496149683416
134,1634000,"2006-12-19",503.015103,0.966444260576206,0.999743286366902,2006,12,19,"Winter",0.959408877158819,0.999951899750647,0.826665878295898,1.16825103759766e-05,10,23,14,FALSE,TRUE,TRUE,0.966496149683416
134,1634000,"2006-12-20",485.941369,0.966057213991843,0.999599514839964,2006,12,20,"Winter",0.959408877158819,0.999951899750647,0.826665878295898,1.16825103759766e-05,10,23,14,FALSE,TRUE,TRUE,0.966496149683416
134,1634000,"2006-12-21",469.218788,0.965587245567479,0.999513519057094,2006,12,21,"Winter",0.959408877158819,0.999951899750647,0.826665878295898,1.16825103759766e-05,10,23,14,FALSE,TRUE,TRUE,0.966496149683416
134,1634000,"2006-12-22",452.865441,0.965147714843848,0.999544804754155,2006,12,22,"Winter",0.959408877158819,0.999951899750647,0.826665878295898,1.16825103759766e-05,10,23,14,FALSE,TRUE,TRUE,0.966496149683416
135,1634000,"2007-01-25",469.184766,0.972863872098137,1.00544228919644,2007,1,25,"Winter",0.96776266165141,0.999912486663886,0.309162616729736,1.19209289550781e-07,11,34,24,FALSE,TRUE,TRUE,0.969697566851392
135,1634000,"2007-01-26",456.177307,0.972276467731691,0.999396211141874,2007,1,26,"Winter",0.96776266165141,0.999912486663886,0.309162616729736,1.19209289550781e-07,11,34,24,FALSE,TRUE,TRUE,0.969697566851392
135,1634000,"2007-01-27",442.88198,0.970854913657509,0.998537911672903,2007,1,27,"Winter",0.96776266165141,0.999912486663886,0.309162616729736,1.19209289550781e-07,11,34,24,FALSE,TRUE,TRUE,0.969697566851392
135,1634000,"2007-01-28",429.599455,0.970008883630804,0.999128572132866,2007,1,28,"Winter",0.96776266165141,0.999912486663886,0.309162616729736,1.19209289550781e-07,11,34,24,FALSE,TRUE,TRUE,0.969697566851392
135,1634000,"2007-01-29",415.77871,0.967828765052786,0.997752475657896,2007,1,29,"Winter",0.96776266165141,0.999912486663886,0.309162616729736,1.19209289550781e-07,11,34,24,FALSE,TRUE,TRUE,0.969697566851392
135,1634000,"2007-01-30",402.315405,0.967619061110657,0.999783325367356,2007,1,30,"Winter",0.96776266165141,0.999912486663886,0.309162616729736,1.19209289550781e-07,11,34,24,FALSE,TRUE,TRUE,0.969697566851392
135,1634000,"2007-01-31",389.651339,0.968522045532907,1.00093320239187,2007,1,31,"Winter",0.96776266165141,0.999912486663886,0.309162616729736,1.19209289550781e-07,11,34,24,FALSE,TRUE,TRUE,0.969697566851392
135,1634000,"2007-02-01",377.734194,0.96941587566314,1.00092288052126,2007,2,1,"Winter",0.96776266165141,0.999912486663886,0.309162616729736,1.19209289550781e-07,11,34,24,FALSE,TRUE,TRUE,0.969697566851392
135,1634000,"2007-02-02",366.536236,0.970354926353318,1.00096867682256,2007,2,2,"Winter",0.96776266165141,0.999912486663886,0.309162616729736,1.19209289550781e-07,11,34,24,FALSE,TRUE,TRUE,0.969697566851392
135,1634000,"2007-02-03",355.583733,0.970118907970671,0.999756771078048,2007,2,3,"Winter",0.96776266165141,0.999912486663886,0.309162616729736,1.19209289550781e-07,11,34,24,FALSE,TRUE,TRUE,0.969697566851392
135,1634000,"2007-02-04",344.79456,0.969657855524004,0.999524746458523,2007,2,4,"Winter",0.96776266165141,0.999912486663886,0.309162616729736,1.19209289550781e-07,11,34,24,FALSE,TRUE,TRUE,0.969697566851392
135,1634000,"2007-02-05",334.230548,0.969361430760392,0.999694299631646,2007,2,5,"Winter",0.96776266165141,0.999912486663886,0.309162616729736,1.19209289550781e-07,11,34,24,FALSE,TRUE,TRUE,0.969697566851392
135,1634000,"2007-02-06",323.937853,0.969204804702651,0.999838423468511,2007,2,6,"Winter",0.96776266165141,0.999912486663886,0.309162616729736,1.19209289550781e-07,11,34,24,FALSE,TRUE,TRUE,0.969697566851392
135,1634000,"2007-02-07",313.957773,0.96919137449491,0.999986143065247,2007,2,7,"Winter",0.96776266165141,0.999912486663886,0.309162616729736,1.19209289550781e-07,11,34,24,FALSE,TRUE,TRUE,0.969697566851392
135,1634000,"2007-02-08",304.575025,0.970114617929845,1.00095259146876,2007,2,8,"Winter",0.96776266165141,0.999912486663886,0.309162616729736,1.19209289550781e-07,11,34,24,FALSE,TRUE,TRUE,0.969697566851392
135,1634000,"2007-02-09",295.482287,0.970146147078212,1.00003250043632,2007,2,9,"Winter",0.96776266165141,0.999912486663886,0.309162616729736,1.19209289550781e-07,11,34,24,FALSE,TRUE,TRUE,0.969697566851392
135,1634000,"2007-02-10",286.454082,0.969445867325374,0.999278170866372,2007,2,10,"Winter",0.96776266165141,0.999912486663886,0.309162616729736,1.19209289550781e-07,11,34,24,FALSE,TRUE,TRUE,0.969697566851392
135,1634000,"2007-02-11",277.742777,0.969589174854209,1.00014782416808,2007,2,11,"Winter",0.96776266165141,0.999912486663886,0.309162616729736,1.19209289550781e-07,11,34,24,FALSE,TRUE,TRUE,0.969697566851392
135,1634000,"2007-02-12",269.317624,0.969665626984064,1.00007885002415,2007,2,12,"Winter",0.96776266165141,0.999912486663886,0.309162616729736,1.19209289550781e-07,11,34,24,FALSE,TRUE,TRUE,0.969697566851392
135,1634000,"2007-02-13",261.534209,0.971099496258737,1.00147872548513,2007,2,13,"Winter",0.96776266165141,0.999912486663886,0.309162616729736,1.19209289550781e-07,11,34,24,FALSE,TRUE,TRUE,0.969697566851392
135,1634000,"2007-02-14",254.034444,0.971323961677228,1.00023114564404,2007,2,14,"Winter",0.96776266165141,0.999912486663886,0.309162616729736,1.19209289550781e-07,11,34,24,FALSE,TRUE,TRUE,0.969697566851392
135,1634000,"2007-02-15",246.485895,0.970285332645679,0.998930707907426,2007,2,15,"Winter",0.96776266165141,0.999912486663886,0.309162616729736,1.19209289550781e-07,11,34,24,FALSE,TRUE,TRUE,0.969697566851392
135,1634000,"2007-02-16",239.198656,0.970435472585561,1.00015473792588,2007,2,16,"Winter",0.96776266165141,0.999912486663886,0.309162616729736,1.19209289550781e-07,11,34,24,FALSE,TRUE,TRUE,0.969697566851392
135,1634000,"2007-02-17",232.275696,0.971057696912812,1.0006411805265,2007,2,17,"Winter",0.96776266165141,0.999912486663886,0.309162616729736,1.19209289550781e-07,11,34,24,FALSE,TRUE,TRUE,0.969697566851392
136,1634000,"2007-04-27",713.644131,0.904137368396856,1.02642591491701,2007,4,27,"Spring",0.958906307938529,0.99932511194257,0.36687958240509,0.36687958240509,1,22,22,FALSE,TRUE,TRUE,0.959087174267544
136,1634000,"2007-04-28",673.191249,0.943315049836793,1.04333155868715,2007,4,28,"Spring",0.958906307938529,0.99932511194257,0.36687958240509,0.36687958240509,1,22,22,FALSE,TRUE,TRUE,0.959087174267544
136,1634000,"2007-04-29",650.61801,0.966468311889776,1.024544569767,2007,4,29,"Spring",0.958906307938529,0.99932511194257,0.36687958240509,0.36687958240509,1,22,22,FALSE,TRUE,TRUE,0.959087174267544
136,1634000,"2007-04-30",628.251806,0.965623140373873,0.999125505197112,2007,4,30,"Spring",0.958906307938529,0.99932511194257,0.36687958240509,0.36687958240509,1,22,22,FALSE,TRUE,TRUE,0.959087174267544
136,1634000,"2007-05-01",607.67081,0.967240848647875,1.00167529982077,2007,5,1,"Spring",0.958906307938529,0.99932511194257,0.36687958240509,0.36687958240509,1,22,22,FALSE,TRUE,TRUE,0.959087174267544
136,1634000,"2007-05-02",582.542125,0.958647536484433,0.99111564386941,2007,5,2,"Spring",0.958906307938529,0.99932511194257,0.36687958240509,0.36687958240509,1,22,22,FALSE,TRUE,TRUE,0.959087174267544
136,1634000,"2007-05-03",556.225958,0.954825297827174,0.99601288428563,2007,5,3,"Spring",0.958906307938529,0.99932511194257,0.36687958240509,0.36687958240509,1,22,22,FALSE,TRUE,TRUE,0.959087174267544
136,1634000,"2007-05-04",530.395245,0.95356075596889,0.998675630127143,2007,5,4,"Spring",0.958906307938529,0.99932511194257,0.36687958240509,0.36687958240509,1,22,22,FALSE,TRUE,TRUE,0.959087174267544
136,1634000,"2007-05-05",507.101629,0.956082532376398,1.00264458912735,2007,5,5,"Spring",0.958906307938529,0.99932511194257,0.36687958240509,0.36687958240509,1,22,22,FALSE,TRUE,TRUE,0.959087174267544
136,1634000,"2007-05-06",487.376888,0.961102982376734,1.00525106340753,2007,5,6,"Spring",0.958906307938529,0.99932511194257,0.36687958240509,0.36687958240509,1,22,22,FALSE,TRUE,TRUE,0.959087174267544
136,1634000,"2007-05-07",469.165223,0.96263330197143,1.00159225350744,2007,5,7,"Spring",0.958906307938529,0.99932511194257,0.36687958240509,0.36687958240509,1,22,22,FALSE,TRUE,TRUE,0.959087174267544
136,1634000,"2007-05-08",451.211096,0.96173176075329,0.999063463505476,2007,5,8,"Spring",0.958906307938529,0.99932511194257,0.36687958240509,0.36687958240509,1,22,22,FALSE,TRUE,TRUE,0.959087174267544
136,1634000,"2007-05-09",433.915484,0.961668469252361,0.999934190068882,2007,5,9,"Spring",0.958906307938529,0.99932511194257,0.36687958240509,0.36687958240509,1,22,22,FALSE,TRUE,TRUE,0.959087174267544
136,1634000,"2007-05-10",417.270686,0.961640460841448,0.999970875190559,2007,5,10,"Spring",0.958906307938529,0.99932511194257,0.36687958240509,0.36687958240509,1,22,22,FALSE,TRUE,TRUE,0.959087174267544
136,1634000,"2007-05-11",400.874545,0.960706223681383,0.999028496409929,2007,5,11,"Spring",0.958906307938529,0.99932511194257,0.36687958240509,0.36687958240509,1,22,22,FALSE,TRUE,TRUE,0.959087174267544
136,1634000,"2007-05-12",384.314827,0.95869102140172,0.9979023740765,2007,5,12,"Spring",0.958906307938529,0.99932511194257,0.36687958240509,0.36687958240509,1,22,22,FALSE,TRUE,TRUE,0.959087174267544
136,1634000,"2007-05-13",367.482386,0.9562014270139,0.997403131632358,2007,5,13,"Spring",0.958906307938529,0.99932511194257,0.36687958240509,0.36687958240509,1,22,22,FALSE,TRUE,TRUE,0.959087174267544
136,1634000,"2007-05-14",350.98961,0.955119546872649,0.998868564602932,2007,5,14,"Spring",0.958906307938529,0.99932511194257,0.36687958240509,0.36687958240509,1,22,22,FALSE,TRUE,TRUE,0.959087174267544
136,1634000,"2007-05-15",335.297312,0.955291274861384,1.00017979737646,2007,5,15,"Spring",0.958906307938529,0.99932511194257,0.36687958240509,0.36687958240509,1,22,22,FALSE,TRUE,TRUE,0.959087174267544
136,1634000,"2007-05-16",320.458365,0.955743913032026,1.00047382215514,2007,5,16,"Spring",0.958906307938529,0.99932511194257,0.36687958240509,0.36687958240509,1,22,22,FALSE,TRUE,TRUE,0.959087174267544
136,1634000,"2007-05-17",306.408405,0.956156675766601,1.00043187587067,2007,5,17,"Spring",0.958906307938529,0.99932511194257,0.36687958240509,0.36687958240509,1,22,22,FALSE,TRUE,TRUE,0.959087174267544
136,1634000,"2007-05-18",292.718982,0.955322952058055,0.999128046972137,2007,5,18,"Spring",0.958906307938529,0.99932511194257,0.36687958240509,0.36687958240509,1,22,22,FALSE,TRUE,TRUE,0.959087174267544
137,1634000,"2007-07-08",218.69228,0.997581470615267,0.984056399052874,2007,7,8,"Summer",0.9616213346916,0.989342210839904,0.495366275310516,0.00316005176864564,5,22,18,FALSE,TRUE,TRUE,0.958986054623036
137,1634000,"2007-07-09",211.850334,0.968714277431284,0.97106282139926,2007,7,9,"Summer",0.9616213346916,0.989342210839904,0.495366275310516,0.00316005176864564,5,22,18,FALSE,TRUE,TRUE,0.958986054623036
137,1634000,"2007-07-10",203.596456,0.961039107920406,0.992076952214197,2007,7,10,"Summer",0.9616213346916,0.989342210839904,0.495366275310516,0.00316005176864564,5,22,18,FALSE,TRUE,TRUE,0.958986054623036
137,1634000,"2007-07-11",193.671768,0.951253139691194,0.989817304885347,2007,7,11,"Summer",0.9616213346916,0.989342210839904,0.495366275310516,0.00316005176864564,5,22,18,FALSE,TRUE,TRUE,0.958986054623036
137,1634000,"2007-07-12",183.231583,0.946093407894123,0.994575858326475,2007,7,12,"Summer",0.9616213346916,0.989342210839904,0.495366275310516,0.00316005176864564,5,22,18,FALSE,TRUE,TRUE,0.958986054623036
137,1634000,"2007-07-13",173.24545,0.945499936001754,0.999372713214765,2007,7,13,"Summer",0.9616213346916,0.989342210839904,0.495366275310516,0.00316005176864564,5,22,18,FALSE,TRUE,TRUE,0.958986054623036
137,1634000,"2007-07-14",164.12961,0.947381937014796,1.00199048243303,2007,7,14,"Summer",0.9616213346916,0.989342210839904,0.495366275310516,0.00316005176864564,5,22,18,FALSE,TRUE,TRUE,0.958986054623036
137,1634000,"2007-07-15",155.628086,0.948202374940146,1.00086600545492,2007,7,15,"Summer",0.9616213346916,0.989342210839904,0.495366275310516,0.00316005176864564,5,22,18,FALSE,TRUE,TRUE,0.958986054623036
137,1634000,"2007-07-16",147.529396,0.947961256813246,0.999745710268955,2007,7,16,"Summer",0.9616213346916,0.989342210839904,0.495366275310516,0.00316005176864564,5,22,18,FALSE,TRUE,TRUE,0.958986054623036
137,1634000,"2007-07-17",142.314951,0.964654874612244,1.01761002116808,2007,7,17,"Summer",0.9616213346916,0.989342210839904,0.495366275310516,0.00316005176864564,5,22,18,FALSE,TRUE,TRUE,0.958986054623036
137,1634000,"2007-07-18",140.25216,0.985505451215733,1.02161454542162,2007,7,18,"Summer",0.9616213346916,0.989342210839904,0.495366275310516,0.00316005176864564,5,22,18,FALSE,TRUE,TRUE,0.958986054623036
137,1634000,"2007-07-19",137.114004,0.977624900750192,0.992003544520408,2007,7,19,"Summer",0.9616213346916,0.989342210839904,0.495366275310516,0.00316005176864564,5,22,18,FALSE,TRUE,TRUE,0.958986054623036
137,1634000,"2007-07-20",132.213987,0.964263190797054,0.986332477882995,2007,7,20,"Summer",0.9616213346916,0.989342210839904,0.495366275310516,0.00316005176864564,5,22,18,FALSE,TRUE,TRUE,0.958986054623036
137,1634000,"2007-07-21",128.101281,0.968893563432135,1.00480198008103,2007,7,21,"Summer",0.9616213346916,0.989342210839904,0.495366275310516,0.00316005176864564,5,22,18,FALSE,TRUE,TRUE,0.958986054623036
137,1634000,"2007-07-22",123.461614,0.963781259923544,0.994723565413644,2007,7,22,"Summer",0.9616213346916,0.989342210839904,0.495366275310516,0.00316005176864564,5,22,18,FALSE,TRUE,TRUE,0.958986054623036
137,1634000,"2007-07-23",117.340033,0.950417131271263,0.986133649607027,2007,7,23,"Summer",0.9616213346916,0.989342210839904,0.495366275310516,0.00316005176864564,5,22,18,FALSE,TRUE,TRUE,0.958986054623036
137,1634000,"2007-07-24",111.238672,0.948002733218935,0.997459643799666,2007,7,24,"Summer",0.9616213346916,0.989342210839904,0.495366275310516,0.00316005176864564,5,22,18,FALSE,TRUE,TRUE,0.958986054623036
137,1634000,"2007-07-25",105.201483,0.945727606313028,0.997600084022773,2007,7,25,"Summer",0.9616213346916,0.989342210839904,0.495366275310516,0.00316005176864564,5,22,18,FALSE,TRUE,TRUE,0.958986054623036
141,1634000,"2008-02-27",569.572601,0.970356899938029,1.01145167498069,2008,2,27,"Winter",0.966279288994493,0.993637907536603,1,0.000197172164916992,8,14,7,FALSE,TRUE,TRUE,0.981805704879578
141,1634000,"2008-02-28",558.676978,0.980870528215594,1.01083480550119,2008,2,28,"Winter",0.966279288994493,0.993637907536603,1,0.000197172164916992,8,14,7,FALSE,TRUE,TRUE,0.981805704879578
141,1634000,"2008-02-29",549.74519,0.984012607729112,1.00320335806116,2008,2,29,"Winter",0.966279288994493,0.993637907536603,1,0.000197172164916992,8,14,7,FALSE,TRUE,TRUE,0.981805704879578
141,1634000,"2008-03-01",541.815058,0.985574895161884,1.00158767013807,2008,3,1,"Spring",0.966279288994493,0.993637907536603,1,0.000197172164916992,8,14,7,FALSE,TRUE,TRUE,0.981805704879578
141,1634000,"2008-03-02",532.212059,0.98227624194232,0.996653066919868,2008,3,2,"Spring",0.966279288994493,0.993637907536603,1,0.000197172164916992,8,14,7,FALSE,TRUE,TRUE,0.981805704879578
141,1634000,"2008-03-03",520.501693,0.977996804465492,0.995643346246098,2008,3,3,"Spring",0.966279288994493,0.993637907536603,1,0.000197172164916992,8,14,7,FALSE,TRUE,TRUE,0.981805704879578
141,1634000,"2008-03-04",508.517102,0.976974924075799,0.998955129111846,2008,3,4,"Spring",0.966279288994493,0.993637907536603,1,0.000197172164916992,8,14,7,FALSE,TRUE,TRUE,0.981805704879578
142,1634000,"2008-05-20",1764.868733,0.896828708062918,0.988565275563046,2008,5,20,"Spring",0.933289516415802,0.976645958488834,0.344417572021484,0.344417572021484,1,16,16,FALSE,TRUE,TRUE,0.93039775399248
142,1634000,"2008-05-21",1684.498421,0.954461025629151,1.06426234692098,2008,5,21,"Spring",0.933289516415802,0.976645958488834,0.344417572021484,0.344417572021484,1,16,16,FALSE,TRUE,TRUE,0.93039775399248
142,1634000,"2008-05-22",1699.515041,1.00891459428682,1.05705164191673,2008,5,22,"Spring",0.933289516415802,0.976645958488834,0.344417572021484,0.344417572021484,1,16,16,FALSE,TRUE,TRUE,0.93039775399248
142,1634000,"2008-05-23",1647.550604,0.969423961691199,0.960858299781525,2008,5,23,"Spring",0.933289516415802,0.976645958488834,0.344417572021484,0.344417572021484,1,16,16,FALSE,TRUE,TRUE,0.93039775399248
142,1634000,"2008-05-24",1550.616683,0.941164829314099,0.97084956273641,2008,5,24,"Spring",0.933289516415802,0.976645958488834,0.344417572021484,0.344417572021484,1,16,16,FALSE,TRUE,TRUE,0.93039775399248
142,1634000,"2008-05-25",1389.783266,0.896277772086888,0.952306911787255,2008,5,25,"Spring",0.933289516415802,0.976645958488834,0.344417572021484,0.344417572021484,1,16,16,FALSE,TRUE,TRUE,0.93039775399248
142,1634000,"2008-05-26",1225.905281,0.882083783127088,0.984163404022895,2008,5,26,"Spring",0.933289516415802,0.976645958488834,0.344417572021484,0.344417572021484,1,16,16,FALSE,TRUE,TRUE,0.93039775399248
142,1634000,"2008-05-27",1095.093087,0.893293392216001,1.01270810018655,2008,5,27,"Spring",0.933289516415802,0.976645958488834,0.344417572021484,0.344417572021484,1,16,16,FALSE,TRUE,TRUE,0.93039775399248
142,1634000,"2008-05-28",1001.528153,0.91455983503985,1.02380678398515,2008,5,28,"Spring",0.933289516415802,0.976645958488834,0.344417572021484,0.344417572021484,1,16,16,FALSE,TRUE,TRUE,0.93039775399248
142,1634000,"2008-05-29",930.581431,0.929161530020415,1.01596581702052,2008,5,29,"Spring",0.933289516415802,0.976645958488834,0.344417572021484,0.344417572021484,1,16,16,FALSE,TRUE,TRUE,0.93039775399248
142,1634000,"2008-05-30",872.236014,0.937302190806341,1.00876129771079,2008,5,30,"Spring",0.933289516415802,0.976645958488834,0.344417572021484,0.344417572021484,1,16,16,FALSE,TRUE,TRUE,0.93039775399248
142,1634000,"2008-05-31",822.763623,0.943280958128381,1.00637869769289,2008,5,31,"Spring",0.933289516415802,0.976645958488834,0.344417572021484,0.344417572021484,1,16,16,FALSE,TRUE,TRUE,0.93039775399248
142,1634000,"2008-06-01",781.94881,0.950393026795255,1.0075397140222,2008,6,1,"Summer",0.933289516415802,0.976645958488834,0.344417572021484,0.344417572021484,1,16,16,FALSE,TRUE,TRUE,0.93039775399248
142,1634000,"2008-06-02",745.574896,0.953482998458684,1.00325125666573,2008,6,2,"Summer",0.933289516415802,0.976645958488834,0.344417572021484,0.344417572021484,1,16,16,FALSE,TRUE,TRUE,0.93039775399248
142,1634000,"2008-06-03",709.842889,0.952074557242067,0.998522846008902,2008,6,3,"Summer",0.933289516415802,0.976645958488834,0.344417572021484,0.344417572021484,1,16,16,FALSE,TRUE,TRUE,0.93039775399248
142,1634000,"2008-06-04",677.075935,0.953839145946562,1.00185341441074,2008,6,4,"Summer",0.933289516415802,0.976645958488834,0.344417572021484,0.344417572021484,1,16,16,FALSE,TRUE,TRUE,0.93039775399248
143,1634000,"2008-06-11",791.630539,0.885462855379184,0.982526466407545,2008,6,11,"Summer",0.97221392731838,0.940427477615668,0.901297807693481,0.901297807693481,1,24,24,FALSE,TRUE,TRUE,0.972816582502011
143,1634000,"2008-06-12",704.500144,0.889935530897956,1.00505122884783,2008,6,12,"Summer",0.97221392731838,0.940427477615668,0.901297807693481,0.901297807693481,1,24,24,FALSE,TRUE,TRUE,0.972816582502011
143,1634000,"2008-06-13",634.032857,0.899975482474848,1.01128166168033,2008,6,13,"Summer",0.97221392731838,0.940427477615668,0.901297807693481,0.901297807693481,1,24,24,FALSE,TRUE,TRUE,0.972816582502011
143,1634000,"2008-06-14",576.862621,0.909830799194686,1.0109506502252,2008,6,14,"Summer",0.97221392731838,0.940427477615668,0.901297807693481,0.901297807693481,1,24,24,FALSE,TRUE,TRUE,0.972816582502011
143,1634000,"2008-06-15",564.097804,0.977871998400812,1.07478445362187,2008,6,15,"Summer",0.97221392731838,0.940427477615668,0.901297807693481,0.901297807693481,1,24,24,FALSE,TRUE,TRUE,0.972816582502011
143,1634000,"2008-06-16",562.954109,0.997972523573235,1.02055537453296,2008,6,16,"Summer",0.97221392731838,0.940427477615668,0.901297807693481,0.901297807693481,1,24,24,FALSE,TRUE,TRUE,0.972816582502011
143,1634000,"2008-06-17",560.235691,0.995171155238872,0.997192940418507,2008,6,17,"Summer",0.97221392731838,0.940427477615668,0.901297807693481,0.901297807693481,1,24,24,FALSE,TRUE,TRUE,0.972816582502011
143,1634000,"2008-06-18",566.302609,1.01082922437371,1.01573404640238,2008,6,18,"Summer",0.97221392731838,0.940427477615668,0.901297807693481,0.901297807693481,1,24,24,FALSE,TRUE,TRUE,0.972816582502011
143,1634000,"2008-06-19",553.892819,0.978086292023423,0.967607849515258,2008,6,19,"Summer",0.97221392731838,0.940427477615668,0.901297807693481,0.901297807693481,1,24,24,FALSE,TRUE,TRUE,0.972816582502011
143,1634000,"2008-06-20",536.899285,0.969319815283613,0.991037113175696,2008,6,20,"Summer",0.97221392731838,0.940427477615668,0.901297807693481,0.901297807693481,1,24,24,FALSE,TRUE,TRUE,0.972816582502011
143,1634000,"2008-06-21",514.056258,0.957453795081884,0.987758405415185,2008,6,21,"Summer",0.97221392731838,0.940427477615668,0.901297807693481,0.901297807693481,1,24,24,FALSE,TRUE,TRUE,0.972816582502011
143,1634000,"2008-06-22",490.536426,0.954246579758591,0.996650266216744,2008,6,22,"Summer",0.97221392731838,0.940427477615668,0.901297807693481,0.901297807693481,1,24,24,FALSE,TRUE,TRUE,0.972816582502011
143,1634000,"2008-06-23",484.218332,0.987120030918968,1.03444964001725,2008,6,23,"Summer",0.97221392731838,0.940427477615668,0.901297807693481,0.901297807693481,1,24,24,FALSE,TRUE,TRUE,0.972816582502011
143,1634000,"2008-06-24",484.369385,1.0003119522538,1.01336404988414,2008,6,24,"Summer",0.97221392731838,0.940427477615668,0.901297807693481,0.901297807693481,1,24,24,FALSE,TRUE,TRUE,0.972816582502011
143,1634000,"2008-06-25",479.357714,0.989653204444372,0.989344576174047,2008,6,25,"Summer",0.97221392731838,0.940427477615668,0.901297807693481,0.901297807693481,1,24,24,FALSE,TRUE,TRUE,0.972816582502011
143,1634000,"2008-06-26",473.2328,0.987222665201545,0.997544049539867,2008,6,26,"Summer",0.97221392731838,0.940427477615668,0.901297807693481,0.901297807693481,1,24,24,FALSE,TRUE,TRUE,0.972816582502011
143,1634000,"2008-06-27",459.894046,0.97181354715903,0.984391446240379,2008,6,27,"Summer",0.97221392731838,0.940427477615668,0.901297807693481,0.901297807693481,1,24,24,FALSE,TRUE,TRUE,0.972816582502011
143,1634000,"2008-06-28",441.246295,0.959452071271216,0.987279992212548,2008,6,28,"Summer",0.97221392731838,0.940427477615668,0.901297807693481,0.901297807693481,1,24,24,FALSE,TRUE,TRUE,0.972816582502011
143,1634000,"2008-06-29",422.960645,0.958559085464956,0.999069275232188,2008,6,29,"Summer",0.97221392731838,0.940427477615668,0.901297807693481,0.901297807693481,1,24,24,FALSE,TRUE,TRUE,0.972816582502011
143,1634000,"2008-06-30",411.219145,0.972239734030101,1.01427209733087,2008,6,30,"Summer",0.97221392731838,0.940427477615668,0.901297807693481,0.901297807693481,1,24,24,FALSE,TRUE,TRUE,0.972816582502011
143,1634000,"2008-07-01",400.700002,0.974419617549664,1.00224212552035,2008,7,1,"Summer",0.97221392731838,0.940427477615668,0.901297807693481,0.901297807693481,1,24,24,FALSE,TRUE,TRUE,0.972816582502011
143,1634000,"2008-07-02",386.031056,0.963391699708552,0.98868257818039,2008,7,2,"Summer",0.97221392731838,0.940427477615668,0.901297807693481,0.901297807693481,1,24,24,FALSE,TRUE,TRUE,0.972816582502011
143,1634000,"2008-07-03",366.108242,0.948390644508146,0.984428913800125,2008,7,3,"Summer",0.97221392731838,0.940427477615668,0.901297807693481,0.901297807693481,1,24,24,FALSE,TRUE,TRUE,0.972816582502011
143,1634000,"2008-07-04",343.518975,0.938298938924188,0.989359125754355,2008,7,4,"Summer",0.97221392731838,0.940427477615668,0.901297807693481,0.901297807693481,1,24,24,FALSE,TRUE,TRUE,0.972816582502011
144,1634000,"2008-07-29",420.696639,0.922782664736162,0.978290765547252,2008,7,29,"Summer",0.963713483290191,0.982777212894818,0.49779748916626,0.49779748916626,1,30,30,FALSE,TRUE,TRUE,0.963824806254967
144,1634000,"2008-07-30",385.301717,0.915865926373612,0.992504477352176,2008,7,30,"Summer",0.963713483290191,0.982777212894818,0.49779748916626,0.49779748916626,1,30,30,FALSE,TRUE,TRUE,0.963824806254967
144,1634000,"2008-07-31",352.658327,0.915278368717988,0.999358467611138,2008,7,31,"Summer",0.963713483290191,0.982777212894818,0.49779748916626,0.49779748916626,1,30,30,FALSE,TRUE,TRUE,0.963824806254967
144,1634000,"2008-08-01",323.814253,0.918209576262182,1.00320253121277,2008,8,1,"Summer",0.963713483290191,0.982777212894818,0.49779748916626,0.49779748916626,1,30,30,FALSE,TRUE,TRUE,0.963824806254967
144,1634000,"2008-08-02",299.109533,0.923707126010911,1.00598724941544,2008,8,2,"Summer",0.963713483290191,0.982777212894818,0.49779748916626,0.49779748916626,1,30,30,FALSE,TRUE,TRUE,0.963824806254967
144,1634000,"2008-08-03",300.707517,1.00534247098035,1.08837795300118,2008,8,3,"Summer",0.963713483290191,0.982777212894818,0.49779748916626,0.49779748916626,1,30,30,FALSE,TRUE,TRUE,0.963824806254967
144,1634000,"2008-08-04",307.529555,1.02268662276241,1.01725198356053,2008,8,4,"Summer",0.963713483290191,0.982777212894818,0.49779748916626,0.49779748916626,1,30,30,FALSE,TRUE,TRUE,0.963824806254967
144,1634000,"2008-08-05",298.235817,0.969779366409189,0.948266404218419,2008,8,5,"Summer",0.963713483290191,0.982777212894818,0.49779748916626,0.49779748916626,1,30,30,FALSE,TRUE,TRUE,0.963824806254967
144,1634000,"2008-08-06",289.585008,0.970993393459512,1.00125185902317,2008,8,6,"Summer",0.963713483290191,0.982777212894818,0.49779748916626,0.49779748916626,1,30,30,FALSE,TRUE,TRUE,0.963824806254967
144,1634000,"2008-08-07",277.364561,0.957800139294504,0.986412622110638,2008,8,7,"Summer",0.963713483290191,0.982777212894818,0.49779748916626,0.49779748916626,1,30,30,FALSE,TRUE,TRUE,0.963824806254967
144,1634000,"2008-08-08",263.529059,0.950117989298568,0.99197938099947,2008,8,8,"Summer",0.963713483290191,0.982777212894818,0.49779748916626,0.49779748916626,1,30,30,FALSE,TRUE,TRUE,0.963824806254967
144,1634000,"2008-08-09",249.260411,0.945855504307022,0.995513730884421,2008,8,9,"Summer",0.963713483290191,0.982777212894818,0.49779748916626,0.49779748916626,1,30,30,FALSE,TRUE,TRUE,0.963824806254967
144,1634000,"2008-08-10",235.495605,0.944777407913365,0.998860189121121,2008,8,10,"Summer",0.963713483290191,0.982777212894818,0.49779748916626,0.49779748916626,1,30,30,FALSE,TRUE,TRUE,0.963824806254967
144,1634000,"2008-08-11",225.179131,0.956192498794192,1.01208230720296,2008,8,11,"Summer",0.963713483290191,0.982777212894818,0.49779748916626,0.49779748916626,1,30,30,FALSE,TRUE,TRUE,0.963824806254967
144,1634000,"2008-08-12",215.791825,0.9583118295274,1.00221642685535,2008,8,12,"Summer",0.963713483290191,0.982777212894818,0.49779748916626,0.49779748916626,1,30,30,FALSE,TRUE,TRUE,0.963824806254967
144,1634000,"2008-08-13",205.301001,0.951384516072377,0.992771336801259,2008,8,13,"Summer",0.963713483290191,0.982777212894818,0.49779748916626,0.49779748916626,1,30,30,FALSE,TRUE,TRUE,0.963824806254967
144,1634000,"2008-08-14",202.332543,0.985540947265035,1.03590181531823,2008,8,14,"Summer",0.963713483290191,0.982777212894818,0.49779748916626,0.49779748916626,1,30,30,FALSE,TRUE,TRUE,0.963824806254967
144,1634000,"2008-08-15",203.497028,1.00575530254666,1.02051092381065,2008,8,15,"Summer",0.963713483290191,0.982777212894818,0.49779748916626,0.49779748916626,1,30,30,FALSE,TRUE,TRUE,0.963824806254967
144,1634000,"2008-08-16",200.011362,0.982871169990748,0.977246818885302,2008,8,16,"Summer",0.963713483290191,0.982777212894818,0.49779748916626,0.49779748916626,1,30,30,FALSE,TRUE,TRUE,0.963824806254967
144,1634000,"2008-08-17",195.36294,0.976759210309262,0.993781525119367,2008,8,17,"Summer",0.963713483290191,0.982777212894818,0.49779748916626,0.49779748916626,1,30,30,FALSE,TRUE,TRUE,0.963824806254967
144,1634000,"2008-08-18",190.857485,0.976938026219302,1.00018307061572,2008,8,18,"Summer",0.963713483290191,0.982777212894818,0.49779748916626,0.49779748916626,1,30,30,FALSE,TRUE,TRUE,0.963824806254967
144,1634000,"2008-08-19",184.622124,0.967329753926077,0.990164911145481,2008,8,19,"Summer",0.963713483290191,0.982777212894818,0.49779748916626,0.49779748916626,1,30,30,FALSE,TRUE,TRUE,0.963824806254967
144,1634000,"2008-08-20",177.093604,0.959222005267364,0.991618423163553,2008,8,20,"Summer",0.963713483290191,0.982777212894818,0.49779748916626,0.49779748916626,1,30,30,FALSE,TRUE,TRUE,0.963824806254967
144,1634000,"2008-08-21",168.975894,0.954161472709088,0.99472433646175,2008,8,21,"Summer",0.963713483290191,0.982777212894818,0.49779748916626,0.49779748916626,1,30,30,FALSE,TRUE,TRUE,0.963824806254967
144,1634000,"2008-08-22",160.746111,0.951296112095137,0.99699698562989,2008,8,22,"Summer",0.963713483290191,0.982777212894818,0.49779748916626,0.49779748916626,1,30,30,FALSE,TRUE,TRUE,0.963824806254967
144,1634000,"2008-08-23",152.704194,0.949971312214203,0.998607373809175,2008,8,23,"Summer",0.963713483290191,0.982777212894818,0.49779748916626,0.49779748916626,1,30,30,FALSE,TRUE,TRUE,0.963824806254967
144,1634000,"2008-08-24",145.033298,0.94976630438847,0.999784195771917,2008,8,24,"Summer",0.963713483290191,0.982777212894818,0.49779748916626,0.49779748916626,1,30,30,FALSE,TRUE,TRUE,0.963824806254967
144,1634000,"2008-08-25",137.81808,0.950251300222105,1.00051064754708,2008,8,25,"Summer",0.963713483290191,0.982777212894818,0.49779748916626,0.49779748916626,1,30,30,FALSE,TRUE,TRUE,0.963824806254967
144,1634000,"2008-08-26",131.08439,0.951140735671256,1.0009360002443,2008,8,26,"Summer",0.963713483290191,0.982777212894818,0.49779748916626,0.49779748916626,1,30,30,FALSE,TRUE,TRUE,0.963824806254967
144,1634000,"2008-08-27",124.837301,0.952342998277674,1.00126402178072,2008,8,27,"Summer",0.963713483290191,0.982777212894818,0.49779748916626,0.49779748916626,1,30,30,FALSE,TRUE,TRUE,0.963824806254967
145,1634000,"2008-09-04",340.454516,0.944803643753914,0.977912167357761,2008,9,4,"Fall",0.955165106522728,0.921853938363066,0.561220169067383,0.561220169067383,1,23,23,FALSE,TRUE,TRUE,0.953697963766124
145,1634000,"2008-09-05",318.548441,0.935656382951313,0.99031834724276,2008,9,5,"Fall",0.955165106522728,0.921853938363066,0.561220169067383,0.561220169067383,1,23,23,FALSE,TRUE,TRUE,0.953697963766124
145,1634000,"2008-09-06",296.305054,0.93017267034749,0.994139181109922,2008,9,6,"Fall",0.955165106522728,0.921853938363066,0.561220169067383,0.561220169067383,1,23,23,FALSE,TRUE,TRUE,0.953697963766124
145,1634000,"2008-09-07",315.575361,1.06503536385849,1.14498672967958,2008,9,7,"Fall",0.955165106522728,0.921853938363066,0.561220169067383,0.561220169067383,1,23,23,FALSE,TRUE,TRUE,0.953697963766124
145,1634000,"2008-09-08",343.293378,1.08783327352353,1.02140577715884,2008,9,8,"Fall",0.955165106522728,0.921853938363066,0.561220169067383,0.561220169067383,1,23,23,FALSE,TRUE,TRUE,0.953697963766124
145,1634000,"2008-09-09",341.735467,0.995461867021507,0.915086797995405,2008,9,9,"Fall",0.955165106522728,0.921853938363066,0.561220169067383,0.561220169067383,1,23,23,FALSE,TRUE,TRUE,0.953697963766124
145,1634000,"2008-09-10",338.754837,0.991277961207345,0.995797020505988,2008,9,10,"Fall",0.955165106522728,0.921853938363066,0.561220169067383,0.561220169067383,1,23,23,FALSE,TRUE,TRUE,0.953697963766124
145,1634000,"2008-09-11",323.770355,0.955765998405508,0.964175575175115,2008,9,11,"Fall",0.955165106522728,0.921853938363066,0.561220169067383,0.561220169067383,1,23,23,FALSE,TRUE,TRUE,0.953697963766124
145,1634000,"2008-09-12",303.525504,0.937471573022799,0.980858886575554,2008,9,12,"Fall",0.955165106522728,0.921853938363066,0.561220169067383,0.561220169067383,1,23,23,FALSE,TRUE,TRUE,0.953697963766124
145,1634000,"2008-09-13",285.112791,0.939337180047974,1.0019900411691,2008,9,13,"Fall",0.955165106522728,0.921853938363066,0.561220169067383,0.561220169067383,1,23,23,FALSE,TRUE,TRUE,0.953697963766124
145,1634000,"2008-09-14",267.137479,0.936953680903078,0.997462573402264,2008,9,14,"Fall",0.955165106522728,0.921853938363066,0.561220169067383,0.561220169067383,1,23,23,FALSE,TRUE,TRUE,0.953697963766124
145,1634000,"2008-09-15",248.459464,0.930080889173922,0.992664747607874,2008,9,15,"Fall",0.955165106522728,0.921853938363066,0.561220169067383,0.561220169067383,1,23,23,FALSE,TRUE,TRUE,0.953697963766124
145,1634000,"2008-09-16",231.411801,0.931386541991413,1.00140380566109,2008,9,16,"Fall",0.955165106522728,0.921853938363066,0.561220169067383,0.561220169067383,1,23,23,FALSE,TRUE,TRUE,0.953697963766124
145,1634000,"2008-09-17",215.784598,0.932470155227736,1.00116344094258,2008,9,17,"Fall",0.955165106522728,0.921853938363066,0.561220169067383,0.561220169067383,1,23,23,FALSE,TRUE,TRUE,0.953697963766124
145,1634000,"2008-09-18",201.743,0.934927709715408,1.00263553152226,2008,9,18,"Fall",0.955165106522728,0.921853938363066,0.561220169067383,0.561220169067383,1,23,23,FALSE,TRUE,TRUE,0.953697963766124
145,1634000,"2008-09-19",189.290454,0.9382752016179,1.00358048207119,2008,9,19,"Fall",0.955165106522728,0.921853938363066,0.561220169067383,0.561220169067383,1,23,23,FALSE,TRUE,TRUE,0.953697963766124
145,1634000,"2008-09-20",178.277739,0.94182107566819,1.00377914075122,2008,9,20,"Fall",0.955165106522728,0.921853938363066,0.561220169067383,0.561220169067383,1,23,23,FALSE,TRUE,TRUE,0.953697963766124
145,1634000,"2008-09-21",168.497863,0.945142472330771,1.00352656863218,2008,9,21,"Fall",0.955165106522728,0.921853938363066,0.561220169067383,0.561220169067383,1,23,23,FALSE,TRUE,TRUE,0.953697963766124
145,1634000,"2008-09-22",159.73788,0.948011310980247,1.00303535047198,2008,9,22,"Fall",0.955165106522728,0.921853938363066,0.561220169067383,0.561220169067383,1,23,23,FALSE,TRUE,TRUE,0.953697963766124
145,1634000,"2008-09-23",151.798292,0.95029614766391,1.00241013652179,2008,9,23,"Fall",0.955165106522728,0.921853938363066,0.561220169067383,0.561220169067383,1,23,23,FALSE,TRUE,TRUE,0.953697963766124
145,1634000,"2008-09-24",144.511402,0.951996231947063,1.00178900470904,2008,9,24,"Fall",0.955165106522728,0.921853938363066,0.561220169067383,0.561220169067383,1,23,23,FALSE,TRUE,TRUE,0.953697963766124
145,1634000,"2008-09-25",137.758829,0.953273078064802,1.00134123022223,2008,9,25,"Fall",0.955165106522728,0.921853938363066,0.561220169067383,0.561220169067383,1,23,23,FALSE,TRUE,TRUE,0.953697963766124
145,1634000,"2008-09-26",132.309524,0.960443152431268,1.00752153242492,2008,9,26,"Fall",0.955165106522728,0.921853938363066,0.561220169067383,0.561220169067383,1,23,23,FALSE,TRUE,TRUE,0.953697963766124
146,1634000,"2008-10-07",303.2241,0.937837081870023,1.00414868673264,2008,10,7,"Fall",0.945939252211119,0.999934034569143,0.45067024230957,9.5367431640625e-07,4,15,12,FALSE,TRUE,TRUE,0.944271151090607
146,1634000,"2008-10-08",285.303946,0.940901287199797,1.0032673109104,2008,10,8,"Fall",0.945939252211119,0.999934034569143,0.45067024230957,9.5367431640625e-07,4,15,12,FALSE,TRUE,TRUE,0.944271151090607
146,1634000,"2008-10-09",269.056689,0.943052813577279,1.00228666535667,2008,10,9,"Fall",0.945939252211119,0.999934034569143,0.45067024230957,9.5367431640625e-07,4,15,12,FALSE,TRUE,TRUE,0.944271151090607
146,1634000,"2008-10-10",254.137336,0.944549406835226,1.00158696653719,2008,10,10,"Fall",0.945939252211119,0.999934034569143,0.45067024230957,9.5367431640625e-07,4,15,12,FALSE,TRUE,TRUE,0.944271151090607
146,1634000,"2008-10-11",240.278365,0.945466607865914,1.00097104611368,2008,10,11,"Fall",0.945939252211119,0.999934034569143,0.45067024230957,9.5367431640625e-07,4,15,12,FALSE,TRUE,TRUE,0.944271151090607
146,1634000,"2008-10-12",227.242787,0.945748016056294,1.00029763948091,2008,10,12,"Fall",0.945939252211119,0.999934034569143,0.45067024230957,9.5367431640625e-07,4,15,12,FALSE,TRUE,TRUE,0.944271151090607
146,1634000,"2008-10-13",214.8233,0.945347057374367,0.999576040684073,2008,10,13,"Fall",0.945939252211119,0.999934034569143,0.45067024230957,9.5367431640625e-07,4,15,12,FALSE,TRUE,TRUE,0.944271151090607
146,1634000,"2008-10-14",202.89355,0.944467150444109,0.999069223389026,2008,10,14,"Fall",0.945939252211119,0.999934034569143,0.45067024230957,9.5367431640625e-07,4,15,12,FALSE,TRUE,TRUE,0.944271151090607
146,1634000,"2008-10-15",191.420509,0.943452904244615,0.998926118077249,2008,10,15,"Fall",0.945939252211119,0.999934034569143,0.45067024230957,9.5367431640625e-07,4,15,12,FALSE,TRUE,TRUE,0.944271151090607
146,1634000,"2008-10-16",180.476877,0.942829365269319,0.999339088392764,2008,10,16,"Fall",0.945939252211119,0.999934034569143,0.45067024230957,9.5367431640625e-07,4,15,12,FALSE,TRUE,TRUE,0.944271151090607
146,1634000,"2008-10-17",170.227386,0.943208841097134,1.00040248622051,2008,10,17,"Fall",0.945939252211119,0.999934034569143,0.45067024230957,9.5367431640625e-07,4,15,12,FALSE,TRUE,TRUE,0.944271151090607
146,1634000,"2008-10-18",160.817689,0.944722778037607,1.00160509197381,2008,10,18,"Fall",0.945939252211119,0.999934034569143,0.45067024230957,9.5367431640625e-07,4,15,12,FALSE,TRUE,TRUE,0.944271151090607
147,1634000,"2008-12-22",1027.34587,0.932620832905186,0.97639777174199,2008,12,22,"Winter",0.953886112328263,0.998112981819961,0.707114219665527,7.86781311035156e-06,2,7,6,FALSE,TRUE,TRUE,0.925829448604083
147,1634000,"2008-12-23",948.789639,0.92353477704641,0.990257502794064,2008,12,23,"Winter",0.953886112328263,0.998112981819961,0.707114219665527,7.86781311035156e-06,2,7,6,FALSE,TRUE,TRUE,0.925829448604083
147,1634000,"2008-12-24",873.978424,0.921150893807347,0.997418740151089,2008,12,24,"Winter",0.953886112328263,0.998112981819961,0.707114219665527,7.86781311035156e-06,2,7,6,FALSE,TRUE,TRUE,0.925829448604083
147,1634000,"2008-12-25",805.77924,0.921966970662882,1.00088593178492,2008,12,25,"Winter",0.953886112328263,0.998112981819961,0.707114219665527,7.86781311035156e-06,2,7,6,FALSE,TRUE,TRUE,0.925829448604083
147,1634000,"2008-12-26",747.869125,0.928131537615688,1.00668632082164,2008,12,26,"Winter",0.953886112328263,0.998112981819961,0.707114219665527,7.86781311035156e-06,2,7,6,FALSE,TRUE,TRUE,0.925829448604083
147,1634000,"2008-12-27",702.258717,0.939012848003319,1.01172388820617,2008,12,27,"Winter",0.953886112328263,0.998112981819961,0.707114219665527,7.86781311035156e-06,2,7,6,FALSE,TRUE,TRUE,0.925829448604083
149,1634000,"2009-02-04",688.757674,1.0203362504018,1.02526498032996,2009,2,4,"Winter",0.976599537409116,0.989337825588115,0.387116074562073,0.250653564929962,2,42,41,FALSE,TRUE,TRUE,0.976123454991834
149,1634000,"2009-02-05",704.617417,1.02302659353019,1.00263672208777,2009,2,5,"Winter",0.976599537409116,0.989337825588115,0.387116074562073,0.250653564929962,2,42,41,FALSE,TRUE,TRUE,0.976123454991834
149,1634000,"2009-02-06",706.547465,1.00273914319095,0.980169185759641,2009,2,6,"Winter",0.976599537409116,0.989337825588115,0.387116074562073,0.250653564929962,2,42,41,FALSE,TRUE,TRUE,0.976123454991834
149,1634000,"2009-02-07",693.54767,0.981600960099687,0.978919559254468,2009,2,7,"Winter",0.976599537409116,0.989337825588115,0.387116074562073,0.250653564929962,2,42,41,FALSE,TRUE,TRUE,0.976123454991834
149,1634000,"2009-02-08",657.887934,0.948583583302933,0.966363748469234,2009,2,8,"Winter",0.976599537409116,0.989337825588115,0.387116074562073,0.250653564929962,2,42,41,FALSE,TRUE,TRUE,0.976123454991834
149,1634000,"2009-02-09",620.142816,0.942626827383036,0.99372036789931,2009,2,9,"Winter",0.976599537409116,0.989337825588115,0.387116074562073,0.250653564929962,2,42,41,FALSE,TRUE,TRUE,0.976123454991834
149,1634000,"2009-02-10",592.24643,0.955016190980111,1.01314344471976,2009,2,10,"Winter",0.976599537409116,0.989337825588115,0.387116074562073,0.250653564929962,2,42,41,FALSE,TRUE,TRUE,0.976123454991834
149,1634000,"2009-02-11",575.615876,0.971919536940054,1.0176995386252,2009,2,11,"Winter",0.976599537409116,0.989337825588115,0.387116074562073,0.250653564929962,2,42,41,FALSE,TRUE,TRUE,0.976123454991834
149,1634000,"2009-02-12",567.089777,0.985187866847509,1.0136516752706,2009,2,12,"Winter",0.976599537409116,0.989337825588115,0.387116074562073,0.250653564929962,2,42,41,FALSE,TRUE,TRUE,0.976123454991834
149,1634000,"2009-02-13",574.66631,1.0133603766234,1.02859607870125,2009,2,13,"Winter",0.976599537409116,0.989337825588115,0.387116074562073,0.250653564929962,2,42,41,FALSE,TRUE,TRUE,0.976123454991834
149,1634000,"2009-02-14",585.665316,1.01913981350325,1.00570323945279,2009,2,14,"Winter",0.976599537409116,0.989337825588115,0.387116074562073,0.250653564929962,2,42,41,FALSE,TRUE,TRUE,0.976123454991834
149,1634000,"2009-02-15",588.399532,1.00466856398237,0.985800525767769,2009,2,15,"Winter",0.976599537409116,0.989337825588115,0.387116074562073,0.250653564929962,2,42,41,FALSE,TRUE,TRUE,0.976123454991834
149,1634000,"2009-02-16",584.87109,0.994003322898632,0.989384318902683,2009,2,16,"Winter",0.976599537409116,0.989337825588115,0.387116074562073,0.250653564929962,2,42,41,FALSE,TRUE,TRUE,0.976123454991834
149,1634000,"2009-02-17",566.04267,0.967807572776422,0.97364621473717,2009,2,17,"Winter",0.976599537409116,0.989337825588115,0.387116074562073,0.250653564929962,2,42,41,FALSE,TRUE,TRUE,0.976123454991834
149,1634000,"2009-02-18",539.301449,0.952757588045438,0.984449403833648,2009,2,18,"Winter",0.976599537409116,0.989337825588115,0.387116074562073,0.250653564929962,2,42,41,FALSE,TRUE,TRUE,0.976123454991834
149,1634000,"2009-02-19",514.716141,0.95441267950311,1.0017371590407,2009,2,19,"Winter",0.976599537409116,0.989337825588115,0.387116074562073,0.250653564929962,2,42,41,FALSE,TRUE,TRUE,0.976123454991834
149,1634000,"2009-02-20",498.069844,0.967659267557339,1.01387930854096,2009,2,20,"Winter",0.976599537409116,0.989337825588115,0.387116074562073,0.250653564929962,2,42,41,FALSE,TRUE,TRUE,0.976123454991834
149,1634000,"2009-02-21",486.425989,0.976622043795127,1.0092623266663,2009,2,21,"Winter",0.976599537409116,0.989337825588115,0.387116074562073,0.250653564929962,2,42,41,FALSE,TRUE,TRUE,0.976123454991834
149,1634000,"2009-02-22",477.189083,0.981010665118882,1.00449367424342,2009,2,22,"Winter",0.976599537409116,0.989337825588115,0.387116074562073,0.250653564929962,2,42,41,FALSE,TRUE,TRUE,0.976123454991834
149,1634000,"2009-02-23",467.92777,0.980591942837888,0.999573172549614,2009,2,23,"Winter",0.976599537409116,0.989337825588115,0.387116074562073,0.250653564929962,2,42,41,FALSE,TRUE,TRUE,0.976123454991834
149,1634000,"2009-02-24",455.922117,0.974342935449204,0.993627311100886,2009,2,24,"Winter",0.976599537409116,0.989337825588115,0.387116074562073,0.250653564929962,2,42,41,FALSE,TRUE,TRUE,0.976123454991834
149,1634000,"2009-02-25",442.308108,0.970139617069729,0.995685996966214,2009,2,25,"Winter",0.976599537409116,0.989337825588115,0.387116074562073,0.250653564929962,2,42,41,FALSE,TRUE,TRUE,0.976123454991834
149,1634000,"2009-02-26",428.388657,0.968529966445924,0.998340805183622,2009,2,26,"Winter",0.976599537409116,0.989337825588115,0.387116074562073,0.250653564929962,2,42,41,FALSE,TRUE,TRUE,0.976123454991834
149,1634000,"2009-02-27",414.838791,0.968370156915709,0.999834997846478,2009,2,27,"Winter",0.976599537409116,0.989337825588115,0.387116074562073,0.250653564929962,2,42,41,FALSE,TRUE,TRUE,0.976123454991834
149,1634000,"2009-02-28",401.80647,0.968584613390217,1.00022146125939,2009,2,28,"Winter",0.976599537409116,0.989337825588115,0.387116074562073,0.250653564929962,2,42,41,FALSE,TRUE,TRUE,0.976123454991834
149,1634000,"2009-03-01",389.293664,0.968858624899694,1.0002828988874,2009,3,1,"Spring",0.976599537409116,0.989337825588115,0.387116074562073,0.250653564929962,2,42,41,FALSE,TRUE,TRUE,0.976123454991834
149,1634000,"2009-03-02",377.547403,0.969826734708942,1.00099922711567,2009,3,2,"Spring",0.976599537409116,0.989337825588115,0.387116074562073,0.250653564929962,2,42,41,FALSE,TRUE,TRUE,0.976123454991834
149,1634000,"2009-03-03",367.653296,0.973793735776273,1.00409042246966,2009,3,3,"Spring",0.976599537409116,0.989337825588115,0.387116074562073,0.250653564929962,2,42,41,FALSE,TRUE,TRUE,0.976123454991834
149,1634000,"2009-03-04",360.906714,0.981649608276598,1.00806728592689,2009,3,4,"Spring",0.976599537409116,0.989337825588115,0.387116074562073,0.250653564929962,2,42,41,FALSE,TRUE,TRUE,0.976123454991834
149,1634000,"2009-03-05",355.565353,0.985200161723785,1.00361692544596,2009,3,5,"Spring",0.976599537409116,0.989337825588115,0.387116074562073,0.250653564929962,2,42,41,FALSE,TRUE,TRUE,0.976123454991834
149,1634000,"2009-03-06",349.462613,0.982836516695146,0.997600847908405,2009,3,6,"Spring",0.976599537409116,0.989337825588115,0.387116074562073,0.250653564929962,2,42,41,FALSE,TRUE,TRUE,0.976123454991834
149,1634000,"2009-03-07",342.955288,0.981379052413827,0.99851708370969,2009,3,7,"Spring",0.976599537409116,0.989337825588115,0.387116074562073,0.250653564929962,2,42,41,FALSE,TRUE,TRUE,0.976123454991834
149,1634000,"2009-03-08",336.147608,0.980149948876134,0.998747575124342,2009,3,8,"Spring",0.976599537409116,0.989337825588115,0.387116074562073,0.250653564929962,2,42,41,FALSE,TRUE,TRUE,0.976123454991834
149,1634000,"2009-03-09",328.762432,0.978029961171106,0.997837078186394,2009,3,9,"Spring",0.976599537409116,0.989337825588115,0.387116074562073,0.250653564929962,2,42,41,FALSE,TRUE,TRUE,0.976123454991834
149,1634000,"2009-03-10",321.436237,0.977715838894877,0.999678821417851,2009,3,10,"Spring",0.976599537409116,0.989337825588115,0.387116074562073,0.250653564929962,2,42,41,FALSE,TRUE,TRUE,0.976123454991834
149,1634000,"2009-03-11",314.123744,0.977250564316431,0.999524120853997,2009,3,11,"Spring",0.976599537409116,0.989337825588115,0.387116074562073,0.250653564929962,2,42,41,FALSE,TRUE,TRUE,0.976123454991834
149,1634000,"2009-03-12",306.201743,0.974780636130455,0.997472574305747,2009,3,12,"Spring",0.976599537409116,0.989337825588115,0.387116074562073,0.250653564929962,2,42,41,FALSE,TRUE,TRUE,0.976123454991834
149,1634000,"2009-03-13",297.294035,0.970909022552494,0.996028220674008,2009,3,13,"Spring",0.976599537409116,0.989337825588115,0.387116074562073,0.250653564929962,2,42,41,FALSE,TRUE,TRUE,0.976123454991834
149,1634000,"2009-03-14",287.619874,0.967459283197525,0.996446897417948,2009,3,14,"Spring",0.976599537409116,0.989337825588115,0.387116074562073,0.250653564929962,2,42,41,FALSE,TRUE,TRUE,0.976123454991834
149,1634000,"2009-03-15",277.611268,0.965201966537264,0.997666757971663,2009,3,15,"Spring",0.976599537409116,0.989337825588115,0.387116074562073,0.250653564929962,2,42,41,FALSE,TRUE,TRUE,0.976123454991834
149,1634000,"2009-03-16",273.326255,0.9845647007383,1.02006081097255,2009,3,16,"Spring",0.976599537409116,0.989337825588115,0.387116074562073,0.250653564929962,2,42,41,FALSE,TRUE,TRUE,0.976123454991834
150,1634000,"2009-07-02",518.267472,0.948553558490217,1.01844542355512,2009,7,2,"Summer",0.94024146652902,0.999742977055905,0.373053073883057,1.88350677490234e-05,8,22,15,FALSE,TRUE,TRUE,0.945049927838458
150,1634000,"2009-07-03",494.047127,0.953266708198889,1.00496877552826,2009,7,3,"Summer",0.94024146652902,0.999742977055905,0.373053073883057,1.88350677490234e-05,8,22,15,FALSE,TRUE,TRUE,0.945049927838458
150,1634000,"2009-07-04",466.223166,0.943681565017987,0.989944951293838,2009,7,4,"Summer",0.94024146652902,0.999742977055905,0.373053073883057,1.88350677490234e-05,8,22,15,FALSE,TRUE,TRUE,0.945049927838458
150,1634000,"2009-07-05",440.247036,0.944283914025842,1.00063829688974,2009,7,5,"Summer",0.94024146652902,0.999742977055905,0.373053073883057,1.88350677490234e-05,8,22,15,FALSE,TRUE,TRUE,0.945049927838458
150,1634000,"2009-07-06",414.823668,0.942252040511182,0.997848238771751,2009,7,6,"Summer",0.94024146652902,0.999742977055905,0.373053073883057,1.88350677490234e-05,8,22,15,FALSE,TRUE,TRUE,0.945049927838458
150,1634000,"2009-07-07",391.27871,0.943241044770859,1.00104961753029,2009,7,7,"Summer",0.94024146652902,0.999742977055905,0.373053073883057,1.88350677490234e-05,8,22,15,FALSE,TRUE,TRUE,0.945049927838458
150,1634000,"2009-07-08",370.011094,0.945645864555217,1.00254952834982,2009,7,8,"Summer",0.94024146652902,0.999742977055905,0.373053073883057,1.88350677490234e-05,8,22,15,FALSE,TRUE,TRUE,0.945049927838458
150,1634000,"2009-07-09",349.890147,0.945620692659556,0.999973381266069,2009,7,9,"Summer",0.94024146652902,0.999742977055905,0.373053073883057,1.88350677490234e-05,8,22,15,FALSE,TRUE,TRUE,0.945049927838458
150,1634000,"2009-07-10",330.31034,0.944040130401271,0.998328545186719,2009,7,10,"Summer",0.94024146652902,0.999742977055905,0.373053073883057,1.88350677490234e-05,8,22,15,FALSE,TRUE,TRUE,0.945049927838458
150,1634000,"2009-07-11",311.536312,0.943162457463487,0.99907030124089,2009,7,11,"Summer",0.94024146652902,0.999742977055905,0.373053073883057,1.88350677490234e-05,8,22,15,FALSE,TRUE,TRUE,0.945049927838458
150,1634000,"2009-07-12",293.975961,0.943633052316547,1.00049895418264,2009,7,12,"Summer",0.94024146652902,0.999742977055905,0.373053073883057,1.88350677490234e-05,8,22,15,FALSE,TRUE,TRUE,0.945049927838458
150,1634000,"2009-07-13",278.01888,0.945719776046587,1.00221137202106,2009,7,13,"Summer",0.94024146652902,0.999742977055905,0.373053073883057,1.88350677490234e-05,8,22,15,FALSE,TRUE,TRUE,0.945049927838458
150,1634000,"2009-07-14",263.550001,0.947957207078886,1.00236584989441,2009,7,14,"Summer",0.94024146652902,0.999742977055905,0.373053073883057,1.88350677490234e-05,8,22,15,FALSE,TRUE,TRUE,0.945049927838458
150,1634000,"2009-07-15",250.233535,0.949472715046584,1.0015987092628,2009,7,15,"Summer",0.94024146652902,0.999742977055905,0.373053073883057,1.88350677490234e-05,8,22,15,FALSE,TRUE,TRUE,0.945049927838458
150,1634000,"2009-07-16",237.902365,0.950721353155164,1.00131508582479,2009,7,16,"Summer",0.94024146652902,0.999742977055905,0.373053073883057,1.88350677490234e-05,8,22,15,FALSE,TRUE,TRUE,0.945049927838458
153,1634000,"2010-01-10",723.701838,0.961870565419296,1.00935426268736,2010,1,10,"Winter",0.945882093507123,0.99999731638309,0.806495904922485,3.33786010742188e-06,10,14,5,FALSE,TRUE,TRUE,0.964736036122257
153,1634000,"2010-01-11",698.335696,0.964949457541657,1.0032009422401,2010,1,11,"Winter",0.945882093507123,0.99999731638309,0.806495904922485,3.33786010742188e-06,10,14,5,FALSE,TRUE,TRUE,0.964736036122257
153,1634000,"2010-01-12",673.566791,0.964531520954931,0.99956688240668,2010,1,12,"Winter",0.945882093507123,0.99999731638309,0.806495904922485,3.33786010742188e-06,10,14,5,FALSE,TRUE,TRUE,0.964736036122257
153,1634000,"2010-01-13",649.890455,0.964849312174596,1.00032947727758,2010,1,13,"Winter",0.945882093507123,0.99999731638309,0.806495904922485,3.33786010742188e-06,10,14,5,FALSE,TRUE,TRUE,0.964736036122257
153,1634000,"2010-01-14",626.923029,0.964659542507052,0.999803316782062,2010,1,14,"Winter",0.945882093507123,0.99999731638309,0.806495904922485,3.33786010742188e-06,10,14,5,FALSE,TRUE,TRUE,0.964736036122257
154,1634000,"2010-02-10",1067.918405,0.939954390386068,1.00087180728953,2010,2,10,"Winter",0.976551580027034,0.691657632019177,0.371093273162842,0.100518226623535,5,14,10,FALSE,TRUE,TRUE,0.990387757169599
154,1634000,"2010-02-11",1018.932281,0.954129338186657,1.0150804634199,2010,2,11,"Winter",0.976551580027034,0.691657632019177,0.371093273162842,0.100518226623535,5,14,10,FALSE,TRUE,TRUE,0.990387757169599
154,1634000,"2010-02-12",1001.607208,0.982996835684706,1.0302553294849,2010,2,12,"Winter",0.976551580027034,0.691657632019177,0.371093273162842,0.100518226623535,5,14,10,FALSE,TRUE,TRUE,0.990387757169599
154,1634000,"2010-02-13",1000.756716,0.999150872724151,1.01643345782308,2010,2,13,"Winter",0.976551580027034,0.691657632019177,0.371093273162842,0.100518226623535,5,14,10,FALSE,TRUE,TRUE,0.990387757169599
154,1634000,"2010-02-14",998.519171,0.99776414690581,0.99861209567424,2010,2,14,"Winter",0.976551580027034,0.691657632019177,0.371093273162842,0.100518226623535,5,14,10,FALSE,TRUE,TRUE,0.990387757169599
154,1634000,"2010-02-15",1002.467498,1.00395418246807,1.006203906586,2010,2,15,"Winter",0.976551580027034,0.691657632019177,0.371093273162842,0.100518226623535,5,14,10,FALSE,TRUE,TRUE,0.990387757169599
154,1634000,"2010-02-16",1011.259997,1.00877085692807,1.00479770346507,2010,2,16,"Winter",0.976551580027034,0.691657632019177,0.371093273162842,0.100518226623535,5,14,10,FALSE,TRUE,TRUE,0.990387757169599
154,1634000,"2010-02-17",999.800726,0.988668323641798,0.980072250156502,2010,2,17,"Winter",0.976551580027034,0.691657632019177,0.371093273162842,0.100518226623535,5,14,10,FALSE,TRUE,TRUE,0.990387757169599
154,1634000,"2010-02-18",961.697047,0.961888726414067,0.972913466946036,2010,2,18,"Winter",0.976551580027034,0.691657632019177,0.371093273162842,0.100518226623535,5,14,10,FALSE,TRUE,TRUE,0.990387757169599
154,1634000,"2010-02-19",933.030713,0.970191928851789,1.0086321860416,2010,2,19,"Winter",0.976551580027034,0.691657632019177,0.371093273162842,0.100518226623535,5,14,10,FALSE,TRUE,TRUE,0.990387757169599
155,1634000,"2010-04-12",880.216087,0.961493161540374,1.01128599312408,2010,4,12,"Spring",0.967710573281048,0.969718907949597,0.453662395477295,0.0456322431564331,4,33,30,FALSE,TRUE,TRUE,0.969913837229639
155,1634000,"2010-04-13",849.421127,0.965014318126181,1.00366217538164,2010,4,13,"Spring",0.967710573281048,0.969718907949597,0.453662395477295,0.0456322431564331,4,33,30,FALSE,TRUE,TRUE,0.969913837229639
155,1634000,"2010-04-14",815.472702,0.960033458174157,0.994838563678832,2010,4,14,"Spring",0.967710573281048,0.969718907949597,0.453662395477295,0.0456322431564331,4,33,30,FALSE,TRUE,TRUE,0.969913837229639
155,1634000,"2010-04-15",780.522224,0.957140836334212,0.996986957261421,2010,4,15,"Spring",0.967710573281048,0.969718907949597,0.453662395477295,0.0456322431564331,4,33,30,FALSE,TRUE,TRUE,0.969913837229639
155,1634000,"2010-04-16",746.45927,0.956358764744154,0.999182908553924,2010,4,16,"Spring",0.967710573281048,0.969718907949597,0.453662395477295,0.0456322431564331,4,33,30,FALSE,TRUE,TRUE,0.969913837229639
155,1634000,"2010-04-17",714.031515,0.956557904358265,1.00020822689293,2010,4,17,"Spring",0.967710573281048,0.969718907949597,0.453662395477295,0.0456322431564331,4,33,30,FALSE,TRUE,TRUE,0.969913837229639
155,1634000,"2010-04-18",683.194464,0.95681275916792,1.00026642904574,2010,4,18,"Spring",0.967710573281048,0.969718907949597,0.453662395477295,0.0456322431564331,4,33,30,FALSE,TRUE,TRUE,0.969913837229639
155,1634000,"2010-04-19",653.762606,0.956920233475428,1.00011232532852,2010,4,19,"Spring",0.967710573281048,0.969718907949597,0.453662395477295,0.0456322431564331,4,33,30,FALSE,TRUE,TRUE,0.969913837229639
155,1634000,"2010-04-20",625.632265,0.956971627404459,1.0000537076417,2010,4,20,"Spring",0.967710573281048,0.969718907949597,0.453662395477295,0.0456322431564331,4,33,30,FALSE,TRUE,TRUE,0.969913837229639
155,1634000,"2010-04-21",598.859353,0.957206631598516,1.00024557070171,2010,4,21,"Spring",0.967710573281048,0.969718907949597,0.453662395477295,0.0456322431564331,4,33,30,FALSE,TRUE,TRUE,0.969913837229639
155,1634000,"2010-04-22",573.510692,0.957671762371222,1.00048592514652,2010,4,22,"Spring",0.967710573281048,0.969718907949597,0.453662395477295,0.0456322431564331,4,33,30,FALSE,TRUE,TRUE,0.969913837229639
155,1634000,"2010-04-23",549.590194,0.958291103664376,1.00064671562584,2010,4,23,"Spring",0.967710573281048,0.969718907949597,0.453662395477295,0.0456322431564331,4,33,30,FALSE,TRUE,TRUE,0.969913837229639
155,1634000,"2010-04-24",526.895752,0.95870661040215,1.00043359135464,2010,4,24,"Spring",0.967710573281048,0.969718907949597,0.453662395477295,0.0456322431564331,4,33,30,FALSE,TRUE,TRUE,0.969913837229639
155,1634000,"2010-04-25",505.205777,0.958834409050237,1.00013330318859,2010,4,25,"Spring",0.967710573281048,0.969718907949597,0.453662395477295,0.0456322431564331,4,33,30,FALSE,TRUE,TRUE,0.969913837229639
155,1634000,"2010-04-26",488.108811,0.966158411525844,1.00763844351692,2010,4,26,"Spring",0.967710573281048,0.969718907949597,0.453662395477295,0.0456322431564331,4,33,30,FALSE,TRUE,TRUE,0.969913837229639
155,1634000,"2010-04-27",496.580435,1.01735601531684,1.05299090002243,2010,4,27,"Spring",0.967710573281048,0.969718907949597,0.453662395477295,0.0456322431564331,4,33,30,FALSE,TRUE,TRUE,0.969913837229639
155,1634000,"2010-04-28",507.812598,1.02261902042113,1.0051732186423,2010,4,28,"Spring",0.967710573281048,0.969718907949597,0.453662395477295,0.0456322431564331,4,33,30,FALSE,TRUE,TRUE,0.969913837229639
155,1634000,"2010-04-29",498.369913,0.981405177742361,0.959697754632219,2010,4,29,"Spring",0.967710573281048,0.969718907949597,0.453662395477295,0.0456322431564331,4,33,30,FALSE,TRUE,TRUE,0.969913837229639
155,1634000,"2010-04-30",484.382144,0.971932958561244,0.9903483093467,2010,4,30,"Spring",0.967710573281048,0.969718907949597,0.453662395477295,0.0456322431564331,4,33,30,FALSE,TRUE,TRUE,0.969913837229639
155,1634000,"2010-05-01",466.992433,0.964099190658853,0.991940012082739,2010,5,1,"Spring",0.967710573281048,0.969718907949597,0.453662395477295,0.0456322431564331,4,33,30,FALSE,TRUE,TRUE,0.969913837229639
155,1634000,"2010-05-02",449.141944,0.96177563545232,0.997589921007044,2010,5,2,"Spring",0.967710573281048,0.969718907949597,0.453662395477295,0.0456322431564331,4,33,30,FALSE,TRUE,TRUE,0.969913837229639
155,1634000,"2010-05-03",431.33834,0.96036085198046,0.998528988030358,2010,5,3,"Spring",0.967710573281048,0.969718907949597,0.453662395477295,0.0456322431564331,4,33,30,FALSE,TRUE,TRUE,0.969913837229639
155,1634000,"2010-05-04",431.579379,1.00055881654295,1.04185714617541,2010,5,4,"Spring",0.967710573281048,0.969718907949597,0.453662395477295,0.0456322431564331,4,33,30,FALSE,TRUE,TRUE,0.969913837229639
155,1634000,"2010-05-05",433.276973,1.00393344557827,1.00337274429002,2010,5,5,"Spring",0.967710573281048,0.969718907949597,0.453662395477295,0.0456322431564331,4,33,30,FALSE,TRUE,TRUE,0.969913837229639
155,1634000,"2010-05-06",420.128718,0.969653926196535,0.965854788947698,2010,5,6,"Spring",0.967710573281048,0.969718907949597,0.453662395477295,0.0456322431564331,4,33,30,FALSE,TRUE,TRUE,0.969913837229639
155,1634000,"2010-05-07",405.330361,0.96477661162882,0.994970046079382,2010,5,7,"Spring",0.967710573281048,0.969718907949597,0.453662395477295,0.0456322431564331,4,33,30,FALSE,TRUE,TRUE,0.969913837229639
155,1634000,"2010-05-08",386.078229,0.952502615514657,0.987277887993739,2010,5,8,"Spring",0.967710573281048,0.969718907949597,0.453662395477295,0.0456322431564331,4,33,30,FALSE,TRUE,TRUE,0.969913837229639
155,1634000,"2010-05-09",365.503919,0.946709478922729,0.993917983533517,2010,5,9,"Spring",0.967710573281048,0.969718907949597,0.453662395477295,0.0456322431564331,4,33,30,FALSE,TRUE,TRUE,0.969913837229639
155,1634000,"2010-05-10",344.921246,0.943686860988213,0.996807238121292,2010,5,10,"Spring",0.967710573281048,0.969718907949597,0.453662395477295,0.0456322431564331,4,33,30,FALSE,TRUE,TRUE,0.969913837229639
155,1634000,"2010-05-11",325.177543,0.942758808774569,0.999016567622154,2010,5,11,"Spring",0.967710573281048,0.969718907949597,0.453662395477295,0.0456322431564331,4,33,30,FALSE,TRUE,TRUE,0.969913837229639
156,1634000,"2010-06-03",362.328325,0.952349074092054,0.976916611617734,2010,6,3,"Summer",0.955077905782518,0.989935728229507,0.33213210105896,9.72749112406746e-05,2,27,26,FALSE,TRUE,TRUE,0.960214321283264
156,1634000,"2010-06-04",351.670123,0.970584132499164,1.01914745223488,2010,6,4,"Summer",0.955077905782518,0.989935728229507,0.33213210105896,9.72749112406746e-05,2,27,26,FALSE,TRUE,TRUE,0.960214321283264
156,1634000,"2010-06-05",342.06343,0.972682658060207,1.00216212638428,2010,6,5,"Summer",0.955077905782518,0.989935728229507,0.33213210105896,9.72749112406746e-05,2,27,26,FALSE,TRUE,TRUE,0.960214321283264
156,1634000,"2010-06-06",329.544005,0.963400282222511,0.990456932936166,2010,6,6,"Summer",0.955077905782518,0.989935728229507,0.33213210105896,9.72749112406746e-05,2,27,26,FALSE,TRUE,TRUE,0.960214321283264
156,1634000,"2010-06-07",317.925641,0.964744119681376,1.00139489004068,2010,6,7,"Summer",0.955077905782518,0.989935728229507,0.33213210105896,9.72749112406746e-05,2,27,26,FALSE,TRUE,TRUE,0.960214321283264
156,1634000,"2010-06-08",301.975363,0.949830161701239,0.984541022146823,2010,6,8,"Summer",0.955077905782518,0.989935728229507,0.33213210105896,9.72749112406746e-05,2,27,26,FALSE,TRUE,TRUE,0.960214321283264
156,1634000,"2010-06-09",286.847901,0.949904979499933,1.00007876965979,2010,6,9,"Summer",0.955077905782518,0.989935728229507,0.33213210105896,9.72749112406746e-05,2,27,26,FALSE,TRUE,TRUE,0.960214321283264
156,1634000,"2010-06-10",272.863378,0.951247602122074,1.00141342834401,2010,6,10,"Summer",0.955077905782518,0.989935728229507,0.33213210105896,9.72749112406746e-05,2,27,26,FALSE,TRUE,TRUE,0.960214321283264
156,1634000,"2010-06-11",259.549146,0.951205500358498,0.999955740478628,2010,6,11,"Summer",0.955077905782518,0.989935728229507,0.33213210105896,9.72749112406746e-05,2,27,26,FALSE,TRUE,TRUE,0.960214321283264
156,1634000,"2010-06-12",246.315464,0.94901280854147,0.997694828492684,2010,6,12,"Summer",0.955077905782518,0.989935728229507,0.33213210105896,9.72749112406746e-05,2,27,26,FALSE,TRUE,TRUE,0.960214321283264
156,1634000,"2010-06-13",233.81788,0.949261878255439,1.00026245137234,2010,6,13,"Summer",0.955077905782518,0.989935728229507,0.33213210105896,9.72749112406746e-05,2,27,26,FALSE,TRUE,TRUE,0.960214321283264
156,1634000,"2010-06-14",222.083654,0.949814676277109,1.00058234511923,2010,6,14,"Summer",0.955077905782518,0.989935728229507,0.33213210105896,9.72749112406746e-05,2,27,26,FALSE,TRUE,TRUE,0.960214321283264
156,1634000,"2010-06-15",211.074047,0.950425856195612,1.00064347280977,2010,6,15,"Summer",0.955077905782518,0.989935728229507,0.33213210105896,9.72749112406746e-05,2,27,26,FALSE,TRUE,TRUE,0.960214321283264
156,1634000,"2010-06-16",200.708192,0.950889959484218,1.00048831088252,2010,6,16,"Summer",0.955077905782518,0.989935728229507,0.33213210105896,9.72749112406746e-05,2,27,26,FALSE,TRUE,TRUE,0.960214321283264
156,1634000,"2010-06-17",195.409842,0.973601725235012,1.02388474662527,2010,6,17,"Summer",0.955077905782518,0.989935728229507,0.33213210105896,9.72749112406746e-05,2,27,26,FALSE,TRUE,TRUE,0.960214321283264
156,1634000,"2010-06-18",191.404565,0.979503197182873,1.00606148468609,2010,6,18,"Summer",0.955077905782518,0.989935728229507,0.33213210105896,9.72749112406746e-05,2,27,26,FALSE,TRUE,TRUE,0.960214321283264
156,1634000,"2010-06-19",185.080222,0.966958243655265,0.987192534374887,2010,6,19,"Summer",0.955077905782518,0.989935728229507,0.33213210105896,9.72749112406746e-05,2,27,26,FALSE,TRUE,TRUE,0.960214321283264
156,1634000,"2010-06-20",179.17344,0.968085287902886,1.00116555627403,2010,6,20,"Summer",0.955077905782518,0.989935728229507,0.33213210105896,9.72749112406746e-05,2,27,26,FALSE,TRUE,TRUE,0.960214321283264
156,1634000,"2010-06-21",177.039363,0.988089322837135,1.02066350473891,2010,6,21,"Summer",0.955077905782518,0.989935728229507,0.33213210105896,9.72749112406746e-05,2,27,26,FALSE,TRUE,TRUE,0.960214321283264
156,1634000,"2010-06-22",174.668809,0.986610017343996,0.99850286258646,2010,6,22,"Summer",0.955077905782518,0.989935728229507,0.33213210105896,9.72749112406746e-05,2,27,26,FALSE,TRUE,TRUE,0.960214321283264
156,1634000,"2010-06-23",168.109257,0.96244577358972,0.975507806195474,2010,6,23,"Summer",0.955077905782518,0.989935728229507,0.33213210105896,9.72749112406746e-05,2,27,26,FALSE,TRUE,TRUE,0.960214321283264
156,1634000,"2010-06-24",161.148016,0.958590971584628,0.995994785253497,2010,6,24,"Summer",0.955077905782518,0.989935728229507,0.33213210105896,9.72749112406746e-05,2,27,26,FALSE,TRUE,TRUE,0.960214321283264
156,1634000,"2010-06-25",153.096249,0.950034960405594,0.991074387895714,2010,6,25,"Summer",0.955077905782518,0.989935728229507,0.33213210105896,9.72749112406746e-05,2,27,26,FALSE,TRUE,TRUE,0.960214321283264
156,1634000,"2010-06-26",144.675447,0.944996679833743,0.994696741928634,2010,6,26,"Summer",0.955077905782518,0.989935728229507,0.33213210105896,9.72749112406746e-05,2,27,26,FALSE,TRUE,TRUE,0.960214321283264
156,1634000,"2010-06-27",136.273252,0.941923835908383,0.996748301881971,2010,6,27,"Summer",0.955077905782518,0.989935728229507,0.33213210105896,9.72749112406746e-05,2,27,26,FALSE,TRUE,TRUE,0.960214321283264
156,1634000,"2010-06-28",128.097092,0.940001725356932,0.997959377947371,2010,6,28,"Summer",0.955077905782518,0.989935728229507,0.33213210105896,9.72749112406746e-05,2,27,26,FALSE,TRUE,TRUE,0.960214321283264
158,1634000,"2010-08-28",61.776927,1.00283670155829,1.02081858778657,2010,8,28,"Summer",0.968125787702373,0.94146378788898,0.376796782016754,0.0371604636311531,6,36,31,FALSE,TRUE,TRUE,0.967737678323505
158,1634000,"2010-08-29",61.43689,0.994495728154299,0.991682620519344,2010,8,29,"Summer",0.968125787702373,0.94146378788898,0.376796782016754,0.0371604636311531,6,36,31,FALSE,TRUE,TRUE,0.967737678323505
158,1634000,"2010-08-30",60.140392,0.978897076333128,0.984315013750616,2010,8,30,"Summer",0.968125787702373,0.94146378788898,0.376796782016754,0.0371604636311531,6,36,31,FALSE,TRUE,TRUE,0.967737678323505
158,1634000,"2010-08-31",58.074041,0.965641211650233,0.986458367275393,2010,8,31,"Summer",0.968125787702373,0.94146378788898,0.376796782016754,0.0371604636311531,6,36,31,FALSE,TRUE,TRUE,0.967737678323505
158,1634000,"2010-09-01",55.474179,0.955231942616151,0.989220355439995,2010,9,1,"Fall",0.968125787702373,0.94146378788898,0.376796782016754,0.0371604636311531,6,36,31,FALSE,TRUE,TRUE,0.967737678323505
158,1634000,"2010-09-02",52.622875,0.948601240227458,0.993058542022231,2010,9,2,"Fall",0.968125787702373,0.94146378788898,0.376796782016754,0.0371604636311531,6,36,31,FALSE,TRUE,TRUE,0.967737678323505
158,1634000,"2010-09-03",49.741321,0.945241418299551,0.99645813036561,2010,9,3,"Fall",0.968125787702373,0.94146378788898,0.376796782016754,0.0371604636311531,6,36,31,FALSE,TRUE,TRUE,0.967737678323505
158,1634000,"2010-09-04",46.961223,0.944108882834053,0.998801855860764,2010,9,4,"Fall",0.968125787702373,0.94146378788898,0.376796782016754,0.0371604636311531,6,36,31,FALSE,TRUE,TRUE,0.967737678323505
158,1634000,"2010-09-05",44.346818,0.944328430288112,1.00023254463341,2010,9,5,"Fall",0.968125787702373,0.94146378788898,0.376796782016754,0.0371604636311531,6,36,31,FALSE,TRUE,TRUE,0.967737678323505
158,1634000,"2010-09-06",41.926621,0.945425689843181,1.00116194696662,2010,9,6,"Fall",0.968125787702373,0.94146378788898,0.376796782016754,0.0371604636311531,6,36,31,FALSE,TRUE,TRUE,0.967737678323505
158,1634000,"2010-09-07",39.703366,0.946972712158225,1.00163632354363,2010,9,7,"Fall",0.968125787702373,0.94146378788898,0.376796782016754,0.0371604636311531,6,36,31,FALSE,TRUE,TRUE,0.967737678323505
158,1634000,"2010-09-08",37.663278,0.948616749521942,1.00173609792828,2010,9,8,"Fall",0.968125787702373,0.94146378788898,0.376796782016754,0.0371604636311531,6,36,31,FALSE,TRUE,TRUE,0.967737678323505
158,1634000,"2010-09-09",35.787433,0.950194324561978,1.00166302676063,2010,9,9,"Fall",0.968125787702373,0.94146378788898,0.376796782016754,0.0371604636311531,6,36,31,FALSE,TRUE,TRUE,0.967737678323505
158,1634000,"2010-09-10",34.058471,0.951688012940185,1.00157198200368,2010,9,10,"Fall",0.968125787702373,0.94146378788898,0.376796782016754,0.0371604636311531,6,36,31,FALSE,TRUE,TRUE,0.967737678323505
158,1634000,"2010-09-11",32.46261,0.953143492554319,1.00152936634101,2010,9,11,"Fall",0.968125787702373,0.94146378788898,0.376796782016754,0.0371604636311531,6,36,31,FALSE,TRUE,TRUE,0.967737678323505
158,1634000,"2010-09-12",30.985474,0.954497312446535,1.00142037364027,2010,9,12,"Fall",0.968125787702373,0.94146378788898,0.376796782016754,0.0371604636311531,6,36,31,FALSE,TRUE,TRUE,0.967737678323505
158,1634000,"2010-09-13",32.680998,1.05471996329635,1.1050004536869,2010,9,13,"Fall",0.968125787702373,0.94146378788898,0.376796782016754,0.0371604636311531,6,36,31,FALSE,TRUE,TRUE,0.967737678323505
158,1634000,"2010-09-14",34.333596,1.0505675499873,0.996063018191039,2010,9,14,"Fall",0.968125787702373,0.94146378788898,0.376796782016754,0.0371604636311531,6,36,31,FALSE,TRUE,TRUE,0.967737678323505
158,1634000,"2010-09-15",32.911752,0.958587384787775,0.912447167056853,2010,9,15,"Fall",0.968125787702373,0.94146378788898,0.376796782016754,0.0371604636311531,6,36,31,FALSE,TRUE,TRUE,0.967737678323505
158,1634000,"2010-09-16",31.614699,0.960589974061545,1.00208910455692,2010,9,16,"Fall",0.968125787702373,0.94146378788898,0.376796782016754,0.0371604636311531,6,36,31,FALSE,TRUE,TRUE,0.967737678323505
158,1634000,"2010-09-17",30.244464,0.956658293662704,0.995907014954344,2010,9,17,"Fall",0.968125787702373,0.94146378788898,0.376796782016754,0.0371604636311531,6,36,31,FALSE,TRUE,TRUE,0.967737678323505
158,1634000,"2010-09-18",31.471481,1.04056997009436,1.08771332145189,2010,9,18,"Fall",0.968125787702373,0.94146378788898,0.376796782016754,0.0371604636311531,6,36,31,FALSE,TRUE,TRUE,0.967737678323505
158,1634000,"2010-09-19",32.514337,1.03313654034902,0.992856386443033,2010,9,19,"Fall",0.968125787702373,0.94146378788898,0.376796782016754,0.0371604636311531,6,36,31,FALSE,TRUE,TRUE,0.967737678323505
158,1634000,"2010-09-20",30.867905,0.949362891822152,0.918913284686873,2010,9,20,"Fall",0.968125787702373,0.94146378788898,0.376796782016754,0.0371604636311531,6,36,31,FALSE,TRUE,TRUE,0.967737678323505
158,1634000,"2010-09-21",29.350981,0.950857565487519,1.00157439655399,2010,9,21,"Fall",0.968125787702373,0.94146378788898,0.376796782016754,0.0371604636311531,6,36,31,FALSE,TRUE,TRUE,0.967737678323505
158,1634000,"2010-09-22",27.825106,0.948012810883561,0.99700822214892,2010,9,22,"Fall",0.968125787702373,0.94146378788898,0.376796782016754,0.0371604636311531,6,36,31,FALSE,TRUE,TRUE,0.967737678323505
158,1634000,"2010-09-23",26.34815,0.946920022514919,0.998847285230646,2010,9,23,"Fall",0.968125787702373,0.94146378788898,0.376796782016754,0.0371604636311531,6,36,31,FALSE,TRUE,TRUE,0.967737678323505
158,1634000,"2010-09-24",24.942893,0.946665819042324,0.999731547050912,2010,9,24,"Fall",0.968125787702373,0.94146378788898,0.376796782016754,0.0371604636311531,6,36,31,FALSE,TRUE,TRUE,0.967737678323505
158,1634000,"2010-09-25",23.616136,0.946808215069519,1.00015041847327,2010,9,25,"Fall",0.968125787702373,0.94146378788898,0.376796782016754,0.0371604636311531,6,36,31,FALSE,TRUE,TRUE,0.967737678323505
158,1634000,"2010-09-26",22.368883,0.947186406785598,1.0003994385664,2010,9,26,"Fall",0.968125787702373,0.94146378788898,0.376796782016754,0.0371604636311531,6,36,31,FALSE,TRUE,TRUE,0.967737678323505
158,1634000,"2010-09-27",21.200763,0.947779243156665,1.00062589197524,2010,9,27,"Fall",0.968125787702373,0.94146378788898,0.376796782016754,0.0371604636311531,6,36,31,FALSE,TRUE,TRUE,0.967737678323505
160,1634000,"2010-12-20",353.34211,0.9861553094632,1.01533729123809,2010,12,20,"Winter",0.980753893518076,0.983964632955169,0.309563994407654,0.00409948825836182,6,44,39,FALSE,TRUE,TRUE,0.980260258045864
160,1634000,"2010-12-21",350.49417,0.991939992660371,1.00586589469393,2010,12,21,"Winter",0.980753893518076,0.983964632955169,0.309563994407654,0.00409948825836182,6,44,39,FALSE,TRUE,TRUE,0.980260258045864
160,1634000,"2010-12-22",345.564184,0.985934185438805,0.993945392598338,2010,12,22,"Winter",0.980753893518076,0.983964632955169,0.309563994407654,0.00409948825836182,6,44,39,FALSE,TRUE,TRUE,0.980260258045864
160,1634000,"2010-12-23",338.97901,0.980943702198026,0.994938320108499,2010,12,23,"Winter",0.980753893518076,0.983964632955169,0.309563994407654,0.00409948825836182,6,44,39,FALSE,TRUE,TRUE,0.980260258045864
160,1634000,"2010-12-24",329.971682,0.973428065649256,0.992338360976344,2010,12,24,"Winter",0.980753893518076,0.983964632955169,0.309563994407654,0.00409948825836182,6,44,39,FALSE,TRUE,TRUE,0.980260258045864
160,1634000,"2010-12-25",319.58403,0.968519565263785,0.994957510925887,2010,12,25,"Winter",0.980753893518076,0.983964632955169,0.309563994407654,0.00409948825836182,6,44,39,FALSE,TRUE,TRUE,0.980260258045864
160,1634000,"2010-12-26",308.823432,0.966329362577974,0.997738607701523,2010,12,26,"Winter",0.980753893518076,0.983964632955169,0.309563994407654,0.00409948825836182,6,44,39,FALSE,TRUE,TRUE,0.980260258045864
160,1634000,"2010-12-27",298.38935,0.966213438104658,0.999880036271477,2010,12,27,"Winter",0.980753893518076,0.983964632955169,0.309563994407654,0.00409948825836182,6,44,39,FALSE,TRUE,TRUE,0.980260258045864
160,1634000,"2010-12-28",288.420837,0.966592262760048,1.00039207140001,2010,12,28,"Winter",0.980753893518076,0.983964632955169,0.309563994407654,0.00409948825836182,6,44,39,FALSE,TRUE,TRUE,0.980260258045864
160,1634000,"2010-12-29",279.103728,0.967696130775739,1.00114202033083,2010,12,29,"Winter",0.980753893518076,0.983964632955169,0.309563994407654,0.00409948825836182,6,44,39,FALSE,TRUE,TRUE,0.980260258045864
160,1634000,"2010-12-30",270.675274,0.969801714723065,1.00217587306631,2010,12,30,"Winter",0.980753893518076,0.983964632955169,0.309563994407654,0.00409948825836182,6,44,39,FALSE,TRUE,TRUE,0.980260258045864
160,1634000,"2010-12-31",263.200158,0.972383454574429,1.00266213166276,2010,12,31,"Winter",0.980753893518076,0.983964632955169,0.309563994407654,0.00409948825836182,6,44,39,FALSE,TRUE,TRUE,0.980260258045864
160,1634000,"2011-01-01",256.832745,0.975807715890505,1.00352151334946,2011,1,1,"Winter",0.980753893518076,0.983964632955169,0.309563994407654,0.00409948825836182,6,44,39,FALSE,TRUE,TRUE,0.980260258045864
160,1634000,"2011-01-02",252.775836,0.984204081921096,1.00860452924676,2011,1,2,"Winter",0.980753893518076,0.983964632955169,0.309563994407654,0.00409948825836182,6,44,39,FALSE,TRUE,TRUE,0.980260258045864
160,1634000,"2011-01-03",250.538527,0.991149039261807,1.00705641997253,2011,1,3,"Winter",0.980753893518076,0.983964632955169,0.309563994407654,0.00409948825836182,6,44,39,FALSE,TRUE,TRUE,0.980260258045864
160,1634000,"2011-01-04",248.979495,0.993777276418648,1.00265170731417,2011,1,4,"Winter",0.980753893518076,0.983964632955169,0.309563994407654,0.00409948825836182,6,44,39,FALSE,TRUE,TRUE,0.980260258045864
160,1634000,"2011-01-05",248.084064,0.996403595404513,1.00264276417683,2011,1,5,"Winter",0.980753893518076,0.983964632955169,0.309563994407654,0.00409948825836182,6,44,39,FALSE,TRUE,TRUE,0.980260258045864
160,1634000,"2011-01-06",246.816626,0.994891094657334,0.998482040054697,2011,1,6,"Winter",0.980753893518076,0.983964632955169,0.309563994407654,0.00409948825836182,6,44,39,FALSE,TRUE,TRUE,0.980260258045864
160,1634000,"2011-01-07",244.296891,0.989791064561429,0.994873780534078,2011,1,7,"Winter",0.980753893518076,0.983964632955169,0.309563994407654,0.00409948825836182,6,44,39,FALSE,TRUE,TRUE,0.980260258045864
160,1634000,"2011-01-08",240.457265,0.984282951844852,0.994435075326713,2011,1,8,"Winter",0.980753893518076,0.983964632955169,0.309563994407654,0.00409948825836182,6,44,39,FALSE,TRUE,TRUE,0.980260258045864
160,1634000,"2011-01-09",235.660065,0.980049677434367,0.995699128586398,2011,1,9,"Winter",0.980753893518076,0.983964632955169,0.309563994407654,0.00409948825836182,6,44,39,FALSE,TRUE,TRUE,0.980260258045864
160,1634000,"2011-01-10",230.28061,0.977172818822739,0.997064578788334,2011,1,10,"Winter",0.980753893518076,0.983964632955169,0.309563994407654,0.00409948825836182,6,44,39,FALSE,TRUE,TRUE,0.980260258045864
160,1634000,"2011-01-11",224.592741,0.975300269527686,0.998083707140658,2011,1,11,"Winter",0.980753893518076,0.983964632955169,0.309563994407654,0.00409948825836182,6,44,39,FALSE,TRUE,TRUE,0.980260258045864
160,1634000,"2011-01-12",218.778318,0.974111260345676,0.998780878854277,2011,1,12,"Winter",0.980753893518076,0.983964632955169,0.309563994407654,0.00409948825836182,6,44,39,FALSE,TRUE,TRUE,0.980260258045864
160,1634000,"2011-01-13",213.058634,0.973856257547423,0.999738220048742,2011,1,13,"Winter",0.980753893518076,0.983964632955169,0.309563994407654,0.00409948825836182,6,44,39,FALSE,TRUE,TRUE,0.980260258045864
160,1634000,"2011-01-14",207.460898,0.973726781708363,0.999867048306096,2011,1,14,"Winter",0.980753893518076,0.983964632955169,0.309563994407654,0.00409948825836182,6,44,39,FALSE,TRUE,TRUE,0.980260258045864
160,1634000,"2011-01-15",201.909943,0.973243367528468,0.999503542278003,2011,1,15,"Winter",0.980753893518076,0.983964632955169,0.309563994407654,0.00409948825836182,6,44,39,FALSE,TRUE,TRUE,0.980260258045864
160,1634000,"2011-01-16",196.463914,0.97302743530565,0.999778131318412,2011,1,16,"Winter",0.980753893518076,0.983964632955169,0.309563994407654,0.00409948825836182,6,44,39,FALSE,TRUE,TRUE,0.980260258045864
160,1634000,"2011-01-17",191.140236,0.972902514809921,0.999871616676779,2011,1,17,"Winter",0.980753893518076,0.983964632955169,0.309563994407654,0.00409948825836182,6,44,39,FALSE,TRUE,TRUE,0.980260258045864
160,1634000,"2011-01-18",185.943116,0.972809911148169,0.999904817121611,2011,1,18,"Winter",0.980753893518076,0.983964632955169,0.309563994407654,0.00409948825836182,6,44,39,FALSE,TRUE,TRUE,0.980260258045864
160,1634000,"2011-01-19",182.609713,0.98207299591559,1.00952198848024,2011,1,19,"Winter",0.980753893518076,0.983964632955169,0.309563994407654,0.00409948825836182,6,44,39,FALSE,TRUE,TRUE,0.980260258045864
160,1634000,"2011-01-20",182.98554,1.00205808877209,1.02034990569909,2011,1,20,"Winter",0.980753893518076,0.983964632955169,0.309563994407654,0.00409948825836182,6,44,39,FALSE,TRUE,TRUE,0.980260258045864
160,1634000,"2011-01-21",183.003927,1.00010048334967,0.998046415228461,2011,1,21,"Winter",0.980753893518076,0.983964632955169,0.309563994407654,0.00409948825836182,6,44,39,FALSE,TRUE,TRUE,0.980260258045864
160,1634000,"2011-01-22",181.204675,0.990168232837976,0.990068747413834,2011,1,22,"Winter",0.980753893518076,0.983964632955169,0.309563994407654,0.00409948825836182,6,44,39,FALSE,TRUE,TRUE,0.980260258045864
160,1634000,"2011-01-23",179.354108,0.989787421323429,0.999615407259173,2011,1,23,"Winter",0.980753893518076,0.983964632955169,0.309563994407654,0.00409948825836182,6,44,39,FALSE,TRUE,TRUE,0.980260258045864
160,1634000,"2011-01-24",176.657765,0.984966371665153,0.99512920698484,2011,1,24,"Winter",0.980753893518076,0.983964632955169,0.309563994407654,0.00409948825836182,6,44,39,FALSE,TRUE,TRUE,0.980260258045864
160,1634000,"2011-01-25",173.374713,0.981415750391725,0.996395185281884,2011,1,25,"Winter",0.980753893518076,0.983964632955169,0.309563994407654,0.00409948825836182,6,44,39,FALSE,TRUE,TRUE,0.980260258045864
160,1634000,"2011-01-26",169.674072,0.978655243685969,0.997187219886522,2011,1,26,"Winter",0.980753893518076,0.983964632955169,0.309563994407654,0.00409948825836182,6,44,39,FALSE,TRUE,TRUE,0.980260258045864
160,1634000,"2011-01-27",166.557419,0.981631530597085,1.00304120059676,2011,1,27,"Winter",0.980753893518076,0.983964632955169,0.309563994407654,0.00409948825836182,6,44,39,FALSE,TRUE,TRUE,0.980260258045864
161,1634000,"2011-02-17",341.91057,0.96725132537766,1.00900379746993,2011,2,17,"Winter",0.952996755345608,0.999425494343321,0.5480055809021,3.57627868652344e-06,9,15,7,FALSE,TRUE,TRUE,0.973062558424114
161,1634000,"2011-02-18",332.543707,0.972604347973214,1.00553426235261,2011,2,18,"Winter",0.952996755345608,0.999425494343321,0.5480055809021,3.57627868652344e-06,9,15,7,FALSE,TRUE,TRUE,0.973062558424114
161,1634000,"2011-02-19",324.011286,0.974341956198858,1.00178655198207,2011,2,19,"Winter",0.952996755345608,0.999425494343321,0.5480055809021,3.57627868652344e-06,9,15,7,FALSE,TRUE,TRUE,0.973062558424114
161,1634000,"2011-02-20",315.383036,0.973370526358764,0.999002988802941,2011,2,20,"Winter",0.952996755345608,0.999425494343321,0.5480055809021,3.57627868652344e-06,9,15,7,FALSE,TRUE,TRUE,0.973062558424114
161,1634000,"2011-02-21",306.513417,0.971876676968764,0.99846528187412,2011,2,21,"Winter",0.952996755345608,0.999425494343321,0.5480055809021,3.57627868652344e-06,9,15,7,FALSE,TRUE,TRUE,0.973062558424114
161,1634000,"2011-02-22",297.498089,0.970587493075385,0.998673510822999,2011,2,22,"Winter",0.952996755345608,0.999425494343321,0.5480055809021,3.57627868652344e-06,9,15,7,FALSE,TRUE,TRUE,0.973062558424114
161,1634000,"2011-02-23",290.740963,0.977286825529827,1.00690234780712,2011,2,23,"Winter",0.952996755345608,0.999425494343321,0.5480055809021,3.57627868652344e-06,9,15,7,FALSE,TRUE,TRUE,0.973062558424114
162,1634000,"2011-03-21",900.477455,0.91215682593098,1.02627641457226,2011,3,21,"Spring",0.964413710892311,0.691007685531332,0.444043636322021,0.00476276874542236,5,20,16,FALSE,TRUE,TRUE,0.978973625727029
162,1634000,"2011-03-22",850.843079,0.944879934834126,1.0358744329625,2011,3,22,"Spring",0.964413710892311,0.691007685531332,0.444043636322021,0.00476276874542236,5,20,16,FALSE,TRUE,TRUE,0.978973625727029
162,1634000,"2011-03-23",833.283268,0.97936186891167,1.03649345573583,2011,3,23,"Spring",0.964413710892311,0.691007685531332,0.444043636322021,0.00476276874542236,5,20,16,FALSE,TRUE,TRUE,0.978973625727029
162,1634000,"2011-03-24",814.726859,0.977730971312387,0.998334734431619,2011,3,24,"Spring",0.964413710892311,0.691007685531332,0.444043636322021,0.00476276874542236,5,20,16,FALSE,TRUE,TRUE,0.978973625727029
162,1634000,"2011-03-25",853.188498,1.04720801649673,1.07105947057306,2011,3,25,"Spring",0.964413710892311,0.691007685531332,0.444043636322021,0.00476276874542236,5,20,16,FALSE,TRUE,TRUE,0.978973625727029
162,1634000,"2011-03-26",908.980709,1.06539259627947,1.01736482102531,2011,3,26,"Spring",0.964413710892311,0.691007685531332,0.444043636322021,0.00476276874542236,5,20,16,FALSE,TRUE,TRUE,0.978973625727029
162,1634000,"2011-03-27",920.423805,1.01258893163155,0.950437364749561,2011,3,27,"Spring",0.964413710892311,0.691007685531332,0.444043636322021,0.00476276874542236,5,20,16,FALSE,TRUE,TRUE,0.978973625727029
162,1634000,"2011-03-28",908.159146,0.986674987181584,0.974408228610387,2011,3,28,"Spring",0.964413710892311,0.691007685531332,0.444043636322021,0.00476276874542236,5,20,16,FALSE,TRUE,TRUE,0.978973625727029
162,1634000,"2011-03-29",853.857359,0.940206749842059,0.952904210663878,2011,3,29,"Spring",0.964413710892311,0.691007685531332,0.444043636322021,0.00476276874542236,5,20,16,FALSE,TRUE,TRUE,0.978973625727029
162,1634000,"2011-03-30",791.33601,0.926777759375146,0.985716981430767,2011,3,30,"Spring",0.964413710892311,0.691007685531332,0.444043636322021,0.00476276874542236,5,20,16,FALSE,TRUE,TRUE,0.978973625727029
162,1634000,"2011-03-31",736.851196,0.931148319662592,1.00471586660689,2011,3,31,"Spring",0.964413710892311,0.691007685531332,0.444043636322021,0.00476276874542236,5,20,16,FALSE,TRUE,TRUE,0.978973625727029
162,1634000,"2011-04-01",696.60787,0.945384731383404,1.01528909135117,2011,4,1,"Spring",0.964413710892311,0.691007685531332,0.444043636322021,0.00476276874542236,5,20,16,FALSE,TRUE,TRUE,0.978973625727029
162,1634000,"2011-04-02",680.497367,0.976872924217753,1.03330727881364,2011,4,2,"Spring",0.964413710892311,0.691007685531332,0.444043636322021,0.00476276874542236,5,20,16,FALSE,TRUE,TRUE,0.978973625727029
162,1634000,"2011-04-03",675.966395,0.993341675927454,1.01685864281978,2011,4,3,"Spring",0.964413710892311,0.691007685531332,0.444043636322021,0.00476276874542236,5,20,16,FALSE,TRUE,TRUE,0.978973625727029
162,1634000,"2011-04-04",672.234528,0.994479212239537,1.00114516116624,2011,4,4,"Spring",0.964413710892311,0.691007685531332,0.444043636322021,0.00476276874542236,5,20,16,FALSE,TRUE,TRUE,0.978973625727029
162,1634000,"2011-04-05",667.91121,0.99356873558271,0.999084468890228,2011,4,5,"Spring",0.964413710892311,0.691007685531332,0.444043636322021,0.00476276874542236,5,20,16,FALSE,TRUE,TRUE,0.978973625727029
163,1634000,"2011-06-08",659.925102,0.942781370633281,1.00222834202958,2011,6,8,"Summer",0.95777768307909,0.920693615112616,0.582950592041016,0.043053150177002,9,21,13,FALSE,TRUE,TRUE,0.972149015576787
163,1634000,"2011-06-09",622.484726,0.943265719266427,1.00051374438256,2011,6,9,"Summer",0.95777768307909,0.920693615112616,0.582950592041016,0.043053150177002,9,21,13,FALSE,TRUE,TRUE,0.972149015576787
163,1634000,"2011-06-10",586.555437,0.942280850438088,0.998955894602949,2011,6,10,"Summer",0.95777768307909,0.920693615112616,0.582950592041016,0.043053150177002,9,21,13,FALSE,TRUE,TRUE,0.972149015576787
163,1634000,"2011-06-11",551.565065,0.940346010295358,0.997946641766273,2011,6,11,"Summer",0.95777768307909,0.920693615112616,0.582950592041016,0.043053150177002,9,21,13,FALSE,TRUE,TRUE,0.972149015576787
163,1634000,"2011-06-12",553.217818,1.00299647875632,1.06662491016608,2011,6,12,"Summer",0.95777768307909,0.920693615112616,0.582950592041016,0.043053150177002,9,21,13,FALSE,TRUE,TRUE,0.972149015576787
163,1634000,"2011-06-13",563.524048,1.01862960603341,1.015586422892,2011,6,13,"Summer",0.95777768307909,0.920693615112616,0.582950592041016,0.043053150177002,9,21,13,FALSE,TRUE,TRUE,0.972149015576787
163,1634000,"2011-06-14",555.049745,0.984961949662883,0.96694808773365,2011,6,14,"Summer",0.95777768307909,0.920693615112616,0.582950592041016,0.043053150177002,9,21,13,FALSE,TRUE,TRUE,0.972149015576787
163,1634000,"2011-06-15",547.519797,0.986433742078379,1.00149426322103,2011,6,15,"Summer",0.95777768307909,0.920693615112616,0.582950592041016,0.043053150177002,9,21,13,FALSE,TRUE,TRUE,0.972149015576787
163,1634000,"2011-06-16",527.764288,0.963918183217766,0.977174788432142,2011,6,16,"Summer",0.95777768307909,0.920693615112616,0.582950592041016,0.043053150177002,9,21,13,FALSE,TRUE,TRUE,0.972149015576787
163,1634000,"2011-06-17",502.987126,0.953052598359971,0.988727689707519,2011,6,17,"Summer",0.95777768307909,0.920693615112616,0.582950592041016,0.043053150177002,9,21,13,FALSE,TRUE,TRUE,0.972149015576787
163,1634000,"2011-06-18",479.951955,0.9542032592699,1.00120734250335,2011,6,18,"Summer",0.95777768307909,0.920693615112616,0.582950592041016,0.043053150177002,9,21,13,FALSE,TRUE,TRUE,0.972149015576787
163,1634000,"2011-06-19",456.045865,0.950190660229731,0.9957948172979,2011,6,19,"Summer",0.95777768307909,0.920693615112616,0.582950592041016,0.043053150177002,9,21,13,FALSE,TRUE,TRUE,0.972149015576787
163,1634000,"2011-06-20",443.597677,0.972704087559263,1.02369358937299,2011,6,20,"Summer",0.95777768307909,0.920693615112616,0.582950592041016,0.043053150177002,9,21,13,FALSE,TRUE,TRUE,0.972149015576787
164,1634000,"2011-07-01",405.884198,0.926830576896812,1.00856858829922,2011,7,1,"Summer",0.957351462388065,0.94019301634639,0.488196134567261,0.0200713872909546,5,41,37,FALSE,TRUE,TRUE,0.957092739001422
164,1634000,"2011-07-02",378.527489,0.932599718996698,1.00622459189812,2011,7,2,"Summer",0.957351462388065,0.94019301634639,0.488196134567261,0.0200713872909546,5,41,37,FALSE,TRUE,TRUE,0.957092739001422
164,1634000,"2011-07-03",353.443111,0.93373168731743,1.00121377724835,2011,7,3,"Summer",0.957351462388065,0.94019301634639,0.488196134567261,0.0200713872909546,5,41,37,FALSE,TRUE,TRUE,0.957092739001422
164,1634000,"2011-07-04",330.292396,0.934499458952533,1.00082226151852,2011,7,4,"Summer",0.957351462388065,0.94019301634639,0.488196134567261,0.0200713872909546,5,41,37,FALSE,TRUE,TRUE,0.957092739001422
164,1634000,"2011-07-05",310.89305,0.941266144074355,1.00724097275498,2011,7,5,"Summer",0.957351462388065,0.94019301634639,0.488196134567261,0.0200713872909546,5,41,37,FALSE,TRUE,TRUE,0.957092739001422
164,1634000,"2011-07-06",300.58781,0.9668527810448,1.02718321181689,2011,7,6,"Summer",0.957351462388065,0.94019301634639,0.488196134567261,0.0200713872909546,5,41,37,FALSE,TRUE,TRUE,0.957092739001422
164,1634000,"2011-07-07",296.681327,0.987003854214847,1.02084192502221,2011,7,7,"Summer",0.957351462388065,0.94019301634639,0.488196134567261,0.0200713872909546,5,41,37,FALSE,TRUE,TRUE,0.957092739001422
164,1634000,"2011-07-08",294.29857,0.991968631716414,1.00503015006514,2011,7,8,"Summer",0.957351462388065,0.94019301634639,0.488196134567261,0.0200713872909546,5,41,37,FALSE,TRUE,TRUE,0.957092739001422
164,1634000,"2011-07-09",318.048782,1.08070107849997,1.08945085958013,2011,7,9,"Summer",0.957351462388065,0.94019301634639,0.488196134567261,0.0200713872909546,5,41,37,FALSE,TRUE,TRUE,0.957092739001422
164,1634000,"2011-07-10",343.989178,1.08156106065515,1.00079576320621,2011,7,10,"Summer",0.957351462388065,0.94019301634639,0.488196134567261,0.0200713872909546,5,41,37,FALSE,TRUE,TRUE,0.957092739001422
164,1634000,"2011-07-11",345.348674,1.00395214758762,0.928243613892198,2011,7,11,"Summer",0.957351462388065,0.94019301634639,0.488196134567261,0.0200713872909546,5,41,37,FALSE,TRUE,TRUE,0.957092739001422
164,1634000,"2011-07-12",341.069154,0.987608118049412,0.983720310198568,2011,7,12,"Summer",0.957351462388065,0.94019301634639,0.488196134567261,0.0200713872909546,5,41,37,FALSE,TRUE,TRUE,0.957092739001422
164,1634000,"2011-07-13",328.356995,0.962728499921749,0.974808208161753,2011,7,13,"Summer",0.957351462388065,0.94019301634639,0.488196134567261,0.0200713872909546,5,41,37,FALSE,TRUE,TRUE,0.957092739001422
164,1634000,"2011-07-14",310.387855,0.945275598590491,0.981871419270671,2011,7,14,"Summer",0.957351462388065,0.94019301634639,0.488196134567261,0.0200713872909546,5,41,37,FALSE,TRUE,TRUE,0.957092739001422
164,1634000,"2011-07-15",290.267559,0.935176922434675,0.989316685873543,2011,7,15,"Summer",0.957351462388065,0.94019301634639,0.488196134567261,0.0200713872909546,5,41,37,FALSE,TRUE,TRUE,0.957092739001422
164,1634000,"2011-07-16",270.471481,0.931800584025995,0.996389626040077,2011,7,16,"Summer",0.957351462388065,0.94019301634639,0.488196134567261,0.0200713872909546,5,41,37,FALSE,TRUE,TRUE,0.957092739001422
164,1634000,"2011-07-17",252.328191,0.932919766871835,1.00120109695682,2011,7,17,"Summer",0.957351462388065,0.94019301634639,0.488196134567261,0.0200713872909546,5,41,37,FALSE,TRUE,TRUE,0.957092739001422
164,1634000,"2011-07-18",236.141065,0.9358489198696,1.00313976946548,2011,7,18,"Summer",0.957351462388065,0.94019301634639,0.488196134567261,0.0200713872909546,5,41,37,FALSE,TRUE,TRUE,0.957092739001422
164,1634000,"2011-07-19",221.72026,0.938931396790304,1.00329377622313,2011,7,19,"Summer",0.957351462388065,0.94019301634639,0.488196134567261,0.0200713872909546,5,41,37,FALSE,TRUE,TRUE,0.957092739001422
164,1634000,"2011-07-20",208.738055,0.941447818074902,1.00268009067883,2011,7,20,"Summer",0.957351462388065,0.94019301634639,0.488196134567261,0.0200713872909546,5,41,37,FALSE,TRUE,TRUE,0.957092739001422
164,1634000,"2011-07-21",196.92922,0.943427493372016,1.0021027987522,2011,7,21,"Summer",0.957351462388065,0.94019301634639,0.488196134567261,0.0200713872909546,5,41,37,FALSE,TRUE,TRUE,0.957092739001422
164,1634000,"2011-07-22",186.03349,0.944671847072771,1.00131897120817,2011,7,22,"Summer",0.957351462388065,0.94019301634639,0.488196134567261,0.0200713872909546,5,41,37,FALSE,TRUE,TRUE,0.957092739001422
164,1634000,"2011-07-23",175.794073,0.944959281256294,1.00030426881505,2011,7,23,"Summer",0.957351462388065,0.94019301634639,0.488196134567261,0.0200713872909546,5,41,37,FALSE,TRUE,TRUE,0.957092739001422
164,1634000,"2011-07-24",166.096249,0.944834181070485,0.999867613146629,2011,7,24,"Summer",0.957351462388065,0.94019301634639,0.488196134567261,0.0200713872909546,5,41,37,FALSE,TRUE,TRUE,0.957092739001422
164,1634000,"2011-07-25",156.88249,0.944527591348556,0.999675509493548,2011,7,25,"Summer",0.957351462388065,0.94019301634639,0.488196134567261,0.0200713872909546,5,41,37,FALSE,TRUE,TRUE,0.957092739001422
164,1634000,"2011-07-26",148.88831,0.949043516583654,1.00478114697385,2011,7,26,"Summer",0.957351462388065,0.94019301634639,0.488196134567261,0.0200713872909546,5,41,37,FALSE,TRUE,TRUE,0.957092739001422
164,1634000,"2011-07-27",142.496476,0.957069604725851,1.00845702857872,2011,7,27,"Summer",0.957351462388065,0.94019301634639,0.488196134567261,0.0200713872909546,5,41,37,FALSE,TRUE,TRUE,0.957092739001422
164,1634000,"2011-07-28",136.38822,0.957133985545018,1.00006726869065,2011,7,28,"Summer",0.957351462388065,0.94019301634639,0.488196134567261,0.0200713872909546,5,41,37,FALSE,TRUE,TRUE,0.957092739001422
164,1634000,"2011-07-29",129.802643,0.951714473581369,0.994337770839302,2011,7,29,"Summer",0.957351462388065,0.94019301634639,0.488196134567261,0.0200713872909546,5,41,37,FALSE,TRUE,TRUE,0.957092739001422
164,1634000,"2011-07-30",122.927251,0.947031956814624,0.995079914305469,2011,7,30,"Summer",0.957351462388065,0.94019301634639,0.488196134567261,0.0200713872909546,5,41,37,FALSE,TRUE,TRUE,0.957092739001422
164,1634000,"2011-07-31",115.974444,0.943439660909687,0.996206784914609,2011,7,31,"Summer",0.957351462388065,0.94019301634639,0.488196134567261,0.0200713872909546,5,41,37,FALSE,TRUE,TRUE,0.957092739001422
164,1634000,"2011-08-01",109.194587,0.941540077570883,0.997986534361961,2011,8,1,"Summer",0.957351462388065,0.94019301634639,0.488196134567261,0.0200713872909546,5,41,37,FALSE,TRUE,TRUE,0.957092739001422
164,1634000,"2011-08-02",102.757414,0.941048607107237,0.999478014292377,2011,8,2,"Summer",0.957351462388065,0.94019301634639,0.488196134567261,0.0200713872909546,5,41,37,FALSE,TRUE,TRUE,0.957092739001422
164,1634000,"2011-08-03",96.703339,0.941083813183543,1.00003741153862,2011,8,3,"Summer",0.957351462388065,0.94019301634639,0.488196134567261,0.0200713872909546,5,41,37,FALSE,TRUE,TRUE,0.957092739001422
164,1634000,"2011-08-04",91.383998,0.944993202354678,1.00415413496266,2011,8,4,"Summer",0.957351462388065,0.94019301634639,0.488196134567261,0.0200713872909546,5,41,37,FALSE,TRUE,TRUE,0.957092739001422
164,1634000,"2011-08-05",86.553231,0.947137714416916,1.00226934125758,2011,8,5,"Summer",0.957351462388065,0.94019301634639,0.488196134567261,0.0200713872909546,5,41,37,FALSE,TRUE,TRUE,0.957092739001422
164,1634000,"2011-08-06",81.883822,0.946051592227678,0.998853258430421,2011,8,6,"Summer",0.957351462388065,0.94019301634639,0.488196134567261,0.0200713872909546,5,41,37,FALSE,TRUE,TRUE,0.957092739001422
167,1634000,"2012-06-30",204.22838,0.937128847079682,1.00363785836358,2012,6,30,"Summer",0.958821667735576,0.762687259859019,0.650463104248047,0.000812172889709473,8,24,17,FALSE,TRUE,TRUE,0.973934986996684
167,1634000,"2012-07-01",198.939712,0.974104147523474,1.03945594094026,2012,7,1,"Summer",0.958821667735576,0.762687259859019,0.650463104248047,0.000812172889709473,8,24,17,FALSE,TRUE,TRUE,0.973934986996684
167,1634000,"2012-07-02",194.235414,0.976353147630977,1.0023087881447,2012,7,2,"Summer",0.958821667735576,0.762687259859019,0.650463104248047,0.000812172889709473,8,24,17,FALSE,TRUE,TRUE,0.973934986996684
167,1634000,"2012-07-03",183.383061,0.944127835514074,0.966994204714662,2012,7,3,"Summer",0.958821667735576,0.762687259859019,0.650463104248047,0.000812172889709473,8,24,17,FALSE,TRUE,TRUE,0.973934986996684
167,1634000,"2012-07-04",173.07288,0.94377789887584,0.999629354601071,2012,7,4,"Summer",0.958821667735576,0.762687259859019,0.650463104248047,0.000812172889709473,8,24,17,FALSE,TRUE,TRUE,0.973934986996684
167,1634000,"2012-07-05",163.628807,0.945432970203073,1.00175366612124,2012,7,5,"Summer",0.958821667735576,0.762687259859019,0.650463104248047,0.000812172889709473,8,24,17,FALSE,TRUE,TRUE,0.973934986996684
167,1634000,"2012-07-06",154.888423,0.946584075504505,1.00121754300697,2012,7,6,"Summer",0.958821667735576,0.762687259859019,0.650463104248047,0.000812172889709473,8,24,17,FALSE,TRUE,TRUE,0.973934986996684
167,1634000,"2012-07-07",146.294399,0.944514742719022,0.997813894360752,2012,7,7,"Summer",0.958821667735576,0.762687259859019,0.650463104248047,0.000812172889709473,8,24,17,FALSE,TRUE,TRUE,0.973934986996684
167,1634000,"2012-07-08",138.097836,0.943972133888735,0.999425515764079,2012,7,8,"Summer",0.958821667735576,0.762687259859019,0.650463104248047,0.000812172889709473,8,24,17,FALSE,TRUE,TRUE,0.973934986996684
167,1634000,"2012-07-09",129.856422,0.940321917861189,0.996133131586726,2012,7,9,"Summer",0.958821667735576,0.762687259859019,0.650463104248047,0.000812172889709473,8,24,17,FALSE,TRUE,TRUE,0.973934986996684
167,1634000,"2012-07-10",143.195398,1.10272095745869,1.17270578991383,2012,7,10,"Summer",0.958821667735576,0.762687259859019,0.650463104248047,0.000812172889709473,8,24,17,FALSE,TRUE,TRUE,0.973934986996684
167,1634000,"2012-07-11",157.949897,1.10303752219747,1.00028707601559,2012,7,11,"Summer",0.958821667735576,0.762687259859019,0.650463104248047,0.000812172889709473,8,24,17,FALSE,TRUE,TRUE,0.973934986996684
167,1634000,"2012-07-12",152.746567,0.967057085197086,0.876721839226756,2012,7,12,"Summer",0.958821667735576,0.762687259859019,0.650463104248047,0.000812172889709473,8,24,17,FALSE,TRUE,TRUE,0.973934986996684
167,1634000,"2012-07-13",147.459673,0.965387804755049,0.99827385532086,2012,7,13,"Summer",0.958821667735576,0.762687259859019,0.650463104248047,0.000812172889709473,8,24,17,FALSE,TRUE,TRUE,0.973934986996684
167,1634000,"2012-07-14",139.713449,0.947468864928244,0.981438609708404,2012,7,14,"Summer",0.958821667735576,0.762687259859019,0.650463104248047,0.000812172889709473,8,24,17,FALSE,TRUE,TRUE,0.973934986996684
167,1634000,"2012-07-15",131.207613,0.939119418632347,0.991187629900082,2012,7,15,"Summer",0.958821667735576,0.762687259859019,0.650463104248047,0.000812172889709473,8,24,17,FALSE,TRUE,TRUE,0.973934986996684
167,1634000,"2012-07-16",125.222506,0.954384453286259,1.01625462571751,2012,7,16,"Summer",0.958821667735576,0.762687259859019,0.650463104248047,0.000812172889709473,8,24,17,FALSE,TRUE,TRUE,0.973934986996684
168,1634000,"2012-08-22",378.252945,1.00439478844964,1.02665860994036,2012,8,22,"Summer",0.961669227626454,0.964654145055332,0.471939027309418,0.0139983426779509,2,25,24,FALSE,TRUE,TRUE,0.96130300286625
168,1634000,"2012-08-23",379.606737,1.00357906532625,0.999187846121089,2012,8,23,"Summer",0.961669227626454,0.964654145055332,0.471939027309418,0.0139983426779509,2,25,24,FALSE,TRUE,TRUE,0.96130300286625
168,1634000,"2012-08-24",368.256294,0.970099469019698,0.966639802021314,2012,8,24,"Summer",0.961669227626454,0.964654145055332,0.471939027309418,0.0139983426779509,2,25,24,FALSE,TRUE,TRUE,0.96130300286625
168,1634000,"2012-08-25",348.151727,0.945406046474796,0.974545473599882,2012,8,25,"Summer",0.961669227626454,0.964654145055332,0.471939027309418,0.0139983426779509,2,25,24,FALSE,TRUE,TRUE,0.96130300286625
168,1634000,"2012-08-26",324.663784,0.932535325323835,0.986386038888843,2012,8,26,"Summer",0.961669227626454,0.964654145055332,0.471939027309418,0.0139983426779509,2,25,24,FALSE,TRUE,TRUE,0.96130300286625
168,1634000,"2012-08-27",317.406182,0.977645791253391,1.04837400225444,2012,8,27,"Summer",0.961669227626454,0.964654145055332,0.471939027309418,0.0139983426779509,2,25,24,FALSE,TRUE,TRUE,0.96130300286625
168,1634000,"2012-08-28",313.797633,0.98863113195445,1.0112365243111,2012,8,28,"Summer",0.961669227626454,0.964654145055332,0.471939027309418,0.0139983426779509,2,25,24,FALSE,TRUE,TRUE,0.96130300286625
168,1634000,"2012-08-29",301.151905,0.95970100896204,0.970737192004852,2012,8,29,"Summer",0.961669227626454,0.964654145055332,0.471939027309418,0.0139983426779509,2,25,24,FALSE,TRUE,TRUE,0.96130300286625
168,1634000,"2012-08-30",290.332859,0.964074456045696,1.00455709334763,2012,8,30,"Summer",0.961669227626454,0.964654145055332,0.471939027309418,0.0139983426779509,2,25,24,FALSE,TRUE,TRUE,0.96130300286625
168,1634000,"2012-08-31",276.79262,0.953363050098301,0.988889441183486,2012,8,31,"Summer",0.961669227626454,0.964654145055332,0.471939027309418,0.0139983426779509,2,25,24,FALSE,TRUE,TRUE,0.96130300286625
168,1634000,"2012-09-01",261.978502,0.946479360613011,0.992779571764837,2012,9,1,"Fall",0.961669227626454,0.964654145055332,0.471939027309418,0.0139983426779509,2,25,24,FALSE,TRUE,TRUE,0.96130300286625
168,1634000,"2012-09-02",246.612423,0.941346030751791,0.994576395350137,2012,9,2,"Fall",0.961669227626454,0.964654145055332,0.471939027309418,0.0139983426779509,2,25,24,FALSE,TRUE,TRUE,0.96130300286625
168,1634000,"2012-09-03",232.231886,0.941687702407433,1.00036296074396,2012,9,3,"Fall",0.961669227626454,0.964654145055332,0.471939027309418,0.0139983426779509,2,25,24,FALSE,TRUE,TRUE,0.96130300286625
168,1634000,"2012-09-04",219.108009,0.943488048837531,1.00191182960709,2012,9,4,"Fall",0.961669227626454,0.964654145055332,0.471939027309418,0.0139983426779509,2,25,24,FALSE,TRUE,TRUE,0.96130300286625
168,1634000,"2012-09-05",206.902136,0.94429289437795,1.00085305324366,2012,9,5,"Fall",0.961669227626454,0.964654145055332,0.471939027309418,0.0139983426779509,2,25,24,FALSE,TRUE,TRUE,0.96130300286625
168,1634000,"2012-09-06",195.308671,0.943966431550035,0.999654278000121,2012,9,6,"Fall",0.961669227626454,0.964654145055332,0.471939027309418,0.0139983426779509,2,25,24,FALSE,TRUE,TRUE,0.96130300286625
168,1634000,"2012-09-07",183.85314,0.941346531409248,0.997224583360994,2012,9,7,"Fall",0.961669227626454,0.964654145055332,0.471939027309418,0.0139983426779509,2,25,24,FALSE,TRUE,TRUE,0.96130300286625
168,1634000,"2012-09-08",176.379383,0.959349309998187,1.01912449665267,2012,9,8,"Fall",0.961669227626454,0.964654145055332,0.471939027309418,0.0139983426779509,2,25,24,FALSE,TRUE,TRUE,0.96130300286625
168,1634000,"2012-09-09",183.205974,1.03870401905193,1.08271722116931,2012,9,9,"Fall",0.961669227626454,0.964654145055332,0.471939027309418,0.0139983426779509,2,25,24,FALSE,TRUE,TRUE,0.96130300286625
168,1634000,"2012-09-10",190.878639,1.04187999349847,1.00305763180683,2012,9,10,"Fall",0.961669227626454,0.964654145055332,0.471939027309418,0.0139983426779509,2,25,24,FALSE,TRUE,TRUE,0.96130300286625
168,1634000,"2012-09-11",187.258438,0.981034017117023,0.94159982266563,2012,9,11,"Fall",0.961669227626454,0.964654145055332,0.471939027309418,0.0139983426779509,2,25,24,FALSE,TRUE,TRUE,0.96130300286625
168,1634000,"2012-09-12",180.828309,0.965661739632795,0.984330535724539,2012,9,12,"Fall",0.961669227626454,0.964654145055332,0.471939027309418,0.0139983426779509,2,25,24,FALSE,TRUE,TRUE,0.96130300286625
168,1634000,"2012-09-13",172.202986,0.952301036006481,0.986164199037858,2012,9,13,"Fall",0.961669227626454,0.964654145055332,0.471939027309418,0.0139983426779509,2,25,24,FALSE,TRUE,TRUE,0.96130300286625
168,1634000,"2012-09-14",162.738243,0.945037288726225,0.99237242530921,2012,9,14,"Fall",0.961669227626454,0.964654145055332,0.471939027309418,0.0139983426779509,2,25,24,FALSE,TRUE,TRUE,0.96130300286625
169,1634000,"2012-10-08",329.7913,0.954473180591619,0.975404323656985,2012,10,8,"Fall",0.973588768818835,0.805161595791372,0.36687958240509,0.36687958240509,1,22,22,FALSE,TRUE,TRUE,0.974263536137518
169,1634000,"2012-10-09",310.605944,0.941825766780385,0.986749325105819,2012,10,9,"Fall",0.973588768818835,0.805161595791372,0.36687958240509,0.36687958240509,1,22,22,FALSE,TRUE,TRUE,0.974263536137518
169,1634000,"2012-10-10",291.599262,0.938807732539722,0.996795549296788,2012,10,10,"Fall",0.973588768818835,0.805161595791372,0.36687958240509,0.36687958240509,1,22,22,FALSE,TRUE,TRUE,0.974263536137518
169,1634000,"2012-10-11",274.445464,0.941173383353762,1.0025198458982,2012,10,11,"Fall",0.973588768818835,0.805161595791372,0.36687958240509,0.36687958240509,1,22,22,FALSE,TRUE,TRUE,0.974263536137518
169,1634000,"2012-10-12",259.548149,0.945718487079823,1.00482918854958,2012,10,12,"Fall",0.973588768818835,0.805161595791372,0.36687958240509,0.36687958240509,1,22,22,FALSE,TRUE,TRUE,0.974263536137518
169,1634000,"2012-10-13",246.642622,0.950276944568,1.00482009979762,2012,10,13,"Fall",0.973588768818835,0.805161595791372,0.36687958240509,0.36687958240509,1,22,22,FALSE,TRUE,TRUE,0.974263536137518
169,1634000,"2012-10-14",235.21467,0.953665948296641,1.0035663326865,2012,10,14,"Fall",0.973588768818835,0.805161595791372,0.36687958240509,0.36687958240509,1,22,22,FALSE,TRUE,TRUE,0.974263536137518
169,1634000,"2012-10-15",224.785146,0.955659551336658,1.00209046264426,2012,10,15,"Fall",0.973588768818835,0.805161595791372,0.36687958240509,0.36687958240509,1,22,22,FALSE,TRUE,TRUE,0.974263536137518
169,1634000,"2012-10-16",215.387154,0.958191223186963,1.00264913571655,2012,10,16,"Fall",0.973588768818835,0.805161595791372,0.36687958240509,0.36687958240509,1,22,22,FALSE,TRUE,TRUE,0.974263536137518
169,1634000,"2012-10-17",206.510353,0.958786766828258,1.00062152900891,2012,10,17,"Fall",0.973588768818835,0.805161595791372,0.36687958240509,0.36687958240509,1,22,22,FALSE,TRUE,TRUE,0.974263536137518
169,1634000,"2012-10-18",197.760898,0.957631882019978,0.998795472728415,2012,10,18,"Fall",0.973588768818835,0.805161595791372,0.36687958240509,0.36687958240509,1,22,22,FALSE,TRUE,TRUE,0.974263536137518
169,1634000,"2012-10-19",189.413234,0.957789107531257,1.00016418157565,2012,10,19,"Fall",0.973588768818835,0.805161595791372,0.36687958240509,0.36687958240509,1,22,22,FALSE,TRUE,TRUE,0.974263536137518
169,1634000,"2012-10-20",207.321038,1.09454357344429,1.14278139606904,2012,10,20,"Fall",0.973588768818835,0.805161595791372,0.36687958240509,0.36687958240509,1,22,22,FALSE,TRUE,TRUE,0.974263536137518
169,1634000,"2012-10-21",227.294114,1.09633887709939,1.00164023041079,2012,10,21,"Fall",0.973588768818835,0.805161595791372,0.36687958240509,0.36687958240509,1,22,22,FALSE,TRUE,TRUE,0.974263536137518
169,1634000,"2012-10-22",224.199405,0.986384561634535,0.899707729278228,2012,10,22,"Fall",0.973588768818835,0.805161595791372,0.36687958240509,0.36687958240509,1,22,22,FALSE,TRUE,TRUE,0.974263536137518
169,1634000,"2012-10-23",220.096435,0.981699460799193,0.995250228949673,2012,10,23,"Fall",0.973588768818835,0.805161595791372,0.36687958240509,0.36687958240509,1,22,22,FALSE,TRUE,TRUE,0.974263536137518
169,1634000,"2012-10-24",211.061179,0.958948649031957,0.976825074602043,2012,10,24,"Fall",0.973588768818835,0.805161595791372,0.36687958240509,0.36687958240509,1,22,22,FALSE,TRUE,TRUE,0.974263536137518
169,1634000,"2012-10-25",200.406357,0.949517850461737,0.990165481144647,2012,10,25,"Fall",0.973588768818835,0.805161595791372,0.36687958240509,0.36687958240509,1,22,22,FALSE,TRUE,TRUE,0.974263536137518
169,1634000,"2012-10-26",189.529062,0.945723802563808,0.99600423741788,2012,10,26,"Fall",0.973588768818835,0.805161595791372,0.36687958240509,0.36687958240509,1,22,22,FALSE,TRUE,TRUE,0.974263536137518
169,1634000,"2012-10-27",178.965468,0.94426398839034,0.998456405380185,2012,10,27,"Fall",0.973588768818835,0.805161595791372,0.36687958240509,0.36687958240509,1,22,22,FALSE,TRUE,TRUE,0.974263536137518
169,1634000,"2012-10-28",168.852432,0.943491690810431,0.999182116876843,2012,10,28,"Fall",0.973588768818835,0.805161595791372,0.36687958240509,0.36687958240509,1,22,22,FALSE,TRUE,TRUE,0.974263536137518
169,1634000,"2012-10-29",159.237892,0.943059511277871,0.999541936048013,2012,10,29,"Fall",0.973588768818835,0.805161595791372,0.36687958240509,0.36687958240509,1,22,22,FALSE,TRUE,TRUE,0.974263536137518
170,1634000,"2012-11-22",363.026976,0.947173057541139,1.00479284605696,2012,11,22,"Fall",0.971221773442911,0.963650124045428,0.404670238494873,0.0235269069671631,4,21,18,FALSE,TRUE,TRUE,0.974872797199615
170,1634000,"2012-11-23",345.451069,0.951585121321673,1.00465813902265,2012,11,23,"Fall",0.971221773442911,0.963650124045428,0.404670238494873,0.0235269069671631,4,21,18,FALSE,TRUE,TRUE,0.974872797199615
170,1634000,"2012-11-24",329.969922,0.955185702435907,1.00378377197537,2012,11,24,"Fall",0.971221773442911,0.963650124045428,0.404670238494873,0.0235269069671631,4,21,18,FALSE,TRUE,TRUE,0.974872797199615
170,1634000,"2012-11-25",316.087938,0.957929547287646,1.00287257738966,2012,11,25,"Fall",0.971221773442911,0.963650124045428,0.404670238494873,0.0235269069671631,4,21,18,FALSE,TRUE,TRUE,0.974872797199615
170,1634000,"2012-11-26",303.449098,0.960014798160378,1.00217683114446,2012,11,26,"Fall",0.971221773442911,0.963650124045428,0.404670238494873,0.0235269069671631,4,21,18,FALSE,TRUE,TRUE,0.974872797199615
170,1634000,"2012-11-27",291.819957,0.961676798261565,1.00173122341903,2012,11,27,"Fall",0.971221773442911,0.963650124045428,0.404670238494873,0.0235269069671631,4,21,18,FALSE,TRUE,TRUE,0.974872797199615
170,1634000,"2012-11-28",290.783392,0.996447929707563,1.0361567748217,2012,11,28,"Fall",0.971221773442911,0.963650124045428,0.404670238494873,0.0235269069671631,4,21,18,FALSE,TRUE,TRUE,0.974872797199615
170,1634000,"2012-11-29",293.573251,1.0095942859075,1.01319321944278,2012,11,29,"Fall",0.971221773442911,0.963650124045428,0.404670238494873,0.0235269069671631,4,21,18,FALSE,TRUE,TRUE,0.974872797199615
170,1634000,"2012-11-30",290.210413,0.988545148481528,0.979150894849757,2012,11,30,"Fall",0.971221773442911,0.963650124045428,0.404670238494873,0.0235269069671631,4,21,18,FALSE,TRUE,TRUE,0.974872797199615
170,1634000,"2012-12-01",285.709319,0.984490239500813,0.995898104414408,2012,12,1,"Winter",0.971221773442911,0.963650124045428,0.404670238494873,0.0235269069671631,4,21,18,FALSE,TRUE,TRUE,0.974872797199615
170,1634000,"2012-12-02",278.85101,0.975995501217795,0.99137143473629,2012,12,2,"Winter",0.971221773442911,0.963650124045428,0.404670238494873,0.0235269069671631,4,21,18,FALSE,TRUE,TRUE,0.974872797199615
170,1634000,"2012-12-03",270.907292,0.97151267983573,0.995406924133901,2012,12,3,"Winter",0.971221773442911,0.963650124045428,0.404670238494873,0.0235269069671631,4,21,18,FALSE,TRUE,TRUE,0.974872797199615
170,1634000,"2012-12-04",262.473999,0.968870188256136,0.997280023581328,2012,12,4,"Winter",0.971221773442911,0.963650124045428,0.404670238494873,0.0235269069671631,4,21,18,FALSE,TRUE,TRUE,0.974872797199615
170,1634000,"2012-12-05",253.911702,0.967378494507565,0.998460378111895,2012,12,5,"Winter",0.971221773442911,0.963650124045428,0.404670238494873,0.0235269069671631,4,21,18,FALSE,TRUE,TRUE,0.974872797199615
170,1634000,"2012-12-06",245.352704,0.966291439376039,0.998876287680885,2012,12,6,"Winter",0.971221773442911,0.963650124045428,0.404670238494873,0.0235269069671631,4,21,18,FALSE,TRUE,TRUE,0.974872797199615
170,1634000,"2012-12-07",236.850359,0.965346438570329,0.999022033346046,2012,12,7,"Winter",0.971221773442911,0.963650124045428,0.404670238494873,0.0235269069671631,4,21,18,FALSE,TRUE,TRUE,0.974872797199615
170,1634000,"2012-12-08",228.469442,0.964615139130948,0.999242448710472,2012,12,8,"Winter",0.971221773442911,0.963650124045428,0.404670238494873,0.0235269069671631,4,21,18,FALSE,TRUE,TRUE,0.974872797199615
170,1634000,"2012-12-09",220.307264,0.964274530858267,0.999646897235111,2012,12,9,"Winter",0.971221773442911,0.963650124045428,0.404670238494873,0.0235269069671631,4,21,18,FALSE,TRUE,TRUE,0.974872797199615
171,1634000,"2013-02-13",768.335515,0.939793508324932,1.02205160359803,2013,2,13,"Winter",0.981461677942024,0.819396607125582,1,1,1,14,14,FALSE,TRUE,TRUE,0.980916679702002
171,1634000,"2013-02-14",731.283773,0.951776611549708,1.01275078314399,2013,2,14,"Winter",0.981461677942024,0.819396607125582,1,1,1,14,14,FALSE,TRUE,TRUE,0.980916679702002
171,1634000,"2013-02-15",706.307514,0.965846009549018,1.01478224809118,2013,2,15,"Winter",0.981461677942024,0.819396607125582,1,1,1,14,14,FALSE,TRUE,TRUE,0.980916679702002
171,1634000,"2013-02-16",689.436832,0.976114253826273,1.01063134720829,2013,2,16,"Winter",0.981461677942024,0.819396607125582,1,1,1,14,14,FALSE,TRUE,TRUE,0.980916679702002
171,1634000,"2013-02-17",706.435502,1.02465587739299,1.04972944855219,2013,2,17,"Winter",0.981461677942024,0.819396607125582,1,1,1,14,14,FALSE,TRUE,TRUE,0.980916679702002
171,1634000,"2013-02-18",727.513814,1.02983756045715,1.00505699833328,2013,2,18,"Winter",0.981461677942024,0.819396607125582,1,1,1,14,14,FALSE,TRUE,TRUE,0.980916679702002
171,1634000,"2013-02-19",720.302734,0.990088050754181,0.961402155806668,2013,2,19,"Winter",0.981461677942024,0.819396607125582,1,1,1,14,14,FALSE,TRUE,TRUE,0.980916679702002
171,1634000,"2013-02-20",707.38556,0.982067020725761,0.991898669999794,2013,2,20,"Winter",0.981461677942024,0.819396607125582,1,1,1,14,14,FALSE,TRUE,TRUE,0.980916679702002
171,1634000,"2013-02-21",684.450784,0.967578111150587,0.985246516511198,2013,2,21,"Winter",0.981461677942024,0.819396607125582,1,1,1,14,14,FALSE,TRUE,TRUE,0.980916679702002
171,1634000,"2013-02-22",658.465387,0.962034674212602,0.994270811964325,2013,2,22,"Winter",0.981461677942024,0.819396607125582,1,1,1,14,14,FALSE,TRUE,TRUE,0.980916679702002
171,1634000,"2013-02-23",633.599046,0.962235917800794,1.00020918537927,2013,2,23,"Winter",0.981461677942024,0.819396607125582,1,1,1,14,14,FALSE,TRUE,TRUE,0.980916679702002
171,1634000,"2013-02-24",610.222104,0.96310451831078,1.00090268976029,2013,2,24,"Winter",0.981461677942024,0.819396607125582,1,1,1,14,14,FALSE,TRUE,TRUE,0.980916679702002
171,1634000,"2013-02-25",588.565874,0.964510905360452,1.00146026420075,2013,2,25,"Winter",0.981461677942024,0.819396607125582,1,1,1,14,14,FALSE,TRUE,TRUE,0.980916679702002
171,1634000,"2013-02-26",568.383816,0.965709772021203,1.00124297885497,2013,2,26,"Winter",0.981461677942024,0.819396607125582,1,1,1,14,14,FALSE,TRUE,TRUE,0.980916679702002
172,1634000,"2013-06-25",622.495495,0.926851813334077,1.00057489095933,2013,6,25,"Summer",0.940289692737977,0.983134282563457,0.32471227645874,4.99486923217773e-05,9,26,18,FALSE,TRUE,TRUE,0.953546839637787
172,1634000,"2013-06-26",582.742126,0.936138704104196,1.01001982262592,2013,6,26,"Summer",0.940289692737977,0.983134282563457,0.32471227645874,4.99486923217773e-05,9,26,18,FALSE,TRUE,TRUE,0.953546839637787
172,1634000,"2013-06-27",553.244485,0.949381313476555,1.01414599066816,2013,6,27,"Summer",0.940289692737977,0.983134282563457,0.32471227645874,4.99486923217773e-05,9,26,18,FALSE,TRUE,TRUE,0.953546839637787
172,1634000,"2013-06-28",526.955603,0.952482342413228,1.00326636820491,2013,6,28,"Summer",0.940289692737977,0.983134282563457,0.32471227645874,4.99486923217773e-05,9,26,18,FALSE,TRUE,TRUE,0.953546839637787
172,1634000,"2013-06-29",498.658518,0.946300817680081,0.993510089942995,2013,6,29,"Summer",0.940289692737977,0.983134282563457,0.32471227645874,4.99486923217773e-05,9,26,18,FALSE,TRUE,TRUE,0.953546839637787
172,1634000,"2013-06-30",471.540562,0.945618183544194,0.999278628821689,2013,6,30,"Summer",0.940289692737977,0.983134282563457,0.32471227645874,4.99486923217773e-05,9,26,18,FALSE,TRUE,TRUE,0.953546839637787
172,1634000,"2013-07-01",445.641201,0.945075009262936,0.999425588159459,2013,7,1,"Summer",0.940289692737977,0.983134282563457,0.32471227645874,4.99486923217773e-05,9,26,18,FALSE,TRUE,TRUE,0.953546839637787
172,1634000,"2013-07-02",420.731133,0.944102861351009,0.998971353699549,2013,7,2,"Summer",0.940289692737977,0.983134282563457,0.32471227645874,4.99486923217773e-05,9,26,18,FALSE,TRUE,TRUE,0.953546839637787
172,1634000,"2013-07-03",396.821765,0.943171859354654,0.999013876522922,2013,7,3,"Summer",0.940289692737977,0.983134282563457,0.32471227645874,4.99486923217773e-05,9,26,18,FALSE,TRUE,TRUE,0.953546839637787
172,1634000,"2013-07-04",374.242187,0.943098942670143,0.999922689927835,2013,7,4,"Summer",0.940289692737977,0.983134282563457,0.32471227645874,4.99486923217773e-05,9,26,18,FALSE,TRUE,TRUE,0.953546839637787
172,1634000,"2013-07-05",354.133677,0.94626872464274,1.00336102802069,2013,7,5,"Summer",0.940289692737977,0.983134282563457,0.32471227645874,4.99486923217773e-05,9,26,18,FALSE,TRUE,TRUE,0.953546839637787
172,1634000,"2013-07-06",337.570239,0.953228288988737,1.00735474412792,2013,7,6,"Summer",0.940289692737977,0.983134282563457,0.32471227645874,4.99486923217773e-05,9,26,18,FALSE,TRUE,TRUE,0.953546839637787
172,1634000,"2013-07-07",323.268427,0.957633077956259,1.00462091717,2013,7,7,"Summer",0.940289692737977,0.983134282563457,0.32471227645874,4.99486923217773e-05,9,26,18,FALSE,TRUE,TRUE,0.953546839637787
172,1634000,"2013-07-08",323.53686,1.00083037184451,1.04510839786408,2013,7,8,"Summer",0.940289692737977,0.983134282563457,0.32471227645874,4.99486923217773e-05,9,26,18,FALSE,TRUE,TRUE,0.953546839637787
172,1634000,"2013-07-09",323.037629,0.998456957887271,0.997628555223734,2013,7,9,"Summer",0.940289692737977,0.983134282563457,0.32471227645874,4.99486923217773e-05,9,26,18,FALSE,TRUE,TRUE,0.953546839637787
172,1634000,"2013-07-10",307.134016,0.950768543438015,0.952237886598372,2013,7,10,"Summer",0.940289692737977,0.983134282563457,0.32471227645874,4.99486923217773e-05,9,26,18,FALSE,TRUE,TRUE,0.953546839637787
172,1634000,"2013-07-11",289.79755,0.943554067290287,0.992411953258739,2013,7,11,"Summer",0.940289692737977,0.983134282563457,0.32471227645874,4.99486923217773e-05,9,26,18,FALSE,TRUE,TRUE,0.953546839637787
172,1634000,"2013-07-12",271.920944,0.9383134674534,0.994445893437843,2013,7,12,"Summer",0.940289692737977,0.983134282563457,0.32471227645874,4.99486923217773e-05,9,26,18,FALSE,TRUE,TRUE,0.953546839637787
173,1634000,"2013-08-02",314.654749,0.973293242691101,1.03706676843239,2013,8,2,"Summer",0.955832866446987,0.889331148879859,0.483755826950073,0.00548231601715088,10,26,17,FALSE,TRUE,TRUE,0.972438100195053
173,1634000,"2013-08-03",306.191127,0.973101877448543,0.999803383775655,2013,8,3,"Summer",0.955832866446987,0.889331148879859,0.483755826950073,0.00548231601715088,10,26,17,FALSE,TRUE,TRUE,0.972438100195053
173,1634000,"2013-08-04",289.374326,0.945077438511143,0.971200919876057,2013,8,4,"Summer",0.955832866446987,0.889331148879859,0.483755826950073,0.00548231601715088,10,26,17,FALSE,TRUE,TRUE,0.972438100195053
173,1634000,"2013-08-05",272.064517,0.940181946203479,0.994820009336615,2013,8,5,"Summer",0.955832866446987,0.889331148879859,0.483755826950073,0.00548231601715088,10,26,17,FALSE,TRUE,TRUE,0.972438100195053
173,1634000,"2013-08-06",254.818448,0.936610370252729,0.996201186413787,2013,8,6,"Summer",0.955832866446987,0.889331148879859,0.483755826950073,0.00548231601715088,10,26,17,FALSE,TRUE,TRUE,0.972438100195053
173,1634000,"2013-08-07",247.685945,0.972009471621929,1.03779490649847,2013,8,7,"Summer",0.955832866446987,0.889331148879859,0.483755826950073,0.00548231601715088,10,26,17,FALSE,TRUE,TRUE,0.972438100195053
173,1634000,"2013-08-08",242.679254,0.979786131990654,1.0080006014301,2013,8,8,"Summer",0.955832866446987,0.889331148879859,0.483755826950073,0.00548231601715088,10,26,17,FALSE,TRUE,TRUE,0.972438100195053
173,1634000,"2013-08-09",231.800431,0.955172010706774,0.97487806728406,2013,8,9,"Summer",0.955832866446987,0.889331148879859,0.483755826950073,0.00548231601715088,10,26,17,FALSE,TRUE,TRUE,0.972438100195053
173,1634000,"2013-08-10",221.862005,0.957125075405921,1.00204472563816,2013,8,10,"Summer",0.955832866446987,0.889331148879859,0.483755826950073,0.00548231601715088,10,26,17,FALSE,TRUE,TRUE,0.972438100195053
173,1634000,"2013-08-11",213.873772,0.963994587536518,1.00717723556421,2013,8,11,"Summer",0.955832866446987,0.889331148879859,0.483755826950073,0.00548231601715088,10,26,17,FALSE,TRUE,TRUE,0.972438100195053
173,1634000,"2013-08-12",209.311742,0.978669521010739,1.01522304550664,2013,8,12,"Summer",0.955832866446987,0.889331148879859,0.483755826950073,0.00548231601715088,10,26,17,FALSE,TRUE,TRUE,0.972438100195053
173,1634000,"2013-08-13",208.416298,0.995721960022673,1.01742410348523,2013,8,13,"Summer",0.955832866446987,0.889331148879859,0.483755826950073,0.00548231601715088,10,26,17,FALSE,TRUE,TRUE,0.972438100195053
173,1634000,"2013-08-14",215.948456,1.03613996636674,1.04059165908437,2013,8,14,"Summer",0.955832866446987,0.889331148879859,0.483755826950073,0.00548231601715088,10,26,17,FALSE,TRUE,TRUE,0.972438100195053
173,1634000,"2013-08-15",219.194404,1.01503112390857,0.979627421831639,2013,8,15,"Summer",0.955832866446987,0.889331148879859,0.483755826950073,0.00548231601715088,10,26,17,FALSE,TRUE,TRUE,0.972438100195053
173,1634000,"2013-08-16",211.627701,0.9654794882446,0.951182151466291,2013,8,16,"Summer",0.955832866446987,0.889331148879859,0.483755826950073,0.00548231601715088,10,26,17,FALSE,TRUE,TRUE,0.972438100195053
173,1634000,"2013-08-17",202.100354,0.954980624204768,0.989125751331165,2013,8,17,"Summer",0.955832866446987,0.889331148879859,0.483755826950073,0.00548231601715088,10,26,17,FALSE,TRUE,TRUE,0.972438100195053
173,1634000,"2013-08-18",191.301074,0.946564764552565,0.991187402719075,2013,8,18,"Summer",0.955832866446987,0.889331148879859,0.483755826950073,0.00548231601715088,10,26,17,FALSE,TRUE,TRUE,0.972438100195053
174,1634000,"2013-08-30",457.605514,0.957850453581938,1.05447773393047,2013,8,30,"Summer",0.932954406530568,0.99038639194692,0.31452488899231,0.0210654735565186,2,21,20,FALSE,TRUE,TRUE,0.929906829831389
174,1634000,"2013-08-31",453.897054,0.991895945554537,1.03554364028882,2013,8,31,"Summer",0.932954406530568,0.99038639194692,0.31452488899231,0.0210654735565186,2,21,20,FALSE,TRUE,TRUE,0.929906829831389
174,1634000,"2013-09-01",452.504333,0.996931636837634,1.00507683422406,2013,9,1,"Fall",0.932954406530568,0.99038639194692,0.31452488899231,0.0210654735565186,2,21,20,FALSE,TRUE,TRUE,0.929906829831389
174,1634000,"2013-09-02",440.133987,0.972662480560159,0.975656147943645,2013,9,2,"Fall",0.932954406530568,0.99038639194692,0.31452488899231,0.0210654735565186,2,21,20,FALSE,TRUE,TRUE,0.929906829831389
174,1634000,"2013-09-03",411.266633,0.934412349755667,0.960674816219431,2013,9,3,"Fall",0.932954406530568,0.99038639194692,0.31452488899231,0.0210654735565186,2,21,20,FALSE,TRUE,TRUE,0.929906829831389
174,1634000,"2013-09-04",375.932541,0.914084710100953,0.978245536181078,2013,9,4,"Fall",0.932954406530568,0.99038639194692,0.31452488899231,0.0210654735565186,2,21,20,FALSE,TRUE,TRUE,0.929906829831389
174,1634000,"2013-09-05",341.819645,0.909257932528911,0.994719551132729,2013,9,5,"Fall",0.932954406530568,0.99038639194692,0.31452488899231,0.0210654735565186,2,21,20,FALSE,TRUE,TRUE,0.929906829831389
174,1634000,"2013-09-06",311.62665,0.911669807626183,1.00265257526054,2013,9,6,"Fall",0.932954406530568,0.99038639194692,0.31452488899231,0.0210654735565186,2,21,20,FALSE,TRUE,TRUE,0.929906829831389
174,1634000,"2013-09-07",285.487399,0.91611997561826,1.00488133746983,2013,9,7,"Fall",0.932954406530568,0.99038639194692,0.31452488899231,0.0210654735565186,2,21,20,FALSE,TRUE,TRUE,0.929906829831389
174,1634000,"2013-09-08",262.805709,0.920550994266475,1.00483672309975,2013,9,8,"Fall",0.932954406530568,0.99038639194692,0.31452488899231,0.0210654735565186,2,21,20,FALSE,TRUE,TRUE,0.929906829831389
174,1634000,"2013-09-09",242.869717,0.924141708808921,1.00390061448503,2013,9,9,"Fall",0.932954406530568,0.99038639194692,0.31452488899231,0.0210654735565186,2,21,20,FALSE,TRUE,TRUE,0.929906829831389
174,1634000,"2013-09-10",225.037529,0.926577145062511,1.00263534935213,2013,9,10,"Fall",0.932954406530568,0.99038639194692,0.31452488899231,0.0210654735565186,2,21,20,FALSE,TRUE,TRUE,0.929906829831389
174,1634000,"2013-09-11",208.815225,0.927912894919851,1.00144159594747,2013,9,11,"Fall",0.932954406530568,0.99038639194692,0.31452488899231,0.0210654735565186,2,21,20,FALSE,TRUE,TRUE,0.929906829831389
174,1634000,"2013-09-12",193.923676,0.928685520895327,1.00083264924941,2013,9,12,"Fall",0.932954406530568,0.99038639194692,0.31452488899231,0.0210654735565186,2,21,20,FALSE,TRUE,TRUE,0.929906829831389
174,1634000,"2013-09-13",180.369141,0.930103764122128,1.00152715122061,2013,9,13,"Fall",0.932954406530568,0.99038639194692,0.31452488899231,0.0210654735565186,2,21,20,FALSE,TRUE,TRUE,0.929906829831389
174,1634000,"2013-09-14",168.338322,0.933298906158232,1.00343525331189,2013,9,14,"Fall",0.932954406530568,0.99038639194692,0.31452488899231,0.0210654735565186,2,21,20,FALSE,TRUE,TRUE,0.929906829831389
174,1634000,"2013-09-15",157.8249,0.937545878590854,1.00455049545713,2013,9,15,"Fall",0.932954406530568,0.99038639194692,0.31452488899231,0.0210654735565186,2,21,20,FALSE,TRUE,TRUE,0.929906829831389
174,1634000,"2013-09-16",148.581991,0.941435673331648,1.00414891135423,2013,9,16,"Fall",0.932954406530568,0.99038639194692,0.31452488899231,0.0210654735565186,2,21,20,FALSE,TRUE,TRUE,0.929906829831389
174,1634000,"2013-09-17",140.38315,0.944819416237329,1.00359423697395,2013,9,17,"Fall",0.932954406530568,0.99038639194692,0.31452488899231,0.0210654735565186,2,21,20,FALSE,TRUE,TRUE,0.929906829831389
174,1634000,"2013-09-18",133.070175,0.947907031577508,1.00326794230423,2013,9,18,"Fall",0.932954406530568,0.99038639194692,0.31452488899231,0.0210654735565186,2,21,20,FALSE,TRUE,TRUE,0.929906829831389
175,1634000,"2013-11-02",202.994614,0.969294564462981,1.01054418014263,2013,11,2,"Fall",0.965617895568393,0.937883436760646,0.369209289550781,0,16,38,23,FALSE,TRUE,TRUE,0.972217076006116
175,1634000,"2013-11-03",197.884159,0.974824676875417,1.00570529601133,2013,11,3,"Fall",0.965617895568393,0.937883436760646,0.369209289550781,0,16,38,23,FALSE,TRUE,TRUE,0.972217076006116
175,1634000,"2013-11-04",192.45465,0.97256218472748,0.997679077887945,2013,11,4,"Fall",0.965617895568393,0.937883436760646,0.369209289550781,0,16,38,23,FALSE,TRUE,TRUE,0.972217076006116
175,1634000,"2013-11-05",187.465384,0.974075627686834,1.00155614004238,2013,11,5,"Fall",0.965617895568393,0.937883436760646,0.369209289550781,0,16,38,23,FALSE,TRUE,TRUE,0.972217076006116
175,1634000,"2013-11-06",182.022441,0.970965610376367,0.99680721165578,2013,11,6,"Fall",0.965617895568393,0.937883436760646,0.369209289550781,0,16,38,23,FALSE,TRUE,TRUE,0.972217076006116
175,1634000,"2013-11-07",176.193822,0.967978569191916,0.996923638538246,2013,11,7,"Fall",0.965617895568393,0.937883436760646,0.369209289550781,0,16,38,23,FALSE,TRUE,TRUE,0.972217076006116
175,1634000,"2013-11-08",170.056107,0.965164981777851,0.997093337080372,2013,11,8,"Fall",0.965617895568393,0.937883436760646,0.369209289550781,0,16,38,23,FALSE,TRUE,TRUE,0.972217076006116
175,1634000,"2013-11-09",163.77891,0.963087494411477,0.997847531348943,2013,11,9,"Fall",0.965617895568393,0.937883436760646,0.369209289550781,0,16,38,23,FALSE,TRUE,TRUE,0.972217076006116
175,1634000,"2013-11-10",157.514886,0.961753170783711,0.998614535402538,2013,11,10,"Fall",0.965617895568393,0.937883436760646,0.369209289550781,0,16,38,23,FALSE,TRUE,TRUE,0.972217076006116
175,1634000,"2013-11-11",151.375415,0.96102291563732,0.999240704196695,2013,11,11,"Fall",0.965617895568393,0.937883436760646,0.369209289550781,0,16,38,23,FALSE,TRUE,TRUE,0.972217076006116
175,1634000,"2013-11-12",145.420662,0.960662350620145,0.999624811218018,2013,11,12,"Fall",0.965617895568393,0.937883436760646,0.369209289550781,0,16,38,23,FALSE,TRUE,TRUE,0.972217076006116
175,1634000,"2013-11-13",139.702826,0.960680718122436,1.00001911962333,2013,11,13,"Fall",0.965617895568393,0.937883436760646,0.369209289550781,0,16,38,23,FALSE,TRUE,TRUE,0.972217076006116
175,1634000,"2013-11-14",134.252679,0.960987567996656,1.00031940879882,2013,11,14,"Fall",0.965617895568393,0.937883436760646,0.369209289550781,0,16,38,23,FALSE,TRUE,TRUE,0.972217076006116
175,1634000,"2013-11-15",129.130255,0.961844902923688,1.00089213945693,2013,11,15,"Fall",0.965617895568393,0.937883436760646,0.369209289550781,0,16,38,23,FALSE,TRUE,TRUE,0.972217076006116
175,1634000,"2013-11-16",124.358764,0.963049008150723,1.0012518704662,2013,11,16,"Fall",0.965617895568393,0.937883436760646,0.369209289550781,0,16,38,23,FALSE,TRUE,TRUE,0.972217076006116
175,1634000,"2013-11-17",120.176139,0.96636646372587,1.00344474221672,2013,11,17,"Fall",0.965617895568393,0.937883436760646,0.369209289550781,0,16,38,23,FALSE,TRUE,TRUE,0.972217076006116
175,1634000,"2013-11-18",116.583901,0.970108558738104,1.00387233534347,2013,11,18,"Fall",0.965617895568393,0.937883436760646,0.369209289550781,0,16,38,23,FALSE,TRUE,TRUE,0.972217076006116
175,1634000,"2013-11-19",117.835385,1.01073462106916,1.04187785167457,2013,11,19,"Fall",0.965617895568393,0.937883436760646,0.369209289550781,0,16,38,23,FALSE,TRUE,TRUE,0.972217076006116
175,1634000,"2013-11-20",120.269608,1.0206578270186,1.00981781542116,2013,11,20,"Fall",0.965617895568393,0.937883436760646,0.369209289550781,0,16,38,23,FALSE,TRUE,TRUE,0.972217076006116
175,1634000,"2013-11-21",119.855715,0.996558623521912,0.976388557596152,2013,11,21,"Fall",0.965617895568393,0.937883436760646,0.369209289550781,0,16,38,23,FALSE,TRUE,TRUE,0.972217076006116
175,1634000,"2013-11-22",119.713793,0.998815892925923,1.00226506434316,2013,11,22,"Fall",0.965617895568393,0.937883436760646,0.369209289550781,0,16,38,23,FALSE,TRUE,TRUE,0.972217076006116
175,1634000,"2013-11-23",118.864013,0.992901569829969,0.99407866540987,2013,11,23,"Fall",0.965617895568393,0.937883436760646,0.369209289550781,0,16,38,23,FALSE,TRUE,TRUE,0.972217076006116
175,1634000,"2013-11-24",117.450167,0.988105348588559,0.995169489718672,2013,11,24,"Fall",0.965617895568393,0.937883436760646,0.369209289550781,0,16,38,23,FALSE,TRUE,TRUE,0.972217076006116
177,1634000,"2014-03-09",1123.228517,0.984190661224404,1.01919254973297,2014,3,9,"Spring",0.981010829589881,0.857472864839065,0.566142737865448,0.566142737865448,1,21,21,FALSE,TRUE,TRUE,0.980293256053933
177,1634000,"2014-03-10",1150.414408,1.02420334828447,1.04065542240595,2014,3,10,"Spring",0.981010829589881,0.857472864839065,0.566142737865448,0.566142737865448,1,21,21,FALSE,TRUE,TRUE,0.980293256053933
177,1634000,"2014-03-11",1174.688101,1.0210999556605,0.996969944856001,2014,3,11,"Spring",0.981010829589881,0.857472864839065,0.566142737865448,0.566142737865448,1,21,21,FALSE,TRUE,TRUE,0.980293256053933
177,1634000,"2014-03-12",1167.994453,0.994301765724619,0.973755566448394,2014,3,12,"Spring",0.981010829589881,0.857472864839065,0.566142737865448,0.566142737865448,1,21,21,FALSE,TRUE,TRUE,0.980293256053933
177,1634000,"2014-03-13",1134.444834,0.971275874715134,0.97684215013668,2014,3,13,"Spring",0.981010829589881,0.857472864839065,0.566142737865448,0.566142737865448,1,21,21,FALSE,TRUE,TRUE,0.980293256053933
177,1634000,"2014-03-14",1075.881615,0.948377199803089,0.976424128810199,2014,3,14,"Spring",0.981010829589881,0.857472864839065,0.566142737865448,0.566142737865448,1,21,21,FALSE,TRUE,TRUE,0.980293256053933
177,1634000,"2014-03-15",1012.714517,0.941288058909716,0.992524977514384,2014,3,15,"Spring",0.981010829589881,0.857472864839065,0.566142737865448,0.566142737865448,1,21,21,FALSE,TRUE,TRUE,0.980293256053933
177,1634000,"2014-03-16",957.077985,0.945061978409459,1.00400931411381,2014,3,16,"Spring",0.981010829589881,0.857472864839065,0.566142737865448,0.566142737865448,1,21,21,FALSE,TRUE,TRUE,0.980293256053933
177,1634000,"2014-03-17",910.84829,0.951697044833813,1.00702077384969,2014,3,17,"Spring",0.981010829589881,0.857472864839065,0.566142737865448,0.566142737865448,1,21,21,FALSE,TRUE,TRUE,0.980293256053933
177,1634000,"2014-03-18",890.487371,0.977646201652308,1.0272661945935,2014,3,18,"Spring",0.981010829589881,0.857472864839065,0.566142737865448,0.566142737865448,1,21,21,FALSE,TRUE,TRUE,0.980293256053933
177,1634000,"2014-03-19",884.859781,0.993680325871797,1.01640074312404,2014,3,19,"Spring",0.981010829589881,0.857472864839065,0.566142737865448,0.566142737865448,1,21,21,FALSE,TRUE,TRUE,0.980293256053933
177,1634000,"2014-03-20",891.282311,1.00725824603842,1.01366427392503,2014,3,20,"Spring",0.981010829589881,0.857472864839065,0.566142737865448,0.566142737865448,1,21,21,FALSE,TRUE,TRUE,0.980293256053933
177,1634000,"2014-03-21",920.011418,1.03223345358191,1.02479523760835,2014,3,21,"Spring",0.981010829589881,0.857472864839065,0.566142737865448,0.566142737865448,1,21,21,FALSE,TRUE,TRUE,0.980293256053933
177,1634000,"2014-03-22",939.583004,1.02127319902458,0.989382000244904,2014,3,22,"Spring",0.981010829589881,0.857472864839065,0.566142737865448,0.566142737865448,1,21,21,FALSE,TRUE,TRUE,0.980293256053933
177,1634000,"2014-03-23",938.09966,0.998421274125133,0.977624082447995,2014,3,23,"Spring",0.981010829589881,0.857472864839065,0.566142737865448,0.566142737865448,1,21,21,FALSE,TRUE,TRUE,0.980293256053933
177,1634000,"2014-03-24",918.333205,0.97892925896594,0.980477163633885,2014,3,24,"Spring",0.981010829589881,0.857472864839065,0.566142737865448,0.566142737865448,1,21,21,FALSE,TRUE,TRUE,0.980293256053933
177,1634000,"2014-03-25",882.721906,0.961221810551868,0.981911411624599,2014,3,25,"Spring",0.981010829589881,0.857472864839065,0.566142737865448,0.566142737865448,1,21,21,FALSE,TRUE,TRUE,0.980293256053933
177,1634000,"2014-03-26",841.450602,0.953245406373771,0.991701806918512,2014,3,26,"Spring",0.981010829589881,0.857472864839065,0.566142737865448,0.566142737865448,1,21,21,FALSE,TRUE,TRUE,0.980293256053933
177,1634000,"2014-03-27",806.639433,0.958629575025249,1.0056482502989,2014,3,27,"Spring",0.981010829589881,0.857472864839065,0.566142737865448,0.566142737865448,1,21,21,FALSE,TRUE,TRUE,0.980293256053933
177,1634000,"2014-03-28",779.533918,0.966396987438128,1.00810262129945,2014,3,28,"Spring",0.981010829589881,0.857472864839065,0.566142737865448,0.566142737865448,1,21,21,FALSE,TRUE,TRUE,0.980293256053933
177,1634000,"2014-03-29",761.780962,0.97722619171524,1.01120575127807,2014,3,29,"Spring",0.981010829589881,0.857472864839065,0.566142737865448,0.566142737865448,1,21,21,FALSE,TRUE,TRUE,0.980293256053933
178,1634000,"2014-06-30",287.961442,0.927057252835664,0.991946188859514,2014,6,30,"Summer",0.964460180080379,0.964681519026276,0.944141983985901,0.944141983985901,1,25,25,FALSE,TRUE,TRUE,0.96468372312081
178,1634000,"2014-07-01",266.416205,0.925180132276182,0.997975183783158,2014,7,1,"Summer",0.964460180080379,0.964681519026276,0.944141983985901,0.944141983985901,1,25,25,FALSE,TRUE,TRUE,0.96468372312081
178,1634000,"2014-07-02",247.211944,0.927916318003254,1.00295746269469,2014,7,2,"Summer",0.964460180080379,0.964681519026276,0.944141983985901,0.944141983985901,1,25,25,FALSE,TRUE,TRUE,0.96468372312081
178,1634000,"2014-07-03",234.984512,0.950538668147846,1.02437973091504,2014,7,3,"Summer",0.964460180080379,0.964681519026276,0.944141983985901,0.944141983985901,1,25,25,FALSE,TRUE,TRUE,0.96468372312081
178,1634000,"2014-07-04",238.539663,1.01512929924505,1.06795160813716,2014,7,4,"Summer",0.964460180080379,0.964681519026276,0.944141983985901,0.944141983985901,1,25,25,FALSE,TRUE,TRUE,0.96468372312081
178,1634000,"2014-07-05",243.644173,1.02139899895809,1.00617625726861,2014,7,5,"Summer",0.964460180080379,0.964681519026276,0.944141983985901,0.944141983985901,1,25,25,FALSE,TRUE,TRUE,0.96468372312081
178,1634000,"2014-07-06",241.224734,0.990069785087781,0.969327154322388,2014,7,6,"Summer",0.964460180080379,0.964681519026276,0.944141983985901,0.944141983985901,1,25,25,FALSE,TRUE,TRUE,0.96468372312081
178,1634000,"2014-07-07",238.663666,0.989383062186318,0.999306389396176,2014,7,7,"Summer",0.964460180080379,0.964681519026276,0.944141983985901,0.944141983985901,1,25,25,FALSE,TRUE,TRUE,0.96468372312081
178,1634000,"2014-07-08",233.388465,0.977896924620273,0.988390606222161,2014,7,8,"Summer",0.964460180080379,0.964681519026276,0.944141983985901,0.944141983985901,1,25,25,FALSE,TRUE,TRUE,0.96468372312081
178,1634000,"2014-07-09",225.436202,0.96592692359496,0.987759445066298,2014,7,9,"Summer",0.964460180080379,0.964681519026276,0.944141983985901,0.944141983985901,1,25,25,FALSE,TRUE,TRUE,0.96468372312081
178,1634000,"2014-07-10",215.317971,0.955117097829744,0.988808857584191,2014,7,10,"Summer",0.964460180080379,0.964681519026276,0.944141983985901,0.944141983985901,1,25,25,FALSE,TRUE,TRUE,0.96468372312081
178,1634000,"2014-07-11",207.215105,0.962367906578499,1.00759153905341,2014,7,11,"Summer",0.964460180080379,0.964681519026276,0.944141983985901,0.944141983985901,1,25,25,FALSE,TRUE,TRUE,0.96468372312081
178,1634000,"2014-07-12",199.248613,0.96155448223719,0.999154767801639,2014,7,12,"Summer",0.964460180080379,0.964681519026276,0.944141983985901,0.944141983985901,1,25,25,FALSE,TRUE,TRUE,0.96468372312081
178,1634000,"2014-07-13",189.611648,0.951633465072101,0.989682314056706,2014,7,13,"Summer",0.964460180080379,0.964681519026276,0.944141983985901,0.944141983985901,1,25,25,FALSE,TRUE,TRUE,0.96468372312081
178,1634000,"2014-07-14",180.779694,0.953420825707923,1.00187820279701,2014,7,14,"Summer",0.964460180080379,0.964681519026276,0.944141983985901,0.944141983985901,1,25,25,FALSE,TRUE,TRUE,0.96468372312081
178,1634000,"2014-07-15",174.712077,0.966436401867126,1.01365144940015,2014,7,15,"Summer",0.964460180080379,0.964681519026276,0.944141983985901,0.944141983985901,1,25,25,FALSE,TRUE,TRUE,0.96468372312081
178,1634000,"2014-07-16",168.761042,0.965938044454706,0.999484335015261,2014,7,16,"Summer",0.964460180080379,0.964681519026276,0.944141983985901,0.944141983985901,1,25,25,FALSE,TRUE,TRUE,0.96468372312081
178,1634000,"2014-07-17",160.264406,0.949652858863007,0.983140548521523,2014,7,17,"Summer",0.964460180080379,0.964681519026276,0.944141983985901,0.944141983985901,1,25,25,FALSE,TRUE,TRUE,0.96468372312081
178,1634000,"2014-07-18",152.230759,0.949872543751231,1.00023133178211,2014,7,18,"Summer",0.964460180080379,0.964681519026276,0.944141983985901,0.944141983985901,1,25,25,FALSE,TRUE,TRUE,0.96468372312081
178,1634000,"2014-07-19",144.680748,0.950404168976126,1.00055968058914,2014,7,19,"Summer",0.964460180080379,0.964681519026276,0.944141983985901,0.944141983985901,1,25,25,FALSE,TRUE,TRUE,0.96468372312081
178,1634000,"2014-07-20",137.693916,0.951708626775969,1.00137252954314,2014,7,20,"Summer",0.964460180080379,0.964681519026276,0.944141983985901,0.944141983985901,1,25,25,FALSE,TRUE,TRUE,0.96468372312081
178,1634000,"2014-07-21",131.367297,0.954053024390707,1.00246335648199,2014,7,21,"Summer",0.964460180080379,0.964681519026276,0.944141983985901,0.944141983985901,1,25,25,FALSE,TRUE,TRUE,0.96468372312081
178,1634000,"2014-07-22",125.672595,0.956650535330722,1.00272260647323,2014,7,22,"Summer",0.964460180080379,0.964681519026276,0.944141983985901,0.944141983985901,1,25,25,FALSE,TRUE,TRUE,0.96468372312081
178,1634000,"2014-07-23",120.416817,0.958178805808856,1.00159752221077,2014,7,23,"Summer",0.964460180080379,0.964681519026276,0.944141983985901,0.944141983985901,1,25,25,FALSE,TRUE,TRUE,0.96468372312081
178,1634000,"2014-07-24",117.962059,0.979614491886129,1.02237127971034,2014,7,24,"Summer",0.964460180080379,0.964681519026276,0.944141983985901,0.944141983985901,1,25,25,FALSE,TRUE,TRUE,0.96468372312081
179,1634000,"2014-09-13",103.545664,0.971084242436292,0.980421380756544,2014,9,13,"Fall",0.95229227191247,0.998828389305829,0.322299718856812,0.0668830871582031,15,29,15,FALSE,TRUE,TRUE,0.942029403936178
179,1634000,"2014-09-14",98.982831,0.955934098795291,0.98439873393168,2014,9,14,"Fall",0.95229227191247,0.998828389305829,0.322299718856812,0.0668830871582031,15,29,15,FALSE,TRUE,TRUE,0.942029403936178
179,1634000,"2014-09-15",93.620847,0.945829150916082,0.9894292421497,2014,9,15,"Fall",0.95229227191247,0.998828389305829,0.322299718856812,0.0668830871582031,15,29,15,FALSE,TRUE,TRUE,0.942029403936178
179,1634000,"2014-09-16",88.023257,0.940210004722559,0.994059026211996,2014,9,16,"Fall",0.95229227191247,0.998828389305829,0.322299718856812,0.0668830871582031,15,29,15,FALSE,TRUE,TRUE,0.942029403936178
179,1634000,"2014-09-17",82.517116,0.937446747738498,0.997061021505641,2014,9,17,"Fall",0.95229227191247,0.998828389305829,0.322299718856812,0.0668830871582031,15,29,15,FALSE,TRUE,TRUE,0.942029403936178
179,1634000,"2014-09-18",77.293565,0.936697363490018,0.99920061139442,2014,9,18,"Fall",0.95229227191247,0.998828389305829,0.322299718856812,0.0668830871582031,15,29,15,FALSE,TRUE,TRUE,0.942029403936178
179,1634000,"2014-09-19",72.452799,0.937371681588241,1.00071988896788,2014,9,19,"Fall",0.95229227191247,0.998828389305829,0.322299718856812,0.0668830871582031,15,29,15,FALSE,TRUE,TRUE,0.942029403936178
179,1634000,"2014-09-20",68.022557,0.938853404407468,1.00158072069845,2014,9,20,"Fall",0.95229227191247,0.998828389305829,0.322299718856812,0.0668830871582031,15,29,15,FALSE,TRUE,TRUE,0.942029403936178
179,1634000,"2014-09-21",63.993074,0.940762547341465,1.00203348352899,2014,9,21,"Fall",0.95229227191247,0.998828389305829,0.322299718856812,0.0668830871582031,15,29,15,FALSE,TRUE,TRUE,0.942029403936178
179,1634000,"2014-09-22",60.299688,0.942284597861325,1.00161789021487,2014,9,22,"Fall",0.95229227191247,0.998828389305829,0.322299718856812,0.0668830871582031,15,29,15,FALSE,TRUE,TRUE,0.942029403936178
179,1634000,"2014-09-23",56.904604,0.943696491431266,1.00149837275611,2014,9,23,"Fall",0.95229227191247,0.998828389305829,0.322299718856812,0.0668830871582031,15,29,15,FALSE,TRUE,TRUE,0.942029403936178
179,1634000,"2014-09-24",53.798275,0.945411640154811,1.00181747917802,2014,9,24,"Fall",0.95229227191247,0.998828389305829,0.322299718856812,0.0668830871582031,15,29,15,FALSE,TRUE,TRUE,0.942029403936178
179,1634000,"2014-09-25",50.962382,0.947286544038819,1.00198316141284,2014,9,25,"Fall",0.95229227191247,0.998828389305829,0.322299718856812,0.0668830871582031,15,29,15,FALSE,TRUE,TRUE,0.942029403936178
179,1634000,"2014-09-26",48.37411,0.949212107079296,1.00203271444379,2014,9,26,"Fall",0.95229227191247,0.998828389305829,0.322299718856812,0.0668830871582031,15,29,15,FALSE,TRUE,TRUE,0.942029403936178
179,1634000,"2014-09-27",46.00072,0.950936771756628,1.0018169434044,2014,9,27,"Fall",0.95229227191247,0.998828389305829,0.322299718856812,0.0668830871582031,15,29,15,FALSE,TRUE,TRUE,0.942029403936178
